n,acc,bal_acc,mcc,capture,flips_per_oracle_flip,flip_precision,entry_lag_frac,missed_move_frac,exit_giveback_frac,ls_sharpe,lf_sharpe,bh_sharpe,tf,asset,clf,period
2922,0.7378507871321013,0.7073789055900652,0.4384221015103046,0.1945950398931835,8.235294117647058,0.5642857142857143,0.08196721311475409,0.2261195561770022,0.26612288958580405,0.5116457355740234,0.6654324400474113,0.49635338643830906,1D,BTCUSDT,"STOCK model (accurate, unchanged)",all history
2922,0.7241615331964408,0.6924746768652934,0.407910459922013,0.2071079725817548,2.6470588235294117,0.6666666666666666,0.1781609195402299,0.3607167998794758,0.3034138103406323,0.5861699430789805,0.7029037840299003,0.49635338643830906,1D,BTCUSDT,"STOCK model (calm, unchanged)",all history
2922,0.6906228610540726,0.6810878970474095,0.35929483538919804,0.20087725145719434,4.882352941176471,0.5903614457831325,0.12090680100755667,0.2521425468903036,0.3563776275220979,0.5527541975431088,0.7361007426324797,0.49635338643830906,1D,BTCUSDT,EMA200,all history
2922,0.7084188911704312,0.7127894990708117,0.4167157558647946,0.28819151385119485,5.705882352941177,0.5876288659793815,0.11242603550295859,0.25464182448492,0.2604735564514379,0.8020971810510196,0.9582123525223486,0.49635338643830906,1D,BTCUSDT,EMA cross (stock-tuned),all history
2922,0.7101300479123888,0.7131638676757561,0.4177378017258109,0.2791341044710717,11.058823529411764,0.5478723404255319,0.10650887573964497,0.2127661289452524,0.23192967616722557,0.7392248963653161,0.9079708470779045,0.49635338643830906,1D,BTCUSDT,Price vs EMA (stock-tuned),all history
2922,0.7073921971252567,0.710302114729654,0.4121296168217656,0.14258643022786296,3.9411764705882355,0.6268656716417911,0.07734806629834254,0.2518754670879108,0.2943587745969308,0.3889699102088477,0.6748135814790706,0.49635338643830906,1D,BTCUSDT,SuperTrend (stock-tuned),all history
2922,0.714236824093087,0.7045051552197366,0.4065988010717066,0.04083154882545857,3.411764705882353,0.6206896551724138,0.09183673469387756,0.27299159377055565,0.2802408320913674,0.09587160168651664,0.42176497708174937,0.49635338643830906,1D,BTCUSDT,Online directional-change (stock-tuned),all history
2922,0.6824093086926762,0.6789038761474068,0.35204092050574853,0.21369842699915362,1.4705882352941178,0.8,0.3673469387755102,0.3454151680347208,0.42870602929687257,0.6134223132059115,0.7970041899243931,0.49635338643830906,1D,BTCUSDT,EMA cross (stock calm-tuned),all history
2922,0.7049965776865161,0.7130828238508794,0.41686295462551476,0.2204557033003289,2.5294117647058822,0.6976744186046512,0.12090680100755667,0.27267198688634153,0.2943587745969308,0.6258720527382148,0.8522571199361186,0.49635338643830906,1D,BTCUSDT,SuperTrend (stock calm-tuned),all history
2922,0.6861738535249828,0.6684732175867548,0.3395152718932542,0.14295485997595533,1.5294117647058822,0.8076923076923077,0.32653061224489793,0.3702099265725501,0.3881929320659745,0.40645380703625145,0.6277320356801315,0.49635338643830906,1D,BTCUSDT,Online directional-change (stock calm-tuned),all history
2820,0.7425531914893617,0.706835530585061,0.4376033835289461,0.22223798395475722,7.75,0.5645161290322581,0.08335648791330924,0.25261939669312716,0.2652323597870876,0.5817230508610629,0.7925665577588408,0.6372699870762188,1D,BTCUSDT,"STOCK model (accurate, unchanged)",2019-2026
2820,0.7244680851063829,0.6853931145189385,0.39563370094984046,0.21275151770890322,2.5,0.675,0.2120312794422461,0.38661604752416834,0.3218279844505745,0.5896535734748013,0.7839841664805092,0.6372699870762188,1D,BTCUSDT,"STOCK model (calm, unchanged)",2019-2026
2820,0.6854609929078014,0.670162488472967,0.33787985975114665,0.1721337348246579,5.1875,0.5903614457831325,0.24412686989153345,0.24290371262439553,0.34969166705840665,0.45585818582407267,0.7493150707536433,0.6372699870762188,1D,BTCUSDT,EMA200,2019-2026
2820,0.7046099290780142,0.7065324123091636,0.4024088646160588,0.26992941878899684,5.9375,0.5894736842105263,0.13954635108481261,0.2638167091277378,0.26951825409720065,0.7297130396721033,0.985842734960305,0.6372699870762188,1D,BTCUSDT,EMA cross (stock-tuned),2019-2026
2820,0.7095744680851064,0.7108977424092353,0.41116843920033724,0.26873608391208853,11.1875,0.547486033519553,0.11072570223763858,0.23172895902135066,0.2294100101745036,0.6912704169289887,0.9543458427678834,0.6372699870762188,1D,BTCUSDT,Price vs EMA (stock-tuned),2019-2026
2820,0.6985815602836879,0.6993248147136173,0.38858081233054403,0.11936602725068189,4.125,0.6212121212121212,0.07949035967978352,0.26227372698712614,0.27457561007971654,0.3125029983763128,0.7128025925804583,0.6372699870762188,1D,BTCUSDT,SuperTrend (stock-tuned),2019-2026
2820,0.7340425531914894,0.7293719474708835,0.4503915917175146,0.08566743457758778,3.625,0.6206896551724138,0.09100033456005353,0.2728317903284486,0.2802408320913674,0.2198396261229263,0.6260478382285835,0.6372699870762188,1D,BTCUSDT,Online directional-change (stock-tuned),2019-2026
2820,0.676950354609929,0.6688891782506232,0.3315927274855203,0.18580851225917147,1.5625,0.8,0.36994797919167666,0.39180828101564025,0.4247047835580585,0.5190364268862322,0.8113155977913838,0.6372699870762188,1D,BTCUSDT,EMA cross (stock calm-tuned),2019-2026
2820,0.700354609929078,0.7065270757197992,0.4014642189757869,0.19301567116434973,2.6875,0.6976744186046512,0.1968170368674147,0.2728317903284486,0.2956253895683879,0.5320150974033037,0.8675645946355468,0.6372699870762188,1D,BTCUSDT,SuperTrend (stock calm-tuned),2019-2026
2820,0.7056737588652482,0.6909762543119642,0.3796257939700296,0.1944064676276404,1.5625,0.84,0.3822002173650525,0.36013298233958724,0.3881929320659745,0.5434404468881656,0.8396740946642041,0.6372699870762188,1D,BTCUSDT,Online directional-change (stock calm-tuned),2019-2026
2922,0.7104722792607803,0.6921636431801605,0.4043555509464942,0.18150582747655927,6.823529411764706,0.5775862068965517,0.15053763440860216,0.2259855633033306,0.24013067327901763,0.5126270006935754,0.5729592860182012,0.35692240345515286,1D,ETHUSDT,"STOCK model (accurate, unchanged)",all history
2922,0.6937029431895961,0.676321005803703,0.3685376720602856,0.09433855407684165,2.764705882352941,0.6382978723404256,0.22580645161290322,0.3403493388296604,0.33205523759051014,0.27035053710073126,0.3821358607424262,0.35692240345515286,1D,ETHUSDT,"STOCK model (calm, unchanged)",all history
2922,0.6420260095824778,0.6419096626916168,0.28166672266120824,0.15875168639450998,3.3529411764705883,0.6140350877192983,0.26576576576576577,0.4198019829914911,0.34842116261427025,0.46178787379518604,0.5547835136196076,0.35692240345515286,1D,ETHUSDT,EMA200,all history
2922,0.714236824093087,0.7146646042711025,0.42626353547054036,0.2329493706710774,4.529411764705882,0.5974025974025974,0.14414414414414414,0.2994295292245959,0.291080960013362,0.6797268122810505,0.7376375383429765,0.35692240345515286,1D,ETHUSDT,EMA cross (stock-tuned),all history
2922,0.7214236824093087,0.7224650422522731,0.44160362230384353,0.1904069337303702,11.470588235294118,0.5435897435897435,0.08620689655172414,0.22830970358282998,0.26623721784382975,0.5155539254966617,0.636394544738029,0.35692240345515286,1D,ETHUSDT,Price vs EMA (stock-tuned),all history
2922,0.6909650924024641,0.6959267846398851,0.3887343416934536,0.19107560137090374,3.411764705882353,0.6379310344827587,0.10749185667752444,0.25722809698347443,0.29391268950366145,0.5589812187435751,0.6921750356630201,0.35692240345515286,1D,ETHUSDT,SuperTrend (stock-tuned),all history
2922,0.6718001368925394,0.6690953168789482,0.33661331021777857,0.20502427267838377,2.823529411764706,0.6458333333333334,0.11570247933884298,0.24850271036603871,0.23318504438217388,0.6041356926051858,0.6641007487606587,0.35692240345515286,1D,ETHUSDT,Online directional-change (stock-tuned),all history
2922,0.6632443531827515,0.6639330556689598,0.3253016104458131,0.15771367187696128,1.7058823529411764,0.7241379310344828,0.27205882352941174,0.3818892968343395,0.40274083639741726,0.46712032629624634,0.5539906857501204,0.35692240345515286,1D,ETHUSDT,EMA cross (stock calm-tuned),all history
2922,0.6954140999315537,0.700226803170957,0.3972319350472611,0.16696174940975878,2.411764705882353,0.6829268292682927,0.12704918032786885,0.3403493388296604,0.3263616529988995,0.4912507191984466,0.6290930522130577,0.35692240345515286,1D,ETHUSDT,SuperTrend (stock calm-tuned),all history
2922,0.6697467488021903,0.6627980870598335,0.32657909708971633,0.08169714798759768,1.6470588235294117,0.7857142857142857,0.23778501628664495,0.3618434485269454,0.4078465842290424,0.2379329250309827,0.4076088398753426,0.35692240345515286,1D,ETHUSDT,Online directional-change (stock calm-tuned),all history
2820,0.7095744680851064,0.6859897999603882,0.3934402086982954,0.18442941363788395,6.875,0.5727272727272728,0.1567020419600014,0.23273800553053337,0.23682277076339067,0.5020773072406853,0.6319851129830053,0.4653605040617933,1D,ETHUSDT,"STOCK model (accurate, unchanged)",2019-2026
2820,0.6918439716312057,0.6689536294315706,0.3553778415931809,0.07891275858168836,2.75,0.6363636363636364,0.2334243984448881,0.34131680070375015,0.3243966485096984,0.21569322461017718,0.408766384805501,0.4653605040617933,1D,ETHUSDT,"STOCK model (calm, unchanged)",2019-2026
2820,0.6351063829787233,0.632414834620717,0.26228287613647633,0.14113217799591873,3.5625,0.6140350877192983,0.34362668453577544,0.38529236403923206,0.34815131341096067,0.3927586255374844,0.5647363226920784,0.4653605040617933,1D,ETHUSDT,EMA200,2019-2026
2820,0.7092198581560284,0.7076679788076847,0.41164918380720045,0.2206992066594847,4.75,0.5921052631578947,0.14593570843570844,0.277300715572401,0.2850666463578049,0.6184211651140609,0.7497568453021652,0.4653605040617933,1D,ETHUSDT,EMA cross (stock-tuned),2019-2026
2820,0.7156028368794326,0.7150147306397306,0.42587104293341443,0.18104821686365496,12.0,0.5416666666666666,0.08855799373040753,0.2158966663303034,0.2641871333249679,0.46617289760746844,0.6616091637489594,0.4653605040617933,1D,ETHUSDT,Price vs EMA (stock-tuned),2019-2026
2820,0.701418439716312,0.7095154981184393,0.4140863129137259,0.1860687027595449,3.5,0.625,0.09920047379330768,0.26983181473842494,0.28912751757626604,0.5238195672000614,0.7506328009574131,0.4653605040617933,1D,ETHUSDT,SuperTrend (stock-tuned),2019-2026
2820,0.6900709219858157,0.6906658496732025,0.3770952194878779,0.2540841743675169,3.0,0.6458333333333334,0.11322583250329771,0.23840620697443435,0.2522676549760568,0.7245945916789148,0.8459152319253413,0.4653605040617933,1D,ETHUSDT,Online directional-change (stock-tuned),2019-2026
2820,0.6570921985815603,0.6555320360467419,0.30791380558532,0.1400044500603745,1.8125,0.7241379310344828,0.3064204732172198,0.379239635221977,0.4143912107270915,0.3983440656979253,0.5639292469374702,0.4653605040617933,1D,ETHUSDT,EMA cross (stock calm-tuned),2019-2026
2820,0.6872340425531915,0.6915354525648643,0.378299130544308,0.14189045887779853,2.5,0.675,0.1355966622360065,0.3506379631303027,0.33303773983511065,0.4002003135070098,0.6316482449219123,0.4653605040617933,1D,ETHUSDT,SuperTrend (stock calm-tuned),2019-2026
2820,0.6879432624113475,0.6831024707862943,0.36423208554675646,0.1200981449114133,1.75,0.7857142857142857,0.2291866257903813,0.3613850179789452,0.41601081830788345,0.3405885416221279,0.5675199661087046,0.4653605040617933,1D,ETHUSDT,Online directional-change (stock calm-tuned),2019-2026
2841,0.7465681098204857,0.7091553003110792,0.43978084746155016,0.27195081511872826,6.294117647058823,0.5794392523364486,0.09811320754716982,0.31473696445008353,0.3382479577084371,0.7376284359055792,0.9307952213424632,0.78658587079617,1D,BNBUSDT,"STOCK model (accurate, unchanged)",all history
2841,0.7321365716297078,0.6939658610512882,0.40743990879344266,0.24005284208715974,2.176470588235294,0.6756756756756757,0.20670391061452514,0.2912904775961928,0.28309846007761386,0.6688748503050862,0.8696442105802171,0.78658587079617,1D,BNBUSDT,"STOCK model (calm, unchanged)",all history
2841,0.639563533966913,0.629408949509452,0.2525420084584265,0.08665624851227921,6.764705882352941,0.5652173913043478,0.2702702702702703,0.3146642489683855,0.3590402468291961,0.20971677429101163,0.6188956831363627,0.78658587079617,1D,BNBUSDT,EMA200,all history
2841,0.7138331573389651,0.7119566084390205,0.4124729264597543,0.295525218813448,5.0,0.6,0.12290502793296089,0.2649522889383702,0.24659223129526123,0.8112864387107209,1.0322931203893786,0.78658587079617,1D,BNBUSDT,EMA cross (stock-tuned),all history
2841,0.7043294614572334,0.7048129536571748,0.3975672910256567,0.2615657807250683,11.941176470588236,0.541871921182266,0.10614525139664804,0.23169569695266914,0.2234116496877485,0.678118210533023,0.983599383134576,0.78658587079617,1D,BNBUSDT,Price vs EMA (stock-tuned),all history
2841,0.6589229144667371,0.67943846215203,0.34716019529773423,0.16440643276477518,3.9411764705882355,0.6268656716417911,0.10264900662251655,0.19546258442263081,0.22426386306594223,0.4450987575676277,0.879454775274304,0.78658587079617,1D,BNBUSDT,SuperTrend (stock-tuned),all history
2841,0.7110172474480817,0.7071620004785835,0.403825567184337,0.2720539668035716,2.3529411764705883,0.7,0.2830188679245283,0.2823811616265,0.28186756192797413,0.7587428334629793,1.0163353543627187,0.78658587079617,1D,BNBUSDT,Online directional-change (stock-tuned),all history
2841,0.6722984864484336,0.6703453776820611,0.33068581094045424,0.14110519288992693,1.8235294117647058,0.7096774193548387,0.29245283018867924,0.3163933267059332,0.35269861352915866,0.3902255230575527,0.6987672196288142,0.78658587079617,1D,BNBUSDT,EMA cross (stock calm-tuned),all history
2841,0.6902499120028159,0.6835981494775465,0.3583677216153357,0.2943713199219073,2.0588235294117645,0.7428571428571429,0.18944844124700239,0.31473696445008353,0.3049860385939039,0.8237829854086068,1.0404288555380488,0.78658587079617,1D,BNBUSDT,SuperTrend (stock calm-tuned),all history
2841,0.6518831397395284,0.6586846933078089,0.3065278693378602,0.12473478225191281,1.5294117647058822,0.8076923076923077,0.31512605042016806,0.46885727296551105,0.4116602379088614,0.3452891531680167,0.7228818886576353,0.78658587079617,1D,BNBUSDT,Online directional-change (stock calm-tuned),all history
2820,0.7464539007092199,0.7091949118987939,0.44052062391547303,0.29399857991448486,6.5,0.5769230769230769,0.11330241382945083,0.31821253224221424,0.3216169981511705,0.7931164852968652,0.9485185097832696,0.7633240368249601,1D,BNBUSDT,"STOCK model (accurate, unchanged)",2019-2026
2820,0.7354609929078014,0.6967372736866432,0.4152668190029674,0.24982112749279584,2.25,0.6666666666666666,0.24524384719915446,0.3043943500335396,0.2585351706013108,0.6901862849946957,0.8628326181191835,0.7633240368249601,1D,BNBUSDT,"STOCK model (calm, unchanged)",2019-2026
2820,0.6432624113475177,0.6322148366859144,0.2585972480575995,0.09968084156725779,7.1875,0.5652173913043478,0.24039829302987198,0.32102243942408143,0.35520432312697797,0.24360149038404086,0.6211982349954058,0.7633240368249601,1D,BNBUSDT,EMA200,2019-2026
2820,0.7180851063829787,0.7151841454999135,0.41960821657325253,0.31277168215049855,5.3125,0.6,0.12193638493422237,0.2666196622846133,0.22563589603548773,0.8517248708573382,1.0361408993168157,0.7633240368249601,1D,BNBUSDT,EMA cross (stock-tuned),2019-2026
2820,0.7085106382978723,0.7079610263471331,0.40441720438051965,0.2781258216497593,12.6875,0.541871921182266,0.10274149987050946,0.24339522809122016,0.19786472872540314,0.717091459079257,0.9872646719524604,0.7633240368249601,1D,BNBUSDT,Price vs EMA (stock-tuned),2019-2026
2820,0.6624113475177305,0.6818595390584976,0.3520403775585131,0.18122263306786268,4.125,0.6212121212121212,0.1043971290095823,0.2141154229994408,0.22195808974176015,0.4881033259768679,0.8874578698351665,0.7633240368249601,1D,BNBUSDT,SuperTrend (stock-tuned),2019-2026
2820,0.7099290780141844,0.7067424936608826,0.4030315701912888,0.2662799863969629,2.5,0.7,0.27214006459289475,0.2750050575020053,0.28186756192797413,0.7351898328688844,0.9905947678383519,0.7633240368249601,1D,BNBUSDT,Online directional-change (stock-tuned),2019-2026
2820,0.676241134751773,0.6733031447516633,0.3370458267712618,0.15523036292303072,1.9375,0.7096774193548387,0.2791092979772225,0.3736696681802153,0.3408591763682795,0.4260786040258559,0.7013676801439572,0.7633240368249601,1D,BNBUSDT,EMA cross (stock calm-tuned),2019-2026
2820,0.6943262411347517,0.6867078123459662,0.36526139359489923,0.3115944594907999,2.1875,0.7428571428571429,0.21409358999287056,0.32713163103574416,0.2949016951506387,0.8643699510656648,1.0443071393281635,0.7633240368249601,1D,BNBUSDT,SuperTrend (stock calm-tuned),2019-2026
2820,0.650354609929078,0.6578007909149823,0.30504699015297193,0.11598303790870343,1.625,0.8076923076923077,0.3111943101262852,0.4255249687430933,0.4116602379088614,0.3173469360119931,0.6932385767974917,0.7633240368249601,1D,BNBUSDT,Online directional-change (stock calm-tuned),2019-2026
2663,0.6560270371761172,0.6657563717800059,0.3365956958557884,0.061830815714350784,7.625,0.5655737704918032,0.15,0.31671012766791284,0.290113360238226,0.12241765929890665,0.19713869291667954,0.18654917417256797,1D,XRPUSDT,"STOCK model (accurate, unchanged)",all history
2663,0.6376267367630492,0.6485053884455357,0.3034920033970678,0.04647486556249383,2.625,0.6904761904761905,0.23397435897435898,0.3441746046463975,0.37890868273787087,0.10592460391506724,0.17613542620743722,0.18654917417256797,1D,XRPUSDT,"STOCK model (calm, unchanged)",all history
2663,0.5812992865189636,0.5776388036286747,0.1554189277121313,-0.015796851355680878,7.375,0.5677966101694916,0.19631410256410256,0.31671012766791284,0.39043872885321823,-0.07314316311816102,0.07308477296090905,0.18654917417256797,1D,XRPUSDT,EMA200,all history
2663,0.6203529853548629,0.6161991564922811,0.2330609535295831,-0.006358445518875067,5.625,0.5888888888888889,0.17802482860848617,0.337492642910838,0.3301159190573112,-0.041375328940123614,0.09973790116233501,0.18654917417256797,1D,XRPUSDT,EMA cross (stock-tuned),all history
2663,0.6244836650394292,0.6204610303981084,0.24154604932096374,0.0035658759503772648,13.625,0.536697247706422,0.11530479896238652,0.31150998884227155,0.2848934810961281,-0.05216664352171479,0.09651104200825499,0.18654917417256797,1D,XRPUSDT,Price vs EMA (stock-tuned),all history
2663,0.6917010889973714,0.681078484869154,0.3751800899425775,0.029574680174653326,3.8125,0.6229508196721312,0.10555948590968046,0.2575885877696768,0.21658591981397074,0.057784891169514734,0.1868444782664852,0.18654917417256797,1D,XRPUSDT,SuperTrend (stock-tuned),all history
2663,0.5737889598197522,0.5719908828410978,0.1436368283674915,-0.09563362340509754,4.125,0.6212121212121212,0.06587301587301587,0.21456322183747806,0.2584949730204209,-0.2608371959050925,-0.05336697544215963,0.18654917417256797,1D,XRPUSDT,Online directional-change (stock-tuned),all history
2663,0.5816748028539241,0.5779178887297365,0.15601252363757198,-0.07520692121548977,2.5,0.675,0.26935140882509306,0.47125194113816377,0.5182821113266984,-0.2017501128579995,-0.009653716588156485,0.18654917417256797,1D,XRPUSDT,EMA cross (stock calm-tuned),all history
2663,0.5985730379271498,0.5933903439965442,0.187778523093788,-0.06609681963863986,2.625,0.6904761904761905,0.24088103254769921,0.34063360603141524,0.4417071271459867,-0.1792072060484247,0.004681014180986388,0.18654917417256797,1D,XRPUSDT,SuperTrend (stock calm-tuned),all history
2663,0.6263612467142321,0.6237105813609805,0.2473099957654102,0.04897305759066575,1.875,0.7666666666666667,0.22377622377622378,0.34451953882752606,0.35413689165893114,0.1156152041082457,0.20915378733965345,0.18654917417256797,1D,XRPUSDT,Online directional-change (stock calm-tuned),all history
2821,0.6543778801843319,0.6571042058161947,0.32035844781431455,0.04000823520279006,8.625,0.5579710144927537,0.15,0.31671012766791284,0.290113360238226,0.06036164715067089,0.16152914344006727,0.19403789912013147,1D,XRPUSDT,"STOCK model (accurate, unchanged)",2019-2026
2821,0.6387805742644452,0.6419108356504488,0.2913917280149526,0.012617877611059388,2.875,0.6739130434782609,0.23397435897435898,0.3441746046463975,0.37890868273787087,0.018365986595770833,0.12811606616523244,0.19403789912013147,1D,XRPUSDT,"STOCK model (calm, unchanged)",2019-2026
2821,0.5576036866359447,0.5559138254336795,0.11274630338045169,-0.022866529597822406,7.4375,0.5714285714285714,0.22377622377622378,0.33889578166345546,0.39043872885321823,-0.08747264221462885,0.0693725851081936,0.19403789912013147,1D,XRPUSDT,EMA200,2019-2026
2821,0.6019142148174407,0.6002274025906089,0.20215889447157206,-0.03470952467542145,5.9375,0.5894736842105263,0.19464285714285715,0.337492642910838,0.3301159190573112,-0.10984357623788248,0.05809465480297359,0.19403789912013147,1D,XRPUSDT,EMA cross (stock-tuned),2019-2026
2821,0.6072314781992202,0.6056144447171777,0.21288510525573168,-0.013740459936049462,14.8125,0.5358649789029536,0.15,0.31150998884227155,0.2848934810961281,-0.0968593096426635,0.06942680290833453,0.19403789912013147,1D,XRPUSDT,Price vs EMA (stock-tuned),2019-2026
2821,0.6713931230060263,0.6678126496400592,0.34930313825094716,-0.022983806255710712,4.125,0.6060606060606061,0.08623704804791676,0.2405377195750807,0.22645064640865098,-0.07356343947196567,0.0926347107654468,0.19403789912013147,1D,XRPUSDT,SuperTrend (stock-tuned),2019-2026
2821,0.597660404112017,0.5978002156828818,0.19553405501476875,-0.08836738412848363,4.125,0.6212121212121212,0.06587301587301587,0.21456322183747806,0.2584949730204209,-0.23261749861526781,-0.027183950024152876,0.19403789912013147,1D,XRPUSDT,Online directional-change (stock-tuned),2019-2026
2821,0.5604395604395604,0.5587894295268255,0.11850077824351898,-0.10791715737338846,2.8125,0.6666666666666666,0.2979949874686717,0.47125194113816377,0.5182821113266984,-0.2745118268532537,-0.05165715451790112,0.19403789912013147,1D,XRPUSDT,EMA cross (stock calm-tuned),2019-2026
2821,0.6210563629918469,0.6201941648927822,0.24091567033184164,-0.059026468366052756,2.625,0.6904761904761905,0.24088103254769921,0.34063360603141524,0.4417071271459867,-0.1547780949883903,0.024819890424238832,0.19403789912013147,1D,XRPUSDT,SuperTrend (stock calm-tuned),2019-2026
2821,0.6472881956752925,0.6471047289276617,0.29417424376200185,0.05528026574349342,1.875,0.7666666666666667,0.22377622377622378,0.34451953882752606,0.35413689165893114,0.1263870279530797,0.2181724041334602,0.19403789912013147,1D,XRPUSDT,Online directional-change (stock calm-tuned),2019-2026
2680,0.7167910447761194,0.7375170849277299,0.4623517143280373,0.090807033536669,7.1,0.5633802816901409,0.13978494623655913,0.2334189978343089,0.27948813099192665,0.2553092810494132,0.2767971830597245,0.16138571298218163,1D,ADAUSDT,"STOCK model (accurate, unchanged)",all history
2680,0.6888059701492537,0.710020088806215,0.409323631136002,0.13765826816293597,2.4,0.6875,0.2028985507246377,0.2646639276388563,0.3769372893973372,0.4339740515172526,0.394217730413988,0.16138571298218163,1D,ADAUSDT,"STOCK model (calm, unchanged)",all history
2680,0.6914179104477612,0.6759110190997099,0.34989101420577734,0.22413507696512514,2.9,0.6551724137931034,0.2127659574468085,0.32775748451366743,0.35584360888709654,0.7126917441814936,0.6176843659403107,0.16138571298218163,1D,ADAUSDT,EMA200,all history
2680,0.7541044776119403,0.7449659953873646,0.4850834195053334,0.30766352537735303,3.5,0.6285714285714286,0.12063492063492064,0.2550187756424109,0.28750855612060006,0.9816602316556786,0.8279310307823028,0.16138571298218163,1D,ADAUSDT,EMA cross (stock-tuned),all history
2680,0.7582089552238805,0.7492215882668152,0.4935844816921473,0.2433261591353723,10.3,0.5436893203883495,0.06808510638297872,0.25322985880059545,0.2529425518626126,0.7336238997915037,0.6574246900853616,0.16138571298218163,1D,ADAUSDT,Price vs EMA (stock-tuned),all history
2680,0.7746268656716417,0.7568605279744298,0.5185437135165547,0.15839683734792045,2.8,0.6607142857142857,0.09345794392523364,0.3031029513609853,0.24875064197372992,0.4991051597285542,0.5079280986496126,0.16138571298218163,1D,ADAUSDT,SuperTrend (stock-tuned),all history
2680,0.7272388059701492,0.734325537806378,0.45586794715616336,0.08854984103450157,2.8,0.6607142857142857,0.14285714285714285,0.25322985880059545,0.2529425518626126,0.2720140331675456,0.3047047607972911,0.16138571298218163,1D,ADAUSDT,Online directional-change (stock-tuned),all history
2680,0.7052238805970149,0.6915730880815072,0.3803563879031313,0.16572250497248095,1.3,0.8076923076923077,0.2523364485981308,0.42710091563307956,0.4177595768459562,0.531443238746845,0.47631381850723187,0.16138571298218163,1D,ADAUSDT,EMA cross (stock calm-tuned),all history
2680,0.7335820895522388,0.7422672259742835,0.4711043910460758,0.1831240294576998,1.8,0.75,0.21768707482993196,0.32337343154394044,0.36415309914413807,0.5852420886575475,0.5095763458456662,0.16138571298218163,1D,ADAUSDT,SuperTrend (stock calm-tuned),all history
2680,0.7305970149253731,0.7205248112100733,0.43636116691075805,0.174177014718178,1.3,0.8461538461538461,0.21768707482993196,0.4494998973473057,0.38950112602916304,0.5589592037540679,0.51938288362186,0.16138571298218163,1D,ADAUSDT,Online directional-change (stock calm-tuned),all history
2821,0.7249202410492733,0.7408256381161403,0.47641449334806774,0.09828747976544143,7.3,0.5616438356164384,0.13978494623655913,0.2334189978343089,0.27948813099192665,0.27236537739145056,0.3324153985290757,0.23474224093881566,1D,ADAUSDT,"STOCK model (accurate, unchanged)",2019-2026
2821,0.7022332506203474,0.719599959341456,0.4355796623939727,0.1374511334679727,2.5,0.68,0.2028985507246377,0.2646639276388563,0.3769372893973372,0.42198632564568533,0.4293390803866529,0.23474224093881566,1D,ADAUSDT,"STOCK model (calm, unchanged)",2019-2026
2821,0.6721020914569301,0.6573856452521296,0.3178903966808393,0.18617787896965513,3.45,0.6376811594202898,0.21768707482993196,0.36585380775568954,0.35326399569161104,0.5714145368060531,0.5741792366787348,0.23474224093881566,1D,ADAUSDT,EMA200,2019-2026
2821,0.7447713576745835,0.7365349689408138,0.47319191698731483,0.28657863346612555,3.85,0.6233766233766234,0.12063492063492064,0.2550187756424109,0.26068101286011447,0.8879991342358615,0.805768045494386,0.23474224093881566,1D,ADAUSDT,EMA cross (stock-tuned),2019-2026
2821,0.7490251683800071,0.7409239135508081,0.4819720695493406,0.21271740824401214,11.55,0.5411255411255411,0.06808510638297872,0.25322985880059545,0.2425575122691472,0.6123597552776048,0.6156110495129522,0.23474224093881566,1D,ADAUSDT,Price vs EMA (stock-tuned),2019-2026
2821,0.7731300957107409,0.7606604212930455,0.5278368881913016,0.1527610634160984,3.0,0.65,0.09345794392523364,0.3031029513609853,0.24875064197372992,0.46776987428965455,0.5305280431580012,0.23474224093881566,1D,ADAUSDT,SuperTrend (stock-tuned),2019-2026
2821,0.7408720311946119,0.7486202543855738,0.4895260162818417,0.11202251864018417,2.8,0.6607142857142857,0.14285714285714285,0.25322985880059545,0.2529425518626126,0.339748618505779,0.39410531434442053,0.23474224093881566,1D,ADAUSDT,Online directional-change (stock-tuned),2019-2026
2821,0.6923076923076923,0.680222626272265,0.3622453082160044,0.1667531276748571,1.35,0.8148148148148148,0.3404255319148936,0.42710091563307956,0.4177595768459562,0.5209595311035992,0.5188405693609558,0.23474224093881566,1D,ADAUSDT,EMA cross (stock calm-tuned),2019-2026
2821,0.7444168734491315,0.7526627716058154,0.497492366178924,0.18098933678053117,1.9,0.7368421052631579,0.21768707482993196,0.32337343154394044,0.36415309914413807,0.5631615280519786,0.5364300636956406,0.23474224093881566,1D,ADAUSDT,SuperTrend (stock calm-tuned),2019-2026
2821,0.7440623892236795,0.7400391753368591,0.4766809567002627,0.1954445261692527,1.3,0.8461538461538461,0.21768707482993196,0.4494998973473057,0.38950112602916304,0.6121977857913207,0.5943745531461389,0.23474224093881566,1D,ADAUSDT,Online directional-change (stock calm-tuned),2019-2026
2506,0.7422186751795691,0.6842906875543951,0.3784552218644237,0.0055124353789384505,10.538461538461538,0.5474452554744526,0.09322033898305085,0.29145230360594926,0.31587031363278517,-0.035014265677514915,0.28317863317866854,0.5042401923874306,1D,TRXUSDT,"STOCK model (accurate, unchanged)",all history
2506,0.7302474062250599,0.674573842321659,0.35487470326557674,0.17352517264627396,2.3846153846153846,0.7096774193548387,0.3854166666666667,0.41118508718710217,0.33603142086517773,0.39854285627646496,0.53702611656964,0.5042401923874306,1D,TRXUSDT,"STOCK model (calm, unchanged)",all history
2506,0.7394253790901836,0.709683082740614,0.40726928557723996,0.022742250528640134,6.230769230769231,0.5555555555555556,0.13559322033898305,0.3902776880848612,0.39347796781287947,0.025248873760168575,0.3233088543195885,0.5042401923874306,1D,TRXUSDT,EMA200,all history
2506,0.7019154030327215,0.6947292998409411,0.36537807351313434,0.11981285429514693,6.384615384615385,0.5783132530120482,0.35294117647058826,0.32218115788031915,0.318850372012,0.2534897540530394,0.4713074759687995,0.5042401923874306,1D,TRXUSDT,EMA cross (stock-tuned),all history
2506,0.7043096568236233,0.698645748927103,0.3723830354456909,0.14603371005900057,16.384615384615383,0.5305164319248826,0.3137254901960784,0.29145230360594926,0.29560395429911146,0.2698251596339398,0.5051032652767107,0.5042401923874306,1D,TRXUSDT,Price vs EMA (stock-tuned),all history
2506,0.6707901037509976,0.7198155817652532,0.40641541275259024,0.06703674856449375,4.538461538461538,0.6101694915254238,0.11528822055137844,0.24671099637802163,0.27908671781052596,0.13744786419304877,0.44795729520176325,0.5042401923874306,1D,TRXUSDT,SuperTrend (stock-tuned),all history
2506,0.6664006384676776,0.681577683742985,0.3352704794946778,0.17696659487565253,2.769230769230769,0.6388888888888888,0.11016949152542373,0.23822397731976352,0.2518099335363182,0.40477031282876186,0.5809841327474943,0.5042401923874306,1D,TRXUSDT,Online directional-change (stock-tuned),all history
2506,0.7190742218675179,0.6884509768614387,0.36452987702397355,0.13183339462552937,1.8461538461538463,0.75,0.211864406779661,0.44787451590998073,0.4618846364606573,0.3025403358646013,0.4842916012585608,0.5042401923874306,1D,TRXUSDT,EMA cross (stock calm-tuned),all history
2506,0.6600159616919393,0.6630953452777528,0.30241153880274296,0.0687293655371076,2.5384615384615383,0.6666666666666666,0.3137254901960784,0.37704240294647534,0.5224905979880214,0.1505433230241433,0.41355039878418776,0.5042401923874306,1D,TRXUSDT,SuperTrend (stock calm-tuned),all history
2506,0.684756584197925,0.6871229855046367,0.3479261390594583,-0.010225722929420741,1.8461538461538463,0.6666666666666666,0.15254237288135594,0.39649276916373644,0.3833433658134947,-0.03252083756649363,0.2978637094824031,0.5042401923874306,1D,TRXUSDT,Online directional-change (stock calm-tuned),all history
2702,0.7483345669874167,0.6831263360013579,0.37619557540726895,0.030055351517527338,10.285714285714286,0.5486111111111112,0.1388431792002633,0.2892155283934369,0.2891246569380856,0.0249908206532241,0.29821933294186476,0.4753547788797237,1D,TRXUSDT,"STOCK model (accurate, unchanged)",2019-2026
2702,0.7372316802368616,0.6723030674325965,0.35182477311835864,0.1430613606316835,2.4285714285714284,0.7058823529411765,0.3122735507246377,0.4127852990961647,0.3110085692021841,0.3282348442703354,0.47036772229370527,0.4753547788797237,1D,TRXUSDT,"STOCK model (calm, unchanged)",2019-2026
2702,0.7205773501110289,0.6907836460173236,0.363845031902276,-0.05722047802406836,7.357142857142857,0.5533980582524272,0.16018791451731762,0.4041983958425315,0.42924150199365885,-0.16867650525411754,0.1875591847120151,0.4753547788797237,1D,TRXUSDT,EMA200,2019-2026
2702,0.6965210954848261,0.6868684658593638,0.3468947270410663,0.12725287919060121,6.428571428571429,0.5777777777777777,0.2688618925831202,0.3045799555306219,0.29044651737545124,0.27271433667619116,0.4606033390867931,0.4753547788797237,1D,TRXUSDT,EMA cross (stock-tuned),2019-2026
2702,0.7002220577350111,0.6935869282709821,0.35871070058009186,0.14307462005084956,16.857142857142858,0.5296610169491526,0.22042206713193752,0.2615790813521279,0.26717721946386486,0.26334788990599006,0.4755856858624597,0.4753547788797237,1D,TRXUSDT,Price vs EMA (stock-tuned),2019-2026
2702,0.6639526276831976,0.718752817868869,0.39900698768777115,0.0336220485328989,4.714285714285714,0.5909090909090909,0.11475617924120646,0.24022810948035656,0.26809676869353893,0.0584909915543499,0.3736592751039425,0.4753547788797237,1D,TRXUSDT,SuperTrend (stock-tuned),2019-2026
2702,0.6824574389341229,0.6877668687575917,0.34433986867194477,0.1669949219023017,2.5714285714285716,0.6388888888888888,0.09745762711864406,0.2264480316212765,0.25494881565808775,0.3842277953885688,0.5335951637968298,0.4753547788797237,1D,TRXUSDT,Online directional-change (stock-tuned),2019-2026
2702,0.7187268689859363,0.6816385012385362,0.3497475781360374,0.05286134638312691,2.0714285714285716,0.7241379310344828,0.2309322033898305,0.45813913361756375,0.4396090757664752,0.11597638637140997,0.35032081758739825,0.4753547788797237,1D,TRXUSDT,EMA cross (stock calm-tuned),2019-2026
2702,0.6783863804589193,0.6725749088999571,0.31848297633993433,0.10721334209777474,2.4285714285714284,0.6764705882352942,0.2492540494458653,0.35079565267991797,0.4650050361744383,0.24320096268491262,0.44499086287444367,0.4753547788797237,1D,TRXUSDT,SuperTrend (stock calm-tuned),2019-2026
2702,0.6994818652849741,0.6919446079913435,0.3558806678770137,-0.003696548621713761,1.7142857142857142,0.6666666666666666,0.1127295197740113,0.3679579867311925,0.4034113848509646,-0.016464349850964403,0.28193004419959383,0.4753547788797237,1D,TRXUSDT,Online directional-change (stock calm-tuned),2019-2026
2189,0.6555504796710827,0.678327084848824,0.3375349280614823,0.16918813752952266,11.3,0.5486725663716814,0.07037250384024578,0.28895889572507494,0.21954581076697197,0.3451277107051345,0.40357418470949524,0.3768679861209555,1D,DOGEUSDT,"STOCK model (accurate, unchanged)",all history
2189,0.6276838739150297,0.641739410217671,0.268200996490936,0.2590765829292875,3.5,0.6571428571428571,0.2002518034571934,0.33643676033732417,0.2928297920475925,0.5635363409196823,0.5217131393507842,0.3768679861209555,1D,DOGEUSDT,"STOCK model (calm, unchanged)",all history
2189,0.6637734125171311,0.6534609143304795,0.29431736797918484,0.18296839453530836,8.5,0.5647058823529412,0.20879270450524023,0.5152051127838128,0.32639125014632314,0.382658544057325,0.4263621483782939,0.3768679861209555,1D,DOGEUSDT,EMA200,all history
2189,0.6852444038373686,0.6713320463320464,0.3306652561583078,0.3740027604101872,6.5,0.5846153846153846,0.1154474033261912,0.3027170316439505,0.255641246003779,0.8101915456956141,0.6769809970085685,0.3768679861209555,1D,DOGEUSDT,EMA cross (stock-tuned),all history
2189,0.697121973503883,0.6812955812955812,0.3512730770750834,0.27272123702153694,15.1,0.5364238410596026,0.083088954056696,0.2863989249870491,0.22699710190635178,0.5642726001120748,0.5408492981694726,0.3768679861209555,1D,DOGEUSDT,Price vs EMA (stock-tuned),all history
2189,0.6884422110552764,0.6373803928151753,0.28421308615910523,0.11078602230317107,5.2,0.5961538461538461,0.07406040928768201,0.19391306616764648,0.25212680880546967,0.2315912660644339,0.49329098637359264,0.3768679861209555,1D,DOGEUSDT,SuperTrend (stock-tuned),all history
2189,0.619004111466423,0.5836079868688564,0.1644355528154853,-0.25942934811478857,4.9,0.5918367346938775,0.13866843033509701,0.37760075504401575,0.2792260722100742,-0.5854103875662486,-0.16435934704467012,0.3768679861209555,1D,DOGEUSDT,Online directional-change (stock-tuned),all history
2189,0.6432160804020101,0.6290064909630126,0.24776728078111998,0.2193778195173781,2.7,0.7037037037037037,0.31623745089480576,0.5390548763527276,0.3901415294032152,0.4777555236987722,0.4866397778224548,0.3768679861209555,1D,DOGEUSDT,EMA cross (stock calm-tuned),all history
2189,0.6564641388761991,0.6621561001995785,0.30758206116758907,0.07681738459804614,3.5,0.6571428571428571,0.19987498046569777,0.46657303807230455,0.31236595657135435,0.16078683276933614,0.30038222825495003,0.3768679861209555,1D,DOGEUSDT,SuperTrend (stock calm-tuned),all history
2189,0.6724531749657378,0.6239806576763098,0.2535774459531414,-0.09299690219894931,2.3,0.6956521739130435,0.2595899470899471,0.5220470458775849,0.4770215243939127,-0.21110626481317238,0.13266737782742882,0.3768679861209555,1D,DOGEUSDT,Online directional-change (stock calm-tuned),all history
2589,0.6396292004634995,0.6622847807849104,0.31423955869151293,0.12498710876386045,8.5625,0.5620437956204379,0.10229568411386594,0.31839149309088466,0.23876674617798868,0.26685254194514724,0.33054745257762963,0.32324231763116806,1D,DOGEUSDT,"STOCK model (accurate, unchanged)",2019-2026
2589,0.5998455001931248,0.6181015041934235,0.2284979860599867,0.21632030251729584,2.4375,0.6923076923076923,0.27599090318388564,0.3976343456600045,0.35310359121485774,0.5063143679111958,0.46089680143919604,0.32324231763116806,1D,DOGEUSDT,"STOCK model (calm, unchanged)",2019-2026
2589,0.641946697566628,0.6233779186560521,0.24322461597286169,0.17729411121224198,5.75,0.5760869565217391,0.2873514431239389,0.4854338484996711,0.4010255287901397,0.4014708120737666,0.411631916246674,0.32324231763116806,1D,DOGEUSDT,EMA200,2019-2026
2589,0.6720741599073001,0.6577302534526153,0.3100518246660477,0.34124865265989235,4.5,0.6111111111111112,0.17558187015108206,0.3027170316439505,0.2898565168569394,0.7968139332207741,0.6447745583088147,0.32324231763116806,1D,DOGEUSDT,EMA cross (stock-tuned),2019-2026
2589,0.6852066434916957,0.6705308419942685,0.33585016498344245,0.26991921033325156,10.625,0.5470588235294118,0.10001562744178777,0.2863989249870491,0.2774620863354571,0.6046008455451294,0.536895315020482,0.32324231763116806,1D,DOGEUSDT,Price vs EMA (stock-tuned),2019-2026
2589,0.6647354190807262,0.6308959995074106,0.26707221340762066,0.09263584021883195,3.6875,0.6440677966101694,0.1443194249101422,0.3706748842627504,0.2640623072313695,0.20733697658692174,0.4227371139611509,0.32324231763116806,1D,DOGEUSDT,SuperTrend (stock-tuned),2019-2026
2589,0.6056392429509463,0.6027536257911574,0.1988035352639348,-0.21789463989282634,3.0625,0.5918367346938775,0.13866843033509701,0.37760075504401575,0.28287806784330294,-0.5296523945467325,-0.15476289920350023,0.32324231763116806,1D,DOGEUSDT,Online directional-change (stock-tuned),2019-2026
2589,0.6226342217072228,0.604154106065776,0.2048639183918347,0.19710874000427508,2.0,0.71875,0.4177985285795133,0.47157160099454476,0.390745753373137,0.46208014323575985,0.45153273076708145,0.32324231763116806,1D,DOGEUSDT,EMA cross (stock calm-tuned),2019-2026
2589,0.6098879876400155,0.614438832973726,0.2208436595630769,0.03993738207656366,2.5625,0.6829268292682927,0.2909356725146199,0.46657303807230455,0.362639236854584,0.08587979851926061,0.22970882947282212,0.32324231763116806,1D,DOGEUSDT,SuperTrend (stock calm-tuned),2019-2026
2589,0.6508304364619544,0.6385115720014265,0.27099105634788995,-0.08101705966137066,1.4375,0.6956521739130435,0.2595899470899471,0.5220470458775849,0.4258826712080721,-0.19791249725387292,0.0951810704081932,0.32324231763116806,1D,DOGEUSDT,Online directional-change (stock calm-tuned),2019-2026
2342,0.6874466268146883,0.6923150068207835,0.38888593453839554,0.013313978546965657,8.25,0.5606060606060606,0.1259009009009009,0.40103481374467853,0.3452530933937101,0.0028041227594875766,0.29780583780815223,0.48293210357964866,1D,ZECUSDT,"STOCK model (accurate, unchanged)",all history
2342,0.6656703672075149,0.6704032856792805,0.34443661007825477,-0.03882658332493706,3.125,0.66,0.1936936936936937,0.43274316615625685,0.4358735073116073,-0.12789089102163764,0.21440038462788424,0.48293210357964866,1D,ZECUSDT,"STOCK model (calm, unchanged)",all history
2342,0.7241673783091375,0.7237622929535639,0.4472008684685036,0.011219230672306074,7.3125,0.5726495726495726,0.1789607558139535,0.47699345623694167,0.3899725566805812,0.0007757528169318589,0.3039471935097159,0.48293210357964866,1D,ZECUSDT,EMA200,all history
2342,0.697267292912041,0.6967113949142191,0.3931791316240267,0.1296693832983102,4.5,0.6111111111111112,0.13733500942803267,0.427849768537929,0.3947884808227932,0.361390721026799,0.5429786774489909,0.48293210357964866,1D,ZECUSDT,EMA cross (stock-tuned),all history
2342,0.7049530315969257,0.7042797216096317,0.40839950764404903,0.13804216436624528,11.125,0.5449438202247191,0.12165681306306306,0.31279867109916326,0.31957707296675386,0.3568077126890516,0.5465308784554275,0.48293210357964866,1D,ZECUSDT,Price vs EMA (stock-tuned),all history
2342,0.6784799316823228,0.6738886511672134,0.35349449046200476,0.11036247154514442,3.5,0.625,0.12182539682539682,0.2768199497945837,0.31957707296675386,0.309043581511625,0.6077383367350253,0.48293210357964866,1D,ZECUSDT,SuperTrend (stock-tuned),all history
2342,0.6579846285226302,0.6585749865595822,0.3166788302559224,0.0012635608925901222,5.0,0.6,0.07874503968253968,0.25035952684905693,0.25171193907815664,-0.018303354645621633,0.31937960095450674,0.48293210357964866,1D,ZECUSDT,Online directional-change (stock-tuned),all history
2342,0.6686592655849701,0.6683687538629772,0.33637601922480764,0.0564685313296562,2.0625,0.7575757575757576,0.29137031768610716,0.551377547161463,0.48058743275645643,0.1569178994795289,0.3943806057085174,0.48293210357964866,1D,ZECUSDT,EMA cross (stock calm-tuned),all history
2342,0.6912894961571306,0.6956778542144396,0.3946124484031236,0.12461734524744532,2.0,0.75,0.18277599633531838,0.47720412936395806,0.44184443912982174,0.3575501218513113,0.5111929210415468,0.48293210357964866,1D,ZECUSDT,SuperTrend (stock calm-tuned),all history
2342,0.7164816396242528,0.711746742298732,0.4312609577250327,-0.01037097233747023,2.625,0.6904761904761905,0.16271373414230555,0.3936150677141632,0.38631236733617846,-0.04204743266451557,0.29459287148122043,0.48293210357964866,1D,ZECUSDT,Online directional-change (stock calm-tuned),all history
2742,0.6914660831509847,0.6960467599017828,0.39513485875642995,0.07512997216149146,6.818181818181818,0.5666666666666667,0.1259009009009009,0.31576752930483953,0.3506921996233827,0.20191054461934826,0.3700802682570097,0.38973011313813594,1D,ZECUSDT,"STOCK model (accurate, unchanged)",2019-2026
2742,0.6725018234865062,0.6767241379310345,0.35570426162248053,0.021321527404165094,2.5454545454545454,0.6785714285714286,0.17009262783910672,0.36506655665897236,0.40425096421546597,0.05412035213394833,0.2731574212414995,0.38973011313813594,1D,ZECUSDT,"STOCK model (calm, unchanged)",2019-2026
2742,0.7107950401167031,0.709852674282054,0.4196877629981977,-0.00676331271599604,6.136363636363637,0.5851851851851851,0.21274156567310842,0.4490394141633138,0.3965653648097852,-0.053402732832221196,0.21590161620772383,0.38973011313813594,1D,ZECUSDT,EMA200,2019-2026
2742,0.6998541210795041,0.6984957830682182,0.3973071576873789,0.1788880553888392,3.590909090909091,0.6455696202531646,0.15084852294154621,0.35549835539060426,0.38892319555573995,0.54709706957007,0.616722048608611,0.38973011313813594,1D,ZECUSDT,EMA cross (stock-tuned),2019-2026
2742,0.7107950401167031,0.7093466424682395,0.4191592640362756,0.1889063764423208,8.772727272727273,0.5595854922279793,0.12734877734877734,0.26006344577272644,0.31957707296675386,0.5516528136766202,0.6261185091174097,0.38973011313813594,1D,ZECUSDT,Price vs EMA (stock-tuned),2019-2026
2742,0.6973012399708242,0.6930457990818832,0.3911400580504718,0.16693589503801626,2.8181818181818183,0.6612903225806451,0.12732185072610602,0.2559377199142968,0.33442431656435545,0.5132947683306568,0.692066161349642,0.38973011313813594,1D,ZECUSDT,SuperTrend (stock-tuned),2019-2026
2742,0.6294675419401896,0.6342212020924523,0.27104349945683515,-0.007387830644447055,3.6363636363636362,0.6,0.07874503968253968,0.25035952684905693,0.2680064880217938,-0.04233875506888094,0.2260837095496758,0.38973011313813594,1D,ZECUSDT,Online directional-change (stock-tuned),2019-2026
2742,0.6575492341356673,0.6569355183089569,0.31359287017011594,0.017274015343132866,1.6818181818181819,0.7837837837837838,0.3103349828701941,0.551377547161463,0.48049954587109706,0.04583961521583195,0.27077462608359143,0.38973011313813594,1D,ZECUSDT,EMA cross (stock calm-tuned),2019-2026
2742,0.6889132020423049,0.6924100565816163,0.38608498846317285,0.13719251320170972,1.7272727272727273,0.7631578947368421,0.22141322511339223,0.3930261415514481,0.42934915118922845,0.42482699599837737,0.5068183561306576,0.38973011313813594,1D,ZECUSDT,SuperTrend (stock calm-tuned),2019-2026
2742,0.6794310722100656,0.6793962848297214,0.35828220793167576,-0.01671302206797287,1.9090909090909092,0.6904761904761905,0.16271373414230555,0.3936150677141632,0.38435956791761955,-0.06281165654896449,0.2080848410074975,0.38973011313813594,1D,ZECUSDT,Online directional-change (stock calm-tuned),2019-2026
2090,0.7267942583732058,0.7288289311679175,0.4663612893662083,-0.1213759119718679,12.8,0.5390625,0.055261017139330695,0.2421421379559608,0.29067344918027344,-0.33071155941795644,-0.23237362961993072,-0.04642796066126321,1D,BCHUSDT,"STOCK model (accurate, unchanged)",all history
2090,0.7215311004784689,0.7242273613391181,0.4642466276144719,0.07817936332078795,3.2,0.625,0.09766214177978884,0.2645530757963938,0.34793645774289844,0.16982427740055697,0.07339125787725807,-0.04642796066126321,1D,BCHUSDT,"STOCK model (calm, unchanged)",all history
2090,0.645933014354067,0.6453667331144466,0.2912386971395272,0.04765387747647839,8.5,0.5411764705882353,0.2552150913264797,0.3316764346754503,0.33791393785879886,0.07877759044723544,0.02106687173431987,-0.04642796066126321,1D,BCHUSDT,EMA200,all history
2090,0.7019138755980862,0.7007834486397748,0.40443644330968836,-0.024647611244661034,9.0,0.5555555555555556,0.07140452747622654,0.21913552636031838,0.2888338626122261,-0.09133763611305788,-0.09282316463770705,-0.04642796066126321,1D,BCHUSDT,EMA cross (stock-tuned),all history
2090,0.6889952153110048,0.6878884263602252,0.37833082152930025,-0.04893448742931383,19.2,0.5260416666666666,0.05291873544839967,0.2434009275810973,0.24629458331733867,-0.18633434042542502,-0.15537114877110428,-0.04642796066126321,1D,BCHUSDT,Price vs EMA (stock-tuned),all history
2090,0.6679425837320574,0.6662501465759849,0.3376508107701918,0.035495297175740195,4.6,0.6086956521739131,0.07978385251112524,0.22494712037684267,0.22319476144042655,0.06521829039059135,0.014615277034181145,-0.04642796066126321,1D,BCHUSDT,SuperTrend (stock-tuned),all history
2090,0.738755980861244,0.7387081525562852,0.47736907712998256,0.2963874052944316,3.6,0.6388888888888888,0.07090830307032024,0.2434009275810973,0.23109558366752872,0.6763852759494983,0.43342335846201063,-0.04642796066126321,1D,BCHUSDT,Online directional-change (stock-tuned),all history
2090,0.6870813397129186,0.6865701585952158,0.3737021911981841,0.18211716778342618,2.1,0.7142857142857143,0.23313204910669727,0.29523340192420855,0.35576723389505893,0.41592087522505855,0.2423186963686641,-0.04642796066126321,1D,BCHUSDT,EMA cross (stock calm-tuned),all history
2090,0.6660287081339713,0.6661246408888368,0.3321835566015908,0.0691657447701139,2.8,0.6071428571428571,0.15982672138622891,0.3074382473600664,0.3540520615113637,0.15033291496739487,0.06601846084868966,-0.04642796066126321,1D,BCHUSDT,SuperTrend (stock calm-tuned),all history
2090,0.7382775119617225,0.7381236808161351,0.47629863400517936,0.01593636646722014,2.4,0.7083333333333334,0.141384778012685,0.3463444969234416,0.3739814972009854,0.02801452255317312,-0.012728490161113779,-0.04642796066126321,1D,BCHUSDT,Online directional-change (stock calm-tuned),all history
2490,0.7136546184738956,0.7043437174139728,0.417472543852989,-0.11426529415101504,12.307692307692308,0.5375,0.0718954248366013,0.27238587998641073,0.2993087236820889,-0.32095499008209954,-0.1823855523781351,0.03160946498696688,1D,BCHUSDT,"STOCK model (accurate, unchanged)",2019-2026
2490,0.7192771084337349,0.7057872784150157,0.4307192199686008,0.08595969880122122,2.923076923076923,0.631578947368421,0.1568627450980392,0.28296505218595697,0.37346285534178547,0.19302699841547913,0.1369225029328426,0.03160946498696688,1D,BCHUSDT,"STOCK model (calm, unchanged)",2019-2026
2490,0.6188755020080321,0.623344629822732,0.245951023792922,-0.02295823487569141,8.76923076923077,0.543859649122807,0.17647058823529413,0.31477394866806013,0.38950413586308125,-0.08953425994007522,-0.03852089465360755,0.03160946498696688,1D,BCHUSDT,EMA200,2019-2026
2490,0.6763052208835342,0.6835994525547445,0.3675104054275988,-0.012699971539045157,8.692307692307692,0.5575221238938053,0.09883720930232558,0.22339648023017794,0.3044945081131833,-0.06482641856208861,-0.02302898130891137,0.03160946498696688,1D,BCHUSDT,EMA cross (stock-tuned),2019-2026
2490,0.668273092369478,0.6752411366006257,0.35059836643816195,-0.0504791398396791,17.76923076923077,0.5281385281385281,0.060085836909871244,0.26022530201331256,0.2784994630270273,-0.19086770994041852,-0.10974164698360969,0.03160946498696688,1D,BCHUSDT,Price vs EMA (stock-tuned),2019-2026
2490,0.668273092369478,0.6742635557872784,0.3480058560520939,0.07070580539249609,4.0,0.6153846153846154,0.08264462809917356,0.26022530201331256,0.23272527928844636,0.15241349384123248,0.14163937906437088,0.03160946498696688,1D,BCHUSDT,SuperTrend (stock-tuned),2019-2026
2490,0.7590361445783133,0.75413842544317,0.5113858112544829,0.26385971206014797,2.769230769230769,0.6388888888888888,0.08173076923076923,0.278270090744024,0.26357084712447887,0.6174532730815029,0.40865693734707786,0.03160946498696688,1D,BCHUSDT,Online directional-change (stock-tuned),2019-2026
2490,0.6457831325301204,0.6506484619395203,0.3004428624865255,0.04182380664974279,2.1538461538461537,0.6785714285714286,0.2918454935622318,0.2930055410166462,0.36588323584424437,0.09100101624653592,0.07832978180047581,0.03160946498696688,1D,BCHUSDT,EMA cross (stock calm-tuned),2019-2026
2490,0.6317269076305221,0.6334756256517206,0.26561091266103315,0.06174424683753147,2.6153846153846154,0.6470588235294118,0.2644628099173554,0.28055375631806045,0.35365370407886926,0.1365755692302337,0.11072892768005463,0.03160946498696688,1D,BCHUSDT,SuperTrend (stock calm-tuned),2019-2026
2490,0.7586345381526104,0.754180787278415,0.5108061035493023,0.041707401357546026,1.8461538461538463,0.7083333333333334,0.19186046511627908,0.3962756979326325,0.41196271683721297,0.09194302580879622,0.07804204678956123,0.03160946498696688,1D,BCHUSDT,Online directional-change (stock calm-tuned),2019-2026
1832,0.7827510917030568,0.7715491148774507,0.54898632874264,0.10422897056094596,18.666666666666668,0.5267857142857143,0.06708104617371649,0.17416950573596518,0.18496297402877285,0.18935611475415942,0.07892732189537853,-0.07505188076491535,1D,SOLUSDT,"STOCK model (accurate, unchanged)",all history
1832,0.7838427947598253,0.7705532982894302,0.550263683693538,0.09790679611794224,4.666666666666667,0.6071428571428571,0.08839933073061908,0.21618302550392732,0.2687730388756919,0.21032678241366196,0.08713041170102041,-0.07505188076491535,1D,SOLUSDT,"STOCK model (calm, unchanged)",all history
1832,0.6943231441048034,0.7120604317006116,0.42166350879811354,0.2507216728274427,7.666666666666667,0.5652173913043478,0.16618721930313793,0.2455244924843923,0.3427428853832218,0.5494694292673075,0.38235858061824995,-0.07505188076491535,1D,SOLUSDT,EMA200,all history
1832,0.7172489082969432,0.7341378450823728,0.4645262748511784,0.24870399357984743,11.666666666666666,0.5428571428571428,0.05312654677445966,0.1500005334824339,0.20917128835415405,0.5350289787802527,0.35310794864054923,-0.07505188076491535,1D,SOLUSDT,EMA cross (stock-tuned),all history
1832,0.722707423580786,0.7384121207209663,0.4722082547210012,0.33076941763860945,21.666666666666668,0.5230769230769231,0.02776402867146969,0.15182166869812408,0.2259048929618177,0.6962018945753025,0.4796668094195739,-0.07505188076491535,1D,SOLUSDT,Price vs EMA (stock-tuned),all history
1832,0.7385371179039302,0.7638778890652953,0.5312555980972589,0.3362422629852136,6.666666666666667,0.55,0.023932611046948615,0.1033643847801143,0.14989568383440027,0.7463922507774223,0.5807226107907206,-0.07505188076491535,1D,SOLUSDT,SuperTrend (stock-tuned),all history
1832,0.6697598253275109,0.6814522714072939,0.3585235419555496,0.055155843860855334,6.333333333333333,0.5526315789473685,0.047152292974167315,0.17298264497666857,0.24087481157021504,0.10914300363642242,0.025416135100167766,-0.07505188076491535,1D,SOLUSDT,Online directional-change (stock-tuned),all history
1832,0.7259825327510917,0.7423646898909269,0.4803701834662862,0.2533208836695539,3.3333333333333335,0.65,0.13810060679389174,0.2552253101975378,0.3345563380658421,0.5663689196032037,0.3891522827748943,-0.07505188076491535,1D,SOLUSDT,EMA cross (stock calm-tuned),all history
1832,0.7270742358078602,0.7415616516066291,0.477754147029971,0.04536611005724967,5.333333333333333,0.5625,0.0540798181451539,0.1565691839330259,0.24087481157021504,0.08946041961437595,0.011305269565775919,-0.07505188076491535,1D,SOLUSDT,SuperTrend (stock calm-tuned),all history
1832,0.6664847161572053,0.672294688036817,0.3395030832774355,0.1697502137568942,2.6666666666666665,0.6875,0.17783552402427175,0.25184831883891234,0.35795932163663674,0.3783965996854943,0.22386790054244698,-0.07505188076491535,1D,SOLUSDT,Online directional-change (stock calm-tuned),all history
2232,0.7737455197132617,0.7564279362564197,0.5269285107071187,0.1451347104699125,11.166666666666666,0.5447761194029851,0.08096694335226445,0.26434768073748416,0.2622863232429896,0.3835993456632659,0.5499269759498023,0.5053925491545135,1D,SOLUSDT,"STOCK model (accurate, unchanged)",2019-2026
2232,0.7567204301075269,0.7347737159252044,0.4898811964287109,0.21270835831733426,2.6666666666666665,0.65625,0.10050041701417849,0.22270627388524344,0.37867725512090356,0.609796398601679,0.6505162427412448,0.5053925491545135,1D,SOLUSDT,"STOCK model (calm, unchanged)",2019-2026
2232,0.6989247311827957,0.7098123974948762,0.4135377127145177,0.22412363459783188,5.25,0.5873015873015873,0.11822398210782965,0.30313932228680074,0.296842950536809,0.633909677637444,0.802406356803738,0.5053925491545135,1D,SOLUSDT,EMA200,2019-2026
2232,0.7316308243727598,0.7459377100345006,0.48552854478046464,0.23805428085524985,6.916666666666667,0.5662650602409639,0.07814407814407814,0.2655328286497916,0.2295339168610332,0.668963180921753,0.8284220656428706,0.5053925491545135,1D,SOLUSDT,EMA cross (stock-tuned),2019-2026
2232,0.7396953405017921,0.75246571698268,0.49777098282456655,0.25114955157736435,13.75,0.5333333333333333,0.05582191780821918,0.23689677807520215,0.3018581413035669,0.6832729360199161,0.8425276415536642,0.5053925491545135,1D,SOLUSDT,Price vs EMA (stock-tuned),2019-2026
2232,0.7352150537634409,0.7499637425029855,0.4936138445449904,0.2817566099964651,3.8333333333333335,0.5869565217391305,0.07141356416505588,0.20696457414052424,0.17420642461031868,0.8069085499192364,0.92897312931849,0.5053925491545135,1D,SOLUSDT,SuperTrend (stock-tuned),2019-2026
2232,0.657258064516129,0.651540591407429,0.3004306589323866,0.22081326731559894,3.1666666666666665,0.5526315789473685,0.047152292974167315,0.17298264497666857,0.2568554673650238,0.6316437048737562,0.6865851307437135,0.5053925491545135,1D,SOLUSDT,Online directional-change (stock-tuned),2019-2026
2232,0.7155017921146953,0.726024678302768,0.44529681301566104,0.23667751620627736,2.25,0.7037037037037037,0.14177384662657477,0.3037706569621861,0.37226972559487526,0.6810202824848981,0.8163009088796757,0.5053925491545135,1D,SOLUSDT,EMA cross (stock calm-tuned),2019-2026
2232,0.7258064516129032,0.7313547375495899,0.45552395408922586,0.11210856891826833,3.1666666666666665,0.6052631578947368,0.08361464173540376,0.29533931893708143,0.29294096329315517,0.3151647187923225,0.545690955140057,0.5053925491545135,1D,SOLUSDT,SuperTrend (stock calm-tuned),2019-2026
2232,0.6545698924731183,0.6438680906677761,0.2875045596569881,0.281967921558616,1.3333333333333333,0.6875,0.17783552402427175,0.25184831883891234,0.29441483703820015,0.816271697479678,0.7949994230934243,0.5053925491545135,1D,SOLUSDT,Online directional-change (stock calm-tuned),2019-2026
19507,0.7299430973496693,0.7073730350509773,0.440948315300337,0.09563887787317332,6.571428571428571,0.572463768115942,0.11362869198312237,0.32769084960406647,0.29962901560856275,0.3648025781076467,0.5386662534998133,0.44949408120048173,4h,BTCUSDT,"STOCK model (accurate, unchanged)",all history
19507,0.7114369200799713,0.6875331320302904,0.4008753245431446,0.09452513196764774,2.4761904761904763,0.6826923076923077,0.22034482758620688,0.4318761511369358,0.3924149349878883,0.5310476273056605,0.6428216533207152,0.44949408120048173,4h,BTCUSDT,"STOCK model (calm, unchanged)",all history
19507,0.6919054698313426,0.6930229663899659,0.38214772163044186,0.1369396434994675,4.603174603174603,0.5810344827586207,0.1921072796934866,0.3989534580840724,0.3976924658759168,0.7260677505948252,0.8558159373135158,0.44949408120048173,4h,BTCUSDT,EMA200,all history
19507,0.7058491823447993,0.7069215689928234,0.40974988982165567,0.1070665884841556,5.412698412698413,0.5850439882697948,0.16666666666666666,0.3336139143768775,0.3397165555227899,0.4909160628964652,0.7183730941737584,0.44949408120048173,4h,BTCUSDT,EMA cross (stock-tuned),all history
19507,0.7093351104731634,0.7104078296227716,0.41667361755419646,0.12147037363621961,11.11111111111111,0.5421428571428571,0.08814513358526466,0.27864249875432323,0.2751115559968946,0.3461058609843999,0.6043160140067483,0.44949408120048173,4h,BTCUSDT,Price vs EMA (stock-tuned),all history
19507,0.6979545804070334,0.7011574419894351,0.3979541764088992,0.07964774701516597,3.4603174603174605,0.6422018348623854,0.1017606899029824,0.32820317186287234,0.3103286370392446,0.38917836859188165,0.6506822890054529,0.44949408120048173,4h,BTCUSDT,SuperTrend (stock-tuned),all history
19507,0.6993899625775363,0.6991882777503999,0.3947566931521425,0.08466549093021224,3.0476190476190474,0.6510416666666666,0.10918537943208242,0.33718601513672497,0.33754617203766474,0.44034130742668287,0.6429417508253712,0.44949408120048173,4h,BTCUSDT,Online directional-change (stock-tuned),all history
19507,0.6931870610550059,0.693628796948134,0.3835140315718438,0.1023988772897579,1.7777777777777777,0.7098214285714286,0.30559626915389737,0.4650802831237897,0.4498183476813357,0.6135905344571719,0.7930367529407787,0.44949408120048173,4h,BTCUSDT,EMA cross (stock calm-tuned),all history
19507,0.6903675603629467,0.6939120788294996,0.38358764203146356,0.10922450669251214,2.238095238095238,0.6950354609929078,0.19429608504018667,0.3980743205080215,0.3823797244360143,0.64000461785789,0.8727342507005946,0.44949408120048173,4h,BTCUSDT,SuperTrend (stock calm-tuned),all history
19507,0.6975444712154611,0.6917907638178338,0.38285730935918705,0.0723884599736829,1.6349206349206349,0.7912621359223301,0.21873045653533457,0.46896906286596174,0.44636112646206677,0.41768727659203025,0.6291081605860314,0.44949408120048173,4h,BTCUSDT,Online directional-change (stock calm-tuned),all history
16907,0.7398710593245401,0.7103244063603665,0.4478892138331975,0.11175403932500483,6.6380952380952385,0.5724533715925395,0.11818181818181818,0.33619928617345013,0.29974030767697457,0.4452239142289178,0.7284094864670112,0.6782599832054679,4h,BTCUSDT,"STOCK model (accurate, unchanged)",2019-2026
16907,0.7213580173892471,0.6895751811783744,0.40660422655141404,0.11919139386691498,2.5142857142857142,0.6818181818181818,0.22857142857142856,0.43298594282398073,0.3905771654487259,0.6815514447341505,0.8740036040644514,0.6782599832054679,4h,BTCUSDT,"STOCK model (calm, unchanged)",2019-2026
16907,0.69208020346602,0.6910442256586243,0.3762882598263223,0.15428827369310885,4.6380952380952385,0.5790554414784395,0.19111111111111112,0.39297960469639615,0.40158385006222813,0.8194164126158605,1.0673650187107337,0.6782599832054679,4h,BTCUSDT,EMA200,2019-2026
16907,0.7058023303956941,0.7069483534100129,0.4070978981085445,0.07820080062652168,5.761904761904762,0.5818181818181818,0.16666666666666666,0.33124473973691093,0.34438730306750653,0.26112742319450205,0.6939487460148125,0.6782599832054679,4h,BTCUSDT,EMA cross (stock-tuned),2019-2026
16907,0.7087005382385994,0.7101352429429366,0.4133177389411309,0.10943430285048181,11.666666666666666,0.5412244897959184,0.0892018779342723,0.2721363309202456,0.28696176683719515,0.20243603120438247,0.6465925907582705,0.6782599832054679,4h,BTCUSDT,Price vs EMA (stock-tuned),2019-2026
16907,0.6959247648902821,0.6999409368380916,0.3926535111980094,0.06646465430111963,3.6666666666666665,0.6337662337662338,0.10434782608695652,0.31594430952013497,0.31075377019256345,0.2776271893115832,0.7088537922231195,0.6782599832054679,4h,BTCUSDT,SuperTrend (stock-tuned),2019-2026
16907,0.6943869403205772,0.6961222625615844,0.3855520144891521,0.052075994735617775,3.1904761904761907,0.6477611940298508,0.11064718162839249,0.33792617898951116,0.34090519278932774,0.20312326334337574,0.6290002143143711,0.6782599832054679,4h,BTCUSDT,Online directional-change (stock-tuned),2019-2026
16907,0.6961613532856213,0.6955304393619173,0.38504449193225265,0.10884249333745527,1.819047619047619,0.7068062827225131,0.29473684210526313,0.46098396662356234,0.4525819077705329,0.6439162838969259,0.9570864073490967,0.6782599832054679,4h,BTCUSDT,EMA cross (stock calm-tuned),2019-2026
16907,0.6958064706926125,0.7004562518454968,0.393584969702656,0.0896537078048924,2.3523809523809525,0.6882591093117408,0.19310344827586207,0.40199328611143365,0.39634174383399834,0.4917541102317638,0.8970212874941345,0.6782599832054679,4h,BTCUSDT,SuperTrend (stock calm-tuned),2019-2026
16907,0.6917253208730112,0.6806542751004997,0.36075762884456086,0.044068052166400494,1.6857142857142857,0.7853107344632768,0.21794871794871795,0.4688094345432152,0.44700602372674386,0.21775751309287428,0.6254006137248185,0.6782599832054679,4h,BTCUSDT,Online directional-change (stock calm-tuned),2019-2026
16907,0.7369137043828,0.7338904989758219,0.4624629156509088,0.06840962240244151,2.085714285714286,0.726027397260274,0.20512820512820512,0.4639400641652591,0.4373450428652145,0.36206320940291103,0.750981285271155,0.6782599832054679,4h,BTCUSDT,Crypto model C (walk-forward),2019-2026
19500,0.7233333333333334,0.7054759167383071,0.4380066059383648,0.07665454565328703,6.772058823529412,0.5722041259500543,0.13636363636363635,0.3372373481046293,0.33024679590166683,0.3001428315119193,0.3945388491902337,0.2988483963394325,4h,ETHUSDT,"STOCK model (accurate, unchanged)",all history
19500,0.6994358974358974,0.680574017107001,0.3869121036444686,0.08622135269770755,2.360294117647059,0.6947040498442367,0.23274161735700197,0.40589806659061134,0.3873791407063659,0.5284592549487804,0.5329921187912424,0.2988483963394325,4h,ETHUSDT,"STOCK model (calm, unchanged)",all history
19500,0.684,0.6853544880015581,0.36838486497127,0.17109860182759223,4.125,0.5900178253119429,0.27218934911242604,0.38977939025986813,0.37749100220314064,1.0692582587691692,0.9982386806350894,0.2988483963394325,4h,ETHUSDT,EMA200,all history
19500,0.6957435897435897,0.6971153114577215,0.39177682513033135,0.10252494032344822,5.345588235294118,0.5832187070151307,0.19230769230769232,0.29533833824941197,0.3330617099048201,0.5362658025970056,0.6254026933741642,0.2988483963394325,4h,ETHUSDT,EMA cross (stock-tuned),all history
19500,0.6974871794871795,0.6988109610019146,0.39515724601745983,0.12094619842798288,11.095588235294118,0.5420808482438702,0.13793103448275862,0.27561030171567763,0.2900725005776345,0.4587630880379185,0.5732712630561444,0.2988483963394325,4h,ETHUSDT,Price vs EMA (stock-tuned),all history
19500,0.6873846153846154,0.6857125941475187,0.3699857706762442,0.07432937725891925,3.2573529411764706,0.6455981941309256,0.14285714285714285,0.30831169061474356,0.3084202447906292,0.41123037045469496,0.5241040854759036,0.2988483963394325,4h,ETHUSDT,SuperTrend (stock-tuned),all history
19500,0.7014358974358974,0.6953818437051129,0.3927648853951431,0.10186247143998496,2.823529411764706,0.6640625,0.14804469273743018,0.34842755580161544,0.3386249002858861,0.6230990404908879,0.6519253463269814,0.2988483963394325,4h,ETHUSDT,Online directional-change (stock-tuned),all history
19500,0.6670769230769231,0.669811555991344,0.33745525719958575,0.12707105408622507,1.786764705882353,0.6995884773662552,0.38181818181818183,0.4502812592248371,0.4550682615498358,0.8403338953137974,0.8251040115720212,0.2988483963394325,4h,ETHUSDT,EMA cross (stock calm-tuned),all history
19500,0.6877435897435897,0.692470097401547,0.38276930343935467,0.10530472868850038,1.9779411764705883,0.7211895910780669,0.21794871794871795,0.3707407164017373,0.3795679353978606,0.6783586529706721,0.7617232455575395,0.2988483963394325,4h,ETHUSDT,SuperTrend (stock calm-tuned),all history
19500,0.6477435897435897,0.6423392010057918,0.2851821032952012,0.021564874492496687,1.6911764705882353,0.7782608695652173,0.3493975903614458,0.509324809166704,0.47206957913287617,0.09223794212863935,0.27462863834230034,0.2988483963394325,4h,ETHUSDT,Online directional-change (stock calm-tuned),all history
16900,0.7368047337278106,0.7125883418072689,0.4523744271620284,0.07645540645586656,6.627118644067797,0.5728900255754475,0.13966480446927373,0.3386083121733687,0.33024679590166683,0.2764293520369034,0.5139186131736809,0.508850385189979,4h,ETHUSDT,"STOCK model (accurate, unchanged)",2019-2026
16900,0.7143786982248521,0.68847511240662,0.403490136811537,0.07278776555984354,2.3389830508474576,0.6956521739130435,0.24444444444444444,0.4073217614699356,0.3873308088140569,0.4197688253421157,0.5911773127701944,0.508850385189979,4h,ETHUSDT,"STOCK model (calm, unchanged)",2019-2026
16900,0.6779289940828402,0.6767653768229194,0.34992787547682175,0.17659245378720165,4.0508474576271185,0.5920502092050209,0.2647058823529412,0.3847855935038253,0.3852283246706691,1.0829694611342315,1.1444299694540887,0.508850385189979,4h,ETHUSDT,EMA200,2019-2026
16900,0.696094674556213,0.6976641459047188,0.39067900383878407,0.09615390525349615,5.305084745762712,0.5830670926517572,0.19117647058823528,0.29533833824941197,0.33356508841331384,0.46718586451234384,0.7182195248123389,0.508850385189979,4h,ETHUSDT,EMA cross (stock-tuned),2019-2026
16900,0.6970414201183432,0.6987509478412508,0.3928034346368726,0.10066502466009027,11.186440677966102,0.5416666666666666,0.1242603550295858,0.2756727697610072,0.2898159975517588,0.2669844552259273,0.5764858348127138,0.508850385189979,4h,ETHUSDT,Price vs EMA (stock-tuned),2019-2026
16900,0.6928994082840236,0.6913422877426438,0.37906063190167255,0.07366793004477251,3.2542372881355934,0.6432291666666666,0.14285714285714285,0.30645946430986243,0.3127320245555316,0.3899266755572911,0.6538549867895642,0.508850385189979,4h,ETHUSDT,SuperTrend (stock-tuned),2019-2026
16900,0.7035502958579881,0.6951977005876613,0.3909526699255988,0.10075221192393685,2.7288135593220337,0.6708074534161491,0.15789473684210525,0.35256240042927633,0.34426365400110726,0.6012199094607543,0.780264680240882,0.508850385189979,4h,ETHUSDT,Online directional-change (stock-tuned),2019-2026
16900,0.6664497041420119,0.6685537337901888,0.3329565756911037,0.12441168806961866,1.7796610169491525,0.7095238095238096,0.38181818181818183,0.4516474058895488,0.4576828971124338,0.8051327603483848,0.9444121010472271,0.508850385189979,4h,ETHUSDT,EMA cross (stock calm-tuned),2019-2026
16900,0.6989349112426035,0.7046814360491567,0.40418630584705684,0.09767056201828798,2.0084745762711864,0.7215189873417721,0.2125984251968504,0.36965904850624987,0.3812333923648476,0.6079158789308409,0.8492984201396224,0.508850385189979,4h,ETHUSDT,SuperTrend (stock calm-tuned),2019-2026
16900,0.6399408284023669,0.6320737324845208,0.26343421698419545,-0.014412380121572777,1.6779661016949152,0.7828282828282829,0.3493975903614458,0.521758603837015,0.4948952987178832,-0.16752372077421052,0.23738733014382563,0.508850385189979,4h,ETHUSDT,Online directional-change (stock calm-tuned),2019-2026
16900,0.703905325443787,0.6983940154547241,0.3952405168678101,0.059619957739600736,1.8559322033898304,0.7625570776255708,0.27586206896551724,0.43920721551663283,0.4660175800430312,0.3462425672324627,0.6009905223677205,0.508850385189979,4h,ETHUSDT,Crypto model C (walk-forward),2019-2026
19013,0.7268184926103193,0.6915150718274903,0.41252972933501647,0.035247274252193726,7.483870967741935,0.5657327586206896,0.0898876404494382,0.33759706633776904,0.2948883590555855,-0.02728635116775634,0.2994605694538901,0.4944148715578257,4h,BNBUSDT,"STOCK model (accurate, unchanged)",all history
19013,0.711881344343344,0.6726700561873304,0.37787651557388235,0.07904708744962344,2.403225806451613,0.6879194630872483,0.19205298013245034,0.4349501844449775,0.3595121521411151,0.42029382945667726,0.574154106865162,0.4944148715578257,4h,BNBUSDT,"STOCK model (calm, unchanged)",all history
19013,0.6700152527218219,0.6705757234356202,0.334388315063307,0.06585635299405602,5.354838709677419,0.5707831325301205,0.2175226586102719,0.4602635967237805,0.3696375980067402,0.23782273165858644,0.5151961816138461,0.4944148715578257,4h,BNBUSDT,EMA200,all history
19013,0.6878977541682008,0.6898881127821046,0.3721139763200019,0.09115568707186748,5.129032258064516,0.5943396226415094,0.16666666666666666,0.34622559625483396,0.313213953299106,0.40574767396745237,0.6607408644198827,0.4944148715578257,4h,BNBUSDT,EMA cross (stock-tuned),all history
19013,0.6885814968705622,0.6907976031600362,0.3738565942115439,0.06676675769618262,11.82258064516129,0.5409276944065484,0.12121212121212122,0.3126204285376645,0.2923778050540408,0.027085570274727834,0.38688206722152013,0.4944148715578257,4h,BNBUSDT,Price vs EMA (stock-tuned),all history
19013,0.6719612896439279,0.6785090927985444,0.349207783627298,0.07453051575461364,3.411290322580645,0.640661938534279,0.09523809523809523,0.3263051523696338,0.29846658046805835,0.3579639264884057,0.6404924482767277,0.4944148715578257,4h,BNBUSDT,SuperTrend (stock-tuned),all history
19013,0.6912112764950297,0.6869260299821072,0.3682669921375958,0.0285208255239629,2.8548387096774195,0.6694915254237288,0.11242603550295859,0.33175884585615323,0.30321330769349597,0.08508509869685255,0.39972871306515234,0.4944148715578257,4h,BNBUSDT,Online directional-change (stock-tuned),all history
19013,0.6665965392100142,0.6657304560001172,0.3251627570236971,0.09336068927171189,1.903225806451613,0.6949152542372882,0.3173076923076923,0.4809860945592126,0.4339575902680842,0.5277036402022182,0.7149378834658283,0.4944148715578257,4h,BNBUSDT,EMA cross (stock calm-tuned),all history
19013,0.6745384736759059,0.6781677787049294,0.34878771324513,0.022602002245356908,2.2419354838709675,0.697841726618705,0.21666666666666667,0.4244739924551316,0.3610162740723051,0.06811657148225798,0.4122951785402229,0.4944148715578257,4h,BNBUSDT,SuperTrend (stock calm-tuned),all history
19013,0.6773786356703309,0.66844527780899,0.3335797715927388,0.008762694835351078,1.5806451612903225,0.7908163265306123,0.25675675675675674,0.45323442205047815,0.4427116026844401,0.0025852032158639954,0.3354634146524776,0.4944148715578257,4h,BNBUSDT,Online directional-change (stock calm-tuned),all history
16898,0.7397916913244171,0.6996056231122685,0.4318685873001334,0.08709690843887459,6.982456140350878,0.5703517587939698,0.08886273914363801,0.3394121294531443,0.2954007581921889,0.32478578450382267,0.7063773171065061,0.8122361533213301,4h,BNBUSDT,"STOCK model (accurate, unchanged)",2019-2026
16898,0.7220381110190555,0.6772772501337048,0.3899154177756132,0.1334123004650603,2.245614035087719,0.69921875,0.18417767888638645,0.4376127388137714,0.3639715932410007,0.8167241166488567,0.990928244833668,0.8122361533213301,4h,BNBUSDT,"STOCK model (calm, unchanged)",2019-2026
16898,0.6841638063676174,0.6820922344587734,0.35604683837689316,0.12815629688968944,4.947368421052632,0.5762411347517731,0.21795673160398654,0.4058370816112977,0.3823082559015302,0.6790471837965707,1.001506666743272,0.8122361533213301,4h,BNBUSDT,EMA200,2019-2026
16898,0.7002603858444786,0.7012693427477965,0.39289175729837894,0.1106279309936242,4.964912280701754,0.5971731448763251,0.16843971631205673,0.33909071096395993,0.317576682731141,0.5600995795633263,0.9636272041269196,0.8122361533213301,4h,BNBUSDT,EMA cross (stock-tuned),2019-2026
16898,0.7004971002485502,0.70175283784531,0.3937723691704404,0.08615021267209717,11.403508771929825,0.5423076923076923,0.11968115177326348,0.31066851179578214,0.29152817062879244,0.15151364671938128,0.684441305871814,0.8122361533213301,4h,BNBUSDT,Price vs EMA (stock-tuned),2019-2026
16898,0.6869452006154575,0.6936179017429597,0.37678860010276777,0.10612798810887934,3.263157894736842,0.6451612903225806,0.08933057484852963,0.31450116494031566,0.2987216283703852,0.5939339291068881,1.011583723772679,0.8122361533213301,4h,BNBUSDT,SuperTrend (stock-tuned),2019-2026
16898,0.7118002130429637,0.707451679707027,0.40716210078213955,0.08939464487828362,2.736842105263158,0.6762820512820513,0.10795067447881182,0.3277294240660229,0.303511414777905,0.5007342822245883,0.9007133990390258,0.8122361533213301,4h,BNBUSDT,Online directional-change (stock-tuned),2019-2026
16898,0.6768256598414013,0.6738958653585391,0.3401478385366488,0.1396817490848829,1.7894736842105263,0.7058823529411765,0.2795093795093795,0.444369962696729,0.4370411849650062,0.8764396173790092,1.1304874975760675,0.8122361533213301,4h,BNBUSDT,EMA cross (stock calm-tuned),2019-2026
16898,0.6900224878683868,0.6944814149221411,0.37878277777628283,0.04777996859306339,2.1403508771929824,0.7049180327868853,0.2107429718875502,0.4232675291477827,0.3708585090220651,0.24203348955906784,0.7430321710844717,0.8122361533213301,4h,BNBUSDT,SuperTrend (stock calm-tuned),2019-2026
16898,0.6867084862113859,0.6740993755874554,0.3448613673111205,0.06639601555362938,1.5263157894736843,0.8045977011494253,0.23913871951219512,0.44508995835664156,0.4427116026844401,0.39101503414217964,0.8085901959143452,0.8122361533213301,4h,BNBUSDT,Online directional-change (stock calm-tuned),2019-2026
16898,0.723162504438395,0.7143936751221924,0.42354184083299246,0.09142785359634394,1.8859649122807018,0.7581395348837209,0.20763431726481207,0.4382519202620646,0.41625448026161643,0.5464858913839207,0.9341205698711686,0.8122361533213301,4h,BNBUSDT,Crypto model C (walk-forward),2019-2026
17953,0.6415083830000557,0.6613301559572251,0.32753569668883703,0.040129671794960596,7.298387096774194,0.5646408839779006,0.13055386488131465,0.35022934296754304,0.32998969776350046,0.034784185802727983,0.12409826814729523,0.16321204112252827,4h,XRPUSDT,"STOCK model (accurate, unchanged)",all history
17953,0.6261349078148499,0.6452720996044512,0.29461248066648077,0.06408218865363131,2.435483870967742,0.6788079470198676,0.22978785805064034,0.4032399432188468,0.3550464356895395,0.35279049168289467,0.32248489291600385,0.16321204112252827,4h,XRPUSDT,"STOCK model (calm, unchanged)",all history
17953,0.6222358380215006,0.6145948097277216,0.22892317484499572,0.027166804922040922,6.040322580645161,0.562082777036048,0.2561881188118812,0.3993608025359592,0.38999824982501274,-0.011894321644911778,0.10440011505922683,0.16321204112252827,4h,XRPUSDT,EMA200,all history
17953,0.6591655990642232,0.6544339335043761,0.30741554990584885,0.05703734705725026,5.201612903225806,0.5891472868217055,0.17343403547671843,0.36907804525022286,0.32791622492320693,0.21617247470765527,0.26423972255445555,0.16321204112252827,4h,XRPUSDT,EMA cross (stock-tuned),all history
17953,0.6632317718487161,0.6588798443065418,0.3161309044396178,0.06447939439573382,11.556451612903226,0.540125610607118,0.12917130144605116,0.32525596738564966,0.3187403057527164,0.06138073305482778,0.15748015634560486,0.16321204112252827,4h,XRPUSDT,Price vs EMA (stock-tuned),all history
17953,0.6681334595889267,0.6614270205301916,0.322519301113629,0.054759731297983574,3.0403225806451615,0.6445623342175066,0.12769850829241175,0.3470756642707791,0.33463956558330543,0.27049738125649714,0.31017941611155847,0.16321204112252827,4h,XRPUSDT,SuperTrend (stock-tuned),all history
17953,0.6663510276833955,0.6641127821417666,0.3257109891502037,0.03245227233753587,2.8548387096774195,0.6666666666666666,0.12903225806451613,0.34161595703670566,0.31616912940462427,0.12634532875069765,0.20179905242678173,0.16321204112252827,4h,XRPUSDT,Online directional-change (stock-tuned),all history
17953,0.6145491004288977,0.605775796651987,0.21170917432820838,0.05315668275427346,1.9274193548387097,0.6820083682008368,0.30761164569454724,0.42840241072247015,0.4096697031897234,0.2956585459266497,0.3172852580361874,0.16321204112252827,4h,XRPUSDT,EMA cross (stock calm-tuned),all history
17953,0.6404500640561466,0.6417963689449021,0.2806238470149326,0.03797245747116695,1.9919354838709677,0.7044534412955465,0.2485294117647059,0.41879568933327954,0.4037936489058838,0.19136123802471847,0.2431645329556635,0.16321204112252827,4h,XRPUSDT,SuperTrend (stock calm-tuned),all history
17953,0.6624519578900462,0.6565363138480642,0.31223015806818716,0.05789718427399473,1.4193548387096775,0.8125,0.2876992833113939,0.4778386620380636,0.4829855936697378,0.3439395024080036,0.35633680477681695,0.16321204112252827,4h,XRPUSDT,Online directional-change (stock calm-tuned),all history
16907,0.6415094339622641,0.6603143300925667,0.326556637422445,0.028390922402403214,7.6371681415929205,0.5619930475086906,0.1271186440677966,0.3502718087872294,0.32998969776350046,-0.05632353378998051,0.09673723150775415,0.2107712489622885,4h,XRPUSDT,"STOCK model (accurate, unchanged)",2019-2026
16907,0.6259537469687112,0.6441764570795264,0.29338890076896385,0.0553340334501648,2.52212389380531,0.6736842105263158,0.23316062176165803,0.4056817998159191,0.3550464356895395,0.28113938691213575,0.30815527860490705,0.2107712489622885,4h,XRPUSDT,"STOCK model (calm, unchanged)",2019-2026
16907,0.6198615957887266,0.613327691514084,0.22636485017227903,0.033034483224610944,6.327433628318584,0.5594405594405595,0.25,0.39856646380738214,0.38136747769640356,0.015362943439309286,0.1557166008675045,0.2107712489622885,4h,XRPUSDT,EMA200,2019-2026
16907,0.6610871236765836,0.6570512346142151,0.3128020425136227,0.04834225646264915,5.353982300884955,0.5867768595041323,0.16326530612244897,0.36817669487740473,0.32285918635391536,0.14597454591920386,0.24929049237868958,0.2107712489622885,4h,XRPUSDT,EMA cross (stock-tuned),2019-2026
16907,0.6654048618915243,0.6617547563567638,0.322027967775501,0.06345155895198393,11.955752212389381,0.538860103626943,0.12790697674418605,0.3181889982238032,0.3187403057527164,0.035760553746914094,0.1731838718442102,0.2107712489622885,4h,XRPUSDT,Price vs EMA (stock-tuned),2019-2026
16907,0.6651091263973502,0.6593582165394904,0.3183517422515567,0.029070417833245005,3.1946902654867255,0.6371191135734072,0.1206896551724138,0.3459674987114167,0.33515674932397355,0.08856567604044745,0.2131178742517794,0.2107712489622885,4h,XRPUSDT,SuperTrend (stock-tuned),2019-2026
16907,0.6645176554090022,0.6619271064633593,0.3219185942035336,0.0314152477899246,2.849557522123894,0.6708074534161491,0.13846153846153847,0.3477115586190919,0.3355315482887991,0.11476693758737351,0.22713410288647254,0.2107712489622885,4h,XRPUSDT,Online directional-change (stock-tuned),2019-2026
16907,0.6189152422073697,0.6114596017196142,0.22302685142281223,0.057191721145906156,1.9646017699115044,0.6801801801801802,0.3018867924528302,0.40338869318957815,0.40636060548814784,0.3109165685361958,0.3602489260159789,0.2107712489622885,4h,XRPUSDT,EMA cross (stock calm-tuned),2019-2026
16907,0.641864316555273,0.6434377506205815,0.28423343767119125,0.0197783066989677,2.079646017699115,0.6936170212765957,0.24705882352941178,0.4183928942196377,0.4037936489058838,0.06323185102191843,0.18871040126425295,0.2107712489622885,4h,XRPUSDT,SuperTrend (stock calm-tuned),2019-2026
16907,0.6594310049092093,0.6531781659085543,0.30623683555941705,0.03988274122133183,1.424778761061947,0.8074534161490683,0.3037037037037037,0.4904341087788843,0.4885712153809563,0.21507451855410603,0.299225482434056,0.2107712489622885,4h,XRPUSDT,Online directional-change (stock calm-tuned),2019-2026
16907,0.6594310049092093,0.6538026186835986,0.30712281793108503,0.011510329516551664,1.8849557522123894,0.755868544600939,0.27692307692307694,0.4931625584958321,0.45051107545594377,0.015465678837232337,0.1562756519171196,0.2107712489622885,4h,XRPUSDT,Crypto model C (walk-forward),2019-2026
18056,0.6936198493575543,0.7123147628005927,0.4310974291472323,0.08146421520505293,7.413223140495868,0.5652173913043478,0.11320754716981132,0.3021193820448857,0.3080415673516376,0.345687205369297,0.26893015921056723,0.0757267818398443,4h,ADAUSDT,"STOCK model (accurate, unchanged)",all history
18056,0.6756202924235711,0.6940775941907198,0.39419802560832257,0.09154195127467478,2.355371900826446,0.6912280701754386,0.2248995983935743,0.4060526413558534,0.40836971582177284,0.5686475346117823,0.4135190808461017,0.0757267818398443,4h,ADAUSDT,"STOCK model (calm, unchanged)",all history
18056,0.6861984935755427,0.6778898562978698,0.357751698241435,0.09671250597035763,4.933884297520661,0.5795644891122278,0.1896551724137931,0.39520785798067976,0.38974629416477685,0.5268683314890934,0.43311862002238966,0.0757267818398443,4h,ADAUSDT,EMA200,all history
18056,0.6998227735932654,0.6967566479008833,0.39178828423970524,0.11513508323296665,5.297520661157025,0.5865834633385335,0.16326530612244897,0.319914876162819,0.331020020914765,0.644571354633011,0.5175326604457672,0.0757267818398443,4h,ADAUSDT,EMA cross (stock-tuned),all history
18056,0.7009858218874613,0.6980256180839463,0.3942675751779933,0.09289508846947162,11.611570247933884,0.5416370106761565,0.12280701754385964,0.2871758669364566,0.27822339134257906,0.2989144562345449,0.2698982845304951,0.0757267818398443,4h,ADAUSDT,Price vs EMA (stock-tuned),all history
18056,0.6731834293309703,0.6691518530569375,0.33705527773465527,0.06636032850136181,3.28099173553719,0.6498740554156172,0.12244897959183673,0.3072121404532338,0.30356175364367866,0.36465203737610746,0.31826567704445013,0.0757267818398443,4h,ADAUSDT,SuperTrend (stock-tuned),all history
18056,0.7037549844926894,0.7031108480439516,0.40331272865138806,0.1082721594270658,3.0578512396694215,0.654054054054054,0.12244897959183673,0.32333315315646377,0.3260379286107078,0.6642590895970204,0.5245489025149158,0.0757267818398443,4h,ADAUSDT,Online directional-change (stock-tuned),all history
18056,0.6799955693398316,0.674584629309619,0.34877654563374333,0.13078296492458805,1.6611570247933884,0.7213930348258707,0.30434782608695654,0.4370768249384259,0.4281598734269726,0.8637109898570936,0.6724732836502222,0.0757267818398443,4h,ADAUSDT,EMA cross (stock calm-tuned),all history
18056,0.6808263181214,0.6811909086309471,0.3593799646678274,0.14050272178780537,1.9256198347107438,0.7253218884120172,0.22727272727272727,0.38275271144962403,0.3972005908218726,0.9237945997478834,0.69901509647934,0.0757267818398443,4h,ADAUSDT,SuperTrend (stock calm-tuned),all history
18056,0.6829308817013735,0.6812236559260205,0.3600966917322009,0.014526687211097605,1.7355371900826446,0.7571428571428571,0.21897810218978103,0.4453477686073854,0.4297421220434212,0.0491749858072299,0.08830479581969354,0.0757267818398443,4h,ADAUSDT,Online directional-change (stock calm-tuned),all history
16907,0.7004790915005619,0.7143328992639801,0.43848273702472407,0.07395410291132223,7.410714285714286,0.5650602409638554,0.11092430082834413,0.3063848877006967,0.30545591575451114,0.28626732351043477,0.3381094920277507,0.24792364690401142,4h,ADAUSDT,"STOCK model (accurate, unchanged)",2019-2026
16907,0.6852191400011829,0.698856787818177,0.4067038710052089,0.08949926629296855,2.357142857142857,0.6893939393939394,0.20144927536231885,0.40732670367284346,0.40700737089488326,0.5456103421206939,0.5055530632568259,0.24792364690401142,4h,ADAUSDT,"STOCK model (calm, unchanged)",2019-2026
16907,0.6818477553675992,0.6767729063141908,0.3550730564540976,0.10538333941131409,4.901785714285714,0.581056466302368,0.1814197649778463,0.3942055332821979,0.39257978589024456,0.578214109623259,0.578129055704649,0.24792364690401142,4h,ADAUSDT,EMA200,2019-2026
16907,0.7019577689714319,0.699637475092705,0.3987364936942624,0.09605143681561563,5.428571428571429,0.5838815789473685,0.15661290322580645,0.31728175819933024,0.3279573995081308,0.4980215018195711,0.5306411069091385,0.24792364690401142,4h,ADAUSDT,EMA cross (stock-tuned),2019-2026
16907,0.7021352102679363,0.6998588120112337,0.3991499730286522,0.08312149218270776,11.848214285714286,0.5410700828937453,0.11988370767301335,0.28892749926029115,0.27393315601218915,0.21573756048640885,0.3310304212817557,0.24792364690401142,4h,ADAUSDT,Price vs EMA (stock-tuned),2019-2026
16907,0.6717927485656828,0.6688634159096134,0.3374509047289092,0.052345224510752936,3.357142857142857,0.6462765957446809,0.11246732439497428,0.30695409849973276,0.29941022164507464,0.2594268433151013,0.3635763883927064,0.24792364690401142,4h,ADAUSDT,SuperTrend (stock-tuned),2019-2026
16907,0.707635890459573,0.7064797927324022,0.4117223482715944,0.10874716136267269,3.0,0.6577380952380952,0.11860153897624623,0.3255368660733949,0.3260379286107078,0.6587459488004342,0.6434457691473933,0.24792364690401142,4h,ADAUSDT,Online directional-change (stock-tuned),2019-2026
16907,0.6839179038268173,0.6801206466447771,0.3606716998622129,0.1320849578921637,1.6964285714285714,0.7210526315789474,0.3002186057809084,0.4236128373963612,0.4246832423878752,0.8588206238068793,0.7803042484354824,0.24792364690401142,4h,ADAUSDT,EMA cross (stock calm-tuned),2019-2026
16907,0.689714319512628,0.6896193607220935,0.377617330767646,0.12481859359991296,1.9553571428571428,0.7214611872146118,0.21614641814507074,0.37808020421330935,0.3949768366060711,0.8010596694382193,0.7281054656281442,0.24792364690401142,4h,ADAUSDT,SuperTrend (stock calm-tuned),2019-2026
16907,0.6860471993848701,0.6844118431890205,0.3678447275770754,4.284113407283878e-06,1.7321428571428572,0.7628865979381443,0.22060016220600162,0.45849056605078886,0.46163953564971394,-0.052103933647509586,0.1383932006629172,0.24792364690401142,4h,ADAUSDT,Online directional-change (stock calm-tuned),2019-2026
16907,0.7360856449991128,0.7343247390466427,0.46785311988054595,0.07975631117424295,1.8660714285714286,0.7655502392344498,0.2123266078184111,0.4409914784383463,0.4297421220434212,0.49325612584350015,0.5194757069256674,0.24792364690401142,4h,ADAUSDT,Crypto model C (walk-forward),2019-2026
17720,0.7369074492099322,0.7041241030736903,0.4431141753878427,0.05343062388503299,6.983333333333333,0.5656324582338902,0.11152570480928689,0.3126991808608537,0.2948159296663105,0.0844552257896182,0.31747739868090885,0.42041783520559395,4h,TRXUSDT,"STOCK model (accurate, unchanged)",all history
17720,0.7111738148984199,0.673446821575421,0.3852421025757458,0.08296286514771833,2.0166666666666666,0.7024793388429752,0.21034452983334773,0.40713594765278316,0.37173826647541874,0.45130110016816577,0.530030599869293,0.42041783520559395,4h,TRXUSDT,"STOCK model (calm, unchanged)",all history
17720,0.6418735891647855,0.6319953649522383,0.262448545691202,0.000830762237174116,5.958333333333333,0.5636363636363636,0.20272446387892434,0.36586439085223765,0.37827152754038834,-0.2107914113452374,0.13735647245109983,0.42041783520559395,4h,TRXUSDT,EMA200,all history
17720,0.6943566591422122,0.691148874498819,0.3776133213012107,-0.017927614029051242,5.558333333333334,0.5847076461769115,0.15734265734265734,0.3516188114052514,0.3618230477698492,-0.31483317414117024,0.0712422900620654,0.42041783520559395,4h,TRXUSDT,EMA cross (stock-tuned),all history
17720,0.6959367945823928,0.6931386437203191,0.3813989905802658,0.02472787716147807,11.758333333333333,0.5407512402551382,0.11207729468599034,0.3082494469150035,0.29770322354737394,-0.27007768263150916,0.10276031654755845,0.42041783520559395,4h,TRXUSDT,Price vs EMA (stock-tuned),all history
17720,0.6556433408577879,0.6644962274210614,0.3233006947494602,-0.028890870355232384,4.033333333333333,0.6136363636363636,0.09750791139240506,0.29999968765772034,0.28901246206338743,-0.32883564085855804,0.06704035534281608,0.42041783520559395,4h,TRXUSDT,SuperTrend (stock-tuned),all history
17720,0.7327878103837472,0.7256990949441995,0.44916224050291753,0.14212121920011941,2.3833333333333333,0.7027972027972028,0.12588028169014084,0.32409264694769263,0.3243331893620638,0.8119875351524964,0.8401774586244154,0.42041783520559395,4h,TRXUSDT,Online directional-change (stock-tuned),all history
17720,0.6420428893905192,0.6335450357284932,0.2649647571702132,0.05026977061659277,1.9416666666666667,0.6781115879828327,0.35521181716833894,0.46466427556033335,0.41536018758176646,0.24733980707723605,0.4341169039302251,0.42041783520559395,4h,TRXUSDT,EMA cross (stock calm-tuned),all history
17720,0.6738148984198645,0.6728892953175784,0.34057298163193134,0.029745335646390213,2.308333333333333,0.6931407942238267,0.22033302063789867,0.4184202994403764,0.3875419941302533,0.10432925397301102,0.3506769611016357,0.42041783520559395,4h,TRXUSDT,SuperTrend (stock calm-tuned),all history
17720,0.6605530474040632,0.6518093688048741,0.3016271575870342,0.062311416283889184,1.35,0.8209876543209876,0.2866707242848448,0.4718688488057787,0.467502408248114,0.3449719337430154,0.5250999289161308,0.42041783520559395,4h,TRXUSDT,Online directional-change (stock calm-tuned),all history
16902,0.742515678617915,0.7066169378987402,0.44880678282475117,0.054514391441298875,6.93859649122807,0.5663716814159292,0.11152570480928689,0.3126991808608537,0.29630826803072885,0.08652811740323191,0.3530889866945282,0.4759731203952999,4h,TRXUSDT,"STOCK model (accurate, unchanged)",2019-2026
16902,0.715122470713525,0.6737495990199176,0.38606129698464425,0.08540890742278794,2.0,0.7017543859649122,0.21034452983334773,0.40713594765278316,0.37755942216600874,0.4644141849860471,0.5697178648357026,0.4759731203952999,4h,TRXUSDT,"STOCK model (calm, unchanged)",2019-2026
16902,0.6440066264347415,0.6313130648511508,0.2611400793082295,0.008358988512504063,5.912280701754386,0.5637982195845698,0.20272446387892434,0.36586439085223765,0.37545353457909886,-0.16639627672468751,0.19842422102537996,0.4759731203952999,4h,TRXUSDT,EMA200,2019-2026
16902,0.6961898000236658,0.692370252100833,0.37907037020730694,-0.01880493962602996,5.587719298245614,0.5839874411302983,0.15734265734265734,0.3516188114052514,0.3626452361707392,-0.32559253479254285,0.10109144224047893,0.4759731203952999,4h,TRXUSDT,EMA cross (stock-tuned),2019-2026
16902,0.6968406105786298,0.6934951018470766,0.3811041636500881,0.0325716656616539,11.763157894736842,0.540641312453393,0.11337792642140468,0.3066597882325056,0.29770322354737394,-0.23058193902066498,0.16681933291020262,0.4759731203952999,4h,TRXUSDT,Price vs EMA (stock-tuned),2019-2026
16902,0.6634126138918471,0.6742211906365794,0.34116549555397213,-0.016080684255104748,4.06140350877193,0.6133909287257019,0.10165331955567036,0.30261235183278834,0.28901246206338743,-0.2518811670450432,0.16506909751711596,0.4759731203952999,4h,TRXUSDT,SuperTrend (stock-tuned),2019-2026
16902,0.7350017749378772,0.7276339527891655,0.4517283092177887,0.13003572965890953,2.3157894736842106,0.7083333333333334,0.1277367173337052,0.32575399852308967,0.32599059885109355,0.7341344769165028,0.82450197475217,0.4759731203952999,4h,TRXUSDT,Online directional-change (stock-tuned),2019-2026
16902,0.6435924742634008,0.6334120225902518,0.2642524466086848,0.04828402173423115,1.9824561403508771,0.672566371681416,0.35485569181221355,0.4574294605294561,0.4117838569487575,0.23096676428558152,0.4540944778686406,0.4759731203952999,4h,TRXUSDT,EMA cross (stock calm-tuned),2019-2026
16902,0.673411430599929,0.6745750269100239,0.3422981361316128,0.015497583385600942,2.3508771929824563,0.6902985074626866,0.22033302063789867,0.41874706715806953,0.3957766602266255,0.010585991505872586,0.3276591275857359,0.4759731203952999,4h,TRXUSDT,SuperTrend (stock calm-tuned),2019-2026
16902,0.661282688439238,0.6514401265730668,0.30015971503293454,0.06295676152961815,1.2894736842105263,0.8367346938775511,0.30772946859903383,0.4800076876791126,0.467502408248114,0.34923800740561955,0.565503269441502,0.4759731203952999,4h,TRXUSDT,Online directional-change (stock calm-tuned),2019-2026
16902,0.7082002129925452,0.7050268350149165,0.40395999083826883,0.08534826436731116,1.763157894736842,0.7711442786069652,0.2725783257502534,0.44041156486322297,0.43758019951169697,0.47294309487171327,0.6545154437747549,0.4759731203952999,4h,TRXUSDT,Crypto model C (walk-forward),2019-2026
15397,0.6616873416899396,0.6804039125207032,0.3648584560548231,0.07742271454369216,7.796116504854369,0.5579078455790785,0.12408759124087591,0.29191340558415335,0.32640819236277435,0.29108643583004096,0.43604776039423454,0.4449202964464356,4h,DOGEUSDT,"STOCK model (accurate, unchanged)",all history
15397,0.6360329934402805,0.6546901796735436,0.3133084619861055,0.0698362530045816,2.5728155339805827,0.6566037735849056,0.2413793103448276,0.3607471575967328,0.3644785843695313,0.37230318786041927,0.47929991398895966,0.4449202964464356,4h,DOGEUSDT,"STOCK model (calm, unchanged)",all history
15397,0.6131713970253946,0.6052940870516175,0.21042168982873874,0.13721200096681313,4.533980582524272,0.5867237687366167,0.2773722627737226,0.39905601467169943,0.403880118814754,0.7443529803430248,0.720816758093398,0.4449202964464356,4h,DOGEUSDT,EMA200,all history
15397,0.6744820419562252,0.668935168263938,0.3369772046715002,0.1107374049545792,5.368932038834951,0.5822784810126582,0.15384615384615385,0.3110084359192822,0.3307698150150638,0.5586006690269895,0.634881831219017,0.4449202964464356,4h,DOGEUSDT,EMA cross (stock-tuned),all history
15397,0.6807170227966487,0.6753996550302154,0.34981434635379033,0.1265519336440248,12.16504854368932,0.5379090183559457,0.11949685534591195,0.26735994678983527,0.29865391586312323,0.49000642754172513,0.593465163152118,0.4449202964464356,4h,DOGEUSDT,Price vs EMA (stock-tuned),all history
15397,0.6652594661297655,0.6561538902198908,0.3136377535484682,0.04881571360571104,3.1359223300970873,0.628482972136223,0.12807881773399016,0.29191340558415335,0.3081013766633024,0.22730179161780933,0.4511238118384524,0.4449202964464356,4h,DOGEUSDT,SuperTrend (stock-tuned),all history
15397,0.7040982009482367,0.6985514657252024,0.3965018705211815,0.12225427274324725,2.737864077669903,0.6702127659574468,0.1346153846153846,0.30987685649557517,0.30685581942762646,0.6952585740891033,0.7570069247974026,0.4449202964464356,4h,DOGEUSDT,Online directional-change (stock-tuned),all history
15397,0.6240826134961356,0.6174952768464901,0.23435387677117103,0.12709595121773015,1.6213592233009708,0.7305389221556886,0.35344827586206895,0.4243609121504863,0.44588964137443443,0.7531046005450346,0.7294886341828353,0.4449202964464356,4h,DOGEUSDT,EMA cross (stock calm-tuned),all history
15397,0.6612327076703254,0.6603000748369765,0.3177819853713278,0.13030830811594235,1.6796116504854368,0.7514450867052023,0.2564102564102564,0.382635200498704,0.3717314293847295,0.7715489162762603,0.7493376201900092,0.4449202964464356,4h,DOGEUSDT,SuperTrend (stock calm-tuned),all history
15397,0.6123920244203416,0.6067644930118836,0.21253796320341797,0.061119324921920036,1.5339805825242718,0.7721518987341772,0.3076923076923077,0.4352300486963722,0.41465887018247505,0.3435118460832277,0.513251468462244,0.4449202964464356,4h,DOGEUSDT,Online directional-change (stock calm-tuned),all history
15797,0.6605051592074445,0.680806491288997,0.3642756196319414,0.06922326709388658,7.775700934579439,0.5588942307692307,0.12849162011173185,0.2974447793131436,0.3211120196617749,0.2366780443947842,0.3697349096557082,0.3866639691842754,4h,DOGEUSDT,"STOCK model (accurate, unchanged)",2019-2026
15797,0.6336013167057036,0.6538361974274784,0.31044321852062434,0.05952481004890271,2.560747663551402,0.6605839416058394,0.25,0.3834606171022642,0.3644785843695313,0.30726107858018414,0.40738502225989187,0.3866639691842754,4h,DOGEUSDT,"STOCK model (calm, unchanged)",2019-2026
15797,0.6189149838576945,0.6089040967497514,0.21788051821394533,0.1403904428161924,4.401869158878505,0.5859872611464968,0.2773722627737226,0.39905601467169943,0.40183102926814596,0.7659203184483193,0.7009734433304999,0.3866639691842754,4h,DOGEUSDT,EMA200,2019-2026
15797,0.6776603152497309,0.6709192084721148,0.3408245358607215,0.11128486913150598,5.261682242990654,0.5825932504440497,0.15384615384615385,0.3110084359192822,0.3339007320825531,0.5624935166204846,0.6021730875784476,0.3866639691842754,4h,DOGEUSDT,EMA cross (stock-tuned),2019-2026
15797,0.6841805406089764,0.6777212594121454,0.3543185984781518,0.1255390537709261,11.97196261682243,0.5386416861826698,0.11949685534591195,0.26735994678983527,0.29865391586312323,0.48274259878438824,0.5534017946072474,0.3866639691842754,4h,DOGEUSDT,Price vs EMA (stock-tuned),2019-2026
15797,0.6647464708488954,0.6545387374570502,0.3100952462595029,0.044333295885849916,3.0841121495327104,0.6303030303030303,0.13157894736842105,0.2949437752661775,0.30834967301240696,0.1992300657533808,0.3936637614986276,0.3866639691842754,4h,DOGEUSDT,SuperTrend (stock-tuned),2019-2026
15797,0.6901310375387731,0.6864637925092214,0.37026375101627146,0.11197773334483652,2.635514018691589,0.6702127659574468,0.1346153846153846,0.30987685649557517,0.3076423637723552,0.6329271512785385,0.6751119360979754,0.3866639691842754,4h,DOGEUSDT,Online directional-change (stock-tuned),2019-2026
15797,0.628473760840666,0.6200392945560835,0.23954639621114698,0.12816726118371655,1.5981308411214954,0.7309941520467836,0.35344827586206895,0.4243609121504863,0.4457192947199803,0.7602791565137249,0.7006524774506476,0.3866639691842754,4h,DOGEUSDT,EMA cross (stock calm-tuned),2019-2026
15797,0.6586060644426157,0.6572160685909274,0.31115517189586855,0.12273049945733792,1.6635514018691588,0.7528089887640449,0.26195426195426197,0.3994588379452774,0.3707370689957939,0.7245173303326998,0.6854698768905779,0.3866639691842754,4h,DOGEUSDT,SuperTrend (stock calm-tuned),2019-2026
15797,0.6007469772741659,0.5967902841139298,0.1917508835123685,0.05189563415107055,1.4766355140186915,0.7721518987341772,0.3076923076923077,0.4352300486963722,0.42487621740748105,0.2869070115695511,0.43739926316576255,0.3866639691842754,4h,DOGEUSDT,Online directional-change (stock calm-tuned),2019-2026
15797,0.6723428499082105,0.6613007982893705,0.32444539391136545,0.08141747963089925,1.841121495327103,0.751269035532995,0.2564102564102564,0.39905601467169943,0.3934654145501476,0.4620652401979931,0.5750087108660047,0.3866639691842754,4h,DOGEUSDT,Crypto model C (walk-forward),2019-2026
16032,0.716941117764471,0.7135005898521023,0.4487017800925562,0.1411399719206723,6.711538461538462,0.5744985673352435,0.1225140712945591,0.3149831208391866,0.3131328986275961,0.7983534261354698,0.728339723948026,0.35776689632703906,4h,ZECUSDT,"STOCK model (accurate, unchanged)",all history
16032,0.6928642714570858,0.6893360161717714,0.39880712622935904,0.09344178303065866,2.519230769230769,0.6717557251908397,0.20970695970695968,0.3555731745791197,0.39609375265839,0.5761624716320252,0.5816365832345181,0.35776689632703906,4h,ZECUSDT,"STOCK model (calm, unchanged)",all history
16032,0.6903692614770459,0.6911750268377529,0.38296144787897535,0.13026775783400524,5.0576923076923075,0.5817490494296578,0.22222728100528136,0.3477888308593494,0.38828296723507993,0.7649867736784781,0.7759613081692064,0.35776689632703906,4h,ZECUSDT,EMA200,all history
16032,0.6975424151696606,0.6977225852605005,0.3953481614379917,0.11011191072151552,5.480769230769231,0.5894736842105263,0.1470414201183432,0.2855300288741468,0.3102959671714945,0.6167338857814324,0.6829383214574551,0.35776689632703906,4h,ZECUSDT,EMA cross (stock-tuned),all history
16032,0.7006611776447106,0.7008602935649917,0.4016263890611338,0.10228806884355207,11.73076923076923,0.5426229508196722,0.11470985155195682,0.24116740591215893,0.2799690619380385,0.408660174680577,0.5395127075779186,0.35776689632703906,4h,ZECUSDT,Price vs EMA (stock-tuned),all history
16032,0.6816367265469062,0.681841547490144,0.363602142512556,0.050705138880594296,3.548076923076923,0.6395663956639567,0.1388888888888889,0.3134838103841786,0.2950319102757865,0.2586509730837244,0.4374713938292261,0.35776689632703906,4h,ZECUSDT,SuperTrend (stock-tuned),all history
16032,0.7024076846307385,0.7020920982707632,0.404348592906585,0.012422819548639658,3.5576923076923075,0.6324324324324324,0.12039337474120082,0.307037595003836,0.29620061867575626,-0.003099049569752366,0.24857269536696205,0.35776689632703906,4h,ZECUSDT,Online directional-change (stock-tuned),all history
16032,0.6966691616766467,0.6972924836338483,0.3948782895847241,0.12509429761852936,1.6538461538461537,0.7209302325581395,0.3309121621621622,0.43814740374860356,0.43100788670425794,0.8138827288198301,0.8038405972597407,0.35776689632703906,4h,ZECUSDT,EMA cross (stock calm-tuned),all history
16032,0.6838822355289421,0.6837051291635421,0.3674167117151832,0.07145537665772866,2.173076923076923,0.7079646017699115,0.2317387440758294,0.3746690320318953,0.3812588295762767,0.434430638038826,0.5469080759412057,0.35776689632703906,4h,ZECUSDT,SuperTrend (stock calm-tuned),all history
16032,0.7087699600798403,0.7077923384266687,0.41733414831508003,0.07836365195561533,1.7115384615384615,0.7865168539325843,0.18978937728937728,0.435100254049174,0.4422386296422924,0.4929922363983484,0.5760672748086637,0.35776689632703906,4h,ZECUSDT,Online directional-change (stock calm-tuned),all history
16432,0.7153115871470301,0.7124434928850225,0.4465619267179601,0.13585835007473107,6.752293577981652,0.5720108695652174,0.12195121951219512,0.3163002868218034,0.31295496072681,0.7590335408500537,0.7173448397095583,0.3816449612383594,4h,ZECUSDT,"STOCK model (accurate, unchanged)",2019-2026
16432,0.6910296981499513,0.6880608299530838,0.39663065825306193,0.08848713148118517,2.4954128440366974,0.6691176470588235,0.21428571428571427,0.36631524696260903,0.3906199083672822,0.5427744045717569,0.5744239995706176,0.3816449612383594,4h,ZECUSDT,"STOCK model (calm, unchanged)",2019-2026
16432,0.6888997078870497,0.6894957048746269,0.37949948883203494,0.13028024334928914,4.926605504587156,0.5828677839851024,0.23684210526315788,0.347452567440925,0.3950863109096525,0.7672781181760279,0.7910524773012584,0.3816449612383594,4h,ZECUSDT,EMA200,2019-2026
16432,0.698636806231743,0.6987710232757764,0.3974777277338004,0.10354447192164888,5.440366972477064,0.5885328836424958,0.14615384615384616,0.28338676349580916,0.31589417405264386,0.5709548309494547,0.6655537173450009,0.3816449612383594,4h,ZECUSDT,EMA cross (stock-tuned),2019-2026
16432,0.7013753651411879,0.7015140725777511,0.40296391480663807,0.09725681701143674,11.605504587155963,0.542292490118577,0.11403508771929824,0.23827188071948838,0.2799690619380385,0.3710658412422145,0.5281962491680122,0.3816449612383594,4h,ZECUSDT,Price vs EMA (stock-tuned),2019-2026
16432,0.6796494644595911,0.6798698129895864,0.3597210747931241,0.04735091975366851,3.467889908256881,0.6402116402116402,0.1388888888888889,0.31903531885828346,0.2896903810090996,0.23616698776534012,0.4382507622530436,0.3816449612383594,4h,ZECUSDT,SuperTrend (stock-tuned),2019-2026
16432,0.6957765335929893,0.6952733577326906,0.3911831477666671,0.016626528927216073,3.3944954128440368,0.6324324324324324,0.12173913043478261,0.3081868580401743,0.29620061867575626,0.027585409545961143,0.28498269998598696,0.3816449612383594,4h,ZECUSDT,Online directional-change (stock-tuned),2019-2026
16432,0.694620253164557,0.6950833921339734,0.39042411223432266,0.12509196044482462,1.6238532110091743,0.7231638418079096,0.3375,0.408324294330461,0.43100788670425794,0.8157719970866245,0.8191188796283431,0.3816449612383594,4h,ZECUSDT,EMA cross (stock calm-tuned),2019-2026
16432,0.6811708860759493,0.6808717764885972,0.3619419276590478,0.0734092840888942,2.110091743119266,0.7086956521739131,0.23222748815165878,0.3812707113935417,0.38340274687170256,0.4492214402199961,0.5707873220389211,0.3816449612383594,4h,ZECUSDT,SuperTrend (stock calm-tuned),2019-2026
16432,0.7019839337877313,0.7009455614182559,0.4045658341269315,0.08114791396478253,1.6330275229357798,0.7865168539325843,0.19047619047619047,0.44303015307036486,0.4422386296422924,0.5143131209735837,0.6033156805711586,0.3816449612383594,4h,ZECUSDT,Online directional-change (stock calm-tuned),2019-2026
16432,0.7332643622200584,0.732909827938457,0.4662282976974463,0.07771323564186053,2.0091743119266057,0.7442922374429224,0.21666666666666667,0.4252364171964331,0.400014371421716,0.48124087215055994,0.5878662520163791,0.3816449612383594,4h,ZECUSDT,Crypto model C (walk-forward),2019-2026
14524,0.6766042412558524,0.6836461855478158,0.3788112805660461,0.023504452774226994,7.596153846153846,0.5658227848101266,0.1569437692432345,0.3397753941458147,0.33314938897426905,-0.10059193198470212,-0.07662800743234985,-0.01929818201549622,4h,BCHUSDT,"STOCK model (accurate, unchanged)",all history
14524,0.6560176259983476,0.6631294911089932,0.33692836801300685,0.04865314077442605,2.3076923076923075,0.7041666666666667,0.26229656419529834,0.40395966763431834,0.41268946989649313,0.2524548796448106,0.1476590969434676,-0.01929818201549622,4h,BCHUSDT,"STOCK model (calm, unchanged)",all history
14524,0.6441063068025338,0.6418538634708191,0.284773417203434,0.030215253495883408,5.3076923076923075,0.5851449275362319,0.2884235020360675,0.4118844855090172,0.39608714924760113,0.023714326937602545,0.0030691848547667443,-0.01929818201549622,4h,BCHUSDT,EMA200,all history
14524,0.6724731478931424,0.6709488760357896,0.34242361597678983,0.11801617095537402,4.961538461538462,0.5949612403100775,0.18223300970873785,0.327233665604281,0.339502000473232,0.6343234993565044,0.43402468428605323,-0.01929818201549622,4h,BCHUSDT,EMA cross (stock-tuned),all history
14524,0.6735747727898651,0.6722486114112187,0.3448403208992048,0.0702385903069719,10.76923076923077,0.54375,0.12678571428571428,0.29340530022600875,0.32110693353291575,0.10899583734186367,0.06381313000585324,-0.01929818201549622,4h,BCHUSDT,Price vs EMA (stock-tuned),all history
14524,0.6605618286973286,0.6589795636025723,0.3184718344054054,0.04052215337762752,3.269230769230769,0.6411764705882353,0.14037870049980777,0.3239203684846854,0.32012274367195326,0.1639808285963902,0.1045162847583361,-0.01929818201549622,4h,BCHUSDT,SuperTrend (stock-tuned),all history
14524,0.6848664279812724,0.6853053655592258,0.3701042591331252,-0.0015693817994792976,2.9038461538461537,0.6655629139072847,0.1282416192283365,0.3396368579953827,0.342064600594874,-0.11041433544296293,-0.0901995512982917,-0.01929818201549622,4h,BCHUSDT,Online directional-change (stock-tuned),all history
14524,0.6432112365739465,0.6409527229908654,0.28296834261253195,0.049489483376588025,1.7307692307692308,0.7388888888888889,0.4072733256541057,0.49701518265144085,0.47927093431996876,0.27795719834747495,0.18135161930881902,-0.01929818201549622,4h,BCHUSDT,EMA cross (stock calm-tuned),all history
14524,0.6681354998622969,0.6677806712335759,0.3352640142994011,0.04654836893604342,2.0961538461538463,0.7155963302752294,0.24282831588132636,0.3888653460461436,0.4131751504781682,0.24534458938598994,0.16014466791378695,-0.01929818201549622,4h,BCHUSDT,SuperTrend (stock calm-tuned),all history
14524,0.6854172404296337,0.6859949729469615,0.37148158909095147,0.023892098504991625,1.5,0.8205128205128205,0.3119008112094396,0.490758538952363,0.4734931010862156,0.11137080445895642,0.06258468276019911,-0.01929818201549622,4h,BCHUSDT,Online directional-change (stock calm-tuned),all history
14924,0.6754221388367729,0.6818202923364216,0.3766536642924427,0.03142953456641507,7.394495412844036,0.5669975186104218,0.1618457300275482,0.3397753941458147,0.3287044978410984,-0.04253027344791645,0.017894667948106877,0.07072414908502343,4h,BCHUSDT,"STOCK model (accurate, unchanged)",2019-2026
14924,0.653913160010721,0.6603981215510737,0.3328274236746934,0.058136503361401005,2.238532110091743,0.7090163934426229,0.27364532019704435,0.4125867238774829,0.411242467684628,0.32161351019127754,0.24688828149590272,0.07072414908502343,4h,BCHUSDT,"STOCK model (calm, unchanged)",2019-2026
14924,0.6456714017689628,0.6438144987053558,0.28862499614541653,0.04309072678718948,5.128440366972477,0.5849731663685152,0.2884235020360675,0.40264136029770126,0.3944103714230552,0.11694981114994638,0.12926078746920308,0.07072414908502343,4h,BCHUSDT,EMA200,2019-2026
14924,0.673478960064326,0.672239784569816,0.3449701543080787,0.12178816753382075,4.834862385321101,0.5958254269449715,0.17990536277602523,0.3242208086138317,0.339502000473232,0.6687565590510314,0.5178640977003128,0.07072414908502343,4h,BCHUSDT,EMA cross (stock-tuned),2019-2026
14924,0.6746850710265344,0.6736197330144036,0.34756014443181676,0.0804222562136863,10.46788990825688,0.544259421560035,0.12678571428571428,0.29057261849491123,0.32012274367195326,0.18689608094010793,0.1817033593001885,0.07072414908502343,4h,BCHUSDT,Price vs EMA (stock-tuned),2019-2026
14924,0.6594746716697936,0.6584725321548253,0.3171577390896675,0.045282307101505805,3.1926605504587156,0.6436781609195402,0.14236282748393475,0.3264236774521516,0.3175541013144485,0.1997718551696978,0.19368271231625764,0.07072414908502343,4h,BCHUSDT,SuperTrend (stock-tuned),2019-2026
14924,0.682591798445457,0.6835254225599453,0.3667775462075062,0.011495194994141299,2.770642201834862,0.6655629139072847,0.1297335203366059,0.34096569476259453,0.33965861206162523,-0.01787282296363791,0.03626048796568256,0.07072414908502343,4h,BCHUSDT,Online directional-change (stock-tuned),2019-2026
14924,0.6447333154650228,0.6428989362601961,0.28675834841105124,0.06138643991467111,1.6788990825688073,0.7377049180327869,0.39904200442151805,0.49190388411429486,0.47725761783698595,0.3635342992743823,0.3017507604399318,0.07072414908502343,4h,BCHUSDT,EMA cross (stock calm-tuned),2019-2026
14924,0.6697266148485661,0.6696422176184349,0.3389943123065789,0.055972788887819355,2.036697247706422,0.7162162162162162,0.24282831588132636,0.3888653460461436,0.41268946989649313,0.3137588709264036,0.26970751995610587,0.07072414908502343,4h,BCHUSDT,SuperTrend (stock calm-tuned),2019-2026
14924,0.6831278477619941,0.6841788455512346,0.3681336989836059,0.036027394651434355,1.4311926605504588,0.8205128205128205,0.32637979930191974,0.5019439342322711,0.47276588678319564,0.19775242365953663,0.18029513124801716,0.07072414908502343,4h,BCHUSDT,Online directional-change (stock calm-tuned),2019-2026
14924,0.7030956848030019,0.7021384035847633,0.40459659021289107,0.08380476888626363,1.6972477064220184,0.7783783783783784,0.22934407364787113,0.449328430092911,0.4614697383667494,0.5172009689432436,0.4122820363206005,0.07072414908502343,4h,BCHUSDT,Crypto model C (walk-forward),2019-2026
12983,0.7147038434876377,0.7075769511234811,0.4345632266453171,0.1312379239249064,7.045977011494253,0.5709624796084829,0.10404624277456648,0.32620263568187763,0.28744640503970437,0.7084415919142222,0.810663320793622,0.6007213679296389,4h,SOLUSDT,"STOCK model (accurate, unchanged)",all history
12983,0.6847415851498113,0.6769860493521904,0.3732551293803733,0.1285793233332149,2.4482758620689653,0.6901408450704225,0.22413793103448276,0.4177050572038608,0.34830863284291036,0.8100193932579337,0.8668474019540222,0.6007213679296389,4h,SOLUSDT,"STOCK model (calm, unchanged)",all history
12983,0.650311946391435,0.6510218083621087,0.3016697633721457,0.1448020951914147,5.091954022988506,0.5801354401805869,0.25477707006369427,0.35968942042514557,0.3794273439317525,0.8515192836951586,0.9858549947722393,0.6007213679296389,4h,SOLUSDT,EMA200,all history
12983,0.7076946776553955,0.7081955237781441,0.41584512518198286,0.15185263461569906,5.137931034482759,0.5928411633109619,0.14027149321266968,0.3295791809003338,0.31033265976932833,0.8983612493056529,1.0291248507458082,0.6007213679296389,4h,SOLUSDT,EMA cross (stock-tuned),all history
12983,0.7106986058692136,0.7111480197395057,0.42174522756461186,0.11611551702096519,12.03448275862069,0.5405921680993314,0.09615384615384616,0.27617669087870367,0.2657265489370976,0.4756402494427083,0.7373916350313313,0.6007213679296389,4h,SOLUSDT,Price vs EMA (stock-tuned),all history
12983,0.6889778941692983,0.6893780834650043,0.37826168742131544,0.08848663866606288,3.367816091954023,0.6450511945392492,0.13529411764705881,0.2878220435350838,0.28793981031929566,0.5134737885128243,0.760756765280422,0.6007213679296389,4h,SOLUSDT,SuperTrend (stock-tuned),all history
12983,0.7290302703535393,0.728119711391768,0.4564335859314631,0.0629489925642984,3.0114942528735633,0.6679389312977099,0.12941176470588237,0.3322537860992036,0.3214796546564486,0.3493144834072986,0.6377018981936285,0.6007213679296389,4h,SOLUSDT,Online directional-change (stock-tuned),all history
12983,0.6619425402449357,0.6622676581340853,0.3241118162761745,0.13314405684372788,1.9425287356321839,0.7100591715976331,0.3319327731092437,0.4262076057361462,0.4285554058207028,0.8544499008822923,0.9896192212878094,0.6007213679296389,4h,SOLUSDT,EMA cross (stock calm-tuned),all history
12983,0.6939074173919741,0.6937272335854829,0.3870857560569752,0.14448401753187767,2.057471264367816,0.7262569832402235,0.22277227722772278,0.38747152262543083,0.3733352424053809,0.9283562737431617,1.0410615534460748,0.6007213679296389,4h,SOLUSDT,SuperTrend (stock calm-tuned),all history
12983,0.660787183239621,0.6593490197343663,0.3191190128571916,-0.014005469405164384,1.7701149425287357,0.7792207792207793,0.26785714285714285,0.46483784157075697,0.44989121681834815,-0.1412485459953899,0.30344270128175216,0.6007213679296389,4h,SOLUSDT,Online directional-change (stock calm-tuned),all history
13383,0.7058955391167899,0.7009822442399247,0.4215063639451383,0.10724863004689246,6.787234042553192,0.5721003134796239,0.10502678852820674,0.3275204996514671,0.2993889813636333,0.5545402705164544,0.674582779181707,0.5203452003506047,4h,SOLUSDT,"STOCK model (accurate, unchanged)",2019-2026
13383,0.6750354927893596,0.6696719192487611,0.3588846231726883,0.10744140343853724,2.3404255319148937,0.6863636363636364,0.2379948914431673,0.4155480328388045,0.34830863284291036,0.6732983213095851,0.7412842071952882,0.5203452003506047,4h,SOLUSDT,"STOCK model (calm, unchanged)",2019-2026
13383,0.6518717776283345,0.6523768918525398,0.3046346556591889,0.12172220550261843,5.095744680851064,0.5824634655532359,0.2598671675104796,0.36774146093038906,0.3862807048307819,0.6983355289602241,0.8432957083840538,0.5203452003506047,4h,SOLUSDT,EMA200,2019-2026
13383,0.7048494358514533,0.7051233715382668,0.4100105374524172,0.1274004480266741,5.01063829787234,0.5923566878980892,0.15133897110641298,0.33838673499246674,0.31242950637974576,0.7394377511973759,0.8829292059717729,0.5203452003506047,4h,SOLUSDT,EMA cross (stock-tuned),2019-2026
13383,0.7076888590002242,0.7079203001778716,0.4156002550912653,0.0859797829376866,11.606382978723405,0.5426214482126489,0.10252817189233374,0.28554914226425865,0.28026944495751704,0.28161471661949616,0.5601715763444508,0.5203452003506047,4h,SOLUSDT,Price vs EMA (stock-tuned),2019-2026
13383,0.6805648957632818,0.6804826361511349,0.3608094197367909,0.07742034938009713,3.1914893617021276,0.6466666666666666,0.13741450068399452,0.2926892815303945,0.28843321559888696,0.4452874483234287,0.6642454300030822,0.5203452003506047,4h,SOLUSDT,SuperTrend (stock-tuned),2019-2026
13383,0.7143390869012927,0.7131056222176272,0.4275880226293682,0.05231356640895747,2.7872340425531914,0.6679389312977099,0.11827731092436974,0.3242270736302627,0.32855571990767857,0.2842707216394101,0.521415760171525,0.5203452003506047,4h,SOLUSDT,Online directional-change (stock-tuned),2019-2026
13383,0.6630053052379885,0.6632765981784983,0.32636826175542777,0.11361833336146124,1.8617021276595744,0.7142857142857143,0.3136936592818946,0.4301999049368074,0.4438227602824638,0.7283862911043829,0.8587167273813155,0.5203452003506047,4h,SOLUSDT,EMA cross (stock calm-tuned),2019-2026
13383,0.6916237017111261,0.6913863783039671,0.3826907243362469,0.1272869550775889,1.9574468085106382,0.7282608695652174,0.22502250225022502,0.38942806573316646,0.3828275466585913,0.8192432781266199,0.9229772570639058,0.5203452003506047,4h,SOLUSDT,SuperTrend (stock calm-tuned),2019-2026
13383,0.6481356945378465,0.6466018024695952,0.29451636026736866,-0.019463599390642038,1.6382978723404256,0.7792207792207793,0.2652417027417028,0.45422976449419394,0.455465940587081,-0.17644376213824925,0.21979807639690882,0.5203452003506047,4h,SOLUSDT,Online directional-change (stock calm-tuned),2019-2026
13383,0.7227826346857954,0.7234232192098383,0.44670110876536373,0.11801802993006617,1.7765957446808511,0.7604790419161677,0.24335697031091716,0.4260888364050496,0.41271178247427476,0.7606457956201802,0.8918173712940559,0.5203452003506047,4h,SOLUSDT,Crypto model C (walk-forward),2019-2026
79125,0.7133270142180095,0.7008161955180251,0.42863182806225725,0.04487742056568723,7.283433133732535,0.5667306111263359,0.1005586592178771,0.33098019687652397,0.3082368889994354,-0.5909471998076538,-0.08503877371504538,0.4635435345791076,1h,BTCUSDT,"STOCK model (accurate, unchanged)",all history
79125,0.6991974723538704,0.6865110318940528,0.39848654208711953,0.05941625708583698,2.2215568862275448,0.701707097933513,0.18505338078291814,0.42122156316121834,0.38890717419098964,0.3680361565458415,0.5484050940162151,0.4635435345791076,1h,BTCUSDT,"STOCK model (calm, unchanged)",all history
79125,0.6859146919431279,0.6850450092601545,0.3694790550617719,0.06539790627652224,5.590818363273453,0.5726526240628347,0.21144278606965175,0.40336111259856045,0.3942517714370251,-0.08292977738783104,0.29917475150533646,0.4635435345791076,1h,BTCUSDT,EMA200,all history
79125,0.7127582938388626,0.7118194117571706,0.42307503275241415,0.060816591448874475,5.562874251497006,0.5837818442770003,0.1282051282051282,0.3397662774617514,0.32629392467706964,-0.13349848961334546,0.2524645955208641,0.4635435345791076,1h,BTCUSDT,EMA cross (stock-tuned),all history
79125,0.7122401263823065,0.7113303911356981,0.4220783128179442,0.04198971407999555,12.568862275449101,0.5378751786565031,0.0945945945945946,0.27771831115966705,0.26994806608204813,-1.4430330140083105,-0.7546623465338547,0.4635435345791076,1h,BTCUSDT,Price vs EMA (stock-tuned),all history
79125,0.688176935229068,0.6878664876631408,0.3748790636999855,0.04042844414136109,3.3073852295409183,0.6366928183464092,0.10778443113772455,0.32616306870402745,0.30608620504987105,-0.028190258995577484,0.3224327642293839,0.4635435345791076,1h,BTCUSDT,SuperTrend (stock-tuned),all history
79125,0.6930047393364929,0.6907798871945028,0.38188884625533653,-0.014810545095335644,3.0019960079840318,0.6555851063829787,0.11290322580645161,0.33879378062702115,0.32901340179889393,-0.6429078766740742,-0.1269424399402993,0.4635435345791076,1h,BTCUSDT,Online directional-change (stock-tuned),all history
79125,0.6912353870458136,0.6906169670838945,0.38049995187377617,0.055573118266610225,1.9820359281437125,0.6978851963746223,0.2608695652173913,0.46238720251895393,0.43466757613357104,0.35904845464955354,0.6377863350906873,0.4635435345791076,1h,BTCUSDT,EMA cross (stock calm-tuned),all history
79125,0.6907298578199053,0.691869877408152,0.38260632065539374,0.03987165510221098,2.2015968063872258,0.7053490480507706,0.1875,0.41383646809747665,0.3811358267267148,0.1367029518929904,0.4844969953211511,0.4635435345791076,1h,BTCUSDT,SuperTrend (stock calm-tuned),all history
79125,0.6782053712480253,0.6764326585140624,0.3527711059485889,0.03214202099413103,1.5808383233532934,0.8017676767676768,0.25435540069686413,0.49180346467993347,0.4628595362008965,0.14029975273138895,0.43152738987072536,0.4635435345791076,1h,BTCUSDT,Online directional-change (stock calm-tuned),all history
67549,0.7132303957127418,0.7001367900989662,0.4259910958347249,0.04230847095392989,7.292626728110599,0.566824644549763,0.10551619433198381,0.3301767505859571,0.3054113270513752,-0.7894831369799507,-0.08371126397221189,0.6620543740884871,1h,BTCUSDT,"STOCK model (accurate, unchanged)",2019-2026
67549,0.6987964292587603,0.6854850752057144,0.39526122230511707,0.05733384153633412,2.23963133640553,0.7006172839506173,0.1977833096254149,0.42312499201819653,0.38830371829997723,0.31981999024525504,0.6310825694466765,0.6620543740884871,1h,BTCUSDT,"STOCK model (calm, unchanged)",2019-2026
67549,0.6874269049134702,0.6859761052142404,0.37149444133474857,0.05653622189088611,5.573732718894009,0.572964034725093,0.21127694859038143,0.40704969539767155,0.3979417752222641,-0.297119355484874,0.274189047275496,0.6620543740884871,1h,BTCUSDT,EMA200,2019-2026
67549,0.7107729203985255,0.7097383023814876,0.4187969994160829,0.0584170957658855,5.54147465437788,0.5846153846153846,0.13087395696091347,0.33944860727013015,0.3306991163922712,-0.2674011057376,0.29145362006165393,0.6620543740884871,1h,BTCUSDT,EMA cross (stock-tuned),2019-2026
67549,0.710447230899051,0.7094496820398111,0.41819715365079274,0.05871596487492834,12.440092165898617,0.53843304315614,0.10145871559633027,0.277877213860592,0.27194049706501777,-1.515520334724622,-0.6354816190723305,0.6620543740884871,1h,BTCUSDT,Price vs EMA (stock-tuned),2019-2026
67549,0.6873824927089964,0.6870942697897015,0.3731835755111129,0.03972281471895917,3.3110599078341014,0.6353514265831594,0.11402908468776732,0.32719866623429716,0.30761627462833724,-0.09871780989943992,0.4067634837088662,0.6620543740884871,1h,BTCUSDT,SuperTrend (stock-tuned),2019-2026
67549,0.6904913470221616,0.6883161154236842,0.3766779622916033,0.010023299476921191,2.97926267281106,0.6558391337973705,0.11404984161690915,0.33876238284648835,0.32871755484268855,-0.4149797836370255,0.1728697683976328,0.6620543740884871,1h,BTCUSDT,Online directional-change (stock-tuned),2019-2026
67549,0.6919421457016388,0.6911275867995141,0.3814573512767906,0.04124060803300693,1.9608294930875576,0.6980023501762632,0.27258613782051283,0.4631874103186834,0.4409464827372841,0.1663162703783782,0.6172008878959446,0.6620543740884871,1h,BTCUSDT,EMA cross (stock calm-tuned),2019-2026
67549,0.6889517239337369,0.6898923631067919,0.3785072123404662,0.02956810626769915,2.2096774193548385,0.7049009384775808,0.19805743243243243,0.41625151013915,0.3878983703371125,-0.027092604828956195,0.48226485260155405,0.6620543740884871,1h,BTCUSDT,SuperTrend (stock calm-tuned),2019-2026
67549,0.6782335785873959,0.6762226305589439,0.35231653911974564,0.011123051337787527,1.6036866359447004,0.7974137931034483,0.24995350106017583,0.4884310318337868,0.4661191273845947,-0.15084419875825072,0.3558460566114408,0.6620543740884871,1h,BTCUSDT,Online directional-change (stock calm-tuned),2019-2026
67549,0.7276495580985655,0.7256889564325464,0.451469039965328,0.03185801009177508,1.8410138248847927,0.7634543178973717,0.2131031220435194,0.46395633136882786,0.44768654278785414,0.06909341735146882,0.5122496468312095,0.6620543740884871,1h,BTCUSDT,Crypto model C (walk-forward),2019-2026
79093,0.7051192899498059,0.6883871063720892,0.40272562678129903,0.0372477338101523,7.308285163776493,0.5665699973635645,0.13253012048192772,0.32606531308356257,0.30975714632451157,-0.4748271959075944,-0.13762030956018662,0.2661650682043434,1h,ETHUSDT,"STOCK model (accurate, unchanged)",all history
79093,0.6880381323252374,0.6703040623473653,0.3665938837390013,0.06143230941539694,2.279383429672447,0.6999154691462384,0.22429906542056074,0.41723935206627727,0.3868217402658943,0.4787377253565225,0.4934499480983346,0.2661650682043434,1h,ETHUSDT,"STOCK model (calm, unchanged)",all history
79093,0.6419152137357288,0.6424518569028029,0.2834604558508659,0.06453966290668511,5.7244701348747595,0.5711881521373275,0.25925925925925924,0.4173962616648168,0.40015521345028154,0.07275754840268504,0.26432195536992886,0.2661650682043434,1h,ETHUSDT,EMA200,all history
79093,0.6933483367681085,0.6933492788386906,0.384973506379537,0.058169241663288816,5.605009633911368,0.5819869370917842,0.16243654822335024,0.3347987240531253,0.31944319649955466,0.008041789542506244,0.21141371064051948,0.2661650682043434,1h,ETHUSDT,EMA cross (stock-tuned),all history
79093,0.6956114953282845,0.6957473511535519,0.38971601107827736,0.0422954979957552,12.61849710982659,0.5377920293174531,0.11695906432748537,0.2862888010083138,0.2793711437365993,-1.096182941481104,-0.6450755106720899,0.2661650682043434,1h,ETHUSDT,Price vs EMA (stock-tuned),all history
79093,0.6691236898334871,0.6698091993407302,0.33791605740916664,0.014345807652730065,3.423892100192678,0.6370287000562747,0.12280701754385964,0.3289915772549321,0.3036103503053033,-0.2616978887149092,0.0032564378739025146,0.2661650682043434,1h,ETHUSDT,SuperTrend (stock-tuned),all history
79093,0.6717535053670995,0.669235571943056,0.3378884101054605,-0.0051384751639131886,3.0134874759152215,0.6553708439897699,0.13253012048192772,0.3341988644918214,0.3274017022285741,-0.4538047254717757,-0.1317880714031643,0.2661650682043434,1h,ETHUSDT,Online directional-change (stock-tuned),all history
79093,0.6539516771395699,0.6538291670445029,0.30622216722846024,0.054139170769145824,1.9595375722543353,0.7000983284169124,0.3087248322147651,0.4856083424821928,0.4465359646612242,0.42829928438624776,0.534583774260978,0.2661650682043434,1h,ETHUSDT,EMA cross (stock calm-tuned),all history
79093,0.6749649147206453,0.6774883576971096,0.35314746760078525,0.06201607664231601,2.0751445086705202,0.7186629526462396,0.21144278606965175,0.4152697318563563,0.3791497208083594,0.5125093704220747,0.622442028738219,0.2661650682043434,1h,ETHUSDT,SuperTrend (stock calm-tuned),all history
79093,0.6836003186122666,0.6803859654633151,0.36068165014670106,0.024697092003266575,1.5953757225433527,0.7910628019323671,0.25943396226415094,0.4734998520429542,0.45149755443996104,0.10473971404310639,0.2597074302361545,0.2661650682043434,1h,ETHUSDT,Online directional-change (stock calm-tuned),all history
67517,0.7073329679932462,0.6883129769178773,0.40142855296731117,0.04741958426540139,7.260089686098655,0.567016676961087,0.1424430641821946,0.3240852289353867,0.30548671025455804,-0.44629547390408325,0.03448684632470607,0.5002080369055011,1h,ETHUSDT,"STOCK model (accurate, unchanged)",2019-2026
67517,0.6900632433313092,0.6697215692460521,0.3645806873727624,0.05900153654393851,2.2645739910313902,0.7019801980198019,0.23790007806401248,0.4116745380111294,0.3868217402658943,0.4363558695088646,0.6096466561021143,0.5002080369055011,1h,ETHUSDT,"STOCK model (calm, unchanged)",2019-2026
67517,0.6386687797147385,0.638250574361925,0.274745290241715,0.06313748762554623,5.677130044843049,0.5730647709320695,0.26308784383318545,0.4161587108525763,0.3992241246472631,-0.01009476447632891,0.3702639454893547,0.5002080369055011,1h,ETHUSDT,EMA200,2019-2026
67517,0.6906408756313225,0.6904732201763544,0.37866569968478997,0.07137074357477752,5.526905829596412,0.5837728194726166,0.16609195402298849,0.33240755571377545,0.315921177652798,0.11906614334795737,0.46724929261174175,0.5002080369055011,1h,ETHUSDT,EMA cross (stock-tuned),2019-2026
67517,0.6928032939852186,0.69279238573009,0.38323864105752564,0.0566923648289094,12.437219730941704,0.5386695511087074,0.11699017046161503,0.28614764073373955,0.27729122829652453,-1.0833079285686433,-0.44137506687760336,0.5002080369055011,1h,ETHUSDT,Price vs EMA (stock-tuned),2019-2026
67517,0.6716678762385769,0.6729205041543651,0.34344033830224474,0.01613475785279156,3.437219730941704,0.6366601435094585,0.1263979353570112,0.32309296072326527,0.3020849566923486,-0.29375958893174875,0.1517174927326003,0.5002080369055011,1h,ETHUSDT,SuperTrend (stock-tuned),2019-2026
67517,0.6722306974539746,0.6694966909202877,0.3378306721667512,-0.002856028541288685,3.015695067264574,0.6550185873605948,0.13793209026055542,0.3344726469200564,0.3274017022285741,-0.47914424430838476,0.014647463562982155,0.5002080369055011,1h,ETHUSDT,Online directional-change (stock-tuned),2019-2026
67517,0.652280166476591,0.6513109183327428,0.3008720606688705,0.04323301715833659,1.9730941704035874,0.7011363636363637,0.31376936316695353,0.485042888366528,0.44636281725182103,0.2737586826064446,0.5792377529884659,0.5002080369055011,1h,ETHUSDT,EMA cross (stock calm-tuned),2019-2026
67517,0.6729712516847609,0.6753973889670721,0.34828835359971166,0.05241124655551806,2.098654708520179,0.7158119658119658,0.21739130434782608,0.4156739639169439,0.3814371020539724,0.37488167898357627,0.6763399902406707,0.5002080369055011,1h,ETHUSDT,SuperTrend (stock calm-tuned),2019-2026
67517,0.6808951819541745,0.6774884658729048,0.3541965077956816,0.013267457685429218,1.6053811659192825,0.7877094972067039,0.26035714285714284,0.47646970675944883,0.4526827097009104,-0.062580599514391,0.30684564091937505,0.5002080369055011,1h,ETHUSDT,Online directional-change (stock calm-tuned),2019-2026
67517,0.6879304471466445,0.685659913827708,0.3699233839329738,0.014127782386483915,1.9125560538116593,0.7549824150058617,0.23587071706110913,0.4649741991823133,0.4343924817980602,-0.09640549496543334,0.28836434069155814,0.5002080369055011,1h,ETHUSDT,Crypto model C (walk-forward),2019-2026
77197,0.7023718538285166,0.6858503768743892,0.40206981281564874,0.01814885861269665,7.8747514910536776,0.5594546831608179,0.10526315789473684,0.3180984593630673,0.30562248385087076,-0.721251007550957,0.00307564743237078,0.726995949664143,1h,BNBUSDT,"STOCK model (accurate, unchanged)",all history
77197,0.6841457569594673,0.666720965445269,0.36342049452134223,0.05034978788770353,2.341948310139165,0.6859083191850595,0.1986842105263158,0.4018497515157158,0.39191416232913906,0.3030221933978148,0.6582535951895887,0.726995949664143,1h,BNBUSDT,"STOCK model (calm, unchanged)",all history
77197,0.6396362552948949,0.6376068115254169,0.27468783499640553,0.03175932273739362,6.216699801192843,0.5650783498560921,0.2377103927331018,0.42670550752339254,0.39791487834824313,-0.3689078200376013,0.25055548127287464,0.726995949664143,1h,BNBUSDT,EMA200,all history
77197,0.6937704833089369,0.6928152871162219,0.3845800966465876,0.032206944587807755,5.9483101391650095,0.5772058823529411,0.1244047619047619,0.33238078185905473,0.33730877612134375,-0.33205843194527895,0.28826135664188507,0.726995949664143,1h,BNBUSDT,EMA cross (stock-tuned),all history
77197,0.6959337798100963,0.69512942718234,0.38913519669558816,0.011408844935245748,13.308151093439363,0.5355542276665671,0.08814280429152793,0.29459689345452245,0.28335736979742343,-1.4396927322590445,-0.5222379833664296,0.726995949664143,1h,BNBUSDT,Price vs EMA (stock-tuned),all history
77197,0.6768527274375947,0.6771006318401974,0.35280833163876246,0.0004893251949758052,3.4990059642147116,0.6323863636363637,0.1108319374651033,0.3234615137320006,0.29703038498985257,-0.4079090193099431,0.23231934203451987,0.726995949664143,1h,BNBUSDT,SuperTrend (stock-tuned),all history
77197,0.6905190616215656,0.6891975901159288,0.37752863771148276,0.00025460399091393836,3.0596421471172963,0.6569200779727096,0.10668498168498168,0.32843288764709355,0.31988656800628573,-0.3585960009044551,0.2587403537092308,0.726995949664143,1h,BNBUSDT,Online directional-change (stock-tuned),all history
77197,0.6557379172765782,0.6535100806003051,0.30659599755491274,0.07376254559376166,1.9383697813121272,0.7025641025641025,0.2789268105269898,0.4524366129962592,0.4359193749586323,0.6205506711731299,0.9590967497356838,0.726995949664143,1h,BNBUSDT,EMA cross (stock calm-tuned),all history
77197,0.6773320206743786,0.679160531878259,0.3567838051490404,0.04983050795720586,2.085487077534791,0.7073403241182078,0.2055024220593715,0.4112022156170826,0.39173439401883375,0.3273999451471687,0.7792284638582323,0.726995949664143,1h,BNBUSDT,SuperTrend (stock calm-tuned),all history
77197,0.6764641112996619,0.6735145479122935,0.3471300141333709,0.05032310358369096,1.5248508946322068,0.8005215123859192,0.25708812260536396,0.4731490437846355,0.4583660076491367,0.3993945668431598,0.7886483899035378,0.726995949664143,1h,BNBUSDT,Online directional-change (stock calm-tuned),all history
67558,0.7061487906687587,0.6861817813039309,0.4038673602035212,0.027001406661253297,7.806378132118451,0.559673183542457,0.10398645572501708,0.3180984593630673,0.3063992302984405,-0.7700198974520691,0.004680037706706627,0.7785989964613906,1h,BNBUSDT,"STOCK model (accurate, unchanged)",2019-2026
67558,0.6877793895615619,0.6664775295203387,0.36463981185058925,0.049688604800678694,2.3416856492027334,0.6857976653696498,0.20583404134806005,0.4105528703273191,0.3932661395671053,0.2774430969665116,0.6753907767738159,0.7785989964613906,1h,BNBUSDT,"STOCK model (calm, unchanged)",2019-2026
67558,0.644927321708754,0.6420587668897919,0.2833377418663803,0.03310056799675322,6.291571753986332,0.5637219406227372,0.22957839262187088,0.4272563803599554,0.396313469691983,-0.4822137672273418,0.21190006111037704,0.7785989964613906,1h,BNBUSDT,EMA200,2019-2026
67558,0.6952692501258179,0.6939624858719722,0.3863782297837349,0.0393089695309072,5.979498861047836,0.5763809523809523,0.12537425149700598,0.3320655813246283,0.3393384024473618,-0.362394860504055,0.3068841127555715,0.7785989964613906,1h,BNBUSDT,EMA cross (stock-tuned),2019-2026
67558,0.6969714911631487,0.6958776842199055,0.3901067354727518,0.03542052928036832,13.273348519362187,0.535610090955895,0.0880251572327044,0.29344978615110756,0.29017838057621886,-1.4365994809269176,-0.49074292835589933,0.7785989964613906,1h,BNBUSDT,Price vs EMA (stock-tuned),2019-2026
67558,0.6756564729565706,0.6756723570674321,0.3494288227328765,-0.004946580682505204,3.583143507972665,0.6293706293706294,0.1088478104809763,0.3234615137320006,0.29703038498985257,-0.5659283428732922,0.15538843554100398,0.7785989964613906,1h,BNBUSDT,SuperTrend (stock-tuned),2019-2026
67558,0.6960833654045413,0.6942518466405009,0.3872186024684357,-0.003418046794291804,3.0956719817767655,0.6541574687270052,0.1043560606060606,0.3245124269303634,0.3181345623231893,-0.47832724861503645,0.21079966212330117,0.7785989964613906,1h,BNBUSDT,Online directional-change (stock-tuned),2019-2026
67558,0.6634151395837651,0.6604030666760119,0.3201114630286608,0.08345622058459827,1.9225512528473805,0.7014218009478673,0.26695402298850573,0.4524366129962592,0.44283599984900057,0.7498675888932577,1.102174236968171,0.7785989964613906,1h,BNBUSDT,EMA cross (stock calm-tuned),2019-2026
67558,0.6788537256875573,0.6811727411453359,0.36009886634291627,0.048830682324673594,2.129840546697039,0.7026737967914438,0.19836065573770492,0.4142324139480148,0.3945957554122757,0.29686664112250777,0.8125456668145205,0.7785989964613906,1h,BNBUSDT,SuperTrend (stock calm-tuned),2019-2026
67558,0.6910654548684093,0.6875529475623682,0.37484741492854906,0.06046052510629688,1.5239179954441913,0.7982062780269058,0.25521059487624836,0.46167456873350704,0.45249745041501693,0.5246242393356442,0.9048027423995453,0.7785989964613906,1h,BNBUSDT,Online directional-change (stock calm-tuned),2019-2026
67558,0.7132241925456645,0.7105540279338525,0.4203920565061225,0.042584337710508395,1.9248291571753986,0.7467455621301775,0.21545092838196286,0.433009403582135,0.4258982574599247,0.24938445374069274,0.7353225914685492,0.7785989964613906,1h,BNBUSDT,Crypto model C (walk-forward),2019-2026
72935,0.6574621238088709,0.6693244473559411,0.3534981009690283,-0.002118596793579642,8.686666666666667,0.5535942696341776,0.10957355578077493,0.33245136871971825,0.3107224278214731,-0.9677798617234171,-0.561823093878396,0.09273119402308475,1h,XRPUSDT,"STOCK model (accurate, unchanged)",all history
72935,0.6371563721121547,0.6495589352361483,0.3140732216786251,0.009809560217724765,2.6822222222222223,0.6636288318144159,0.205524400429543,0.42772782853818947,0.38963536914527236,-0.1771241021246317,-0.053644121440230355,0.09273119402308475,1h,XRPUSDT,"STOCK model (calm, unchanged)",all history
72935,0.6173442105984781,0.6138754560917798,0.22852750908101058,0.02873363292159405,6.504444444444444,0.5582507687051589,0.23212470349034225,0.4087606431700901,0.3992575227723516,-0.371690070094781,-0.19751924229262743,0.09273119402308475,1h,XRPUSDT,EMA200,all history
72935,0.665003084938644,0.6638543219735304,0.32731032186778536,0.03626195246919156,6.246666666666667,0.5738171469228033,0.14143294648613797,0.34619722644284245,0.3328443338190651,-0.2560565501314809,-0.11595904030202267,0.09273119402308475,1h,XRPUSDT,EMA cross (stock-tuned),all history
72935,0.6647837115239597,0.6637010951174775,0.3269719569528626,0.01667082830900476,14.411111111111111,0.5319969159599075,0.10622179239200516,0.30205470919717436,0.29437248797991544,-1.3696092184633202,-0.9116920141867094,0.09273119402308475,1h,XRPUSDT,Price vs EMA (stock-tuned),all history
72935,0.6586823884280524,0.6568854580420724,0.3137192113633277,0.017133702705862154,3.477777777777778,0.6357827476038339,0.10119470914521406,0.3248651184592085,0.2955201524248151,-0.17818988628759214,-0.0621436530455202,0.09273119402308475,1h,XRPUSDT,SuperTrend (stock-tuned),all history
72935,0.6549941728936725,0.653453485783517,0.3067005121678735,0.01141570632544754,3.011111111111111,0.6538745387453875,0.11208039639891129,0.33532994802862126,0.31871780969405655,-0.19408292169745295,-0.07226212586157549,0.09273119402308475,1h,XRPUSDT,Online directional-change (stock-tuned),all history
72935,0.6291355316377597,0.6267400338082985,0.2536701798531448,0.0389397682526839,2.1555555555555554,0.6793814432989691,0.2942550852116548,0.45879261960440604,0.4280454761509062,0.2195385489783384,0.2230893319386492,0.09273119402308475,1h,XRPUSDT,EMA cross (stock calm-tuned),all history
72935,0.6567902927264002,0.656142264333857,0.311685054676265,0.03812864248486072,2.0733333333333333,0.707395498392283,0.21685090469119508,0.4255084597977945,0.38803426447966843,0.21895829115029228,0.22035794512505644,0.09273119402308475,1h,XRPUSDT,SuperTrend (stock calm-tuned),all history
72935,0.6662919037499143,0.6648195888269202,0.3294139286683105,-0.009142807477987642,1.62,0.7750342935528121,0.25586470267321326,0.479022168679177,0.4468819071807292,-0.28250079907173675,-0.13556981069100926,0.09273119402308475,1h,XRPUSDT,Online directional-change (stock calm-tuned),all history
67563,0.6588665393780619,0.6678791901749591,0.3513764174727033,-0.0014812579123694943,8.569411764705883,0.5540911587040088,0.1111111111111111,0.33188448517952074,0.31051142243889673,-0.9835984474963025,-0.5102461536187239,0.19342044499063973,1h,XRPUSDT,"STOCK model (accurate, unchanged)",2019-2026
67563,0.6382635466157512,0.6477273753810298,0.311129232493198,0.010021240168221299,2.6164705882352943,0.6672661870503597,0.20689655172413793,0.4331451284512799,0.39049844240788323,-0.17774731169246172,0.009931932549347657,0.19342044499063973,1h,XRPUSDT,"STOCK model (calm, unchanged)",2019-2026
67563,0.6175865488507023,0.6152283588983246,0.23116512309219117,0.021053346818528516,6.407058823529412,0.559309585016526,0.24236983842010773,0.4111502337768913,0.40215647220551637,-0.47582195742331235,-0.20086475749598381,0.19342044499063973,1h,XRPUSDT,EMA200,2019-2026
67563,0.6644021135828782,0.6636611849791634,0.3271256716734179,0.029391422752356514,6.131764705882353,0.5752110514198004,0.14689265536723164,0.3472218173886034,0.3334045115013174,-0.3470999035593275,-0.10968452169304076,0.19342044499063973,1h,XRPUSDT,EMA cross (stock-tuned),2019-2026
67563,0.6644317155839735,0.6637345490100208,0.3272501316421996,0.01366205679365209,14.16470588235294,0.5325581395348837,0.109375,0.30260700252863243,0.2944072268959539,-1.4361123222127479,-0.8919307133588262,0.19342044499063973,1h,XRPUSDT,Price vs EMA (stock-tuned),2019-2026
67563,0.6580820863490372,0.6564517365798701,0.31329336473998226,0.012681471064583278,3.4541176470588235,0.6369209809264306,0.10526315789473684,0.32938154962406585,0.2983516096388626,-0.24102125844561315,-0.03475959964398172,0.19342044499063973,1h,XRPUSDT,SuperTrend (stock-tuned),2019-2026
67563,0.6563503692849637,0.6552779358215859,0.31053727337331916,0.013291433481297266,2.931764705882353,0.6573033707865169,0.11475409836065574,0.3365121348530839,0.3225934721936803,-0.17491744143990423,0.013089579440636491,0.19342044499063973,1h,XRPUSDT,Online directional-change (stock-tuned),2019-2026
67563,0.6276512292230955,0.6260710324797693,0.252360070811695,0.028585069196540074,2.1152941176470588,0.681868743047831,0.30833333333333335,0.4588235102912992,0.43319650705692386,0.0965179589720745,0.20770374534682107,0.19342044499063973,1h,XRPUSDT,EMA cross (stock calm-tuned),2019-2026
67563,0.6524281041398399,0.6518948016841666,0.3035005645580365,0.025325906029774935,2.061176470588235,0.708904109589041,0.2222222222222222,0.4289018633064161,0.394821775160358,0.06437949768311377,0.1832457270072032,0.19342044499063973,1h,XRPUSDT,SuperTrend (stock calm-tuned),2019-2026
67563,0.6712993798380771,0.6698550376436434,0.3400073448397827,-0.009483749458347575,1.5694117647058823,0.7811094452773614,0.2712765957446808,0.48812009339483287,0.4598788675260038,-0.2882782625463291,-0.06838196384500453,0.19342044499063973,1h,XRPUSDT,Online directional-change (stock calm-tuned),2019-2026
67563,0.6784186611014904,0.6764000995791152,0.3537140544404263,0.011144067445423452,1.9905882352941175,0.7364066193853428,0.21311475409836064,0.44609978256631955,0.4147582308819279,-0.09395999721658135,0.07180580634549327,0.19342044499063973,1h,XRPUSDT,Crypto model C (walk-forward),2019-2026
73348,0.686140044718329,0.6954942737229384,0.40636949255518856,0.012818164253113705,7.653846153846154,0.5633430309441947,0.1111111111111111,0.32024558108029155,0.31462425324601506,-0.7119643978360755,-0.49560266301977196,-0.0526261510503483,1h,ADAUSDT,"STOCK model (accurate, unchanged)",all history
73348,0.6680891094508371,0.6777696811400515,0.37099330491124916,0.03311722979245039,2.431174089068826,0.6910907577019151,0.19367341835458865,0.41953716378027506,0.39225448024263815,0.15220948193235292,0.0639187970061316,-0.0526261510503483,1h,ADAUSDT,"STOCK model (calm, unchanged)",all history
73348,0.6505289851120685,0.6479104017237427,0.29683836014281934,0.03462250122395971,5.842105263157895,0.5644490644490644,0.21727188081936685,0.3979721653307966,0.391184185655046,-0.22000302270086017,-0.2004269080376497,-0.0526261510503483,1h,ADAUSDT,EMA200,all history
73348,0.6934885750122702,0.692657324562305,0.38507530518578936,0.03267918911337802,5.512145748987854,0.5839147998531032,0.13333333333333333,0.34503757964224036,0.33039892227805584,-0.20744218210418328,-0.1920721225820004,-0.0526261510503483,1h,ADAUSDT,EMA cross (stock-tuned),all history
73348,0.6960653323880679,0.6952971660593703,0.3903181937478404,0.009154168370882372,12.47165991902834,0.5380620029216037,0.10461975835110163,0.2873549273217215,0.28385882177550986,-1.3121162504451556,-1.0127333310363251,-0.0526261510503483,1h,ADAUSDT,Price vs EMA (stock-tuned),all history
73348,0.6887168020941267,0.6883066275645711,0.3761461061374665,0.04559192772653233,3.2813765182186234,0.6458975940777298,0.10403138528138528,0.3320986378901921,0.2975481857977657,0.2170326675130293,0.11908609412289334,-0.0526261510503483,1h,ADAUSDT,SuperTrend (stock-tuned),all history
73348,0.6860309756230573,0.6860084584575463,0.37141164839748214,0.03463659340173153,2.9898785425101213,0.6601218686526743,0.10346320346320347,0.3136701578019773,0.30337976256039156,0.10779854817022674,0.03959485147666556,-0.0526261510503483,1h,ADAUSDT,Online directional-change (stock-tuned),all history
73348,0.6512924687789715,0.6495182932191146,0.2993305673771196,0.07501410836433405,1.854251012145749,0.7052401746724891,0.3107945122870496,0.4414319084602564,0.4366794536859251,0.7647020105928136,0.5185287457793488,-0.0526261510503483,1h,ADAUSDT,EMA cross (stock calm-tuned),all history
73348,0.676405627965316,0.6757751587113898,0.3511915823020696,0.056873693032064104,1.98582995951417,0.72579001019368,0.20194102276969017,0.42350582218948996,0.3847455196842137,0.5130972738553974,0.33790309060386303,-0.0526261510503483,1h,ADAUSDT,SuperTrend (stock calm-tuned),all history
73348,0.6661804002835796,0.6657473764841308,0.33105949224293674,0.02128451238851186,1.6133603238866396,0.7892095357590966,0.23497878683637197,0.44806802799417195,0.43490457490342005,0.09196805809985632,0.02803050963625343,-0.0526261510503483,1h,ADAUSDT,Online directional-change (stock calm-tuned),all history
67564,0.6901752412527381,0.6965079730526357,0.4099244411030006,0.014406034951298396,7.62582056892779,0.5632711621233859,0.10843373493975904,0.32224185234287017,0.315901389077718,-0.7090866348127447,-0.30906065900580465,0.228816114576006,1h,ADAUSDT,"STOCK model (accurate, unchanged)",2019-2026
67564,0.6705346042271032,0.6771666134567107,0.3714880917967196,0.029704802010126263,2.4310722100656457,0.6921692169216922,0.1935483870967742,0.4199813829098372,0.39655313503981426,0.10087710789049827,0.20960141566121154,0.228816114576006,1h,ADAUSDT,"STOCK model (calm, unchanged)",2019-2026
67564,0.6469865608904151,0.6455295126075714,0.29178723567327497,0.030845622103538892,5.855579868708972,0.5653961136023916,0.21666666666666667,0.40265475956778435,0.3943032113541267,-0.28705371074497293,-0.042142775886110914,0.228816114576006,1h,ADAUSDT,EMA200,2019-2026
67564,0.6920401397193772,0.6916456646277882,0.3831907615370617,0.02131841394724545,5.514223194748359,0.5853174603174603,0.13333333333333333,0.3467431139889624,0.3333820855597406,-0.37099751473371456,-0.10394619291159421,0.228816114576006,1h,ADAUSDT,EMA cross (stock-tuned),2019-2026
67564,0.6947782842934107,0.6944015831445915,0.38869278463422485,0.0009150085523372195,12.481400437636761,0.538218793828892,0.10606060606060606,0.28948796209216343,0.28317824040269557,-1.454684218102809,-0.9010069095468108,0.228816114576006,1h,ADAUSDT,Price vs EMA (stock-tuned),2019-2026
67564,0.6899532295305192,0.6896881622950657,0.37920015143753827,0.039594774329029345,3.2954048140043763,0.6454183266932271,0.10416666666666667,0.33244404716974707,0.2998641922742427,0.127974029170207,0.2563866882722835,0.228816114576006,1h,ADAUSDT,SuperTrend (stock-tuned),2019-2026
67564,0.6918773311230833,0.6919448424735781,0.3835865215557123,0.04193039168703517,2.9343544857768054,0.662938105891126,0.1038961038961039,0.3152465887525284,0.3072285663343111,0.20088753884106472,0.3054039420980397,0.228816114576006,1h,ADAUSDT,Online directional-change (stock-tuned),2019-2026
67564,0.6486294476348351,0.6477489274420596,0.2956802222118493,0.062332844029857275,1.8818380743982495,0.7046511627906977,0.3216374269005848,0.44382923542896285,0.43897531722384037,0.590632210697814,0.5862662785711443,0.228816114576006,1h,ADAUSDT,EMA cross (stock calm-tuned),2019-2026
67564,0.6764401160381268,0.6759837622464941,0.35189604350845805,0.04526734146493548,2.00218818380744,0.7245901639344262,0.2,0.4260158940779858,0.38900399693686677,0.3541230856697186,0.4264793006582769,0.228816114576006,1h,ADAUSDT,SuperTrend (stock calm-tuned),2019-2026
67564,0.6664347877567935,0.6663161854068189,0.3324061462664539,0.01510642848096849,1.612691466083151,0.7883310719131614,0.23684210526315788,0.44910003836962986,0.4361619365307539,0.0070167226337328305,0.16624944467062241,0.228816114576006,1h,ADAUSDT,Online directional-change (stock calm-tuned),2019-2026
67564,0.7045023977266,0.7037806471860552,0.4077492338346055,0.034895034306989654,1.8555798687089715,0.7594339622641509,0.21739130434782608,0.4562573137636767,0.4327745691646898,0.2361733765164905,0.3306492775662787,0.228816114576006,1h,ADAUSDT,Crypto model C (walk-forward),2019-2026
72016,0.7229643412574983,0.6996137254779837,0.4276362788008028,0.06629694025170023,6.918326693227091,0.56723293982148,0.12903225806451613,0.3305634906292179,0.3119801539441319,-0.21611559670059907,0.06268940688776319,0.3148935612002591,1h,TRXUSDT,"STOCK model (accurate, unchanged)",all history
72016,0.7087175072206177,0.6841919644113014,0.39676089877520027,0.05599407681938553,2.2191235059760954,0.6867145421903053,0.21770334928229665,0.40760441528458735,0.37635479692106766,0.34680127121370113,0.4174130976553423,0.3148935612002591,1h,TRXUSDT,"STOCK model (calm, unchanged)",all history
72016,0.6489668962452788,0.645464240722764,0.2891033032550231,0.0017698226123848703,5.741035856573705,0.5700902151283831,0.26605504587155965,0.4424313341519093,0.3903800842157402,-0.8170589671721996,-0.3459840864000714,0.3148935612002591,1h,TRXUSDT,EMA200,all history
72016,0.6925405465452121,0.6916358378204581,0.3801723339699574,0.059133436697761894,5.231075697211155,0.5875856816450876,0.16666666666666666,0.3428983092988716,0.33925931347937255,-0.05561806605360061,0.18265772977785757,0.3148935612002591,1h,TRXUSDT,EMA cross (stock-tuned),all history
72016,0.6945539880026661,0.6939094169371538,0.38460679359048866,0.045527802823461055,11.780876494023904,0.5400743997294555,0.11297071129707113,0.30937457745981145,0.29178938599191995,-1.173707556272772,-0.6154312936064769,0.3148935612002591,1h,TRXUSDT,Price vs EMA (stock-tuned),all history
72016,0.6944429015774273,0.6959289537701775,0.3880446305418226,0.08491466245857887,3.50199203187251,0.6370875995449374,0.10344827586206896,0.29853806683724343,0.2870256265096474,0.5059158519764275,0.5904665575621619,0.3148935612002591,1h,TRXUSDT,SuperTrend (stock-tuned),all history
72016,0.7034270162186181,0.7021652082170672,0.40129178758684475,0.07560238024195404,2.683266932270916,0.6785449146250928,0.13114754098360656,0.3371142398718219,0.3301875787792946,0.5140493217591221,0.5758808752576787,0.3148935612002591,1h,TRXUSDT,Online directional-change (stock-tuned),all history
72016,0.6563402577205065,0.6534181130872918,0.304754944639322,0.040600060118615416,1.8605577689243027,0.6991434689507494,0.34782608695652173,0.47145001862530284,0.4378600310659233,0.21471139080318571,0.36508345731939285,0.3148935612002591,1h,TRXUSDT,EMA cross (stock calm-tuned),all history
72016,0.6687402799377916,0.6715925794707062,0.3396461512566608,0.05106556103920709,2.318725099601594,0.6958762886597938,0.20577617328519857,0.3960732171539467,0.3738638453547527,0.2731787793900226,0.41453744690400407,0.3148935612002591,1h,TRXUSDT,SuperTrend (stock calm-tuned),all history
72016,0.682153965785381,0.6801840458157296,0.35775886151279085,0.003013979585953263,1.5,0.7875166002656042,0.31142857142857144,0.4662917862417967,0.4458137204461898,-0.18304864596107906,0.09032253766479117,0.3148935612002591,1h,TRXUSDT,Online directional-change (stock calm-tuned),all history
67559,0.7241226187480573,0.6974427452529712,0.4240438472653029,0.06294174303823019,6.912951167728238,0.566953316953317,0.13063795205201137,0.3314224500401627,0.3099905100592968,-0.30516365942872764,0.1035104553204289,0.4688253611619814,1h,TRXUSDT,"STOCK model (accurate, unchanged)",2019-2026
67559,0.7105492976509421,0.6825612131632321,0.39421632807627693,0.05424608040956939,2.2229299363057327,0.6848137535816619,0.22078853046594982,0.4082007034958467,0.37293425539541986,0.30444082897672875,0.4845949415169444,0.4688253611619814,1h,TRXUSDT,"STOCK model (calm, unchanged)",2019-2026
67559,0.6506313000488462,0.6454819502205091,0.2889233583325039,0.00018452935233577423,5.749469214437367,0.5701624815361891,0.2701830226813384,0.43844610929459826,0.3893081071282426,-0.8711319197049677,-0.2739152291988365,0.4688253611619814,1h,TRXUSDT,EMA200,2019-2026
67559,0.6912180464482897,0.6895308462439655,0.37535462022390353,0.0519513877492826,5.248407643312102,0.5877831715210357,0.17218379446640314,0.3421085508386618,0.3416293401536074,-0.1825377852817793,0.2002747438764026,0.4688253611619814,1h,TRXUSDT,EMA cross (stock-tuned),2019-2026
67559,0.693305111088086,0.6919903643745061,0.38010836570000744,0.0370527373053651,11.830148619957537,0.5402010050251256,0.11803405572755418,0.306847361234567,0.2933350984792146,-1.357139170853169,-0.6336879673887343,0.4688253611619814,1h,TRXUSDT,Price vs EMA (stock-tuned),2019-2026
67559,0.6893826137154191,0.6908218824739121,0.37699723769540766,0.07888597695056253,3.554140127388535,0.6350059737156512,0.10772027539258916,0.2995456516875673,0.28692412002492906,0.3938372378867949,0.6180488879552923,0.4688253611619814,1h,TRXUSDT,SuperTrend (stock-tuned),2019-2026
67559,0.7018457940466851,0.6998099595785326,0.395973513181911,0.06148281397865764,2.6751592356687897,0.6793650793650794,0.13448890106878597,0.3440343351287136,0.3343194798665179,0.3214557622314599,0.5476275740552128,0.4688253611619814,1h,TRXUSDT,Online directional-change (stock-tuned),2019-2026
67559,0.6589055492236415,0.6546673182441098,0.30688985469049646,0.030940000529022283,1.881104033970276,0.6963882618510158,0.35288220551378446,0.47020599118541095,0.4378600310659233,0.08042740515109487,0.374335508414535,0.4688253611619814,1h,TRXUSDT,EMA cross (stock calm-tuned),2019-2026
67559,0.6688376086087716,0.6724312702102275,0.34035817047169337,0.03579649726878056,2.3609341825902335,0.6933453237410072,0.2059808701477539,0.39619526577776176,0.37461819939282237,0.06499903792453178,0.3754967567936037,0.4688253611619814,1h,TRXUSDT,SuperTrend (stock calm-tuned),2019-2026
67559,0.6818780621382792,0.6799727171629737,0.35641399965022047,0.0011385021850867478,1.4713375796178343,0.7907647907647908,0.32235633691944376,0.48126364384052156,0.454319530985562,-0.21019479231294283,0.17665856114520714,0.4688253611619814,1h,TRXUSDT,Online directional-change (stock calm-tuned),2019-2026
67559,0.7122367116150328,0.7108422675524917,0.4176753060098896,0.03507271252368916,1.8471337579617835,0.7597701149425288,0.24666429460950007,0.45190878992232963,0.4401255445438361,0.13451106408873603,0.4160844713729567,0.4688253611619814,1h,TRXUSDT,Crypto model C (walk-forward),2019-2026
62727,0.6636854942847578,0.6767757043165814,0.3673434795249811,-0.024861053005036986,9.247448979591837,0.5506206896551724,0.11733416770963705,0.3234312173340981,0.3072349721820502,-1.1098094040478306,-0.43884720392644494,0.3935881419825319,1h,DOGEUSDT,"STOCK model (accurate, unchanged)",all history
62727,0.6491941269309867,0.6627236860870813,0.3395192866637294,0.03642214072125357,2.604591836734694,0.6689520078354554,0.2007751937984496,0.4004198613729099,0.37460272608715806,0.16901597200328,0.3443771640675286,0.3935881419825319,1h,DOGEUSDT,"STOCK model (calm, unchanged)",all history
62727,0.6384332105791765,0.6337769358437129,0.2690280472524407,0.04571282260673122,6.630102040816326,0.5598307041169681,0.22572007526414822,0.39929663372549884,0.3786411970924136,-0.09126684130586885,0.1960653937130042,0.3935881419825319,1h,DOGEUSDT,EMA200,all history
62727,0.6749565577821353,0.6736370513701935,0.3466922574873062,0.025345339363596613,6.375,0.5706282513005202,0.14232409381663114,0.34041423949402516,0.32395701597965143,-0.29416451669167254,0.0663778393857568,0.3935881419825319,1h,DOGEUSDT,EMA cross (stock-tuned),all history
62727,0.6765507676120331,0.6753742200813266,0.3500959632989425,-0.013809278303051844,14.571428571428571,0.5322128851540616,0.09818689745836985,0.29165643504825,0.2817087221184723,-1.4671399917583892,-0.7200862315806688,0.3935881419825319,1h,DOGEUSDT,Price vs EMA (stock-tuned),all history
62727,0.670126101997545,0.668241641228402,0.3362039221098375,0.011826458875244307,3.392857142857143,0.6330827067669172,0.11692750494693291,0.3322733650474987,0.30575476477674673,-0.17502798479563128,0.1539089661253538,0.3935881419825319,1h,DOGEUSDT,SuperTrend (stock-tuned),all history
62727,0.6616927319973855,0.6589894169807113,0.31818888610684803,0.027298263719624304,2.936224489795918,0.6602953953084274,0.125,0.32904961873367766,0.31474902643204217,0.03783368405723281,0.2998022357971332,0.3935881419825319,1h,DOGEUSDT,Online directional-change (stock-tuned),all history
62727,0.6469462910708308,0.643269364629951,0.2873354541179725,0.06775470009065716,2.11734693877551,0.6771084337349398,0.294478527607362,0.45328080878463295,0.41181443546223195,0.5606848191682309,0.6228591179196157,0.3935881419825319,1h,DOGEUSDT,EMA cross (stock calm-tuned),all history
62727,0.6487955744735122,0.646325137253952,0.2926455602833955,0.050946362645158214,1.9744897959183674,0.7209302325581395,0.23600823045267488,0.4353517044380547,0.39444337028831133,0.3871049608158867,0.5088058551437631,0.3935881419825319,1h,DOGEUSDT,SuperTrend (stock calm-tuned),all history
62727,0.6595883750219204,0.6549322155560757,0.3117238760093672,0.003007442997632305,1.5790816326530612,0.7932148626817448,0.24655883748950308,0.46206375044221853,0.44768361924900746,-0.10920725158240145,0.1983558583941282,0.3935881419825319,1h,DOGEUSDT,Online directional-change (stock calm-tuned),all history
63127,0.662885928366626,0.6763965832650287,0.36657937601636964,-0.029037674735164613,9.224747474747474,0.5505064330687106,0.11764705882352941,0.32185155681847283,0.3076054886674856,-1.1582509703270385,-0.4881505803414304,0.3617521670966336,1h,DOGEUSDT,"STOCK model (accurate, unchanged)",2019-2026
63127,0.6482329272735914,0.6621901352266722,0.33843064772444914,0.03413332569985489,2.5934343434343434,0.6689386562804285,0.2007751937984496,0.40223726471541726,0.3748183036064339,0.1439905587393701,0.30962242741546336,0.3617521670966336,1h,DOGEUSDT,"STOCK model (calm, unchanged)",2019-2026
63127,0.639045099561202,0.6340745109081487,0.2697632551674605,0.04754525941389049,6.578282828282828,0.5600767754318619,0.22572007526414822,0.39929663372549884,0.3796954438605987,-0.06837622202602889,0.19071340441071244,0.3617521670966336,1h,DOGEUSDT,EMA200,2019-2026
63127,0.6755271120122927,0.6740811511718501,0.34757634354059647,0.025400639898067054,6.343434343434343,0.5704617834394905,0.14232409381663114,0.34041423949402516,0.3234698415190656,-0.2929990469797118,0.04594629628856097,0.3617521670966336,1h,DOGEUSDT,EMA cross (stock-tuned),2019-2026
63127,0.6769844915804648,0.6756975570978998,0.35072918494137284,-0.015777763243808682,14.55050505050505,0.5321069073238459,0.09818689745836985,0.29165643504825,0.2816208599558533,-1.4932771500810056,-0.7602588093563248,0.3617521670966336,1h,DOGEUSDT,Price vs EMA (stock-tuned),2019-2026
63127,0.6691589969426711,0.6673747583721146,0.3343370714163617,0.00935700937201002,3.3762626262626263,0.6335078534031413,0.11829489505053123,0.3322733650474987,0.30360886243978047,-0.20220254393360554,0.11226155622423634,0.3617521670966336,1h,DOGEUSDT,SuperTrend (stock-tuned),2019-2026
63127,0.6592741616107213,0.6568099026440162,0.31357465041840826,0.024447347200752884,2.9065656565656566,0.6602953953084274,0.125,0.32904961873367766,0.31474902643204217,0.007990449320625684,0.25636148563014466,0.3617521670966336,1h,DOGEUSDT,Online directional-change (stock-tuned),2019-2026
63127,0.6477101715589209,0.6438317223796404,0.2885111988982745,0.06969463563602109,2.0984848484848486,0.677496991576414,0.294478527607362,0.4535188351274554,0.41433498503379707,0.5839398373797926,0.6185327187094369,0.3617521670966336,1h,DOGEUSDT,EMA cross (stock calm-tuned),2019-2026
63127,0.6485180667543207,0.6460244837792863,0.29197806554091177,0.04990740739621033,1.9621212121212122,0.722007722007722,0.23890678117731257,0.4353517044380547,0.3936834805270877,0.3765203244203727,0.48161590123699605,0.3617521670966336,1h,DOGEUSDT,SuperTrend (stock calm-tuned),2019-2026
63127,0.6571831387520395,0.6527248996843891,0.306922536374507,0.0003195472051919712,1.5631313131313131,0.7932148626817448,0.24655883748950308,0.46206375044221853,0.4503509271583252,-0.13824213694814838,0.1555435159045358,0.3617521670966336,1h,DOGEUSDT,Online directional-change (stock calm-tuned),2019-2026
63127,0.6917959034961269,0.687489740658593,0.37691018335254806,0.03365426067800539,1.9090909090909092,0.7513227513227513,0.23125,0.4486220184787717,0.42621610209273836,0.2007474548639947,0.40145749497087757,0.3617521670966336,1h,DOGEUSDT,Crypto model C (walk-forward),2019-2026
65256,0.6960739242368518,0.6949281245648415,0.40961006828259505,0.024146517792097855,7.577981651376147,0.5644673123486683,0.13521234050657016,0.31524780832538746,0.315028109432131,-0.44642245202655945,-0.05876051801964884,0.3549110426769606,1h,ZECUSDT,"STOCK model (accurate, unchanged)",all history
65256,0.6821441706509747,0.6809898376278818,0.3805867510657889,0.06564521116139899,2.311926605504587,0.691468253968254,0.22474747474747475,0.3933542154157138,0.3826655522810184,0.5971617984532995,0.6088136726113146,0.3549110426769606,1h,ZECUSDT,"STOCK model (calm, unchanged)",all history
65256,0.648063013362756,0.6481086357217578,0.29622327763672907,0.053320664546415375,5.559633027522936,0.5746699669966997,0.2765864966676326,0.42775572441279996,0.38923406912043335,0.12031651855426362,0.3351592661030869,0.3549110426769606,1h,ZECUSDT,EMA200,all history
65256,0.700993012136815,0.7010049003337135,0.40199837748034367,0.048514616391917675,5.577981651376147,0.5842927631578947,0.1567446255610678,0.3198102426640737,0.3258782009219392,0.05803059107366556,0.2954040328790825,0.3549110426769606,1h,ZECUSDT,EMA cross (stock-tuned),all history
65256,0.7008550937844796,0.7008751777932372,0.4017399980993356,0.02283270111892147,12.821100917431192,0.5377459749552773,0.11230381165919283,0.27239073440096784,0.2785238561932579,-0.9813933595320588,-0.4530731091499942,0.3549110426769606,1h,ZECUSDT,Price vs EMA (stock-tuned),all history
65256,0.6747885251930857,0.6747684200004804,0.3495380030217043,-0.007864715210602388,3.4862385321100917,0.6368421052631579,0.1326007326007326,0.3309072331990329,0.30826756524285415,-0.44414862275279976,-0.06516309673214085,0.3549110426769606,1h,ZECUSDT,SuperTrend (stock-tuned),all history
65256,0.6975603775898002,0.6975736882703916,0.3951362055100931,0.03859249735225465,3.0045871559633026,0.6580152671755726,0.14191729323308272,0.3266950486194591,0.3198363822830236,0.18805599057559821,0.3887185026270238,0.3549110426769606,1h,ZECUSDT,Online directional-change (stock-tuned),all history
65256,0.6563381145028809,0.6563560144505572,0.31270403431454336,0.05229528388109409,1.926605504587156,0.7047619047619048,0.3299319727891156,0.47190574071562474,0.4427253329995175,0.4673229653301623,0.5816646539440441,0.3549110426769606,1h,ZECUSDT,EMA cross (stock calm-tuned),all history
65256,0.6829103837195047,0.682885656283554,0.3657767931136436,0.028934784848308946,2.0596330275229358,0.720489977728285,0.24501913181158463,0.4077116588838264,0.40110427069263377,0.16009091581256363,0.3675614656448689,0.3549110426769606,1h,ZECUSDT,SuperTrend (stock calm-tuned),all history
65256,0.6873084467328675,0.6873333067750309,0.37465862668456956,0.003734384753570509,1.5825688073394495,0.7971014492753623,0.2852156606463878,0.48557908429802576,0.4540358014001452,-0.1097194510728759,0.17276962154866055,0.3549110426769606,1h,ZECUSDT,Online directional-change (stock calm-tuned),all history
65656,0.6966918484220788,0.6950743222294946,0.4102444767578347,0.025187552729815075,7.523809523809524,0.564798071127185,0.13559322033898305,0.3155637821762233,0.315028109432131,-0.4318668363949493,-0.03444876064508259,0.3783031037418534,1h,ZECUSDT,"STOCK model (accurate, unchanged)",2019-2026
65656,0.6826946509077617,0.6810634408694753,0.38107836377524534,0.06699129953356284,2.2947845804988662,0.6926877470355731,0.22727272727272727,0.39484092815578353,0.3826655522810184,0.6165468754318509,0.6355665272251017,0.3783031037418534,1h,ZECUSDT,"STOCK model (calm, unchanged)",2019-2026
65656,0.6478158888753504,0.6478736780460919,0.2957396606400366,0.05389807608487444,5.54875283446712,0.5745811197384553,0.2773109243697479,0.4276932183239393,0.38923406912043335,0.12693322458372439,0.3559447391236999,0.3783031037418534,1h,ZECUSDT,EMA200,2019-2026
65656,0.7006671134397465,0.7006798158737815,0.4013377725922782,0.04874397999563731,5.562358276643991,0.5845902975947819,0.1568627450980392,0.3201737416782781,0.3275623191985207,0.060561109044838544,0.31366148622371853,0.3783031037418534,1h,ZECUSDT,EMA cross (stock-tuned),2019-2026
65656,0.7005604971365907,0.7005852983223673,0.4011480917209094,0.022858450644623617,12.746031746031745,0.5379825653798257,0.11538461538461539,0.2731336812149855,0.28248351480959594,-0.9809022386752082,-0.4354141909920766,0.3783031037418534,1h,ZECUSDT,Price vs EMA (stock-tuned),2019-2026
65656,0.6747136590715244,0.6746795230631437,0.3493573902143471,-0.00776951509298304,3.4693877551020407,0.6372549019607843,0.1348314606741573,0.33339367492835753,0.3091834831454864,-0.4437111509317854,-0.047745406135778976,0.3783031037418534,1h,ZECUSDT,SuperTrend (stock-tuned),2019-2026
65656,0.6979103204581455,0.6979031744117952,0.39579019147548594,0.04029375155797202,2.9705215419501134,0.6580152671755726,0.14285714285714285,0.3272522430991108,0.3198363822830236,0.21228718856225462,0.42192086318269956,0.3783031037418534,1h,ZECUSDT,Online directional-change (stock-tuned),2019-2026
65656,0.6560862678201536,0.6561028411243929,0.3121881449161933,0.05287468459384122,1.9160997732426304,0.7041420118343196,0.3333333333333333,0.4712545151092857,0.4431117143687693,0.4761833987233317,0.6038345841279111,0.3783031037418534,1h,ZECUSDT,EMA cross (stock calm-tuned),2019-2026
65656,0.6829840380163276,0.6829371059974508,0.36588331541908536,0.029386473427503543,2.049886621315193,0.7212389380530974,0.24528301886792453,0.4111973548338711,0.40185045733245817,0.16641104240349897,0.38816092189500195,0.3783031037418534,1h,ZECUSDT,SuperTrend (stock calm-tuned),2019-2026
65656,0.6877208480565371,0.6877295118674429,0.375438959808958,0.005702006590972478,1.564625850340136,0.7971014492753623,0.2890625,0.4860781068058843,0.4540358014001452,-0.08398551371005493,0.20698844240709635,0.3783031037418534,1h,ZECUSDT,Online directional-change (stock calm-tuned),2019-2026
65656,0.707170707932253,0.7071639567329222,0.4143112830052534,0.017940812496721678,1.90702947845805,0.7550535077288941,0.2517482517482518,0.4516446335024038,0.43630538619376413,0.036273480534130854,0.29133980779976487,0.3783031037418534,1h,ZECUSDT,Crypto model C (walk-forward),2019-2026
59223,0.6926025361768232,0.6899899216873546,0.39718464588806685,-0.014772876110682823,8.044619422572179,0.5608482871125612,0.10989010989010989,0.3177017891915979,0.30170499718527455,-1.1403132545303525,-0.676962523500453,0.0851830821015909,1h,BCHUSDT,"STOCK model (accurate, unchanged)",all history
59223,0.6792631241240734,0.6766286529733527,0.36947569129688174,0.030902591523343383,2.52755905511811,0.6791277258566978,0.19724770642201836,0.39894974179337284,0.38287230167521025,0.07245975399519196,0.09992555877098994,0.0851830821015909,1h,BCHUSDT,"STOCK model (calm, unchanged)",all history
59223,0.6293669689141043,0.6299346603258058,0.26024999233525065,0.026732720514385674,6.102362204724409,0.5694623655913978,0.23469387755102042,0.40506396629968333,0.3957696954575367,-0.4053905221692326,-0.2274841071748021,0.0851830821015909,1h,BCHUSDT,EMA200,all history
59223,0.6864731607652432,0.6868381196714548,0.3738157743723074,-0.0008596516531757544,6.097112860892389,0.5777012483857081,0.14052953156822812,0.33019803009802046,0.312342140330419,-0.7390979894002943,-0.4717015544705079,0.0851830821015909,1h,BCHUSDT,EMA cross (stock-tuned),all history
59223,0.6882967765901761,0.6886586297615523,0.3774531458457809,-0.012705610979261171,13.661417322834646,0.5356388088376561,0.1,0.2900673200757412,0.27178367806126713,-1.7851432670743737,-1.2293310162050164,0.0851830821015909,1h,BCHUSDT,Price vs EMA (stock-tuned),all history
59223,0.6786552521824292,0.6790606697970307,0.3583144360161083,-0.003198081936868265,3.545931758530184,0.6343449296817173,0.10989010989010989,0.32002754123641564,0.29343491946062156,-0.4626729861859754,-0.2760992942347493,0.0851830821015909,1h,BCHUSDT,SuperTrend (stock-tuned),all history
59223,0.6832311770764736,0.68336872605615,0.36668817325285735,-0.018647808500357094,3.1181102362204722,0.6531986531986532,0.12280701754385964,0.3361852366265116,0.3201630583190536,-0.5988041188733183,-0.3666406953276601,0.0851830821015909,1h,BCHUSDT,Online directional-change (stock-tuned),all history
59223,0.6473667325194603,0.6478437623446238,0.2959585845712063,0.062000333766074854,2.1548556430446193,0.6857490864799025,0.2857142857142857,0.43643553079540015,0.43214070787198716,0.49422441392841276,0.4138312616066036,0.0851830821015909,1h,BCHUSDT,EMA cross (stock calm-tuned),all history
59223,0.6727116154196849,0.6730815474801229,0.3463044904987552,0.01939569631456441,2.1758530183727034,0.7056694813027744,0.20398009950248755,0.4187788971121467,0.3831556060673243,-0.025012074598372055,0.04335369568361614,0.0851830821015909,1h,BCHUSDT,SuperTrend (stock calm-tuned),all history
59223,0.6569238302686456,0.6576186172825659,0.3159574526271975,0.015751528317859007,1.5905511811023623,0.7953795379537953,0.2692307692307692,0.4690229238032761,0.461076048314886,0.0007947021446744406,0.060908981529981386,0.0851830821015909,1h,BCHUSDT,Online directional-change (stock calm-tuned),all history
59623,0.6908743270214515,0.6890552655298873,0.39522600628308047,-0.016993569829513312,8.072916666666666,0.5603225806451613,0.1105006105006105,0.3184949799266762,0.30226360068912217,-1.1737465884755418,-0.7047442391149638,0.07548629513433229,1h,BCHUSDT,"STOCK model (accurate, unchanged)",2019-2026
59623,0.6777921271992352,0.6759611594545996,0.3680336862468102,0.029780406296738633,2.5260416666666665,0.6783505154639176,0.1974939097081843,0.3999356679407608,0.38294593130710586,0.05747347088987537,0.08429632868733383,0.07548629513433229,1h,BCHUSDT,"STOCK model (calm, unchanged)",2019-2026
59623,0.6305284873287155,0.6309351316451542,0.26233338829683533,0.025041184450564486,6.138020833333333,0.5689435723377174,0.2343682153712549,0.4049308457365176,0.3961263754953748,-0.43316236424417665,-0.25426220451683235,0.07548629513433229,1h,BCHUSDT,EMA200,2019-2026
59623,0.6858427117052144,0.6860874643605032,0.37235805764162305,-0.002756014141795393,6.106770833333333,0.5773987206823028,0.14123250771959794,0.32972995329060306,0.3158923827168427,-0.7657809858501491,-0.4981069094921723,0.07548629513433229,1h,BCHUSDT,EMA cross (stock-tuned),2019-2026
59623,0.6875534609127351,0.687795081709204,0.3757681966604806,-0.014114958472739206,13.653645833333334,0.5355712378409307,0.1,0.2896808483063317,0.2722029052135368,-1.8068425354250808,-1.25242796143897,0.07548629513433229,1h,BCHUSDT,Price vs EMA (stock-tuned),2019-2026
59623,0.6786642738540496,0.6789406680374119,0.3581248777274222,-0.00444510023472329,3.5364583333333335,0.634020618556701,0.1105006105006105,0.32012194584424203,0.2935901161017168,-0.47809048153226946,-0.294559898845584,0.07548629513433229,1h,BCHUSDT,SuperTrend (stock-tuned),2019-2026
59623,0.6792345235898898,0.6792728983890259,0.3585172963064889,-0.019363325345448067,3.09375,0.6531986531986532,0.12022703818369453,0.3361709735480297,0.3212919665505106,-0.6055713999060796,-0.37802750308179855,0.07548629513433229,1h,BCHUSDT,Online directional-change (stock-tuned),2019-2026
59623,0.6477869278634084,0.6481211728431178,0.2965731266739235,0.05987731182433917,2.1692708333333335,0.6842737094837935,0.28403361344537814,0.43963100161982827,0.4328009056425517,0.4648475313433579,0.38610700540753323,0.07548629513433229,1h,BCHUSDT,EMA cross (stock calm-tuned),2019-2026
59623,0.6719554534324003,0.6721975411460775,0.34456376000017486,0.01846784512699871,2.171875,0.7050359712230215,0.20561974789915966,0.4178450927763043,0.3831556060673243,-0.03701392789673554,0.02771752214862629,0.07548629513433229,1h,BCHUSDT,SuperTrend (stock calm-tuned),2019-2026
59623,0.6531036680475656,0.6535267308450797,0.3076348640289977,0.014934865442669653,1.578125,0.7953795379537953,0.2688145188145188,0.46840653847285096,0.46240353740774437,-0.008540462515294467,0.04738184905809709,0.07548629513433229,1h,BCHUSDT,Online directional-change (stock calm-tuned),2019-2026
59623,0.6940442446706808,0.6943429256134044,0.38899964795967934,-0.009572820326703688,1.9817708333333333,0.7411300919842313,0.2091724254886166,0.4333512752208597,0.42441169985661764,-0.35368314235902387,-0.1981382824870273,0.07548629513433229,1h,BCHUSDT,Crypto model C (walk-forward),2019-2026
53071,0.7183018974581221,0.7165215267542353,0.45300998900772765,0.0633616549868754,7.615384615384615,0.5641025641025641,0.10582306830907054,0.3023353104807883,0.29063583082031746,0.07582182543114703,0.3626213744846763,0.4982577826021218,1h,SOLUSDT,"STOCK model (accurate, unchanged)",all history
53071,0.7042075709898061,0.702356206118351,0.42492935700916634,0.044183389094590735,2.5207100591715976,0.6842723004694836,0.1859158986175115,0.40306476780497985,0.38037593157193555,0.31551829581109114,0.5143688327358332,0.4982577826021218,1h,SOLUSDT,"STOCK model (calm, unchanged)",all history
53071,0.6747376156469636,0.6747829599934494,0.34954090379540415,0.03901865177621559,6.023668639053255,0.5663064833005894,0.19543198014252544,0.40760131764567686,0.39113029731628196,-0.07888556122086324,0.29498556430489664,0.4982577826021218,1h,SOLUSDT,EMA200,all history
53071,0.7172090218763543,0.7172761876251574,0.4345258999456763,0.06610569388731925,5.683431952662722,0.5830296720458095,0.12159972141489092,0.3316141157294413,0.3150040576703662,0.29209071631405376,0.5605068302046852,0.4982577826021218,1h,SOLUSDT,EMA cross (stock-tuned),all history
53071,0.7155885511861468,0.7156782639794822,0.431341984418491,0.05385802653827591,12.511834319526628,0.5386616221328919,0.08907500339075003,0.26829174213584883,0.26736484603857175,-0.5038492323141454,-0.004279238614331978,0.4982577826021218,1h,SOLUSDT,Price vs EMA (stock-tuned),all history
53071,0.7012304271636111,0.7013700529235373,0.4027722121724584,-0.03555850028337292,3.7840236686390534,0.6247068021892104,0.09297429078014184,0.32460624712102215,0.28705961499020144,-0.8010770709192722,-0.21614373114193827,0.4982577826021218,1h,SOLUSDT,SuperTrend (stock-tuned),all history
53071,0.705375817301351,0.7055207264195928,0.4110798097882542,0.018949764150330888,3.272189349112426,0.6464737793851718,0.09645266816601922,0.30709481892269763,0.29739197712268683,-0.07096903931216836,0.3007654552967448,0.4982577826021218,1h,SOLUSDT,Online directional-change (stock-tuned),all history
53071,0.6821239471651184,0.6821759989819914,0.3643270722957658,0.061717858834013734,1.9881656804733727,0.7023809523809523,0.2538547551789077,0.4591609075923963,0.4307087166515573,0.5852112800911954,0.7591149936037904,0.4982577826021218,1h,SOLUSDT,EMA cross (stock calm-tuned),all history
53071,0.7043959978142489,0.7043825957759622,0.4087447021571512,0.04863355627375116,2.260355029585799,0.7015706806282722,0.16912242686890575,0.3957177744727838,0.36679761218839574,0.3957507418596859,0.6320513279948489,0.4982577826021218,1h,SOLUSDT,SuperTrend (stock calm-tuned),all history
53071,0.6863447080326355,0.6860559592738844,0.37257576046760493,-0.011733287778140832,1.757396449704142,0.7626262626262627,0.23336214347450301,0.4440565074261639,0.42499006826995556,-0.3123277700671138,0.12809351771461044,0.4982577826021218,1h,SOLUSDT,Online directional-change (stock calm-tuned),all history
53471,0.7183894073422977,0.7166351747613946,0.45319002044210205,0.060634700077142306,7.573099415204679,0.5644787644787644,0.10649098174748893,0.3036856475664722,0.29063583082031746,0.04722396216794483,0.3493809490503844,0.5066466524552397,1h,SOLUSDT,"STOCK model (accurate, unchanged)",2019-2026
53471,0.7038020609302239,0.7019727941281104,0.42418382434880986,0.037291948366883085,2.526315789473684,0.6840277777777778,0.1859158986175115,0.40362890879576113,0.38117634975895553,0.22870951066375064,0.4638268519975105,0.5066466524552397,1h,SOLUSDT,"STOCK model (calm, unchanged)",2019-2026
53471,0.6743094387611976,0.6743456412812759,0.34866594391376643,0.03099480122183102,6.0321637426900585,0.566650508967523,0.19543198014252544,0.4134590964161136,0.39113029731628196,-0.17827118256076632,0.22997372888545567,0.5066466524552397,1h,SOLUSDT,EMA200,2019-2026
53471,0.7172111985936301,0.7172756227285233,0.43452512418608236,0.06287943919441144,5.66374269005848,0.5833763551884358,0.12159972141489092,0.3359750748681338,0.3159706665235647,0.2541403805634938,0.5375959741585316,0.5066466524552397,1h,SOLUSDT,EMA cross (stock-tuned),2019-2026
53471,0.7154906397860522,0.7155780366963997,0.43114200005459286,0.049419977580364816,12.476608187134502,0.5387860323412234,0.08946463508626312,0.2694152281221841,0.2719371166942837,-0.5518440979407948,-0.0324115795716137,0.5066466524552397,1h,SOLUSDT,Price vs EMA (stock-tuned),2019-2026
53471,0.701109012361841,0.7012391388432162,0.4025030842706546,-0.03828037298136416,3.7719298245614037,0.6248062015503876,0.09375,0.3253088447558379,0.28705961499020144,-0.8309478330908477,-0.23002369424873914,0.5066466524552397,1h,SOLUSDT,SuperTrend (stock-tuned),2019-2026
53471,0.7038020609302239,0.7038979726073875,0.40778946394040777,0.020019588844507955,3.2339181286549707,0.6464737793851718,0.09645266816601922,0.30709481892269763,0.29739197712268683,-0.05312740190369279,0.3152846560696303,0.5066466524552397,1h,SOLUSDT,Online directional-change (stock-tuned),2019-2026
53471,0.6822763741093303,0.682329698392294,0.36463577238117206,0.05501572565058477,1.9970760233918128,0.7013177159590044,0.2538547551789077,0.4591609075923963,0.43362766557001486,0.4996041204874128,0.7039593976622471,0.5066466524552397,1h,SOLUSDT,EMA cross (stock calm-tuned),2019-2026
53471,0.7035589384900226,0.7035275164230264,0.40704569804856966,0.04412098725232653,2.2514619883040936,0.7025974025974026,0.17014170040485832,0.3979093060598903,0.3670664224046919,0.33970044838847696,0.5948002560895683,0.5066466524552397,1h,SOLUSDT,SuperTrend (stock calm-tuned),2019-2026
53471,0.6849133174992051,0.684584684151605,0.3697748533884843,-0.010233968677770294,1.736842105263158,0.7626262626262627,0.23336214347450301,0.4440565074261639,0.42499006826995556,-0.290475499463625,0.14724792405848044,0.5066466524552397,1h,SOLUSDT,Online directional-change (stock calm-tuned),2019-2026
53471,0.7301714948289727,0.7300549779544303,0.4602167450265578,0.015821231943910267,2.084795321637427,0.7335203366058906,0.19931506849315067,0.43620367520671227,0.4064611143452525,0.0021354968928466765,0.3562161928141475,0.5066466524552397,1h,SOLUSDT,Crypto model C (walk-forward),2019-2026
