cand,label,cfg,split,fpt,miss,delay
"B0.5|('H', 1, 0.1, -0.1)",B0.5,"('H', 1, 0.1, -0.1)",0,8.5,0.21443771645233883,4.5
"B0.5|('H', 1, 0.1, 0.0)",B0.5,"('H', 1, 0.1, 0.0)",0,14.0,0.21443771645233883,4.5
"B0.5|('H', 1, 0.1, 0.05)",B0.5,"('H', 1, 0.1, 0.05)",0,17.333333333333332,0.21443771645233883,4.5
"B0.5|('H', 1, 0.2, -0.2)",B0.5,"('H', 1, 0.2, -0.2)",0,6.0,0.24157530759154852,5.0
"B0.5|('H', 1, 0.2, 0.0)",B0.5,"('H', 1, 0.2, 0.0)",0,13.666666666666666,0.24504739928898572,5.5
"B0.5|('H', 1, 0.2, 0.1)",B0.5,"('H', 1, 0.2, 0.1)",0,17.714285714285715,0.24504739928898572,5.5
"B0.5|('H', 1, 0.3, -0.3)",B0.5,"('H', 1, 0.3, -0.3)",0,4.714285714285714,0.2650669842579017,6.0
"B0.5|('H', 1, 0.3, 0.0)",B0.5,"('H', 1, 0.3, 0.0)",0,12.714285714285714,0.2656273635393481,6.0
"B0.5|('H', 1, 0.3, 0.15)",B0.5,"('H', 1, 0.3, 0.15)",0,17.5,0.2656273635393481,6.0
"B0.5|('H', 1, 0.4, -0.4)",B0.5,"('H', 1, 0.4, -0.4)",0,3.5,0.309243498203691,8.0
"B0.5|('H', 1, 0.4, 0.0)",B0.5,"('H', 1, 0.4, 0.0)",0,11.0,0.3107778304036188,8.0
"B0.5|('H', 1, 0.4, 0.2)",B0.5,"('H', 1, 0.4, 0.2)",0,16.2,0.3107778304036188,8.5
"B0.5|('H', 1, 0.5, -0.5)",B0.5,"('H', 1, 0.5, -0.5)",0,2.5,0.3492309637733103,11.0
"B0.5|('H', 1, 0.5, 0.0)",B0.5,"('H', 1, 0.5, 0.0)",0,9.2,0.3610435411670023,11.5
"B0.5|('H', 1, 0.5, 0.25)",B0.5,"('H', 1, 0.5, 0.25)",0,12.833333333333334,0.3622888935353123,12.0
"B0.5|('H', 3, 0.1, -0.1)",B0.5,"('H', 3, 0.1, -0.1)",0,4.428571428571429,0.2656273635393481,7.0
"B0.5|('H', 3, 0.1, 0.0)",B0.5,"('H', 3, 0.1, 0.0)",0,9.0,0.2730947177868261,7.0
"B0.5|('H', 3, 0.1, 0.05)",B0.5,"('H', 3, 0.1, 0.05)",0,10.714285714285714,0.2730947177868261,7.0
"B0.5|('H', 3, 0.2, -0.2)",B0.5,"('H', 3, 0.2, -0.2)",0,3.3333333333333335,0.30109824416015774,8.0
"B0.5|('H', 3, 0.2, 0.0)",B0.5,"('H', 3, 0.2, 0.0)",0,8.666666666666666,0.30525604411248636,8.5
"B0.5|('H', 3, 0.2, 0.1)",B0.5,"('H', 3, 0.2, 0.1)",0,10.142857142857142,0.3073427781170659,8.5
"B0.5|('H', 3, 0.3, -0.3)",B0.5,"('H', 3, 0.3, -0.3)",0,2.6666666666666665,0.3349105267724891,10.5
"B0.5|('H', 3, 0.3, 0.0)",B0.5,"('H', 3, 0.3, 0.0)",0,7.571428571428571,0.3525241712821224,11.5
"B0.5|('H', 3, 0.3, 0.15)",B0.5,"('H', 3, 0.3, 0.15)",0,9.166666666666666,0.35735061151719494,11.5
"B0.5|('H', 3, 0.4, -0.4)",B0.5,"('H', 3, 0.4, -0.4)",0,1.8571428571428572,0.3981000426425435,13.0
"B0.5|('H', 3, 0.4, 0.0)",B0.5,"('H', 3, 0.4, 0.0)",0,6.142857142857143,0.42097509740840655,14.5
"B0.5|('H', 3, 0.4, 0.2)",B0.5,"('H', 3, 0.4, 0.2)",0,7.571428571428571,0.42097509740840655,15.0
"B0.5|('H', 3, 0.5, -0.5)",B0.5,"('H', 3, 0.5, -0.5)",0,0.2,0.5,15.0
"B0.5|('H', 3, 0.5, 0.0)",B0.5,"('H', 3, 0.5, 0.0)",0,3.2857142857142856,0.711875152934385,24.0
"B0.5|('H', 3, 0.5, 0.25)",B0.5,"('H', 3, 0.5, 0.25)",0,4.333333333333333,0.711875152934385,24.0
"B0.5|('H', 5, 0.1, -0.1)",B0.5,"('H', 5, 0.1, -0.1)",0,3.5714285714285716,0.2950671197336481,8.5
"B0.5|('H', 5, 0.1, 0.0)",B0.5,"('H', 5, 0.1, 0.0)",0,7.8,0.2974470255642098,9.0
"B0.5|('H', 5, 0.1, 0.05)",B0.5,"('H', 5, 0.1, 0.05)",0,9.2,0.30109824416015774,9.0
"B0.5|('H', 5, 0.2, -0.2)",B0.5,"('H', 5, 0.2, -0.2)",0,2.7142857142857144,0.33386602005320065,11.0
"B0.5|('H', 5, 0.2, 0.0)",B0.5,"('H', 5, 0.2, 0.0)",0,6.875,0.3380316607140233,11.0
"B0.5|('H', 5, 0.2, 0.1)",B0.5,"('H', 5, 0.2, 0.1)",0,8.0,0.339147558522156,11.0
"B0.5|('H', 5, 0.3, -0.3)",B0.5,"('H', 5, 0.3, -0.3)",0,2.0,0.3844862316686024,13.0
"B0.5|('H', 5, 0.3, 0.0)",B0.5,"('H', 5, 0.3, 0.0)",0,5.833333333333333,0.4064431220434489,14.0
"B0.5|('H', 5, 0.3, 0.15)",B0.5,"('H', 5, 0.3, 0.15)",0,7.0,0.408724238391303,14.0
"B0.5|('H', 5, 0.4, -0.4)",B0.5,"('H', 5, 0.4, -0.4)",0,1.2,0.4587859256686628,17.0
"B0.5|('H', 5, 0.4, 0.0)",B0.5,"('H', 5, 0.4, 0.0)",0,4.4,0.5,19.0
"B0.5|('H', 5, 0.4, 0.2)",B0.5,"('H', 5, 0.4, 0.2)",0,5.333333333333333,0.5,19.0
"B0.5|('H', 5, 0.5, -0.5)",B0.5,"('H', 5, 0.5, -0.5)",0,0.0,0.5,16.0
"B0.5|('H', 5, 0.5, 0.0)",B0.5,"('H', 5, 0.5, 0.0)",0,2.3333333333333335,0.8661642391853088,29.5
"B0.5|('H', 5, 0.5, 0.25)",B0.5,"('H', 5, 0.5, 0.25)",0,3.0,0.8661642391853088,29.5
"B0.5|('H', 10, 0.1, -0.1)",B0.5,"('H', 10, 0.1, -0.1)",0,2.3333333333333335,0.3457106201862644,12.0
"B0.5|('H', 10, 0.1, 0.0)",B0.5,"('H', 10, 0.1, 0.0)",0,5.714285714285714,0.34689978809605937,12.0
"B0.5|('H', 10, 0.1, 0.05)",B0.5,"('H', 10, 0.1, 0.05)",0,6.166666666666667,0.354664676894931,12.0
"B0.5|('H', 10, 0.2, -0.2)",B0.5,"('H', 10, 0.2, -0.2)",0,1.7142857142857142,0.3898616254466726,14.0
"B0.5|('H', 10, 0.2, 0.0)",B0.5,"('H', 10, 0.2, 0.0)",0,4.666666666666667,0.426253685793121,15.5
"B0.5|('H', 10, 0.2, 0.1)",B0.5,"('H', 10, 0.2, 0.1)",0,5.4,0.4283863739790307,16.0
"B0.5|('H', 10, 0.3, -0.3)",B0.5,"('H', 10, 0.3, -0.3)",0,1.125,0.4624276274347774,18.5
"B0.5|('H', 10, 0.3, 0.0)",B0.5,"('H', 10, 0.3, 0.0)",0,3.6666666666666665,0.5290250947355791,20.5
"B0.5|('H', 10, 0.3, 0.15)",B0.5,"('H', 10, 0.3, 0.15)",0,4.4,0.5310042701658814,20.5
"B0.5|('H', 10, 0.4, -0.4)",B0.5,"('H', 10, 0.4, -0.4)",0,0.4,0.5,20.5
"B0.5|('H', 10, 0.4, 0.0)",B0.5,"('H', 10, 0.4, 0.0)",0,2.5,0.7226995052724389,28.0
"B0.5|('H', 10, 0.4, 0.2)",B0.5,"('H', 10, 0.4, 0.2)",0,3.0,0.7255215394525356,28.0
"B0.5|('H', 10, 0.5, -0.5)",B0.5,"('H', 10, 0.5, -0.5)",0,0.0,0.5,17.0
"B0.5|('H', 10, 0.5, 0.0)",B0.5,"('H', 10, 0.5, 0.0)",0,1.5714285714285714,1.0,40.0
"B0.5|('H', 10, 0.5, 0.25)",B0.5,"('H', 10, 0.5, 0.25)",0,2.0,1.0,41.0
"B0.5|('C', 0, 0.0, 0.5)",B0.5,"('C', 0, 0.0, 0.5)",0,5.0,0.2519717060502541,6.5
"B0.5|('C', 0, 0.0, 1)",B0.5,"('C', 0, 0.0, 1)",0,3.6,0.297296824819552,7.5
"B0.5|('C', 0, 0.0, 2)",B0.5,"('C', 0, 0.0, 2)",0,2.5714285714285716,0.32195960060376383,11.0
"B0.5|('C', 0, 0.0, 4)",B0.5,"('C', 0, 0.0, 4)",0,1.625,0.4095881010010033,15.0
"B0.5|('C', 0, 0.0, 8)",B0.5,"('C', 0, 0.0, 8)",0,0.8,0.5,21.5
"B0.5|('C', 0, 0.1, 0.5)",B0.5,"('C', 0, 0.1, 0.5)",0,3.8,0.28671090355742895,7.0
"B0.5|('C', 0, 0.1, 1)",B0.5,"('C', 0, 0.1, 1)",0,2.857142857142857,0.322367840590509,9.0
"B0.5|('C', 0, 0.1, 2)",B0.5,"('C', 0, 0.1, 2)",0,2.0,0.3823299182896139,12.5
"B0.5|('C', 0, 0.1, 4)",B0.5,"('C', 0, 0.1, 4)",0,1.0,0.4189445544034319,18.0
"B0.5|('C', 0, 0.1, 8)",B0.5,"('C', 0, 0.1, 8)",0,0.4,0.5153910502259273,23.0
"B0.5|('C', 0, 0.2, 0.5)",B0.5,"('C', 0, 0.2, 0.5)",0,3.142857142857143,0.3206453490160487,9.0
"B0.5|('C', 0, 0.2, 1)",B0.5,"('C', 0, 0.2, 1)",0,2.2,0.35404918749485514,12.0
"B0.5|('C', 0, 0.2, 2)",B0.5,"('C', 0, 0.2, 2)",0,1.3333333333333333,0.43701002402105404,15.0
"B0.5|('C', 0, 0.2, 4)",B0.5,"('C', 0, 0.2, 4)",0,0.5714285714285714,0.5,21.0
"B0.5|('C', 0, 0.2, 8)",B0.5,"('C', 0, 0.2, 8)",0,0.0,0.5,20.0
"B0.5|('C', 0, 0.3, 0.5)",B0.5,"('C', 0, 0.3, 0.5)",0,2.3333333333333335,0.3478625761603614,12.0
"B0.5|('C', 0, 0.3, 1)",B0.5,"('C', 0, 0.3, 1)",0,1.4,0.4253231802316209,15.0
"B0.5|('C', 0, 0.3, 2)",B0.5,"('C', 0, 0.3, 2)",0,0.6,0.5,19.0
"B0.5|('C', 0, 0.3, 4)",B0.5,"('C', 0, 0.3, 4)",0,0.0,0.5,17.0
"B0.5|('C', 0, 0.3, 8)",B0.5,"('C', 0, 0.3, 8)",0,0.0,0.5,22.0
"B1|('H', 1, 0.1, -0.1)",B1,"('H', 1, 0.1, -0.1)",0,3.7142857142857144,0.34851246873819425,9.0
"B1|('H', 1, 0.1, 0.0)",B1,"('H', 1, 0.1, 0.0)",0,7.5,0.34851246873819425,9.0
"B1|('H', 1, 0.1, 0.05)",B1,"('H', 1, 0.1, 0.05)",0,9.5,0.34851246873819425,9.0
"B1|('H', 1, 0.2, -0.2)",B1,"('H', 1, 0.2, -0.2)",0,2.6,0.38384432677964486,11.0
"B1|('H', 1, 0.2, 0.0)",B1,"('H', 1, 0.2, 0.0)",0,7.142857142857143,0.38384432677964486,11.0
"B1|('H', 1, 0.2, 0.1)",B1,"('H', 1, 0.2, 0.1)",0,9.6,0.38462036267399485,11.0
"B1|('H', 1, 0.3, -0.3)",B1,"('H', 1, 0.3, -0.3)",0,2.0,0.43059386712481285,13.0
"B1|('H', 1, 0.3, 0.0)",B1,"('H', 1, 0.3, 0.0)",0,6.0,0.43560732283850606,13.5
"B1|('H', 1, 0.3, 0.15)",B1,"('H', 1, 0.3, 0.15)",0,8.833333333333334,0.43560732283850606,13.5
"B1|('H', 1, 0.4, -0.4)",B1,"('H', 1, 0.4, -0.4)",0,1.2,0.5,17.5
"B1|('H', 1, 0.4, 0.0)",B1,"('H', 1, 0.4, 0.0)",0,4.8,0.5004505605322694,19.0
"B1|('H', 1, 0.4, 0.2)",B1,"('H', 1, 0.4, 0.2)",0,7.333333333333333,0.5004505605322694,19.0
"B1|('H', 1, 0.5, -0.5)",B1,"('H', 1, 0.5, -0.5)",0,0.7,0.5110603424066703,18.0
"B1|('H', 1, 0.5, 0.0)",B1,"('H', 1, 0.5, 0.0)",0,3.5,0.6096689226596437,24.0
"B1|('H', 1, 0.5, 0.25)",B1,"('H', 1, 0.5, 0.25)",0,6.0,0.6096689226596437,24.5
"B1|('H', 3, 0.1, -0.1)",B1,"('H', 3, 0.1, -0.1)",0,2.142857142857143,0.3892089038358598,12.0
"B1|('H', 3, 0.1, 0.0)",B1,"('H', 3, 0.1, 0.0)",0,4.857142857142857,0.39002646332485136,12.0
"B1|('H', 3, 0.1, 0.05)",B1,"('H', 3, 0.1, 0.05)",0,5.6,0.39002646332485136,12.0
"B1|('H', 3, 0.2, -0.2)",B1,"('H', 3, 0.2, -0.2)",0,1.6,0.43199457410479775,14.0
"B1|('H', 3, 0.2, 0.0)",B1,"('H', 3, 0.2, 0.0)",0,4.4,0.4395544678559397,15.0
"B1|('H', 3, 0.2, 0.1)",B1,"('H', 3, 0.2, 0.1)",0,5.4,0.4395544678559397,15.0
"B1|('H', 3, 0.3, -0.3)",B1,"('H', 3, 0.3, -0.3)",0,1.2,0.47519718284893087,17.5
"B1|('H', 3, 0.3, 0.0)",B1,"('H', 3, 0.3, 0.0)",0,3.6666666666666665,0.4914721497291117,20.0
"B1|('H', 3, 0.3, 0.15)",B1,"('H', 3, 0.3, 0.15)",0,4.714285714285714,0.4914721497291117,20.0
"B1|('H', 3, 0.4, -0.4)",B1,"('H', 3, 0.4, -0.4)",0,0.8333333333333334,0.5314472565359607,22.0
"B1|('H', 3, 0.4, 0.0)",B1,"('H', 3, 0.4, 0.0)",0,3.0,0.5787343384498383,24.0
"B1|('H', 3, 0.4, 0.2)",B1,"('H', 3, 0.4, 0.2)",0,4.0,0.5787343384498383,24.5
"B1|('H', 3, 0.5, -0.5)",B1,"('H', 3, 0.5, -0.5)",0,0.4,0.5299136658375907,20.0
"B1|('H', 3, 0.5, 0.0)",B1,"('H', 3, 0.5, 0.0)",0,2.2,0.7223140487131585,29.0
"B1|('H', 3, 0.5, 0.25)",B1,"('H', 3, 0.5, 0.25)",0,3.0,0.7223876577273198,29.0
"B1|('H', 5, 0.1, -0.1)",B1,"('H', 5, 0.1, -0.1)",0,1.75,0.41336634876595924,14.0
"B1|('H', 5, 0.1, 0.0)",B1,"('H', 5, 0.1, 0.0)",0,4.285714285714286,0.4185467081740544,14.0
"B1|('H', 5, 0.1, 0.05)",B1,"('H', 5, 0.1, 0.05)",0,4.857142857142857,0.4185467081740544,14.0
"B1|('H', 5, 0.2, -0.2)",B1,"('H', 5, 0.2, -0.2)",0,1.2857142857142858,0.4551405613669461,17.0
"B1|('H', 5, 0.2, 0.0)",B1,"('H', 5, 0.2, 0.0)",0,3.6,0.4661937460796547,17.5
"B1|('H', 5, 0.2, 0.1)",B1,"('H', 5, 0.2, 0.1)",0,4.0,0.46995659339118967,18.0
"B1|('H', 5, 0.3, -0.3)",B1,"('H', 5, 0.3, -0.3)",0,1.0,0.5,20.0
"B1|('H', 5, 0.3, 0.0)",B1,"('H', 5, 0.3, 0.0)",0,3.0,0.5345557202051917,22.0
"B1|('H', 5, 0.3, 0.15)",B1,"('H', 5, 0.3, 0.15)",0,3.8333333333333335,0.5450206159081578,23.0
"B1|('H', 5, 0.4, -0.4)",B1,"('H', 5, 0.4, -0.4)",0,0.7,0.5613405343659805,22.5
"B1|('H', 5, 0.4, 0.0)",B1,"('H', 5, 0.4, 0.0)",0,2.4285714285714284,0.6285968695415829,26.5
"B1|('H', 5, 0.4, 0.2)",B1,"('H', 5, 0.4, 0.2)",0,3.142857142857143,0.6344064605684421,27.0
"B1|('H', 5, 0.5, -0.5)",B1,"('H', 5, 0.5, -0.5)",0,0.25,0.5,20.0
"B1|('H', 5, 0.5, 0.0)",B1,"('H', 5, 0.5, 0.0)",0,1.8333333333333333,0.7852831012508761,33.0
"B1|('H', 5, 0.5, 0.25)",B1,"('H', 5, 0.5, 0.25)",0,2.3333333333333335,0.7895731997760393,34.0
"B1|('H', 10, 0.1, -0.1)",B1,"('H', 10, 0.1, -0.1)",0,1.3333333333333333,0.44167841682589026,18.0
"B1|('H', 10, 0.1, 0.0)",B1,"('H', 10, 0.1, 0.0)",0,3.0,0.4533390922414393,18.0
"B1|('H', 10, 0.1, 0.05)",B1,"('H', 10, 0.1, 0.05)",0,3.4285714285714284,0.4533390922414393,18.0
"B1|('H', 10, 0.2, -0.2)",B1,"('H', 10, 0.2, -0.2)",0,1.0,0.5,21.0
"B1|('H', 10, 0.2, 0.0)",B1,"('H', 10, 0.2, 0.0)",0,2.5714285714285716,0.5320226879426969,24.0
"B1|('H', 10, 0.2, 0.1)",B1,"('H', 10, 0.2, 0.1)",0,3.0,0.5343198742766668,24.0
"B1|('H', 10, 0.3, -0.3)",B1,"('H', 10, 0.3, -0.3)",0,0.7142857142857143,0.5195932927989999,23.0
"B1|('H', 10, 0.3, 0.0)",B1,"('H', 10, 0.3, 0.0)",0,2.2,0.592045892823562,27.0
"B1|('H', 10, 0.3, 0.15)",B1,"('H', 10, 0.3, 0.15)",0,2.8,0.6069876814868488,28.5
"B1|('H', 10, 0.4, -0.4)",B1,"('H', 10, 0.4, -0.4)",0,0.4,0.5111862915011789,21.0
"B1|('H', 10, 0.4, 0.0)",B1,"('H', 10, 0.4, 0.0)",0,1.7142857142857142,0.7294602893092792,32.0
"B1|('H', 10, 0.4, 0.2)",B1,"('H', 10, 0.4, 0.2)",0,2.2,0.7530999767299114,33.0
"B1|('H', 10, 0.5, -0.5)",B1,"('H', 10, 0.5, -0.5)",0,0.0,0.5,17.0
"B1|('H', 10, 0.5, 0.0)",B1,"('H', 10, 0.5, 0.0)",0,1.1428571428571428,0.9133655727431522,38.0
"B1|('H', 10, 0.5, 0.25)",B1,"('H', 10, 0.5, 0.25)",0,1.5714285714285714,0.9299372933364938,42.0
"B1|('C', 0, 0.0, 0.5)",B1,"('C', 0, 0.0, 0.5)",0,2.3333333333333335,0.3894356533739622,11.5
"B1|('C', 0, 0.0, 1)",B1,"('C', 0, 0.0, 1)",0,1.8,0.40020927599337197,13.5
"B1|('C', 0, 0.0, 2)",B1,"('C', 0, 0.0, 2)",0,1.3333333333333333,0.44167841682589026,16.5
"B1|('C', 0, 0.0, 4)",B1,"('C', 0, 0.0, 4)",0,1.0,0.48789055350093014,20.0
"B1|('C', 0, 0.0, 8)",B1,"('C', 0, 0.0, 8)",0,0.6666666666666666,0.521095235129801,23.0
"B1|('C', 0, 0.1, 0.5)",B1,"('C', 0, 0.1, 0.5)",0,1.7142857142857142,0.4259732404832277,14.0
"B1|('C', 0, 0.1, 1)",B1,"('C', 0, 0.1, 1)",0,1.3333333333333333,0.4383251081790648,15.5
"B1|('C', 0, 0.1, 2)",B1,"('C', 0, 0.1, 2)",0,1.0,0.49611259909134314,19.0
"B1|('C', 0, 0.1, 4)",B1,"('C', 0, 0.1, 4)",0,0.75,0.5148645749805444,23.5
"B1|('C', 0, 0.1, 8)",B1,"('C', 0, 0.1, 8)",0,0.4,0.5,21.5
"B1|('C', 0, 0.2, 0.5)",B1,"('C', 0, 0.2, 0.5)",0,1.2857142857142858,0.47519718284893087,17.0
"B1|('C', 0, 0.2, 1)",B1,"('C', 0, 0.2, 1)",0,1.0,0.5003302234424255,19.0
"B1|('C', 0, 0.2, 2)",B1,"('C', 0, 0.2, 2)",0,0.8,0.506724850192235,21.5
"B1|('C', 0, 0.2, 4)",B1,"('C', 0, 0.2, 4)",0,0.5,0.5034309749937368,22.0
"B1|('C', 0, 0.2, 8)",B1,"('C', 0, 0.2, 8)",0,0.2,0.5,20.0
"B1|('C', 0, 0.3, 0.5)",B1,"('C', 0, 0.3, 0.5)",0,1.0,0.5170327426359576,21.0
"B1|('C', 0, 0.3, 1)",B1,"('C', 0, 0.3, 1)",0,0.75,0.5448291510320661,21.0
"B1|('C', 0, 0.3, 2)",B1,"('C', 0, 0.3, 2)",0,0.42857142857142855,0.5279844139892986,22.0
"B1|('C', 0, 0.3, 4)",B1,"('C', 0, 0.3, 4)",0,0.2,0.5,19.0
"B1|('C', 0, 0.3, 8)",B1,"('C', 0, 0.3, 8)",0,0.0,0.5,17.0
"B2|('H', 1, 0.1, -0.1)",B2,"('H', 1, 0.1, -0.1)",0,1.0,0.4850893588140162,17.0
"B2|('H', 1, 0.1, 0.0)",B2,"('H', 1, 0.1, 0.0)",0,2.7142857142857144,0.4946515841760024,18.0
"B2|('H', 1, 0.1, 0.05)",B2,"('H', 1, 0.1, 0.05)",0,3.5,0.496508023391692,18.0
"B2|('H', 1, 0.2, -0.2)",B2,"('H', 1, 0.2, -0.2)",0,0.6,0.5,19.5
"B2|('H', 1, 0.2, 0.0)",B2,"('H', 1, 0.2, 0.0)",0,2.0,0.52933389851745,23.0
"B2|('H', 1, 0.2, 0.1)",B2,"('H', 1, 0.2, 0.1)",0,2.857142857142857,0.5455183590850586,24.0
"B2|('H', 1, 0.3, -0.3)",B2,"('H', 1, 0.3, -0.3)",0,0.5,0.5,21.5
"B2|('H', 1, 0.3, 0.0)",B2,"('H', 1, 0.3, 0.0)",0,1.6,0.610670392027925,27.0
"B2|('H', 1, 0.3, 0.15)",B2,"('H', 1, 0.3, 0.15)",0,2.2222222222222223,0.6330841542461796,27.5
"B2|('H', 1, 0.4, -0.4)",B2,"('H', 1, 0.4, -0.4)",0,0.4,0.5,21.0
"B2|('H', 1, 0.4, 0.0)",B2,"('H', 1, 0.4, 0.0)",0,1.3333333333333333,0.6813694765192366,31.0
"B2|('H', 1, 0.4, 0.2)",B2,"('H', 1, 0.4, 0.2)",0,2.0,0.7367694182076289,32.0
"B2|('H', 1, 0.5, -0.5)",B2,"('H', 1, 0.5, -0.5)",0,0.2,0.5,18.0
"B2|('H', 1, 0.5, 0.0)",B2,"('H', 1, 0.5, 0.0)",0,1.0,0.8310582960345779,36.0
"B2|('H', 1, 0.5, 0.25)",B2,"('H', 1, 0.5, 0.25)",0,1.5,0.8451270463189108,37.5
"B2|('H', 3, 0.1, -0.1)",B2,"('H', 3, 0.1, -0.1)",0,0.6666666666666666,0.4872385085613563,19.5
"B2|('H', 3, 0.1, 0.0)",B2,"('H', 3, 0.1, 0.0)",0,1.8333333333333333,0.5,20.0
"B2|('H', 3, 0.1, 0.05)",B2,"('H', 3, 0.1, 0.05)",0,2.2857142857142856,0.5,21.0
"B2|('H', 3, 0.2, -0.2)",B2,"('H', 3, 0.2, -0.2)",0,0.5,0.5,20.0
"B2|('H', 3, 0.2, 0.0)",B2,"('H', 3, 0.2, 0.0)",0,1.3333333333333333,0.5349945549982598,25.0
"B2|('H', 3, 0.2, 0.1)",B2,"('H', 3, 0.2, 0.1)",0,1.8571428571428572,0.5860489103642588,26.0
"B2|('H', 3, 0.3, -0.3)",B2,"('H', 3, 0.3, -0.3)",0,0.4,0.5,20.0
"B2|('H', 3, 0.3, 0.0)",B2,"('H', 3, 0.3, 0.0)",0,1.2,0.6187576196926433,29.0
"B2|('H', 3, 0.3, 0.15)",B2,"('H', 3, 0.3, 0.15)",0,1.6,0.6918739849941419,29.5
"B2|('H', 3, 0.4, -0.4)",B2,"('H', 3, 0.4, -0.4)",0,0.3333333333333333,0.5,20.0
"B2|('H', 3, 0.4, 0.0)",B2,"('H', 3, 0.4, 0.0)",0,1.0,0.7130659289870829,31.5
"B2|('H', 3, 0.4, 0.2)",B2,"('H', 3, 0.4, 0.2)",0,1.4,0.7804303326719839,35.0
"B2|('H', 3, 0.5, -0.5)",B2,"('H', 3, 0.5, -0.5)",0,0.16666666666666666,0.5,16.0
"B2|('H', 3, 0.5, 0.0)",B2,"('H', 3, 0.5, 0.0)",0,0.8333333333333334,0.8420372292301818,34.0
"B2|('H', 3, 0.5, 0.25)",B2,"('H', 3, 0.5, 0.25)",0,1.2,0.8699000497793212,41.0
"B2|('H', 5, 0.1, -0.1)",B2,"('H', 5, 0.1, -0.1)",0,0.6,0.5,20.0
"B2|('H', 5, 0.1, 0.0)",B2,"('H', 5, 0.1, 0.0)",0,1.6,0.5,21.0
"B2|('H', 5, 0.1, 0.05)",B2,"('H', 5, 0.1, 0.05)",0,1.75,0.5,22.5
"B2|('H', 5, 0.2, -0.2)",B2,"('H', 5, 0.2, -0.2)",0,0.42857142857142855,0.5,20.0
"B2|('H', 5, 0.2, 0.0)",B2,"('H', 5, 0.2, 0.0)",0,1.3333333333333333,0.5428832084735505,26.5
"B2|('H', 5, 0.2, 0.1)",B2,"('H', 5, 0.2, 0.1)",0,1.6,0.6034391494824526,27.0
"B2|('H', 5, 0.3, -0.3)",B2,"('H', 5, 0.3, -0.3)",0,0.3333333333333333,0.5,19.5
"B2|('H', 5, 0.3, 0.0)",B2,"('H', 5, 0.3, 0.0)",0,1.0,0.6073232756980788,29.5
"B2|('H', 5, 0.3, 0.15)",B2,"('H', 5, 0.3, 0.15)",0,1.4,0.6740941246129403,31.0
"B2|('H', 5, 0.4, -0.4)",B2,"('H', 5, 0.4, -0.4)",0,0.3333333333333333,0.5,20.0
"B2|('H', 5, 0.4, 0.0)",B2,"('H', 5, 0.4, 0.0)",0,1.0,0.7186786923522233,31.0
"B2|('H', 5, 0.4, 0.2)",B2,"('H', 5, 0.4, 0.2)",0,1.2857142857142858,0.8021486260619253,36.0
"B2|('H', 5, 0.5, -0.5)",B2,"('H', 5, 0.5, -0.5)",0,0.14285714285714285,0.5,16.0
"B2|('H', 5, 0.5, 0.0)",B2,"('H', 5, 0.5, 0.0)",0,0.8,0.8572034298247344,35.0
"B2|('H', 5, 0.5, 0.25)",B2,"('H', 5, 0.5, 0.25)",0,1.1,0.8961074986639055,41.5
"B2|('H', 10, 0.1, -0.1)",B2,"('H', 10, 0.1, -0.1)",0,0.5,0.5,20.0
"B2|('H', 10, 0.1, 0.0)",B2,"('H', 10, 0.1, 0.0)",0,1.3333333333333333,0.5,24.0
"B2|('H', 10, 0.1, 0.05)",B2,"('H', 10, 0.1, 0.05)",0,1.4285714285714286,0.5,24.0
"B2|('H', 10, 0.2, -0.2)",B2,"('H', 10, 0.2, -0.2)",0,0.4,0.5,17.0
"B2|('H', 10, 0.2, 0.0)",B2,"('H', 10, 0.2, 0.0)",0,1.1428571428571428,0.5192068607506347,28.0
"B2|('H', 10, 0.2, 0.1)",B2,"('H', 10, 0.2, 0.1)",0,1.3333333333333333,0.6060498024595011,30.0
"B2|('H', 10, 0.3, -0.3)",B2,"('H', 10, 0.3, -0.3)",0,0.2857142857142857,0.5,17.5
"B2|('H', 10, 0.3, 0.0)",B2,"('H', 10, 0.3, 0.0)",0,0.8571428571428571,0.6063763060905248,29.5
"B2|('H', 10, 0.3, 0.15)",B2,"('H', 10, 0.3, 0.15)",0,1.1428571428571428,0.7321772811973392,32.5
"B2|('H', 10, 0.4, -0.4)",B2,"('H', 10, 0.4, -0.4)",0,0.2,0.5,16.0
"B2|('H', 10, 0.4, 0.0)",B2,"('H', 10, 0.4, 0.0)",0,0.8,0.7075137887300837,32.0
"B2|('H', 10, 0.4, 0.2)",B2,"('H', 10, 0.4, 0.2)",0,1.0,0.8422495424734875,38.0
"B2|('H', 10, 0.5, -0.5)",B2,"('H', 10, 0.5, -0.5)",0,0.125,0.5,16.0
"B2|('H', 10, 0.5, 0.0)",B2,"('H', 10, 0.5, 0.0)",0,0.6666666666666666,0.8589245182419281,35.0
"B2|('H', 10, 0.5, 0.25)",B2,"('H', 10, 0.5, 0.25)",0,0.8571428571428571,0.9455578949342636,44.0
"B2|('C', 0, 0.0, 0.5)",B2,"('C', 0, 0.0, 0.5)",0,0.8333333333333334,0.4725398137026951,19.0
"B2|('C', 0, 0.0, 1)",B2,"('C', 0, 0.0, 1)",0,0.6666666666666666,0.49611259909134314,19.0
"B2|('C', 0, 0.0, 2)",B2,"('C', 0, 0.0, 2)",0,0.5,0.5,19.0
"B2|('C', 0, 0.0, 4)",B2,"('C', 0, 0.0, 4)",0,0.42857142857142855,0.5,18.5
"B2|('C', 0, 0.0, 8)",B2,"('C', 0, 0.0, 8)",0,0.3333333333333333,0.5,17.0
"B2|('C', 0, 0.1, 0.5)",B2,"('C', 0, 0.1, 0.5)",0,0.5,0.5,19.5
"B2|('C', 0, 0.1, 1)",B2,"('C', 0, 0.1, 1)",0,0.5,0.5,19.0
"B2|('C', 0, 0.1, 2)",B2,"('C', 0, 0.1, 2)",0,0.42857142857142855,0.5,17.5
"B2|('C', 0, 0.1, 4)",B2,"('C', 0, 0.1, 4)",0,0.3333333333333333,0.5,19.0
"B2|('C', 0, 0.1, 8)",B2,"('C', 0, 0.1, 8)",0,0.25,0.5,16.0
"B2|('C', 0, 0.2, 0.5)",B2,"('C', 0, 0.2, 0.5)",0,0.42857142857142855,0.5,20.0
"B2|('C', 0, 0.2, 1)",B2,"('C', 0, 0.2, 1)",0,0.4,0.5,17.5
"B2|('C', 0, 0.2, 2)",B2,"('C', 0, 0.2, 2)",0,0.3333333333333333,0.5,19.5
"B2|('C', 0, 0.2, 4)",B2,"('C', 0, 0.2, 4)",0,0.25,0.5,17.0
"B2|('C', 0, 0.2, 8)",B2,"('C', 0, 0.2, 8)",0,0.16666666666666666,0.5,16.0
"B2|('C', 0, 0.3, 0.5)",B2,"('C', 0, 0.3, 0.5)",0,0.3333333333333333,0.5,20.5
"B2|('C', 0, 0.3, 1)",B2,"('C', 0, 0.3, 1)",0,0.2857142857142857,0.5,20.0
"B2|('C', 0, 0.3, 2)",B2,"('C', 0, 0.3, 2)",0,0.2,0.5,16.0
"B2|('C', 0, 0.3, 4)",B2,"('C', 0, 0.3, 4)",0,0.16666666666666666,0.5,15.5
"B2|('C', 0, 0.3, 8)",B2,"('C', 0, 0.3, 8)",0,0.1,0.5,15.5
"B1w|('H', 1, 0.1, -0.1)",B1w,"('H', 1, 0.1, -0.1)",0,5.25,0.25125257141408763,6.0
"B1w|('H', 1, 0.1, 0.0)",B1w,"('H', 1, 0.1, 0.0)",0,11.0,0.25125257141408763,6.0
"B1w|('H', 1, 0.1, 0.05)",B1w,"('H', 1, 0.1, 0.05)",0,13.714285714285714,0.25125257141408763,6.0
"B1w|('H', 1, 0.2, -0.2)",B1w,"('H', 1, 0.2, -0.2)",0,3.25,0.3053693182519622,7.0
"B1w|('H', 1, 0.2, 0.0)",B1w,"('H', 1, 0.2, 0.0)",0,9.571428571428571,0.3053693182519622,7.5
"B1w|('H', 1, 0.2, 0.1)",B1w,"('H', 1, 0.2, 0.1)",0,12.666666666666666,0.3053693182519622,7.5
"B1w|('H', 1, 0.3, -0.3)",B1w,"('H', 1, 0.3, -0.3)",0,2.0,0.38084288826575696,10.5
"B1w|('H', 1, 0.3, 0.0)",B1w,"('H', 1, 0.3, 0.0)",0,7.142857142857143,0.38729091644140523,11.0
"B1w|('H', 1, 0.3, 0.15)",B1w,"('H', 1, 0.3, 0.15)",0,9.857142857142858,0.3936822174074174,11.0
"B1w|('H', 1, 0.4, -0.4)",B1w,"('H', 1, 0.4, -0.4)",0,0.0,0.5,13.0
"B1w|('H', 1, 0.4, 0.0)",B1w,"('H', 1, 0.4, 0.0)",0,3.8,0.7224482668266163,22.0
"B1w|('H', 1, 0.4, 0.2)",B1w,"('H', 1, 0.4, 0.2)",0,5.666666666666667,0.729073070526738,22.0
"B1w|('H', 1, 0.5, -0.5)",B1w,"('H', 1, 0.5, -0.5)",0,0.0,0.5,14.5
"B1w|('H', 1, 0.5, 0.0)",B1w,"('H', 1, 0.5, 0.0)",0,3.2857142857142856,0.7816777418770119,24.0
"B1w|('H', 1, 0.5, 0.25)",B1w,"('H', 1, 0.5, 0.25)",0,5.375,0.7897833376761143,24.0
"B1w|('H', 3, 0.1, -0.1)",B1w,"('H', 3, 0.1, -0.1)",0,2.857142857142857,0.3211088962664274,8.0
"B1w|('H', 3, 0.1, 0.0)",B1w,"('H', 3, 0.1, 0.0)",0,7.0,0.3228091495156003,8.5
"B1w|('H', 3, 0.1, 0.05)",B1w,"('H', 3, 0.1, 0.05)",0,8.142857142857142,0.3228091495156003,8.5
"B1w|('H', 3, 0.2, -0.2)",B1w,"('H', 3, 0.2, -0.2)",0,1.8571428571428572,0.3712364685106435,11.0
"B1w|('H', 3, 0.2, 0.0)",B1w,"('H', 3, 0.2, 0.0)",0,5.6,0.38862758878337245,12.0
"B1w|('H', 3, 0.2, 0.1)",B1w,"('H', 3, 0.2, 0.1)",0,6.8,0.38862758878337245,12.0
"B1w|('H', 3, 0.3, -0.3)",B1w,"('H', 3, 0.3, -0.3)",0,0.5714285714285714,0.4947116440404685,13.0
"B1w|('H', 3, 0.3, 0.0)",B1w,"('H', 3, 0.3, 0.0)",0,3.4,0.5400220842765573,17.0
"B1w|('H', 3, 0.3, 0.15)",B1w,"('H', 3, 0.3, 0.15)",0,4.5,0.5569992977935178,17.5
"B1w|('H', 3, 0.4, -0.4)",B1w,"('H', 3, 0.4, -0.4)",0,0.0,0.5,13.5
"B1w|('H', 3, 0.4, 0.0)",B1w,"('H', 3, 0.4, 0.0)",0,2.5,0.7706392091682694,25.0
"B1w|('H', 3, 0.4, 0.2)",B1w,"('H', 3, 0.4, 0.2)",0,3.5714285714285716,0.7706392091682694,25.5
"B1w|('H', 3, 0.5, -0.5)",B1w,"('H', 3, 0.5, -0.5)",0,0.0,0.5,15.5
"B1w|('H', 3, 0.5, 0.0)",B1w,"('H', 3, 0.5, 0.0)",0,2.0,0.8709444704440896,31.0
"B1w|('H', 3, 0.5, 0.25)",B1w,"('H', 3, 0.5, 0.25)",0,2.857142857142857,0.8709444704440896,31.0
"B1w|('H', 5, 0.1, -0.1)",B1w,"('H', 5, 0.1, -0.1)",0,2.1666666666666665,0.3573688542364253,10.0
"B1w|('H', 5, 0.1, 0.0)",B1w,"('H', 5, 0.1, 0.0)",0,5.5,0.3656446102207812,10.0
"B1w|('H', 5, 0.1, 0.05)",B1w,"('H', 5, 0.1, 0.05)",0,6.285714285714286,0.3656446102207812,10.5
"B1w|('H', 5, 0.2, -0.2)",B1w,"('H', 5, 0.2, -0.2)",0,1.2,0.3978501233096347,12.0
"B1w|('H', 5, 0.2, 0.0)",B1w,"('H', 5, 0.2, 0.0)",0,4.0,0.44850400983117156,13.5
"B1w|('H', 5, 0.2, 0.1)",B1w,"('H', 5, 0.2, 0.1)",0,5.0,0.44864671161680497,14.0
"B1w|('H', 5, 0.3, -0.3)",B1w,"('H', 5, 0.3, -0.3)",0,0.2,0.5,14.0
"B1w|('H', 5, 0.3, 0.0)",B1w,"('H', 5, 0.3, 0.0)",0,2.4,0.6680531237644536,20.0
"B1w|('H', 5, 0.3, 0.15)",B1w,"('H', 5, 0.3, 0.15)",0,3.5,0.6729062743884183,20.0
"B1w|('H', 5, 0.4, -0.4)",B1w,"('H', 5, 0.4, -0.4)",0,0.0,0.5,14.0
"B1w|('H', 5, 0.4, 0.0)",B1w,"('H', 5, 0.4, 0.0)",0,2.0,0.8063535923692489,27.5
"B1w|('H', 5, 0.4, 0.2)",B1w,"('H', 5, 0.4, 0.2)",0,3.0,0.8165898081852978,28.0
"B1w|('H', 5, 0.5, -0.5)",B1w,"('H', 5, 0.5, -0.5)",0,0.0,0.5,15.5
"B1w|('H', 5, 0.5, 0.0)",B1w,"('H', 5, 0.5, 0.0)",0,1.6666666666666667,0.9290885642969655,34.0
"B1w|('H', 5, 0.5, 0.25)",B1w,"('H', 5, 0.5, 0.25)",0,2.5,0.9364225478809264,35.5
"B1w|('H', 10, 0.1, -0.1)",B1w,"('H', 10, 0.1, -0.1)",0,1.3333333333333333,0.3905264001267134,13.0
"B1w|('H', 10, 0.1, 0.0)",B1w,"('H', 10, 0.1, 0.0)",0,3.6,0.42171220474548443,14.0
"B1w|('H', 10, 0.1, 0.05)",B1w,"('H', 10, 0.1, 0.05)",0,4.0,0.42398832614660764,14.0
"B1w|('H', 10, 0.2, -0.2)",B1w,"('H', 10, 0.2, -0.2)",0,0.6,0.5,16.0
"B1w|('H', 10, 0.2, 0.0)",B1w,"('H', 10, 0.2, 0.0)",0,2.5,0.5744430576951268,18.5
"B1w|('H', 10, 0.2, 0.1)",B1w,"('H', 10, 0.2, 0.1)",0,3.0,0.5811814431956266,18.5
"B1w|('H', 10, 0.3, -0.3)",B1w,"('H', 10, 0.3, -0.3)",0,0.0,0.5,14.0
"B1w|('H', 10, 0.3, 0.0)",B1w,"('H', 10, 0.3, 0.0)",0,1.6666666666666667,0.7917606428156732,25.0
"B1w|('H', 10, 0.3, 0.15)",B1w,"('H', 10, 0.3, 0.15)",0,2.3333333333333335,0.8034345864315388,25.0
"B1w|('H', 10, 0.4, -0.4)",B1w,"('H', 10, 0.4, -0.4)",0,0.0,0.5,14.0
"B1w|('H', 10, 0.4, 0.0)",B1w,"('H', 10, 0.4, 0.0)",0,1.4285714285714286,0.8933304067079969,31.5
"B1w|('H', 10, 0.4, 0.2)",B1w,"('H', 10, 0.4, 0.2)",0,2.142857142857143,0.8933304067079969,33.0
"B1w|('H', 10, 0.5, -0.5)",B1w,"('H', 10, 0.5, -0.5)",0,0.0,0.5,16.0
"B1w|('H', 10, 0.5, 0.0)",B1w,"('H', 10, 0.5, 0.0)",0,1.2,1.0,42.0
"B1w|('H', 10, 0.5, 0.25)",B1w,"('H', 10, 0.5, 0.25)",0,1.6666666666666667,1.0,43.0
"B1w|('C', 0, 0.0, 0.5)",B1w,"('C', 0, 0.0, 0.5)",0,3.2,0.311662140738288,8.0
"B1w|('C', 0, 0.0, 1)",B1w,"('C', 0, 0.0, 1)",0,2.2,0.34456039741876593,10.0
"B1w|('C', 0, 0.0, 2)",B1w,"('C', 0, 0.0, 2)",0,1.3333333333333333,0.3905264001267134,12.5
"B1w|('C', 0, 0.0, 4)",B1w,"('C', 0, 0.0, 4)",0,0.625,0.48145496372183266,15.5
"B1w|('C', 0, 0.0, 8)",B1w,"('C', 0, 0.0, 8)",0,0.14285714285714285,0.5,17.0
"B1w|('C', 0, 0.1, 0.5)",B1w,"('C', 0, 0.1, 0.5)",0,2.0,0.3580493671792969,9.5
"B1w|('C', 0, 0.1, 1)",B1w,"('C', 0, 0.1, 1)",0,1.3,0.4126848210345237,12.0
"B1w|('C', 0, 0.1, 2)",B1w,"('C', 0, 0.1, 2)",0,0.6,0.47892902515179175,14.0
"B1w|('C', 0, 0.1, 4)",B1w,"('C', 0, 0.1, 4)",0,0.16666666666666666,0.5,14.0
"B1w|('C', 0, 0.1, 8)",B1w,"('C', 0, 0.1, 8)",0,0.0,0.5,14.5
"B1w|('C', 0, 0.2, 0.5)",B1w,"('C', 0, 0.2, 0.5)",0,1.0,0.4151806667511153,12.5
"B1w|('C', 0, 0.2, 1)",B1w,"('C', 0, 0.2, 1)",0,0.4,0.5,14.0
"B1w|('C', 0, 0.2, 2)",B1w,"('C', 0, 0.2, 2)",0,0.0,0.5,14.0
"B1w|('C', 0, 0.2, 4)",B1w,"('C', 0, 0.2, 4)",0,0.0,0.5,14.5
"B1w|('C', 0, 0.2, 8)",B1w,"('C', 0, 0.2, 8)",0,0.0,0.5,15.5
"B1w|('C', 0, 0.3, 0.5)",B1w,"('C', 0, 0.3, 0.5)",0,0.0,0.5,13.0
"B1w|('C', 0, 0.3, 1)",B1w,"('C', 0, 0.3, 1)",0,0.0,0.5,14.0
"B1w|('C', 0, 0.3, 2)",B1w,"('C', 0, 0.3, 2)",0,0.0,0.5,14.0
"B1w|('C', 0, 0.3, 4)",B1w,"('C', 0, 0.3, 4)",0,0.0,0.5,15.5
"B1w|('C', 0, 0.3, 8)",B1w,"('C', 0, 0.3, 8)",0,0.0,0.5,18.0
"T1|('H', 1, 0.1, -0.1)",T1,"('H', 1, 0.1, -0.1)",0,3.6666666666666665,0.3686983077347959,9.0
"T1|('H', 1, 0.1, 0.0)",T1,"('H', 1, 0.1, 0.0)",0,7.6,0.3686983077347959,9.0
"T1|('H', 1, 0.1, 0.05)",T1,"('H', 1, 0.1, 0.05)",0,9.8,0.3686983077347959,9.0
"T1|('H', 1, 0.2, -0.2)",T1,"('H', 1, 0.2, -0.2)",0,2.6,0.3908607102786308,11.0
"T1|('H', 1, 0.2, 0.0)",T1,"('H', 1, 0.2, 0.0)",0,7.0,0.3908607102786308,11.5
"T1|('H', 1, 0.2, 0.1)",T1,"('H', 1, 0.2, 0.1)",0,9.666666666666666,0.39257059956350754,11.5
"T1|('H', 1, 0.3, -0.3)",T1,"('H', 1, 0.3, -0.3)",0,2.0,0.4385165200347885,13.5
"T1|('H', 1, 0.3, 0.0)",T1,"('H', 1, 0.3, 0.0)",0,6.0,0.44036379046571894,13.5
"T1|('H', 1, 0.3, 0.15)",T1,"('H', 1, 0.3, 0.15)",0,8.8,0.44281416772727694,13.5
"T1|('H', 1, 0.4, -0.4)",T1,"('H', 1, 0.4, -0.4)",0,1.5,0.46893569421241876,17.5
"T1|('H', 1, 0.4, 0.0)",T1,"('H', 1, 0.4, 0.0)",0,4.833333333333333,0.47892902515179175,19.0
"T1|('H', 1, 0.4, 0.2)",T1,"('H', 1, 0.4, 0.2)",0,7.285714285714286,0.48090476398336146,19.0
"T1|('H', 1, 0.5, -0.5)",T1,"('H', 1, 0.5, -0.5)",0,1.0,0.5292580964370475,22.0
"T1|('H', 1, 0.5, 0.0)",T1,"('H', 1, 0.5, 0.0)",0,4.0,0.5365631488251085,23.5
"T1|('H', 1, 0.5, 0.25)",T1,"('H', 1, 0.5, 0.25)",0,6.5,0.5365631488251085,23.5
"T1|('H', 3, 0.1, -0.1)",T1,"('H', 3, 0.1, -0.1)",0,2.142857142857143,0.4038621042842155,13.0
"T1|('H', 3, 0.1, 0.0)",T1,"('H', 3, 0.1, 0.0)",0,4.714285714285714,0.4059706645827063,13.0
"T1|('H', 3, 0.1, 0.05)",T1,"('H', 3, 0.1, 0.05)",0,5.857142857142857,0.4059706645827063,13.0
"T1|('H', 3, 0.2, -0.2)",T1,"('H', 3, 0.2, -0.2)",0,1.6666666666666667,0.42711052873206695,15.0
"T1|('H', 3, 0.2, 0.0)",T1,"('H', 3, 0.2, 0.0)",0,4.4,0.4313348156074742,15.0
"T1|('H', 3, 0.2, 0.1)",T1,"('H', 3, 0.2, 0.1)",0,5.333333333333333,0.4313348156074742,15.0
"T1|('H', 3, 0.3, -0.3)",T1,"('H', 3, 0.3, -0.3)",0,1.3333333333333333,0.4845262240199322,17.5
"T1|('H', 3, 0.3, 0.0)",T1,"('H', 3, 0.3, 0.0)",0,3.7142857142857144,0.4999235110611506,19.0
"T1|('H', 3, 0.3, 0.15)",T1,"('H', 3, 0.3, 0.15)",0,4.666666666666667,0.4999235110611506,19.0
"T1|('H', 3, 0.4, -0.4)",T1,"('H', 3, 0.4, -0.4)",0,1.0,0.52933389851745,21.5
"T1|('H', 3, 0.4, 0.0)",T1,"('H', 3, 0.4, 0.0)",0,3.142857142857143,0.5571198754584612,24.0
"T1|('H', 3, 0.4, 0.2)",T1,"('H', 3, 0.4, 0.2)",0,4.166666666666667,0.5579176423060022,24.0
"T1|('H', 3, 0.5, -0.5)",T1,"('H', 3, 0.5, -0.5)",0,0.6666666666666666,0.5693229140926884,23.5
"T1|('H', 3, 0.5, 0.0)",T1,"('H', 3, 0.5, 0.0)",0,2.5,0.662744911000962,28.5
"T1|('H', 3, 0.5, 0.25)",T1,"('H', 3, 0.5, 0.25)",0,3.375,0.662744911000962,29.0
"T1|('H', 5, 0.1, -0.1)",T1,"('H', 5, 0.1, -0.1)",0,1.8,0.4101409935226378,14.0
"T1|('H', 5, 0.1, 0.0)",T1,"('H', 5, 0.1, 0.0)",0,4.166666666666667,0.42036719929403366,14.5
"T1|('H', 5, 0.1, 0.05)",T1,"('H', 5, 0.1, 0.05)",0,4.666666666666667,0.42711052873206695,14.5
"T1|('H', 5, 0.2, -0.2)",T1,"('H', 5, 0.2, -0.2)",0,1.3333333333333333,0.44986363206871144,16.0
"T1|('H', 5, 0.2, 0.0)",T1,"('H', 5, 0.2, 0.0)",0,3.6,0.4628603152561735,18.0
"T1|('H', 5, 0.2, 0.1)",T1,"('H', 5, 0.2, 0.1)",0,4.2,0.46893569421241876,18.0
"T1|('H', 5, 0.3, -0.3)",T1,"('H', 5, 0.3, -0.3)",0,1.0,0.4969638755619089,20.0
"T1|('H', 5, 0.3, 0.0)",T1,"('H', 5, 0.3, 0.0)",0,3.0,0.5045772922316032,22.0
"T1|('H', 5, 0.3, 0.15)",T1,"('H', 5, 0.3, 0.15)",0,4.0,0.5301977608405988,22.0
"T1|('H', 5, 0.4, -0.4)",T1,"('H', 5, 0.4, -0.4)",0,0.8333333333333334,0.5462587286555136,24.0
"T1|('H', 5, 0.4, 0.0)",T1,"('H', 5, 0.4, 0.0)",0,2.6666666666666665,0.6069107617339884,26.5
"T1|('H', 5, 0.4, 0.2)",T1,"('H', 5, 0.4, 0.2)",0,3.4,0.6105364653234688,27.0
"T1|('H', 5, 0.5, -0.5)",T1,"('H', 5, 0.5, -0.5)",0,0.5,0.5911319568575057,24.0
"T1|('H', 5, 0.5, 0.0)",T1,"('H', 5, 0.5, 0.0)",0,2.142857142857143,0.7195764684931651,33.0
"T1|('H', 5, 0.5, 0.25)",T1,"('H', 5, 0.5, 0.25)",0,2.75,0.7212379253385013,34.0
"T1|('H', 10, 0.1, -0.1)",T1,"('H', 10, 0.1, -0.1)",0,1.3333333333333333,0.45682926237226035,19.0
"T1|('H', 10, 0.1, 0.0)",T1,"('H', 10, 0.1, 0.0)",0,3.0,0.4653817037026472,19.0
"T1|('H', 10, 0.1, 0.05)",T1,"('H', 10, 0.1, 0.05)",0,3.5,0.4653817037026472,19.0
"T1|('H', 10, 0.2, -0.2)",T1,"('H', 10, 0.2, -0.2)",0,1.0,0.5,21.5
"T1|('H', 10, 0.2, 0.0)",T1,"('H', 10, 0.2, 0.0)",0,2.6666666666666665,0.5165579463471588,23.0
"T1|('H', 10, 0.2, 0.1)",T1,"('H', 10, 0.2, 0.1)",0,3.0,0.5184021357378927,23.5
"T1|('H', 10, 0.3, -0.3)",T1,"('H', 10, 0.3, -0.3)",0,0.8,0.5134542540570576,24.0
"T1|('H', 10, 0.3, 0.0)",T1,"('H', 10, 0.3, 0.0)",0,2.3333333333333335,0.589746689987202,27.0
"T1|('H', 10, 0.3, 0.15)",T1,"('H', 10, 0.3, 0.15)",0,2.8333333333333335,0.6006953225577959,27.5
"T1|('H', 10, 0.4, -0.4)",T1,"('H', 10, 0.4, -0.4)",0,0.5714285714285714,0.5750065083971727,23.0
"T1|('H', 10, 0.4, 0.0)",T1,"('H', 10, 0.4, 0.0)",0,2.0,0.6915898100328262,32.0
"T1|('H', 10, 0.4, 0.2)",T1,"('H', 10, 0.4, 0.2)",0,2.5,0.7195764684931651,33.0
"T1|('H', 10, 0.5, -0.5)",T1,"('H', 10, 0.5, -0.5)",0,0.25,0.5,21.0
"T1|('H', 10, 0.5, 0.0)",T1,"('H', 10, 0.5, 0.0)",0,1.4285714285714286,0.8422431375843601,38.0
"T1|('H', 10, 0.5, 0.25)",T1,"('H', 10, 0.5, 0.25)",0,1.8,0.8536131244017583,40.5
"T1|('C', 0, 0.0, 0.5)",T1,"('C', 0, 0.0, 0.5)",0,2.3333333333333335,0.3781323535645384,12.0
"T1|('C', 0, 0.0, 1)",T1,"('C', 0, 0.0, 1)",0,1.8333333333333333,0.41369830796192364,14.0
"T1|('C', 0, 0.0, 2)",T1,"('C', 0, 0.0, 2)",0,1.4,0.4593036510873465,17.0
"T1|('C', 0, 0.0, 4)",T1,"('C', 0, 0.0, 4)",0,1.0,0.49523437882662386,22.0
"T1|('C', 0, 0.0, 8)",T1,"('C', 0, 0.0, 8)",0,0.75,0.5097718070990294,24.5
"T1|('C', 0, 0.1, 0.5)",T1,"('C', 0, 0.1, 0.5)",0,1.75,0.4353791135177146,14.0
"T1|('C', 0, 0.1, 1)",T1,"('C', 0, 0.1, 1)",0,1.4,0.44387927346840006,16.0
"T1|('C', 0, 0.1, 2)",T1,"('C', 0, 0.1, 2)",0,1.2,0.49611259909134314,20.0
"T1|('C', 0, 0.1, 4)",T1,"('C', 0, 0.1, 4)",0,0.8571428571428571,0.5,24.5
"T1|('C', 0, 0.1, 8)",T1,"('C', 0, 0.1, 8)",0,0.5,0.5756331961675992,23.0
"T1|('C', 0, 0.2, 0.5)",T1,"('C', 0, 0.2, 0.5)",0,1.3333333333333333,0.4587417286433578,17.0
"T1|('C', 0, 0.2, 1)",T1,"('C', 0, 0.2, 1)",0,1.2,0.5002284747588148,19.0
"T1|('C', 0, 0.2, 2)",T1,"('C', 0, 0.2, 2)",0,0.8571428571428571,0.5320095569182037,23.5
"T1|('C', 0, 0.2, 4)",T1,"('C', 0, 0.2, 4)",0,0.6,0.5472205035285571,25.0
"T1|('C', 0, 0.2, 8)",T1,"('C', 0, 0.2, 8)",0,0.2857142857142857,0.5,20.0
"T1|('C', 0, 0.3, 0.5)",T1,"('C', 0, 0.3, 0.5)",0,1.1428571428571428,0.5041206403094176,20.0
"T1|('C', 0, 0.3, 1)",T1,"('C', 0, 0.3, 1)",0,0.8571428571428571,0.5394514883315864,23.0
"T1|('C', 0, 0.3, 2)",T1,"('C', 0, 0.3, 2)",0,0.6,0.538662138933613,25.0
"T1|('C', 0, 0.3, 4)",T1,"('C', 0, 0.3, 4)",0,0.2857142857142857,0.5,21.0
"T1|('C', 0, 0.3, 8)",T1,"('C', 0, 0.3, 8)",0,0.0,0.5,18.0
"TS|('H', 1, 0.1, -0.1)",TS,"('H', 1, 0.1, -0.1)",0,0.2857142857142857,0.5,7.0
"TS|('H', 1, 0.1, 0.0)",TS,"('H', 1, 0.1, 0.0)",0,2.25,0.5,14.0
"TS|('H', 1, 0.1, 0.05)",TS,"('H', 1, 0.1, 0.05)",0,5.4,0.5,14.0
"TS|('H', 1, 0.2, -0.2)",TS,"('H', 1, 0.2, -0.2)",0,0.0,0.5,11.0
"TS|('H', 1, 0.2, 0.0)",TS,"('H', 1, 0.2, 0.0)",0,1.1428571428571428,0.6889038785556288,24.0
"TS|('H', 1, 0.2, 0.1)",TS,"('H', 1, 0.2, 0.1)",0,4.166666666666667,0.8334244741432097,31.0
"TS|('H', 1, 0.3, -0.3)",TS,"('H', 1, 0.3, -0.3)",0,0.0,0.5,13.0
"TS|('H', 1, 0.3, 0.0)",TS,"('H', 1, 0.3, 0.0)",0,0.7142857142857143,0.9403425553241358,35.0
"TS|('H', 1, 0.3, 0.15)",TS,"('H', 1, 0.3, 0.15)",0,2.3333333333333335,1.0,41.0
"TS|('H', 1, 0.4, -0.4)",TS,"('H', 1, 0.4, -0.4)",0,0.0,0.5,14.0
"TS|('H', 1, 0.4, 0.0)",TS,"('H', 1, 0.4, 0.0)",0,0.3,1.0,40.0
"TS|('H', 1, 0.4, 0.2)",TS,"('H', 1, 0.4, 0.2)",0,0.8,1.0,61.0
"TS|('H', 1, 0.5, -0.5)",TS,"('H', 1, 0.5, -0.5)",0,0.0,0.5,19.0
"TS|('H', 1, 0.5, 0.0)",TS,"('H', 1, 0.5, 0.0)",0,0.0,1.0,48.5
"TS|('H', 1, 0.5, 0.25)",TS,"('H', 1, 0.5, 0.25)",0,0.0,1.0,66.0
"TS|('H', 3, 0.1, -0.1)",TS,"('H', 3, 0.1, -0.1)",0,0.0,0.5,9.5
"TS|('H', 3, 0.1, 0.0)",TS,"('H', 3, 0.1, 0.0)",0,1.1428571428571428,0.5,14.0
"TS|('H', 3, 0.1, 0.05)",TS,"('H', 3, 0.1, 0.05)",0,2.5714285714285716,0.5,17.0
"TS|('H', 3, 0.2, -0.2)",TS,"('H', 3, 0.2, -0.2)",0,0.0,0.5,12.5
"TS|('H', 3, 0.2, 0.0)",TS,"('H', 3, 0.2, 0.0)",0,0.6666666666666666,0.6583644043625121,23.0
"TS|('H', 3, 0.2, 0.1)",TS,"('H', 3, 0.2, 0.1)",0,2.125,0.858452967013104,34.5
"TS|('H', 3, 0.3, -0.3)",TS,"('H', 3, 0.3, -0.3)",0,0.0,0.5,13.0
"TS|('H', 3, 0.3, 0.0)",TS,"('H', 3, 0.3, 0.0)",0,0.5,1.0,28.0
"TS|('H', 3, 0.3, 0.15)",TS,"('H', 3, 0.3, 0.15)",0,1.25,1.0,43.0
"TS|('H', 3, 0.4, -0.4)",TS,"('H', 3, 0.4, -0.4)",0,0.0,0.5,15.5
"TS|('H', 3, 0.4, 0.0)",TS,"('H', 3, 0.4, 0.0)",0,0.2,1.0,32.0
"TS|('H', 3, 0.4, 0.2)",TS,"('H', 3, 0.4, 0.2)",0,0.5,1.0,59.5
"TS|('H', 3, 0.5, -0.5)",TS,"('H', 3, 0.5, -0.5)",0,0.0,0.5,19.5
"TS|('H', 3, 0.5, 0.0)",TS,"('H', 3, 0.5, 0.0)",0,0.0,1.0,48.5
"TS|('H', 3, 0.5, 0.25)",TS,"('H', 3, 0.5, 0.25)",0,0.0,1.0,66.0
"TS|('H', 5, 0.1, -0.1)",TS,"('H', 5, 0.1, -0.1)",0,0.0,0.5,11.0
"TS|('H', 5, 0.1, 0.0)",TS,"('H', 5, 0.1, 0.0)",0,0.8,0.5,15.5
"TS|('H', 5, 0.1, 0.05)",TS,"('H', 5, 0.1, 0.05)",0,1.7142857142857142,0.5525228988784154,20.0
"TS|('H', 5, 0.2, -0.2)",TS,"('H', 5, 0.2, -0.2)",0,0.0,0.5,12.5
"TS|('H', 5, 0.2, 0.0)",TS,"('H', 5, 0.2, 0.0)",0,0.5714285714285714,0.5271206807740447,21.5
"TS|('H', 5, 0.2, 0.1)",TS,"('H', 5, 0.2, 0.1)",0,1.6,0.8816697264931692,35.0
"TS|('H', 5, 0.3, -0.3)",TS,"('H', 5, 0.3, -0.3)",0,0.0,0.5,13.0
"TS|('H', 5, 0.3, 0.0)",TS,"('H', 5, 0.3, 0.0)",0,0.3333333333333333,0.8911521135830169,24.0
"TS|('H', 5, 0.3, 0.15)",TS,"('H', 5, 0.3, 0.15)",0,1.0,1.0,43.0
"TS|('H', 5, 0.4, -0.4)",TS,"('H', 5, 0.4, -0.4)",0,0.0,0.5,16.0
"TS|('H', 5, 0.4, 0.0)",TS,"('H', 5, 0.4, 0.0)",0,0.14285714285714285,1.0,30.0
"TS|('H', 5, 0.4, 0.2)",TS,"('H', 5, 0.4, 0.2)",0,0.4,1.0,58.0
"TS|('H', 5, 0.5, -0.5)",TS,"('H', 5, 0.5, -0.5)",0,0.0,0.5,19.5
"TS|('H', 5, 0.5, 0.0)",TS,"('H', 5, 0.5, 0.0)",0,0.0,1.0,45.0
"TS|('H', 5, 0.5, 0.25)",TS,"('H', 5, 0.5, 0.25)",0,0.0,1.0,68.0
"TS|('H', 10, 0.1, -0.1)",TS,"('H', 10, 0.1, -0.1)",0,0.0,0.5,12.0
"TS|('H', 10, 0.1, 0.0)",TS,"('H', 10, 0.1, 0.0)",0,0.3333333333333333,0.5,16.0
"TS|('H', 10, 0.1, 0.05)",TS,"('H', 10, 0.1, 0.05)",0,1.0,0.5,20.0
"TS|('H', 10, 0.2, -0.2)",TS,"('H', 10, 0.2, -0.2)",0,0.0,0.5,12.5
"TS|('H', 10, 0.2, 0.0)",TS,"('H', 10, 0.2, 0.0)",0,0.2857142857142857,0.5,20.0
"TS|('H', 10, 0.2, 0.1)",TS,"('H', 10, 0.2, 0.1)",0,1.1428571428571428,1.0,34.0
"TS|('H', 10, 0.3, -0.3)",TS,"('H', 10, 0.3, -0.3)",0,0.0,0.5,14.0
"TS|('H', 10, 0.3, 0.0)",TS,"('H', 10, 0.3, 0.0)",0,0.2,0.7914143199499818,23.0
"TS|('H', 10, 0.3, 0.15)",TS,"('H', 10, 0.3, 0.15)",0,0.8,1.0,46.0
"TS|('H', 10, 0.4, -0.4)",TS,"('H', 10, 0.4, -0.4)",0,0.0,0.5,16.0
"TS|('H', 10, 0.4, 0.0)",TS,"('H', 10, 0.4, 0.0)",0,0.125,1.0,28.0
"TS|('H', 10, 0.4, 0.2)",TS,"('H', 10, 0.4, 0.2)",0,0.3333333333333333,1.0,60.0
"TS|('H', 10, 0.5, -0.5)",TS,"('H', 10, 0.5, -0.5)",0,0.0,0.5,20.0
"TS|('H', 10, 0.5, 0.0)",TS,"('H', 10, 0.5, 0.0)",0,0.0,1.0,44.0
"TS|('H', 10, 0.5, 0.25)",TS,"('H', 10, 0.5, 0.25)",0,0.0,1.0,63.5
"TS|('C', 0, 0.0, 0.5)",TS,"('C', 0, 0.0, 0.5)",0,0.25,0.42747274740354574,9.5
"TS|('C', 0, 0.0, 1)",TS,"('C', 0, 0.0, 1)",0,0.2,0.5,10.0
"TS|('C', 0, 0.0, 2)",TS,"('C', 0, 0.0, 2)",0,0.0,0.5,10.0
"TS|('C', 0, 0.0, 4)",TS,"('C', 0, 0.0, 4)",0,0.0,0.5,12.0
"TS|('C', 0, 0.0, 8)",TS,"('C', 0, 0.0, 8)",0,0.0,0.5,13.0
"TS|('C', 0, 0.1, 0.5)",TS,"('C', 0, 0.1, 0.5)",0,0.0,0.5,12.5
"TS|('C', 0, 0.1, 1)",TS,"('C', 0, 0.1, 1)",0,0.0,0.5,12.0
"TS|('C', 0, 0.1, 2)",TS,"('C', 0, 0.1, 2)",0,0.0,0.5,12.5
"TS|('C', 0, 0.1, 4)",TS,"('C', 0, 0.1, 4)",0,0.0,0.5,13.0
"TS|('C', 0, 0.1, 8)",TS,"('C', 0, 0.1, 8)",0,0.0,0.5,14.5
"TS|('C', 0, 0.2, 0.5)",TS,"('C', 0, 0.2, 0.5)",0,0.0,0.5,12.5
"TS|('C', 0, 0.2, 1)",TS,"('C', 0, 0.2, 1)",0,0.0,0.5,13.0
"TS|('C', 0, 0.2, 2)",TS,"('C', 0, 0.2, 2)",0,0.0,0.5,14.0
"TS|('C', 0, 0.2, 4)",TS,"('C', 0, 0.2, 4)",0,0.0,0.5,14.5
"TS|('C', 0, 0.2, 8)",TS,"('C', 0, 0.2, 8)",0,0.0,0.5,16.0
"TS|('C', 0, 0.3, 0.5)",TS,"('C', 0, 0.3, 0.5)",0,0.0,0.5,14.5
"TS|('C', 0, 0.3, 1)",TS,"('C', 0, 0.3, 1)",0,0.0,0.5,15.5
"TS|('C', 0, 0.3, 2)",TS,"('C', 0, 0.3, 2)",0,0.0,0.5,16.0
"TS|('C', 0, 0.3, 4)",TS,"('C', 0, 0.3, 4)",0,0.0,0.5,18.0
"TS|('C', 0, 0.3, 8)",TS,"('C', 0, 0.3, 8)",0,0.0,0.5,19.5
"RV|('H', 1, 0.1, -0.1)",RV,"('H', 1, 0.1, -0.1)",0,4.666666666666667,0.33827439005192933,9.5
"RV|('H', 1, 0.1, 0.0)",RV,"('H', 1, 0.1, 0.0)",0,7.8,0.33827439005192933,9.5
"RV|('H', 1, 0.1, 0.05)",RV,"('H', 1, 0.1, 0.05)",0,9.6,0.339147558522156,9.5
"RV|('H', 1, 0.2, -0.2)",RV,"('H', 1, 0.2, -0.2)",0,3.0,0.37488107824282213,12.0
"RV|('H', 1, 0.2, 0.0)",RV,"('H', 1, 0.2, 0.0)",0,7.5,0.37525565736888333,12.0
"RV|('H', 1, 0.2, 0.1)",RV,"('H', 1, 0.2, 0.1)",0,9.6,0.37525565736888333,12.0
"RV|('H', 1, 0.3, -0.3)",RV,"('H', 1, 0.3, -0.3)",0,2.142857142857143,0.41135474452480975,14.0
"RV|('H', 1, 0.3, 0.0)",RV,"('H', 1, 0.3, 0.0)",0,6.666666666666667,0.41443629894960854,14.0
"RV|('H', 1, 0.3, 0.15)",RV,"('H', 1, 0.3, 0.15)",0,8.714285714285714,0.41443629894960854,14.0
"RV|('H', 1, 0.4, -0.4)",RV,"('H', 1, 0.4, -0.4)",0,1.4285714285714286,0.4371018352478008,16.0
"RV|('H', 1, 0.4, 0.0)",RV,"('H', 1, 0.4, 0.0)",0,6.166666666666667,0.4618171562519928,17.0
"RV|('H', 1, 0.4, 0.2)",RV,"('H', 1, 0.4, 0.2)",0,7.833333333333333,0.4736841548848377,17.0
"RV|('H', 1, 0.5, -0.5)",RV,"('H', 1, 0.5, -0.5)",0,0.8,0.4727918668630715,16.0
"RV|('H', 1, 0.5, 0.0)",RV,"('H', 1, 0.5, 0.0)",0,4.111111111111111,0.5356895507604715,21.0
"RV|('H', 1, 0.5, 0.25)",RV,"('H', 1, 0.5, 0.25)",0,6.111111111111111,0.5404556146026367,21.0
"RV|('H', 3, 0.1, -0.1)",RV,"('H', 3, 0.1, -0.1)",0,2.2857142857142856,0.39754962492695173,13.0
"RV|('H', 3, 0.1, 0.0)",RV,"('H', 3, 0.1, 0.0)",0,5.0,0.40884034820198767,13.5
"RV|('H', 3, 0.1, 0.05)",RV,"('H', 3, 0.1, 0.05)",0,5.833333333333333,0.40884034820198767,13.5
"RV|('H', 3, 0.2, -0.2)",RV,"('H', 3, 0.2, -0.2)",0,1.6666666666666667,0.41289571087108673,14.5
"RV|('H', 3, 0.2, 0.0)",RV,"('H', 3, 0.2, 0.0)",0,4.6,0.4220658242579516,16.0
"RV|('H', 3, 0.2, 0.1)",RV,"('H', 3, 0.2, 0.1)",0,5.5,0.4222033295522908,16.0
"RV|('H', 3, 0.3, -0.3)",RV,"('H', 3, 0.3, -0.3)",0,1.25,0.4570783619658465,17.0
"RV|('H', 3, 0.3, 0.0)",RV,"('H', 3, 0.3, 0.0)",0,3.6666666666666665,0.486730830754242,18.5
"RV|('H', 3, 0.3, 0.15)",RV,"('H', 3, 0.3, 0.15)",0,4.625,0.4868749465502366,19.0
"RV|('H', 3, 0.4, -0.4)",RV,"('H', 3, 0.4, -0.4)",0,1.0,0.4832028753441379,19.5
"RV|('H', 3, 0.4, 0.0)",RV,"('H', 3, 0.4, 0.0)",0,3.142857142857143,0.5039084254696506,21.0
"RV|('H', 3, 0.4, 0.2)",RV,"('H', 3, 0.4, 0.2)",0,4.0,0.5071355652580849,22.0
"RV|('H', 3, 0.5, -0.5)",RV,"('H', 3, 0.5, -0.5)",0,0.5,0.5,18.5
"RV|('H', 3, 0.5, 0.0)",RV,"('H', 3, 0.5, 0.0)",0,2.5555555555555554,0.610670392027925,25.5
"RV|('H', 3, 0.5, 0.25)",RV,"('H', 3, 0.5, 0.25)",0,3.4,0.6186984772364345,26.0
"RV|('H', 5, 0.1, -0.1)",RV,"('H', 5, 0.1, -0.1)",0,1.75,0.4107243034967052,15.0
"RV|('H', 5, 0.1, 0.0)",RV,"('H', 5, 0.1, 0.0)",0,4.333333333333333,0.4156496987787056,15.0
"RV|('H', 5, 0.1, 0.05)",RV,"('H', 5, 0.1, 0.05)",0,4.857142857142857,0.4185467081740544,15.0
"RV|('H', 5, 0.2, -0.2)",RV,"('H', 5, 0.2, -0.2)",0,1.3333333333333333,0.43730248880741923,17.0
"RV|('H', 5, 0.2, 0.0)",RV,"('H', 5, 0.2, 0.0)",0,3.6,0.4650695068468017,18.0
"RV|('H', 5, 0.2, 0.1)",RV,"('H', 5, 0.2, 0.1)",0,4.0,0.4738538744023552,18.5
"RV|('H', 5, 0.3, -0.3)",RV,"('H', 5, 0.3, -0.3)",0,1.0,0.49823122987222085,20.0
"RV|('H', 5, 0.3, 0.0)",RV,"('H', 5, 0.3, 0.0)",0,3.2,0.5,20.5
"RV|('H', 5, 0.3, 0.15)",RV,"('H', 5, 0.3, 0.15)",0,3.7142857142857144,0.5,21.0
"RV|('H', 5, 0.4, -0.4)",RV,"('H', 5, 0.4, -0.4)",0,0.75,0.4851136854011283,20.0
"RV|('H', 5, 0.4, 0.0)",RV,"('H', 5, 0.4, 0.0)",0,2.5,0.5398896779575484,24.0
"RV|('H', 5, 0.4, 0.2)",RV,"('H', 5, 0.4, 0.2)",0,3.3333333333333335,0.5569992977935178,24.5
"RV|('H', 5, 0.5, -0.5)",RV,"('H', 5, 0.5, -0.5)",0,0.4,0.5,19.0
"RV|('H', 5, 0.5, 0.0)",RV,"('H', 5, 0.5, 0.0)",0,2.125,0.6316729907084173,29.0
"RV|('H', 5, 0.5, 0.25)",RV,"('H', 5, 0.5, 0.25)",0,2.8,0.6536152708337564,29.0
"RV|('H', 10, 0.1, -0.1)",RV,"('H', 10, 0.1, -0.1)",0,1.3333333333333333,0.4713775904753205,18.0
"RV|('H', 10, 0.1, 0.0)",RV,"('H', 10, 0.1, 0.0)",0,3.0,0.48125189168685306,18.5
"RV|('H', 10, 0.1, 0.05)",RV,"('H', 10, 0.1, 0.05)",0,3.2,0.48125189168685306,18.5
"RV|('H', 10, 0.2, -0.2)",RV,"('H', 10, 0.2, -0.2)",0,1.0,0.4999235110611506,20.0
"RV|('H', 10, 0.2, 0.0)",RV,"('H', 10, 0.2, 0.0)",0,2.5714285714285716,0.5,21.0
"RV|('H', 10, 0.2, 0.1)",RV,"('H', 10, 0.2, 0.1)",0,3.0,0.5,22.0
"RV|('H', 10, 0.3, -0.3)",RV,"('H', 10, 0.3, -0.3)",0,0.8,0.5,21.0
"RV|('H', 10, 0.3, 0.0)",RV,"('H', 10, 0.3, 0.0)",0,2.2857142857142856,0.5357802499403317,24.0
"RV|('H', 10, 0.3, 0.15)",RV,"('H', 10, 0.3, 0.15)",0,2.6666666666666665,0.5569992977935178,25.0
"RV|('H', 10, 0.4, -0.4)",RV,"('H', 10, 0.4, -0.4)",0,0.5,0.5,20.0
"RV|('H', 10, 0.4, 0.0)",RV,"('H', 10, 0.4, 0.0)",0,2.0,0.6140071009505015,28.0
"RV|('H', 10, 0.4, 0.2)",RV,"('H', 10, 0.4, 0.2)",0,2.3333333333333335,0.639384420645942,29.5
"RV|('H', 10, 0.5, -0.5)",RV,"('H', 10, 0.5, -0.5)",0,0.0,0.5,17.0
"RV|('H', 10, 0.5, 0.0)",RV,"('H', 10, 0.5, 0.0)",0,1.4285714285714286,0.697547942771796,33.0
"RV|('H', 10, 0.5, 0.25)",RV,"('H', 10, 0.5, 0.25)",0,1.8,0.7273223625844745,34.0
"RV|('C', 0, 0.0, 0.5)",RV,"('C', 0, 0.0, 0.5)",0,2.7142857142857144,0.3844862316686024,12.0
"RV|('C', 0, 0.0, 1)",RV,"('C', 0, 0.0, 1)",0,2.0,0.41246460757557796,14.0
"RV|('C', 0, 0.0, 2)",RV,"('C', 0, 0.0, 2)",0,1.4285714285714286,0.44391756616730593,16.0
"RV|('C', 0, 0.0, 4)",RV,"('C', 0, 0.0, 4)",0,1.0,0.5,20.0
"RV|('C', 0, 0.0, 8)",RV,"('C', 0, 0.0, 8)",0,0.6666666666666666,0.5,23.0
"RV|('C', 0, 0.1, 0.5)",RV,"('C', 0, 0.1, 0.5)",0,2.0,0.41070523163356565,14.0
"RV|('C', 0, 0.1, 1)",RV,"('C', 0, 0.1, 1)",0,1.5,0.4526157207174233,16.0
"RV|('C', 0, 0.1, 2)",RV,"('C', 0, 0.1, 2)",0,1.1666666666666667,0.4944168568282298,18.0
"RV|('C', 0, 0.1, 4)",RV,"('C', 0, 0.1, 4)",0,0.8,0.5,21.0
"RV|('C', 0, 0.1, 8)",RV,"('C', 0, 0.1, 8)",0,0.4444444444444444,0.5,21.5
"RV|('C', 0, 0.2, 0.5)",RV,"('C', 0, 0.2, 0.5)",0,1.4285714285714286,0.4392001964180753,15.0
"RV|('C', 0, 0.2, 1)",RV,"('C', 0, 0.2, 1)",0,1.1666666666666667,0.4832028753441379,17.0
"RV|('C', 0, 0.2, 2)",RV,"('C', 0, 0.2, 2)",0,0.8333333333333334,0.49611259909134314,21.0
"RV|('C', 0, 0.2, 4)",RV,"('C', 0, 0.2, 4)",0,0.5555555555555556,0.4897404550621904,21.0
"RV|('C', 0, 0.2, 8)",RV,"('C', 0, 0.2, 8)",0,0.2857142857142857,0.5,16.0
"RV|('C', 0, 0.3, 0.5)",RV,"('C', 0, 0.3, 0.5)",0,1.0,0.49376141681649005,17.0
"RV|('C', 0, 0.3, 1)",RV,"('C', 0, 0.3, 1)",0,0.8,0.48125189168685306,20.0
"RV|('C', 0, 0.3, 2)",RV,"('C', 0, 0.3, 2)",0,0.5714285714285714,0.4889769905369718,20.0
"RV|('C', 0, 0.3, 4)",RV,"('C', 0, 0.3, 4)",0,0.3333333333333333,0.5,17.5
"RV|('C', 0, 0.3, 8)",RV,"('C', 0, 0.3, 8)",0,0.14285714285714285,0.5,13.0
"B0.5|('H', 1, 0.1, -0.1)",B0.5,"('H', 1, 0.1, -0.1)",1,9.5,0.21710272474611345,4.0
"B0.5|('H', 1, 0.1, 0.0)",B0.5,"('H', 1, 0.1, 0.0)",1,16.75,0.21852249314054972,4.0
"B0.5|('H', 1, 0.1, 0.05)",B0.5,"('H', 1, 0.1, 0.05)",1,19.8,0.21899377492511238,4.0
"B0.5|('H', 1, 0.2, -0.2)",B0.5,"('H', 1, 0.2, -0.2)",1,6.6,0.24123183560966976,5.5
"B0.5|('H', 1, 0.2, 0.0)",B0.5,"('H', 1, 0.2, 0.0)",1,16.25,0.24123183560966976,5.5
"B0.5|('H', 1, 0.2, 0.1)",B0.5,"('H', 1, 0.2, 0.1)",1,20.75,0.24157530759154852,5.5
"B0.5|('H', 1, 0.3, -0.3)",B0.5,"('H', 1, 0.3, -0.3)",1,5.0,0.26750576347427096,6.5
"B0.5|('H', 1, 0.3, 0.0)",B0.5,"('H', 1, 0.3, 0.0)",1,14.0,0.2702802776855661,7.0
"B0.5|('H', 1, 0.3, 0.15)",B0.5,"('H', 1, 0.3, 0.15)",1,19.25,0.2723226116140546,7.0
"B0.5|('H', 1, 0.4, -0.4)",B0.5,"('H', 1, 0.4, -0.4)",1,3.6666666666666665,0.30731811860436603,9.0
"B0.5|('H', 1, 0.4, 0.0)",B0.5,"('H', 1, 0.4, 0.0)",1,12.4,0.31288189104826314,9.5
"B0.5|('H', 1, 0.4, 0.2)",B0.5,"('H', 1, 0.4, 0.2)",1,17.25,0.3142478031143565,9.5
"B0.5|('H', 1, 0.5, -0.5)",B0.5,"('H', 1, 0.5, -0.5)",1,2.5,0.36953934500864594,12.0
"B0.5|('H', 1, 0.5, 0.0)",B0.5,"('H', 1, 0.5, 0.0)",1,9.2,0.38057456476919876,13.0
"B0.5|('H', 1, 0.5, 0.25)",B0.5,"('H', 1, 0.5, 0.25)",1,12.833333333333334,0.3841740019982161,13.0
"B0.5|('H', 3, 0.1, -0.1)",B0.5,"('H', 3, 0.1, -0.1)",1,5.0,0.2701181094099169,7.0
"B0.5|('H', 3, 0.1, 0.0)",B0.5,"('H', 3, 0.1, 0.0)",1,10.0,0.2702802776855661,7.0
"B0.5|('H', 3, 0.1, 0.05)",B0.5,"('H', 3, 0.1, 0.05)",1,12.0,0.2702802776855661,7.0
"B0.5|('H', 3, 0.2, -0.2)",B0.5,"('H', 3, 0.2, -0.2)",1,3.7142857142857144,0.3106510269359739,8.0
"B0.5|('H', 3, 0.2, 0.0)",B0.5,"('H', 3, 0.2, 0.0)",1,9.6,0.31606095274728424,9.0
"B0.5|('H', 3, 0.2, 0.1)",B0.5,"('H', 3, 0.2, 0.1)",1,11.4,0.31606095274728424,9.0
"B0.5|('H', 3, 0.3, -0.3)",B0.5,"('H', 3, 0.3, -0.3)",1,3.0,0.3414578949096717,11.0
"B0.5|('H', 3, 0.3, 0.0)",B0.5,"('H', 3, 0.3, 0.0)",1,8.4,0.3463795017669662,12.0
"B0.5|('H', 3, 0.3, 0.15)",B0.5,"('H', 3, 0.3, 0.15)",1,10.0,0.3463795017669662,12.0
"B0.5|('H', 3, 0.4, -0.4)",B0.5,"('H', 3, 0.4, -0.4)",1,2.0,0.4038361791497277,14.0
"B0.5|('H', 3, 0.4, 0.0)",B0.5,"('H', 3, 0.4, 0.0)",1,6.6,0.42274474245595467,15.5
"B0.5|('H', 3, 0.4, 0.2)",B0.5,"('H', 3, 0.4, 0.2)",1,8.0,0.42274474245595467,15.5
"B0.5|('H', 3, 0.5, -0.5)",B0.5,"('H', 3, 0.5, -0.5)",1,0.2857142857142857,0.5,20.0
"B0.5|('H', 3, 0.5, 0.0)",B0.5,"('H', 3, 0.5, 0.0)",1,3.75,0.7092354619929762,27.0
"B0.5|('H', 3, 0.5, 0.25)",B0.5,"('H', 3, 0.5, 0.25)",1,5.0,0.7092354619929762,27.0
"B0.5|('H', 5, 0.1, -0.1)",B0.5,"('H', 5, 0.1, -0.1)",1,4.0,0.31022845737512833,9.0
"B0.5|('H', 5, 0.1, 0.0)",B0.5,"('H', 5, 0.1, 0.0)",1,8.75,0.3120619429006389,9.0
"B0.5|('H', 5, 0.1, 0.05)",B0.5,"('H', 5, 0.1, 0.05)",1,10.0,0.31304329795079056,9.0
"B0.5|('H', 5, 0.2, -0.2)",B0.5,"('H', 5, 0.2, -0.2)",1,3.0,0.33205404497509156,11.5
"B0.5|('H', 5, 0.2, 0.0)",B0.5,"('H', 5, 0.2, 0.0)",1,7.75,0.33205404497509156,12.0
"B0.5|('H', 5, 0.2, 0.1)",B0.5,"('H', 5, 0.2, 0.1)",1,9.0,0.33556732265808875,12.0
"B0.5|('H', 5, 0.3, -0.3)",B0.5,"('H', 5, 0.3, -0.3)",1,2.25,0.3825839051086584,14.0
"B0.5|('H', 5, 0.3, 0.0)",B0.5,"('H', 5, 0.3, 0.0)",1,6.4,0.40023348269362236,14.5
"B0.5|('H', 5, 0.3, 0.15)",B0.5,"('H', 5, 0.3, 0.15)",1,7.5,0.40029578218735007,14.5
"B0.5|('H', 5, 0.4, -0.4)",B0.5,"('H', 5, 0.4, -0.4)",1,1.3333333333333333,0.4618402406581308,18.5
"B0.5|('H', 5, 0.4, 0.0)",B0.5,"('H', 5, 0.4, 0.0)",1,4.857142857142857,0.5,20.0
"B0.5|('H', 5, 0.4, 0.2)",B0.5,"('H', 5, 0.4, 0.2)",1,5.75,0.5,20.0
"B0.5|('H', 5, 0.5, -0.5)",B0.5,"('H', 5, 0.5, -0.5)",1,0.0,0.5,20.5
"B0.5|('H', 5, 0.5, 0.0)",B0.5,"('H', 5, 0.5, 0.0)",1,2.75,0.8551418422775783,35.0
"B0.5|('H', 5, 0.5, 0.25)",B0.5,"('H', 5, 0.5, 0.25)",1,3.6666666666666665,0.8584601547196822,36.0
"B0.5|('H', 10, 0.1, -0.1)",B0.5,"('H', 10, 0.1, -0.1)",1,2.6666666666666665,0.34553477638761954,13.0
"B0.5|('H', 10, 0.1, 0.0)",B0.5,"('H', 10, 0.1, 0.0)",1,6.4,0.3517441218862425,13.0
"B0.5|('H', 10, 0.1, 0.05)",B0.5,"('H', 10, 0.1, 0.05)",1,7.0,0.3519305779386802,13.0
"B0.5|('H', 10, 0.2, -0.2)",B0.5,"('H', 10, 0.2, -0.2)",1,2.0,0.39858152120494117,16.0
"B0.5|('H', 10, 0.2, 0.0)",B0.5,"('H', 10, 0.2, 0.0)",1,5.25,0.4189445544034319,17.0
"B0.5|('H', 10, 0.2, 0.1)",B0.5,"('H', 10, 0.2, 0.1)",1,6.0,0.4189445544034319,17.0
"B0.5|('H', 10, 0.3, -0.3)",B0.5,"('H', 10, 0.3, -0.3)",1,1.1428571428571428,0.4815356550995779,21.5
"B0.5|('H', 10, 0.3, 0.0)",B0.5,"('H', 10, 0.3, 0.0)",1,4.0,0.5290056372799479,23.0
"B0.5|('H', 10, 0.3, 0.15)",B0.5,"('H', 10, 0.3, 0.15)",1,4.833333333333333,0.5290056372799479,23.0
"B0.5|('H', 10, 0.4, -0.4)",B0.5,"('H', 10, 0.4, -0.4)",1,0.4,0.5,23.0
"B0.5|('H', 10, 0.4, 0.0)",B0.5,"('H', 10, 0.4, 0.0)",1,2.8,0.7383522286746096,32.0
"B0.5|('H', 10, 0.4, 0.2)",B0.5,"('H', 10, 0.4, 0.2)",1,3.3333333333333335,0.7492542537071868,33.0
"B0.5|('H', 10, 0.5, -0.5)",B0.5,"('H', 10, 0.5, -0.5)",1,0.0,0.5,20.5
"B0.5|('H', 10, 0.5, 0.0)",B0.5,"('H', 10, 0.5, 0.0)",1,1.8,1.0,44.5
"B0.5|('H', 10, 0.5, 0.25)",B0.5,"('H', 10, 0.5, 0.25)",1,2.3333333333333335,1.0,45.0
"B0.5|('C', 0, 0.0, 0.5)",B0.5,"('C', 0, 0.0, 0.5)",1,5.5,0.25990370040794963,6.5
"B0.5|('C', 0, 0.0, 1)",B0.5,"('C', 0, 0.0, 1)",1,4.0,0.28872667610011427,8.0
"B0.5|('C', 0, 0.0, 2)",B0.5,"('C', 0, 0.0, 2)",1,2.8333333333333335,0.3226114919974632,11.5
"B0.5|('C', 0, 0.0, 4)",B0.5,"('C', 0, 0.0, 4)",1,2.0,0.40535668993405405,17.0
"B0.5|('C', 0, 0.0, 8)",B0.5,"('C', 0, 0.0, 8)",1,1.0,0.5,23.0
"B0.5|('C', 0, 0.1, 0.5)",B0.5,"('C', 0, 0.1, 0.5)",1,4.25,0.2827120242326351,8.0
"B0.5|('C', 0, 0.1, 1)",B0.5,"('C', 0, 0.1, 1)",1,3.25,0.31606095274728424,10.5
"B0.5|('C', 0, 0.1, 2)",B0.5,"('C', 0, 0.1, 2)",1,2.2857142857142856,0.36740716301006887,14.0
"B0.5|('C', 0, 0.1, 4)",B0.5,"('C', 0, 0.1, 4)",1,1.3333333333333333,0.47440328071968274,20.5
"B0.5|('C', 0, 0.1, 8)",B0.5,"('C', 0, 0.1, 8)",1,0.4,0.5166437653931709,26.0
"B0.5|('C', 0, 0.2, 0.5)",B0.5,"('C', 0, 0.2, 0.5)",1,3.3333333333333335,0.33311479350542433,10.0
"B0.5|('C', 0, 0.2, 1)",B0.5,"('C', 0, 0.2, 1)",1,2.4,0.3704612137813439,12.5
"B0.5|('C', 0, 0.2, 2)",B0.5,"('C', 0, 0.2, 2)",1,1.5,0.4620455985057001,17.5
"B0.5|('C', 0, 0.2, 4)",B0.5,"('C', 0, 0.2, 4)",1,0.5714285714285714,0.5,23.0
"B0.5|('C', 0, 0.2, 8)",B0.5,"('C', 0, 0.2, 8)",1,0.0,0.5,23.0
"B0.5|('C', 0, 0.3, 0.5)",B0.5,"('C', 0, 0.3, 0.5)",1,2.4,0.3706576967162427,12.5
"B0.5|('C', 0, 0.3, 1)",B0.5,"('C', 0, 0.3, 1)",1,1.5,0.44509142045195194,17.0
"B0.5|('C', 0, 0.3, 2)",B0.5,"('C', 0, 0.3, 2)",1,0.6,0.5,21.5
"B0.5|('C', 0, 0.3, 4)",B0.5,"('C', 0, 0.3, 4)",1,0.0,0.5,23.5
"B0.5|('C', 0, 0.3, 8)",B0.5,"('C', 0, 0.3, 8)",1,0.0,0.5588763699048959,29.0
"B1|('H', 1, 0.1, -0.1)",B1,"('H', 1, 0.1, -0.1)",1,4.333333333333333,0.3576705641990403,11.0
"B1|('H', 1, 0.1, 0.0)",B1,"('H', 1, 0.1, 0.0)",1,8.666666666666666,0.3576705641990403,12.0
"B1|('H', 1, 0.1, 0.05)",B1,"('H', 1, 0.1, 0.05)",1,11.8,0.363427555549408,12.0
"B1|('H', 1, 0.2, -0.2)",B1,"('H', 1, 0.2, -0.2)",1,2.7142857142857144,0.40375161023987516,13.0
"B1|('H', 1, 0.2, 0.0)",B1,"('H', 1, 0.2, 0.0)",1,7.4,0.40425734887639503,13.0
"B1|('H', 1, 0.2, 0.1)",B1,"('H', 1, 0.2, 0.1)",1,10.285714285714286,0.4081157904732381,13.0
"B1|('H', 1, 0.3, -0.3)",B1,"('H', 1, 0.3, -0.3)",1,2.0,0.4388210892612253,17.0
"B1|('H', 1, 0.3, 0.0)",B1,"('H', 1, 0.3, 0.0)",1,6.0,0.4437814755233156,17.0
"B1|('H', 1, 0.3, 0.15)",B1,"('H', 1, 0.3, 0.15)",1,9.0,0.45173986104526975,17.0
"B1|('H', 1, 0.4, -0.4)",B1,"('H', 1, 0.4, -0.4)",1,1.5,0.4961937854767089,20.0
"B1|('H', 1, 0.4, 0.0)",B1,"('H', 1, 0.4, 0.0)",1,5.2,0.5023734859530053,20.5
"B1|('H', 1, 0.4, 0.2)",B1,"('H', 1, 0.4, 0.2)",1,8.0,0.5023734859530053,20.5
"B1|('H', 1, 0.5, -0.5)",B1,"('H', 1, 0.5, -0.5)",1,1.0,0.5805624698268713,25.5
"B1|('H', 1, 0.5, 0.0)",B1,"('H', 1, 0.5, 0.0)",1,3.8333333333333335,0.6054370166407964,27.0
"B1|('H', 1, 0.5, 0.25)",B1,"('H', 1, 0.5, 0.25)",1,6.0,0.6054370166407964,27.0
"B1|('H', 3, 0.1, -0.1)",B1,"('H', 3, 0.1, -0.1)",1,2.5,0.4083396745469836,14.0
"B1|('H', 3, 0.1, 0.0)",B1,"('H', 3, 0.1, 0.0)",1,5.333333333333333,0.41001177008793044,14.0
"B1|('H', 3, 0.1, 0.05)",B1,"('H', 3, 0.1, 0.05)",1,6.5,0.41001177008793044,14.5
"B1|('H', 3, 0.2, -0.2)",B1,"('H', 3, 0.2, -0.2)",1,1.875,0.44059856847292256,17.0
"B1|('H', 3, 0.2, 0.0)",B1,"('H', 3, 0.2, 0.0)",1,4.8,0.4541319096227774,17.5
"B1|('H', 3, 0.2, 0.1)",B1,"('H', 3, 0.2, 0.1)",1,5.6,0.4541319096227774,17.5
"B1|('H', 3, 0.3, -0.3)",B1,"('H', 3, 0.3, -0.3)",1,1.4285714285714286,0.4912982589407974,21.0
"B1|('H', 3, 0.3, 0.0)",B1,"('H', 3, 0.3, 0.0)",1,4.0,0.5041206403094176,21.5
"B1|('H', 3, 0.3, 0.15)",B1,"('H', 3, 0.3, 0.15)",1,5.2,0.5071983628515179,21.5
"B1|('H', 3, 0.4, -0.4)",B1,"('H', 3, 0.4, -0.4)",1,1.0,0.5442789724332312,26.0
"B1|('H', 3, 0.4, 0.0)",B1,"('H', 3, 0.4, 0.0)",1,3.2,0.5780844725273951,28.0
"B1|('H', 3, 0.4, 0.2)",B1,"('H', 3, 0.4, 0.2)",1,4.25,0.5780844725273951,28.0
"B1|('H', 3, 0.5, -0.5)",B1,"('H', 3, 0.5, -0.5)",1,0.6666666666666666,0.5772136787631522,26.0
"B1|('H', 3, 0.5, 0.0)",B1,"('H', 3, 0.5, 0.0)",1,2.5,0.7130958263451153,36.0
"B1|('H', 3, 0.5, 0.25)",B1,"('H', 3, 0.5, 0.25)",1,3.1666666666666665,0.7218425415617917,36.0
"B1|('H', 5, 0.1, -0.1)",B1,"('H', 5, 0.1, -0.1)",1,2.0,0.4200964961063759,16.5
"B1|('H', 5, 0.1, 0.0)",B1,"('H', 5, 0.1, 0.0)",1,4.833333333333333,0.4239524371152712,17.0
"B1|('H', 5, 0.1, 0.05)",B1,"('H', 5, 0.1, 0.05)",1,5.5,0.42481342868910454,17.0
"B1|('H', 5, 0.2, -0.2)",B1,"('H', 5, 0.2, -0.2)",1,1.5714285714285714,0.4667752233742478,20.0
"B1|('H', 5, 0.2, 0.0)",B1,"('H', 5, 0.2, 0.0)",1,4.0,0.4815356550995779,20.0
"B1|('H', 5, 0.2, 0.1)",B1,"('H', 5, 0.2, 0.1)",1,4.666666666666667,0.482254604694116,20.0
"B1|('H', 5, 0.3, -0.3)",B1,"('H', 5, 0.3, -0.3)",1,1.2,0.5104836853305711,23.5
"B1|('H', 5, 0.3, 0.0)",B1,"('H', 5, 0.3, 0.0)",1,3.5,0.5388895642422615,25.0
"B1|('H', 5, 0.3, 0.15)",B1,"('H', 5, 0.3, 0.15)",1,4.0,0.5457109629270067,25.0
"B1|('H', 5, 0.4, -0.4)",B1,"('H', 5, 0.4, -0.4)",1,1.0,0.5734048462450312,27.0
"B1|('H', 5, 0.4, 0.0)",B1,"('H', 5, 0.4, 0.0)",1,2.8333333333333335,0.6573255940789893,30.0
"B1|('H', 5, 0.4, 0.2)",B1,"('H', 5, 0.4, 0.2)",1,3.5,0.6585270147154535,30.5
"B1|('H', 5, 0.5, -0.5)",B1,"('H', 5, 0.5, -0.5)",1,0.4444444444444444,0.5551651673518241,25.0
"B1|('H', 5, 0.5, 0.0)",B1,"('H', 5, 0.5, 0.0)",1,2.0,0.7688328043504867,38.0
"B1|('H', 5, 0.5, 0.25)",B1,"('H', 5, 0.5, 0.25)",1,2.5,0.770106905100489,38.5
"B1|('H', 10, 0.1, -0.1)",B1,"('H', 10, 0.1, -0.1)",1,1.5,0.4653817037026472,21.0
"B1|('H', 10, 0.1, 0.0)",B1,"('H', 10, 0.1, 0.0)",1,3.6,0.47597341134256416,21.0
"B1|('H', 10, 0.1, 0.05)",B1,"('H', 10, 0.1, 0.05)",1,4.0,0.47722543543476426,21.0
"B1|('H', 10, 0.2, -0.2)",B1,"('H', 10, 0.2, -0.2)",1,1.1428571428571428,0.5,24.0
"B1|('H', 10, 0.2, 0.0)",B1,"('H', 10, 0.2, 0.0)",1,3.0,0.524210501036761,25.0
"B1|('H', 10, 0.2, 0.1)",B1,"('H', 10, 0.2, 0.1)",1,3.5,0.5289214417447629,25.5
"B1|('H', 10, 0.3, -0.3)",B1,"('H', 10, 0.3, -0.3)",1,0.875,0.5195932927989999,26.0
"B1|('H', 10, 0.3, 0.0)",B1,"('H', 10, 0.3, 0.0)",1,2.5714285714285716,0.6102636680503306,30.5
"B1|('H', 10, 0.3, 0.15)",B1,"('H', 10, 0.3, 0.15)",1,3.0,0.6336249225555897,32.0
"B1|('H', 10, 0.4, -0.4)",B1,"('H', 10, 0.4, -0.4)",1,0.5555555555555556,0.5847082090359711,27.5
"B1|('H', 10, 0.4, 0.0)",B1,"('H', 10, 0.4, 0.0)",1,2.0,0.7285723710832128,36.5
"B1|('H', 10, 0.4, 0.2)",B1,"('H', 10, 0.4, 0.2)",1,2.5,0.754646412018098,38.0
"B1|('H', 10, 0.5, -0.5)",B1,"('H', 10, 0.5, -0.5)",1,0.16666666666666666,0.5,22.0
"B1|('H', 10, 0.5, 0.0)",B1,"('H', 10, 0.5, 0.0)",1,1.5,0.8582196835348243,43.0
"B1|('H', 10, 0.5, 0.25)",B1,"('H', 10, 0.5, 0.25)",1,1.8,0.8771348418454961,44.0
"B1|('C', 0, 0.0, 0.5)",B1,"('C', 0, 0.0, 0.5)",1,2.6,0.39858152120494117,13.5
"B1|('C', 0, 0.0, 1)",B1,"('C', 0, 0.0, 1)",1,2.0,0.41289571087108673,16.5
"B1|('C', 0, 0.0, 2)",B1,"('C', 0, 0.0, 2)",1,1.5714285714285714,0.44907765129101995,19.0
"B1|('C', 0, 0.0, 4)",B1,"('C', 0, 0.0, 4)",1,1.1666666666666667,0.48245233906516877,24.5
"B1|('C', 0, 0.0, 8)",B1,"('C', 0, 0.0, 8)",1,0.8,0.5320995571113994,28.0
"B1|('C', 0, 0.1, 0.5)",B1,"('C', 0, 0.1, 0.5)",1,2.0,0.4245889242051694,16.0
"B1|('C', 0, 0.1, 1)",B1,"('C', 0, 0.1, 1)",1,1.5,0.4602885141750229,19.5
"B1|('C', 0, 0.1, 2)",B1,"('C', 0, 0.1, 2)",1,1.2222222222222223,0.4995963770356334,23.0
"B1|('C', 0, 0.1, 4)",B1,"('C', 0, 0.1, 4)",1,0.8888888888888888,0.5,26.0
"B1|('C', 0, 0.1, 8)",B1,"('C', 0, 0.1, 8)",1,0.5,0.5104498628097626,26.0
"B1|('C', 0, 0.2, 0.5)",B1,"('C', 0, 0.2, 0.5)",1,1.5,0.47537519103271586,20.0
"B1|('C', 0, 0.2, 1)",B1,"('C', 0, 0.2, 1)",1,1.2,0.5002284747588148,23.5
"B1|('C', 0, 0.2, 2)",B1,"('C', 0, 0.2, 2)",1,1.0,0.535273187841981,26.0
"B1|('C', 0, 0.2, 4)",B1,"('C', 0, 0.2, 4)",1,0.5,0.5472102420608775,27.0
"B1|('C', 0, 0.2, 8)",B1,"('C', 0, 0.2, 8)",1,0.2,0.5,21.5
"B1|('C', 0, 0.3, 0.5)",B1,"('C', 0, 0.3, 0.5)",1,1.1111111111111112,0.5112360226433981,24.5
"B1|('C', 0, 0.3, 1)",B1,"('C', 0, 0.3, 1)",1,1.0,0.5618394087618171,28.0
"B1|('C', 0, 0.3, 2)",B1,"('C', 0, 0.3, 2)",1,0.5714285714285714,0.5756331961675992,28.0
"B1|('C', 0, 0.3, 4)",B1,"('C', 0, 0.3, 4)",1,0.25,0.5,24.0
"B1|('C', 0, 0.3, 8)",B1,"('C', 0, 0.3, 8)",1,0.0,0.5,21.0
"B2|('H', 1, 0.1, -0.1)",B2,"('H', 1, 0.1, -0.1)",1,1.4,0.5,19.0
"B2|('H', 1, 0.1, 0.0)",B2,"('H', 1, 0.1, 0.0)",1,3.5,0.518904868822494,19.5
"B2|('H', 1, 0.1, 0.05)",B2,"('H', 1, 0.1, 0.05)",1,4.571428571428571,0.5201913056659322,19.5
"B2|('H', 1, 0.2, -0.2)",B2,"('H', 1, 0.2, -0.2)",1,0.8,0.5107474851737576,24.0
"B2|('H', 1, 0.2, 0.0)",B2,"('H', 1, 0.2, 0.0)",1,2.5,0.5805878786388574,25.0
"B2|('H', 1, 0.2, 0.1)",B2,"('H', 1, 0.2, 0.1)",1,3.5,0.5832273903792204,25.0
"B2|('H', 1, 0.3, -0.3)",B2,"('H', 1, 0.3, -0.3)",1,0.5,0.5,24.0
"B2|('H', 1, 0.3, 0.0)",B2,"('H', 1, 0.3, 0.0)",1,2.0,0.6573255940789893,31.0
"B2|('H', 1, 0.3, 0.15)",B2,"('H', 1, 0.3, 0.15)",1,2.7142857142857144,0.6646643962295301,31.0
"B2|('H', 1, 0.4, -0.4)",B2,"('H', 1, 0.4, -0.4)",1,0.4,0.5,23.0
"B2|('H', 1, 0.4, 0.0)",B2,"('H', 1, 0.4, 0.0)",1,1.5,0.7092631698041351,36.0
"B2|('H', 1, 0.4, 0.2)",B2,"('H', 1, 0.4, 0.2)",1,2.3333333333333335,0.712397916816083,37.0
"B2|('H', 1, 0.5, -0.5)",B2,"('H', 1, 0.5, -0.5)",1,0.25,0.5,25.0
"B2|('H', 1, 0.5, 0.0)",B2,"('H', 1, 0.5, 0.0)",1,1.3333333333333333,0.7965042561377831,41.5
"B2|('H', 1, 0.5, 0.25)",B2,"('H', 1, 0.5, 0.25)",1,2.0,0.8158624482842876,43.0
"B2|('H', 3, 0.1, -0.1)",B2,"('H', 3, 0.1, -0.1)",1,0.8571428571428571,0.5,23.0
"B2|('H', 3, 0.1, 0.0)",B2,"('H', 3, 0.1, 0.0)",1,2.1666666666666665,0.5569519500921514,24.0
"B2|('H', 3, 0.1, 0.05)",B2,"('H', 3, 0.1, 0.05)",1,2.6666666666666665,0.569349977118006,24.0
"B2|('H', 3, 0.2, -0.2)",B2,"('H', 3, 0.2, -0.2)",1,0.6,0.5,25.0
"B2|('H', 3, 0.2, 0.0)",B2,"('H', 3, 0.2, 0.0)",1,1.75,0.5930948932967618,28.0
"B2|('H', 3, 0.2, 0.1)",B2,"('H', 3, 0.2, 0.1)",1,2.0,0.626159548188197,28.0
"B2|('H', 3, 0.3, -0.3)",B2,"('H', 3, 0.3, -0.3)",1,0.5,0.5,22.5
"B2|('H', 3, 0.3, 0.0)",B2,"('H', 3, 0.3, 0.0)",1,1.5,0.6654813582102913,32.5
"B2|('H', 3, 0.3, 0.15)",B2,"('H', 3, 0.3, 0.15)",1,2.0,0.6942442970552452,34.0
"B2|('H', 3, 0.4, -0.4)",B2,"('H', 3, 0.4, -0.4)",1,0.4,0.5,21.0
"B2|('H', 3, 0.4, 0.0)",B2,"('H', 3, 0.4, 0.0)",1,1.25,0.7094680243267056,39.5
"B2|('H', 3, 0.4, 0.2)",B2,"('H', 3, 0.4, 0.2)",1,1.6666666666666667,0.7892792563688521,39.5
"B2|('H', 3, 0.5, -0.5)",B2,"('H', 3, 0.5, -0.5)",1,0.2,0.5,20.5
"B2|('H', 3, 0.5, 0.0)",B2,"('H', 3, 0.5, 0.0)",1,1.0,0.842929959538172,43.0
"B2|('H', 3, 0.5, 0.25)",B2,"('H', 3, 0.5, 0.25)",1,1.5,0.8786086853607558,44.5
"B2|('H', 5, 0.1, -0.1)",B2,"('H', 5, 0.1, -0.1)",1,0.75,0.5,23.5
"B2|('H', 5, 0.1, 0.0)",B2,"('H', 5, 0.1, 0.0)",1,2.0,0.5687998344480516,24.0
"B2|('H', 5, 0.1, 0.05)",B2,"('H', 5, 0.1, 0.05)",1,2.0,0.5720615578772813,25.0
"B2|('H', 5, 0.2, -0.2)",B2,"('H', 5, 0.2, -0.2)",1,0.5,0.5,25.0
"B2|('H', 5, 0.2, 0.0)",B2,"('H', 5, 0.2, 0.0)",1,1.5,0.6110876045450505,29.0
"B2|('H', 5, 0.2, 0.1)",B2,"('H', 5, 0.2, 0.1)",1,1.8,0.6208265777103488,31.0
"B2|('H', 5, 0.3, -0.3)",B2,"('H', 5, 0.3, -0.3)",1,0.5,0.5,20.5
"B2|('H', 5, 0.3, 0.0)",B2,"('H', 5, 0.3, 0.0)",1,1.3333333333333333,0.6639723053095355,33.0
"B2|('H', 5, 0.3, 0.15)",B2,"('H', 5, 0.3, 0.15)",1,1.7142857142857142,0.7225185113792169,36.0
"B2|('H', 5, 0.4, -0.4)",B2,"('H', 5, 0.4, -0.4)",1,0.3333333333333333,0.5,20.5
"B2|('H', 5, 0.4, 0.0)",B2,"('H', 5, 0.4, 0.0)",1,1.1111111111111112,0.7306662770513525,36.0
"B2|('H', 5, 0.4, 0.2)",B2,"('H', 5, 0.4, 0.2)",1,1.4285714285714286,0.7691893379761894,41.0
"B2|('H', 5, 0.5, -0.5)",B2,"('H', 5, 0.5, -0.5)",1,0.125,0.5,20.0
"B2|('H', 5, 0.5, 0.0)",B2,"('H', 5, 0.5, 0.0)",1,1.0,0.8657869370189017,41.5
"B2|('H', 5, 0.5, 0.25)",B2,"('H', 5, 0.5, 0.25)",1,1.2857142857142858,0.892819762119651,46.0
"B2|('H', 10, 0.1, -0.1)",B2,"('H', 10, 0.1, -0.1)",1,0.6,0.5,23.5
"B2|('H', 10, 0.1, 0.0)",B2,"('H', 10, 0.1, 0.0)",1,1.5,0.5,27.0
"B2|('H', 10, 0.1, 0.05)",B2,"('H', 10, 0.1, 0.05)",1,1.6,0.5291787990742312,27.0
"B2|('H', 10, 0.2, -0.2)",B2,"('H', 10, 0.2, -0.2)",1,0.5,0.5,20.5
"B2|('H', 10, 0.2, 0.0)",B2,"('H', 10, 0.2, 0.0)",1,1.25,0.560805993692386,29.5
"B2|('H', 10, 0.2, 0.1)",B2,"('H', 10, 0.2, 0.1)",1,1.5,0.6449953299936366,33.0
"B2|('H', 10, 0.3, -0.3)",B2,"('H', 10, 0.3, -0.3)",1,0.4,0.5,19.5
"B2|('H', 10, 0.3, 0.0)",B2,"('H', 10, 0.3, 0.0)",1,1.1111111111111112,0.6032041833887125,31.0
"B2|('H', 10, 0.3, 0.15)",B2,"('H', 10, 0.3, 0.15)",1,1.3333333333333333,0.7233321377506146,38.0
"B2|('H', 10, 0.4, -0.4)",B2,"('H', 10, 0.4, -0.4)",1,0.25,0.5,20.5
"B2|('H', 10, 0.4, 0.0)",B2,"('H', 10, 0.4, 0.0)",1,1.0,0.6960203554604854,35.0
"B2|('H', 10, 0.4, 0.2)",B2,"('H', 10, 0.4, 0.2)",1,1.25,0.8024272415812465,43.0
"B2|('H', 10, 0.5, -0.5)",B2,"('H', 10, 0.5, -0.5)",1,0.0,0.5,20.0
"B2|('H', 10, 0.5, 0.0)",B2,"('H', 10, 0.5, 0.0)",1,0.8,0.8386909691029133,38.0
"B2|('H', 10, 0.5, 0.25)",B2,"('H', 10, 0.5, 0.25)",1,1.0,0.9317728977029974,48.0
"B2|('C', 0, 0.0, 0.5)",B2,"('C', 0, 0.0, 0.5)",1,1.0,0.5,22.5
"B2|('C', 0, 0.0, 1)",B2,"('C', 0, 0.0, 1)",1,0.8888888888888888,0.5,23.0
"B2|('C', 0, 0.0, 2)",B2,"('C', 0, 0.0, 2)",1,0.6666666666666666,0.5,24.0
"B2|('C', 0, 0.0, 4)",B2,"('C', 0, 0.0, 4)",1,0.5,0.5,20.0
"B2|('C', 0, 0.0, 8)",B2,"('C', 0, 0.0, 8)",1,0.4,0.5,21.0
"B2|('C', 0, 0.1, 0.5)",B2,"('C', 0, 0.1, 0.5)",1,0.6666666666666666,0.5,24.0
"B2|('C', 0, 0.1, 1)",B2,"('C', 0, 0.1, 1)",1,0.5555555555555556,0.5,23.0
"B2|('C', 0, 0.1, 2)",B2,"('C', 0, 0.1, 2)",1,0.5,0.5,20.5
"B2|('C', 0, 0.1, 4)",B2,"('C', 0, 0.1, 4)",1,0.5,0.5,20.0
"B2|('C', 0, 0.1, 8)",B2,"('C', 0, 0.1, 8)",1,0.2857142857142857,0.5,20.5
"B2|('C', 0, 0.2, 0.5)",B2,"('C', 0, 0.2, 0.5)",1,0.5,0.5,23.0
"B2|('C', 0, 0.2, 1)",B2,"('C', 0, 0.2, 1)",1,0.5,0.5,21.0
"B2|('C', 0, 0.2, 2)",B2,"('C', 0, 0.2, 2)",1,0.4,0.5,20.0
"B2|('C', 0, 0.2, 4)",B2,"('C', 0, 0.2, 4)",1,0.3333333333333333,0.5,21.0
"B2|('C', 0, 0.2, 8)",B2,"('C', 0, 0.2, 8)",1,0.2,0.5,19.0
"B2|('C', 0, 0.3, 0.5)",B2,"('C', 0, 0.3, 0.5)",1,0.4,0.5,21.5
"B2|('C', 0, 0.3, 1)",B2,"('C', 0, 0.3, 1)",1,0.4,0.5,20.0
"B2|('C', 0, 0.3, 2)",B2,"('C', 0, 0.3, 2)",1,0.25,0.5,21.0
"B2|('C', 0, 0.3, 4)",B2,"('C', 0, 0.3, 4)",1,0.2,0.5,20.5
"B2|('C', 0, 0.3, 8)",B2,"('C', 0, 0.3, 8)",1,0.0,0.5,17.0
"B1w|('H', 1, 0.1, -0.1)",B1w,"('H', 1, 0.1, -0.1)",1,5.666666666666667,0.2722872213946144,6.0
"B1w|('H', 1, 0.1, 0.0)",B1w,"('H', 1, 0.1, 0.0)",1,11.8,0.2751037972546506,6.0
"B1w|('H', 1, 0.1, 0.05)",B1w,"('H', 1, 0.1, 0.05)",1,14.833333333333334,0.2751037972546506,6.0
"B1w|('H', 1, 0.2, -0.2)",B1w,"('H', 1, 0.2, -0.2)",1,3.5,0.32338473996381784,9.0
"B1w|('H', 1, 0.2, 0.0)",B1w,"('H', 1, 0.2, 0.0)",1,10.333333333333334,0.3310370335042888,9.0
"B1w|('H', 1, 0.2, 0.1)",B1w,"('H', 1, 0.2, 0.1)",1,14.0,0.33185331656288153,9.0
"B1w|('H', 1, 0.3, -0.3)",B1w,"('H', 1, 0.3, -0.3)",1,2.1666666666666665,0.3769035280895396,12.0
"B1w|('H', 1, 0.3, 0.0)",B1w,"('H', 1, 0.3, 0.0)",1,8.0,0.39878501491385493,12.5
"B1w|('H', 1, 0.3, 0.15)",B1w,"('H', 1, 0.3, 0.15)",1,10.857142857142858,0.3989777843355076,12.5
"B1w|('H', 1, 0.4, -0.4)",B1w,"('H', 1, 0.4, -0.4)",1,0.0,0.5,16.0
"B1w|('H', 1, 0.4, 0.0)",B1w,"('H', 1, 0.4, 0.0)",1,4.166666666666667,0.7383115220570302,24.0
"B1w|('H', 1, 0.4, 0.2)",B1w,"('H', 1, 0.4, 0.2)",1,6.25,0.7383115220570302,24.0
"B1w|('H', 1, 0.5, -0.5)",B1w,"('H', 1, 0.5, -0.5)",1,0.0,0.5,18.0
"B1w|('H', 1, 0.5, 0.0)",B1w,"('H', 1, 0.5, 0.0)",1,3.25,0.8088507578522286,28.5
"B1w|('H', 1, 0.5, 0.25)",B1w,"('H', 1, 0.5, 0.25)",1,5.6,0.8088507578522286,28.5
"B1w|('H', 3, 0.1, -0.1)",B1w,"('H', 3, 0.1, -0.1)",1,3.2,0.3293730485394196,9.5
"B1w|('H', 3, 0.1, 0.0)",B1w,"('H', 3, 0.1, 0.0)",1,7.5,0.333541983271737,10.0
"B1w|('H', 3, 0.1, 0.05)",B1w,"('H', 3, 0.1, 0.05)",1,9.0,0.333541983271737,10.0
"B1w|('H', 3, 0.2, -0.2)",B1w,"('H', 3, 0.2, -0.2)",1,2.1666666666666665,0.37995966966054273,12.0
"B1w|('H', 3, 0.2, 0.0)",B1w,"('H', 3, 0.2, 0.0)",1,6.0,0.40927717089367294,13.0
"B1w|('H', 3, 0.2, 0.1)",B1w,"('H', 3, 0.2, 0.1)",1,7.5,0.40927717089367294,13.0
"B1w|('H', 3, 0.3, -0.3)",B1w,"('H', 3, 0.3, -0.3)",1,1.0,0.45981265531482785,15.0
"B1w|('H', 3, 0.3, 0.0)",B1w,"('H', 3, 0.3, 0.0)",1,4.142857142857143,0.5120916322923745,17.0
"B1w|('H', 3, 0.3, 0.15)",B1w,"('H', 3, 0.3, 0.15)",1,5.5,0.5173075273003711,17.0
"B1w|('H', 3, 0.4, -0.4)",B1w,"('H', 3, 0.4, -0.4)",1,0.0,0.5,17.0
"B1w|('H', 3, 0.4, 0.0)",B1w,"('H', 3, 0.4, 0.0)",1,2.75,0.7865602557060489,28.5
"B1w|('H', 3, 0.4, 0.2)",B1w,"('H', 3, 0.4, 0.2)",1,3.6,0.7989183284171144,28.5
"B1w|('H', 3, 0.5, -0.5)",B1w,"('H', 3, 0.5, -0.5)",1,0.0,0.5,20.0
"B1w|('H', 3, 0.5, 0.0)",B1w,"('H', 3, 0.5, 0.0)",1,2.3333333333333335,0.8551418422775783,33.0
"B1w|('H', 3, 0.5, 0.25)",B1w,"('H', 3, 0.5, 0.25)",1,3.3333333333333335,0.8582336413841072,33.0
"B1w|('H', 5, 0.1, -0.1)",B1w,"('H', 5, 0.1, -0.1)",1,2.5,0.3622951790638387,11.5
"B1w|('H', 5, 0.1, 0.0)",B1w,"('H', 5, 0.1, 0.0)",1,6.0,0.37591338791545903,12.0
"B1w|('H', 5, 0.1, 0.05)",B1w,"('H', 5, 0.1, 0.05)",1,6.75,0.3769035280895396,12.0
"B1w|('H', 5, 0.2, -0.2)",B1w,"('H', 5, 0.2, -0.2)",1,1.5555555555555556,0.4389327372572883,14.0
"B1w|('H', 5, 0.2, 0.0)",B1w,"('H', 5, 0.2, 0.0)",1,4.875,0.4582204757066771,15.0
"B1w|('H', 5, 0.2, 0.1)",B1w,"('H', 5, 0.2, 0.1)",1,5.5,0.4582656450529705,15.5
"B1w|('H', 5, 0.3, -0.3)",B1w,"('H', 5, 0.3, -0.3)",1,0.5,0.5,18.0
"B1w|('H', 5, 0.3, 0.0)",B1w,"('H', 5, 0.3, 0.0)",1,3.0,0.6132825826172809,22.0
"B1w|('H', 5, 0.3, 0.15)",B1w,"('H', 5, 0.3, 0.15)",1,4.0,0.6227407655336701,22.0
"B1w|('H', 5, 0.4, -0.4)",B1w,"('H', 5, 0.4, -0.4)",1,0.0,0.5,18.0
"B1w|('H', 5, 0.4, 0.0)",B1w,"('H', 5, 0.4, 0.0)",1,2.2,0.8192975073046229,30.0
"B1w|('H', 5, 0.4, 0.2)",B1w,"('H', 5, 0.4, 0.2)",1,3.2,0.8231359589616525,30.0
"B1w|('H', 5, 0.5, -0.5)",B1w,"('H', 5, 0.5, -0.5)",1,0.0,0.5,20.0
"B1w|('H', 5, 0.5, 0.0)",B1w,"('H', 5, 0.5, 0.0)",1,2.0,0.8928904628811624,38.0
"B1w|('H', 5, 0.5, 0.25)",B1w,"('H', 5, 0.5, 0.25)",1,2.75,0.9036840072060723,38.0
"B1w|('H', 10, 0.1, -0.1)",B1w,"('H', 10, 0.1, -0.1)",1,1.5555555555555556,0.40186401861910653,15.5
"B1w|('H', 10, 0.1, 0.0)",B1w,"('H', 10, 0.1, 0.0)",1,4.0,0.41493732357539714,15.5
"B1w|('H', 10, 0.1, 0.05)",B1w,"('H', 10, 0.1, 0.05)",1,4.666666666666667,0.4180948852319163,15.5
"B1w|('H', 10, 0.2, -0.2)",B1w,"('H', 10, 0.2, -0.2)",1,0.8571428571428571,0.5,19.0
"B1w|('H', 10, 0.2, 0.0)",B1w,"('H', 10, 0.2, 0.0)",1,3.0,0.5398358565301429,21.0
"B1w|('H', 10, 0.2, 0.1)",B1w,"('H', 10, 0.2, 0.1)",1,3.6,0.555915258321467,21.5
"B1w|('H', 10, 0.3, -0.3)",B1w,"('H', 10, 0.3, -0.3)",1,0.0,0.5,20.0
"B1w|('H', 10, 0.3, 0.0)",B1w,"('H', 10, 0.3, 0.0)",1,2.0,0.7568281463142819,30.0
"B1w|('H', 10, 0.3, 0.15)",B1w,"('H', 10, 0.3, 0.15)",1,2.6,0.7784417363428082,30.0
"B1w|('H', 10, 0.4, -0.4)",B1w,"('H', 10, 0.4, -0.4)",1,0.0,0.5,20.0
"B1w|('H', 10, 0.4, 0.0)",B1w,"('H', 10, 0.4, 0.0)",1,1.6,0.8965139054776935,38.0
"B1w|('H', 10, 0.4, 0.2)",B1w,"('H', 10, 0.4, 0.2)",1,2.2857142857142856,0.9075924138955168,38.0
"B1w|('H', 10, 0.5, -0.5)",B1w,"('H', 10, 0.5, -0.5)",1,0.0,0.5,20.0
"B1w|('H', 10, 0.5, 0.0)",B1w,"('H', 10, 0.5, 0.0)",1,1.4,1.0,44.0
"B1w|('H', 10, 0.5, 0.25)",B1w,"('H', 10, 0.5, 0.25)",1,1.8333333333333333,1.0,46.5
"B1w|('C', 0, 0.0, 0.5)",B1w,"('C', 0, 0.0, 0.5)",1,3.3333333333333335,0.31341825788304334,9.0
"B1w|('C', 0, 0.0, 1)",B1w,"('C', 0, 0.0, 1)",1,2.5,0.34166489386030463,11.0
"B1w|('C', 0, 0.0, 2)",B1w,"('C', 0, 0.0, 2)",1,1.6666666666666667,0.4117162312738518,15.0
"B1w|('C', 0, 0.0, 4)",B1w,"('C', 0, 0.0, 4)",1,1.0,0.5,19.5
"B1w|('C', 0, 0.0, 8)",B1w,"('C', 0, 0.0, 8)",1,0.25,0.5,20.5
"B1w|('C', 0, 0.1, 0.5)",B1w,"('C', 0, 0.1, 0.5)",1,2.3333333333333335,0.37128186250057577,11.5
"B1w|('C', 0, 0.1, 1)",B1w,"('C', 0, 0.1, 1)",1,1.7142857142857142,0.42376315210691123,14.0
"B1w|('C', 0, 0.1, 2)",B1w,"('C', 0, 0.1, 2)",1,0.8571428571428571,0.48789055350093014,18.0
"B1w|('C', 0, 0.1, 4)",B1w,"('C', 0, 0.1, 4)",1,0.25,0.5,20.0
"B1w|('C', 0, 0.1, 8)",B1w,"('C', 0, 0.1, 8)",1,0.0,0.5,20.0
"B1w|('C', 0, 0.2, 0.5)",B1w,"('C', 0, 0.2, 0.5)",1,1.3333333333333333,0.44318768844898254,14.0
"B1w|('C', 0, 0.2, 1)",B1w,"('C', 0, 0.2, 1)",1,0.7142857142857143,0.5,18.0
"B1w|('C', 0, 0.2, 2)",B1w,"('C', 0, 0.2, 2)",1,0.0,0.5,19.5
"B1w|('C', 0, 0.2, 4)",B1w,"('C', 0, 0.2, 4)",1,0.0,0.5,18.0
"B1w|('C', 0, 0.2, 8)",B1w,"('C', 0, 0.2, 8)",1,0.0,0.5,20.0
"B1w|('C', 0, 0.3, 0.5)",B1w,"('C', 0, 0.3, 0.5)",1,0.0,0.5,20.0
"B1w|('C', 0, 0.3, 1)",B1w,"('C', 0, 0.3, 1)",1,0.0,0.5,17.0
"B1w|('C', 0, 0.3, 2)",B1w,"('C', 0, 0.3, 2)",1,0.0,0.5,20.0
"B1w|('C', 0, 0.3, 4)",B1w,"('C', 0, 0.3, 4)",1,0.0,0.5,20.0
"B1w|('C', 0, 0.3, 8)",B1w,"('C', 0, 0.3, 8)",1,0.0,0.5,23.0
"T1|('H', 1, 0.1, -0.1)",T1,"('H', 1, 0.1, -0.1)",1,4.0,0.37315154379587434,12.0
"T1|('H', 1, 0.1, 0.0)",T1,"('H', 1, 0.1, 0.0)",1,8.5,0.3736789306014172,12.0
"T1|('H', 1, 0.1, 0.05)",T1,"('H', 1, 0.1, 0.05)",1,10.8,0.3736789306014172,12.0
"T1|('H', 1, 0.2, -0.2)",T1,"('H', 1, 0.2, -0.2)",1,2.6666666666666665,0.40425734887639503,13.0
"T1|('H', 1, 0.2, 0.0)",T1,"('H', 1, 0.2, 0.0)",1,7.25,0.40425734887639503,13.0
"T1|('H', 1, 0.2, 0.1)",T1,"('H', 1, 0.2, 0.1)",1,10.333333333333334,0.4081157904732381,13.0
"T1|('H', 1, 0.3, -0.3)",T1,"('H', 1, 0.3, -0.3)",1,2.0,0.4360665221393293,17.0
"T1|('H', 1, 0.3, 0.0)",T1,"('H', 1, 0.3, 0.0)",1,6.2,0.4360665221393293,17.0
"T1|('H', 1, 0.3, 0.15)",T1,"('H', 1, 0.3, 0.15)",1,8.8,0.4431064392553071,17.0
"T1|('H', 1, 0.4, -0.4)",T1,"('H', 1, 0.4, -0.4)",1,1.5714285714285714,0.4960181654388299,20.0
"T1|('H', 1, 0.4, 0.0)",T1,"('H', 1, 0.4, 0.0)",1,5.0,0.5,20.0
"T1|('H', 1, 0.4, 0.2)",T1,"('H', 1, 0.4, 0.2)",1,7.5,0.5,20.0
"T1|('H', 1, 0.5, -0.5)",T1,"('H', 1, 0.5, -0.5)",1,1.2222222222222223,0.5571198754584612,24.0
"T1|('H', 1, 0.5, 0.0)",T1,"('H', 1, 0.5, 0.0)",1,4.333333333333333,0.5674893087756885,25.0
"T1|('H', 1, 0.5, 0.25)",T1,"('H', 1, 0.5, 0.25)",1,6.5,0.5674893087756885,25.0
"T1|('H', 3, 0.1, -0.1)",T1,"('H', 3, 0.1, -0.1)",1,2.4,0.4103629438195597,15.0
"T1|('H', 3, 0.1, 0.0)",T1,"('H', 3, 0.1, 0.0)",1,5.4,0.41064201715227666,15.0
"T1|('H', 3, 0.1, 0.05)",T1,"('H', 3, 0.1, 0.05)",1,6.166666666666667,0.41064201715227666,15.0
"T1|('H', 3, 0.2, -0.2)",T1,"('H', 3, 0.2, -0.2)",1,1.875,0.4437814755233156,18.0
"T1|('H', 3, 0.2, 0.0)",T1,"('H', 3, 0.2, 0.0)",1,4.666666666666667,0.45269137122767866,18.0
"T1|('H', 3, 0.2, 0.1)",T1,"('H', 3, 0.2, 0.1)",1,5.6,0.45269137122767866,18.0
"T1|('H', 3, 0.3, -0.3)",T1,"('H', 3, 0.3, -0.3)",1,1.5,0.4960181654388299,21.0
"T1|('H', 3, 0.3, 0.0)",T1,"('H', 3, 0.3, 0.0)",1,4.0,0.5001568466971075,21.0
"T1|('H', 3, 0.3, 0.15)",T1,"('H', 3, 0.3, 0.15)",1,5.166666666666667,0.5001568466971075,22.0
"T1|('H', 3, 0.4, -0.4)",T1,"('H', 3, 0.4, -0.4)",1,1.0,0.5640125980275635,25.0
"T1|('H', 3, 0.4, 0.0)",T1,"('H', 3, 0.4, 0.0)",1,3.5,0.5704600854194731,26.0
"T1|('H', 3, 0.4, 0.2)",T1,"('H', 3, 0.4, 0.2)",1,4.25,0.5704600854194731,26.0
"T1|('H', 3, 0.5, -0.5)",T1,"('H', 3, 0.5, -0.5)",1,0.8571428571428571,0.629270551107513,27.5
"T1|('H', 3, 0.5, 0.0)",T1,"('H', 3, 0.5, 0.0)",1,2.8,0.681077864984067,32.0
"T1|('H', 3, 0.5, 0.25)",T1,"('H', 3, 0.5, 0.25)",1,3.6666666666666665,0.681077864984067,32.0
"T1|('H', 5, 0.1, -0.1)",T1,"('H', 5, 0.1, -0.1)",1,2.0,0.423758921610382,17.0
"T1|('H', 5, 0.1, 0.0)",T1,"('H', 5, 0.1, 0.0)",1,4.6,0.423758921610382,17.0
"T1|('H', 5, 0.1, 0.05)",T1,"('H', 5, 0.1, 0.05)",1,5.0,0.423758921610382,17.0
"T1|('H', 5, 0.2, -0.2)",T1,"('H', 5, 0.2, -0.2)",1,1.5714285714285714,0.46128174267229216,20.0
"T1|('H', 5, 0.2, 0.0)",T1,"('H', 5, 0.2, 0.0)",1,4.0,0.4740031565897579,20.5
"T1|('H', 5, 0.2, 0.1)",T1,"('H', 5, 0.2, 0.1)",1,4.5,0.47530506630135094,21.0
"T1|('H', 5, 0.3, -0.3)",T1,"('H', 5, 0.3, -0.3)",1,1.25,0.5104836853305711,23.0
"T1|('H', 5, 0.3, 0.0)",T1,"('H', 5, 0.3, 0.0)",1,3.5,0.5286975341475911,24.5
"T1|('H', 5, 0.3, 0.15)",T1,"('H', 5, 0.3, 0.15)",1,4.25,0.5344935951414099,25.0
"T1|('H', 5, 0.4, -0.4)",T1,"('H', 5, 0.4, -0.4)",1,1.0,0.5526701901950732,28.0
"T1|('H', 5, 0.4, 0.0)",T1,"('H', 5, 0.4, 0.0)",1,3.0,0.6129543851851127,29.5
"T1|('H', 5, 0.4, 0.2)",T1,"('H', 5, 0.4, 0.2)",1,3.6,0.6232806736066019,30.0
"T1|('H', 5, 0.5, -0.5)",T1,"('H', 5, 0.5, -0.5)",1,0.6666666666666666,0.6045703555830455,28.0
"T1|('H', 5, 0.5, 0.0)",T1,"('H', 5, 0.5, 0.0)",1,2.3333333333333335,0.7225573091133524,37.0
"T1|('H', 5, 0.5, 0.25)",T1,"('H', 5, 0.5, 0.25)",1,2.857142857142857,0.7227605441710512,37.0
"T1|('H', 10, 0.1, -0.1)",T1,"('H', 10, 0.1, -0.1)",1,1.5,0.4633978544636549,21.0
"T1|('H', 10, 0.1, 0.0)",T1,"('H', 10, 0.1, 0.0)",1,3.6,0.4728951796454663,21.0
"T1|('H', 10, 0.1, 0.05)",T1,"('H', 10, 0.1, 0.05)",1,4.0,0.47461001083331306,21.0
"T1|('H', 10, 0.2, -0.2)",T1,"('H', 10, 0.2, -0.2)",1,1.2222222222222223,0.5114078016741126,24.5
"T1|('H', 10, 0.2, 0.0)",T1,"('H', 10, 0.2, 0.0)",1,3.2,0.5286975341475911,25.5
"T1|('H', 10, 0.2, 0.1)",T1,"('H', 10, 0.2, 0.1)",1,3.5,0.535273187841981,26.0
"T1|('H', 10, 0.3, -0.3)",T1,"('H', 10, 0.3, -0.3)",1,1.0,0.539073722377903,27.0
"T1|('H', 10, 0.3, 0.0)",T1,"('H', 10, 0.3, 0.0)",1,2.75,0.6173984924171139,30.0
"T1|('H', 10, 0.3, 0.15)",T1,"('H', 10, 0.3, 0.15)",1,3.0,0.6305089052605475,31.0
"T1|('H', 10, 0.4, -0.4)",T1,"('H', 10, 0.4, -0.4)",1,0.6666666666666666,0.5861424113261122,29.0
"T1|('H', 10, 0.4, 0.0)",T1,"('H', 10, 0.4, 0.0)",1,2.0,0.7025756191933231,36.0
"T1|('H', 10, 0.4, 0.2)",T1,"('H', 10, 0.4, 0.2)",1,2.5,0.7216538692929005,37.0
"T1|('H', 10, 0.5, -0.5)",T1,"('H', 10, 0.5, -0.5)",1,0.3333333333333333,0.5946970089231804,25.0
"T1|('H', 10, 0.5, 0.0)",T1,"('H', 10, 0.5, 0.0)",1,1.6,0.8322968495117351,43.0
"T1|('H', 10, 0.5, 0.25)",T1,"('H', 10, 0.5, 0.25)",1,2.0,0.8529708755689013,45.0
"T1|('C', 0, 0.0, 0.5)",T1,"('C', 0, 0.0, 0.5)",1,2.5,0.4012152192915292,14.0
"T1|('C', 0, 0.0, 1)",T1,"('C', 0, 0.0, 1)",1,2.0,0.4180948852319163,17.0
"T1|('C', 0, 0.0, 2)",T1,"('C', 0, 0.0, 2)",1,1.5714285714285714,0.46470443863292044,20.0
"T1|('C', 0, 0.0, 4)",T1,"('C', 0, 0.0, 4)",1,1.2,0.49595968964561044,25.0
"T1|('C', 0, 0.0, 8)",T1,"('C', 0, 0.0, 8)",1,0.8,0.5072266208221271,28.0
"T1|('C', 0, 0.1, 0.5)",T1,"('C', 0, 0.1, 0.5)",1,2.0,0.43073033995500454,17.0
"T1|('C', 0, 0.1, 1)",T1,"('C', 0, 0.1, 1)",1,1.6,0.47530506630135094,20.0
"T1|('C', 0, 0.1, 2)",T1,"('C', 0, 0.1, 2)",1,1.2857142857142858,0.5,24.0
"T1|('C', 0, 0.1, 4)",T1,"('C', 0, 0.1, 4)",1,1.0,0.5222107053296473,27.0
"T1|('C', 0, 0.1, 8)",T1,"('C', 0, 0.1, 8)",1,0.6,0.5340269821095205,28.0
"T1|('C', 0, 0.2, 0.5)",T1,"('C', 0, 0.2, 0.5)",1,1.5,0.4834031515478715,20.5
"T1|('C', 0, 0.2, 1)",T1,"('C', 0, 0.2, 1)",1,1.3333333333333333,0.5001568466971075,23.0
"T1|('C', 0, 0.2, 2)",T1,"('C', 0, 0.2, 2)",1,1.0,0.5636578314787504,26.5
"T1|('C', 0, 0.2, 4)",T1,"('C', 0, 0.2, 4)",1,0.7142857142857143,0.5883042708194239,27.5
"T1|('C', 0, 0.2, 8)",T1,"('C', 0, 0.2, 8)",1,0.3333333333333333,0.5117968303941486,25.0
"T1|('C', 0, 0.3, 0.5)",T1,"('C', 0, 0.3, 0.5)",1,1.2,0.5405839210021216,24.0
"T1|('C', 0, 0.3, 1)",T1,"('C', 0, 0.3, 1)",1,1.0,0.5498209184964689,28.0
"T1|('C', 0, 0.3, 2)",T1,"('C', 0, 0.3, 2)",1,0.75,0.5550458745242802,27.0
"T1|('C', 0, 0.3, 4)",T1,"('C', 0, 0.3, 4)",1,0.4,0.5641944346423795,26.0
"T1|('C', 0, 0.3, 8)",T1,"('C', 0, 0.3, 8)",1,0.0,0.5,21.5
"TS|('H', 1, 0.1, -0.1)",TS,"('H', 1, 0.1, -0.1)",1,0.8,0.32404923588210033,10.5
"TS|('H', 1, 0.1, 0.0)",TS,"('H', 1, 0.1, 0.0)",1,6.0,0.3785464251923563,13.0
"TS|('H', 1, 0.1, 0.05)",TS,"('H', 1, 0.1, 0.05)",1,8.2,0.43967120528162207,16.0
"TS|('H', 1, 0.2, -0.2)",TS,"('H', 1, 0.2, -0.2)",1,0.0,0.5,17.0
"TS|('H', 1, 0.2, 0.0)",TS,"('H', 1, 0.2, 0.0)",1,2.5,0.7392472774828256,35.0
"TS|('H', 1, 0.2, 0.1)",TS,"('H', 1, 0.2, 0.1)",1,4.4,0.8506009980538382,40.0
"TS|('H', 1, 0.3, -0.3)",TS,"('H', 1, 0.3, -0.3)",1,0.0,0.5,17.0
"TS|('H', 1, 0.3, 0.0)",TS,"('H', 1, 0.3, 0.0)",1,1.5,1.0,44.0
"TS|('H', 1, 0.3, 0.15)",TS,"('H', 1, 0.3, 0.15)",1,2.6,1.0,56.0
"TS|('H', 1, 0.4, -0.4)",TS,"('H', 1, 0.4, -0.4)",1,0.0,0.5,20.0
"TS|('H', 1, 0.4, 0.0)",TS,"('H', 1, 0.4, 0.0)",1,0.5555555555555556,1.0,59.0
"TS|('H', 1, 0.4, 0.2)",TS,"('H', 1, 0.4, 0.2)",1,0.8,1.0,66.0
"TS|('H', 1, 0.5, -0.5)",TS,"('H', 1, 0.5, -0.5)",1,0.0,0.5,20.5
"TS|('H', 1, 0.5, 0.0)",TS,"('H', 1, 0.5, 0.0)",1,0.0,1.0,72.0
"TS|('H', 1, 0.5, 0.25)",TS,"('H', 1, 0.5, 0.25)",1,0.0,1.0,77.0
"TS|('H', 3, 0.1, -0.1)",TS,"('H', 3, 0.1, -0.1)",1,0.0,0.5,14.0
"TS|('H', 3, 0.1, 0.0)",TS,"('H', 3, 0.1, 0.0)",1,2.0,0.5,18.0
"TS|('H', 3, 0.1, 0.05)",TS,"('H', 3, 0.1, 0.05)",1,3.5,0.5465972356196964,20.5
"TS|('H', 3, 0.2, -0.2)",TS,"('H', 3, 0.2, -0.2)",1,0.0,0.5,17.0
"TS|('H', 3, 0.2, 0.0)",TS,"('H', 3, 0.2, 0.0)",1,1.1428571428571428,0.5599054187735287,27.0
"TS|('H', 3, 0.2, 0.1)",TS,"('H', 3, 0.2, 0.1)",1,2.4,1.0,41.0
"TS|('H', 3, 0.3, -0.3)",TS,"('H', 3, 0.3, -0.3)",1,0.0,0.5,17.0
"TS|('H', 3, 0.3, 0.0)",TS,"('H', 3, 0.3, 0.0)",1,0.75,0.9704946852468506,38.0
"TS|('H', 3, 0.3, 0.15)",TS,"('H', 3, 0.3, 0.15)",1,1.3333333333333333,1.0,52.5
"TS|('H', 3, 0.4, -0.4)",TS,"('H', 3, 0.4, -0.4)",1,0.0,0.5,20.5
"TS|('H', 3, 0.4, 0.0)",TS,"('H', 3, 0.4, 0.0)",1,0.25,1.0,55.0
"TS|('H', 3, 0.4, 0.2)",TS,"('H', 3, 0.4, 0.2)",1,0.25,1.0,66.0
"TS|('H', 3, 0.5, -0.5)",TS,"('H', 3, 0.5, -0.5)",1,0.0,0.5,21.0
"TS|('H', 3, 0.5, 0.0)",TS,"('H', 3, 0.5, 0.0)",1,0.0,1.0,66.0
"TS|('H', 3, 0.5, 0.25)",TS,"('H', 3, 0.5, 0.25)",1,0.0,1.0,77.0
"TS|('H', 5, 0.1, -0.1)",TS,"('H', 5, 0.1, -0.1)",1,0.0,0.5,16.0
"TS|('H', 5, 0.1, 0.0)",TS,"('H', 5, 0.1, 0.0)",1,1.0,0.5,20.0
"TS|('H', 5, 0.1, 0.05)",TS,"('H', 5, 0.1, 0.05)",1,2.6666666666666665,0.509008673861335,21.0
"TS|('H', 5, 0.2, -0.2)",TS,"('H', 5, 0.2, -0.2)",1,0.0,0.5,17.0
"TS|('H', 5, 0.2, 0.0)",TS,"('H', 5, 0.2, 0.0)",1,0.8,0.5,22.0
"TS|('H', 5, 0.2, 0.1)",TS,"('H', 5, 0.2, 0.1)",1,1.6666666666666667,1.0,41.5
"TS|('H', 5, 0.3, -0.3)",TS,"('H', 5, 0.3, -0.3)",1,0.0,0.5,17.0
"TS|('H', 5, 0.3, 0.0)",TS,"('H', 5, 0.3, 0.0)",1,0.5714285714285714,0.8113831646930876,28.0
"TS|('H', 5, 0.3, 0.15)",TS,"('H', 5, 0.3, 0.15)",1,1.1666666666666667,1.0,53.5
"TS|('H', 5, 0.4, -0.4)",TS,"('H', 5, 0.4, -0.4)",1,0.0,0.5,20.5
"TS|('H', 5, 0.4, 0.0)",TS,"('H', 5, 0.4, 0.0)",1,0.16666666666666666,1.0,49.0
"TS|('H', 5, 0.4, 0.2)",TS,"('H', 5, 0.4, 0.2)",1,0.25,1.0,66.0
"TS|('H', 5, 0.5, -0.5)",TS,"('H', 5, 0.5, -0.5)",1,0.0,0.5,21.0
"TS|('H', 5, 0.5, 0.0)",TS,"('H', 5, 0.5, 0.0)",1,0.0,1.0,63.5
"TS|('H', 5, 0.5, 0.25)",TS,"('H', 5, 0.5, 0.25)",1,0.0,1.0,76.0
"TS|('H', 10, 0.1, -0.1)",TS,"('H', 10, 0.1, -0.1)",1,0.0,0.5,17.0
"TS|('H', 10, 0.1, 0.0)",TS,"('H', 10, 0.1, 0.0)",1,0.5,0.5,18.0
"TS|('H', 10, 0.1, 0.05)",TS,"('H', 10, 0.1, 0.05)",1,1.4285714285714286,0.5,20.5
"TS|('H', 10, 0.2, -0.2)",TS,"('H', 10, 0.2, -0.2)",1,0.0,0.5,17.0
"TS|('H', 10, 0.2, 0.0)",TS,"('H', 10, 0.2, 0.0)",1,0.5,0.5,22.0
"TS|('H', 10, 0.2, 0.1)",TS,"('H', 10, 0.2, 0.1)",1,1.2,1.0,37.0
"TS|('H', 10, 0.3, -0.3)",TS,"('H', 10, 0.3, -0.3)",1,0.0,0.5,17.0
"TS|('H', 10, 0.3, 0.0)",TS,"('H', 10, 0.3, 0.0)",1,0.375,0.6772810118567919,27.0
"TS|('H', 10, 0.3, 0.15)",TS,"('H', 10, 0.3, 0.15)",1,0.8571428571428571,1.0,53.5
"TS|('H', 10, 0.4, -0.4)",TS,"('H', 10, 0.4, -0.4)",1,0.0,0.5,20.5
"TS|('H', 10, 0.4, 0.0)",TS,"('H', 10, 0.4, 0.0)",1,0.0,1.0,47.5
"TS|('H', 10, 0.4, 0.2)",TS,"('H', 10, 0.4, 0.2)",1,0.14285714285714285,1.0,64.0
"TS|('H', 10, 0.5, -0.5)",TS,"('H', 10, 0.5, -0.5)",1,0.0,0.5,21.0
"TS|('H', 10, 0.5, 0.0)",TS,"('H', 10, 0.5, 0.0)",1,0.0,1.0,58.5
"TS|('H', 10, 0.5, 0.25)",TS,"('H', 10, 0.5, 0.25)",1,0.0,1.0,71.0
"TS|('C', 0, 0.0, 0.5)",TS,"('C', 0, 0.0, 0.5)",1,0.4,0.5,12.0
"TS|('C', 0, 0.0, 1)",TS,"('C', 0, 0.0, 1)",1,0.0,0.5,15.0
"TS|('C', 0, 0.0, 2)",TS,"('C', 0, 0.0, 2)",1,0.0,0.5,17.0
"TS|('C', 0, 0.0, 4)",TS,"('C', 0, 0.0, 4)",1,0.0,0.5,17.0
"TS|('C', 0, 0.0, 8)",TS,"('C', 0, 0.0, 8)",1,0.0,0.5,17.0
"TS|('C', 0, 0.1, 0.5)",TS,"('C', 0, 0.1, 0.5)",1,0.0,0.5,17.0
"TS|('C', 0, 0.1, 1)",TS,"('C', 0, 0.1, 1)",1,0.0,0.5,17.0
"TS|('C', 0, 0.1, 2)",TS,"('C', 0, 0.1, 2)",1,0.0,0.5,17.0
"TS|('C', 0, 0.1, 4)",TS,"('C', 0, 0.1, 4)",1,0.0,0.5,17.0
"TS|('C', 0, 0.1, 8)",TS,"('C', 0, 0.1, 8)",1,0.0,0.5,20.0
"TS|('C', 0, 0.2, 0.5)",TS,"('C', 0, 0.2, 0.5)",1,0.0,0.5,17.0
"TS|('C', 0, 0.2, 1)",TS,"('C', 0, 0.2, 1)",1,0.0,0.5,17.0
"TS|('C', 0, 0.2, 2)",TS,"('C', 0, 0.2, 2)",1,0.0,0.5,20.0
"TS|('C', 0, 0.2, 4)",TS,"('C', 0, 0.2, 4)",1,0.0,0.5,20.0
"TS|('C', 0, 0.2, 8)",TS,"('C', 0, 0.2, 8)",1,0.0,0.5,20.5
"TS|('C', 0, 0.3, 0.5)",TS,"('C', 0, 0.3, 0.5)",1,0.0,0.5,20.0
"TS|('C', 0, 0.3, 1)",TS,"('C', 0, 0.3, 1)",1,0.0,0.5,20.0
"TS|('C', 0, 0.3, 2)",TS,"('C', 0, 0.3, 2)",1,0.0,0.5,20.0
"TS|('C', 0, 0.3, 4)",TS,"('C', 0, 0.3, 4)",1,0.0,0.5,20.5
"TS|('C', 0, 0.3, 8)",TS,"('C', 0, 0.3, 8)",1,0.0,0.5,21.0
"RV|('H', 1, 0.1, -0.1)",RV,"('H', 1, 0.1, -0.1)",1,4.125,0.36176778209019506,12.5
"RV|('H', 1, 0.1, 0.0)",RV,"('H', 1, 0.1, 0.0)",1,7.75,0.36420017048287484,12.5
"RV|('H', 1, 0.1, 0.05)",RV,"('H', 1, 0.1, 0.05)",1,9.666666666666666,0.36420017048287484,12.5
"RV|('H', 1, 0.2, -0.2)",RV,"('H', 1, 0.2, -0.2)",1,3.0,0.39857521197403356,14.0
"RV|('H', 1, 0.2, 0.0)",RV,"('H', 1, 0.2, 0.0)",1,7.0,0.39867178121224167,15.0
"RV|('H', 1, 0.2, 0.1)",RV,"('H', 1, 0.2, 0.1)",1,9.333333333333334,0.39867178121224167,15.0
"RV|('H', 1, 0.3, -0.3)",RV,"('H', 1, 0.3, -0.3)",1,2.0,0.4226124006825149,17.0
"RV|('H', 1, 0.3, 0.0)",RV,"('H', 1, 0.3, 0.0)",1,6.5,0.42656145211085394,17.0
"RV|('H', 1, 0.3, 0.15)",RV,"('H', 1, 0.3, 0.15)",1,8.666666666666666,0.42755641846886083,17.0
"RV|('H', 1, 0.4, -0.4)",RV,"('H', 1, 0.4, -0.4)",1,1.5,0.4644968615804227,20.0
"RV|('H', 1, 0.4, 0.0)",RV,"('H', 1, 0.4, 0.0)",1,5.428571428571429,0.5,21.0
"RV|('H', 1, 0.4, 0.2)",RV,"('H', 1, 0.4, 0.2)",1,7.6,0.5,21.0
"RV|('H', 1, 0.5, -0.5)",RV,"('H', 1, 0.5, -0.5)",1,1.0,0.5024473735532445,23.0
"RV|('H', 1, 0.5, 0.0)",RV,"('H', 1, 0.5, 0.0)",1,4.4,0.5662583996943167,26.0
"RV|('H', 1, 0.5, 0.25)",RV,"('H', 1, 0.5, 0.25)",1,6.0,0.5662583996943167,26.0
"RV|('H', 3, 0.1, -0.1)",RV,"('H', 3, 0.1, -0.1)",1,2.1666666666666665,0.3978501233096347,16.0
"RV|('H', 3, 0.1, 0.0)",RV,"('H', 3, 0.1, 0.0)",1,4.8,0.4038621042842155,16.0
"RV|('H', 3, 0.1, 0.05)",RV,"('H', 3, 0.1, 0.05)",1,5.5,0.4038621042842155,17.0
"RV|('H', 3, 0.2, -0.2)",RV,"('H', 3, 0.2, -0.2)",1,1.6,0.4292175448269071,19.5
"RV|('H', 3, 0.2, 0.0)",RV,"('H', 3, 0.2, 0.0)",1,4.5,0.4381246302788944,20.0
"RV|('H', 3, 0.2, 0.1)",RV,"('H', 3, 0.2, 0.1)",1,5.333333333333333,0.44848860164548865,20.0
"RV|('H', 3, 0.3, -0.3)",RV,"('H', 3, 0.3, -0.3)",1,1.3333333333333333,0.48434045640086587,22.0
"RV|('H', 3, 0.3, 0.0)",RV,"('H', 3, 0.3, 0.0)",1,4.0,0.5,22.0
"RV|('H', 3, 0.3, 0.15)",RV,"('H', 3, 0.3, 0.15)",1,4.6,0.5003302234424255,23.0
"RV|('H', 3, 0.4, -0.4)",RV,"('H', 3, 0.4, -0.4)",1,1.0,0.5,24.0
"RV|('H', 3, 0.4, 0.0)",RV,"('H', 3, 0.4, 0.0)",1,3.2857142857142856,0.5442271648175941,26.5
"RV|('H', 3, 0.4, 0.2)",RV,"('H', 3, 0.4, 0.2)",1,4.0,0.552476656755941,26.5
"RV|('H', 3, 0.5, -0.5)",RV,"('H', 3, 0.5, -0.5)",1,0.6666666666666666,0.5,25.0
"RV|('H', 3, 0.5, 0.0)",RV,"('H', 3, 0.5, 0.0)",1,2.6666666666666665,0.6411764059963115,30.5
"RV|('H', 3, 0.5, 0.25)",RV,"('H', 3, 0.5, 0.25)",1,3.5,0.6472418128839528,30.5
"RV|('H', 5, 0.1, -0.1)",RV,"('H', 5, 0.1, -0.1)",1,1.8333333333333333,0.4248737533560101,19.0
"RV|('H', 5, 0.1, 0.0)",RV,"('H', 5, 0.1, 0.0)",1,4.0,0.4341191188318945,19.0
"RV|('H', 5, 0.1, 0.05)",RV,"('H', 5, 0.1, 0.05)",1,4.666666666666667,0.4343633573998583,19.0
"RV|('H', 5, 0.2, -0.2)",RV,"('H', 5, 0.2, -0.2)",1,1.375,0.4627560580408521,22.0
"RV|('H', 5, 0.2, 0.0)",RV,"('H', 5, 0.2, 0.0)",1,3.5,0.47461001083331306,22.0
"RV|('H', 5, 0.2, 0.1)",RV,"('H', 5, 0.2, 0.1)",1,4.0,0.4767105098548681,22.0
"RV|('H', 5, 0.3, -0.3)",RV,"('H', 5, 0.3, -0.3)",1,1.1666666666666667,0.5,23.5
"RV|('H', 5, 0.3, 0.0)",RV,"('H', 5, 0.3, 0.0)",1,3.142857142857143,0.5212349776073395,24.5
"RV|('H', 5, 0.3, 0.15)",RV,"('H', 5, 0.3, 0.15)",1,4.0,0.5222288489347358,24.5
"RV|('H', 5, 0.4, -0.4)",RV,"('H', 5, 0.4, -0.4)",1,1.0,0.5,25.0
"RV|('H', 5, 0.4, 0.0)",RV,"('H', 5, 0.4, 0.0)",1,2.8333333333333335,0.5875962175913124,29.0
"RV|('H', 5, 0.4, 0.2)",RV,"('H', 5, 0.4, 0.2)",1,3.3333333333333335,0.6036839610131912,29.0
"RV|('H', 5, 0.5, -0.5)",RV,"('H', 5, 0.5, -0.5)",1,0.6,0.5,23.0
"RV|('H', 5, 0.5, 0.0)",RV,"('H', 5, 0.5, 0.0)",1,2.2857142857142856,0.6643931733941348,33.0
"RV|('H', 5, 0.5, 0.25)",RV,"('H', 5, 0.5, 0.25)",1,2.8,0.671809760485419,33.0
"RV|('H', 10, 0.1, -0.1)",RV,"('H', 10, 0.1, -0.1)",1,1.3333333333333333,0.4767105098548681,23.0
"RV|('H', 10, 0.1, 0.0)",RV,"('H', 10, 0.1, 0.0)",1,3.0,0.48692510901187297,23.0
"RV|('H', 10, 0.1, 0.05)",RV,"('H', 10, 0.1, 0.05)",1,3.3333333333333335,0.48692510901187297,23.0
"RV|('H', 10, 0.2, -0.2)",RV,"('H', 10, 0.2, -0.2)",1,1.0,0.5,24.5
"RV|('H', 10, 0.2, 0.0)",RV,"('H', 10, 0.2, 0.0)",1,2.6666666666666665,0.5318677274336103,26.0
"RV|('H', 10, 0.2, 0.1)",RV,"('H', 10, 0.2, 0.1)",1,3.0,0.539073722377903,26.0
"RV|('H', 10, 0.3, -0.3)",RV,"('H', 10, 0.3, -0.3)",1,0.8571428571428571,0.5,25.0
"RV|('H', 10, 0.3, 0.0)",RV,"('H', 10, 0.3, 0.0)",1,2.4,0.5760712311800835,30.0
"RV|('H', 10, 0.3, 0.15)",RV,"('H', 10, 0.3, 0.15)",1,2.8,0.596666874362458,30.0
"RV|('H', 10, 0.4, -0.4)",RV,"('H', 10, 0.4, -0.4)",1,0.6666666666666666,0.5,24.0
"RV|('H', 10, 0.4, 0.0)",RV,"('H', 10, 0.4, 0.0)",1,2.0,0.6495260275882716,33.0
"RV|('H', 10, 0.4, 0.2)",RV,"('H', 10, 0.4, 0.2)",1,2.5,0.6675920850575428,33.0
"RV|('H', 10, 0.5, -0.5)",RV,"('H', 10, 0.5, -0.5)",1,0.4,0.5,18.0
"RV|('H', 10, 0.5, 0.0)",RV,"('H', 10, 0.5, 0.0)",1,1.7142857142857142,0.7128332150668572,37.0
"RV|('H', 10, 0.5, 0.25)",RV,"('H', 10, 0.5, 0.25)",1,2.0,0.7503254085867411,38.0
"RV|('C', 0, 0.0, 0.5)",RV,"('C', 0, 0.0, 0.5)",1,2.5,0.397958918906406,15.5
"RV|('C', 0, 0.0, 1)",RV,"('C', 0, 0.0, 1)",1,2.0,0.40968092935974737,18.5
"RV|('C', 0, 0.0, 2)",RV,"('C', 0, 0.0, 2)",1,1.5,0.4671105475776445,22.0
"RV|('C', 0, 0.0, 4)",RV,"('C', 0, 0.0, 4)",1,1.1428571428571428,0.5,25.0
"RV|('C', 0, 0.0, 8)",RV,"('C', 0, 0.0, 8)",1,0.8,0.5,26.0
"RV|('C', 0, 0.1, 0.5)",RV,"('C', 0, 0.1, 0.5)",1,1.8333333333333333,0.40927717089367294,17.5
"RV|('C', 0, 0.1, 1)",RV,"('C', 0, 0.1, 1)",1,1.5,0.45872952998639716,21.0
"RV|('C', 0, 0.1, 2)",RV,"('C', 0, 0.1, 2)",1,1.25,0.4798776378645324,24.0
"RV|('C', 0, 0.1, 4)",RV,"('C', 0, 0.1, 4)",1,1.0,0.5,25.0
"RV|('C', 0, 0.1, 8)",RV,"('C', 0, 0.1, 8)",1,0.6666666666666666,0.5,24.0
"RV|('C', 0, 0.2, 0.5)",RV,"('C', 0, 0.2, 0.5)",1,1.4285714285714286,0.4602885141750229,21.0
"RV|('C', 0, 0.2, 1)",RV,"('C', 0, 0.2, 1)",1,1.2,0.4936073697488853,23.0
"RV|('C', 0, 0.2, 2)",RV,"('C', 0, 0.2, 2)",1,1.0,0.5,26.0
"RV|('C', 0, 0.2, 4)",RV,"('C', 0, 0.2, 4)",1,0.7142857142857143,0.5,26.0
"RV|('C', 0, 0.2, 8)",RV,"('C', 0, 0.2, 8)",1,0.5,0.5,18.0
"RV|('C', 0, 0.3, 0.5)",RV,"('C', 0, 0.3, 0.5)",1,1.1666666666666667,0.4956819395912381,23.0
"RV|('C', 0, 0.3, 1)",RV,"('C', 0, 0.3, 1)",1,1.0,0.5,25.0
"RV|('C', 0, 0.3, 2)",RV,"('C', 0, 0.3, 2)",1,0.8,0.5,26.0
"RV|('C', 0, 0.3, 4)",RV,"('C', 0, 0.3, 4)",1,0.5,0.5,23.0
"RV|('C', 0, 0.3, 8)",RV,"('C', 0, 0.3, 8)",1,0.2,0.5,17.0
"B0.5|('H', 1, 0.1, -0.1)",B0.5,"('H', 1, 0.1, -0.1)",2,10.0,0.19724628734629773,4.5
"B0.5|('H', 1, 0.1, 0.0)",B0.5,"('H', 1, 0.1, 0.0)",2,17.375,0.19724628734629773,4.5
"B0.5|('H', 1, 0.1, 0.05)",B0.5,"('H', 1, 0.1, 0.05)",2,20.9,0.19724628734629773,4.5
"B0.5|('H', 1, 0.2, -0.2)",B0.5,"('H', 1, 0.2, -0.2)",2,7.5,0.2325964149501317,5.5
"B0.5|('H', 1, 0.2, 0.0)",B0.5,"('H', 1, 0.2, 0.0)",2,16.6,0.2325964149501317,5.5
"B0.5|('H', 1, 0.2, 0.1)",B0.5,"('H', 1, 0.2, 0.1)",2,21.625,0.2325964149501317,5.5
"B0.5|('H', 1, 0.3, -0.3)",B0.5,"('H', 1, 0.3, -0.3)",2,5.8,0.24275357997987257,7.0
"B0.5|('H', 1, 0.3, 0.0)",B0.5,"('H', 1, 0.3, 0.0)",2,15.325,0.2444631736498254,7.0
"B0.5|('H', 1, 0.3, 0.15)",B0.5,"('H', 1, 0.3, 0.15)",2,20.45,0.2444631736498254,7.0
"B0.5|('H', 1, 0.4, -0.4)",B0.5,"('H', 1, 0.4, -0.4)",2,4.5,0.28298478301378593,8.0
"B0.5|('H', 1, 0.4, 0.0)",B0.5,"('H', 1, 0.4, 0.0)",2,13.775,0.2876056810045432,8.5
"B0.5|('H', 1, 0.4, 0.2)",B0.5,"('H', 1, 0.4, 0.2)",2,19.125,0.2876056810045432,9.0
"B0.5|('H', 1, 0.5, -0.5)",B0.5,"('H', 1, 0.5, -0.5)",2,3.291666666666667,0.30359550305332217,10.0
"B0.5|('H', 1, 0.5, 0.0)",B0.5,"('H', 1, 0.5, 0.0)",2,11.0,0.3252680109446898,11.5
"B0.5|('H', 1, 0.5, 0.25)",B0.5,"('H', 1, 0.5, 0.25)",2,15.875,0.3252680109446898,11.5
"B0.5|('H', 3, 0.1, -0.1)",B0.5,"('H', 3, 0.1, -0.1)",2,5.55,0.2529694229902727,7.0
"B0.5|('H', 3, 0.1, 0.0)",B0.5,"('H', 3, 0.1, 0.0)",2,11.25,0.2529694229902727,7.0
"B0.5|('H', 3, 0.1, 0.05)",B0.5,"('H', 3, 0.1, 0.05)",2,13.25,0.2529694229902727,7.0
"B0.5|('H', 3, 0.2, -0.2)",B0.5,"('H', 3, 0.2, -0.2)",2,4.2,0.2810068652097176,8.75
"B0.5|('H', 3, 0.2, 0.0)",B0.5,"('H', 3, 0.2, 0.0)",2,10.8,0.28551361993591506,9.0
"B0.5|('H', 3, 0.2, 0.1)",B0.5,"('H', 3, 0.2, 0.1)",2,12.55,0.28762350387828317,9.0
"B0.5|('H', 3, 0.3, -0.3)",B0.5,"('H', 3, 0.3, -0.3)",2,3.414285714285714,0.30695562241622154,10.5
"B0.5|('H', 3, 0.3, 0.0)",B0.5,"('H', 3, 0.3, 0.0)",2,9.5,0.31074480834223495,11.0
"B0.5|('H', 3, 0.3, 0.15)",B0.5,"('H', 3, 0.3, 0.15)",2,11.55,0.3145783118357315,11.25
"B0.5|('H', 3, 0.4, -0.4)",B0.5,"('H', 3, 0.4, -0.4)",2,2.4,0.3573160962741741,13.0
"B0.5|('H', 3, 0.4, 0.0)",B0.5,"('H', 3, 0.4, 0.0)",2,7.675,0.3627411964951508,14.0
"B0.5|('H', 3, 0.4, 0.2)",B0.5,"('H', 3, 0.4, 0.2)",2,9.875,0.3674585066468906,14.0
"B0.5|('H', 3, 0.5, -0.5)",B0.5,"('H', 3, 0.5, -0.5)",2,1.0,0.45776692999550406,17.0
"B0.5|('H', 3, 0.5, 0.0)",B0.5,"('H', 3, 0.5, 0.0)",2,5.5,0.5292600893697224,21.0
"B0.5|('H', 3, 0.5, 0.25)",B0.5,"('H', 3, 0.5, 0.25)",2,7.25,0.5292600893697224,22.5
"B0.5|('H', 5, 0.1, -0.1)",B0.5,"('H', 5, 0.1, -0.1)",2,4.291666666666666,0.27293398363908494,9.0
"B0.5|('H', 5, 0.1, 0.0)",B0.5,"('H', 5, 0.1, 0.0)",2,9.8,0.27746882252870264,9.0
"B0.5|('H', 5, 0.1, 0.05)",B0.5,"('H', 5, 0.1, 0.05)",2,11.325,0.27746882252870264,9.0
"B0.5|('H', 5, 0.2, -0.2)",B0.5,"('H', 5, 0.2, -0.2)",2,3.4,0.3007008388096901,10.25
"B0.5|('H', 5, 0.2, 0.0)",B0.5,"('H', 5, 0.2, 0.0)",2,8.4,0.30462372597127896,11.0
"B0.5|('H', 5, 0.2, 0.1)",B0.5,"('H', 5, 0.2, 0.1)",2,9.625,0.3072258631359309,11.0
"B0.5|('H', 5, 0.3, -0.3)",B0.5,"('H', 5, 0.3, -0.3)",2,2.55,0.3482738831826894,12.5
"B0.5|('H', 5, 0.3, 0.0)",B0.5,"('H', 5, 0.3, 0.0)",2,7.300000000000001,0.3607541587071201,13.5
"B0.5|('H', 5, 0.3, 0.15)",B0.5,"('H', 5, 0.3, 0.15)",2,8.775,0.3625468315298528,13.75
"B0.5|('H', 5, 0.4, -0.4)",B0.5,"('H', 5, 0.4, -0.4)",2,1.6666666666666667,0.40686145748646635,15.5
"B0.5|('H', 5, 0.4, 0.0)",B0.5,"('H', 5, 0.4, 0.0)",2,5.75,0.4444703721581168,17.0
"B0.5|('H', 5, 0.4, 0.2)",B0.5,"('H', 5, 0.4, 0.2)",2,7.225,0.44924255240002886,18.25
"B0.5|('H', 5, 0.5, -0.5)",B0.5,"('H', 5, 0.5, -0.5)",2,0.3333333333333333,0.5,20.0
"B0.5|('H', 5, 0.5, 0.0)",B0.5,"('H', 5, 0.5, 0.0)",2,3.8,0.6725233754367808,27.75
"B0.5|('H', 5, 0.5, 0.25)",B0.5,"('H', 5, 0.5, 0.25)",2,5.0,0.6725233754367808,28.0
"B0.5|('H', 10, 0.1, -0.1)",B0.5,"('H', 10, 0.1, -0.1)",2,3.0,0.3207023196780263,12.0
"B0.5|('H', 10, 0.1, 0.0)",B0.5,"('H', 10, 0.1, 0.0)",2,7.2,0.3236495773995168,12.5
"B0.5|('H', 10, 0.1, 0.05)",B0.5,"('H', 10, 0.1, 0.05)",2,8.0,0.3262186130436082,13.0
"B0.5|('H', 10, 0.2, -0.2)",B0.5,"('H', 10, 0.2, -0.2)",2,2.2,0.3513648465609361,14.0
"B0.5|('H', 10, 0.2, 0.0)",B0.5,"('H', 10, 0.2, 0.0)",2,5.875,0.3743267482913164,15.25
"B0.5|('H', 10, 0.2, 0.1)",B0.5,"('H', 10, 0.2, 0.1)",2,6.675,0.376801623417348,15.5
"B0.5|('H', 10, 0.3, -0.3)",B0.5,"('H', 10, 0.3, -0.3)",2,1.5,0.4210978569724285,18.0
"B0.5|('H', 10, 0.3, 0.0)",B0.5,"('H', 10, 0.3, 0.0)",2,4.55,0.4714899542395899,19.25
"B0.5|('H', 10, 0.3, 0.15)",B0.5,"('H', 10, 0.3, 0.15)",2,5.4,0.47430658371153545,19.5
"B0.5|('H', 10, 0.4, -0.4)",B0.5,"('H', 10, 0.4, -0.4)",2,0.6666666666666666,0.5,24.0
"B0.5|('H', 10, 0.4, 0.0)",B0.5,"('H', 10, 0.4, 0.0)",2,3.5,0.6188143728980692,27.0
"B0.5|('H', 10, 0.4, 0.2)",B0.5,"('H', 10, 0.4, 0.2)",2,4.2,0.6188143728980692,27.25
"B0.5|('H', 10, 0.5, -0.5)",B0.5,"('H', 10, 0.5, -0.5)",2,0.0,0.5,15.25
"B0.5|('H', 10, 0.5, 0.0)",B0.5,"('H', 10, 0.5, 0.0)",2,2.0,0.8181788011944148,35.5
"B0.5|('H', 10, 0.5, 0.25)",B0.5,"('H', 10, 0.5, 0.25)",2,2.6,0.8285585444192438,36.5
"B0.5|('C', 0, 0.0, 0.5)",B0.5,"('C', 0, 0.0, 0.5)",2,6.2,0.24895395738066,6.25
"B0.5|('C', 0, 0.0, 1)",B0.5,"('C', 0, 0.0, 1)",2,4.5,0.27504672620734794,7.75
"B0.5|('C', 0, 0.0, 2)",B0.5,"('C', 0, 0.0, 2)",2,3.225,0.2904412357090246,10.25
"B0.5|('C', 0, 0.0, 4)",B0.5,"('C', 0, 0.0, 4)",2,2.1547619047619047,0.35453900363127255,14.0
"B0.5|('C', 0, 0.0, 8)",B0.5,"('C', 0, 0.0, 8)",2,1.0,0.4601606697652339,22.75
"B0.5|('C', 0, 0.1, 0.5)",B0.5,"('C', 0, 0.1, 0.5)",2,5.0,0.2673756125594535,7.5
"B0.5|('C', 0, 0.1, 1)",B0.5,"('C', 0, 0.1, 1)",2,3.6,0.29824311041243706,9.5
"B0.5|('C', 0, 0.1, 2)",B0.5,"('C', 0, 0.1, 2)",2,2.5,0.3378684777211044,12.0
"B0.5|('C', 0, 0.1, 4)",B0.5,"('C', 0, 0.1, 4)",2,1.5,0.4201767799854651,17.0
"B0.5|('C', 0, 0.1, 8)",B0.5,"('C', 0, 0.1, 8)",2,0.5,0.5,25.0
"B0.5|('C', 0, 0.2, 0.5)",B0.5,"('C', 0, 0.2, 0.5)",2,3.708333333333333,0.3013812949891107,9.0
"B0.5|('C', 0, 0.2, 1)",B0.5,"('C', 0, 0.2, 1)",2,3.0,0.3378742313448878,11.25
"B0.5|('C', 0, 0.2, 2)",B0.5,"('C', 0, 0.2, 2)",2,1.7142857142857142,0.3967871862745168,14.75
"B0.5|('C', 0, 0.2, 4)",B0.5,"('C', 0, 0.2, 4)",2,0.8452380952380952,0.5,22.5
"B0.5|('C', 0, 0.2, 8)",B0.5,"('C', 0, 0.2, 8)",2,0.0,0.5,20.5
"B0.5|('C', 0, 0.3, 0.5)",B0.5,"('C', 0, 0.3, 0.5)",2,3.0,0.33989407962756046,11.0
"B0.5|('C', 0, 0.3, 1)",B0.5,"('C', 0, 0.3, 1)",2,2.0,0.3686277649837329,13.5
"B0.5|('C', 0, 0.3, 2)",B0.5,"('C', 0, 0.3, 2)",2,1.0,0.45580560888023103,20.25
"B0.5|('C', 0, 0.3, 4)",B0.5,"('C', 0, 0.3, 4)",2,0.0,0.5,21.0
"B0.5|('C', 0, 0.3, 8)",B0.5,"('C', 0, 0.3, 8)",2,0.0,0.5,21.75
"B1|('H', 1, 0.1, -0.1)",B1,"('H', 1, 0.1, -0.1)",2,4.0,0.3234978462026364,9.5
"B1|('H', 1, 0.1, 0.0)",B1,"('H', 1, 0.1, 0.0)",2,9.2,0.3252267961786382,9.75
"B1|('H', 1, 0.1, 0.05)",B1,"('H', 1, 0.1, 0.05)",2,12.2,0.3252267961786382,9.75
"B1|('H', 1, 0.2, -0.2)",B1,"('H', 1, 0.2, -0.2)",2,3.0,0.3476077795104661,11.75
"B1|('H', 1, 0.2, 0.0)",B1,"('H', 1, 0.2, 0.0)",2,8.1,0.3476077795104661,12.0
"B1|('H', 1, 0.2, 0.1)",B1,"('H', 1, 0.2, 0.1)",2,11.75,0.35101834383769065,12.0
"B1|('H', 1, 0.3, -0.3)",B1,"('H', 1, 0.3, -0.3)",2,2.225,0.39714354643789285,14.5
"B1|('H', 1, 0.3, 0.0)",B1,"('H', 1, 0.3, 0.0)",2,7.2,0.39844848203586086,14.75
"B1|('H', 1, 0.3, 0.15)",B1,"('H', 1, 0.3, 0.15)",2,10.0,0.39938270847238666,14.75
"B1|('H', 1, 0.4, -0.4)",B1,"('H', 1, 0.4, -0.4)",2,1.5,0.4731185554552465,18.75
"B1|('H', 1, 0.4, 0.0)",B1,"('H', 1, 0.4, 0.0)",2,5.8,0.47769987388124097,18.75
"B1|('H', 1, 0.4, 0.2)",B1,"('H', 1, 0.4, 0.2)",2,9.0,0.4882041648128813,19.75
"B1|('H', 1, 0.5, -0.5)",B1,"('H', 1, 0.5, -0.5)",2,1.0,0.5001651117212127,24.0
"B1|('H', 1, 0.5, 0.0)",B1,"('H', 1, 0.5, 0.0)",2,4.225,0.5767941345061673,24.75
"B1|('H', 1, 0.5, 0.25)",B1,"('H', 1, 0.5, 0.25)",2,7.2,0.5770142113492044,25.0
"B1|('H', 3, 0.1, -0.1)",B1,"('H', 3, 0.1, -0.1)",2,2.5357142857142856,0.36178923825475273,12.75
"B1|('H', 3, 0.1, 0.0)",B1,"('H', 3, 0.1, 0.0)",2,5.55,0.36178923825475273,12.75
"B1|('H', 3, 0.1, 0.05)",B1,"('H', 3, 0.1, 0.05)",2,7.0,0.36538907136813803,13.0
"B1|('H', 3, 0.2, -0.2)",B1,"('H', 3, 0.2, -0.2)",2,2.0,0.3824316171523994,15.25
"B1|('H', 3, 0.2, 0.0)",B1,"('H', 3, 0.2, 0.0)",2,5.1,0.39952018205391177,15.5
"B1|('H', 3, 0.2, 0.1)",B1,"('H', 3, 0.2, 0.1)",2,6.266666666666667,0.40113132185841016,16.0
"B1|('H', 3, 0.3, -0.3)",B1,"('H', 3, 0.3, -0.3)",2,1.5,0.4454115524013884,19.0
"B1|('H', 3, 0.3, 0.0)",B1,"('H', 3, 0.3, 0.0)",2,4.5,0.4612420254712196,19.0
"B1|('H', 3, 0.3, 0.15)",B1,"('H', 3, 0.3, 0.15)",2,6.0,0.4661833928190087,19.0
"B1|('H', 3, 0.4, -0.4)",B1,"('H', 3, 0.4, -0.4)",2,1.0,0.5,22.25
"B1|('H', 3, 0.4, 0.0)",B1,"('H', 3, 0.4, 0.0)",2,3.9375,0.5415149414601115,23.5
"B1|('H', 3, 0.4, 0.2)",B1,"('H', 3, 0.4, 0.2)",2,5.0,0.5435828152333737,24.0
"B1|('H', 3, 0.5, -0.5)",B1,"('H', 3, 0.5, -0.5)",2,0.6666666666666666,0.5,26.0
"B1|('H', 3, 0.5, 0.0)",B1,"('H', 3, 0.5, 0.0)",2,3.0,0.6297089388494814,29.0
"B1|('H', 3, 0.5, 0.25)",B1,"('H', 3, 0.5, 0.25)",2,4.0,0.6297089388494814,30.0
"B1|('H', 5, 0.1, -0.1)",B1,"('H', 5, 0.1, -0.1)",2,2.225,0.3811261465807084,15.0
"B1|('H', 5, 0.1, 0.0)",B1,"('H', 5, 0.1, 0.0)",2,5.0,0.3872630268195841,15.0
"B1|('H', 5, 0.1, 0.05)",B1,"('H', 5, 0.1, 0.05)",2,5.666666666666667,0.39225963093060556,15.0
"B1|('H', 5, 0.2, -0.2)",B1,"('H', 5, 0.2, -0.2)",2,1.75,0.42089924621649655,17.5
"B1|('H', 5, 0.2, 0.0)",B1,"('H', 5, 0.2, 0.0)",2,4.4,0.43607467499277935,17.75
"B1|('H', 5, 0.2, 0.1)",B1,"('H', 5, 0.2, 0.1)",2,5.0,0.44360438561197435,18.0
"B1|('H', 5, 0.3, -0.3)",B1,"('H', 5, 0.3, -0.3)",2,1.2361111111111112,0.49213250859903185,21.5
"B1|('H', 5, 0.3, 0.0)",B1,"('H', 5, 0.3, 0.0)",2,3.770833333333333,0.5008143590733315,22.5
"B1|('H', 5, 0.3, 0.15)",B1,"('H', 5, 0.3, 0.15)",2,4.733333333333333,0.5034079239241127,23.0
"B1|('H', 5, 0.4, -0.4)",B1,"('H', 5, 0.4, -0.4)",2,0.95,0.5,25.0
"B1|('H', 5, 0.4, 0.0)",B1,"('H', 5, 0.4, 0.0)",2,3.0,0.5669191594298539,26.5
"B1|('H', 5, 0.4, 0.2)",B1,"('H', 5, 0.4, 0.2)",2,4.0,0.58592261564187,27.0
"B1|('H', 5, 0.5, -0.5)",B1,"('H', 5, 0.5, -0.5)",2,0.5,0.5,25.5
"B1|('H', 5, 0.5, 0.0)",B1,"('H', 5, 0.5, 0.0)",2,2.4642857142857144,0.6835799885661689,31.5
"B1|('H', 5, 0.5, 0.25)",B1,"('H', 5, 0.5, 0.25)",2,3.0,0.6855393110025545,32.0
"B1|('H', 10, 0.1, -0.1)",B1,"('H', 10, 0.1, -0.1)",2,1.6666666666666667,0.4167922244108361,19.0
"B1|('H', 10, 0.1, 0.0)",B1,"('H', 10, 0.1, 0.0)",2,4.0,0.42398986590025006,19.0
"B1|('H', 10, 0.1, 0.05)",B1,"('H', 10, 0.1, 0.05)",2,4.333333333333333,0.42398986590025006,19.5
"B1|('H', 10, 0.2, -0.2)",B1,"('H', 10, 0.2, -0.2)",2,1.2361111111111112,0.4754284456816254,22.75
"B1|('H', 10, 0.2, 0.0)",B1,"('H', 10, 0.2, 0.0)",2,3.3333333333333335,0.4900507846112111,23.0
"B1|('H', 10, 0.2, 0.1)",B1,"('H', 10, 0.2, 0.1)",2,4.0,0.5,23.0
"B1|('H', 10, 0.3, -0.3)",B1,"('H', 10, 0.3, -0.3)",2,1.0,0.5,24.75
"B1|('H', 10, 0.3, 0.0)",B1,"('H', 10, 0.3, 0.0)",2,2.9375,0.5403776165542115,26.75
"B1|('H', 10, 0.3, 0.15)",B1,"('H', 10, 0.3, 0.15)",2,3.225,0.579748589312403,27.0
"B1|('H', 10, 0.4, -0.4)",B1,"('H', 10, 0.4, -0.4)",2,0.5857142857142856,0.5,26.25
"B1|('H', 10, 0.4, 0.0)",B1,"('H', 10, 0.4, 0.0)",2,2.3666666666666667,0.6484070992991786,31.25
"B1|('H', 10, 0.4, 0.2)",B1,"('H', 10, 0.4, 0.2)",2,2.8,0.6699149533691778,32.0
"B1|('H', 10, 0.5, -0.5)",B1,"('H', 10, 0.5, -0.5)",2,0.18333333333333335,0.5,21.0
"B1|('H', 10, 0.5, 0.0)",B1,"('H', 10, 0.5, 0.0)",2,1.7321428571428572,0.723337715434464,36.0
"B1|('H', 10, 0.5, 0.25)",B1,"('H', 10, 0.5, 0.25)",2,2.25,0.7779007347219307,37.0
"B1|('C', 0, 0.0, 0.5)",B1,"('C', 0, 0.0, 0.5)",2,3.0,0.35741699290329354,12.0
"B1|('C', 0, 0.0, 1)",B1,"('C', 0, 0.0, 1)",2,2.3333333333333335,0.3803181737597692,14.0
"B1|('C', 0, 0.0, 2)",B1,"('C', 0, 0.0, 2)",2,1.8166666666666667,0.4020056663778997,17.25
"B1|('C', 0, 0.0, 4)",B1,"('C', 0, 0.0, 4)",2,1.1833333333333333,0.47279642185479925,22.75
"B1|('C', 0, 0.0, 8)",B1,"('C', 0, 0.0, 8)",2,0.8166666666666667,0.5,26.0
"B1|('C', 0, 0.1, 0.5)",B1,"('C', 0, 0.1, 0.5)",2,2.0,0.39466825438054093,14.5
"B1|('C', 0, 0.1, 1)",B1,"('C', 0, 0.1, 1)",2,1.775,0.41137597553537975,17.0
"B1|('C', 0, 0.1, 2)",B1,"('C', 0, 0.1, 2)",2,1.5,0.4364382308991458,21.0
"B1|('C', 0, 0.1, 4)",B1,"('C', 0, 0.1, 4)",2,1.0,0.5,25.0
"B1|('C', 0, 0.1, 8)",B1,"('C', 0, 0.1, 8)",2,0.5,0.5,23.0
"B1|('C', 0, 0.2, 0.5)",B1,"('C', 0, 0.2, 0.5)",2,1.6666666666666667,0.41719430550274256,19.0
"B1|('C', 0, 0.2, 1)",B1,"('C', 0, 0.2, 1)",2,1.3333333333333333,0.46812719914994994,20.75
"B1|('C', 0, 0.2, 2)",B1,"('C', 0, 0.2, 2)",2,1.0,0.5,23.0
"B1|('C', 0, 0.2, 4)",B1,"('C', 0, 0.2, 4)",2,0.6458333333333333,0.5,26.0
"B1|('C', 0, 0.2, 8)",B1,"('C', 0, 0.2, 8)",2,0.125,0.5,20.0
"B1|('C', 0, 0.3, 0.5)",B1,"('C', 0, 0.3, 0.5)",2,1.1714285714285713,0.5,21.5
"B1|('C', 0, 0.3, 1)",B1,"('C', 0, 0.3, 1)",2,1.0,0.5,23.0
"B1|('C', 0, 0.3, 2)",B1,"('C', 0, 0.3, 2)",2,0.6666666666666666,0.5,26.25
"B1|('C', 0, 0.3, 4)",B1,"('C', 0, 0.3, 4)",2,0.25,0.5,20.5
"B1|('C', 0, 0.3, 8)",B1,"('C', 0, 0.3, 8)",2,0.0,0.5,16.0
"B2|('H', 1, 0.1, -0.1)",B2,"('H', 1, 0.1, -0.1)",2,1.0,0.5,18.75
"B2|('H', 1, 0.1, 0.0)",B2,"('H', 1, 0.1, 0.0)",2,2.6333333333333333,0.5,20.0
"B2|('H', 1, 0.1, 0.05)",B2,"('H', 1, 0.1, 0.05)",2,3.5625,0.5,20.0
"B2|('H', 1, 0.2, -0.2)",B2,"('H', 1, 0.2, -0.2)",2,0.5357142857142857,0.5,21.25
"B2|('H', 1, 0.2, 0.0)",B2,"('H', 1, 0.2, 0.0)",2,2.0,0.5082527913181065,25.0
"B2|('H', 1, 0.2, 0.1)",B2,"('H', 1, 0.2, 0.1)",2,2.9,0.5169873615575992,25.0
"B2|('H', 1, 0.3, -0.3)",B2,"('H', 1, 0.3, -0.3)",2,0.3333333333333333,0.5,22.5
"B2|('H', 1, 0.3, 0.0)",B2,"('H', 1, 0.3, 0.0)",2,1.5,0.587604420035809,28.75
"B2|('H', 1, 0.3, 0.15)",B2,"('H', 1, 0.3, 0.15)",2,2.45,0.6024487972332654,28.75
"B2|('H', 1, 0.4, -0.4)",B2,"('H', 1, 0.4, -0.4)",2,0.25,0.5,17.75
"B2|('H', 1, 0.4, 0.0)",B2,"('H', 1, 0.4, 0.0)",2,1.2,0.6524073636766389,32.75
"B2|('H', 1, 0.4, 0.2)",B2,"('H', 1, 0.4, 0.2)",2,2.0,0.661506723545058,32.75
"B2|('H', 1, 0.5, -0.5)",B2,"('H', 1, 0.5, -0.5)",2,0.125,0.5,16.5
"B2|('H', 1, 0.5, 0.0)",B2,"('H', 1, 0.5, 0.0)",2,1.0,0.7243803864402245,33.75
"B2|('H', 1, 0.5, 0.25)",B2,"('H', 1, 0.5, 0.25)",2,1.707142857142857,0.7543014117171736,34.25
"B2|('H', 3, 0.1, -0.1)",B2,"('H', 3, 0.1, -0.1)",2,0.75,0.5,18.5
"B2|('H', 3, 0.1, 0.0)",B2,"('H', 3, 0.1, 0.0)",2,1.9,0.5,22.0
"B2|('H', 3, 0.1, 0.05)",B2,"('H', 3, 0.1, 0.05)",2,2.225,0.5,22.25
"B2|('H', 3, 0.2, -0.2)",B2,"('H', 3, 0.2, -0.2)",2,0.5,0.5,22.0
"B2|('H', 3, 0.2, 0.0)",B2,"('H', 3, 0.2, 0.0)",2,1.5,0.5405187706867449,26.0
"B2|('H', 3, 0.2, 0.1)",B2,"('H', 3, 0.2, 0.1)",2,2.0,0.5506160980103676,26.75
"B2|('H', 3, 0.3, -0.3)",B2,"('H', 3, 0.3, -0.3)",2,0.25,0.5,18.0
"B2|('H', 3, 0.3, 0.0)",B2,"('H', 3, 0.3, 0.0)",2,1.1339285714285714,0.5928977430665979,30.5
"B2|('H', 3, 0.3, 0.15)",B2,"('H', 3, 0.3, 0.15)",2,1.6904761904761905,0.620812252061417,30.75
"B2|('H', 3, 0.4, -0.4)",B2,"('H', 3, 0.4, -0.4)",2,0.17142857142857143,0.5,16.0
"B2|('H', 3, 0.4, 0.0)",B2,"('H', 3, 0.4, 0.0)",2,1.0,0.6600002075135931,32.75
"B2|('H', 3, 0.4, 0.2)",B2,"('H', 3, 0.4, 0.2)",2,1.5,0.6694231838286957,33.5
"B2|('H', 3, 0.5, -0.5)",B2,"('H', 3, 0.5, -0.5)",2,0.0,0.5,16.0
"B2|('H', 3, 0.5, 0.0)",B2,"('H', 3, 0.5, 0.0)",2,1.0,0.7635546442475794,35.0
"B2|('H', 3, 0.5, 0.25)",B2,"('H', 3, 0.5, 0.25)",2,1.3095238095238095,0.7869731224853447,35.25
"B2|('H', 5, 0.1, -0.1)",B2,"('H', 5, 0.1, -0.1)",2,0.6,0.5,21.0
"B2|('H', 5, 0.1, 0.0)",B2,"('H', 5, 0.1, 0.0)",2,1.5,0.5,22.75
"B2|('H', 5, 0.1, 0.05)",B2,"('H', 5, 0.1, 0.05)",2,2.0,0.5,23.5
"B2|('H', 5, 0.2, -0.2)",B2,"('H', 5, 0.2, -0.2)",2,0.4,0.5,19.0
"B2|('H', 5, 0.2, 0.0)",B2,"('H', 5, 0.2, 0.0)",2,1.3333333333333333,0.5286202264071167,27.0
"B2|('H', 5, 0.2, 0.1)",B2,"('H', 5, 0.2, 0.1)",2,1.6333333333333333,0.5656950089152954,28.5
"B2|('H', 5, 0.3, -0.3)",B2,"('H', 5, 0.3, -0.3)",2,0.25,0.5,17.0
"B2|('H', 5, 0.3, 0.0)",B2,"('H', 5, 0.3, 0.0)",2,1.0,0.5946794845569251,29.25
"B2|('H', 5, 0.3, 0.15)",B2,"('H', 5, 0.3, 0.15)",2,1.4285714285714286,0.6299209901526481,31.75
"B2|('H', 5, 0.4, -0.4)",B2,"('H', 5, 0.4, -0.4)",2,0.125,0.5,15.25
"B2|('H', 5, 0.4, 0.0)",B2,"('H', 5, 0.4, 0.0)",2,1.0,0.6665183173722948,30.0
"B2|('H', 5, 0.4, 0.2)",B2,"('H', 5, 0.4, 0.2)",2,1.2678571428571428,0.675050971609491,33.5
"B2|('H', 5, 0.5, -0.5)",B2,"('H', 5, 0.5, -0.5)",2,0.0,0.5,16.0
"B2|('H', 5, 0.5, 0.0)",B2,"('H', 5, 0.5, 0.0)",2,0.75,0.7450012224454989,34.25
"B2|('H', 5, 0.5, 0.25)",B2,"('H', 5, 0.5, 0.25)",2,1.1428571428571428,0.8202982383315094,37.0
"B2|('H', 10, 0.1, -0.1)",B2,"('H', 10, 0.1, -0.1)",2,0.5,0.5,19.0
"B2|('H', 10, 0.1, 0.0)",B2,"('H', 10, 0.1, 0.0)",2,1.2,0.5,23.5
"B2|('H', 10, 0.1, 0.05)",B2,"('H', 10, 0.1, 0.05)",2,1.4642857142857144,0.5,26.0
"B2|('H', 10, 0.2, -0.2)",B2,"('H', 10, 0.2, -0.2)",2,0.3333333333333333,0.5,16.25
"B2|('H', 10, 0.2, 0.0)",B2,"('H', 10, 0.2, 0.0)",2,1.0,0.5,25.5
"B2|('H', 10, 0.2, 0.1)",B2,"('H', 10, 0.2, 0.1)",2,1.3333333333333333,0.5735689264058434,29.0
"B2|('H', 10, 0.3, -0.3)",B2,"('H', 10, 0.3, -0.3)",2,0.15476190476190477,0.5,15.75
"B2|('H', 10, 0.3, 0.0)",B2,"('H', 10, 0.3, 0.0)",2,1.0,0.5,27.5
"B2|('H', 10, 0.3, 0.15)",B2,"('H', 10, 0.3, 0.15)",2,1.1339285714285714,0.6366016714108502,31.5
"B2|('H', 10, 0.4, -0.4)",B2,"('H', 10, 0.4, -0.4)",2,0.0,0.5,15.75
"B2|('H', 10, 0.4, 0.0)",B2,"('H', 10, 0.4, 0.0)",2,0.775,0.6415146940226998,29.0
"B2|('H', 10, 0.4, 0.2)",B2,"('H', 10, 0.4, 0.2)",2,1.0,0.7486998375592724,35.0
"B2|('H', 10, 0.5, -0.5)",B2,"('H', 10, 0.5, -0.5)",2,0.0,0.5,15.5
"B2|('H', 10, 0.5, 0.0)",B2,"('H', 10, 0.5, 0.0)",2,0.6,0.7613050494560833,31.75
"B2|('H', 10, 0.5, 0.25)",B2,"('H', 10, 0.5, 0.25)",2,1.0,0.8815063404086801,39.0
"B2|('C', 0, 0.0, 0.5)",B2,"('C', 0, 0.0, 0.5)",2,0.875,0.5,18.5
"B2|('C', 0, 0.0, 1)",B2,"('C', 0, 0.0, 1)",2,0.6666666666666666,0.5,20.5
"B2|('C', 0, 0.0, 2)",B2,"('C', 0, 0.0, 2)",2,0.5,0.5,19.0
"B2|('C', 0, 0.0, 4)",B2,"('C', 0, 0.0, 4)",2,0.4,0.5,17.0
"B2|('C', 0, 0.0, 8)",B2,"('C', 0, 0.0, 8)",2,0.25,0.5,16.0
"B2|('C', 0, 0.1, 0.5)",B2,"('C', 0, 0.1, 0.5)",2,0.5357142857142857,0.5,21.25
"B2|('C', 0, 0.1, 1)",B2,"('C', 0, 0.1, 1)",2,0.5,0.5,18.75
"B2|('C', 0, 0.1, 2)",B2,"('C', 0, 0.1, 2)",2,0.3333333333333333,0.5,16.25
"B2|('C', 0, 0.1, 4)",B2,"('C', 0, 0.1, 4)",2,0.25,0.5,16.25
"B2|('C', 0, 0.1, 8)",B2,"('C', 0, 0.1, 8)",2,0.125,0.5,14.75
"B2|('C', 0, 0.2, 0.5)",B2,"('C', 0, 0.2, 0.5)",2,0.3333333333333333,0.5,18.25
"B2|('C', 0, 0.2, 1)",B2,"('C', 0, 0.2, 1)",2,0.2857142857142857,0.5,16.0
"B2|('C', 0, 0.2, 2)",B2,"('C', 0, 0.2, 2)",2,0.25,0.5,17.5
"B2|('C', 0, 0.2, 4)",B2,"('C', 0, 0.2, 4)",2,0.125,0.5,15.75
"B2|('C', 0, 0.2, 8)",B2,"('C', 0, 0.2, 8)",2,0.0,0.5,14.25
"B2|('C', 0, 0.3, 0.5)",B2,"('C', 0, 0.3, 0.5)",2,0.225,0.5,16.0
"B2|('C', 0, 0.3, 1)",B2,"('C', 0, 0.3, 1)",2,0.15476190476190477,0.5,15.25
"B2|('C', 0, 0.3, 2)",B2,"('C', 0, 0.3, 2)",2,0.0,0.5,15.75
"B2|('C', 0, 0.3, 4)",B2,"('C', 0, 0.3, 4)",2,0.0,0.5,14.25
"B2|('C', 0, 0.3, 8)",B2,"('C', 0, 0.3, 8)",2,0.0,0.5,14.25
"B1w|('H', 1, 0.1, -0.1)",B1w,"('H', 1, 0.1, -0.1)",2,6.6,0.24305955596983841,5.5
"B1w|('H', 1, 0.1, 0.0)",B1w,"('H', 1, 0.1, 0.0)",2,13.416666666666668,0.24479359610271345,6.0
"B1w|('H', 1, 0.1, 0.05)",B1w,"('H', 1, 0.1, 0.05)",2,17.208333333333336,0.24479359610271345,6.0
"B1w|('H', 1, 0.2, -0.2)",B1w,"('H', 1, 0.2, -0.2)",2,4.333333333333333,0.30149486193821334,8.0
"B1w|('H', 1, 0.2, 0.0)",B1w,"('H', 1, 0.2, 0.0)",2,12.0,0.3049724016302527,8.0
"B1w|('H', 1, 0.2, 0.1)",B1w,"('H', 1, 0.2, 0.1)",2,16.45,0.3049724016302527,8.25
"B1w|('H', 1, 0.3, -0.3)",B1w,"('H', 1, 0.3, -0.3)",2,3.0,0.3277482659884288,10.0
"B1w|('H', 1, 0.3, 0.0)",B1w,"('H', 1, 0.3, 0.0)",2,9.75,0.34612150153839216,11.0
"B1w|('H', 1, 0.3, 0.15)",B1w,"('H', 1, 0.3, 0.15)",2,14.125,0.34612150153839216,11.5
"B1w|('H', 1, 0.4, -0.4)",B1w,"('H', 1, 0.4, -0.4)",2,0.75,0.4831724071906959,14.75
"B1w|('H', 1, 0.4, 0.0)",B1w,"('H', 1, 0.4, 0.0)",2,6.2,0.5,16.0
"B1w|('H', 1, 0.4, 0.2)",B1w,"('H', 1, 0.4, 0.2)",2,9.708333333333332,0.5,16.75
"B1w|('H', 1, 0.5, -0.5)",B1w,"('H', 1, 0.5, -0.5)",2,0.0,0.5,12.5
"B1w|('H', 1, 0.5, 0.0)",B1w,"('H', 1, 0.5, 0.0)",2,4.291666666666666,0.6440532281510445,25.25
"B1w|('H', 1, 0.5, 0.25)",B1w,"('H', 1, 0.5, 0.25)",2,7.791666666666666,0.6482548504035989,25.75
"B1w|('H', 3, 0.1, -0.1)",B1w,"('H', 3, 0.1, -0.1)",2,3.708333333333333,0.2998340600651992,8.75
"B1w|('H', 3, 0.1, 0.0)",B1w,"('H', 3, 0.1, 0.0)",2,9.0,0.30431443987799567,9.0
"B1w|('H', 3, 0.1, 0.05)",B1w,"('H', 3, 0.1, 0.05)",2,10.325,0.30431443987799567,9.0
"B1w|('H', 3, 0.2, -0.2)",B1w,"('H', 3, 0.2, -0.2)",2,2.6125,0.34609972336452866,10.5
"B1w|('H', 3, 0.2, 0.0)",B1w,"('H', 3, 0.2, 0.0)",2,7.45,0.35170793051925775,11.75
"B1w|('H', 3, 0.2, 0.1)",B1w,"('H', 3, 0.2, 0.1)",2,9.1,0.35252143592294616,12.0
"B1w|('H', 3, 0.3, -0.3)",B1w,"('H', 3, 0.3, -0.3)",2,1.7142857142857142,0.4200467126644348,13.5
"B1w|('H', 3, 0.3, 0.0)",B1w,"('H', 3, 0.3, 0.0)",2,5.875,0.42905977244519466,15.25
"B1w|('H', 3, 0.3, 0.15)",B1w,"('H', 3, 0.3, 0.15)",2,7.625,0.42905977244519466,16.0
"B1w|('H', 3, 0.4, -0.4)",B1w,"('H', 3, 0.4, -0.4)",2,0.0,0.5,12.5
"B1w|('H', 3, 0.4, 0.0)",B1w,"('H', 3, 0.4, 0.0)",2,3.5,0.6560524168232896,23.0
"B1w|('H', 3, 0.4, 0.2)",B1w,"('H', 3, 0.4, 0.2)",2,5.325,0.6595344035352195,24.0
"B1w|('H', 3, 0.5, -0.5)",B1w,"('H', 3, 0.5, -0.5)",2,0.0,0.5,12.5
"B1w|('H', 3, 0.5, 0.0)",B1w,"('H', 3, 0.5, 0.0)",2,3.0,0.7398986817814475,27.0
"B1w|('H', 3, 0.5, 0.25)",B1w,"('H', 3, 0.5, 0.25)",2,4.5,0.7398986817814475,28.0
"B1w|('H', 5, 0.1, -0.1)",B1w,"('H', 5, 0.1, -0.1)",2,3.0,0.32111864813233976,9.75
"B1w|('H', 5, 0.1, 0.0)",B1w,"('H', 5, 0.1, 0.0)",2,7.225,0.33274043857238955,10.5
"B1w|('H', 5, 0.1, 0.05)",B1w,"('H', 5, 0.1, 0.05)",2,8.5,0.33274043857238955,10.5
"B1w|('H', 5, 0.2, -0.2)",B1w,"('H', 5, 0.2, -0.2)",2,2.0,0.36568547642275273,12.5
"B1w|('H', 5, 0.2, 0.0)",B1w,"('H', 5, 0.2, 0.0)",2,6.0,0.38224760116288825,13.25
"B1w|('H', 5, 0.2, 0.1)",B1w,"('H', 5, 0.2, 0.1)",2,7.171428571428572,0.38224760116288825,14.0
"B1w|('H', 5, 0.3, -0.3)",B1w,"('H', 5, 0.3, -0.3)",2,1.0,0.45141568380175134,17.5
"B1w|('H', 5, 0.3, 0.0)",B1w,"('H', 5, 0.3, 0.0)",2,4.366666666666667,0.5,19.0
"B1w|('H', 5, 0.3, 0.15)",B1w,"('H', 5, 0.3, 0.15)",2,5.775,0.5,20.0
"B1w|('H', 5, 0.4, -0.4)",B1w,"('H', 5, 0.4, -0.4)",2,0.0,0.5,12.0
"B1w|('H', 5, 0.4, 0.0)",B1w,"('H', 5, 0.4, 0.0)",2,2.75,0.692020954264106,25.0
"B1w|('H', 5, 0.4, 0.2)",B1w,"('H', 5, 0.4, 0.2)",2,4.0,0.7128202348964234,26.0
"B1w|('H', 5, 0.5, -0.5)",B1w,"('H', 5, 0.5, -0.5)",2,0.0,0.5,12.5
"B1w|('H', 5, 0.5, 0.0)",B1w,"('H', 5, 0.5, 0.0)",2,2.2666666666666666,0.7774610610578496,30.5
"B1w|('H', 5, 0.5, 0.25)",B1w,"('H', 5, 0.5, 0.25)",2,3.6333333333333333,0.7802348171565705,32.25
"B1w|('H', 10, 0.1, -0.1)",B1w,"('H', 10, 0.1, -0.1)",2,2.0,0.36012108678578314,13.0
"B1w|('H', 10, 0.1, 0.0)",B1w,"('H', 10, 0.1, 0.0)",2,5.171428571428572,0.3678346607061237,13.0
"B1w|('H', 10, 0.1, 0.05)",B1w,"('H', 10, 0.1, 0.05)",2,6.0,0.38588181406723476,13.25
"B1w|('H', 10, 0.2, -0.2)",B1w,"('H', 10, 0.2, -0.2)",2,1.2,0.4411274476346233,18.0
"B1w|('H', 10, 0.2, 0.0)",B1w,"('H', 10, 0.2, 0.0)",2,4.0,0.4888484998234599,19.25
"B1w|('H', 10, 0.2, 0.1)",B1w,"('H', 10, 0.2, 0.1)",2,4.708333333333334,0.49958509544883123,19.5
"B1w|('H', 10, 0.3, -0.3)",B1w,"('H', 10, 0.3, -0.3)",2,0.2361111111111111,0.5,20.0
"B1w|('H', 10, 0.3, 0.0)",B1w,"('H', 10, 0.3, 0.0)",2,2.7333333333333334,0.6253079148845444,24.25
"B1w|('H', 10, 0.3, 0.15)",B1w,"('H', 10, 0.3, 0.15)",2,3.45,0.6412627201997272,25.0
"B1w|('H', 10, 0.4, -0.4)",B1w,"('H', 10, 0.4, -0.4)",2,0.0,0.5,12.5
"B1w|('H', 10, 0.4, 0.0)",B1w,"('H', 10, 0.4, 0.0)",2,2.0,0.7131746435057791,30.0
"B1w|('H', 10, 0.4, 0.2)",B1w,"('H', 10, 0.4, 0.2)",2,2.6333333333333333,0.7469681242219144,31.25
"B1w|('H', 10, 0.5, -0.5)",B1w,"('H', 10, 0.5, -0.5)",2,0.0,0.5,13.5
"B1w|('H', 10, 0.5, 0.0)",B1w,"('H', 10, 0.5, 0.0)",2,1.5,0.8642907629854907,37.0
"B1w|('H', 10, 0.5, 0.25)",B1w,"('H', 10, 0.5, 0.25)",2,2.1833333333333336,0.8682782226381289,38.5
"B1w|('C', 0, 0.0, 0.5)",B1w,"('C', 0, 0.0, 0.5)",2,4.2,0.2944986863823318,8.0
"B1w|('C', 0, 0.0, 1)",B1w,"('C', 0, 0.0, 1)",2,3.0,0.3181501821544444,10.0
"B1w|('C', 0, 0.0, 2)",B1w,"('C', 0, 0.0, 2)",2,2.1547619047619047,0.35493814140043767,13.0
"B1w|('C', 0, 0.0, 4)",B1w,"('C', 0, 0.0, 4)",2,1.1428571428571428,0.4144768748346143,17.25
"B1w|('C', 0, 0.0, 8)",B1w,"('C', 0, 0.0, 8)",2,0.35416666666666663,0.5,20.0
"B1w|('C', 0, 0.1, 0.5)",B1w,"('C', 0, 0.1, 0.5)",2,3.0,0.3229763681043275,9.75
"B1w|('C', 0, 0.1, 1)",B1w,"('C', 0, 0.1, 1)",2,2.0625,0.37320859417981234,11.75
"B1w|('C', 0, 0.1, 2)",B1w,"('C', 0, 0.1, 2)",2,1.3333333333333333,0.4499773842539457,17.25
"B1w|('C', 0, 0.1, 4)",B1w,"('C', 0, 0.1, 4)",2,0.5,0.5,20.0
"B1w|('C', 0, 0.1, 8)",B1w,"('C', 0, 0.1, 8)",2,0.0,0.5,14.75
"B1w|('C', 0, 0.2, 0.5)",B1w,"('C', 0, 0.2, 0.5)",2,2.0,0.4003773125451162,12.0
"B1w|('C', 0, 0.2, 1)",B1w,"('C', 0, 0.2, 1)",2,1.2,0.4276147588947917,17.0
"B1w|('C', 0, 0.2, 2)",B1w,"('C', 0, 0.2, 2)",2,0.41428571428571426,0.5,16.25
"B1w|('C', 0, 0.2, 4)",B1w,"('C', 0, 0.2, 4)",2,0.0,0.5,14.0
"B1w|('C', 0, 0.2, 8)",B1w,"('C', 0, 0.2, 8)",2,0.0,0.5,13.25
"B1w|('C', 0, 0.3, 0.5)",B1w,"('C', 0, 0.3, 0.5)",2,0.6666666666666666,0.5,15.0
"B1w|('C', 0, 0.3, 1)",B1w,"('C', 0, 0.3, 1)",2,0.0,0.5,14.0
"B1w|('C', 0, 0.3, 2)",B1w,"('C', 0, 0.3, 2)",2,0.0,0.5,12.5
"B1w|('C', 0, 0.3, 4)",B1w,"('C', 0, 0.3, 4)",2,0.0,0.5,13.5
"B1w|('C', 0, 0.3, 8)",B1w,"('C', 0, 0.3, 8)",2,0.0,0.5,16.75
"T1|('H', 1, 0.1, -0.1)",T1,"('H', 1, 0.1, -0.1)",2,4.155555555555555,0.32716602717203724,11.0
"T1|('H', 1, 0.1, 0.0)",T1,"('H', 1, 0.1, 0.0)",2,8.916666666666668,0.32716602717203724,11.0
"T1|('H', 1, 0.1, 0.05)",T1,"('H', 1, 0.1, 0.05)",2,11.5,0.329853126865155,11.0
"T1|('H', 1, 0.2, -0.2)",T1,"('H', 1, 0.2, -0.2)",2,3.0,0.3557682666614379,12.25
"T1|('H', 1, 0.2, 0.0)",T1,"('H', 1, 0.2, 0.0)",2,8.0,0.3557682666614379,12.75
"T1|('H', 1, 0.2, 0.1)",T1,"('H', 1, 0.2, 0.1)",2,10.9,0.36558343633343615,12.75
"T1|('H', 1, 0.3, -0.3)",T1,"('H', 1, 0.3, -0.3)",2,2.291666666666667,0.39699714533508224,14.5
"T1|('H', 1, 0.3, 0.0)",T1,"('H', 1, 0.3, 0.0)",2,6.8,0.39915940929600585,14.5
"T1|('H', 1, 0.3, 0.15)",T1,"('H', 1, 0.3, 0.15)",2,9.75,0.40063363152073067,14.5
"T1|('H', 1, 0.4, -0.4)",T1,"('H', 1, 0.4, -0.4)",2,1.6,0.46672173641799536,18.5
"T1|('H', 1, 0.4, 0.0)",T1,"('H', 1, 0.4, 0.0)",2,5.666666666666667,0.46672173641799536,18.75
"T1|('H', 1, 0.4, 0.2)",T1,"('H', 1, 0.4, 0.2)",2,9.0,0.47924288738815835,18.75
"T1|('H', 1, 0.5, -0.5)",T1,"('H', 1, 0.5, -0.5)",2,1.0714285714285714,0.5001651117212127,22.25
"T1|('H', 1, 0.5, 0.0)",T1,"('H', 1, 0.5, 0.0)",2,4.619047619047619,0.5194684292511338,23.0
"T1|('H', 1, 0.5, 0.25)",T1,"('H', 1, 0.5, 0.25)",2,7.666666666666667,0.5234200032261285,23.0
"T1|('H', 3, 0.1, -0.1)",T1,"('H', 3, 0.1, -0.1)",2,2.75,0.3744096909106413,13.0
"T1|('H', 3, 0.1, 0.0)",T1,"('H', 3, 0.1, 0.0)",2,5.708333333333334,0.3744096909106413,13.0
"T1|('H', 3, 0.1, 0.05)",T1,"('H', 3, 0.1, 0.05)",2,6.8,0.3744096909106413,13.0
"T1|('H', 3, 0.2, -0.2)",T1,"('H', 3, 0.2, -0.2)",2,2.0,0.3954594212872583,16.0
"T1|('H', 3, 0.2, 0.0)",T1,"('H', 3, 0.2, 0.0)",2,5.0,0.4040924298803593,16.25
"T1|('H', 3, 0.2, 0.1)",T1,"('H', 3, 0.2, 0.1)",2,6.300000000000001,0.4040924298803593,16.75
"T1|('H', 3, 0.3, -0.3)",T1,"('H', 3, 0.3, -0.3)",2,1.6,0.44556553586253067,19.25
"T1|('H', 3, 0.3, 0.0)",T1,"('H', 3, 0.3, 0.0)",2,4.5,0.45708005884640246,19.75
"T1|('H', 3, 0.3, 0.15)",T1,"('H', 3, 0.3, 0.15)",2,5.916666666666666,0.45708005884640246,19.75
"T1|('H', 3, 0.4, -0.4)",T1,"('H', 3, 0.4, -0.4)",2,1.0,0.5117136050377353,22.25
"T1|('H', 3, 0.4, 0.0)",T1,"('H', 3, 0.4, 0.0)",2,3.9375,0.5291706737130362,23.0
"T1|('H', 3, 0.4, 0.2)",T1,"('H', 3, 0.4, 0.2)",2,5.0,0.5369126315302046,23.0
"T1|('H', 3, 0.5, -0.5)",T1,"('H', 3, 0.5, -0.5)",2,0.8,0.5213248503679363,26.5
"T1|('H', 3, 0.5, 0.0)",T1,"('H', 3, 0.5, 0.0)",2,3.0,0.6066895027466372,28.0
"T1|('H', 3, 0.5, 0.25)",T1,"('H', 3, 0.5, 0.25)",2,4.0,0.6066895027466372,28.25
"T1|('H', 5, 0.1, -0.1)",T1,"('H', 5, 0.1, -0.1)",2,2.0,0.39146259570634967,15.5
"T1|('H', 5, 0.1, 0.0)",T1,"('H', 5, 0.1, 0.0)",2,4.775,0.3930960971816877,15.5
"T1|('H', 5, 0.1, 0.05)",T1,"('H', 5, 0.1, 0.05)",2,5.5,0.3964643926809953,15.5
"T1|('H', 5, 0.2, -0.2)",T1,"('H', 5, 0.2, -0.2)",2,1.6904761904761905,0.43073288635536444,18.75
"T1|('H', 5, 0.2, 0.0)",T1,"('H', 5, 0.2, 0.0)",2,4.5,0.44064912098543835,19.0
"T1|('H', 5, 0.2, 0.1)",T1,"('H', 5, 0.2, 0.1)",2,5.0,0.4444670554956079,19.0
"T1|('H', 5, 0.3, -0.3)",T1,"('H', 5, 0.3, -0.3)",2,1.3333333333333333,0.4596526058342114,21.0
"T1|('H', 5, 0.3, 0.0)",T1,"('H', 5, 0.3, 0.0)",2,3.9375,0.4845735143704438,22.5
"T1|('H', 5, 0.3, 0.15)",T1,"('H', 5, 0.3, 0.15)",2,4.633333333333333,0.4915045579545894,23.0
"T1|('H', 5, 0.4, -0.4)",T1,"('H', 5, 0.4, -0.4)",2,1.0,0.5078016349016526,24.25
"T1|('H', 5, 0.4, 0.0)",T1,"('H', 5, 0.4, 0.0)",2,3.0,0.5592409140572785,26.0
"T1|('H', 5, 0.4, 0.2)",T1,"('H', 5, 0.4, 0.2)",2,4.083333333333334,0.5604716892083985,26.0
"T1|('H', 5, 0.5, -0.5)",T1,"('H', 5, 0.5, -0.5)",2,0.6666666666666666,0.5,26.25
"T1|('H', 5, 0.5, 0.0)",T1,"('H', 5, 0.5, 0.0)",2,2.645833333333333,0.6635817771356616,31.0
"T1|('H', 5, 0.5, 0.25)",T1,"('H', 5, 0.5, 0.25)",2,3.25,0.6685193094774373,31.0
"T1|('H', 10, 0.1, -0.1)",T1,"('H', 10, 0.1, -0.1)",2,1.6666666666666667,0.42361182846082823,19.5
"T1|('H', 10, 0.1, 0.0)",T1,"('H', 10, 0.1, 0.0)",2,4.0,0.4255792813980256,20.0
"T1|('H', 10, 0.1, 0.05)",T1,"('H', 10, 0.1, 0.05)",2,4.0,0.4255792813980256,20.0
"T1|('H', 10, 0.2, -0.2)",T1,"('H', 10, 0.2, -0.2)",2,1.3333333333333333,0.4686554850253074,22.5
"T1|('H', 10, 0.2, 0.0)",T1,"('H', 10, 0.2, 0.0)",2,3.3333333333333335,0.47597257524532743,23.0
"T1|('H', 10, 0.2, 0.1)",T1,"('H', 10, 0.2, 0.1)",2,3.770833333333333,0.4831524084730792,23.5
"T1|('H', 10, 0.3, -0.3)",T1,"('H', 10, 0.3, -0.3)",2,1.0,0.5,25.0
"T1|('H', 10, 0.3, 0.0)",T1,"('H', 10, 0.3, 0.0)",2,3.0,0.532641759143994,26.25
"T1|('H', 10, 0.3, 0.15)",T1,"('H', 10, 0.3, 0.15)",2,3.4017857142857144,0.5615662911632331,26.5
"T1|('H', 10, 0.4, -0.4)",T1,"('H', 10, 0.4, -0.4)",2,0.6666666666666666,0.5,26.75
"T1|('H', 10, 0.4, 0.0)",T1,"('H', 10, 0.4, 0.0)",2,2.4,0.6126582186227306,31.0
"T1|('H', 10, 0.4, 0.2)",T1,"('H', 10, 0.4, 0.2)",2,3.0,0.64745197797477,31.25
"T1|('H', 10, 0.5, -0.5)",T1,"('H', 10, 0.5, -0.5)",2,0.3333333333333333,0.5,23.75
"T1|('H', 10, 0.5, 0.0)",T1,"('H', 10, 0.5, 0.0)",2,2.0,0.7108038122328879,35.0
"T1|('H', 10, 0.5, 0.25)",T1,"('H', 10, 0.5, 0.25)",2,2.5,0.7308427007384535,36.0
"T1|('C', 0, 0.0, 0.5)",T1,"('C', 0, 0.0, 0.5)",2,3.0,0.36953858622213326,12.5
"T1|('C', 0, 0.0, 1)",T1,"('C', 0, 0.0, 1)",2,2.225,0.3828122860659662,14.5
"T1|('C', 0, 0.0, 2)",T1,"('C', 0, 0.0, 2)",2,1.75,0.41002998516947153,18.0
"T1|('C', 0, 0.0, 4)",T1,"('C', 0, 0.0, 4)",2,1.2678571428571428,0.462529398198135,23.75
"T1|('C', 0, 0.0, 8)",T1,"('C', 0, 0.0, 8)",2,0.8819444444444444,0.5,26.75
"T1|('C', 0, 0.1, 0.5)",T1,"('C', 0, 0.1, 0.5)",2,2.1547619047619047,0.3960128122455907,15.0
"T1|('C', 0, 0.1, 1)",T1,"('C', 0, 0.1, 1)",2,1.7321428571428572,0.41177046394195727,18.25
"T1|('C', 0, 0.1, 2)",T1,"('C', 0, 0.1, 2)",2,1.5,0.4464103686243154,21.25
"T1|('C', 0, 0.1, 4)",T1,"('C', 0, 0.1, 4)",2,1.0,0.5,24.5
"T1|('C', 0, 0.1, 8)",T1,"('C', 0, 0.1, 8)",2,0.5,0.5,26.25
"T1|('C', 0, 0.2, 0.5)",T1,"('C', 0, 0.2, 0.5)",2,1.6458333333333335,0.4187861918583029,18.75
"T1|('C', 0, 0.2, 1)",T1,"('C', 0, 0.2, 1)",2,1.4017857142857144,0.4652712711786898,21.0
"T1|('C', 0, 0.2, 2)",T1,"('C', 0, 0.2, 2)",2,1.0,0.5,23.0
"T1|('C', 0, 0.2, 4)",T1,"('C', 0, 0.2, 4)",2,0.7142857142857143,0.5,26.75
"T1|('C', 0, 0.2, 8)",T1,"('C', 0, 0.2, 8)",2,0.3333333333333333,0.5,22.25
"T1|('C', 0, 0.3, 0.5)",T1,"('C', 0, 0.3, 0.5)",2,1.25,0.4932876981158783,21.0
"T1|('C', 0, 0.3, 1)",T1,"('C', 0, 0.3, 1)",2,1.0,0.5073030981178717,23.25
"T1|('C', 0, 0.3, 2)",T1,"('C', 0, 0.3, 2)",2,0.75,0.5,25.5
"T1|('C', 0, 0.3, 4)",T1,"('C', 0, 0.3, 4)",2,0.41428571428571426,0.5,22.75
"T1|('C', 0, 0.3, 8)",T1,"('C', 0, 0.3, 8)",2,0.0,0.5,17.0
"TS|('H', 1, 0.1, -0.1)",TS,"('H', 1, 0.1, -0.1)",2,2.3333333333333335,0.0654008134066866,2.5
"TS|('H', 1, 0.1, 0.0)",TS,"('H', 1, 0.1, 0.0)",2,9.476190476190476,0.21938630115602425,7.75
"TS|('H', 1, 0.1, 0.05)",TS,"('H', 1, 0.1, 0.05)",2,11.5,0.2391249173791553,9.75
"TS|('H', 1, 0.2, -0.2)",TS,"('H', 1, 0.2, -0.2)",2,0.0,0.5,8.0
"TS|('H', 1, 0.2, 0.0)",TS,"('H', 1, 0.2, 0.0)",2,5.5,0.5293008374852428,26.5
"TS|('H', 1, 0.2, 0.1)",TS,"('H', 1, 0.2, 0.1)",2,6.45,0.5991937611679776,29.5
"TS|('H', 1, 0.3, -0.3)",TS,"('H', 1, 0.3, -0.3)",2,0.0,0.5,11.75
"TS|('H', 1, 0.3, 0.0)",TS,"('H', 1, 0.3, 0.0)",2,1.2916666666666665,1.0,47.0
"TS|('H', 1, 0.3, 0.15)",TS,"('H', 1, 0.3, 0.15)",2,1.775,1.0,52.0
"TS|('H', 1, 0.4, -0.4)",TS,"('H', 1, 0.4, -0.4)",2,0.0,0.5,12.5
"TS|('H', 1, 0.4, 0.0)",TS,"('H', 1, 0.4, 0.0)",2,0.25,1.0,60.0
"TS|('H', 1, 0.4, 0.2)",TS,"('H', 1, 0.4, 0.2)",2,0.5,1.0,67.5
"TS|('H', 1, 0.5, -0.5)",TS,"('H', 1, 0.5, -0.5)",2,0.0,0.5,13.25
"TS|('H', 1, 0.5, 0.0)",TS,"('H', 1, 0.5, 0.0)",2,0.0,1.0,66.5
"TS|('H', 1, 0.5, 0.25)",TS,"('H', 1, 0.5, 0.25)",2,0.0,1.0,87.5
"TS|('H', 3, 0.1, -0.1)",TS,"('H', 3, 0.1, -0.1)",2,1.0,0.20626262672375537,6.25
"TS|('H', 3, 0.1, 0.0)",TS,"('H', 3, 0.1, 0.0)",2,5.154761904761905,0.4866804543343015,13.0
"TS|('H', 3, 0.1, 0.05)",TS,"('H', 3, 0.1, 0.05)",2,6.8,0.5,14.0
"TS|('H', 3, 0.2, -0.2)",TS,"('H', 3, 0.2, -0.2)",2,0.0,0.5,10.25
"TS|('H', 3, 0.2, 0.0)",TS,"('H', 3, 0.2, 0.0)",2,2.071428571428571,0.6319508049098463,28.75
"TS|('H', 3, 0.2, 0.1)",TS,"('H', 3, 0.2, 0.1)",2,2.775,0.7787488735273598,33.0
"TS|('H', 3, 0.3, -0.3)",TS,"('H', 3, 0.3, -0.3)",2,0.0,0.5,12.0
"TS|('H', 3, 0.3, 0.0)",TS,"('H', 3, 0.3, 0.0)",2,0.7083333333333333,1.0,44.25
"TS|('H', 3, 0.3, 0.15)",TS,"('H', 3, 0.3, 0.15)",2,0.75,1.0,52.5
"TS|('H', 3, 0.4, -0.4)",TS,"('H', 3, 0.4, -0.4)",2,0.0,0.5,12.5
"TS|('H', 3, 0.4, 0.0)",TS,"('H', 3, 0.4, 0.0)",2,0.3333333333333333,1.0,49.5
"TS|('H', 3, 0.4, 0.2)",TS,"('H', 3, 0.4, 0.2)",2,0.16666666666666666,1.0,76.5
"TS|('H', 3, 0.5, -0.5)",TS,"('H', 3, 0.5, -0.5)",2,0.0,0.5,13.25
"TS|('H', 3, 0.5, 0.0)",TS,"('H', 3, 0.5, 0.0)",2,0.25,1.0,53.75
"TS|('H', 3, 0.5, 0.25)",TS,"('H', 3, 0.5, 0.25)",2,0.0,1.0,89.75
"TS|('H', 5, 0.1, -0.1)",TS,"('H', 5, 0.1, -0.1)",2,0.6125,0.2281782401626948,6.25
"TS|('H', 5, 0.1, 0.0)",TS,"('H', 5, 0.1, 0.0)",2,3.3666666666666667,0.467757394948502,13.0
"TS|('H', 5, 0.1, 0.05)",TS,"('H', 5, 0.1, 0.05)",2,4.5,0.5,14.75
"TS|('H', 5, 0.2, -0.2)",TS,"('H', 5, 0.2, -0.2)",2,0.0,0.5,11.75
"TS|('H', 5, 0.2, 0.0)",TS,"('H', 5, 0.2, 0.0)",2,1.5714285714285714,0.7340327803376648,31.5
"TS|('H', 5, 0.2, 0.1)",TS,"('H', 5, 0.2, 0.1)",2,2.0,1.0,36.5
"TS|('H', 5, 0.3, -0.3)",TS,"('H', 5, 0.3, -0.3)",2,0.0,0.5,12.5
"TS|('H', 5, 0.3, 0.0)",TS,"('H', 5, 0.3, 0.0)",2,0.55,1.0,44.75
"TS|('H', 5, 0.3, 0.15)",TS,"('H', 5, 0.3, 0.15)",2,0.5,1.0,52.5
"TS|('H', 5, 0.4, -0.4)",TS,"('H', 5, 0.4, -0.4)",2,0.0,0.5,12.5
"TS|('H', 5, 0.4, 0.0)",TS,"('H', 5, 0.4, 0.0)",2,0.25,1.0,49.0
"TS|('H', 5, 0.4, 0.2)",TS,"('H', 5, 0.4, 0.2)",2,0.125,1.0,77.25
"TS|('H', 5, 0.5, -0.5)",TS,"('H', 5, 0.5, -0.5)",2,0.0,0.5,13.25
"TS|('H', 5, 0.5, 0.0)",TS,"('H', 5, 0.5, 0.0)",2,0.25,1.0,52.0
"TS|('H', 5, 0.5, 0.25)",TS,"('H', 5, 0.5, 0.25)",2,0.0,1.0,88.5
"TS|('H', 10, 0.1, -0.1)",TS,"('H', 10, 0.1, -0.1)",2,0.4722222222222222,0.2749433306045658,6.5
"TS|('H', 10, 0.1, 0.0)",TS,"('H', 10, 0.1, 0.0)",2,2.0,0.5,13.0
"TS|('H', 10, 0.1, 0.05)",TS,"('H', 10, 0.1, 0.05)",2,2.6904761904761907,0.5,15.5
"TS|('H', 10, 0.2, -0.2)",TS,"('H', 10, 0.2, -0.2)",2,0.0,0.5,10.75
"TS|('H', 10, 0.2, 0.0)",TS,"('H', 10, 0.2, 0.0)",2,1.0,0.8449658107147829,32.25
"TS|('H', 10, 0.2, 0.1)",TS,"('H', 10, 0.2, 0.1)",2,1.225,1.0,36.0
"TS|('H', 10, 0.3, -0.3)",TS,"('H', 10, 0.3, -0.3)",2,0.0,0.5,12.5
"TS|('H', 10, 0.3, 0.0)",TS,"('H', 10, 0.3, 0.0)",2,0.45,1.0,45.75
"TS|('H', 10, 0.3, 0.15)",TS,"('H', 10, 0.3, 0.15)",2,0.5,1.0,52.75
"TS|('H', 10, 0.4, -0.4)",TS,"('H', 10, 0.4, -0.4)",2,0.0,0.5,12.5
"TS|('H', 10, 0.4, 0.0)",TS,"('H', 10, 0.4, 0.0)",2,0.25,1.0,50.75
"TS|('H', 10, 0.4, 0.2)",TS,"('H', 10, 0.4, 0.2)",2,0.0,1.0,76.5
"TS|('H', 10, 0.5, -0.5)",TS,"('H', 10, 0.5, -0.5)",2,0.0,0.5,14.25
"TS|('H', 10, 0.5, 0.0)",TS,"('H', 10, 0.5, 0.0)",2,0.25,1.0,51.75
"TS|('H', 10, 0.5, 0.25)",TS,"('H', 10, 0.5, 0.25)",2,0.0,1.0,87.5
"TS|('C', 0, 0.0, 0.5)",TS,"('C', 0, 0.0, 0.5)",2,2.0,0.04956887123091824,1.5
"TS|('C', 0, 0.0, 1)",TS,"('C', 0, 0.0, 1)",2,1.0555555555555556,0.12039247571315148,3.0
"TS|('C', 0, 0.0, 2)",TS,"('C', 0, 0.0, 2)",2,0.6666666666666666,0.2699755135509355,6.75
"TS|('C', 0, 0.0, 4)",TS,"('C', 0, 0.0, 4)",2,0.2,0.5,9.5
"TS|('C', 0, 0.0, 8)",TS,"('C', 0, 0.0, 8)",2,0.0,0.5,12.0
"TS|('C', 0, 0.1, 0.5)",TS,"('C', 0, 0.1, 0.5)",2,0.35416666666666663,0.4510689072497196,7.0
"TS|('C', 0, 0.1, 1)",TS,"('C', 0, 0.1, 1)",2,0.0,0.5,9.5
"TS|('C', 0, 0.1, 2)",TS,"('C', 0, 0.1, 2)",2,0.0,0.5,11.75
"TS|('C', 0, 0.1, 4)",TS,"('C', 0, 0.1, 4)",2,0.0,0.5,12.25
"TS|('C', 0, 0.1, 8)",TS,"('C', 0, 0.1, 8)",2,0.0,0.5,12.5
"TS|('C', 0, 0.2, 0.5)",TS,"('C', 0, 0.2, 0.5)",2,0.0,0.5,10.75
"TS|('C', 0, 0.2, 1)",TS,"('C', 0, 0.2, 1)",2,0.0,0.5,12.25
"TS|('C', 0, 0.2, 2)",TS,"('C', 0, 0.2, 2)",2,0.0,0.5,12.5
"TS|('C', 0, 0.2, 4)",TS,"('C', 0, 0.2, 4)",2,0.0,0.5,12.5
"TS|('C', 0, 0.2, 8)",TS,"('C', 0, 0.2, 8)",2,0.0,0.5,13.25
"TS|('C', 0, 0.3, 0.5)",TS,"('C', 0, 0.3, 0.5)",2,0.0,0.5,12.5
"TS|('C', 0, 0.3, 1)",TS,"('C', 0, 0.3, 1)",2,0.0,0.5,12.5
"TS|('C', 0, 0.3, 2)",TS,"('C', 0, 0.3, 2)",2,0.0,0.5,12.5
"TS|('C', 0, 0.3, 4)",TS,"('C', 0, 0.3, 4)",2,0.0,0.5,13.25
"TS|('C', 0, 0.3, 8)",TS,"('C', 0, 0.3, 8)",2,0.0,0.5,14.75
"RV|('H', 1, 0.1, -0.1)",RV,"('H', 1, 0.1, -0.1)",2,7.083333333333334,0.28677451587884556,9.0
"RV|('H', 1, 0.1, 0.0)",RV,"('H', 1, 0.1, 0.0)",2,11.1,0.29038901702059633,9.0
"RV|('H', 1, 0.1, 0.05)",RV,"('H', 1, 0.1, 0.05)",2,12.9,0.29038901702059633,9.0
"RV|('H', 1, 0.2, -0.2)",RV,"('H', 1, 0.2, -0.2)",2,5.45,0.30309703391139353,9.5
"RV|('H', 1, 0.2, 0.0)",RV,"('H', 1, 0.2, 0.0)",2,11.416666666666668,0.30414949095453436,9.5
"RV|('H', 1, 0.2, 0.1)",RV,"('H', 1, 0.2, 0.1)",2,14.1,0.30414949095453436,9.75
"RV|('H', 1, 0.3, -0.3)",RV,"('H', 1, 0.3, -0.3)",2,4.2,0.32922540437323167,11.0
"RV|('H', 1, 0.3, 0.0)",RV,"('H', 1, 0.3, 0.0)",2,10.5,0.3301669049586405,11.0
"RV|('H', 1, 0.3, 0.15)",RV,"('H', 1, 0.3, 0.15)",2,13.5,0.3301669049586405,11.25
"RV|('H', 1, 0.4, -0.4)",RV,"('H', 1, 0.4, -0.4)",2,3.4,0.34742746949758274,12.25
"RV|('H', 1, 0.4, 0.0)",RV,"('H', 1, 0.4, 0.0)",2,9.675,0.3487285193602791,12.5
"RV|('H', 1, 0.4, 0.2)",RV,"('H', 1, 0.4, 0.2)",2,13.366666666666667,0.3497996629220828,13.0
"RV|('H', 1, 0.5, -0.5)",RV,"('H', 1, 0.5, -0.5)",2,2.55,0.3957107026995863,14.0
"RV|('H', 1, 0.5, 0.0)",RV,"('H', 1, 0.5, 0.0)",2,9.0,0.42156370924597575,14.5
"RV|('H', 1, 0.5, 0.25)",RV,"('H', 1, 0.5, 0.25)",2,12.55,0.42246047037021267,15.25
"RV|('H', 3, 0.1, -0.1)",RV,"('H', 3, 0.1, -0.1)",2,4.0,0.33320307577882424,12.0
"RV|('H', 3, 0.1, 0.0)",RV,"('H', 3, 0.1, 0.0)",2,7.366666666666667,0.3357371655296463,12.0
"RV|('H', 3, 0.1, 0.05)",RV,"('H', 3, 0.1, 0.05)",2,8.55,0.3357371655296463,12.0
"RV|('H', 3, 0.2, -0.2)",RV,"('H', 3, 0.2, -0.2)",2,3.0,0.34488529358224107,13.0
"RV|('H', 3, 0.2, 0.0)",RV,"('H', 3, 0.2, 0.0)",2,7.9,0.35511484898439727,13.0
"RV|('H', 3, 0.2, 0.1)",RV,"('H', 3, 0.2, 0.1)",2,9.225,0.3556170620865441,13.0
"RV|('H', 3, 0.3, -0.3)",RV,"('H', 3, 0.3, -0.3)",2,2.5,0.36139576852394983,14.0
"RV|('H', 3, 0.3, 0.0)",RV,"('H', 3, 0.3, 0.0)",2,7.1,0.37784365792129754,14.75
"RV|('H', 3, 0.3, 0.15)",RV,"('H', 3, 0.3, 0.15)",2,8.583333333333332,0.37914136236648033,15.0
"RV|('H', 3, 0.4, -0.4)",RV,"('H', 3, 0.4, -0.4)",2,2.083333333333333,0.4064946733018092,15.0
"RV|('H', 3, 0.4, 0.0)",RV,"('H', 3, 0.4, 0.0)",2,6.45,0.4235788474773149,16.0
"RV|('H', 3, 0.4, 0.2)",RV,"('H', 3, 0.4, 0.2)",2,7.633333333333333,0.43057475277626645,17.0
"RV|('H', 3, 0.5, -0.5)",RV,"('H', 3, 0.5, -0.5)",2,1.8333333333333333,0.4314528965050073,18.0
"RV|('H', 3, 0.5, 0.0)",RV,"('H', 3, 0.5, 0.0)",2,5.675,0.45588917741851265,19.0
"RV|('H', 3, 0.5, 0.25)",RV,"('H', 3, 0.5, 0.25)",2,6.9,0.463947699017529,20.0
"RV|('H', 5, 0.1, -0.1)",RV,"('H', 5, 0.1, -0.1)",2,3.1,0.34974267204187526,13.0
"RV|('H', 5, 0.1, 0.0)",RV,"('H', 5, 0.1, 0.0)",2,6.55,0.34974267204187526,13.0
"RV|('H', 5, 0.1, 0.05)",RV,"('H', 5, 0.1, 0.05)",2,7.9,0.34974267204187526,13.0
"RV|('H', 5, 0.2, -0.2)",RV,"('H', 5, 0.2, -0.2)",2,2.5,0.36178875957689904,14.5
"RV|('H', 5, 0.2, 0.0)",RV,"('H', 5, 0.2, 0.0)",2,6.4,0.3759649521836354,14.5
"RV|('H', 5, 0.2, 0.1)",RV,"('H', 5, 0.2, 0.1)",2,7.083333333333334,0.3787711751820698,14.75
"RV|('H', 5, 0.3, -0.3)",RV,"('H', 5, 0.3, -0.3)",2,2.2,0.40051410465238635,16.0
"RV|('H', 5, 0.3, 0.0)",RV,"('H', 5, 0.3, 0.0)",2,6.0,0.41353811611247215,16.25
"RV|('H', 5, 0.3, 0.15)",RV,"('H', 5, 0.3, 0.15)",2,6.5,0.4181312429506346,16.5
"RV|('H', 5, 0.4, -0.4)",RV,"('H', 5, 0.4, -0.4)",2,2.0,0.431761781004311,17.75
"RV|('H', 5, 0.4, 0.0)",RV,"('H', 5, 0.4, 0.0)",2,5.0,0.4423819550603626,18.0
"RV|('H', 5, 0.4, 0.2)",RV,"('H', 5, 0.4, 0.2)",2,6.0,0.452483041609265,19.0
"RV|('H', 5, 0.5, -0.5)",RV,"('H', 5, 0.5, -0.5)",2,1.5,0.4213131785822325,20.0
"RV|('H', 5, 0.5, 0.0)",RV,"('H', 5, 0.5, 0.0)",2,4.55,0.48750682659138067,22.0
"RV|('H', 5, 0.5, 0.25)",RV,"('H', 5, 0.5, 0.25)",2,5.45,0.4975758714925059,23.0
"RV|('H', 10, 0.1, -0.1)",RV,"('H', 10, 0.1, -0.1)",2,2.3333333333333335,0.384554818272125,16.0
"RV|('H', 10, 0.1, 0.0)",RV,"('H', 10, 0.1, 0.0)",2,5.0,0.3918111180323447,16.5
"RV|('H', 10, 0.1, 0.05)",RV,"('H', 10, 0.1, 0.05)",2,5.266666666666667,0.3918111180323447,16.5
"RV|('H', 10, 0.2, -0.2)",RV,"('H', 10, 0.2, -0.2)",2,2.0,0.39900175211179345,18.0
"RV|('H', 10, 0.2, 0.0)",RV,"('H', 10, 0.2, 0.0)",2,4.733333333333333,0.4111766863790465,18.0
"RV|('H', 10, 0.2, 0.1)",RV,"('H', 10, 0.2, 0.1)",2,5.2,0.421200163689274,18.25
"RV|('H', 10, 0.3, -0.3)",RV,"('H', 10, 0.3, -0.3)",2,1.75,0.4035244468595268,20.25
"RV|('H', 10, 0.3, 0.0)",RV,"('H', 10, 0.3, 0.0)",2,4.4,0.43598773699367643,21.0
"RV|('H', 10, 0.3, 0.15)",RV,"('H', 10, 0.3, 0.15)",2,5.0,0.4580646708633458,21.0
"RV|('H', 10, 0.4, -0.4)",RV,"('H', 10, 0.4, -0.4)",2,1.4285714285714286,0.44140608176968826,23.0
"RV|('H', 10, 0.4, 0.0)",RV,"('H', 10, 0.4, 0.0)",2,3.875,0.5,24.25
"RV|('H', 10, 0.4, 0.2)",RV,"('H', 10, 0.4, 0.2)",2,4.55,0.5,24.5
"RV|('H', 10, 0.5, -0.5)",RV,"('H', 10, 0.5, -0.5)",2,1.0,0.4941045392625542,25.75
"RV|('H', 10, 0.5, 0.0)",RV,"('H', 10, 0.5, 0.0)",2,3.4,0.5175343882751384,28.0
"RV|('H', 10, 0.5, 0.25)",RV,"('H', 10, 0.5, 0.25)",2,4.0,0.5587565420985692,28.5
"RV|('C', 0, 0.0, 0.5)",RV,"('C', 0, 0.0, 0.5)",2,4.6,0.3182450183108011,11.0
"RV|('C', 0, 0.0, 1)",RV,"('C', 0, 0.0, 1)",2,3.5,0.35126758724457485,12.0
"RV|('C', 0, 0.0, 2)",RV,"('C', 0, 0.0, 2)",2,2.6,0.36249460615045614,14.0
"RV|('C', 0, 0.0, 4)",RV,"('C', 0, 0.0, 4)",2,2.0,0.4021516650384406,18.0
"RV|('C', 0, 0.0, 8)",RV,"('C', 0, 0.0, 8)",2,1.4285714285714286,0.44971601592322613,23.0
"RV|('C', 0, 0.1, 0.5)",RV,"('C', 0, 0.1, 0.5)",2,3.55,0.3372968529865762,12.0
"RV|('C', 0, 0.1, 1)",RV,"('C', 0, 0.1, 1)",2,3.0,0.3595748963025247,13.0
"RV|('C', 0, 0.1, 2)",RV,"('C', 0, 0.1, 2)",2,2.2,0.38199484045974375,15.5
"RV|('C', 0, 0.1, 4)",RV,"('C', 0, 0.1, 4)",2,1.75,0.41001631799380367,19.25
"RV|('C', 0, 0.1, 8)",RV,"('C', 0, 0.1, 8)",2,1.1428571428571428,0.5,25.5
"RV|('C', 0, 0.2, 0.5)",RV,"('C', 0, 0.2, 0.5)",2,3.0,0.3537891964976846,13.0
"RV|('C', 0, 0.2, 1)",RV,"('C', 0, 0.2, 1)",2,2.5,0.37784365792129754,14.5
"RV|('C', 0, 0.2, 2)",RV,"('C', 0, 0.2, 2)",2,2.0,0.4151882713638315,17.0
"RV|('C', 0, 0.2, 4)",RV,"('C', 0, 0.2, 4)",2,1.5,0.4684285311848181,21.0
"RV|('C', 0, 0.2, 8)",RV,"('C', 0, 0.2, 8)",2,0.95,0.5,26.0
"RV|('C', 0, 0.3, 0.5)",RV,"('C', 0, 0.3, 0.5)",2,2.5,0.37818857226982927,14.0
"RV|('C', 0, 0.3, 1)",RV,"('C', 0, 0.3, 1)",2,2.0,0.419062273083571,16.75
"RV|('C', 0, 0.3, 2)",RV,"('C', 0, 0.3, 2)",2,1.6666666666666667,0.4249673349181467,19.5
"RV|('C', 0, 0.3, 4)",RV,"('C', 0, 0.3, 4)",2,1.1428571428571428,0.4825965749105223,25.25
"RV|('C', 0, 0.3, 8)",RV,"('C', 0, 0.3, 8)",2,0.6458333333333333,0.5,25.75
"B0.5|('H', 1, 0.1, -0.1)",B0.5,"('H', 1, 0.1, -0.1)",3,8.428571428571429,0.2262839486463762,4.0
"B0.5|('H', 1, 0.1, 0.0)",B0.5,"('H', 1, 0.1, 0.0)",3,14.0,0.2262839486463762,4.0
"B0.5|('H', 1, 0.1, 0.05)",B0.5,"('H', 1, 0.1, 0.05)",3,17.6,0.2262839486463762,4.0
"B0.5|('H', 1, 0.2, -0.2)",B0.5,"('H', 1, 0.2, -0.2)",3,6.0,0.24157530759154852,5.0
"B0.5|('H', 1, 0.2, 0.0)",B0.5,"('H', 1, 0.2, 0.0)",3,13.714285714285714,0.24157530759154852,5.0
"B0.5|('H', 1, 0.2, 0.1)",B0.5,"('H', 1, 0.2, 0.1)",3,18.333333333333332,0.24363333077285004,5.0
"B0.5|('H', 1, 0.3, -0.3)",B0.5,"('H', 1, 0.3, -0.3)",3,4.333333333333333,0.28156301964443287,6.0
"B0.5|('H', 1, 0.3, 0.0)",B0.5,"('H', 1, 0.3, 0.0)",3,12.5,0.28402838150401777,6.0
"B0.5|('H', 1, 0.3, 0.15)",B0.5,"('H', 1, 0.3, 0.15)",3,16.8,0.28619302893499315,6.5
"B0.5|('H', 1, 0.4, -0.4)",B0.5,"('H', 1, 0.4, -0.4)",3,3.5,0.32095049675302645,8.0
"B0.5|('H', 1, 0.4, 0.0)",B0.5,"('H', 1, 0.4, 0.0)",3,10.8,0.3275567389804705,8.5
"B0.5|('H', 1, 0.4, 0.2)",B0.5,"('H', 1, 0.4, 0.2)",3,15.4,0.3277914597322612,8.5
"B0.5|('H', 1, 0.5, -0.5)",B0.5,"('H', 1, 0.5, -0.5)",3,2.5,0.36135321589751956,11.5
"B0.5|('H', 1, 0.5, 0.0)",B0.5,"('H', 1, 0.5, 0.0)",3,8.857142857142858,0.3729434546970613,12.0
"B0.5|('H', 1, 0.5, 0.25)",B0.5,"('H', 1, 0.5, 0.25)",3,13.0,0.37939453455543865,12.0
"B0.5|('H', 3, 0.1, -0.1)",B0.5,"('H', 3, 0.1, -0.1)",3,4.4,0.28671090355742895,7.0
"B0.5|('H', 3, 0.1, 0.0)",B0.5,"('H', 3, 0.1, 0.0)",3,9.142857142857142,0.28671090355742895,7.0
"B0.5|('H', 3, 0.1, 0.05)",B0.5,"('H', 3, 0.1, 0.05)",3,10.714285714285714,0.28671090355742895,7.0
"B0.5|('H', 3, 0.2, -0.2)",B0.5,"('H', 3, 0.2, -0.2)",3,3.4,0.3164602838028503,8.0
"B0.5|('H', 3, 0.2, 0.0)",B0.5,"('H', 3, 0.2, 0.0)",3,8.8,0.3191732430355952,8.0
"B0.5|('H', 3, 0.2, 0.1)",B0.5,"('H', 3, 0.2, 0.1)",3,10.333333333333334,0.3191732430355952,8.0
"B0.5|('H', 3, 0.3, -0.3)",B0.5,"('H', 3, 0.3, -0.3)",3,2.6,0.349568588999326,11.0
"B0.5|('H', 3, 0.3, 0.0)",B0.5,"('H', 3, 0.3, 0.0)",3,7.6,0.3596995263260526,11.0
"B0.5|('H', 3, 0.3, 0.15)",B0.5,"('H', 3, 0.3, 0.15)",3,9.0,0.3596995263260526,11.0
"B0.5|('H', 3, 0.4, -0.4)",B0.5,"('H', 3, 0.4, -0.4)",3,2.0,0.40561286431060234,13.5
"B0.5|('H', 3, 0.4, 0.0)",B0.5,"('H', 3, 0.4, 0.0)",3,6.0,0.42481342868910454,14.0
"B0.5|('H', 3, 0.4, 0.2)",B0.5,"('H', 3, 0.4, 0.2)",3,7.571428571428571,0.4248206103857264,14.5
"B0.5|('H', 3, 0.5, -0.5)",B0.5,"('H', 3, 0.5, -0.5)",3,0.4444444444444444,0.47714205137391724,14.0
"B0.5|('H', 3, 0.5, 0.0)",B0.5,"('H', 3, 0.5, 0.0)",3,3.6,0.6197315765316727,22.5
"B0.5|('H', 3, 0.5, 0.25)",B0.5,"('H', 3, 0.5, 0.25)",3,4.714285714285714,0.6256666357850353,23.0
"B0.5|('H', 5, 0.1, -0.1)",B0.5,"('H', 5, 0.1, -0.1)",3,3.5,0.30861460510796757,9.0
"B0.5|('H', 5, 0.1, 0.0)",B0.5,"('H', 5, 0.1, 0.0)",3,7.5,0.3129652220025313,9.0
"B0.5|('H', 5, 0.1, 0.05)",B0.5,"('H', 5, 0.1, 0.05)",3,9.166666666666666,0.3129652220025313,9.0
"B0.5|('H', 5, 0.2, -0.2)",B0.5,"('H', 5, 0.2, -0.2)",3,2.6,0.34545220958201645,11.0
"B0.5|('H', 5, 0.2, 0.0)",B0.5,"('H', 5, 0.2, 0.0)",3,6.8,0.3496267734119577,11.0
"B0.5|('H', 5, 0.2, 0.1)",B0.5,"('H', 5, 0.2, 0.1)",3,8.0,0.3496267734119577,11.0
"B0.5|('H', 5, 0.3, -0.3)",B0.5,"('H', 5, 0.3, -0.3)",3,2.125,0.3818694399358024,13.0
"B0.5|('H', 5, 0.3, 0.0)",B0.5,"('H', 5, 0.3, 0.0)",3,5.857142857142857,0.41053990234538174,14.0
"B0.5|('H', 5, 0.3, 0.15)",B0.5,"('H', 5, 0.3, 0.15)",3,7.0,0.41605652168225654,14.0
"B0.5|('H', 5, 0.4, -0.4)",B0.5,"('H', 5, 0.4, -0.4)",3,1.3333333333333333,0.4190128099207336,17.0
"B0.5|('H', 5, 0.4, 0.0)",B0.5,"('H', 5, 0.4, 0.0)",3,4.6,0.4960658258138577,18.5
"B0.5|('H', 5, 0.4, 0.2)",B0.5,"('H', 5, 0.4, 0.2)",3,5.6,0.49682900335631375,18.5
"B0.5|('H', 5, 0.5, -0.5)",B0.5,"('H', 5, 0.5, -0.5)",3,0.0,0.5,10.5
"B0.5|('H', 5, 0.5, 0.0)",B0.5,"('H', 5, 0.5, 0.0)",3,2.4,0.7472347093570834,28.5
"B0.5|('H', 5, 0.5, 0.25)",B0.5,"('H', 5, 0.5, 0.25)",3,3.3333333333333335,0.7532193874641793,29.0
"B0.5|('H', 10, 0.1, -0.1)",B0.5,"('H', 10, 0.1, -0.1)",3,2.4285714285714284,0.33629905036318447,12.0
"B0.5|('H', 10, 0.1, 0.0)",B0.5,"('H', 10, 0.1, 0.0)",3,6.0,0.3434568111866075,12.0
"B0.5|('H', 10, 0.1, 0.05)",B0.5,"('H', 10, 0.1, 0.05)",3,6.571428571428571,0.3434568111866075,12.0
"B0.5|('H', 10, 0.2, -0.2)",B0.5,"('H', 10, 0.2, -0.2)",3,1.8,0.38566013293797957,15.0
"B0.5|('H', 10, 0.2, 0.0)",B0.5,"('H', 10, 0.2, 0.0)",3,5.0,0.40029578218735007,16.0
"B0.5|('H', 10, 0.2, 0.1)",B0.5,"('H', 10, 0.2, 0.1)",3,5.666666666666667,0.4032848960056684,16.0
"B0.5|('H', 10, 0.3, -0.3)",B0.5,"('H', 10, 0.3, -0.3)",3,1.1428571428571428,0.43561719746489047,18.0
"B0.5|('H', 10, 0.3, 0.0)",B0.5,"('H', 10, 0.3, 0.0)",3,4.0,0.4960658258138577,20.5
"B0.5|('H', 10, 0.3, 0.15)",B0.5,"('H', 10, 0.3, 0.15)",3,4.6,0.49631898254100104,21.0
"B0.5|('H', 10, 0.4, -0.4)",B0.5,"('H', 10, 0.4, -0.4)",3,0.42857142857142855,0.45878651031125073,18.0
"B0.5|('H', 10, 0.4, 0.0)",B0.5,"('H', 10, 0.4, 0.0)",3,2.5,0.655624459546674,28.0
"B0.5|('H', 10, 0.4, 0.2)",B0.5,"('H', 10, 0.4, 0.2)",3,3.1666666666666665,0.6663637003283379,28.0
"B0.5|('H', 10, 0.5, -0.5)",B0.5,"('H', 10, 0.5, -0.5)",3,0.0,0.5,6.0
"B0.5|('H', 10, 0.5, 0.0)",B0.5,"('H', 10, 0.5, 0.0)",3,1.5714285714285714,0.905829146728217,35.5
"B0.5|('H', 10, 0.5, 0.25)",B0.5,"('H', 10, 0.5, 0.25)",3,2.0,0.9199296070571802,36.5
"B0.5|('C', 0, 0.0, 0.5)",B0.5,"('C', 0, 0.0, 0.5)",3,4.833333333333333,0.27742669579731805,6.0
"B0.5|('C', 0, 0.0, 1)",B0.5,"('C', 0, 0.0, 1)",3,3.7142857142857144,0.2943816653976613,8.0
"B0.5|('C', 0, 0.0, 2)",B0.5,"('C', 0, 0.0, 2)",3,2.6,0.31555919800567644,11.0
"B0.5|('C', 0, 0.0, 4)",B0.5,"('C', 0, 0.0, 4)",3,1.8,0.3858586435850079,15.0
"B0.5|('C', 0, 0.0, 8)",B0.5,"('C', 0, 0.0, 8)",3,0.8,0.4463802652787143,22.0
"B0.5|('C', 0, 0.1, 0.5)",B0.5,"('C', 0, 0.1, 0.5)",3,3.8,0.3002390648795195,7.0
"B0.5|('C', 0, 0.1, 1)",B0.5,"('C', 0, 0.1, 1)",3,3.0,0.3248352720381686,9.0
"B0.5|('C', 0, 0.1, 2)",B0.5,"('C', 0, 0.1, 2)",3,2.0,0.36000442814067873,13.0
"B0.5|('C', 0, 0.1, 4)",B0.5,"('C', 0, 0.1, 4)",3,1.2857142857142858,0.40899729015758146,19.0
"B0.5|('C', 0, 0.1, 8)",B0.5,"('C', 0, 0.1, 8)",3,0.4,0.5,22.0
"B0.5|('C', 0, 0.2, 0.5)",B0.5,"('C', 0, 0.2, 0.5)",3,3.0,0.3206453490160487,9.0
"B0.5|('C', 0, 0.2, 1)",B0.5,"('C', 0, 0.2, 1)",3,2.2857142857142856,0.3606590009507358,12.0
"B0.5|('C', 0, 0.2, 2)",B0.5,"('C', 0, 0.2, 2)",3,1.4,0.4218577522111015,16.0
"B0.5|('C', 0, 0.2, 4)",B0.5,"('C', 0, 0.2, 4)",3,0.6,0.44723509185412647,19.0
"B0.5|('C', 0, 0.2, 8)",B0.5,"('C', 0, 0.2, 8)",3,0.0,0.5,12.0
"B0.5|('C', 0, 0.3, 0.5)",B0.5,"('C', 0, 0.3, 0.5)",3,2.2,0.37199334802068196,12.0
"B0.5|('C', 0, 0.3, 1)",B0.5,"('C', 0, 0.3, 1)",3,1.5,0.4138974564641373,15.5
"B0.5|('C', 0, 0.3, 2)",B0.5,"('C', 0, 0.3, 2)",3,0.6666666666666666,0.4466640731369014,18.5
"B0.5|('C', 0, 0.3, 4)",B0.5,"('C', 0, 0.3, 4)",3,0.0,0.5,10.0
"B0.5|('C', 0, 0.3, 8)",B0.5,"('C', 0, 0.3, 8)",3,0.0,0.5,12.0
"B1|('H', 1, 0.1, -0.1)",B1,"('H', 1, 0.1, -0.1)",3,3.5,0.3620608478986833,10.0
"B1|('H', 1, 0.1, 0.0)",B1,"('H', 1, 0.1, 0.0)",3,7.666666666666667,0.3625349353425032,10.0
"B1|('H', 1, 0.1, 0.05)",B1,"('H', 1, 0.1, 0.05)",3,10.166666666666666,0.3625349353425032,10.0
"B1|('H', 1, 0.2, -0.2)",B1,"('H', 1, 0.2, -0.2)",3,2.3333333333333335,0.3978501233096347,11.0
"B1|('H', 1, 0.2, 0.0)",B1,"('H', 1, 0.2, 0.0)",3,6.6,0.39867178121224167,12.0
"B1|('H', 1, 0.2, 0.1)",B1,"('H', 1, 0.2, 0.1)",3,9.6,0.40009363573253165,12.0
"B1|('H', 1, 0.3, -0.3)",B1,"('H', 1, 0.3, -0.3)",3,1.6666666666666667,0.4486127000330121,15.0
"B1|('H', 1, 0.3, 0.0)",B1,"('H', 1, 0.3, 0.0)",3,5.5,0.45269137122767866,15.0
"B1|('H', 1, 0.3, 0.15)",B1,"('H', 1, 0.3, 0.15)",3,8.4,0.4541319096227774,15.0
"B1|('H', 1, 0.4, -0.4)",B1,"('H', 1, 0.4, -0.4)",3,1.2857142857142858,0.5019841074659358,19.0
"B1|('H', 1, 0.4, 0.0)",B1,"('H', 1, 0.4, 0.0)",3,4.6,0.5257134241531929,20.0
"B1|('H', 1, 0.4, 0.2)",B1,"('H', 1, 0.4, 0.2)",3,7.125,0.5257134241531929,20.0
"B1|('H', 1, 0.5, -0.5)",B1,"('H', 1, 0.5, -0.5)",3,1.0,0.5516412136321491,22.0
"B1|('H', 1, 0.5, 0.0)",B1,"('H', 1, 0.5, 0.0)",3,3.75,0.5766038740686111,24.0
"B1|('H', 1, 0.5, 0.25)",B1,"('H', 1, 0.5, 0.25)",3,5.714285714285714,0.5766038740686111,24.0
"B1|('H', 3, 0.1, -0.1)",B1,"('H', 3, 0.1, -0.1)",3,2.0,0.3959295587439603,13.0
"B1|('H', 3, 0.1, 0.0)",B1,"('H', 3, 0.1, 0.0)",3,4.625,0.40064050999309847,13.0
"B1|('H', 3, 0.1, 0.05)",B1,"('H', 3, 0.1, 0.05)",3,5.428571428571429,0.40064050999309847,13.0
"B1|('H', 3, 0.2, -0.2)",B1,"('H', 3, 0.2, -0.2)",3,1.6,0.43974275157702797,16.0
"B1|('H', 3, 0.2, 0.0)",B1,"('H', 3, 0.2, 0.0)",3,4.285714285714286,0.45269137122767866,16.0
"B1|('H', 3, 0.2, 0.1)",B1,"('H', 3, 0.2, 0.1)",3,5.2,0.45269137122767866,16.0
"B1|('H', 3, 0.3, -0.3)",B1,"('H', 3, 0.3, -0.3)",3,1.1666666666666667,0.48957340988215026,20.0
"B1|('H', 3, 0.3, 0.0)",B1,"('H', 3, 0.3, 0.0)",3,3.6666666666666665,0.5131090921368069,20.5
"B1|('H', 3, 0.3, 0.15)",B1,"('H', 3, 0.3, 0.15)",3,4.571428571428571,0.5181311375474411,20.5
"B1|('H', 3, 0.4, -0.4)",B1,"('H', 3, 0.4, -0.4)",3,0.8888888888888888,0.5107474851737576,21.0
"B1|('H', 3, 0.4, 0.0)",B1,"('H', 3, 0.4, 0.0)",3,3.0,0.5838172923613759,24.0
"B1|('H', 3, 0.4, 0.2)",B1,"('H', 3, 0.4, 0.2)",3,4.0,0.5848661945022529,24.5
"B1|('H', 3, 0.5, -0.5)",B1,"('H', 3, 0.5, -0.5)",3,0.5454545454545454,0.5313303296513365,22.0
"B1|('H', 3, 0.5, 0.0)",B1,"('H', 3, 0.5, 0.0)",3,2.4,0.6775372751403054,30.0
"B1|('H', 3, 0.5, 0.25)",B1,"('H', 3, 0.5, 0.25)",3,3.0,0.6777390285198406,30.0
"B1|('H', 5, 0.1, -0.1)",B1,"('H', 5, 0.1, -0.1)",3,1.8,0.4147071836578873,15.0
"B1|('H', 5, 0.1, 0.0)",B1,"('H', 5, 0.1, 0.0)",3,4.0,0.41902120793329906,15.0
"B1|('H', 5, 0.1, 0.05)",B1,"('H', 5, 0.1, 0.05)",3,4.666666666666667,0.42481342868910454,15.0
"B1|('H', 5, 0.2, -0.2)",B1,"('H', 5, 0.2, -0.2)",3,1.3333333333333333,0.4583702697510921,18.0
"B1|('H', 5, 0.2, 0.0)",B1,"('H', 5, 0.2, 0.0)",3,3.6666666666666665,0.4802928917225508,18.5
"B1|('H', 5, 0.2, 0.1)",B1,"('H', 5, 0.2, 0.1)",3,4.285714285714286,0.4865110508082035,19.0
"B1|('H', 5, 0.3, -0.3)",B1,"('H', 5, 0.3, -0.3)",3,1.0,0.5,20.5
"B1|('H', 5, 0.3, 0.0)",B1,"('H', 5, 0.3, 0.0)",3,3.0,0.538227123761078,23.0
"B1|('H', 5, 0.3, 0.15)",B1,"('H', 5, 0.3, 0.15)",3,3.7142857142857144,0.5517629470562336,23.0
"B1|('H', 5, 0.4, -0.4)",B1,"('H', 5, 0.4, -0.4)",3,0.7,0.505952349842536,23.0
"B1|('H', 5, 0.4, 0.0)",B1,"('H', 5, 0.4, 0.0)",3,2.5555555555555554,0.6245485456508315,27.0
"B1|('H', 5, 0.4, 0.2)",B1,"('H', 5, 0.4, 0.2)",3,3.0,0.6330220245027244,27.5
"B1|('H', 5, 0.5, -0.5)",B1,"('H', 5, 0.5, -0.5)",3,0.3333333333333333,0.5,20.0
"B1|('H', 5, 0.5, 0.0)",B1,"('H', 5, 0.5, 0.0)",3,2.0,0.7333422265463823,32.0
"B1|('H', 5, 0.5, 0.25)",B1,"('H', 5, 0.5, 0.25)",3,2.4,0.7371809532004618,33.0
"B1|('H', 10, 0.1, -0.1)",B1,"('H', 10, 0.1, -0.1)",3,1.3333333333333333,0.43701002402105404,18.0
"B1|('H', 10, 0.1, 0.0)",B1,"('H', 10, 0.1, 0.0)",3,3.0,0.45155725689704695,19.5
"B1|('H', 10, 0.1, 0.05)",B1,"('H', 10, 0.1, 0.05)",3,3.5,0.4535397726502232,19.5
"B1|('H', 10, 0.2, -0.2)",B1,"('H', 10, 0.2, -0.2)",3,1.0,0.4878303757591029,21.0
"B1|('H', 10, 0.2, 0.0)",B1,"('H', 10, 0.2, 0.0)",3,2.5,0.5308147589125681,24.0
"B1|('H', 10, 0.2, 0.1)",B1,"('H', 10, 0.2, 0.1)",3,3.1666666666666665,0.5483503612594952,24.0
"B1|('H', 10, 0.3, -0.3)",B1,"('H', 10, 0.3, -0.3)",3,0.6666666666666666,0.5,23.0
"B1|('H', 10, 0.3, 0.0)",B1,"('H', 10, 0.3, 0.0)",3,2.25,0.6053065006741518,28.0
"B1|('H', 10, 0.3, 0.15)",B1,"('H', 10, 0.3, 0.15)",3,2.7777777777777777,0.6160339800591625,28.0
"B1|('H', 10, 0.4, -0.4)",B1,"('H', 10, 0.4, -0.4)",3,0.5,0.5,22.0
"B1|('H', 10, 0.4, 0.0)",B1,"('H', 10, 0.4, 0.0)",3,1.8,0.7084869892338005,32.0
"B1|('H', 10, 0.4, 0.2)",B1,"('H', 10, 0.4, 0.2)",3,2.3333333333333335,0.7247587367576025,32.0
"B1|('H', 10, 0.5, -0.5)",B1,"('H', 10, 0.5, -0.5)",3,0.0,0.5,11.0
"B1|('H', 10, 0.5, 0.0)",B1,"('H', 10, 0.5, 0.0)",3,1.2857142857142858,0.8506627099597427,36.0
"B1|('H', 10, 0.5, 0.25)",B1,"('H', 10, 0.5, 0.25)",3,1.6666666666666667,0.8583536269396743,38.0
"B1|('C', 0, 0.0, 0.5)",B1,"('C', 0, 0.0, 0.5)",3,2.3333333333333335,0.38855276702580255,12.0
"B1|('C', 0, 0.0, 1)",B1,"('C', 0, 0.0, 1)",3,1.8,0.41053990234538174,15.0
"B1|('C', 0, 0.0, 2)",B1,"('C', 0, 0.0, 2)",3,1.4,0.42140900556749833,18.0
"B1|('C', 0, 0.0, 4)",B1,"('C', 0, 0.0, 4)",3,1.0,0.44918354117769876,19.0
"B1|('C', 0, 0.0, 8)",B1,"('C', 0, 0.0, 8)",3,0.6666666666666666,0.5,23.0
"B1|('C', 0, 0.1, 0.5)",B1,"('C', 0, 0.1, 0.5)",3,1.6666666666666667,0.41302371255876835,14.5
"B1|('C', 0, 0.1, 1)",B1,"('C', 0, 0.1, 1)",3,1.4,0.4398779573221238,17.0
"B1|('C', 0, 0.1, 2)",B1,"('C', 0, 0.1, 2)",3,1.0,0.4914721497291117,20.0
"B1|('C', 0, 0.1, 4)",B1,"('C', 0, 0.1, 4)",3,0.75,0.4997439625013382,23.0
"B1|('C', 0, 0.1, 8)",B1,"('C', 0, 0.1, 8)",3,0.4,0.5,20.0
"B1|('C', 0, 0.2, 0.5)",B1,"('C', 0, 0.2, 0.5)",3,1.2857142857142858,0.4711826491525794,18.0
"B1|('C', 0, 0.2, 1)",B1,"('C', 0, 0.2, 1)",3,1.0,0.4926702664241783,21.0
"B1|('C', 0, 0.2, 2)",B1,"('C', 0, 0.2, 2)",3,0.75,0.5,20.0
"B1|('C', 0, 0.2, 4)",B1,"('C', 0, 0.2, 4)",3,0.5,0.5,22.0
"B1|('C', 0, 0.2, 8)",B1,"('C', 0, 0.2, 8)",3,0.16666666666666666,0.5,14.0
"B1|('C', 0, 0.3, 0.5)",B1,"('C', 0, 0.3, 0.5)",3,1.0,0.5049452195723207,21.0
"B1|('C', 0, 0.3, 1)",B1,"('C', 0, 0.3, 1)",3,0.7142857142857143,0.5,23.0
"B1|('C', 0, 0.3, 2)",B1,"('C', 0, 0.3, 2)",3,0.5,0.5,22.0
"B1|('C', 0, 0.3, 4)",B1,"('C', 0, 0.3, 4)",3,0.2,0.5,15.0
"B1|('C', 0, 0.3, 8)",B1,"('C', 0, 0.3, 8)",3,0.0,0.5,11.0
"B2|('H', 1, 0.1, -0.1)",B2,"('H', 1, 0.1, -0.1)",3,1.1428571428571428,0.5,16.0
"B2|('H', 1, 0.1, 0.0)",B2,"('H', 1, 0.1, 0.0)",3,2.8333333333333335,0.5,17.0
"B2|('H', 1, 0.1, 0.05)",B2,"('H', 1, 0.1, 0.05)",3,3.6,0.5,17.0
"B2|('H', 1, 0.2, -0.2)",B2,"('H', 1, 0.2, -0.2)",3,0.75,0.5,20.0
"B2|('H', 1, 0.2, 0.0)",B2,"('H', 1, 0.2, 0.0)",3,2.142857142857143,0.539268920017095,22.0
"B2|('H', 1, 0.2, 0.1)",B2,"('H', 1, 0.2, 0.1)",3,3.0,0.5529849751492125,23.0
"B2|('H', 1, 0.3, -0.3)",B2,"('H', 1, 0.3, -0.3)",3,0.5,0.5,19.5
"B2|('H', 1, 0.3, 0.0)",B2,"('H', 1, 0.3, 0.0)",3,1.6,0.6178736437419966,26.0
"B2|('H', 1, 0.3, 0.15)",B2,"('H', 1, 0.3, 0.15)",3,2.4,0.6325946289380232,27.0
"B2|('H', 1, 0.4, -0.4)",B2,"('H', 1, 0.4, -0.4)",3,0.2857142857142857,0.5,15.5
"B2|('H', 1, 0.4, 0.0)",B2,"('H', 1, 0.4, 0.0)",3,1.3333333333333333,0.6782231079908442,29.5
"B2|('H', 1, 0.4, 0.2)",B2,"('H', 1, 0.4, 0.2)",3,2.0,0.6867449328773862,29.5
"B2|('H', 1, 0.5, -0.5)",B2,"('H', 1, 0.5, -0.5)",3,0.2,0.5,14.0
"B2|('H', 1, 0.5, 0.0)",B2,"('H', 1, 0.5, 0.0)",3,1.0,0.7802594300777139,31.5
"B2|('H', 1, 0.5, 0.25)",B2,"('H', 1, 0.5, 0.25)",3,1.7142857142857142,0.7878642659435762,32.0
"B2|('H', 3, 0.1, -0.1)",B2,"('H', 3, 0.1, -0.1)",3,0.8333333333333334,0.5,18.0
"B2|('H', 3, 0.1, 0.0)",B2,"('H', 3, 0.1, 0.0)",3,2.0,0.5,19.0
"B2|('H', 3, 0.1, 0.05)",B2,"('H', 3, 0.1, 0.05)",3,2.5,0.5,19.0
"B2|('H', 3, 0.2, -0.2)",B2,"('H', 3, 0.2, -0.2)",3,0.5714285714285714,0.5,20.0
"B2|('H', 3, 0.2, 0.0)",B2,"('H', 3, 0.2, 0.0)",3,1.6,0.5502737667646865,23.0
"B2|('H', 3, 0.2, 0.1)",B2,"('H', 3, 0.2, 0.1)",3,2.0,0.5614053328830529,24.5
"B2|('H', 3, 0.3, -0.3)",B2,"('H', 3, 0.3, -0.3)",3,0.4,0.5,16.5
"B2|('H', 3, 0.3, 0.0)",B2,"('H', 3, 0.3, 0.0)",3,1.25,0.6265532378181778,27.5
"B2|('H', 3, 0.3, 0.15)",B2,"('H', 3, 0.3, 0.15)",3,1.75,0.6597242730698576,29.0
"B2|('H', 3, 0.4, -0.4)",B2,"('H', 3, 0.4, -0.4)",3,0.2222222222222222,0.5,12.5
"B2|('H', 3, 0.4, 0.0)",B2,"('H', 3, 0.4, 0.0)",3,1.0,0.6976676881108804,29.0
"B2|('H', 3, 0.4, 0.2)",B2,"('H', 3, 0.4, 0.2)",3,1.5,0.7209953702583262,31.0
"B2|('H', 3, 0.5, -0.5)",B2,"('H', 3, 0.5, -0.5)",3,0.16666666666666666,0.5,10.0
"B2|('H', 3, 0.5, 0.0)",B2,"('H', 3, 0.5, 0.0)",3,0.8333333333333334,0.7884793923676431,31.5
"B2|('H', 3, 0.5, 0.25)",B2,"('H', 3, 0.5, 0.25)",3,1.25,0.8060230967751533,35.0
"B2|('H', 5, 0.1, -0.1)",B2,"('H', 5, 0.1, -0.1)",3,0.6666666666666666,0.5,18.5
"B2|('H', 5, 0.1, 0.0)",B2,"('H', 5, 0.1, 0.0)",3,1.75,0.5,20.0
"B2|('H', 5, 0.1, 0.05)",B2,"('H', 5, 0.1, 0.05)",3,2.0,0.5145883568731748,20.0
"B2|('H', 5, 0.2, -0.2)",B2,"('H', 5, 0.2, -0.2)",3,0.5,0.5,17.0
"B2|('H', 5, 0.2, 0.0)",B2,"('H', 5, 0.2, 0.0)",3,1.3333333333333333,0.5416598891713336,24.0
"B2|('H', 5, 0.2, 0.1)",B2,"('H', 5, 0.2, 0.1)",3,1.6,0.619710160130055,26.0
"B2|('H', 5, 0.3, -0.3)",B2,"('H', 5, 0.3, -0.3)",3,0.3333333333333333,0.5,15.0
"B2|('H', 5, 0.3, 0.0)",B2,"('H', 5, 0.3, 0.0)",3,1.1666666666666667,0.651614968186452,27.0
"B2|('H', 5, 0.3, 0.15)",B2,"('H', 5, 0.3, 0.15)",3,1.5,0.6787937572741726,29.0
"B2|('H', 5, 0.4, -0.4)",B2,"('H', 5, 0.4, -0.4)",3,0.2,0.5,13.0
"B2|('H', 5, 0.4, 0.0)",B2,"('H', 5, 0.4, 0.0)",3,1.0,0.7134925198857045,29.0
"B2|('H', 5, 0.4, 0.2)",B2,"('H', 5, 0.4, 0.2)",3,1.3333333333333333,0.7806381105904221,31.0
"B2|('H', 5, 0.5, -0.5)",B2,"('H', 5, 0.5, -0.5)",3,0.0,0.5,10.0
"B2|('H', 5, 0.5, 0.0)",B2,"('H', 5, 0.5, 0.0)",3,0.8,0.8236237682582497,31.0
"B2|('H', 5, 0.5, 0.25)",B2,"('H', 5, 0.5, 0.25)",3,1.1666666666666667,0.8736661636101373,35.5
"B2|('H', 10, 0.1, -0.1)",B2,"('H', 10, 0.1, -0.1)",3,0.5714285714285714,0.5,17.0
"B2|('H', 10, 0.1, 0.0)",B2,"('H', 10, 0.1, 0.0)",3,1.3333333333333333,0.5,22.0
"B2|('H', 10, 0.1, 0.05)",B2,"('H', 10, 0.1, 0.05)",3,1.5714285714285714,0.5,23.0
"B2|('H', 10, 0.2, -0.2)",B2,"('H', 10, 0.2, -0.2)",3,0.4,0.5,16.0
"B2|('H', 10, 0.2, 0.0)",B2,"('H', 10, 0.2, 0.0)",3,1.1666666666666667,0.5189498802295747,24.0
"B2|('H', 10, 0.2, 0.1)",B2,"('H', 10, 0.2, 0.1)",3,1.4,0.6190442407117401,27.0
"B2|('H', 10, 0.3, -0.3)",B2,"('H', 10, 0.3, -0.3)",3,0.2857142857142857,0.5,14.0
"B2|('H', 10, 0.3, 0.0)",B2,"('H', 10, 0.3, 0.0)",3,1.0,0.60382609172749,25.0
"B2|('H', 10, 0.3, 0.15)",B2,"('H', 10, 0.3, 0.15)",3,1.2,0.7181608499810325,30.0
"B2|('H', 10, 0.4, -0.4)",B2,"('H', 10, 0.4, -0.4)",3,0.16666666666666666,0.5,10.5
"B2|('H', 10, 0.4, 0.0)",B2,"('H', 10, 0.4, 0.0)",3,0.8,0.699478941885344,28.0
"B2|('H', 10, 0.4, 0.2)",B2,"('H', 10, 0.4, 0.2)",3,1.0,0.8024842076571013,33.0
"B2|('H', 10, 0.5, -0.5)",B2,"('H', 10, 0.5, -0.5)",3,0.0,0.5,9.0
"B2|('H', 10, 0.5, 0.0)",B2,"('H', 10, 0.5, 0.0)",3,0.6,0.823393362861985,29.0
"B2|('H', 10, 0.5, 0.25)",B2,"('H', 10, 0.5, 0.25)",3,0.9,0.8928980699206186,36.0
"B2|('C', 0, 0.0, 0.5)",B2,"('C', 0, 0.0, 0.5)",3,1.0,0.48141045051601283,17.0
"B2|('C', 0, 0.0, 1)",B2,"('C', 0, 0.0, 1)",3,0.75,0.5,18.0
"B2|('C', 0, 0.0, 2)",B2,"('C', 0, 0.0, 2)",3,0.6,0.5,17.0
"B2|('C', 0, 0.0, 4)",B2,"('C', 0, 0.0, 4)",3,0.42857142857142855,0.4972984826563344,16.5
"B2|('C', 0, 0.0, 8)",B2,"('C', 0, 0.0, 8)",3,0.3333333333333333,0.4981397664476999,13.0
"B2|('C', 0, 0.1, 0.5)",B2,"('C', 0, 0.1, 0.5)",3,0.6666666666666666,0.5,19.0
"B2|('C', 0, 0.1, 1)",B2,"('C', 0, 0.1, 1)",3,0.5714285714285714,0.5,17.0
"B2|('C', 0, 0.1, 2)",B2,"('C', 0, 0.1, 2)",3,0.42857142857142855,0.5,16.5
"B2|('C', 0, 0.1, 4)",B2,"('C', 0, 0.1, 4)",3,0.3333333333333333,0.5,13.0
"B2|('C', 0, 0.1, 8)",B2,"('C', 0, 0.1, 8)",3,0.25,0.47466553428302216,12.0
"B2|('C', 0, 0.2, 0.5)",B2,"('C', 0, 0.2, 0.5)",3,0.5,0.5,17.0
"B2|('C', 0, 0.2, 1)",B2,"('C', 0, 0.2, 1)",3,0.3333333333333333,0.5,14.5
"B2|('C', 0, 0.2, 2)",B2,"('C', 0, 0.2, 2)",3,0.3,0.5,13.0
"B2|('C', 0, 0.2, 4)",B2,"('C', 0, 0.2, 4)",3,0.25,0.5,12.0
"B2|('C', 0, 0.2, 8)",B2,"('C', 0, 0.2, 8)",3,0.14285714285714285,0.5,11.0
"B2|('C', 0, 0.3, 0.5)",B2,"('C', 0, 0.3, 0.5)",3,0.2857142857142857,0.5,12.5
"B2|('C', 0, 0.3, 1)",B2,"('C', 0, 0.3, 1)",3,0.25,0.5,12.5
"B2|('C', 0, 0.3, 2)",B2,"('C', 0, 0.3, 2)",3,0.2,0.5,11.0
"B2|('C', 0, 0.3, 4)",B2,"('C', 0, 0.3, 4)",3,0.14285714285714285,0.5,12.0
"B2|('C', 0, 0.3, 8)",B2,"('C', 0, 0.3, 8)",3,0.0,0.5,9.0
"B1w|('H', 1, 0.1, -0.1)",B1w,"('H', 1, 0.1, -0.1)",3,4.6,0.2630397841843604,6.0
"B1w|('H', 1, 0.1, 0.0)",B1w,"('H', 1, 0.1, 0.0)",3,9.8,0.2636862189337293,6.0
"B1w|('H', 1, 0.1, 0.05)",B1w,"('H', 1, 0.1, 0.05)",3,13.2,0.26844295230775184,6.0
"B1w|('H', 1, 0.2, -0.2)",B1w,"('H', 1, 0.2, -0.2)",3,3.125,0.31931215238848015,8.0
"B1w|('H', 1, 0.2, 0.0)",B1w,"('H', 1, 0.2, 0.0)",3,8.5,0.3248352720381686,8.0
"B1w|('H', 1, 0.2, 0.1)",B1w,"('H', 1, 0.2, 0.1)",3,12.2,0.3258941827097064,8.0
"B1w|('H', 1, 0.3, -0.3)",B1w,"('H', 1, 0.3, -0.3)",3,1.5714285714285714,0.3797492987611285,10.0
"B1w|('H', 1, 0.3, 0.0)",B1w,"('H', 1, 0.3, 0.0)",3,6.285714285714286,0.4268726840112549,11.5
"B1w|('H', 1, 0.3, 0.15)",B1w,"('H', 1, 0.3, 0.15)",3,9.4,0.4310004373917411,12.0
"B1w|('H', 1, 0.4, -0.4)",B1w,"('H', 1, 0.4, -0.4)",3,0.0,0.22794666613068187,3.0
"B1w|('H', 1, 0.4, 0.0)",B1w,"('H', 1, 0.4, 0.0)",3,3.4,0.621202891593213,18.0
"B1w|('H', 1, 0.4, 0.2)",B1w,"('H', 1, 0.4, 0.2)",3,5.285714285714286,0.621202891593213,18.0
"B1w|('H', 1, 0.5, -0.5)",B1w,"('H', 1, 0.5, -0.5)",3,0.0,0.5,3.5
"B1w|('H', 1, 0.5, 0.0)",B1w,"('H', 1, 0.5, 0.0)",3,3.0,0.677417774354503,22.0
"B1w|('H', 1, 0.5, 0.25)",B1w,"('H', 1, 0.5, 0.25)",3,5.571428571428571,0.6795346084365739,22.0
"B1w|('H', 3, 0.1, -0.1)",B1w,"('H', 3, 0.1, -0.1)",3,2.625,0.3277660092327228,8.5
"B1w|('H', 3, 0.1, 0.0)",B1w,"('H', 3, 0.1, 0.0)",3,6.4,0.328985968278682,9.0
"B1w|('H', 3, 0.1, 0.05)",B1w,"('H', 3, 0.1, 0.05)",3,7.6,0.328985968278682,9.0
"B1w|('H', 3, 0.2, -0.2)",B1w,"('H', 3, 0.2, -0.2)",3,1.6,0.3797492987611285,11.0
"B1w|('H', 3, 0.2, 0.0)",B1w,"('H', 3, 0.2, 0.0)",3,5.0,0.3880532103004707,13.0
"B1w|('H', 3, 0.2, 0.1)",B1w,"('H', 3, 0.2, 0.1)",3,6.2,0.3905865332235616,13.0
"B1w|('H', 3, 0.3, -0.3)",B1w,"('H', 3, 0.3, -0.3)",3,0.5714285714285714,0.4403007207693907,10.5
"B1w|('H', 3, 0.3, 0.0)",B1w,"('H', 3, 0.3, 0.0)",3,3.2,0.5213590531536372,18.0
"B1w|('H', 3, 0.3, 0.15)",B1w,"('H', 3, 0.3, 0.15)",3,4.222222222222222,0.5238207880894237,18.0
"B1w|('H', 3, 0.4, -0.4)",B1w,"('H', 3, 0.4, -0.4)",3,0.0,0.22794666613068187,3.5
"B1w|('H', 3, 0.4, 0.0)",B1w,"('H', 3, 0.4, 0.0)",3,2.2857142857142856,0.6631239316578315,22.0
"B1w|('H', 3, 0.4, 0.2)",B1w,"('H', 3, 0.4, 0.2)",3,3.2,0.6884208999434436,22.0
"B1w|('H', 3, 0.5, -0.5)",B1w,"('H', 3, 0.5, -0.5)",3,0.0,0.5,4.0
"B1w|('H', 3, 0.5, 0.0)",B1w,"('H', 3, 0.5, 0.0)",3,1.8571428571428572,0.7521812856029115,27.0
"B1w|('H', 3, 0.5, 0.25)",B1w,"('H', 3, 0.5, 0.25)",3,3.0,0.7572743986722015,28.0
"B1w|('H', 5, 0.1, -0.1)",B1w,"('H', 5, 0.1, -0.1)",3,2.1666666666666665,0.3358690328029124,11.0
"B1w|('H', 5, 0.1, 0.0)",B1w,"('H', 5, 0.1, 0.0)",3,5.333333333333333,0.35492935653683216,11.0
"B1w|('H', 5, 0.1, 0.05)",B1w,"('H', 5, 0.1, 0.05)",3,6.0,0.3606960309615225,11.0
"B1w|('H', 5, 0.2, -0.2)",B1w,"('H', 5, 0.2, -0.2)",3,1.25,0.3978511777660714,12.5
"B1w|('H', 5, 0.2, 0.0)",B1w,"('H', 5, 0.2, 0.0)",3,4.0,0.44059856847292256,15.0
"B1w|('H', 5, 0.2, 0.1)",B1w,"('H', 5, 0.2, 0.1)",3,4.857142857142857,0.443410567002818,15.0
"B1w|('H', 5, 0.3, -0.3)",B1w,"('H', 5, 0.3, -0.3)",3,0.0,0.46452071490479585,9.0
"B1w|('H', 5, 0.3, 0.0)",B1w,"('H', 5, 0.3, 0.0)",3,2.3333333333333335,0.6199908731215483,19.0
"B1w|('H', 5, 0.3, 0.15)",B1w,"('H', 5, 0.3, 0.15)",3,3.2857142857142856,0.6210845135465022,19.0
"B1w|('H', 5, 0.4, -0.4)",B1w,"('H', 5, 0.4, -0.4)",3,0.0,0.25103086670719066,3.5
"B1w|('H', 5, 0.4, 0.0)",B1w,"('H', 5, 0.4, 0.0)",3,1.8571428571428572,0.7242820812782631,24.0
"B1w|('H', 5, 0.4, 0.2)",B1w,"('H', 5, 0.4, 0.2)",3,2.7142857142857144,0.7312146910522067,24.5
"B1w|('H', 5, 0.5, -0.5)",B1w,"('H', 5, 0.5, -0.5)",3,0.0,0.5,4.0
"B1w|('H', 5, 0.5, 0.0)",B1w,"('H', 5, 0.5, 0.0)",3,1.6666666666666667,0.8176909952734351,30.0
"B1w|('H', 5, 0.5, 0.25)",B1w,"('H', 5, 0.5, 0.25)",3,2.4,0.8228208984693335,31.0
"B1w|('H', 10, 0.1, -0.1)",B1w,"('H', 10, 0.1, -0.1)",3,1.4,0.3778103224823402,13.0
"B1w|('H', 10, 0.1, 0.0)",B1w,"('H', 10, 0.1, 0.0)",3,3.6,0.40160943808550903,14.5
"B1w|('H', 10, 0.1, 0.05)",B1w,"('H', 10, 0.1, 0.05)",3,4.0,0.41001177008793044,14.5
"B1w|('H', 10, 0.2, -0.2)",B1w,"('H', 10, 0.2, -0.2)",3,0.6,0.44392462488374584,13.0
"B1w|('H', 10, 0.2, 0.0)",B1w,"('H', 10, 0.2, 0.0)",3,2.5714285714285716,0.5192516859710233,18.5
"B1w|('H', 10, 0.2, 0.1)",B1w,"('H', 10, 0.2, 0.1)",3,3.0,0.5455904855103961,19.0
"B1w|('H', 10, 0.3, -0.3)",B1w,"('H', 10, 0.3, -0.3)",3,0.0,0.5,5.5
"B1w|('H', 10, 0.3, 0.0)",B1w,"('H', 10, 0.3, 0.0)",3,1.7142857142857142,0.685440918925173,23.5
"B1w|('H', 10, 0.3, 0.15)",B1w,"('H', 10, 0.3, 0.15)",3,2.25,0.7268078796042138,24.0
"B1w|('H', 10, 0.4, -0.4)",B1w,"('H', 10, 0.4, -0.4)",3,0.0,0.25103086670719066,3.5
"B1w|('H', 10, 0.4, 0.0)",B1w,"('H', 10, 0.4, 0.0)",3,1.4285714285714286,0.7684405055428816,29.0
"B1w|('H', 10, 0.4, 0.2)",B1w,"('H', 10, 0.4, 0.2)",3,2.0,0.8035512897195418,29.0
"B1w|('H', 10, 0.5, -0.5)",B1w,"('H', 10, 0.5, -0.5)",3,0.0,0.5,5.0
"B1w|('H', 10, 0.5, 0.0)",B1w,"('H', 10, 0.5, 0.0)",3,1.25,0.925182596878683,36.0
"B1w|('H', 10, 0.5, 0.25)",B1w,"('H', 10, 0.5, 0.25)",3,1.6666666666666667,0.9351595918889856,37.0
"B1w|('C', 0, 0.0, 0.5)",B1w,"('C', 0, 0.0, 0.5)",3,2.888888888888889,0.3145018065710515,8.0
"B1w|('C', 0, 0.0, 1)",B1w,"('C', 0, 0.0, 1)",3,2.1666666666666665,0.344015408478358,10.0
"B1w|('C', 0, 0.0, 2)",B1w,"('C', 0, 0.0, 2)",3,1.3333333333333333,0.39065657634810685,13.5
"B1w|('C', 0, 0.0, 4)",B1w,"('C', 0, 0.0, 4)",3,0.7142857142857143,0.42641137347592845,14.0
"B1w|('C', 0, 0.0, 8)",B1w,"('C', 0, 0.0, 8)",3,0.16666666666666666,0.5,11.5
"B1w|('C', 0, 0.1, 0.5)",B1w,"('C', 0, 0.1, 0.5)",3,2.0,0.35640312896381504,11.0
"B1w|('C', 0, 0.1, 1)",B1w,"('C', 0, 0.1, 1)",3,1.3333333333333333,0.3892089038358598,13.0
"B1w|('C', 0, 0.1, 2)",B1w,"('C', 0, 0.1, 2)",3,0.7142857142857143,0.4215481136278422,13.0
"B1w|('C', 0, 0.1, 4)",B1w,"('C', 0, 0.1, 4)",3,0.14285714285714285,0.48789055350093014,10.0
"B1w|('C', 0, 0.1, 8)",B1w,"('C', 0, 0.1, 8)",3,0.0,0.4080855294410646,4.5
"B1w|('C', 0, 0.2, 0.5)",B1w,"('C', 0, 0.2, 0.5)",3,1.0,0.3878350016455791,11.5
"B1w|('C', 0, 0.2, 1)",B1w,"('C', 0, 0.2, 1)",3,0.4,0.4535536071534284,9.5
"B1w|('C', 0, 0.2, 2)",B1w,"('C', 0, 0.2, 2)",3,0.0,0.5,7.0
"B1w|('C', 0, 0.2, 4)",B1w,"('C', 0, 0.2, 4)",3,0.0,0.34093062342931213,3.5
"B1w|('C', 0, 0.2, 8)",B1w,"('C', 0, 0.2, 8)",3,0.0,0.5,5.0
"B1w|('C', 0, 0.3, 0.5)",B1w,"('C', 0, 0.3, 0.5)",3,0.0,0.45970248117495427,3.5
"B1w|('C', 0, 0.3, 1)",B1w,"('C', 0, 0.3, 1)",3,0.0,0.25103086670719066,3.5
"B1w|('C', 0, 0.3, 2)",B1w,"('C', 0, 0.3, 2)",3,0.0,0.3209887066216739,3.5
"B1w|('C', 0, 0.3, 4)",B1w,"('C', 0, 0.3, 4)",3,0.0,0.5,5.0
"B1w|('C', 0, 0.3, 8)",B1w,"('C', 0, 0.3, 8)",3,0.0,0.5,6.5
"T1|('H', 1, 0.1, -0.1)",T1,"('H', 1, 0.1, -0.1)",3,3.5,0.3729434546970613,11.0
"T1|('H', 1, 0.1, 0.0)",T1,"('H', 1, 0.1, 0.0)",3,7.428571428571429,0.3729434546970613,11.0
"T1|('H', 1, 0.1, 0.05)",T1,"('H', 1, 0.1, 0.05)",3,9.8,0.37428656114652414,11.0
"T1|('H', 1, 0.2, -0.2)",T1,"('H', 1, 0.2, -0.2)",3,2.3333333333333335,0.40185490947792585,12.0
"T1|('H', 1, 0.2, 0.0)",T1,"('H', 1, 0.2, 0.0)",3,6.5,0.4020630354036326,12.0
"T1|('H', 1, 0.2, 0.1)",T1,"('H', 1, 0.2, 0.1)",3,9.6,0.40952159588887754,12.5
"T1|('H', 1, 0.3, -0.3)",T1,"('H', 1, 0.3, -0.3)",3,1.8,0.43989299680822475,15.0
"T1|('H', 1, 0.3, 0.0)",T1,"('H', 1, 0.3, 0.0)",3,5.571428571428571,0.4463844205906095,15.0
"T1|('H', 1, 0.3, 0.15)",T1,"('H', 1, 0.3, 0.15)",3,8.333333333333334,0.4519286789424923,15.0
"T1|('H', 1, 0.4, -0.4)",T1,"('H', 1, 0.4, -0.4)",3,1.2857142857142858,0.5075790446643575,19.0
"T1|('H', 1, 0.4, 0.0)",T1,"('H', 1, 0.4, 0.0)",3,4.6,0.5168503574473818,19.0
"T1|('H', 1, 0.4, 0.2)",T1,"('H', 1, 0.4, 0.2)",3,7.142857142857143,0.5191050113827701,19.0
"T1|('H', 1, 0.5, -0.5)",T1,"('H', 1, 0.5, -0.5)",3,1.0,0.5544227161993928,22.0
"T1|('H', 1, 0.5, 0.0)",T1,"('H', 1, 0.5, 0.0)",3,3.6666666666666665,0.5863898600419719,24.0
"T1|('H', 1, 0.5, 0.25)",T1,"('H', 1, 0.5, 0.25)",3,5.714285714285714,0.5867955543807037,24.0
"T1|('H', 3, 0.1, -0.1)",T1,"('H', 3, 0.1, -0.1)",3,2.142857142857143,0.4083396745469836,14.0
"T1|('H', 3, 0.1, 0.0)",T1,"('H', 3, 0.1, 0.0)",3,4.6,0.41001177008793044,14.0
"T1|('H', 3, 0.1, 0.05)",T1,"('H', 3, 0.1, 0.05)",3,5.714285714285714,0.41001177008793044,14.0
"T1|('H', 3, 0.2, -0.2)",T1,"('H', 3, 0.2, -0.2)",3,1.625,0.4508292311149802,16.0
"T1|('H', 3, 0.2, 0.0)",T1,"('H', 3, 0.2, 0.0)",3,4.166666666666667,0.45726539842840624,17.0
"T1|('H', 3, 0.2, 0.1)",T1,"('H', 3, 0.2, 0.1)",3,5.142857142857143,0.45726539842840624,17.0
"T1|('H', 3, 0.3, -0.3)",T1,"('H', 3, 0.3, -0.3)",3,1.25,0.49663845972927534,19.5
"T1|('H', 3, 0.3, 0.0)",T1,"('H', 3, 0.3, 0.0)",3,3.7142857142857144,0.5131090921368069,20.5
"T1|('H', 3, 0.3, 0.15)",T1,"('H', 3, 0.3, 0.15)",3,4.6,0.5131090921368069,20.5
"T1|('H', 3, 0.4, -0.4)",T1,"('H', 3, 0.4, -0.4)",3,1.0,0.5242515474449772,22.0
"T1|('H', 3, 0.4, 0.0)",T1,"('H', 3, 0.4, 0.0)",3,3.142857142857143,0.5776335549986528,24.0
"T1|('H', 3, 0.4, 0.2)",T1,"('H', 3, 0.4, 0.2)",3,4.0,0.5776335549986528,24.0
"T1|('H', 3, 0.5, -0.5)",T1,"('H', 3, 0.5, -0.5)",3,0.6666666666666666,0.5587038813333881,24.5
"T1|('H', 3, 0.5, 0.0)",T1,"('H', 3, 0.5, 0.0)",3,2.5714285714285716,0.6750390590032513,29.0
"T1|('H', 3, 0.5, 0.25)",T1,"('H', 3, 0.5, 0.25)",3,3.4,0.6750390590032513,29.5
"T1|('H', 5, 0.1, -0.1)",T1,"('H', 5, 0.1, -0.1)",3,1.8,0.42711052873206695,15.5
"T1|('H', 5, 0.1, 0.0)",T1,"('H', 5, 0.1, 0.0)",3,4.0,0.43000057312154155,16.0
"T1|('H', 5, 0.1, 0.05)",T1,"('H', 5, 0.1, 0.05)",3,4.5,0.43000057312154155,16.0
"T1|('H', 5, 0.2, -0.2)",T1,"('H', 5, 0.2, -0.2)",3,1.4,0.46832379685077796,18.5
"T1|('H', 5, 0.2, 0.0)",T1,"('H', 5, 0.2, 0.0)",3,3.6,0.4911577616019341,19.0
"T1|('H', 5, 0.2, 0.1)",T1,"('H', 5, 0.2, 0.1)",3,4.333333333333333,0.49390360115345366,19.5
"T1|('H', 5, 0.3, -0.3)",T1,"('H', 5, 0.3, -0.3)",3,1.0,0.5,21.0
"T1|('H', 5, 0.3, 0.0)",T1,"('H', 5, 0.3, 0.0)",3,3.0,0.5319081246324235,23.0
"T1|('H', 5, 0.3, 0.15)",T1,"('H', 5, 0.3, 0.15)",3,3.7142857142857144,0.5370930022949241,23.0
"T1|('H', 5, 0.4, -0.4)",T1,"('H', 5, 0.4, -0.4)",3,0.8,0.5000750662292414,23.0
"T1|('H', 5, 0.4, 0.0)",T1,"('H', 5, 0.4, 0.0)",3,2.6666666666666665,0.6202728096141351,27.0
"T1|('H', 5, 0.4, 0.2)",T1,"('H', 5, 0.4, 0.2)",3,3.2,0.6235539124225276,27.0
"T1|('H', 5, 0.5, -0.5)",T1,"('H', 5, 0.5, -0.5)",3,0.6,0.5290056372799479,25.0
"T1|('H', 5, 0.5, 0.0)",T1,"('H', 5, 0.5, 0.0)",3,2.25,0.6971640910984859,31.5
"T1|('H', 5, 0.5, 0.25)",T1,"('H', 5, 0.5, 0.25)",3,2.75,0.6971640910984859,32.0
"T1|('H', 10, 0.1, -0.1)",T1,"('H', 10, 0.1, -0.1)",3,1.375,0.44848860164548865,20.0
"T1|('H', 10, 0.1, 0.0)",T1,"('H', 10, 0.1, 0.0)",3,3.142857142857143,0.46929678320961726,20.0
"T1|('H', 10, 0.1, 0.05)",T1,"('H', 10, 0.1, 0.05)",3,3.5,0.46929678320961726,20.0
"T1|('H', 10, 0.2, -0.2)",T1,"('H', 10, 0.2, -0.2)",3,1.0,0.48161038163161546,22.0
"T1|('H', 10, 0.2, 0.0)",T1,"('H', 10, 0.2, 0.0)",3,2.6666666666666665,0.5207123782312552,24.0
"T1|('H', 10, 0.2, 0.1)",T1,"('H', 10, 0.2, 0.1)",3,3.2,0.5418800383004987,24.0
"T1|('H', 10, 0.3, -0.3)",T1,"('H', 10, 0.3, -0.3)",3,0.75,0.5,24.0
"T1|('H', 10, 0.3, 0.0)",T1,"('H', 10, 0.3, 0.0)",3,2.3333333333333335,0.589746689987202,27.5
"T1|('H', 10, 0.3, 0.15)",T1,"('H', 10, 0.3, 0.15)",3,2.857142857142857,0.6060314347946967,28.0
"T1|('H', 10, 0.4, -0.4)",T1,"('H', 10, 0.4, -0.4)",3,0.6,0.5476349169157255,25.0
"T1|('H', 10, 0.4, 0.0)",T1,"('H', 10, 0.4, 0.0)",3,2.0,0.6834739341162896,32.0
"T1|('H', 10, 0.4, 0.2)",T1,"('H', 10, 0.4, 0.2)",3,2.4,0.7069921645218105,32.0
"T1|('H', 10, 0.5, -0.5)",T1,"('H', 10, 0.5, -0.5)",3,0.2857142857142857,0.5,20.0
"T1|('H', 10, 0.5, 0.0)",T1,"('H', 10, 0.5, 0.0)",3,1.4285714285714286,0.8058853971683961,38.0
"T1|('H', 10, 0.5, 0.25)",T1,"('H', 10, 0.5, 0.25)",3,1.8333333333333333,0.8400083053637765,39.0
"T1|('C', 0, 0.0, 0.5)",T1,"('C', 0, 0.0, 0.5)",3,2.3333333333333335,0.40064050999309847,13.0
"T1|('C', 0, 0.0, 1)",T1,"('C', 0, 0.0, 1)",3,1.8,0.42140900556749833,15.0
"T1|('C', 0, 0.0, 2)",T1,"('C', 0, 0.0, 2)",3,1.4444444444444444,0.44080965777159875,18.5
"T1|('C', 0, 0.0, 4)",T1,"('C', 0, 0.0, 4)",3,1.0,0.4608341586259871,22.0
"T1|('C', 0, 0.0, 8)",T1,"('C', 0, 0.0, 8)",3,0.7,0.5,25.0
"T1|('C', 0, 0.1, 0.5)",T1,"('C', 0, 0.1, 0.5)",3,1.7142857142857142,0.4249881200113056,15.0
"T1|('C', 0, 0.1, 1)",T1,"('C', 0, 0.1, 1)",3,1.4285714285714286,0.44318768844898254,18.0
"T1|('C', 0, 0.1, 2)",T1,"('C', 0, 0.1, 2)",3,1.0,0.48116131932133593,21.0
"T1|('C', 0, 0.1, 4)",T1,"('C', 0, 0.1, 4)",3,0.8,0.5,24.0
"T1|('C', 0, 0.1, 8)",T1,"('C', 0, 0.1, 8)",3,0.5714285714285714,0.5,21.5
"T1|('C', 0, 0.2, 0.5)",T1,"('C', 0, 0.2, 0.5)",3,1.3333333333333333,0.4740031565897579,19.0
"T1|('C', 0, 0.2, 1)",T1,"('C', 0, 0.2, 1)",3,1.0,0.4820704011375552,20.0
"T1|('C', 0, 0.2, 2)",T1,"('C', 0, 0.2, 2)",3,0.8571428571428571,0.5,23.5
"T1|('C', 0, 0.2, 4)",T1,"('C', 0, 0.2, 4)",3,0.6,0.5099523721365878,24.0
"T1|('C', 0, 0.2, 8)",T1,"('C', 0, 0.2, 8)",3,0.2857142857142857,0.5,18.0
"T1|('C', 0, 0.3, 0.5)",T1,"('C', 0, 0.3, 0.5)",3,1.0,0.5139653603247949,21.0
"T1|('C', 0, 0.3, 1)",T1,"('C', 0, 0.3, 1)",3,0.8333333333333334,0.5,23.0
"T1|('C', 0, 0.3, 2)",T1,"('C', 0, 0.3, 2)",3,0.625,0.5,23.0
"T1|('C', 0, 0.3, 4)",T1,"('C', 0, 0.3, 4)",3,0.3333333333333333,0.5,20.0
"T1|('C', 0, 0.3, 8)",T1,"('C', 0, 0.3, 8)",3,0.0,0.5,12.0
"TS|('H', 1, 0.1, -0.1)",TS,"('H', 1, 0.1, -0.1)",3,0.0,0.17138243746896603,3.0
"TS|('H', 1, 0.1, 0.0)",TS,"('H', 1, 0.1, 0.0)",3,1.0,0.3572213797141068,6.5
"TS|('H', 1, 0.1, 0.05)",TS,"('H', 1, 0.1, 0.05)",3,2.142857142857143,0.4709600315143547,7.5
"TS|('H', 1, 0.2, -0.2)",TS,"('H', 1, 0.2, -0.2)",3,0.0,0.2037635535167239,3.5
"TS|('H', 1, 0.2, 0.0)",TS,"('H', 1, 0.2, 0.0)",3,0.4,0.5,12.0
"TS|('H', 1, 0.2, 0.1)",TS,"('H', 1, 0.2, 0.1)",3,2.0,0.536881753017624,23.0
"TS|('H', 1, 0.3, -0.3)",TS,"('H', 1, 0.3, -0.3)",3,0.0,0.5,4.5
"TS|('H', 1, 0.3, 0.0)",TS,"('H', 1, 0.3, 0.0)",3,0.25,0.5,17.5
"TS|('H', 1, 0.3, 0.15)",TS,"('H', 1, 0.3, 0.15)",3,2.0,1.0,55.5
"TS|('H', 1, 0.4, -0.4)",TS,"('H', 1, 0.4, -0.4)",3,0.0,0.5,5.0
"TS|('H', 1, 0.4, 0.0)",TS,"('H', 1, 0.4, 0.0)",3,0.2,0.8383165108799195,25.0
"TS|('H', 1, 0.4, 0.2)",TS,"('H', 1, 0.4, 0.2)",3,0.2857142857142857,1.0,70.5
"TS|('H', 1, 0.5, -0.5)",TS,"('H', 1, 0.5, -0.5)",3,0.0,0.5,5.5
"TS|('H', 1, 0.5, 0.0)",TS,"('H', 1, 0.5, 0.0)",3,0.0,1.0,43.0
"TS|('H', 1, 0.5, 0.25)",TS,"('H', 1, 0.5, 0.25)",3,0.0,1.0,71.0
"TS|('H', 3, 0.1, -0.1)",TS,"('H', 3, 0.1, -0.1)",3,0.0,0.17269711413982267,3.5
"TS|('H', 3, 0.1, 0.0)",TS,"('H', 3, 0.1, 0.0)",3,0.5,0.5,6.0
"TS|('H', 3, 0.1, 0.05)",TS,"('H', 3, 0.1, 0.05)",3,1.0,0.5,8.0
"TS|('H', 3, 0.2, -0.2)",TS,"('H', 3, 0.2, -0.2)",3,0.0,0.39926844393087163,3.5
"TS|('H', 3, 0.2, 0.0)",TS,"('H', 3, 0.2, 0.0)",3,0.2,0.5,9.5
"TS|('H', 3, 0.2, 0.1)",TS,"('H', 3, 0.2, 0.1)",3,1.0,0.570828833155042,23.0
"TS|('H', 3, 0.3, -0.3)",TS,"('H', 3, 0.3, -0.3)",3,0.0,0.5,3.5
"TS|('H', 3, 0.3, 0.0)",TS,"('H', 3, 0.3, 0.0)",3,0.2,0.5,12.0
"TS|('H', 3, 0.3, 0.15)",TS,"('H', 3, 0.3, 0.15)",3,0.8888888888888888,1.0,51.0
"TS|('H', 3, 0.4, -0.4)",TS,"('H', 3, 0.4, -0.4)",3,0.0,0.5,5.5
"TS|('H', 3, 0.4, 0.0)",TS,"('H', 3, 0.4, 0.0)",3,0.14285714285714285,0.5484446093376415,22.5
"TS|('H', 3, 0.4, 0.2)",TS,"('H', 3, 0.4, 0.2)",3,0.2,1.0,67.0
"TS|('H', 3, 0.5, -0.5)",TS,"('H', 3, 0.5, -0.5)",3,0.0,0.5,5.5
"TS|('H', 3, 0.5, 0.0)",TS,"('H', 3, 0.5, 0.0)",3,0.0,1.0,32.0
"TS|('H', 3, 0.5, 0.25)",TS,"('H', 3, 0.5, 0.25)",3,0.0,1.0,70.0
"TS|('H', 5, 0.1, -0.1)",TS,"('H', 5, 0.1, -0.1)",3,0.0,0.11942230065771531,3.5
"TS|('H', 5, 0.1, 0.0)",TS,"('H', 5, 0.1, 0.0)",3,0.4,0.5,6.5
"TS|('H', 5, 0.1, 0.05)",TS,"('H', 5, 0.1, 0.05)",3,0.8,0.5,8.0
"TS|('H', 5, 0.2, -0.2)",TS,"('H', 5, 0.2, -0.2)",3,0.0,0.5,3.5
"TS|('H', 5, 0.2, 0.0)",TS,"('H', 5, 0.2, 0.0)",3,0.2,0.5,8.0
"TS|('H', 5, 0.2, 0.1)",TS,"('H', 5, 0.2, 0.1)",3,0.7777777777777778,0.5,22.0
"TS|('H', 5, 0.3, -0.3)",TS,"('H', 5, 0.3, -0.3)",3,0.0,0.5,3.5
"TS|('H', 5, 0.3, 0.0)",TS,"('H', 5, 0.3, 0.0)",3,0.16666666666666666,0.5,10.5
"TS|('H', 5, 0.3, 0.15)",TS,"('H', 5, 0.3, 0.15)",3,0.75,1.0,51.0
"TS|('H', 5, 0.4, -0.4)",TS,"('H', 5, 0.4, -0.4)",3,0.0,0.5,5.5
"TS|('H', 5, 0.4, 0.0)",TS,"('H', 5, 0.4, 0.0)",3,0.14285714285714285,0.5,21.0
"TS|('H', 5, 0.4, 0.2)",TS,"('H', 5, 0.4, 0.2)",3,0.16666666666666666,1.0,65.0
"TS|('H', 5, 0.5, -0.5)",TS,"('H', 5, 0.5, -0.5)",3,0.0,0.5,5.5
"TS|('H', 5, 0.5, 0.0)",TS,"('H', 5, 0.5, 0.0)",3,0.0,1.0,29.0
"TS|('H', 5, 0.5, 0.25)",TS,"('H', 5, 0.5, 0.25)",3,0.0,1.0,69.0
"TS|('H', 10, 0.1, -0.1)",TS,"('H', 10, 0.1, -0.1)",3,0.0,0.33199216424676764,3.0
"TS|('H', 10, 0.1, 0.0)",TS,"('H', 10, 0.1, 0.0)",3,0.3333333333333333,0.5,6.5
"TS|('H', 10, 0.1, 0.05)",TS,"('H', 10, 0.1, 0.05)",3,0.5,0.5,9.0
"TS|('H', 10, 0.2, -0.2)",TS,"('H', 10, 0.2, -0.2)",3,0.0,0.5,3.5
"TS|('H', 10, 0.2, 0.0)",TS,"('H', 10, 0.2, 0.0)",3,0.16666666666666666,0.5,7.5
"TS|('H', 10, 0.2, 0.1)",TS,"('H', 10, 0.2, 0.1)",3,0.5,0.5,15.5
"TS|('H', 10, 0.3, -0.3)",TS,"('H', 10, 0.3, -0.3)",3,0.0,0.5,3.5
"TS|('H', 10, 0.3, 0.0)",TS,"('H', 10, 0.3, 0.0)",3,0.14285714285714285,0.5,11.0
"TS|('H', 10, 0.3, 0.15)",TS,"('H', 10, 0.3, 0.15)",3,0.6,1.0,49.5
"TS|('H', 10, 0.4, -0.4)",TS,"('H', 10, 0.4, -0.4)",3,0.0,0.5,5.5
"TS|('H', 10, 0.4, 0.0)",TS,"('H', 10, 0.4, 0.0)",3,0.1111111111111111,0.5,20.0
"TS|('H', 10, 0.4, 0.2)",TS,"('H', 10, 0.4, 0.2)",3,0.0,1.0,65.0
"TS|('H', 10, 0.5, -0.5)",TS,"('H', 10, 0.5, -0.5)",3,0.0,0.5,6.5
"TS|('H', 10, 0.5, 0.0)",TS,"('H', 10, 0.5, 0.0)",3,0.0,1.0,25.0
"TS|('H', 10, 0.5, 0.25)",TS,"('H', 10, 0.5, 0.25)",3,0.0,1.0,68.0
"TS|('C', 0, 0.0, 0.5)",TS,"('C', 0, 0.0, 0.5)",3,0.2,0.0,0.0
"TS|('C', 0, 0.0, 1)",TS,"('C', 0, 0.0, 1)",3,0.14285714285714285,0.0,0.0
"TS|('C', 0, 0.0, 2)",TS,"('C', 0, 0.0, 2)",3,0.0,0.15038692323764322,3.0
"TS|('C', 0, 0.0, 4)",TS,"('C', 0, 0.0, 4)",3,0.0,0.22307620151580507,4.5
"TS|('C', 0, 0.0, 8)",TS,"('C', 0, 0.0, 8)",3,0.0,0.5,5.0
"TS|('C', 0, 0.1, 0.5)",TS,"('C', 0, 0.1, 0.5)",3,0.0,0.4118904178999672,3.0
"TS|('C', 0, 0.1, 1)",TS,"('C', 0, 0.1, 1)",3,0.0,0.5,4.5
"TS|('C', 0, 0.1, 2)",TS,"('C', 0, 0.1, 2)",3,0.0,0.5,4.5
"TS|('C', 0, 0.1, 4)",TS,"('C', 0, 0.1, 4)",3,0.0,0.5,4.5
"TS|('C', 0, 0.1, 8)",TS,"('C', 0, 0.1, 8)",3,0.0,0.5,4.0
"TS|('C', 0, 0.2, 0.5)",TS,"('C', 0, 0.2, 0.5)",3,0.0,0.5,4.5
"TS|('C', 0, 0.2, 1)",TS,"('C', 0, 0.2, 1)",3,0.0,0.5,4.0
"TS|('C', 0, 0.2, 2)",TS,"('C', 0, 0.2, 2)",3,0.0,0.5,4.0
"TS|('C', 0, 0.2, 4)",TS,"('C', 0, 0.2, 4)",3,0.0,0.5,5.0
"TS|('C', 0, 0.2, 8)",TS,"('C', 0, 0.2, 8)",3,0.0,0.5,5.5
"TS|('C', 0, 0.3, 0.5)",TS,"('C', 0, 0.3, 0.5)",3,0.0,0.5,5.0
"TS|('C', 0, 0.3, 1)",TS,"('C', 0, 0.3, 1)",3,0.0,0.5,5.0
"TS|('C', 0, 0.3, 2)",TS,"('C', 0, 0.3, 2)",3,0.0,0.5,5.5
"TS|('C', 0, 0.3, 4)",TS,"('C', 0, 0.3, 4)",3,0.0,0.5,5.5
"TS|('C', 0, 0.3, 8)",TS,"('C', 0, 0.3, 8)",3,0.0,0.5,6.5
"RV|('H', 1, 0.1, -0.1)",RV,"('H', 1, 0.1, -0.1)",3,4.5,0.36124513583877377,11.0
"RV|('H', 1, 0.1, 0.0)",RV,"('H', 1, 0.1, 0.0)",3,7.2,0.36124513583877377,11.0
"RV|('H', 1, 0.1, 0.05)",RV,"('H', 1, 0.1, 0.05)",3,8.5,0.36124513583877377,11.0
"RV|('H', 1, 0.2, -0.2)",RV,"('H', 1, 0.2, -0.2)",3,3.1666666666666665,0.38862758878337245,12.5
"RV|('H', 1, 0.2, 0.0)",RV,"('H', 1, 0.2, 0.0)",3,7.0,0.3978501233096347,12.5
"RV|('H', 1, 0.2, 0.1)",RV,"('H', 1, 0.2, 0.1)",3,9.0,0.3978501233096347,12.5
"RV|('H', 1, 0.3, -0.3)",RV,"('H', 1, 0.3, -0.3)",3,2.3333333333333335,0.4190668399398467,14.0
"RV|('H', 1, 0.3, 0.0)",RV,"('H', 1, 0.3, 0.0)",3,6.5,0.4199912676775156,14.0
"RV|('H', 1, 0.3, 0.15)",RV,"('H', 1, 0.3, 0.15)",3,8.4,0.4199912676775156,14.0
"RV|('H', 1, 0.4, -0.4)",RV,"('H', 1, 0.4, -0.4)",3,1.8,0.4484014983135227,15.5
"RV|('H', 1, 0.4, 0.0)",RV,"('H', 1, 0.4, 0.0)",3,5.428571428571429,0.45269137122767866,16.0
"RV|('H', 1, 0.4, 0.2)",RV,"('H', 1, 0.4, 0.2)",3,7.714285714285714,0.45269137122767866,16.0
"RV|('H', 1, 0.5, -0.5)",RV,"('H', 1, 0.5, -0.5)",3,1.4,0.48965121256899136,18.5
"RV|('H', 1, 0.5, 0.0)",RV,"('H', 1, 0.5, 0.0)",3,4.6,0.5,19.0
"RV|('H', 1, 0.5, 0.25)",RV,"('H', 1, 0.5, 0.25)",3,6.6,0.5,19.0
"RV|('H', 3, 0.1, -0.1)",RV,"('H', 3, 0.1, -0.1)",3,2.375,0.4004038744065299,14.0
"RV|('H', 3, 0.1, 0.0)",RV,"('H', 3, 0.1, 0.0)",3,4.444444444444445,0.4082834279620515,14.0
"RV|('H', 3, 0.1, 0.05)",RV,"('H', 3, 0.1, 0.05)",3,5.4,0.41162415017430126,14.0
"RV|('H', 3, 0.2, -0.2)",RV,"('H', 3, 0.2, -0.2)",3,1.8,0.42550524399720335,15.0
"RV|('H', 3, 0.2, 0.0)",RV,"('H', 3, 0.2, 0.0)",3,4.5,0.4281248709609992,15.5
"RV|('H', 3, 0.2, 0.1)",RV,"('H', 3, 0.2, 0.1)",3,5.2,0.4301165190817423,16.0
"RV|('H', 3, 0.3, -0.3)",RV,"('H', 3, 0.3, -0.3)",3,1.4285714285714286,0.44986363206871144,17.0
"RV|('H', 3, 0.3, 0.0)",RV,"('H', 3, 0.3, 0.0)",3,4.0,0.473198838004827,18.0
"RV|('H', 3, 0.3, 0.15)",RV,"('H', 3, 0.3, 0.15)",3,4.625,0.47359809096735267,18.0
"RV|('H', 3, 0.4, -0.4)",RV,"('H', 3, 0.4, -0.4)",3,1.1428571428571428,0.5,20.0
"RV|('H', 3, 0.4, 0.0)",RV,"('H', 3, 0.4, 0.0)",3,3.4,0.5075164346566644,21.5
"RV|('H', 3, 0.4, 0.2)",RV,"('H', 3, 0.4, 0.2)",3,4.166666666666667,0.5152712815481315,22.0
"RV|('H', 3, 0.5, -0.5)",RV,"('H', 3, 0.5, -0.5)",3,1.0,0.5,22.0
"RV|('H', 3, 0.5, 0.0)",RV,"('H', 3, 0.5, 0.0)",3,2.875,0.5571198754584612,24.0
"RV|('H', 3, 0.5, 0.25)",RV,"('H', 3, 0.5, 0.25)",3,3.6666666666666665,0.5653951871163022,24.5
"RV|('H', 5, 0.1, -0.1)",RV,"('H', 5, 0.1, -0.1)",3,1.875,0.42711052873206695,15.0
"RV|('H', 5, 0.1, 0.0)",RV,"('H', 5, 0.1, 0.0)",3,4.0,0.42879643786293076,15.0
"RV|('H', 5, 0.1, 0.05)",RV,"('H', 5, 0.1, 0.05)",3,4.571428571428571,0.43000057312154155,15.0
"RV|('H', 5, 0.2, -0.2)",RV,"('H', 5, 0.2, -0.2)",3,1.5714285714285714,0.44582379171736264,17.0
"RV|('H', 5, 0.2, 0.0)",RV,"('H', 5, 0.2, 0.0)",3,3.7777777777777777,0.45186407788696037,17.5
"RV|('H', 5, 0.2, 0.1)",RV,"('H', 5, 0.2, 0.1)",3,4.285714285714286,0.45362995318719934,18.0
"RV|('H', 5, 0.3, -0.3)",RV,"('H', 5, 0.3, -0.3)",3,1.1428571428571428,0.47892902515179175,19.0
"RV|('H', 5, 0.3, 0.0)",RV,"('H', 5, 0.3, 0.0)",3,3.2857142857142856,0.5,21.0
"RV|('H', 5, 0.3, 0.15)",RV,"('H', 5, 0.3, 0.15)",3,3.7142857142857144,0.5,21.0
"RV|('H', 5, 0.4, -0.4)",RV,"('H', 5, 0.4, -0.4)",3,1.0,0.5,22.0
"RV|('H', 5, 0.4, 0.0)",RV,"('H', 5, 0.4, 0.0)",3,3.0,0.5393187288238882,24.0
"RV|('H', 5, 0.4, 0.2)",RV,"('H', 5, 0.4, 0.2)",3,3.3333333333333335,0.5517629470562336,24.0
"RV|('H', 5, 0.5, -0.5)",RV,"('H', 5, 0.5, -0.5)",3,0.7,0.5,23.0
"RV|('H', 5, 0.5, 0.0)",RV,"('H', 5, 0.5, 0.0)",3,2.5,0.6052115571129117,28.0
"RV|('H', 5, 0.5, 0.25)",RV,"('H', 5, 0.5, 0.25)",3,3.0,0.6099257361728532,28.0
"RV|('H', 10, 0.1, -0.1)",RV,"('H', 10, 0.1, -0.1)",3,1.4285714285714286,0.4489059595379975,17.5
"RV|('H', 10, 0.1, 0.0)",RV,"('H', 10, 0.1, 0.0)",3,3.2,0.4583702697510921,18.5
"RV|('H', 10, 0.1, 0.05)",RV,"('H', 10, 0.1, 0.05)",3,3.4285714285714284,0.4583702697510921,19.0
"RV|('H', 10, 0.2, -0.2)",RV,"('H', 10, 0.2, -0.2)",3,1.0,0.49689256437812335,20.0
"RV|('H', 10, 0.2, 0.0)",RV,"('H', 10, 0.2, 0.0)",3,2.8,0.5,22.0
"RV|('H', 10, 0.2, 0.1)",RV,"('H', 10, 0.2, 0.1)",3,3.111111111111111,0.505648558448174,22.5
"RV|('H', 10, 0.3, -0.3)",RV,"('H', 10, 0.3, -0.3)",3,0.8571428571428571,0.4944500777362413,23.0
"RV|('H', 10, 0.3, 0.0)",RV,"('H', 10, 0.3, 0.0)",3,2.4,0.5161622982459719,26.0
"RV|('H', 10, 0.3, 0.15)",RV,"('H', 10, 0.3, 0.15)",3,2.6666666666666665,0.5352680586875371,26.0
"RV|('H', 10, 0.4, -0.4)",RV,"('H', 10, 0.4, -0.4)",3,0.6666666666666666,0.5,23.0
"RV|('H', 10, 0.4, 0.0)",RV,"('H', 10, 0.4, 0.0)",3,2.0,0.5967687433469874,29.0
"RV|('H', 10, 0.4, 0.2)",RV,"('H', 10, 0.4, 0.2)",3,2.5,0.6277371956660552,29.0
"RV|('H', 10, 0.5, -0.5)",RV,"('H', 10, 0.5, -0.5)",3,0.4444444444444444,0.5,20.0
"RV|('H', 10, 0.5, 0.0)",RV,"('H', 10, 0.5, 0.0)",3,1.6666666666666667,0.6990074225532502,31.5
"RV|('H', 10, 0.5, 0.25)",RV,"('H', 10, 0.5, 0.25)",3,2.0,0.7105131684937027,32.0
"RV|('C', 0, 0.0, 0.5)",RV,"('C', 0, 0.0, 0.5)",3,2.6,0.4004038744065299,13.0
"RV|('C', 0, 0.0, 1)",RV,"('C', 0, 0.0, 1)",3,2.0,0.4143664245870117,14.0
"RV|('C', 0, 0.0, 2)",RV,"('C', 0, 0.0, 2)",3,1.5714285714285714,0.43701002402105404,17.0
"RV|('C', 0, 0.0, 4)",RV,"('C', 0, 0.0, 4)",3,1.0,0.4770918529531984,22.0
"RV|('C', 0, 0.0, 8)",RV,"('C', 0, 0.0, 8)",3,0.75,0.5,23.0
"RV|('C', 0, 0.1, 0.5)",RV,"('C', 0, 0.1, 0.5)",3,2.0,0.4275039349064229,14.0
"RV|('C', 0, 0.1, 1)",RV,"('C', 0, 0.1, 1)",3,1.7142857142857142,0.4325147243714483,16.0
"RV|('C', 0, 0.1, 2)",RV,"('C', 0, 0.1, 2)",3,1.2,0.4710896326992577,19.0
"RV|('C', 0, 0.1, 4)",RV,"('C', 0, 0.1, 4)",3,1.0,0.484974975282746,22.0
"RV|('C', 0, 0.1, 8)",RV,"('C', 0, 0.1, 8)",3,0.5714285714285714,0.5,20.0
"RV|('C', 0, 0.2, 0.5)",RV,"('C', 0, 0.2, 0.5)",3,1.7142857142857142,0.4388736322020703,16.0
"RV|('C', 0, 0.2, 1)",RV,"('C', 0, 0.2, 1)",3,1.3333333333333333,0.45808230032644986,18.0
"RV|('C', 0, 0.2, 2)",RV,"('C', 0, 0.2, 2)",3,1.0,0.4980906403279801,20.5
"RV|('C', 0, 0.2, 4)",RV,"('C', 0, 0.2, 4)",3,0.6666666666666666,0.5,23.0
"RV|('C', 0, 0.2, 8)",RV,"('C', 0, 0.2, 8)",3,0.4,0.5,16.0
"RV|('C', 0, 0.3, 0.5)",RV,"('C', 0, 0.3, 0.5)",3,1.2857142857142858,0.4795494384993335,18.0
"RV|('C', 0, 0.3, 1)",RV,"('C', 0, 0.3, 1)",3,1.0,0.5,20.0
"RV|('C', 0, 0.3, 2)",RV,"('C', 0, 0.3, 2)",3,0.8,0.49316749702196827,22.5
"RV|('C', 0, 0.3, 4)",RV,"('C', 0, 0.3, 4)",3,0.5,0.5,19.0
"RV|('C', 0, 0.3, 8)",RV,"('C', 0, 0.3, 8)",3,0.25,0.5,12.0
"B0.5|('H', 1, 0.1, -0.1)",B0.5,"('H', 1, 0.1, -0.1)",4,9.0,0.22840194876826772,3.75
"B0.5|('H', 1, 0.1, 0.0)",B0.5,"('H', 1, 0.1, 0.0)",4,15.45,0.22840194876826772,3.75
"B0.5|('H', 1, 0.1, 0.05)",B0.5,"('H', 1, 0.1, 0.05)",4,18.24285714285714,0.22840194876826772,4.0
"B0.5|('H', 1, 0.2, -0.2)",B0.5,"('H', 1, 0.2, -0.2)",4,6.225,0.257286484344068,4.0
"B0.5|('H', 1, 0.2, 0.0)",B0.5,"('H', 1, 0.2, 0.0)",4,14.816666666666666,0.257286484344068,4.0
"B0.5|('H', 1, 0.2, 0.1)",B0.5,"('H', 1, 0.2, 0.1)",4,19.2,0.257286484344068,4.5
"B0.5|('H', 1, 0.3, -0.3)",B0.5,"('H', 1, 0.3, -0.3)",4,4.775,0.28683738139939496,5.0
"B0.5|('H', 1, 0.3, 0.0)",B0.5,"('H', 1, 0.3, 0.0)",4,13.6,0.28815278204927475,5.0
"B0.5|('H', 1, 0.3, 0.15)",B0.5,"('H', 1, 0.3, 0.15)",4,18.6,0.28815278204927475,5.0
"B0.5|('H', 1, 0.4, -0.4)",B0.5,"('H', 1, 0.4, -0.4)",4,3.6,0.30922972856491293,7.0
"B0.5|('H', 1, 0.4, 0.0)",B0.5,"('H', 1, 0.4, 0.0)",4,12.0,0.31298878098622096,7.0
"B0.5|('H', 1, 0.4, 0.2)",B0.5,"('H', 1, 0.4, 0.2)",4,17.299999999999997,0.31298878098622096,7.0
"B0.5|('H', 1, 0.5, -0.5)",B0.5,"('H', 1, 0.5, -0.5)",4,2.6,0.3190107376523067,8.75
"B0.5|('H', 1, 0.5, 0.0)",B0.5,"('H', 1, 0.5, 0.0)",4,9.1,0.38700032259915695,10.0
"B0.5|('H', 1, 0.5, 0.25)",B0.5,"('H', 1, 0.5, 0.25)",4,14.083333333333332,0.38700032259915695,10.0
"B0.5|('H', 3, 0.1, -0.1)",B0.5,"('H', 3, 0.1, -0.1)",4,4.6,0.2925080531934329,6.0
"B0.5|('H', 3, 0.1, 0.0)",B0.5,"('H', 3, 0.1, 0.0)",4,9.55,0.2925080531934329,6.0
"B0.5|('H', 3, 0.1, 0.05)",B0.5,"('H', 3, 0.1, 0.05)",4,11.4,0.2925080531934329,6.0
"B0.5|('H', 3, 0.2, -0.2)",B0.5,"('H', 3, 0.2, -0.2)",4,3.55,0.325301713453539,7.0
"B0.5|('H', 3, 0.2, 0.0)",B0.5,"('H', 3, 0.2, 0.0)",4,9.1,0.329805391977781,7.0
"B0.5|('H', 3, 0.2, 0.1)",B0.5,"('H', 3, 0.2, 0.1)",4,10.614285714285714,0.329805391977781,7.0
"B0.5|('H', 3, 0.3, -0.3)",B0.5,"('H', 3, 0.3, -0.3)",4,2.8333333333333335,0.3549366284977299,8.5
"B0.5|('H', 3, 0.3, 0.0)",B0.5,"('H', 3, 0.3, 0.0)",4,8.0,0.3685394633871487,9.25
"B0.5|('H', 3, 0.3, 0.15)",B0.5,"('H', 3, 0.3, 0.15)",4,10.0,0.36904743950957963,9.75
"B0.5|('H', 3, 0.4, -0.4)",B0.5,"('H', 3, 0.4, -0.4)",4,2.071428571428571,0.38506784221546375,12.0
"B0.5|('H', 3, 0.4, 0.0)",B0.5,"('H', 3, 0.4, 0.0)",4,6.333333333333333,0.4331945127285708,12.25
"B0.5|('H', 3, 0.4, 0.2)",B0.5,"('H', 3, 0.4, 0.2)",4,8.0,0.43448575622510066,12.5
"B0.5|('H', 3, 0.5, -0.5)",B0.5,"('H', 3, 0.5, -0.5)",4,0.75,0.5,15.0
"B0.5|('H', 3, 0.5, 0.0)",B0.5,"('H', 3, 0.5, 0.0)",4,4.0,0.6813163659663828,20.0
"B0.5|('H', 3, 0.5, 0.25)",B0.5,"('H', 3, 0.5, 0.25)",4,5.267857142857142,0.6908301000756112,20.0
"B0.5|('H', 5, 0.1, -0.1)",B0.5,"('H', 5, 0.1, -0.1)",4,3.6333333333333333,0.322506972289157,7.5
"B0.5|('H', 5, 0.1, 0.0)",B0.5,"('H', 5, 0.1, 0.0)",4,8.2,0.322698143328519,7.5
"B0.5|('H', 5, 0.1, 0.05)",B0.5,"('H', 5, 0.1, 0.05)",4,9.375,0.3234090506310555,7.5
"B0.5|('H', 5, 0.2, -0.2)",B0.5,"('H', 5, 0.2, -0.2)",4,3.0,0.345430604600192,9.0
"B0.5|('H', 5, 0.2, 0.0)",B0.5,"('H', 5, 0.2, 0.0)",4,7.2,0.35239828222827146,9.5
"B0.5|('H', 5, 0.2, 0.1)",B0.5,"('H', 5, 0.2, 0.1)",4,8.485714285714286,0.35239828222827146,10.0
"B0.5|('H', 5, 0.3, -0.3)",B0.5,"('H', 5, 0.3, -0.3)",4,2.25,0.37863131173525877,11.5
"B0.5|('H', 5, 0.3, 0.0)",B0.5,"('H', 5, 0.3, 0.0)",4,6.0,0.4245821334442839,12.0
"B0.5|('H', 5, 0.3, 0.15)",B0.5,"('H', 5, 0.3, 0.15)",4,7.291666666666666,0.4248435910225573,12.25
"B0.5|('H', 5, 0.4, -0.4)",B0.5,"('H', 5, 0.4, -0.4)",4,1.5,0.4594547869882797,14.25
"B0.5|('H', 5, 0.4, 0.0)",B0.5,"('H', 5, 0.4, 0.0)",4,4.8,0.5219132640595532,16.0
"B0.5|('H', 5, 0.4, 0.2)",B0.5,"('H', 5, 0.4, 0.2)",4,5.6,0.5266690908730891,16.5
"B0.5|('H', 5, 0.5, -0.5)",B0.5,"('H', 5, 0.5, -0.5)",4,0.2857142857142857,0.5,15.0
"B0.5|('H', 5, 0.5, 0.0)",B0.5,"('H', 5, 0.5, 0.0)",4,2.7142857142857144,0.8783060385482598,27.0
"B0.5|('H', 5, 0.5, 0.25)",B0.5,"('H', 5, 0.5, 0.25)",4,3.708333333333333,0.8783060385482598,27.0
"B0.5|('H', 10, 0.1, -0.1)",B0.5,"('H', 10, 0.1, -0.1)",4,2.6,0.3481247336140534,10.0
"B0.5|('H', 10, 0.1, 0.0)",B0.5,"('H', 10, 0.1, 0.0)",4,6.4,0.37468133011926935,10.25
"B0.5|('H', 10, 0.1, 0.05)",B0.5,"('H', 10, 0.1, 0.05)",4,6.8,0.3752178155771485,11.0
"B0.5|('H', 10, 0.2, -0.2)",B0.5,"('H', 10, 0.2, -0.2)",4,2.0,0.38902618746756434,13.0
"B0.5|('H', 10, 0.2, 0.0)",B0.5,"('H', 10, 0.2, 0.0)",4,5.2,0.4184933904199012,14.0
"B0.5|('H', 10, 0.2, 0.1)",B0.5,"('H', 10, 0.2, 0.1)",4,5.690476190476191,0.4254856364271756,14.0
"B0.5|('H', 10, 0.3, -0.3)",B0.5,"('H', 10, 0.3, -0.3)",4,1.3333333333333333,0.455041637564308,17.0
"B0.5|('H', 10, 0.3, 0.0)",B0.5,"('H', 10, 0.3, 0.0)",4,4.0,0.5325365684674706,18.0
"B0.5|('H', 10, 0.3, 0.15)",B0.5,"('H', 10, 0.3, 0.15)",4,4.757142857142857,0.5351144700552204,18.0
"B0.5|('H', 10, 0.4, -0.4)",B0.5,"('H', 10, 0.4, -0.4)",4,0.5,0.5,18.0
"B0.5|('H', 10, 0.4, 0.0)",B0.5,"('H', 10, 0.4, 0.0)",4,2.8,0.7563978294479545,26.0
"B0.5|('H', 10, 0.4, 0.2)",B0.5,"('H', 10, 0.4, 0.2)",4,3.3666666666666667,0.7624253648362178,26.0
"B0.5|('H', 10, 0.5, -0.5)",B0.5,"('H', 10, 0.5, -0.5)",4,0.0,0.7538831615081661,16.0
"B0.5|('H', 10, 0.5, 0.0)",B0.5,"('H', 10, 0.5, 0.0)",4,1.6666666666666667,1.0,38.0
"B0.5|('H', 10, 0.5, 0.25)",B0.5,"('H', 10, 0.5, 0.25)",4,2.2857142857142856,1.0,39.0
"B0.5|('C', 0, 0.0, 0.5)",B0.5,"('C', 0, 0.0, 0.5)",4,5.0,0.2850655559140396,5.0
"B0.5|('C', 0, 0.0, 1)",B0.5,"('C', 0, 0.0, 1)",4,3.8,0.3072460733181557,7.0
"B0.5|('C', 0, 0.0, 2)",B0.5,"('C', 0, 0.0, 2)",4,2.916666666666667,0.3201764028093314,9.5
"B0.5|('C', 0, 0.0, 4)",B0.5,"('C', 0, 0.0, 4)",4,1.8,0.39719647374301875,13.0
"B0.5|('C', 0, 0.0, 8)",B0.5,"('C', 0, 0.0, 8)",4,1.0,0.47561511217789687,20.0
"B0.5|('C', 0, 0.1, 0.5)",B0.5,"('C', 0, 0.1, 0.5)",4,4.0,0.30864685344393084,6.0
"B0.5|('C', 0, 0.1, 1)",B0.5,"('C', 0, 0.1, 1)",4,3.0,0.3441702528505638,8.0
"B0.5|('C', 0, 0.1, 2)",B0.5,"('C', 0, 0.1, 2)",4,2.2,0.3664970102215015,11.0
"B0.5|('C', 0, 0.1, 4)",B0.5,"('C', 0, 0.1, 4)",4,1.3333333333333333,0.47176947129897284,16.0
"B0.5|('C', 0, 0.1, 8)",B0.5,"('C', 0, 0.1, 8)",4,0.4722222222222222,0.5,22.0
"B0.5|('C', 0, 0.2, 0.5)",B0.5,"('C', 0, 0.2, 0.5)",4,3.1833333333333336,0.349730809541946,7.75
"B0.5|('C', 0, 0.2, 1)",B0.5,"('C', 0, 0.2, 1)",4,2.5357142857142856,0.35221975790902305,10.25
"B0.5|('C', 0, 0.2, 2)",B0.5,"('C', 0, 0.2, 2)",4,1.5714285714285714,0.4214104678416486,13.0
"B0.5|('C', 0, 0.2, 4)",B0.5,"('C', 0, 0.2, 4)",4,0.6666666666666666,0.49802949773836236,18.75
"B0.5|('C', 0, 0.2, 8)",B0.5,"('C', 0, 0.2, 8)",4,0.0,0.5451345073064118,21.0
"B0.5|('C', 0, 0.3, 0.5)",B0.5,"('C', 0, 0.3, 0.5)",4,2.4285714285714284,0.3560743014464842,10.0
"B0.5|('C', 0, 0.3, 1)",B0.5,"('C', 0, 0.3, 1)",4,1.6666666666666667,0.41680210259494516,13.0
"B0.5|('C', 0, 0.3, 2)",B0.5,"('C', 0, 0.3, 2)",4,0.7638888888888888,0.4899524789942434,17.5
"B0.5|('C', 0, 0.3, 4)",B0.5,"('C', 0, 0.3, 4)",4,0.1111111111111111,0.5,18.0
"B0.5|('C', 0, 0.3, 8)",B0.5,"('C', 0, 0.3, 8)",4,0.0,1.0,22.0
"B1|('H', 1, 0.1, -0.1)",B1,"('H', 1, 0.1, -0.1)",4,4.4,0.3489173730722198,6.5
"B1|('H', 1, 0.1, 0.0)",B1,"('H', 1, 0.1, 0.0)",4,8.7,0.3489173730722198,6.5
"B1|('H', 1, 0.1, 0.05)",B1,"('H', 1, 0.1, 0.05)",4,11.4,0.3489173730722198,6.5
"B1|('H', 1, 0.2, -0.2)",B1,"('H', 1, 0.2, -0.2)",4,3.0,0.3867239661445545,8.0
"B1|('H', 1, 0.2, 0.0)",B1,"('H', 1, 0.2, 0.0)",4,7.55,0.3867239661445545,8.0
"B1|('H', 1, 0.2, 0.1)",B1,"('H', 1, 0.2, 0.1)",4,10.775,0.3867239661445545,8.5
"B1|('H', 1, 0.3, -0.3)",B1,"('H', 1, 0.3, -0.3)",4,2.0,0.4440523294907407,11.0
"B1|('H', 1, 0.3, 0.0)",B1,"('H', 1, 0.3, 0.0)",4,6.657142857142857,0.4470682489451366,11.0
"B1|('H', 1, 0.3, 0.15)",B1,"('H', 1, 0.3, 0.15)",4,9.7,0.4470682489451366,11.25
"B1|('H', 1, 0.4, -0.4)",B1,"('H', 1, 0.4, -0.4)",4,1.5,0.4792509983904988,14.0
"B1|('H', 1, 0.4, 0.0)",B1,"('H', 1, 0.4, 0.0)",4,5.55,0.5001651117212127,14.0
"B1|('H', 1, 0.4, 0.2)",B1,"('H', 1, 0.4, 0.2)",4,8.183333333333334,0.5004637531474242,14.0
"B1|('H', 1, 0.5, -0.5)",B1,"('H', 1, 0.5, -0.5)",4,0.6666666666666666,0.5937171320392904,19.0
"B1|('H', 1, 0.5, 0.0)",B1,"('H', 1, 0.5, 0.0)",4,3.3875,0.6555410144952499,21.0
"B1|('H', 1, 0.5, 0.25)",B1,"('H', 1, 0.5, 0.25)",4,5.309523809523809,0.6555410144952499,21.25
"B1|('H', 3, 0.1, -0.1)",B1,"('H', 3, 0.1, -0.1)",4,2.4,0.4098795219325234,10.0
"B1|('H', 3, 0.1, 0.0)",B1,"('H', 3, 0.1, 0.0)",4,5.4,0.4098795219325234,10.0
"B1|('H', 3, 0.1, 0.05)",B1,"('H', 3, 0.1, 0.05)",4,6.5,0.4098795219325234,10.0
"B1|('H', 3, 0.2, -0.2)",B1,"('H', 3, 0.2, -0.2)",4,1.8,0.44057676030024545,12.0
"B1|('H', 3, 0.2, 0.0)",B1,"('H', 3, 0.2, 0.0)",4,4.8,0.4596502451744088,12.75
"B1|('H', 3, 0.2, 0.1)",B1,"('H', 3, 0.2, 0.1)",4,5.9,0.4596502451744088,12.75
"B1|('H', 3, 0.3, -0.3)",B1,"('H', 3, 0.3, -0.3)",4,1.4,0.5011127607072419,14.25
"B1|('H', 3, 0.3, 0.0)",B1,"('H', 3, 0.3, 0.0)",4,4.0,0.5287354660514263,15.0
"B1|('H', 3, 0.3, 0.15)",B1,"('H', 3, 0.3, 0.15)",4,5.5,0.5322570842226078,15.0
"B1|('H', 3, 0.4, -0.4)",B1,"('H', 3, 0.4, -0.4)",4,1.0,0.542241675330115,18.0
"B1|('H', 3, 0.4, 0.0)",B1,"('H', 3, 0.4, 0.0)",4,3.2,0.5881620079487535,21.0
"B1|('H', 3, 0.4, 0.2)",B1,"('H', 3, 0.4, 0.2)",4,4.6,0.5881620079487535,21.0
"B1|('H', 3, 0.5, -0.5)",B1,"('H', 3, 0.5, -0.5)",4,0.5,0.5996277784345897,20.75
"B1|('H', 3, 0.5, 0.0)",B1,"('H', 3, 0.5, 0.0)",4,2.1833333333333336,0.7838123128330696,28.75
"B1|('H', 3, 0.5, 0.25)",B1,"('H', 3, 0.5, 0.25)",4,3.0,0.7838123128330696,29.0
"B1|('H', 5, 0.1, -0.1)",B1,"('H', 5, 0.1, -0.1)",4,2.0,0.4478320990573745,11.0
"B1|('H', 5, 0.1, 0.0)",B1,"('H', 5, 0.1, 0.0)",4,4.633333333333333,0.45491520621571313,11.75
"B1|('H', 5, 0.1, 0.05)",B1,"('H', 5, 0.1, 0.05)",4,5.2,0.45491520621571313,11.75
"B1|('H', 5, 0.2, -0.2)",B1,"('H', 5, 0.2, -0.2)",4,1.5,0.4517333940096613,13.0
"B1|('H', 5, 0.2, 0.0)",B1,"('H', 5, 0.2, 0.0)",4,4.0,0.47178474433119677,14.0
"B1|('H', 5, 0.2, 0.1)",B1,"('H', 5, 0.2, 0.1)",4,4.714285714285714,0.4754072324669716,14.0
"B1|('H', 5, 0.3, -0.3)",B1,"('H', 5, 0.3, -0.3)",4,1.2,0.5013396842986921,16.0
"B1|('H', 5, 0.3, 0.0)",B1,"('H', 5, 0.3, 0.0)",4,3.416666666666667,0.5315748406041522,18.0
"B1|('H', 5, 0.3, 0.15)",B1,"('H', 5, 0.3, 0.15)",4,4.267857142857142,0.5397242151257231,18.0
"B1|('H', 5, 0.4, -0.4)",B1,"('H', 5, 0.4, -0.4)",4,0.8571428571428571,0.5450050012615208,20.25
"B1|('H', 5, 0.4, 0.0)",B1,"('H', 5, 0.4, 0.0)",4,2.8,0.6513236758625445,23.75
"B1|('H', 5, 0.4, 0.2)",B1,"('H', 5, 0.4, 0.2)",4,3.6,0.6657298213986036,24.25
"B1|('H', 5, 0.5, -0.5)",B1,"('H', 5, 0.5, -0.5)",4,0.3333333333333333,0.6038517907759564,20.0
"B1|('H', 5, 0.5, 0.0)",B1,"('H', 5, 0.5, 0.0)",4,1.8,0.8642540594753805,30.5
"B1|('H', 5, 0.5, 0.25)",B1,"('H', 5, 0.5, 0.25)",4,2.3333333333333335,0.8642540594753805,31.0
"B1|('H', 10, 0.1, -0.1)",B1,"('H', 10, 0.1, -0.1)",4,1.4285714285714286,0.43830582640990234,14.0
"B1|('H', 10, 0.1, 0.0)",B1,"('H', 10, 0.1, 0.0)",4,3.4285714285714284,0.45773409762863393,15.0
"B1|('H', 10, 0.1, 0.05)",B1,"('H', 10, 0.1, 0.05)",4,3.9,0.46138647095982066,15.0
"B1|('H', 10, 0.2, -0.2)",B1,"('H', 10, 0.2, -0.2)",4,1.0,0.5,17.0
"B1|('H', 10, 0.2, 0.0)",B1,"('H', 10, 0.2, 0.0)",4,3.0,0.5404629224609949,18.0
"B1|('H', 10, 0.2, 0.1)",B1,"('H', 10, 0.2, 0.1)",4,3.3333333333333335,0.5496794193201824,18.0
"B1|('H', 10, 0.3, -0.3)",B1,"('H', 10, 0.3, -0.3)",4,0.8660714285714286,0.5279935351068148,20.0
"B1|('H', 10, 0.3, 0.0)",B1,"('H', 10, 0.3, 0.0)",4,2.5,0.623290742647058,24.0
"B1|('H', 10, 0.3, 0.15)",B1,"('H', 10, 0.3, 0.15)",4,3.0,0.6456250617090461,24.0
"B1|('H', 10, 0.4, -0.4)",B1,"('H', 10, 0.4, -0.4)",4,0.5,0.5568115502621468,22.0
"B1|('H', 10, 0.4, 0.0)",B1,"('H', 10, 0.4, 0.0)",4,1.8571428571428572,0.7679160694483267,30.0
"B1|('H', 10, 0.4, 0.2)",B1,"('H', 10, 0.4, 0.2)",4,2.2,0.7989615598836746,30.0
"B1|('H', 10, 0.5, -0.5)",B1,"('H', 10, 0.5, -0.5)",4,0.1111111111111111,0.5620708799086798,20.0
"B1|('H', 10, 0.5, 0.0)",B1,"('H', 10, 0.5, 0.0)",4,1.2678571428571428,1.0,35.25
"B1|('H', 10, 0.5, 0.25)",B1,"('H', 10, 0.5, 0.25)",4,1.6666666666666667,1.0,37.0
"B1|('C', 0, 0.0, 0.5)",B1,"('C', 0, 0.0, 0.5)",4,2.6333333333333333,0.38790547562261934,9.0
"B1|('C', 0, 0.0, 1)",B1,"('C', 0, 0.0, 1)",4,2.0,0.42429551503436114,11.0
"B1|('C', 0, 0.0, 2)",B1,"('C', 0, 0.0, 2)",4,1.5,0.4326407004559064,14.0
"B1|('C', 0, 0.0, 4)",B1,"('C', 0, 0.0, 4)",4,1.0,0.48931735262670106,17.0
"B1|('C', 0, 0.0, 8)",B1,"('C', 0, 0.0, 8)",4,0.8,0.5007327774915622,22.75
"B1|('C', 0, 0.1, 0.5)",B1,"('C', 0, 0.1, 0.5)",4,1.8660714285714286,0.4389992522027151,11.0
"B1|('C', 0, 0.1, 1)",B1,"('C', 0, 0.1, 1)",4,1.5,0.4643103931662962,13.0
"B1|('C', 0, 0.1, 2)",B1,"('C', 0, 0.1, 2)",4,1.1833333333333333,0.4881195728992598,16.25
"B1|('C', 0, 0.1, 4)",B1,"('C', 0, 0.1, 4)",4,0.8,0.5,20.0
"B1|('C', 0, 0.1, 8)",B1,"('C', 0, 0.1, 8)",4,0.4365079365079365,0.5,24.0
"B1|('C', 0, 0.2, 0.5)",B1,"('C', 0, 0.2, 0.5)",4,1.4,0.4684784865343292,14.0
"B1|('C', 0, 0.2, 1)",B1,"('C', 0, 0.2, 1)",4,1.2,0.500012556311642,16.0
"B1|('C', 0, 0.2, 2)",B1,"('C', 0, 0.2, 2)",4,1.0,0.5330721587697571,19.0
"B1|('C', 0, 0.2, 4)",B1,"('C', 0, 0.2, 4)",4,0.5714285714285714,0.5601023994284046,23.75
"B1|('C', 0, 0.2, 8)",B1,"('C', 0, 0.2, 8)",4,0.15476190476190477,0.5,20.0
"B1|('C', 0, 0.3, 0.5)",B1,"('C', 0, 0.3, 0.5)",4,1.1428571428571428,0.5347338666969973,17.0
"B1|('C', 0, 0.3, 1)",B1,"('C', 0, 0.3, 1)",4,0.8819444444444444,0.5492421321788579,19.0
"B1|('C', 0, 0.3, 2)",B1,"('C', 0, 0.3, 2)",4,0.5,0.5390376460904698,21.0
"B1|('C', 0, 0.3, 4)",B1,"('C', 0, 0.3, 4)",4,0.2,0.5,20.75
"B1|('C', 0, 0.3, 8)",B1,"('C', 0, 0.3, 8)",4,0.0,0.5206326245580382,18.0
"B2|('H', 1, 0.1, -0.1)",B2,"('H', 1, 0.1, -0.1)",4,1.6,0.4394743130665684,13.25
"B2|('H', 1, 0.1, 0.0)",B2,"('H', 1, 0.1, 0.0)",4,4.071428571428571,0.4562311979743015,14.0
"B2|('H', 1, 0.1, 0.05)",B2,"('H', 1, 0.1, 0.05)",4,5.333333333333333,0.4566900132735865,14.0
"B2|('H', 1, 0.2, -0.2)",B2,"('H', 1, 0.2, -0.2)",4,0.9444444444444444,0.5,17.0
"B2|('H', 1, 0.2, 0.0)",B2,"('H', 1, 0.2, 0.0)",4,3.0,0.5226973230650189,18.25
"B2|('H', 1, 0.2, 0.1)",B2,"('H', 1, 0.2, 0.1)",4,4.414285714285715,0.5322368127956738,19.25
"B2|('H', 1, 0.3, -0.3)",B2,"('H', 1, 0.3, -0.3)",4,0.5857142857142856,0.5,18.0
"B2|('H', 1, 0.3, 0.0)",B2,"('H', 1, 0.3, 0.0)",4,2.267857142857143,0.6343419739342679,24.0
"B2|('H', 1, 0.3, 0.15)",B2,"('H', 1, 0.3, 0.15)",4,3.3666666666666667,0.6408327888424905,24.25
"B2|('H', 1, 0.4, -0.4)",B2,"('H', 1, 0.4, -0.4)",4,0.2857142857142857,0.5,19.75
"B2|('H', 1, 0.4, 0.0)",B2,"('H', 1, 0.4, 0.0)",4,1.3095238095238095,0.8291372268433339,31.0
"B2|('H', 1, 0.4, 0.2)",B2,"('H', 1, 0.4, 0.2)",4,2.0,0.8414943858347155,31.0
"B2|('H', 1, 0.5, -0.5)",B2,"('H', 1, 0.5, -0.5)",4,0.16666666666666666,0.5,17.5
"B2|('H', 1, 0.5, 0.0)",B2,"('H', 1, 0.5, 0.0)",4,1.0,1.0,37.0
"B2|('H', 1, 0.5, 0.25)",B2,"('H', 1, 0.5, 0.25)",4,1.3333333333333333,1.0,37.5
"B2|('H', 3, 0.1, -0.1)",B2,"('H', 3, 0.1, -0.1)",4,1.0,0.49876329404741776,16.0
"B2|('H', 3, 0.1, 0.0)",B2,"('H', 3, 0.1, 0.0)",4,2.4722222222222223,0.5084006453910657,17.0
"B2|('H', 3, 0.1, 0.05)",B2,"('H', 3, 0.1, 0.05)",4,2.9545454545454546,0.5178047711224026,17.0
"B2|('H', 3, 0.2, -0.2)",B2,"('H', 3, 0.2, -0.2)",4,0.6666666666666666,0.5,18.0
"B2|('H', 3, 0.2, 0.0)",B2,"('H', 3, 0.2, 0.0)",4,2.0,0.5881713220408313,22.25
"B2|('H', 3, 0.2, 0.1)",B2,"('H', 3, 0.2, 0.1)",4,2.5357142857142856,0.5932681327573783,23.0
"B2|('H', 3, 0.3, -0.3)",B2,"('H', 3, 0.3, -0.3)",4,0.4,0.5,18.0
"B2|('H', 3, 0.3, 0.0)",B2,"('H', 3, 0.3, 0.0)",4,1.5,0.6878537838447527,29.0
"B2|('H', 3, 0.3, 0.15)",B2,"('H', 3, 0.3, 0.15)",4,2.0,0.7136406723576294,29.25
"B2|('H', 3, 0.4, -0.4)",B2,"('H', 3, 0.4, -0.4)",4,0.2,0.5,17.25
"B2|('H', 3, 0.4, 0.0)",B2,"('H', 3, 0.4, 0.0)",4,1.0,0.9338387961524299,33.0
"B2|('H', 3, 0.4, 0.2)",B2,"('H', 3, 0.4, 0.2)",4,1.2666666666666666,0.9974637631651772,35.0
"B2|('H', 3, 0.5, -0.5)",B2,"('H', 3, 0.5, -0.5)",4,0.14285714285714285,0.5,17.5
"B2|('H', 3, 0.5, 0.0)",B2,"('H', 3, 0.5, 0.0)",4,0.75,1.0,36.5
"B2|('H', 3, 0.5, 0.25)",B2,"('H', 3, 0.5, 0.25)",4,1.0,1.0,39.0
"B2|('H', 5, 0.1, -0.1)",B2,"('H', 5, 0.1, -0.1)",4,0.8571428571428571,0.5,17.0
"B2|('H', 5, 0.1, 0.0)",B2,"('H', 5, 0.1, 0.0)",4,2.0,0.5116331868246418,18.0
"B2|('H', 5, 0.1, 0.05)",B2,"('H', 5, 0.1, 0.05)",4,2.45,0.5326683378427394,18.0
"B2|('H', 5, 0.2, -0.2)",B2,"('H', 5, 0.2, -0.2)",4,0.6,0.47810583072580615,17.5
"B2|('H', 5, 0.2, 0.0)",B2,"('H', 5, 0.2, 0.0)",4,1.6333333333333333,0.5924930079406292,24.5
"B2|('H', 5, 0.2, 0.1)",B2,"('H', 5, 0.2, 0.1)",4,2.0,0.6215251929840793,25.5
"B2|('H', 5, 0.3, -0.3)",B2,"('H', 5, 0.3, -0.3)",4,0.4,0.49247477242538756,18.0
"B2|('H', 5, 0.3, 0.0)",B2,"('H', 5, 0.3, 0.0)",4,1.3095238095238095,0.6917846541895465,29.0
"B2|('H', 5, 0.3, 0.15)",B2,"('H', 5, 0.3, 0.15)",4,1.625,0.7436483473179589,30.0
"B2|('H', 5, 0.4, -0.4)",B2,"('H', 5, 0.4, -0.4)",4,0.16666666666666666,0.5,16.0
"B2|('H', 5, 0.4, 0.0)",B2,"('H', 5, 0.4, 0.0)",4,0.8571428571428571,0.9898090490164257,34.0
"B2|('H', 5, 0.4, 0.2)",B2,"('H', 5, 0.4, 0.2)",4,1.0,1.0,35.0
"B2|('H', 5, 0.5, -0.5)",B2,"('H', 5, 0.5, -0.5)",4,0.14285714285714285,0.5,16.5
"B2|('H', 5, 0.5, 0.0)",B2,"('H', 5, 0.5, 0.0)",4,0.6904761904761905,1.0,37.0
"B2|('H', 5, 0.5, 0.25)",B2,"('H', 5, 0.5, 0.25)",4,1.0,1.0,39.5
"B2|('H', 10, 0.1, -0.1)",B2,"('H', 10, 0.1, -0.1)",4,0.6666666666666666,0.5,18.75
"B2|('H', 10, 0.1, 0.0)",B2,"('H', 10, 0.1, 0.0)",4,1.6904761904761905,0.5,20.25
"B2|('H', 10, 0.1, 0.05)",B2,"('H', 10, 0.1, 0.05)",4,1.8,0.532280617081673,21.5
"B2|('H', 10, 0.2, -0.2)",B2,"('H', 10, 0.2, -0.2)",4,0.42857142857142855,0.4629575952503127,18.0
"B2|('H', 10, 0.2, 0.0)",B2,"('H', 10, 0.2, 0.0)",4,1.3333333333333333,0.5822151508331448,28.0
"B2|('H', 10, 0.2, 0.1)",B2,"('H', 10, 0.2, 0.1)",4,1.5,0.663187606422834,29.0
"B2|('H', 10, 0.3, -0.3)",B2,"('H', 10, 0.3, -0.3)",4,0.3333333333333333,0.5,17.25
"B2|('H', 10, 0.3, 0.0)",B2,"('H', 10, 0.3, 0.0)",4,1.0,0.7567759190760395,30.0
"B2|('H', 10, 0.3, 0.15)",B2,"('H', 10, 0.3, 0.15)",4,1.3333333333333333,0.8390211497236321,32.5
"B2|('H', 10, 0.4, -0.4)",B2,"('H', 10, 0.4, -0.4)",4,0.14285714285714285,0.5,16.5
"B2|('H', 10, 0.4, 0.0)",B2,"('H', 10, 0.4, 0.0)",4,0.6666666666666666,0.9940168777266197,33.0
"B2|('H', 10, 0.4, 0.2)",B2,"('H', 10, 0.4, 0.2)",4,1.0,1.0,37.0
"B2|('H', 10, 0.5, -0.5)",B2,"('H', 10, 0.5, -0.5)",4,0.0,0.5,15.5
"B2|('H', 10, 0.5, 0.0)",B2,"('H', 10, 0.5, 0.0)",4,0.6,1.0,37.0
"B2|('H', 10, 0.5, 0.25)",B2,"('H', 10, 0.5, 0.25)",4,0.8,1.0,42.0
"B2|('C', 0, 0.0, 0.5)",B2,"('C', 0, 0.0, 0.5)",4,1.0555555555555556,0.47570657489516843,15.5
"B2|('C', 0, 0.0, 1)",B2,"('C', 0, 0.0, 1)",4,1.0,0.4981052684934666,17.0
"B2|('C', 0, 0.0, 2)",B2,"('C', 0, 0.0, 2)",4,0.6904761904761905,0.4691219531600781,18.25
"B2|('C', 0, 0.0, 4)",B2,"('C', 0, 0.0, 4)",4,0.5555555555555556,0.4937647199609321,17.0
"B2|('C', 0, 0.0, 8)",B2,"('C', 0, 0.0, 8)",4,0.3333333333333333,0.5,15.0
"B2|('C', 0, 0.1, 0.5)",B2,"('C', 0, 0.1, 0.5)",4,0.7142857142857143,0.4883219117101476,16.75
"B2|('C', 0, 0.1, 1)",B2,"('C', 0, 0.1, 1)",4,0.6125,0.4695505784583466,17.0
"B2|('C', 0, 0.1, 2)",B2,"('C', 0, 0.1, 2)",4,0.5,0.44395455483301693,18.0
"B2|('C', 0, 0.1, 4)",B2,"('C', 0, 0.1, 4)",4,0.3333333333333333,0.5,16.5
"B2|('C', 0, 0.1, 8)",B2,"('C', 0, 0.1, 8)",4,0.2,0.5,15.0
"B2|('C', 0, 0.2, 0.5)",B2,"('C', 0, 0.2, 0.5)",4,0.4772727272727273,0.4843027501536357,17.0
"B2|('C', 0, 0.2, 1)",B2,"('C', 0, 0.2, 1)",4,0.4,0.5,18.0
"B2|('C', 0, 0.2, 2)",B2,"('C', 0, 0.2, 2)",4,0.3333333333333333,0.5,17.0
"B2|('C', 0, 0.2, 4)",B2,"('C', 0, 0.2, 4)",4,0.2,0.5,17.0
"B2|('C', 0, 0.2, 8)",B2,"('C', 0, 0.2, 8)",4,0.14285714285714285,0.5,14.0
"B2|('C', 0, 0.3, 0.5)",B2,"('C', 0, 0.3, 0.5)",4,0.3333333333333333,0.5,18.5
"B2|('C', 0, 0.3, 1)",B2,"('C', 0, 0.3, 1)",4,0.2,0.5,18.5
"B2|('C', 0, 0.3, 2)",B2,"('C', 0, 0.3, 2)",4,0.14285714285714285,0.5,17.0
"B2|('C', 0, 0.3, 4)",B2,"('C', 0, 0.3, 4)",4,0.14285714285714285,0.5,14.0
"B2|('C', 0, 0.3, 8)",B2,"('C', 0, 0.3, 8)",4,0.0,0.5,14.5
"B1w|('H', 1, 0.1, -0.1)",B1w,"('H', 1, 0.1, -0.1)",4,4.0,0.2010839103086523,4.75
"B1w|('H', 1, 0.1, 0.0)",B1w,"('H', 1, 0.1, 0.0)",4,8.928571428571429,0.22998158682180397,5.0
"B1w|('H', 1, 0.1, 0.05)",B1w,"('H', 1, 0.1, 0.05)",4,13.0,0.28252157560202507,6.5
"B1w|('H', 1, 0.2, -0.2)",B1w,"('H', 1, 0.2, -0.2)",4,2.4222222222222225,0.24258484806702568,6.0
"B1w|('H', 1, 0.2, 0.0)",B1w,"('H', 1, 0.2, 0.0)",4,7.875,0.2815023571147408,7.0
"B1w|('H', 1, 0.2, 0.1)",B1w,"('H', 1, 0.2, 0.1)",4,12.1,0.36613707714398525,10.25
"B1w|('H', 1, 0.3, -0.3)",B1w,"('H', 1, 0.3, -0.3)",4,1.5714285714285714,0.2868235602855592,9.0
"B1w|('H', 1, 0.3, 0.0)",B1w,"('H', 1, 0.3, 0.0)",4,6.464285714285714,0.3476374257439798,10.0
"B1w|('H', 1, 0.3, 0.15)",B1w,"('H', 1, 0.3, 0.15)",4,10.0,0.4470440805527088,13.0
"B1w|('H', 1, 0.4, -0.4)",B1w,"('H', 1, 0.4, -0.4)",4,0.26785714285714285,0.5,14.0
"B1w|('H', 1, 0.4, 0.0)",B1w,"('H', 1, 0.4, 0.0)",4,3.8,0.6402933100892008,17.25
"B1w|('H', 1, 0.4, 0.2)",B1w,"('H', 1, 0.4, 0.2)",4,6.770833333333334,0.670764756175611,18.0
"B1w|('H', 1, 0.5, -0.5)",B1w,"('H', 1, 0.5, -0.5)",4,0.0,0.5668270374228641,14.25
"B1w|('H', 1, 0.5, 0.0)",B1w,"('H', 1, 0.5, 0.0)",4,2.708333333333333,0.8929724605412805,24.25
"B1w|('H', 1, 0.5, 0.25)",B1w,"('H', 1, 0.5, 0.25)",4,5.4,0.9674595671175108,24.75
"B1w|('H', 3, 0.1, -0.1)",B1w,"('H', 3, 0.1, -0.1)",4,2.2,0.24528444407492456,7.5
"B1w|('H', 3, 0.1, 0.0)",B1w,"('H', 3, 0.1, 0.0)",4,5.333333333333333,0.25428860796113456,8.0
"B1w|('H', 3, 0.1, 0.05)",B1w,"('H', 3, 0.1, 0.05)",4,7.0,0.3086925458508635,8.0
"B1w|('H', 3, 0.2, -0.2)",B1w,"('H', 3, 0.2, -0.2)",4,1.4642857142857144,0.30030531560246676,9.0
"B1w|('H', 3, 0.2, 0.0)",B1w,"('H', 3, 0.2, 0.0)",4,4.45,0.3416886908769064,10.25
"B1w|('H', 3, 0.2, 0.1)",B1w,"('H', 3, 0.2, 0.1)",4,6.4,0.4345212300161685,11.0
"B1w|('H', 3, 0.3, -0.3)",B1w,"('H', 3, 0.3, -0.3)",4,0.8285714285714285,0.44257487638789256,12.75
"B1w|('H', 3, 0.3, 0.0)",B1w,"('H', 3, 0.3, 0.0)",4,3.3333333333333335,0.5,14.0
"B1w|('H', 3, 0.3, 0.15)",B1w,"('H', 3, 0.3, 0.15)",4,5.6,0.5675091045117533,15.0
"B1w|('H', 3, 0.4, -0.4)",B1w,"('H', 3, 0.4, -0.4)",4,0.0,0.5,13.25
"B1w|('H', 3, 0.4, 0.0)",B1w,"('H', 3, 0.4, 0.0)",4,2.0,0.8799150167653916,23.0
"B1w|('H', 3, 0.4, 0.2)",B1w,"('H', 3, 0.4, 0.2)",4,3.6666666666666665,0.9251022230722172,23.75
"B1w|('H', 3, 0.5, -0.5)",B1w,"('H', 3, 0.5, -0.5)",4,0.0,0.5644578708671913,15.25
"B1w|('H', 3, 0.5, 0.0)",B1w,"('H', 3, 0.5, 0.0)",4,1.8,1.0,28.0
"B1w|('H', 3, 0.5, 0.25)",B1w,"('H', 3, 0.5, 0.25)",4,3.225,1.0,28.0
"B1w|('H', 5, 0.1, -0.1)",B1w,"('H', 5, 0.1, -0.1)",4,1.75,0.2828722880354863,8.5
"B1w|('H', 5, 0.1, 0.0)",B1w,"('H', 5, 0.1, 0.0)",4,4.133928571428571,0.29318083515410076,9.0
"B1w|('H', 5, 0.1, 0.05)",B1w,"('H', 5, 0.1, 0.05)",4,5.585714285714285,0.3066304863104039,9.0
"B1w|('H', 5, 0.2, -0.2)",B1w,"('H', 5, 0.2, -0.2)",4,1.126984126984127,0.3206046913234489,11.0
"B1w|('H', 5, 0.2, 0.0)",B1w,"('H', 5, 0.2, 0.0)",4,3.416666666666667,0.3733223708162894,11.5
"B1w|('H', 5, 0.2, 0.1)",B1w,"('H', 5, 0.2, 0.1)",4,5.071428571428571,0.45493302376668215,12.5
"B1w|('H', 5, 0.3, -0.3)",B1w,"('H', 5, 0.3, -0.3)",4,0.5,0.5,15.0
"B1w|('H', 5, 0.3, 0.0)",B1w,"('H', 5, 0.3, 0.0)",4,2.6,0.6099224714981967,17.25
"B1w|('H', 5, 0.3, 0.15)",B1w,"('H', 5, 0.3, 0.15)",4,4.0625,0.659187450650445,18.0
"B1w|('H', 5, 0.4, -0.4)",B1w,"('H', 5, 0.4, -0.4)",4,0.0,0.5,13.75
"B1w|('H', 5, 0.4, 0.0)",B1w,"('H', 5, 0.4, 0.0)",4,1.6666666666666667,0.937842048753421,25.25
"B1w|('H', 5, 0.4, 0.2)",B1w,"('H', 5, 0.4, 0.2)",4,3.0,0.9516850416722112,26.5
"B1w|('H', 5, 0.5, -0.5)",B1w,"('H', 5, 0.5, -0.5)",4,0.0,0.7591675982390013,15.25
"B1w|('H', 5, 0.5, 0.0)",B1w,"('H', 5, 0.5, 0.0)",4,1.5357142857142856,1.0,32.25
"B1w|('H', 5, 0.5, 0.25)",B1w,"('H', 5, 0.5, 0.25)",4,2.6,1.0,33.0
"B1w|('H', 10, 0.1, -0.1)",B1w,"('H', 10, 0.1, -0.1)",4,1.1833333333333333,0.3194813106609874,11.0
"B1w|('H', 10, 0.1, 0.0)",B1w,"('H', 10, 0.1, 0.0)",4,3.0,0.35348773726310223,11.5
"B1w|('H', 10, 0.1, 0.05)",B1w,"('H', 10, 0.1, 0.05)",4,3.5,0.3767927141870331,12.0
"B1w|('H', 10, 0.2, -0.2)",B1w,"('H', 10, 0.2, -0.2)",4,0.6,0.4824919808433359,14.25
"B1w|('H', 10, 0.2, 0.0)",B1w,"('H', 10, 0.2, 0.0)",4,2.3333333333333335,0.5,16.75
"B1w|('H', 10, 0.2, 0.1)",B1w,"('H', 10, 0.2, 0.1)",4,3.0,0.5436548239818444,17.0
"B1w|('H', 10, 0.3, -0.3)",B1w,"('H', 10, 0.3, -0.3)",4,0.0,0.5141084038591408,16.0
"B1w|('H', 10, 0.3, 0.0)",B1w,"('H', 10, 0.3, 0.0)",4,1.6333333333333333,0.8084335717069971,23.0
"B1w|('H', 10, 0.3, 0.15)",B1w,"('H', 10, 0.3, 0.15)",4,2.6,0.8434008318122743,24.25
"B1w|('H', 10, 0.4, -0.4)",B1w,"('H', 10, 0.4, -0.4)",4,0.0,0.5,14.25
"B1w|('H', 10, 0.4, 0.0)",B1w,"('H', 10, 0.4, 0.0)",4,1.3333333333333333,1.0,29.75
"B1w|('H', 10, 0.4, 0.2)",B1w,"('H', 10, 0.4, 0.2)",4,2.2,1.0,31.0
"B1w|('H', 10, 0.5, -0.5)",B1w,"('H', 10, 0.5, -0.5)",4,0.0,0.8612383324331827,15.75
"B1w|('H', 10, 0.5, 0.0)",B1w,"('H', 10, 0.5, 0.0)",4,1.0,1.0,36.25
"B1w|('H', 10, 0.5, 0.25)",B1w,"('H', 10, 0.5, 0.25)",4,1.8285714285714287,1.0,37.0
"B1w|('C', 0, 0.0, 0.5)",B1w,"('C', 0, 0.0, 0.5)",4,2.291666666666667,0.24051496123964985,7.0
"B1w|('C', 0, 0.0, 1)",B1w,"('C', 0, 0.0, 1)",4,1.775,0.2721604212435475,9.0
"B1w|('C', 0, 0.0, 2)",B1w,"('C', 0, 0.0, 2)",4,1.126984126984127,0.32299277330659704,11.0
"B1w|('C', 0, 0.0, 4)",B1w,"('C', 0, 0.0, 4)",4,0.6,0.49519981322401474,15.5
"B1w|('C', 0, 0.0, 8)",B1w,"('C', 0, 0.0, 8)",4,0.0,0.5791807310400359,20.0
"B1w|('C', 0, 0.1, 0.5)",B1w,"('C', 0, 0.1, 0.5)",4,1.6666666666666667,0.28817385044557764,8.25
"B1w|('C', 0, 0.1, 1)",B1w,"('C', 0, 0.1, 1)",4,1.1833333333333333,0.3289788601267922,10.75
"B1w|('C', 0, 0.1, 2)",B1w,"('C', 0, 0.1, 2)",4,0.6666666666666666,0.49288413355659916,14.0
"B1w|('C', 0, 0.1, 4)",B1w,"('C', 0, 0.1, 4)",4,0.2,0.5263226848048688,17.25
"B1w|('C', 0, 0.1, 8)",B1w,"('C', 0, 0.1, 8)",4,0.0,0.7108914145845764,15.75
"B1w|('C', 0, 0.2, 0.5)",B1w,"('C', 0, 0.2, 0.5)",4,1.0,0.4028628464938201,12.0
"B1w|('C', 0, 0.2, 1)",B1w,"('C', 0, 0.2, 1)",4,0.5714285714285714,0.5,14.75
"B1w|('C', 0, 0.2, 2)",B1w,"('C', 0, 0.2, 2)",4,0.0,0.5328016424005928,14.25
"B1w|('C', 0, 0.2, 4)",B1w,"('C', 0, 0.2, 4)",4,0.0,0.6982034338987053,15.25
"B1w|('C', 0, 0.2, 8)",B1w,"('C', 0, 0.2, 8)",4,0.0,1.0,16.0
"B1w|('C', 0, 0.3, 0.5)",B1w,"('C', 0, 0.3, 0.5)",4,0.15476190476190477,0.5565276024101327,15.75
"B1w|('C', 0, 0.3, 1)",B1w,"('C', 0, 0.3, 1)",4,0.0,0.6236838125191935,14.75
"B1w|('C', 0, 0.3, 2)",B1w,"('C', 0, 0.3, 2)",4,0.0,0.5322716714359402,14.25
"B1w|('C', 0, 0.3, 4)",B1w,"('C', 0, 0.3, 4)",4,0.0,0.8844146658384162,15.75
"B1w|('C', 0, 0.3, 8)",B1w,"('C', 0, 0.3, 8)",4,0.0,1.0,18.25
"T1|('H', 1, 0.1, -0.1)",T1,"('H', 1, 0.1, -0.1)",4,4.2,0.361838259380159,7.0
"T1|('H', 1, 0.1, 0.0)",T1,"('H', 1, 0.1, 0.0)",4,8.225,0.361838259380159,7.0
"T1|('H', 1, 0.1, 0.05)",T1,"('H', 1, 0.1, 0.05)",4,10.633333333333333,0.361838259380159,7.0
"T1|('H', 1, 0.2, -0.2)",T1,"('H', 1, 0.2, -0.2)",4,2.916666666666667,0.40429855889820526,8.75
"T1|('H', 1, 0.2, 0.0)",T1,"('H', 1, 0.2, 0.0)",4,7.225,0.40429855889820526,8.75
"T1|('H', 1, 0.2, 0.1)",T1,"('H', 1, 0.2, 0.1)",4,10.183333333333334,0.40429855889820526,9.0
"T1|('H', 1, 0.3, -0.3)",T1,"('H', 1, 0.3, -0.3)",4,2.0,0.4411293013082305,11.75
"T1|('H', 1, 0.3, 0.0)",T1,"('H', 1, 0.3, 0.0)",4,6.225,0.44213955826472195,11.75
"T1|('H', 1, 0.3, 0.15)",T1,"('H', 1, 0.3, 0.15)",4,9.45,0.44213955826472195,12.0
"T1|('H', 1, 0.4, -0.4)",T1,"('H', 1, 0.4, -0.4)",4,1.6125,0.48209006178158387,14.0
"T1|('H', 1, 0.4, 0.0)",T1,"('H', 1, 0.4, 0.0)",4,5.4,0.495578880800967,14.0
"T1|('H', 1, 0.4, 0.2)",T1,"('H', 1, 0.4, 0.2)",4,8.1,0.5,14.0
"T1|('H', 1, 0.5, -0.5)",T1,"('H', 1, 0.5, -0.5)",4,1.1428571428571428,0.5366223441989779,16.25
"T1|('H', 1, 0.5, 0.0)",T1,"('H', 1, 0.5, 0.0)",4,4.0,0.5773177723752123,18.75
"T1|('H', 1, 0.5, 0.25)",T1,"('H', 1, 0.5, 0.25)",4,6.285714285714286,0.5801571179618756,19.0
"T1|('H', 3, 0.1, -0.1)",T1,"('H', 3, 0.1, -0.1)",4,2.4,0.4147152308802696,10.25
"T1|('H', 3, 0.1, 0.0)",T1,"('H', 3, 0.1, 0.0)",4,5.300000000000001,0.4158529667752924,10.75
"T1|('H', 3, 0.1, 0.05)",T1,"('H', 3, 0.1, 0.05)",4,6.125,0.4158529667752924,10.75
"T1|('H', 3, 0.2, -0.2)",T1,"('H', 3, 0.2, -0.2)",4,1.8,0.4446649568511946,12.5
"T1|('H', 3, 0.2, 0.0)",T1,"('H', 3, 0.2, 0.0)",4,4.708333333333334,0.4620339588900006,13.0
"T1|('H', 3, 0.2, 0.1)",T1,"('H', 3, 0.2, 0.1)",4,5.6,0.4620339588900006,13.0
"T1|('H', 3, 0.3, -0.3)",T1,"('H', 3, 0.3, -0.3)",4,1.4,0.4858328401484593,14.0
"T1|('H', 3, 0.3, 0.0)",T1,"('H', 3, 0.3, 0.0)",4,4.0,0.507240257609793,16.0
"T1|('H', 3, 0.3, 0.15)",T1,"('H', 3, 0.3, 0.15)",4,5.2,0.507240257609793,16.0
"T1|('H', 3, 0.4, -0.4)",T1,"('H', 3, 0.4, -0.4)",4,1.1428571428571428,0.5359077848430752,17.0
"T1|('H', 3, 0.4, 0.0)",T1,"('H', 3, 0.4, 0.0)",4,3.5,0.5724862534656718,20.0
"T1|('H', 3, 0.4, 0.2)",T1,"('H', 3, 0.4, 0.2)",4,4.5,0.5724862534656718,20.0
"T1|('H', 3, 0.5, -0.5)",T1,"('H', 3, 0.5, -0.5)",4,0.6666666666666666,0.614819306481097,22.0
"T1|('H', 3, 0.5, 0.0)",T1,"('H', 3, 0.5, 0.0)",4,2.5,0.7378256003730086,26.75
"T1|('H', 3, 0.5, 0.25)",T1,"('H', 3, 0.5, 0.25)",4,3.2,0.7476102002204779,26.75
"T1|('H', 5, 0.1, -0.1)",T1,"('H', 5, 0.1, -0.1)",4,2.0,0.4377350234579399,12.0
"T1|('H', 5, 0.1, 0.0)",T1,"('H', 5, 0.1, 0.0)",4,4.6,0.4413030992796201,12.0
"T1|('H', 5, 0.1, 0.05)",T1,"('H', 5, 0.1, 0.05)",4,5.2,0.4413030992796201,12.0
"T1|('H', 5, 0.2, -0.2)",T1,"('H', 5, 0.2, -0.2)",4,1.5,0.46043311863648084,13.0
"T1|('H', 5, 0.2, 0.0)",T1,"('H', 5, 0.2, 0.0)",4,3.9,0.48810967354990575,14.0
"T1|('H', 5, 0.2, 0.1)",T1,"('H', 5, 0.2, 0.1)",4,4.633333333333333,0.49341505302924216,14.0
"T1|('H', 5, 0.3, -0.3)",T1,"('H', 5, 0.3, -0.3)",4,1.2,0.5,16.0
"T1|('H', 5, 0.3, 0.0)",T1,"('H', 5, 0.3, 0.0)",4,3.3333333333333335,0.5480093625497795,18.0
"T1|('H', 5, 0.3, 0.15)",T1,"('H', 5, 0.3, 0.15)",4,4.0,0.5556367480593948,18.0
"T1|('H', 5, 0.4, -0.4)",T1,"('H', 5, 0.4, -0.4)",4,1.0,0.5613643213028652,20.0
"T1|('H', 5, 0.4, 0.0)",T1,"('H', 5, 0.4, 0.0)",4,2.8,0.6229140715362483,23.0
"T1|('H', 5, 0.4, 0.2)",T1,"('H', 5, 0.4, 0.2)",4,3.6125,0.633938463267684,23.25
"T1|('H', 5, 0.5, -0.5)",T1,"('H', 5, 0.5, -0.5)",4,0.5,0.5589374093168248,20.0
"T1|('H', 5, 0.5, 0.0)",T1,"('H', 5, 0.5, 0.0)",4,2.0,0.8056678584994379,29.0
"T1|('H', 5, 0.5, 0.25)",T1,"('H', 5, 0.5, 0.25)",4,2.5,0.8056678584994379,29.0
"T1|('H', 10, 0.1, -0.1)",T1,"('H', 10, 0.1, -0.1)",4,1.4142857142857141,0.4421963392960201,15.0
"T1|('H', 10, 0.1, 0.0)",T1,"('H', 10, 0.1, 0.0)",4,3.4642857142857144,0.45893239013841297,15.0
"T1|('H', 10, 0.1, 0.05)",T1,"('H', 10, 0.1, 0.05)",4,3.7142857142857144,0.46417155503898316,15.0
"T1|('H', 10, 0.2, -0.2)",T1,"('H', 10, 0.2, -0.2)",4,1.1666666666666667,0.48867049665489243,17.0
"T1|('H', 10, 0.2, 0.0)",T1,"('H', 10, 0.2, 0.0)",4,3.0,0.5335838294897146,19.5
"T1|('H', 10, 0.2, 0.1)",T1,"('H', 10, 0.2, 0.1)",4,3.3333333333333335,0.5401262621725955,19.5
"T1|('H', 10, 0.3, -0.3)",T1,"('H', 10, 0.3, -0.3)",4,1.0,0.5524260060955736,21.0
"T1|('H', 10, 0.3, 0.0)",T1,"('H', 10, 0.3, 0.0)",4,2.4365079365079367,0.6137835090046853,23.0
"T1|('H', 10, 0.3, 0.15)",T1,"('H', 10, 0.3, 0.15)",4,2.9444444444444446,0.6303671365883592,23.25
"T1|('H', 10, 0.4, -0.4)",T1,"('H', 10, 0.4, -0.4)",4,0.6458333333333333,0.5617984870566193,22.0
"T1|('H', 10, 0.4, 0.0)",T1,"('H', 10, 0.4, 0.0)",4,2.0,0.7453612039851574,29.0
"T1|('H', 10, 0.4, 0.2)",T1,"('H', 10, 0.4, 0.2)",4,2.4,0.7616015990337686,29.0
"T1|('H', 10, 0.5, -0.5)",T1,"('H', 10, 0.5, -0.5)",4,0.2,0.6011754217259664,21.0
"T1|('H', 10, 0.5, 0.0)",T1,"('H', 10, 0.5, 0.0)",4,1.4,0.9485554447329592,33.0
"T1|('H', 10, 0.5, 0.25)",T1,"('H', 10, 0.5, 0.25)",4,1.8,0.9781193939232055,34.0
"T1|('C', 0, 0.0, 0.5)",T1,"('C', 0, 0.0, 0.5)",4,2.6,0.4037198039470944,10.0
"T1|('C', 0, 0.0, 1)",T1,"('C', 0, 0.0, 1)",4,2.0,0.43136778733703496,11.25
"T1|('C', 0, 0.0, 2)",T1,"('C', 0, 0.0, 2)",4,1.5,0.44811542187681647,14.0
"T1|('C', 0, 0.0, 4)",T1,"('C', 0, 0.0, 4)",4,1.1428571428571428,0.494842373794735,17.75
"T1|('C', 0, 0.0, 8)",T1,"('C', 0, 0.0, 8)",4,0.8,0.5022818253521353,21.75
"T1|('C', 0, 0.1, 0.5)",T1,"('C', 0, 0.1, 0.5)",4,2.0,0.44548294984618164,11.0
"T1|('C', 0, 0.1, 1)",T1,"('C', 0, 0.1, 1)",4,1.6,0.45687691592484614,14.0
"T1|('C', 0, 0.1, 2)",T1,"('C', 0, 0.1, 2)",4,1.2361111111111112,0.49156018279634905,16.5
"T1|('C', 0, 0.1, 4)",T1,"('C', 0, 0.1, 4)",4,0.8819444444444444,0.514473440522754,19.5
"T1|('C', 0, 0.1, 8)",T1,"('C', 0, 0.1, 8)",4,0.5714285714285714,0.5,23.0
"T1|('C', 0, 0.2, 0.5)",T1,"('C', 0, 0.2, 0.5)",4,1.5,0.4744396208982562,14.0
"T1|('C', 0, 0.2, 1)",T1,"('C', 0, 0.2, 1)",4,1.2361111111111112,0.4974450101450076,16.0
"T1|('C', 0, 0.2, 2)",T1,"('C', 0, 0.2, 2)",4,1.0,0.538993869106307,18.5
"T1|('C', 0, 0.2, 4)",T1,"('C', 0, 0.2, 4)",4,0.6666666666666666,0.5315043686171188,22.5
"T1|('C', 0, 0.2, 8)",T1,"('C', 0, 0.2, 8)",4,0.2857142857142857,0.5,20.5
"T1|('C', 0, 0.3, 0.5)",T1,"('C', 0, 0.3, 0.5)",4,1.2,0.5131007778782917,16.0
"T1|('C', 0, 0.3, 1)",T1,"('C', 0, 0.3, 1)",4,1.0,0.5389559813094228,19.5
"T1|('C', 0, 0.3, 2)",T1,"('C', 0, 0.3, 2)",4,0.6666666666666666,0.555606639202745,21.0
"T1|('C', 0, 0.3, 4)",T1,"('C', 0, 0.3, 4)",4,0.30952380952380953,0.5,20.75
"T1|('C', 0, 0.3, 8)",T1,"('C', 0, 0.3, 8)",4,0.0,0.5,18.0
"TS|('H', 1, 0.1, -0.1)",TS,"('H', 1, 0.1, -0.1)",4,0.0,0.5,14.25
"TS|('H', 1, 0.1, 0.0)",TS,"('H', 1, 0.1, 0.0)",4,1.1339285714285714,0.6905295727109515,19.0
"TS|('H', 1, 0.1, 0.05)",TS,"('H', 1, 0.1, 0.05)",4,2.817460317460317,0.9369610166404542,21.0
"TS|('H', 1, 0.2, -0.2)",TS,"('H', 1, 0.2, -0.2)",4,0.0,0.5,13.25
"TS|('H', 1, 0.2, 0.0)",TS,"('H', 1, 0.2, 0.0)",4,0.6,1.0,24.75
"TS|('H', 1, 0.2, 0.1)",TS,"('H', 1, 0.2, 0.1)",4,1.6904761904761905,1.0,33.25
"TS|('H', 1, 0.3, -0.3)",TS,"('H', 1, 0.3, -0.3)",4,0.0,0.5,13.25
"TS|('H', 1, 0.3, 0.0)",TS,"('H', 1, 0.3, 0.0)",4,0.3333333333333333,1.0,38.0
"TS|('H', 1, 0.3, 0.15)",TS,"('H', 1, 0.3, 0.15)",4,1.0,1.0,43.5
"TS|('H', 1, 0.4, -0.4)",TS,"('H', 1, 0.4, -0.4)",4,0.0,0.5175297367753234,14.25
"TS|('H', 1, 0.4, 0.0)",TS,"('H', 1, 0.4, 0.0)",4,0.25,1.0,41.0
"TS|('H', 1, 0.4, 0.2)",TS,"('H', 1, 0.4, 0.2)",4,0.6666666666666666,1.0,48.5
"TS|('H', 1, 0.5, -0.5)",TS,"('H', 1, 0.5, -0.5)",4,0.0,0.536249280625162,15.75
"TS|('H', 1, 0.5, 0.0)",TS,"('H', 1, 0.5, 0.0)",4,0.2222222222222222,1.0,41.5
"TS|('H', 1, 0.5, 0.25)",TS,"('H', 1, 0.5, 0.25)",4,0.8571428571428571,1.0,48.5
"TS|('H', 3, 0.1, -0.1)",TS,"('H', 3, 0.1, -0.1)",4,0.0,0.5,14.25
"TS|('H', 3, 0.1, 0.0)",TS,"('H', 3, 0.1, 0.0)",4,0.5,0.7359420076732955,18.5
"TS|('H', 3, 0.1, 0.05)",TS,"('H', 3, 0.1, 0.05)",4,1.5555555555555556,1.0,21.0
"TS|('H', 3, 0.2, -0.2)",TS,"('H', 3, 0.2, -0.2)",4,0.0,0.5,12.25
"TS|('H', 3, 0.2, 0.0)",TS,"('H', 3, 0.2, 0.0)",4,0.4,1.0,21.25
"TS|('H', 3, 0.2, 0.1)",TS,"('H', 3, 0.2, 0.1)",4,1.0,1.0,25.5
"TS|('H', 3, 0.3, -0.3)",TS,"('H', 3, 0.3, -0.3)",4,0.0,0.5,12.5
"TS|('H', 3, 0.3, 0.0)",TS,"('H', 3, 0.3, 0.0)",4,0.3333333333333333,1.0,32.5
"TS|('H', 3, 0.3, 0.15)",TS,"('H', 3, 0.3, 0.15)",4,0.6666666666666666,1.0,43.0
"TS|('H', 3, 0.4, -0.4)",TS,"('H', 3, 0.4, -0.4)",4,0.0,0.5150505865159192,14.25
"TS|('H', 3, 0.4, 0.0)",TS,"('H', 3, 0.4, 0.0)",4,0.225,1.0,35.5
"TS|('H', 3, 0.4, 0.2)",TS,"('H', 3, 0.4, 0.2)",4,0.4444444444444444,1.0,47.5
"TS|('H', 3, 0.5, -0.5)",TS,"('H', 3, 0.5, -0.5)",4,0.0,1.0,16.0
"TS|('H', 3, 0.5, 0.0)",TS,"('H', 3, 0.5, 0.0)",4,0.2,1.0,38.0
"TS|('H', 3, 0.5, 0.25)",TS,"('H', 3, 0.5, 0.25)",4,0.5357142857142857,1.0,49.0
"TS|('H', 5, 0.1, -0.1)",TS,"('H', 5, 0.1, -0.1)",4,0.0,0.5,12.5
"TS|('H', 5, 0.1, 0.0)",TS,"('H', 5, 0.1, 0.0)",4,0.4,0.7731028858423766,17.25
"TS|('H', 5, 0.1, 0.05)",TS,"('H', 5, 0.1, 0.05)",4,1.1547619047619047,1.0,21.0
"TS|('H', 5, 0.2, -0.2)",TS,"('H', 5, 0.2, -0.2)",4,0.0,0.5,11.75
"TS|('H', 5, 0.2, 0.0)",TS,"('H', 5, 0.2, 0.0)",4,0.3333333333333333,1.0,21.0
"TS|('H', 5, 0.2, 0.1)",TS,"('H', 5, 0.2, 0.1)",4,1.0,1.0,29.0
"TS|('H', 5, 0.3, -0.3)",TS,"('H', 5, 0.3, -0.3)",4,0.0,0.5,12.75
"TS|('H', 5, 0.3, 0.0)",TS,"('H', 5, 0.3, 0.0)",4,0.3333333333333333,1.0,24.5
"TS|('H', 5, 0.3, 0.15)",TS,"('H', 5, 0.3, 0.15)",4,0.6666666666666666,1.0,42.5
"TS|('H', 5, 0.4, -0.4)",TS,"('H', 5, 0.4, -0.4)",4,0.0,0.5183274365199255,14.25
"TS|('H', 5, 0.4, 0.0)",TS,"('H', 5, 0.4, 0.0)",4,0.2,1.0,30.0
"TS|('H', 5, 0.4, 0.2)",TS,"('H', 5, 0.4, 0.2)",4,0.4444444444444444,1.0,45.25
"TS|('H', 5, 0.5, -0.5)",TS,"('H', 5, 0.5, -0.5)",4,0.0,1.0,17.0
"TS|('H', 5, 0.5, 0.0)",TS,"('H', 5, 0.5, 0.0)",4,0.2,1.0,36.5
"TS|('H', 5, 0.5, 0.25)",TS,"('H', 5, 0.5, 0.25)",4,0.30952380952380953,1.0,49.0
"TS|('H', 10, 0.1, -0.1)",TS,"('H', 10, 0.1, -0.1)",4,0.0,0.5,7.0
"TS|('H', 10, 0.1, 0.0)",TS,"('H', 10, 0.1, 0.0)",4,0.3333333333333333,0.5194549488551564,15.75
"TS|('H', 10, 0.1, 0.05)",TS,"('H', 10, 0.1, 0.05)",4,0.8571428571428571,1.0,21.25
"TS|('H', 10, 0.2, -0.2)",TS,"('H', 10, 0.2, -0.2)",4,0.0,0.5,12.0
"TS|('H', 10, 0.2, 0.0)",TS,"('H', 10, 0.2, 0.0)",4,0.31666666666666665,0.6889419995853733,19.75
"TS|('H', 10, 0.2, 0.1)",TS,"('H', 10, 0.2, 0.1)",4,0.8333333333333334,1.0,29.75
"TS|('H', 10, 0.3, -0.3)",TS,"('H', 10, 0.3, -0.3)",4,0.0,0.5,13.25
"TS|('H', 10, 0.3, 0.0)",TS,"('H', 10, 0.3, 0.0)",4,0.2928571428571428,1.0,24.0
"TS|('H', 10, 0.3, 0.15)",TS,"('H', 10, 0.3, 0.15)",4,0.6,1.0,43.0
"TS|('H', 10, 0.4, -0.4)",TS,"('H', 10, 0.4, -0.4)",4,0.0,0.8776696006155262,15.5
"TS|('H', 10, 0.4, 0.0)",TS,"('H', 10, 0.4, 0.0)",4,0.2,1.0,34.75
"TS|('H', 10, 0.4, 0.2)",TS,"('H', 10, 0.4, 0.2)",4,0.3333333333333333,1.0,45.75
"TS|('H', 10, 0.5, -0.5)",TS,"('H', 10, 0.5, -0.5)",4,0.0,1.0,17.5
"TS|('H', 10, 0.5, 0.0)",TS,"('H', 10, 0.5, 0.0)",4,0.2,1.0,35.0
"TS|('H', 10, 0.5, 0.25)",TS,"('H', 10, 0.5, 0.25)",4,0.2857142857142857,1.0,48.25
"TS|('C', 0, 0.0, 0.5)",TS,"('C', 0, 0.0, 0.5)",4,0.0,0.5,12.5
"TS|('C', 0, 0.0, 1)",TS,"('C', 0, 0.0, 1)",4,0.14285714285714285,0.5,10.0
"TS|('C', 0, 0.0, 2)",TS,"('C', 0, 0.0, 2)",4,0.14285714285714285,0.5,5.25
"TS|('C', 0, 0.0, 4)",TS,"('C', 0, 0.0, 4)",4,0.0,0.5,8.25
"TS|('C', 0, 0.0, 8)",TS,"('C', 0, 0.0, 8)",4,0.0,0.5,12.75
"TS|('C', 0, 0.1, 0.5)",TS,"('C', 0, 0.1, 0.5)",4,0.0,0.5,12.25
"TS|('C', 0, 0.1, 1)",TS,"('C', 0, 0.1, 1)",4,0.0,0.5,11.0
"TS|('C', 0, 0.1, 2)",TS,"('C', 0, 0.1, 2)",4,0.0,0.5,11.0
"TS|('C', 0, 0.1, 4)",TS,"('C', 0, 0.1, 4)",4,0.0,0.5,12.0
"TS|('C', 0, 0.1, 8)",TS,"('C', 0, 0.1, 8)",4,0.0,0.5,13.25
"TS|('C', 0, 0.2, 0.5)",TS,"('C', 0, 0.2, 0.5)",4,0.0,0.5,12.0
"TS|('C', 0, 0.2, 1)",TS,"('C', 0, 0.2, 1)",4,0.0,0.5,12.25
"TS|('C', 0, 0.2, 2)",TS,"('C', 0, 0.2, 2)",4,0.0,0.5,12.75
"TS|('C', 0, 0.2, 4)",TS,"('C', 0, 0.2, 4)",4,0.0,0.5,13.5
"TS|('C', 0, 0.2, 8)",TS,"('C', 0, 0.2, 8)",4,0.0,0.75,16.0
"TS|('C', 0, 0.3, 0.5)",TS,"('C', 0, 0.3, 0.5)",4,0.0,0.5,14.25
"TS|('C', 0, 0.3, 1)",TS,"('C', 0, 0.3, 1)",4,0.0,0.5,14.75
"TS|('C', 0, 0.3, 2)",TS,"('C', 0, 0.3, 2)",4,0.0,0.9021301561821173,14.75
"TS|('C', 0, 0.3, 4)",TS,"('C', 0, 0.3, 4)",4,0.0,1.0,16.5
"TS|('C', 0, 0.3, 8)",TS,"('C', 0, 0.3, 8)",4,0.0,1.0,17.5
"RV|('H', 1, 0.1, -0.1)",RV,"('H', 1, 0.1, -0.1)",4,3.5357142857142856,0.30950245942767696,11.0
"RV|('H', 1, 0.1, 0.0)",RV,"('H', 1, 0.1, 0.0)",4,5.757142857142857,0.30950245942767696,11.25
"RV|('H', 1, 0.1, 0.05)",RV,"('H', 1, 0.1, 0.05)",4,6.8375,0.3144264989169421,11.25
"RV|('H', 1, 0.2, -0.2)",RV,"('H', 1, 0.2, -0.2)",4,2.5,0.3503926431968138,11.75
"RV|('H', 1, 0.2, 0.0)",RV,"('H', 1, 0.2, 0.0)",4,5.633333333333333,0.3605303344445917,12.5
"RV|('H', 1, 0.2, 0.1)",RV,"('H', 1, 0.2, 0.1)",4,7.1,0.3674211817988122,13.0
"RV|('H', 1, 0.3, -0.3)",RV,"('H', 1, 0.3, -0.3)",4,1.9285714285714286,0.3558782292119545,12.75
"RV|('H', 1, 0.3, 0.0)",RV,"('H', 1, 0.3, 0.0)",4,4.928571428571429,0.38625246723678286,14.0
"RV|('H', 1, 0.3, 0.15)",RV,"('H', 1, 0.3, 0.15)",4,6.669642857142858,0.39821266764183416,14.0
"RV|('H', 1, 0.4, -0.4)",RV,"('H', 1, 0.4, -0.4)",4,1.3541666666666665,0.38322269852043356,14.25
"RV|('H', 1, 0.4, 0.0)",RV,"('H', 1, 0.4, 0.0)",4,4.166666666666667,0.42816293804854005,15.0
"RV|('H', 1, 0.4, 0.2)",RV,"('H', 1, 0.4, 0.2)",4,5.928571428571429,0.4463112939585877,15.0
"RV|('H', 1, 0.5, -0.5)",RV,"('H', 1, 0.5, -0.5)",4,0.8285714285714285,0.4636103478139416,15.0
"RV|('H', 1, 0.5, 0.0)",RV,"('H', 1, 0.5, 0.0)",4,3.414285714285714,0.5170415396244814,18.0
"RV|('H', 1, 0.5, 0.25)",RV,"('H', 1, 0.5, 0.25)",4,5.0,0.5197326172740668,18.5
"RV|('H', 3, 0.1, -0.1)",RV,"('H', 3, 0.1, -0.1)",4,1.7321428571428572,0.29682246438845733,13.0
"RV|('H', 3, 0.1, 0.0)",RV,"('H', 3, 0.1, 0.0)",4,3.3666666666666667,0.33870146809778406,13.0
"RV|('H', 3, 0.1, 0.05)",RV,"('H', 3, 0.1, 0.05)",4,4.2,0.3584006827957325,13.0
"RV|('H', 3, 0.2, -0.2)",RV,"('H', 3, 0.2, -0.2)",4,1.3875,0.3147897184162063,13.0
"RV|('H', 3, 0.2, 0.0)",RV,"('H', 3, 0.2, 0.0)",4,3.4285714285714284,0.37733717974384273,14.25
"RV|('H', 3, 0.2, 0.1)",RV,"('H', 3, 0.2, 0.1)",4,4.211111111111111,0.3937825837212159,15.0
"RV|('H', 3, 0.3, -0.3)",RV,"('H', 3, 0.3, -0.3)",4,1.0,0.3485641685951436,14.5
"RV|('H', 3, 0.3, 0.0)",RV,"('H', 3, 0.3, 0.0)",4,3.0,0.4395866679420754,16.0
"RV|('H', 3, 0.3, 0.15)",RV,"('H', 3, 0.3, 0.15)",4,3.585714285714286,0.45521162612855703,17.0
"RV|('H', 3, 0.4, -0.4)",RV,"('H', 3, 0.4, -0.4)",4,0.8819444444444444,0.42927308312874946,15.5
"RV|('H', 3, 0.4, 0.0)",RV,"('H', 3, 0.4, 0.0)",4,2.5357142857142856,0.5,18.5
"RV|('H', 3, 0.4, 0.2)",RV,"('H', 3, 0.4, 0.2)",4,3.4,0.510843628187008,19.25
"RV|('H', 3, 0.5, -0.5)",RV,"('H', 3, 0.5, -0.5)",4,0.5,0.5,17.0
"RV|('H', 3, 0.5, 0.0)",RV,"('H', 3, 0.5, 0.0)",4,2.0,0.5590218693420519,22.0
"RV|('H', 3, 0.5, 0.25)",RV,"('H', 3, 0.5, 0.25)",4,3.0,0.6411218942754346,22.75
"RV|('H', 5, 0.1, -0.1)",RV,"('H', 5, 0.1, -0.1)",4,1.5,0.2829154175833934,13.0
"RV|('H', 5, 0.1, 0.0)",RV,"('H', 5, 0.1, 0.0)",4,3.0,0.3287333473365198,13.75
"RV|('H', 5, 0.1, 0.05)",RV,"('H', 5, 0.1, 0.05)",4,3.6333333333333333,0.3318241674243035,14.0
"RV|('H', 5, 0.2, -0.2)",RV,"('H', 5, 0.2, -0.2)",4,1.1428571428571428,0.3044323130883395,14.25
"RV|('H', 5, 0.2, 0.0)",RV,"('H', 5, 0.2, 0.0)",4,2.8285714285714283,0.37558894095147943,15.75
"RV|('H', 5, 0.2, 0.1)",RV,"('H', 5, 0.2, 0.1)",4,3.3666666666666667,0.42774845135554884,16.0
"RV|('H', 5, 0.3, -0.3)",RV,"('H', 5, 0.3, -0.3)",4,1.0,0.364681100752654,15.0
"RV|('H', 5, 0.3, 0.0)",RV,"('H', 5, 0.3, 0.0)",4,2.3333333333333335,0.4935359637323521,18.25
"RV|('H', 5, 0.3, 0.15)",RV,"('H', 5, 0.3, 0.15)",4,3.0,0.5,19.0
"RV|('H', 5, 0.4, -0.4)",RV,"('H', 5, 0.4, -0.4)",4,0.6666666666666666,0.5,17.0
"RV|('H', 5, 0.4, 0.0)",RV,"('H', 5, 0.4, 0.0)",4,2.0,0.5247063671310068,21.25
"RV|('H', 5, 0.4, 0.2)",RV,"('H', 5, 0.4, 0.2)",4,2.6666666666666665,0.5717276791141692,22.0
"RV|('H', 5, 0.5, -0.5)",RV,"('H', 5, 0.5, -0.5)",4,0.4,0.5,17.75
"RV|('H', 5, 0.5, 0.0)",RV,"('H', 5, 0.5, 0.0)",4,2.0,0.620345790425584,23.5
"RV|('H', 5, 0.5, 0.25)",RV,"('H', 5, 0.5, 0.25)",4,2.45,0.671385839436037,25.0
"RV|('H', 10, 0.1, -0.1)",RV,"('H', 10, 0.1, -0.1)",4,1.0,0.3056357622206408,14.0
"RV|('H', 10, 0.1, 0.0)",RV,"('H', 10, 0.1, 0.0)",4,2.5714285714285716,0.32390163781814896,14.75
"RV|('H', 10, 0.1, 0.05)",RV,"('H', 10, 0.1, 0.05)",4,2.6666666666666665,0.3338343297943462,15.75
"RV|('H', 10, 0.2, -0.2)",RV,"('H', 10, 0.2, -0.2)",4,0.8452380952380952,0.4061563265821427,16.5
"RV|('H', 10, 0.2, 0.0)",RV,"('H', 10, 0.2, 0.0)",4,2.0,0.43561480773615135,18.0
"RV|('H', 10, 0.2, 0.1)",RV,"('H', 10, 0.2, 0.1)",4,2.2,0.47736099867179804,20.0
"RV|('H', 10, 0.3, -0.3)",RV,"('H', 10, 0.3, -0.3)",4,0.6,0.5,17.5
"RV|('H', 10, 0.3, 0.0)",RV,"('H', 10, 0.3, 0.0)",4,2.0,0.5013171239024212,20.75
"RV|('H', 10, 0.3, 0.15)",RV,"('H', 10, 0.3, 0.15)",4,2.111111111111111,0.5989102898436828,22.75
"RV|('H', 10, 0.4, -0.4)",RV,"('H', 10, 0.4, -0.4)",4,0.5,0.5,18.5
"RV|('H', 10, 0.4, 0.0)",RV,"('H', 10, 0.4, 0.0)",4,1.6666666666666667,0.6349693255515023,25.25
"RV|('H', 10, 0.4, 0.2)",RV,"('H', 10, 0.4, 0.2)",4,2.0,0.6841242518701851,26.25
"RV|('H', 10, 0.5, -0.5)",RV,"('H', 10, 0.5, -0.5)",4,0.2,0.5,16.75
"RV|('H', 10, 0.5, 0.0)",RV,"('H', 10, 0.5, 0.0)",4,1.3333333333333333,0.8312963566397744,29.0
"RV|('H', 10, 0.5, 0.25)",RV,"('H', 10, 0.5, 0.25)",4,1.6666666666666667,0.8442321287832426,29.75
"RV|('C', 0, 0.0, 0.5)",RV,"('C', 0, 0.0, 0.5)",4,2.0,0.3082222797704055,12.5
"RV|('C', 0, 0.0, 1)",RV,"('C', 0, 0.0, 1)",4,1.6333333333333333,0.27103506833236735,13.0
"RV|('C', 0, 0.0, 2)",RV,"('C', 0, 0.0, 2)",4,1.2678571428571428,0.2967705871687937,13.25
"RV|('C', 0, 0.0, 4)",RV,"('C', 0, 0.0, 4)",4,1.0,0.4322522215115586,16.5
"RV|('C', 0, 0.0, 8)",RV,"('C', 0, 0.0, 8)",4,0.5,0.5,18.5
"RV|('C', 0, 0.1, 0.5)",RV,"('C', 0, 0.1, 0.5)",4,1.6666666666666667,0.30091066051415327,13.0
"RV|('C', 0, 0.1, 1)",RV,"('C', 0, 0.1, 1)",4,1.292857142857143,0.2924342973673403,14.0
"RV|('C', 0, 0.1, 2)",RV,"('C', 0, 0.1, 2)",4,1.0,0.3587004015148909,14.25
"RV|('C', 0, 0.1, 4)",RV,"('C', 0, 0.1, 4)",4,0.6666666666666666,0.5,18.0
"RV|('C', 0, 0.1, 8)",RV,"('C', 0, 0.1, 8)",4,0.4,0.5,17.5
"RV|('C', 0, 0.2, 0.5)",RV,"('C', 0, 0.2, 0.5)",4,1.2,0.3546576287407714,13.5
"RV|('C', 0, 0.2, 1)",RV,"('C', 0, 0.2, 1)",4,1.0,0.35260339686710107,14.75
"RV|('C', 0, 0.2, 2)",RV,"('C', 0, 0.2, 2)",4,0.7321428571428572,0.47351656946666065,16.0
"RV|('C', 0, 0.2, 4)",RV,"('C', 0, 0.2, 4)",4,0.5,0.5,15.0
"RV|('C', 0, 0.2, 8)",RV,"('C', 0, 0.2, 8)",4,0.26136363636363635,0.5027615603996172,16.0
"RV|('C', 0, 0.3, 0.5)",RV,"('C', 0, 0.3, 0.5)",4,1.0,0.36654145403736527,15.0
"RV|('C', 0, 0.3, 1)",RV,"('C', 0, 0.3, 1)",4,0.7071428571428571,0.4838771486047564,16.25
"RV|('C', 0, 0.3, 2)",RV,"('C', 0, 0.3, 2)",4,0.5857142857142856,0.5106977990175683,18.0
"RV|('C', 0, 0.3, 4)",RV,"('C', 0, 0.3, 4)",4,0.375,0.5,17.0
"RV|('C', 0, 0.3, 8)",RV,"('C', 0, 0.3, 8)",4,0.13392857142857142,0.5,13.75
"B0.5|('H', 1, 0.1, -0.1)",B0.5,"('H', 1, 0.1, -0.1)",5,9.1,0.20778378585497653,4.0
"B0.5|('H', 1, 0.1, 0.0)",B0.5,"('H', 1, 0.1, 0.0)",5,15.5,0.20778378585497653,4.0
"B0.5|('H', 1, 0.1, 0.05)",B0.5,"('H', 1, 0.1, 0.05)",5,19.041666666666664,0.208777745328109,4.0
"B0.5|('H', 1, 0.2, -0.2)",B0.5,"('H', 1, 0.2, -0.2)",5,6.708333333333334,0.23536275199739093,5.0
"B0.5|('H', 1, 0.2, 0.0)",B0.5,"('H', 1, 0.2, 0.0)",5,15.2,0.23536275199739093,5.0
"B0.5|('H', 1, 0.2, 0.1)",B0.5,"('H', 1, 0.2, 0.1)",5,19.816666666666666,0.23536275199739093,5.0
"B0.5|('H', 1, 0.3, -0.3)",B0.5,"('H', 1, 0.3, -0.3)",5,4.928571428571429,0.26652040467509674,6.0
"B0.5|('H', 1, 0.3, 0.0)",B0.5,"('H', 1, 0.3, 0.0)",5,13.5,0.26652040467509674,6.25
"B0.5|('H', 1, 0.3, 0.15)",B0.5,"('H', 1, 0.3, 0.15)",5,19.1,0.26652040467509674,6.25
"B0.5|('H', 1, 0.4, -0.4)",B0.5,"('H', 1, 0.4, -0.4)",5,3.928571428571429,0.2999338624520033,8.0
"B0.5|('H', 1, 0.4, 0.0)",B0.5,"('H', 1, 0.4, 0.0)",5,12.125,0.3002418476295273,8.5
"B0.5|('H', 1, 0.4, 0.2)",B0.5,"('H', 1, 0.4, 0.2)",5,17.225,0.3002418476295273,9.0
"B0.5|('H', 1, 0.5, -0.5)",B0.5,"('H', 1, 0.5, -0.5)",5,2.0,0.3743744463948365,13.25
"B0.5|('H', 1, 0.5, 0.0)",B0.5,"('H', 1, 0.5, 0.0)",5,8.333333333333334,0.40555090783024095,15.0
"B0.5|('H', 1, 0.5, 0.25)",B0.5,"('H', 1, 0.5, 0.25)",5,11.583333333333332,0.40555090783024095,15.0
"B0.5|('H', 3, 0.1, -0.1)",B0.5,"('H', 3, 0.1, -0.1)",5,4.816666666666666,0.2577284580326988,7.0
"B0.5|('H', 3, 0.1, 0.0)",B0.5,"('H', 3, 0.1, 0.0)",5,9.775,0.2581463079669529,7.0
"B0.5|('H', 3, 0.1, 0.05)",B0.5,"('H', 3, 0.1, 0.05)",5,11.833333333333334,0.2581463079669529,7.0
"B0.5|('H', 3, 0.2, -0.2)",B0.5,"('H', 3, 0.2, -0.2)",5,3.5714285714285716,0.30209298344878976,8.0
"B0.5|('H', 3, 0.2, 0.0)",B0.5,"('H', 3, 0.2, 0.0)",5,9.45,0.31126984428947374,8.5
"B0.5|('H', 3, 0.2, 0.1)",B0.5,"('H', 3, 0.2, 0.1)",5,11.0,0.31126984428947374,8.5
"B0.5|('H', 3, 0.3, -0.3)",B0.5,"('H', 3, 0.3, -0.3)",5,3.0,0.32817989550691035,10.5
"B0.5|('H', 3, 0.3, 0.0)",B0.5,"('H', 3, 0.3, 0.0)",5,8.071428571428571,0.33523892471528893,11.0
"B0.5|('H', 3, 0.3, 0.15)",B0.5,"('H', 3, 0.3, 0.15)",5,9.75,0.33523892471528893,11.0
"B0.5|('H', 3, 0.4, -0.4)",B0.5,"('H', 3, 0.4, -0.4)",5,2.0,0.38640805561628166,14.5
"B0.5|('H', 3, 0.4, 0.0)",B0.5,"('H', 3, 0.4, 0.0)",5,6.333333333333333,0.4112768223761025,15.5
"B0.5|('H', 3, 0.4, 0.2)",B0.5,"('H', 3, 0.4, 0.2)",5,7.8,0.4112768223761025,15.5
"B0.5|('H', 3, 0.5, -0.5)",B0.5,"('H', 3, 0.5, -0.5)",5,0.0,0.5,28.0
"B0.5|('H', 3, 0.5, 0.0)",B0.5,"('H', 3, 0.5, 0.0)",5,3.1547619047619047,0.845708512574322,33.25
"B0.5|('H', 3, 0.5, 0.25)",B0.5,"('H', 3, 0.5, 0.25)",5,4.2,0.845708512574322,33.25
"B0.5|('H', 5, 0.1, -0.1)",B0.5,"('H', 5, 0.1, -0.1)",5,3.775,0.28864889479415246,8.5
"B0.5|('H', 5, 0.1, 0.0)",B0.5,"('H', 5, 0.1, 0.0)",5,8.4,0.29035161950230176,8.75
"B0.5|('H', 5, 0.1, 0.05)",B0.5,"('H', 5, 0.1, 0.05)",5,9.833333333333332,0.29035161950230176,9.0
"B0.5|('H', 5, 0.2, -0.2)",B0.5,"('H', 5, 0.2, -0.2)",5,3.0,0.32232499905220896,11.0
"B0.5|('H', 5, 0.2, 0.0)",B0.5,"('H', 5, 0.2, 0.0)",5,7.6,0.32321708760454493,11.0
"B0.5|('H', 5, 0.2, 0.1)",B0.5,"('H', 5, 0.2, 0.1)",5,8.757142857142856,0.32838145957474285,11.0
"B0.5|('H', 5, 0.3, -0.3)",B0.5,"('H', 5, 0.3, -0.3)",5,2.142857142857143,0.38043072935169175,14.0
"B0.5|('H', 5, 0.3, 0.0)",B0.5,"('H', 5, 0.3, 0.0)",5,6.366666666666667,0.405350235459922,14.75
"B0.5|('H', 5, 0.3, 0.15)",B0.5,"('H', 5, 0.3, 0.15)",5,7.342857142857143,0.405350235459922,15.0
"B0.5|('H', 5, 0.4, -0.4)",B0.5,"('H', 5, 0.4, -0.4)",5,1.2678571428571428,0.4574649826364119,18.75
"B0.5|('H', 5, 0.4, 0.0)",B0.5,"('H', 5, 0.4, 0.0)",5,4.633333333333333,0.49071902611024265,20.0
"B0.5|('H', 5, 0.4, 0.2)",B0.5,"('H', 5, 0.4, 0.2)",5,5.416666666666666,0.49071902611024265,20.0
"B0.5|('H', 5, 0.5, -0.5)",B0.5,"('H', 5, 0.5, -0.5)",5,0.0,0.5,28.0
"B0.5|('H', 5, 0.5, 0.0)",B0.5,"('H', 5, 0.5, 0.0)",5,2.6,0.9640665661090231,40.0
"B0.5|('H', 5, 0.5, 0.25)",B0.5,"('H', 5, 0.5, 0.25)",5,3.1666666666666665,0.9640665661090231,40.0
"B0.5|('H', 10, 0.1, -0.1)",B0.5,"('H', 10, 0.1, -0.1)",5,2.6666666666666665,0.3352244689593621,12.25
"B0.5|('H', 10, 0.1, 0.0)",B0.5,"('H', 10, 0.1, 0.0)",5,6.333333333333333,0.3471291966362229,12.75
"B0.5|('H', 10, 0.1, 0.05)",B0.5,"('H', 10, 0.1, 0.05)",5,6.928571428571429,0.3507669345234007,12.75
"B0.5|('H', 10, 0.2, -0.2)",B0.5,"('H', 10, 0.2, -0.2)",5,2.0,0.3920262741899284,16.0
"B0.5|('H', 10, 0.2, 0.0)",B0.5,"('H', 10, 0.2, 0.0)",5,5.0,0.4081957289830187,16.5
"B0.5|('H', 10, 0.2, 0.1)",B0.5,"('H', 10, 0.2, 0.1)",5,6.0,0.410625897767145,16.75
"B0.5|('H', 10, 0.3, -0.3)",B0.5,"('H', 10, 0.3, -0.3)",5,1.1547619047619047,0.4898211087552911,20.0
"B0.5|('H', 10, 0.3, 0.0)",B0.5,"('H', 10, 0.3, 0.0)",5,4.0,0.5133587129774015,22.0
"B0.5|('H', 10, 0.3, 0.15)",B0.5,"('H', 10, 0.3, 0.15)",5,4.5,0.5173625063382064,22.0
"B0.5|('H', 10, 0.4, -0.4)",B0.5,"('H', 10, 0.4, -0.4)",5,0.38181818181818183,0.5309880311647229,24.75
"B0.5|('H', 10, 0.4, 0.0)",B0.5,"('H', 10, 0.4, 0.0)",5,2.55,0.7795410920235439,33.0
"B0.5|('H', 10, 0.4, 0.2)",B0.5,"('H', 10, 0.4, 0.2)",5,3.142857142857143,0.7854865465436378,33.0
"B0.5|('H', 10, 0.5, -0.5)",B0.5,"('H', 10, 0.5, -0.5)",5,0.0,0.5,28.25
"B0.5|('H', 10, 0.5, 0.0)",B0.5,"('H', 10, 0.5, 0.0)",5,1.7142857142857142,1.0,45.5
"B0.5|('H', 10, 0.5, 0.25)",B0.5,"('H', 10, 0.5, 0.25)",5,2.1666666666666665,1.0,47.0
"B0.5|('C', 0, 0.0, 0.5)",B0.5,"('C', 0, 0.0, 0.5)",5,5.464285714285714,0.24650731212524857,6.0
"B0.5|('C', 0, 0.0, 1)",B0.5,"('C', 0, 0.0, 1)",5,4.0,0.27960305508932093,8.0
"B0.5|('C', 0, 0.0, 2)",B0.5,"('C', 0, 0.0, 2)",5,3.0,0.3212814765392229,11.0
"B0.5|('C', 0, 0.0, 4)",B0.5,"('C', 0, 0.0, 4)",5,1.8,0.38742131138337255,16.5
"B0.5|('C', 0, 0.0, 8)",B0.5,"('C', 0, 0.0, 8)",5,0.8,0.509941307751498,23.0
"B0.5|('C', 0, 0.1, 0.5)",B0.5,"('C', 0, 0.1, 0.5)",5,4.0,0.27243100937315134,7.5
"B0.5|('C', 0, 0.1, 1)",B0.5,"('C', 0, 0.1, 1)",5,3.2,0.3145877226065896,10.0
"B0.5|('C', 0, 0.1, 2)",B0.5,"('C', 0, 0.1, 2)",5,2.1547619047619047,0.36894251743562523,13.75
"B0.5|('C', 0, 0.1, 4)",B0.5,"('C', 0, 0.1, 4)",5,1.1428571428571428,0.4678295776105804,19.5
"B0.5|('C', 0, 0.1, 8)",B0.5,"('C', 0, 0.1, 8)",5,0.4,0.5148321115148581,28.0
"B0.5|('C', 0, 0.2, 0.5)",B0.5,"('C', 0, 0.2, 0.5)",5,3.3333333333333335,0.31408206712695075,9.5
"B0.5|('C', 0, 0.2, 1)",B0.5,"('C', 0, 0.2, 1)",5,2.3333333333333335,0.3635613033634781,12.5
"B0.5|('C', 0, 0.2, 2)",B0.5,"('C', 0, 0.2, 2)",5,1.5,0.42527348552679634,18.0
"B0.5|('C', 0, 0.2, 4)",B0.5,"('C', 0, 0.2, 4)",5,0.5,0.5213354673713624,23.25
"B0.5|('C', 0, 0.2, 8)",B0.5,"('C', 0, 0.2, 8)",5,0.0,0.5315732546330454,29.5
"B0.5|('C', 0, 0.3, 0.5)",B0.5,"('C', 0, 0.3, 0.5)",5,2.4,0.34742025534803134,11.75
"B0.5|('C', 0, 0.3, 1)",B0.5,"('C', 0, 0.3, 1)",5,1.5,0.42966162409769726,16.5
"B0.5|('C', 0, 0.3, 2)",B0.5,"('C', 0, 0.3, 2)",5,0.5,0.5082145467993993,23.0
"B0.5|('C', 0, 0.3, 4)",B0.5,"('C', 0, 0.3, 4)",5,0.0,0.5,28.0
"B0.5|('C', 0, 0.3, 8)",B0.5,"('C', 0, 0.3, 8)",5,0.0,0.5,31.75
"B1|('H', 1, 0.1, -0.1)",B1,"('H', 1, 0.1, -0.1)",5,4.2,0.33601344620101825,10.0
"B1|('H', 1, 0.1, 0.0)",B1,"('H', 1, 0.1, 0.0)",5,8.30952380952381,0.33601344620101825,10.0
"B1|('H', 1, 0.1, 0.05)",B1,"('H', 1, 0.1, 0.05)",5,10.633333333333333,0.33601344620101825,10.0
"B1|('H', 1, 0.2, -0.2)",B1,"('H', 1, 0.2, -0.2)",5,2.8285714285714283,0.3731706300407692,12.0
"B1|('H', 1, 0.2, 0.0)",B1,"('H', 1, 0.2, 0.0)",5,7.291666666666666,0.3731706300407692,12.0
"B1|('H', 1, 0.2, 0.1)",B1,"('H', 1, 0.2, 0.1)",5,10.083333333333332,0.3731706300407692,12.0
"B1|('H', 1, 0.3, -0.3)",B1,"('H', 1, 0.3, -0.3)",5,2.0,0.42549442886160094,15.0
"B1|('H', 1, 0.3, 0.0)",B1,"('H', 1, 0.3, 0.0)",5,6.0,0.42881514386637176,16.0
"B1|('H', 1, 0.3, 0.15)",B1,"('H', 1, 0.3, 0.15)",5,9.5,0.42881514386637176,16.0
"B1|('H', 1, 0.4, -0.4)",B1,"('H', 1, 0.4, -0.4)",5,1.5,0.4762154415132965,19.0
"B1|('H', 1, 0.4, 0.0)",B1,"('H', 1, 0.4, 0.0)",5,4.9375,0.48028948334226806,20.5
"B1|('H', 1, 0.4, 0.2)",B1,"('H', 1, 0.4, 0.2)",5,7.757142857142857,0.48028948334226806,20.5
"B1|('H', 1, 0.5, -0.5)",B1,"('H', 1, 0.5, -0.5)",5,1.0,0.5688480100515068,24.5
"B1|('H', 1, 0.5, 0.0)",B1,"('H', 1, 0.5, 0.0)",5,3.6666666666666665,0.6217796253000321,28.25
"B1|('H', 1, 0.5, 0.25)",B1,"('H', 1, 0.5, 0.25)",5,5.816666666666666,0.6217796253000321,28.25
"B1|('H', 3, 0.1, -0.1)",B1,"('H', 3, 0.1, -0.1)",5,2.5,0.38939650508021406,13.0
"B1|('H', 3, 0.1, 0.0)",B1,"('H', 3, 0.1, 0.0)",5,5.2,0.38939650508021406,13.0
"B1|('H', 3, 0.1, 0.05)",B1,"('H', 3, 0.1, 0.05)",5,6.226190476190476,0.38939650508021406,13.0
"B1|('H', 3, 0.2, -0.2)",B1,"('H', 3, 0.2, -0.2)",5,1.8166666666666667,0.42549442886160094,15.5
"B1|('H', 3, 0.2, 0.0)",B1,"('H', 3, 0.2, 0.0)",5,5.0,0.4360314116040643,16.0
"B1|('H', 3, 0.2, 0.1)",B1,"('H', 3, 0.2, 0.1)",5,5.666666666666667,0.4360314116040643,16.75
"B1|('H', 3, 0.3, -0.3)",B1,"('H', 3, 0.3, -0.3)",5,1.4285714285714286,0.47519963897455864,20.0
"B1|('H', 3, 0.3, 0.0)",B1,"('H', 3, 0.3, 0.0)",5,4.0,0.48314910798692934,22.0
"B1|('H', 3, 0.3, 0.15)",B1,"('H', 3, 0.3, 0.15)",5,5.0,0.48314910798692934,22.0
"B1|('H', 3, 0.4, -0.4)",B1,"('H', 3, 0.4, -0.4)",5,1.0,0.554539919368088,25.0
"B1|('H', 3, 0.4, 0.0)",B1,"('H', 3, 0.4, 0.0)",5,3.1714285714285717,0.5718451244263763,27.0
"B1|('H', 3, 0.4, 0.2)",B1,"('H', 3, 0.4, 0.2)",5,4.267857142857142,0.5718451244263763,27.25
"B1|('H', 3, 0.5, -0.5)",B1,"('H', 3, 0.5, -0.5)",5,0.6333333333333333,0.6077691090025292,27.25
"B1|('H', 3, 0.5, 0.0)",B1,"('H', 3, 0.5, 0.0)",5,2.5,0.7197150967854258,35.0
"B1|('H', 3, 0.5, 0.25)",B1,"('H', 3, 0.5, 0.25)",5,3.225,0.7197150967854258,35.25
"B1|('H', 5, 0.1, -0.1)",B1,"('H', 5, 0.1, -0.1)",5,2.0,0.40425409122075895,15.0
"B1|('H', 5, 0.1, 0.0)",B1,"('H', 5, 0.1, 0.0)",5,4.666666666666667,0.40781941753814155,15.25
"B1|('H', 5, 0.1, 0.05)",B1,"('H', 5, 0.1, 0.05)",5,5.366666666666667,0.41440539624228495,15.5
"B1|('H', 5, 0.2, -0.2)",B1,"('H', 5, 0.2, -0.2)",5,1.5,0.4515100457706484,18.75
"B1|('H', 5, 0.2, 0.0)",B1,"('H', 5, 0.2, 0.0)",5,4.0,0.4729113951604935,20.0
"B1|('H', 5, 0.2, 0.1)",B1,"('H', 5, 0.2, 0.1)",5,4.5,0.4729113951604935,20.0
"B1|('H', 5, 0.3, -0.3)",B1,"('H', 5, 0.3, -0.3)",5,1.225,0.5008131620182484,22.25
"B1|('H', 5, 0.3, 0.0)",B1,"('H', 5, 0.3, 0.0)",5,3.2666666666666666,0.5208752933386174,24.0
"B1|('H', 5, 0.3, 0.15)",B1,"('H', 5, 0.3, 0.15)",5,4.0,0.5208752933386174,24.25
"B1|('H', 5, 0.4, -0.4)",B1,"('H', 5, 0.4, -0.4)",5,0.8333333333333334,0.5758062044919203,25.0
"B1|('H', 5, 0.4, 0.0)",B1,"('H', 5, 0.4, 0.0)",5,2.6666666666666665,0.6412246287064893,30.0
"B1|('H', 5, 0.4, 0.2)",B1,"('H', 5, 0.4, 0.2)",5,3.3333333333333335,0.6452517990394309,30.0
"B1|('H', 5, 0.5, -0.5)",B1,"('H', 5, 0.5, -0.5)",5,0.4,0.6007767047197914,28.0
"B1|('H', 5, 0.5, 0.0)",B1,"('H', 5, 0.5, 0.0)",5,2.0,0.7859950505357693,40.5
"B1|('H', 5, 0.5, 0.25)",B1,"('H', 5, 0.5, 0.25)",5,2.5,0.7939378260334483,40.5
"B1|('H', 10, 0.1, -0.1)",B1,"('H', 10, 0.1, -0.1)",5,1.5,0.44403180087605965,18.75
"B1|('H', 10, 0.1, 0.0)",B1,"('H', 10, 0.1, 0.0)",5,3.4642857142857144,0.4596287715173517,19.0
"B1|('H', 10, 0.1, 0.05)",B1,"('H', 10, 0.1, 0.05)",5,4.0,0.4596287715173517,19.25
"B1|('H', 10, 0.2, -0.2)",B1,"('H', 10, 0.2, -0.2)",5,1.1833333333333333,0.4788801683404692,22.0
"B1|('H', 10, 0.2, 0.0)",B1,"('H', 10, 0.2, 0.0)",5,3.0,0.518926689025762,24.0
"B1|('H', 10, 0.2, 0.1)",B1,"('H', 10, 0.2, 0.1)",5,3.414285714285714,0.5245381876869253,24.75
"B1|('H', 10, 0.3, -0.3)",B1,"('H', 10, 0.3, -0.3)",5,0.8571428571428571,0.5333928422255114,25.0
"B1|('H', 10, 0.3, 0.0)",B1,"('H', 10, 0.3, 0.0)",5,2.5,0.6157536962146587,30.0
"B1|('H', 10, 0.3, 0.15)",B1,"('H', 10, 0.3, 0.15)",5,2.9444444444444446,0.6201872249994609,30.75
"B1|('H', 10, 0.4, -0.4)",B1,"('H', 10, 0.4, -0.4)",5,0.5,0.5649218602998896,27.5
"B1|('H', 10, 0.4, 0.0)",B1,"('H', 10, 0.4, 0.0)",5,1.8333333333333333,0.7452125229778706,38.0
"B1|('H', 10, 0.4, 0.2)",B1,"('H', 10, 0.4, 0.2)",5,2.267857142857143,0.747047331011699,39.0
"B1|('H', 10, 0.5, -0.5)",B1,"('H', 10, 0.5, -0.5)",5,0.0,0.5756056256019205,28.25
"B1|('H', 10, 0.5, 0.0)",B1,"('H', 10, 0.5, 0.0)",5,1.2,0.9460352668633537,46.0
"B1|('H', 10, 0.5, 0.25)",B1,"('H', 10, 0.5, 0.25)",5,1.5,0.9580684283835355,48.0
"B1|('C', 0, 0.0, 0.5)",B1,"('C', 0, 0.0, 0.5)",5,2.6,0.3859526087700167,13.0
"B1|('C', 0, 0.0, 1)",B1,"('C', 0, 0.0, 1)",5,2.0,0.4008888365865109,15.0
"B1|('C', 0, 0.0, 2)",B1,"('C', 0, 0.0, 2)",5,1.6,0.4498555649394972,18.75
"B1|('C', 0, 0.0, 4)",B1,"('C', 0, 0.0, 4)",5,1.2,0.49947232600057145,22.0
"B1|('C', 0, 0.0, 8)",B1,"('C', 0, 0.0, 8)",5,0.7142857142857143,0.5053085244648396,26.75
"B1|('C', 0, 0.1, 0.5)",B1,"('C', 0, 0.1, 0.5)",5,2.0,0.4230091306866114,15.0
"B1|('C', 0, 0.1, 1)",B1,"('C', 0, 0.1, 1)",5,1.5857142857142859,0.44280985772028303,18.0
"B1|('C', 0, 0.1, 2)",B1,"('C', 0, 0.1, 2)",5,1.25,0.4950130795153497,22.0
"B1|('C', 0, 0.1, 4)",B1,"('C', 0, 0.1, 4)",5,0.8333333333333334,0.5211875811024751,24.5
"B1|('C', 0, 0.1, 8)",B1,"('C', 0, 0.1, 8)",5,0.5,0.541526103168412,29.25
"B1|('C', 0, 0.2, 0.5)",B1,"('C', 0, 0.2, 0.5)",5,1.5,0.4565721518431367,18.0
"B1|('C', 0, 0.2, 1)",B1,"('C', 0, 0.2, 1)",5,1.25,0.49114018238426926,22.0
"B1|('C', 0, 0.2, 2)",B1,"('C', 0, 0.2, 2)",5,1.0,0.5133202008040392,25.0
"B1|('C', 0, 0.2, 4)",B1,"('C', 0, 0.2, 4)",5,0.5,0.5432574525520764,27.75
"B1|('C', 0, 0.2, 8)",B1,"('C', 0, 0.2, 8)",5,0.25,0.5592308303204822,28.0
"B1|('C', 0, 0.3, 0.5)",B1,"('C', 0, 0.3, 0.5)",5,1.1666666666666667,0.5154205058251766,23.0
"B1|('C', 0, 0.3, 1)",B1,"('C', 0, 0.3, 1)",5,1.0,0.5265935744164771,26.5
"B1|('C', 0, 0.3, 2)",B1,"('C', 0, 0.3, 2)",5,0.5,0.5743851375603972,27.5
"B1|('C', 0, 0.3, 4)",B1,"('C', 0, 0.3, 4)",5,0.2111111111111111,0.5,28.0
"B1|('C', 0, 0.3, 8)",B1,"('C', 0, 0.3, 8)",5,0.0,0.5,29.25
"B2|('H', 1, 0.1, -0.1)",B2,"('H', 1, 0.1, -0.1)",5,1.6,0.48580404644376735,21.0
"B2|('H', 1, 0.1, 0.0)",B2,"('H', 1, 0.1, 0.0)",5,4.242857142857143,0.4907754474037914,21.0
"B2|('H', 1, 0.1, 0.05)",B2,"('H', 1, 0.1, 0.05)",5,5.916666666666666,0.4937437211494724,21.0
"B2|('H', 1, 0.2, -0.2)",B2,"('H', 1, 0.2, -0.2)",5,1.0,0.5,25.5
"B2|('H', 1, 0.2, 0.0)",B2,"('H', 1, 0.2, 0.0)",5,3.0,0.5455555256836466,26.5
"B2|('H', 1, 0.2, 0.1)",B2,"('H', 1, 0.2, 0.1)",5,4.633333333333333,0.5592152342689789,26.5
"B2|('H', 1, 0.3, -0.3)",B2,"('H', 1, 0.3, -0.3)",5,0.6666666666666666,0.5110076699716788,27.5
"B2|('H', 1, 0.3, 0.0)",B2,"('H', 1, 0.3, 0.0)",5,2.4,0.6333236611732054,31.0
"B2|('H', 1, 0.3, 0.15)",B2,"('H', 1, 0.3, 0.15)",5,4.0,0.6361682528026311,31.75
"B2|('H', 1, 0.4, -0.4)",B2,"('H', 1, 0.4, -0.4)",5,0.5,0.5852619932126115,32.75
"B2|('H', 1, 0.4, 0.0)",B2,"('H', 1, 0.4, 0.0)",5,2.0,0.7133921276550529,37.5
"B2|('H', 1, 0.4, 0.2)",B2,"('H', 1, 0.4, 0.2)",5,3.071428571428571,0.7277709735726925,39.25
"B2|('H', 1, 0.5, -0.5)",B2,"('H', 1, 0.5, -0.5)",5,0.4,0.6159952616040667,34.0
"B2|('H', 1, 0.5, 0.0)",B2,"('H', 1, 0.5, 0.0)",5,1.5,0.8061644574710085,44.25
"B2|('H', 1, 0.5, 0.25)",B2,"('H', 1, 0.5, 0.25)",5,2.4285714285714284,0.8223456240165204,44.5
"B2|('H', 3, 0.1, -0.1)",B2,"('H', 3, 0.1, -0.1)",5,1.0,0.49824955667645665,25.5
"B2|('H', 3, 0.1, 0.0)",B2,"('H', 3, 0.1, 0.0)",5,2.4,0.5188507766308474,25.75
"B2|('H', 3, 0.1, 0.05)",B2,"('H', 3, 0.1, 0.05)",5,2.928571428571429,0.5235007379857805,26.0
"B2|('H', 3, 0.2, -0.2)",B2,"('H', 3, 0.2, -0.2)",5,0.6666666666666666,0.5164454844362971,27.5
"B2|('H', 3, 0.2, 0.0)",B2,"('H', 3, 0.2, 0.0)",5,2.0,0.6178386507091929,30.0
"B2|('H', 3, 0.2, 0.1)",B2,"('H', 3, 0.2, 0.1)",5,2.4285714285714284,0.62866527906915,30.0
"B2|('H', 3, 0.3, -0.3)",B2,"('H', 3, 0.3, -0.3)",5,0.5277777777777778,0.5556779189394164,31.5
"B2|('H', 3, 0.3, 0.0)",B2,"('H', 3, 0.3, 0.0)",5,1.6,0.6803141707341593,35.5
"B2|('H', 3, 0.3, 0.15)",B2,"('H', 3, 0.3, 0.15)",5,2.1714285714285717,0.6983980419402376,37.0
"B2|('H', 3, 0.4, -0.4)",B2,"('H', 3, 0.4, -0.4)",5,0.5,0.5639542873913763,34.0
"B2|('H', 3, 0.4, 0.0)",B2,"('H', 3, 0.4, 0.0)",5,1.4642857142857144,0.7307470352787288,41.75
"B2|('H', 3, 0.4, 0.2)",B2,"('H', 3, 0.4, 0.2)",5,2.0,0.7653212804274367,43.0
"B2|('H', 3, 0.5, -0.5)",B2,"('H', 3, 0.5, -0.5)",5,0.3333333333333333,0.5928392886376285,33.75
"B2|('H', 3, 0.5, 0.0)",B2,"('H', 3, 0.5, 0.0)",5,1.225,0.8350165377653307,45.75
"B2|('H', 3, 0.5, 0.25)",B2,"('H', 3, 0.5, 0.25)",5,1.55,0.8818774157296796,49.5
"B2|('H', 5, 0.1, -0.1)",B2,"('H', 5, 0.1, -0.1)",5,0.8333333333333334,0.5,25.0
"B2|('H', 5, 0.1, 0.0)",B2,"('H', 5, 0.1, 0.0)",5,2.0,0.5431848793148688,27.0
"B2|('H', 5, 0.1, 0.05)",B2,"('H', 5, 0.1, 0.05)",5,2.4,0.5537950386269546,27.0
"B2|('H', 5, 0.2, -0.2)",B2,"('H', 5, 0.2, -0.2)",5,0.6,0.5032377092663662,28.0
"B2|('H', 5, 0.2, 0.0)",B2,"('H', 5, 0.2, 0.0)",5,1.6904761904761905,0.6127229838590501,32.0
"B2|('H', 5, 0.2, 0.1)",B2,"('H', 5, 0.2, 0.1)",5,2.0,0.6427797332957204,33.25
"B2|('H', 5, 0.3, -0.3)",B2,"('H', 5, 0.3, -0.3)",5,0.5,0.5227723824585809,29.75
"B2|('H', 5, 0.3, 0.0)",B2,"('H', 5, 0.3, 0.0)",5,1.5,0.6778250097018994,37.25
"B2|('H', 5, 0.3, 0.15)",B2,"('H', 5, 0.3, 0.15)",5,2.0,0.7337018300909062,40.75
"B2|('H', 5, 0.4, -0.4)",B2,"('H', 5, 0.4, -0.4)",5,0.4642857142857143,0.5632290561924909,31.0
"B2|('H', 5, 0.4, 0.0)",B2,"('H', 5, 0.4, 0.0)",5,1.3095238095238095,0.7519236084123436,43.25
"B2|('H', 5, 0.4, 0.2)",B2,"('H', 5, 0.4, 0.2)",5,1.707142857142857,0.7907102648299238,44.5
"B2|('H', 5, 0.5, -0.5)",B2,"('H', 5, 0.5, -0.5)",5,0.3333333333333333,0.5691421614013492,29.0
"B2|('H', 5, 0.5, 0.0)",B2,"('H', 5, 0.5, 0.0)",5,1.0,0.8830010533982577,47.25
"B2|('H', 5, 0.5, 0.25)",B2,"('H', 5, 0.5, 0.25)",5,1.4,0.9257376158424346,51.0
"B2|('H', 10, 0.1, -0.1)",B2,"('H', 10, 0.1, -0.1)",5,0.6666666666666666,0.5,27.75
"B2|('H', 10, 0.1, 0.0)",B2,"('H', 10, 0.1, 0.0)",5,1.6,0.530616166408778,29.0
"B2|('H', 10, 0.1, 0.05)",B2,"('H', 10, 0.1, 0.05)",5,1.75,0.597905064510009,30.0
"B2|('H', 10, 0.2, -0.2)",B2,"('H', 10, 0.2, -0.2)",5,0.5,0.5,28.75
"B2|('H', 10, 0.2, 0.0)",B2,"('H', 10, 0.2, 0.0)",5,1.4,0.6212698062954319,33.5
"B2|('H', 10, 0.2, 0.1)",B2,"('H', 10, 0.2, 0.1)",5,1.6,0.6550640013657899,35.5
"B2|('H', 10, 0.3, -0.3)",B2,"('H', 10, 0.3, -0.3)",5,0.5,0.5081518813817201,29.0
"B2|('H', 10, 0.3, 0.0)",B2,"('H', 10, 0.3, 0.0)",5,1.25,0.6703926899805255,39.25
"B2|('H', 10, 0.3, 0.15)",B2,"('H', 10, 0.3, 0.15)",5,1.5,0.7358879722135168,43.25
"B2|('H', 10, 0.4, -0.4)",B2,"('H', 10, 0.4, -0.4)",5,0.3333333333333333,0.5308964616749992,27.75
"B2|('H', 10, 0.4, 0.0)",B2,"('H', 10, 0.4, 0.0)",5,1.0,0.7959880116617836,44.75
"B2|('H', 10, 0.4, 0.2)",B2,"('H', 10, 0.4, 0.2)",5,1.4,0.8269051204381983,47.25
"B2|('H', 10, 0.5, -0.5)",B2,"('H', 10, 0.5, -0.5)",5,0.25,0.5442101990829912,27.75
"B2|('H', 10, 0.5, 0.0)",B2,"('H', 10, 0.5, 0.0)",5,0.8166666666666667,0.9552908283037747,48.0
"B2|('H', 10, 0.5, 0.25)",B2,"('H', 10, 0.5, 0.25)",5,1.1547619047619047,1.0,53.0
"B2|('C', 0, 0.0, 0.5)",B2,"('C', 0, 0.0, 0.5)",5,1.0,0.496268046382241,24.0
"B2|('C', 0, 0.0, 1)",B2,"('C', 0, 0.0, 1)",5,0.8571428571428571,0.5,24.5
"B2|('C', 0, 0.0, 2)",B2,"('C', 0, 0.0, 2)",5,0.6666666666666666,0.5,27.75
"B2|('C', 0, 0.0, 4)",B2,"('C', 0, 0.0, 4)",5,0.5714285714285714,0.5,27.75
"B2|('C', 0, 0.0, 8)",B2,"('C', 0, 0.0, 8)",5,0.5,0.5,27.75
"B2|('C', 0, 0.1, 0.5)",B2,"('C', 0, 0.1, 0.5)",5,0.7638888888888888,0.5,26.75
"B2|('C', 0, 0.1, 1)",B2,"('C', 0, 0.1, 1)",5,0.6666666666666666,0.5009145520795365,27.75
"B2|('C', 0, 0.1, 2)",B2,"('C', 0, 0.1, 2)",5,0.5714285714285714,0.5,28.0
"B2|('C', 0, 0.1, 4)",B2,"('C', 0, 0.1, 4)",5,0.5,0.5019542127348253,27.5
"B2|('C', 0, 0.1, 8)",B2,"('C', 0, 0.1, 8)",5,0.4,0.5,27.25
"B2|('C', 0, 0.2, 0.5)",B2,"('C', 0, 0.2, 0.5)",5,0.5714285714285714,0.5678613737350007,29.25
"B2|('C', 0, 0.2, 1)",B2,"('C', 0, 0.2, 1)",5,0.5,0.5712423742905114,31.0
"B2|('C', 0, 0.2, 2)",B2,"('C', 0, 0.2, 2)",5,0.5,0.5323072827425542,27.75
"B2|('C', 0, 0.2, 4)",B2,"('C', 0, 0.2, 4)",5,0.4,0.5,29.25
"B2|('C', 0, 0.2, 8)",B2,"('C', 0, 0.2, 8)",5,0.3333333333333333,0.5,28.0
"B2|('C', 0, 0.3, 0.5)",B2,"('C', 0, 0.3, 0.5)",5,0.5,0.5509148044718324,30.25
"B2|('C', 0, 0.3, 1)",B2,"('C', 0, 0.3, 1)",5,0.5,0.5344868498423374,27.75
"B2|('C', 0, 0.3, 2)",B2,"('C', 0, 0.3, 2)",5,0.4,0.5376039007028939,27.75
"B2|('C', 0, 0.3, 4)",B2,"('C', 0, 0.3, 4)",5,0.3333333333333333,0.5,27.0
"B2|('C', 0, 0.3, 8)",B2,"('C', 0, 0.3, 8)",5,0.18333333333333335,0.5,27.25
"B1w|('H', 1, 0.1, -0.1)",B1w,"('H', 1, 0.1, -0.1)",5,6.0,0.2644208330551775,6.0
"B1w|('H', 1, 0.1, 0.0)",B1w,"('H', 1, 0.1, 0.0)",5,11.82857142857143,0.2664036378890554,6.0
"B1w|('H', 1, 0.1, 0.05)",B1w,"('H', 1, 0.1, 0.05)",5,14.916666666666668,0.2664036378890554,6.0
"B1w|('H', 1, 0.2, -0.2)",B1w,"('H', 1, 0.2, -0.2)",5,3.5,0.3208651428978979,8.75
"B1w|('H', 1, 0.2, 0.0)",B1w,"('H', 1, 0.2, 0.0)",5,10.208333333333332,0.3257254444256013,9.0
"B1w|('H', 1, 0.2, 0.1)",B1w,"('H', 1, 0.2, 0.1)",5,13.633333333333333,0.3276870944290946,9.0
"B1w|('H', 1, 0.3, -0.3)",B1w,"('H', 1, 0.3, -0.3)",5,2.0,0.41005433742031155,13.25
"B1w|('H', 1, 0.3, 0.0)",B1w,"('H', 1, 0.3, 0.0)",5,7.633333333333333,0.423466300665272,14.25
"B1w|('H', 1, 0.3, 0.15)",B1w,"('H', 1, 0.3, 0.15)",5,10.55,0.4236537365783937,14.25
"B1w|('H', 1, 0.4, -0.4)",B1w,"('H', 1, 0.4, -0.4)",5,0.14285714285714285,0.5000121235181693,22.5
"B1w|('H', 1, 0.4, 0.0)",B1w,"('H', 1, 0.4, 0.0)",5,4.333333333333333,0.7479256219872411,27.25
"B1w|('H', 1, 0.4, 0.2)",B1w,"('H', 1, 0.4, 0.2)",5,6.816666666666666,0.7479256219872411,27.25
"B1w|('H', 1, 0.5, -0.5)",B1w,"('H', 1, 0.5, -0.5)",5,0.0,0.5,28.0
"B1w|('H', 1, 0.5, 0.0)",B1w,"('H', 1, 0.5, 0.0)",5,3.414285714285714,0.8811179074841397,36.0
"B1w|('H', 1, 0.5, 0.25)",B1w,"('H', 1, 0.5, 0.25)",5,5.666666666666667,0.8811179074841397,36.0
"B1w|('H', 3, 0.1, -0.1)",B1w,"('H', 3, 0.1, -0.1)",5,3.2,0.33379082005924926,9.25
"B1w|('H', 3, 0.1, 0.0)",B1w,"('H', 3, 0.1, 0.0)",5,7.2,0.3361734627568491,9.75
"B1w|('H', 3, 0.1, 0.05)",B1w,"('H', 3, 0.1, 0.05)",5,8.55,0.3361734627568491,9.75
"B1w|('H', 3, 0.2, -0.2)",B1w,"('H', 3, 0.2, -0.2)",5,2.0,0.4067774517047808,12.5
"B1w|('H', 3, 0.2, 0.0)",B1w,"('H', 3, 0.2, 0.0)",5,5.666666666666667,0.41863140334445575,13.0
"B1w|('H', 3, 0.2, 0.1)",B1w,"('H', 3, 0.2, 0.1)",5,7.0,0.41863140334445575,13.0
"B1w|('H', 3, 0.3, -0.3)",B1w,"('H', 3, 0.3, -0.3)",5,1.0,0.5,20.25
"B1w|('H', 3, 0.3, 0.0)",B1w,"('H', 3, 0.3, 0.0)",5,4.125,0.5412340835238818,22.0
"B1w|('H', 3, 0.3, 0.15)",B1w,"('H', 3, 0.3, 0.15)",5,5.366666666666667,0.5496992444091031,22.0
"B1w|('H', 3, 0.4, -0.4)",B1w,"('H', 3, 0.4, -0.4)",5,0.0,0.5,28.0
"B1w|('H', 3, 0.4, 0.0)",B1w,"('H', 3, 0.4, 0.0)",5,2.6333333333333333,0.856921638209938,35.5
"B1w|('H', 3, 0.4, 0.2)",B1w,"('H', 3, 0.4, 0.2)",5,3.708333333333333,0.8587952864048847,36.0
"B1w|('H', 3, 0.5, -0.5)",B1w,"('H', 3, 0.5, -0.5)",5,0.0,0.5,28.0
"B1w|('H', 3, 0.5, 0.0)",B1w,"('H', 3, 0.5, 0.0)",5,2.3333333333333335,0.922175529564139,39.75
"B1w|('H', 3, 0.5, 0.25)",B1w,"('H', 3, 0.5, 0.25)",5,3.0,0.9239001941130667,40.0
"B1w|('H', 5, 0.1, -0.1)",B1w,"('H', 5, 0.1, -0.1)",5,2.3333333333333335,0.36722740144971094,11.75
"B1w|('H', 5, 0.1, 0.0)",B1w,"('H', 5, 0.1, 0.0)",5,6.0,0.3727989850907093,12.0
"B1w|('H', 5, 0.1, 0.05)",B1w,"('H', 5, 0.1, 0.05)",5,6.8,0.3727989850907093,12.0
"B1w|('H', 5, 0.2, -0.2)",B1w,"('H', 5, 0.2, -0.2)",5,1.4142857142857141,0.46010597680052634,16.0
"B1w|('H', 5, 0.2, 0.0)",B1w,"('H', 5, 0.2, 0.0)",5,4.5,0.4848122042066594,17.25
"B1w|('H', 5, 0.2, 0.1)",B1w,"('H', 5, 0.2, 0.1)",5,5.5,0.4873757485922865,17.25
"B1w|('H', 5, 0.3, -0.3)",B1w,"('H', 5, 0.3, -0.3)",5,0.5,0.5748125673451235,23.75
"B1w|('H', 5, 0.3, 0.0)",B1w,"('H', 5, 0.3, 0.0)",5,3.0,0.6744367078070439,28.5
"B1w|('H', 5, 0.3, 0.15)",B1w,"('H', 5, 0.3, 0.15)",5,3.8,0.6829635546652415,28.5
"B1w|('H', 5, 0.4, -0.4)",B1w,"('H', 5, 0.4, -0.4)",5,0.0,0.5,28.0
"B1w|('H', 5, 0.4, 0.0)",B1w,"('H', 5, 0.4, 0.0)",5,2.0,0.896856369103144,37.75
"B1w|('H', 5, 0.4, 0.2)",B1w,"('H', 5, 0.4, 0.2)",5,3.0,0.9000266716451812,38.25
"B1w|('H', 5, 0.5, -0.5)",B1w,"('H', 5, 0.5, -0.5)",5,0.0,0.5,28.0
"B1w|('H', 5, 0.5, 0.0)",B1w,"('H', 5, 0.5, 0.0)",5,1.775,0.9929853251263736,42.0
"B1w|('H', 5, 0.5, 0.25)",B1w,"('H', 5, 0.5, 0.25)",5,2.645833333333333,0.9981912242884017,42.0
"B1w|('H', 10, 0.1, -0.1)",B1w,"('H', 10, 0.1, -0.1)",5,1.5,0.42701587624759957,16.0
"B1w|('H', 10, 0.1, 0.0)",B1w,"('H', 10, 0.1, 0.0)",5,4.0,0.4547419977399071,16.0
"B1w|('H', 10, 0.1, 0.05)",B1w,"('H', 10, 0.1, 0.05)",5,4.585714285714285,0.45876998771200134,16.0
"B1w|('H', 10, 0.2, -0.2)",B1w,"('H', 10, 0.2, -0.2)",5,0.6666666666666666,0.5,20.75
"B1w|('H', 10, 0.2, 0.0)",B1w,"('H', 10, 0.2, 0.0)",5,2.6904761904761907,0.6041842846647978,24.0
"B1w|('H', 10, 0.2, 0.1)",B1w,"('H', 10, 0.2, 0.1)",5,3.253968253968254,0.6041842846647978,24.5
"B1w|('H', 10, 0.3, -0.3)",B1w,"('H', 10, 0.3, -0.3)",5,0.0,0.5,27.75
"B1w|('H', 10, 0.3, 0.0)",B1w,"('H', 10, 0.3, 0.0)",5,1.8452380952380953,0.8453895310655768,35.0
"B1w|('H', 10, 0.3, 0.15)",B1w,"('H', 10, 0.3, 0.15)",5,2.5,0.8478288499097085,36.0
"B1w|('H', 10, 0.4, -0.4)",B1w,"('H', 10, 0.4, -0.4)",5,0.0,0.5,28.0
"B1w|('H', 10, 0.4, 0.0)",B1w,"('H', 10, 0.4, 0.0)",5,1.6,0.97042050675938,41.25
"B1w|('H', 10, 0.4, 0.2)",B1w,"('H', 10, 0.4, 0.2)",5,2.1833333333333336,0.9869450730769407,41.5
"B1w|('H', 10, 0.5, -0.5)",B1w,"('H', 10, 0.5, -0.5)",5,0.0,0.5,28.0
"B1w|('H', 10, 0.5, 0.0)",B1w,"('H', 10, 0.5, 0.0)",5,1.25,1.0,47.0
"B1w|('H', 10, 0.5, 0.25)",B1w,"('H', 10, 0.5, 0.25)",5,1.775,1.0,48.0
"B1w|('C', 0, 0.0, 0.5)",B1w,"('C', 0, 0.0, 0.5)",5,3.4365079365079367,0.3275533745555805,9.0
"B1w|('C', 0, 0.0, 1)",B1w,"('C', 0, 0.0, 1)",5,2.4642857142857144,0.3605308756930939,11.0
"B1w|('C', 0, 0.0, 2)",B1w,"('C', 0, 0.0, 2)",5,1.5,0.41490160151521455,16.0
"B1w|('C', 0, 0.0, 4)",B1w,"('C', 0, 0.0, 4)",5,0.8,0.5,22.0
"B1w|('C', 0, 0.0, 8)",B1w,"('C', 0, 0.0, 8)",5,0.0625,0.5116759228189676,27.75
"B1w|('C', 0, 0.1, 0.5)",B1w,"('C', 0, 0.1, 0.5)",5,2.225,0.36438408683111667,11.0
"B1w|('C', 0, 0.1, 1)",B1w,"('C', 0, 0.1, 1)",5,1.4285714285714286,0.4364147472100739,16.0
"B1w|('C', 0, 0.1, 2)",B1w,"('C', 0, 0.1, 2)",5,0.8285714285714285,0.5123391238923896,20.0
"B1w|('C', 0, 0.1, 4)",B1w,"('C', 0, 0.1, 4)",5,0.0,0.5,27.75
"B1w|('C', 0, 0.1, 8)",B1w,"('C', 0, 0.1, 8)",5,0.0,0.5,28.0
"B1w|('C', 0, 0.2, 0.5)",B1w,"('C', 0, 0.2, 0.5)",5,1.2,0.4625625851830196,17.5
"B1w|('C', 0, 0.2, 1)",B1w,"('C', 0, 0.2, 1)",5,0.6666666666666666,0.5364242027545338,22.25
"B1w|('C', 0, 0.2, 2)",B1w,"('C', 0, 0.2, 2)",5,0.0,0.5,27.75
"B1w|('C', 0, 0.2, 4)",B1w,"('C', 0, 0.2, 4)",5,0.0,0.5,28.0
"B1w|('C', 0, 0.2, 8)",B1w,"('C', 0, 0.2, 8)",5,0.0,0.5,28.0
"B1w|('C', 0, 0.3, 0.5)",B1w,"('C', 0, 0.3, 0.5)",5,0.2857142857142857,0.5812366692691651,25.75
"B1w|('C', 0, 0.3, 1)",B1w,"('C', 0, 0.3, 1)",5,0.0,0.5,28.0
"B1w|('C', 0, 0.3, 2)",B1w,"('C', 0, 0.3, 2)",5,0.0,0.5,28.0
"B1w|('C', 0, 0.3, 4)",B1w,"('C', 0, 0.3, 4)",5,0.0,0.5,28.0
"B1w|('C', 0, 0.3, 8)",B1w,"('C', 0, 0.3, 8)",5,0.0,0.5,31.0
"T1|('H', 1, 0.1, -0.1)",T1,"('H', 1, 0.1, -0.1)",5,3.732142857142857,0.3639907481597988,11.0
"T1|('H', 1, 0.1, 0.0)",T1,"('H', 1, 0.1, 0.0)",5,7.732142857142858,0.36468177500933563,11.0
"T1|('H', 1, 0.1, 0.05)",T1,"('H', 1, 0.1, 0.05)",5,9.708333333333332,0.36468177500933563,11.0
"T1|('H', 1, 0.2, -0.2)",T1,"('H', 1, 0.2, -0.2)",5,2.5,0.3882657165696778,13.0
"T1|('H', 1, 0.2, 0.0)",T1,"('H', 1, 0.2, 0.0)",5,6.75,0.3889086582840593,13.25
"T1|('H', 1, 0.2, 0.1)",T1,"('H', 1, 0.2, 0.1)",5,9.666666666666666,0.3889086582840593,13.5
"T1|('H', 1, 0.3, -0.3)",T1,"('H', 1, 0.3, -0.3)",5,2.0,0.41413648419656635,16.25
"T1|('H', 1, 0.3, 0.0)",T1,"('H', 1, 0.3, 0.0)",5,5.55,0.42777421130710525,17.0
"T1|('H', 1, 0.3, 0.15)",T1,"('H', 1, 0.3, 0.15)",5,8.5,0.42984288729393205,17.0
"T1|('H', 1, 0.4, -0.4)",T1,"('H', 1, 0.4, -0.4)",5,1.5,0.4755616189391216,19.75
"T1|('H', 1, 0.4, 0.0)",T1,"('H', 1, 0.4, 0.0)",5,4.666666666666667,0.4809525175686122,21.0
"T1|('H', 1, 0.4, 0.2)",T1,"('H', 1, 0.4, 0.2)",5,7.366666666666667,0.48479071622130027,21.0
"T1|('H', 1, 0.5, -0.5)",T1,"('H', 1, 0.5, -0.5)",5,1.0,0.5546381173691399,24.0
"T1|('H', 1, 0.5, 0.0)",T1,"('H', 1, 0.5, 0.0)",5,3.7142857142857144,0.5867820439080099,27.0
"T1|('H', 1, 0.5, 0.25)",T1,"('H', 1, 0.5, 0.25)",5,5.845238095238095,0.5867820439080099,27.0
"T1|('H', 3, 0.1, -0.1)",T1,"('H', 3, 0.1, -0.1)",5,2.4,0.39908697407893284,14.5
"T1|('H', 3, 0.1, 0.0)",T1,"('H', 3, 0.1, 0.0)",5,5.183333333333334,0.4017955383649341,14.5
"T1|('H', 3, 0.1, 0.05)",T1,"('H', 3, 0.1, 0.05)",5,6.0,0.4017955383649341,14.5
"T1|('H', 3, 0.2, -0.2)",T1,"('H', 3, 0.2, -0.2)",5,1.7321428571428572,0.4390440521679429,17.25
"T1|('H', 3, 0.2, 0.0)",T1,"('H', 3, 0.2, 0.0)",5,4.5,0.4506556895429078,18.0
"T1|('H', 3, 0.2, 0.1)",T1,"('H', 3, 0.2, 0.1)",5,5.5,0.4506556895429078,18.5
"T1|('H', 3, 0.3, -0.3)",T1,"('H', 3, 0.3, -0.3)",5,1.4142857142857141,0.4810406973808975,21.0
"T1|('H', 3, 0.3, 0.0)",T1,"('H', 3, 0.3, 0.0)",5,4.0,0.497528560587921,22.0
"T1|('H', 3, 0.3, 0.15)",T1,"('H', 3, 0.3, 0.15)",5,4.816666666666666,0.497528560587921,23.0
"T1|('H', 3, 0.4, -0.4)",T1,"('H', 3, 0.4, -0.4)",5,1.0,0.537486328679605,25.25
"T1|('H', 3, 0.4, 0.0)",T1,"('H', 3, 0.4, 0.0)",5,3.2,0.5567519365532871,27.0
"T1|('H', 3, 0.4, 0.2)",T1,"('H', 3, 0.4, 0.2)",5,4.0,0.5567519365532871,28.0
"T1|('H', 3, 0.5, -0.5)",T1,"('H', 3, 0.5, -0.5)",5,0.75,0.6301177683602188,27.5
"T1|('H', 3, 0.5, 0.0)",T1,"('H', 3, 0.5, 0.0)",5,2.5,0.6913892402545961,33.75
"T1|('H', 3, 0.5, 0.25)",T1,"('H', 3, 0.5, 0.25)",5,3.4642857142857144,0.6913892402545961,34.0
"T1|('H', 5, 0.1, -0.1)",T1,"('H', 5, 0.1, -0.1)",5,2.0,0.4243058449826166,16.0
"T1|('H', 5, 0.1, 0.0)",T1,"('H', 5, 0.1, 0.0)",5,4.414285714285715,0.43125429409452926,16.5
"T1|('H', 5, 0.1, 0.05)",T1,"('H', 5, 0.1, 0.05)",5,5.0,0.43188196928545974,16.5
"T1|('H', 5, 0.2, -0.2)",T1,"('H', 5, 0.2, -0.2)",5,1.5,0.46563543772730237,19.25
"T1|('H', 5, 0.2, 0.0)",T1,"('H', 5, 0.2, 0.0)",5,4.0,0.47665871462070253,21.0
"T1|('H', 5, 0.2, 0.1)",T1,"('H', 5, 0.2, 0.1)",5,4.5,0.47895410058527954,21.75
"T1|('H', 5, 0.3, -0.3)",T1,"('H', 5, 0.3, -0.3)",5,1.2,0.5058768183277869,23.75
"T1|('H', 5, 0.3, 0.0)",T1,"('H', 5, 0.3, 0.0)",5,3.225,0.5356081173476477,25.0
"T1|('H', 5, 0.3, 0.15)",T1,"('H', 5, 0.3, 0.15)",5,4.0,0.5356081173476477,25.25
"T1|('H', 5, 0.4, -0.4)",T1,"('H', 5, 0.4, -0.4)",5,1.0,0.565693010347305,26.25
"T1|('H', 5, 0.4, 0.0)",T1,"('H', 5, 0.4, 0.0)",5,2.6333333333333333,0.617317840788201,30.0
"T1|('H', 5, 0.4, 0.2)",T1,"('H', 5, 0.4, 0.2)",5,3.267857142857143,0.6217356029296327,30.0
"T1|('H', 5, 0.5, -0.5)",T1,"('H', 5, 0.5, -0.5)",5,0.5,0.6397050943620699,28.5
"T1|('H', 5, 0.5, 0.0)",T1,"('H', 5, 0.5, 0.0)",5,2.0,0.7636835700639828,39.5
"T1|('H', 5, 0.5, 0.25)",T1,"('H', 5, 0.5, 0.25)",5,2.6,0.7643003212593207,40.25
"T1|('H', 10, 0.1, -0.1)",T1,"('H', 10, 0.1, -0.1)",5,1.5,0.46392324771873933,20.0
"T1|('H', 10, 0.1, 0.0)",T1,"('H', 10, 0.1, 0.0)",5,3.3333333333333335,0.47552775927430124,20.75
"T1|('H', 10, 0.1, 0.05)",T1,"('H', 10, 0.1, 0.05)",5,3.5777777777777775,0.4757686155627653,21.0
"T1|('H', 10, 0.2, -0.2)",T1,"('H', 10, 0.2, -0.2)",5,1.2,0.5010253950007163,23.5
"T1|('H', 10, 0.2, 0.0)",T1,"('H', 10, 0.2, 0.0)",5,2.857142857142857,0.5339269211272359,25.25
"T1|('H', 10, 0.2, 0.1)",T1,"('H', 10, 0.2, 0.1)",5,3.2,0.5356074655615535,26.0
"T1|('H', 10, 0.3, -0.3)",T1,"('H', 10, 0.3, -0.3)",5,1.0,0.5478003039831894,25.0
"T1|('H', 10, 0.3, 0.0)",T1,"('H', 10, 0.3, 0.0)",5,2.5,0.6071415476555508,30.0
"T1|('H', 10, 0.3, 0.15)",T1,"('H', 10, 0.3, 0.15)",5,3.0,0.6071415476555508,30.0
"T1|('H', 10, 0.4, -0.4)",T1,"('H', 10, 0.4, -0.4)",5,0.6,0.5850135500100951,28.0
"T1|('H', 10, 0.4, 0.0)",T1,"('H', 10, 0.4, 0.0)",5,2.0,0.734935287699461,38.0
"T1|('H', 10, 0.4, 0.2)",T1,"('H', 10, 0.4, 0.2)",5,2.3666666666666667,0.7437609276598152,39.0
"T1|('H', 10, 0.5, -0.5)",T1,"('H', 10, 0.5, -0.5)",5,0.31666666666666665,0.5839795012806734,27.75
"T1|('H', 10, 0.5, 0.0)",T1,"('H', 10, 0.5, 0.0)",5,1.4,0.880703459962223,45.0
"T1|('H', 10, 0.5, 0.25)",T1,"('H', 10, 0.5, 0.25)",5,1.6666666666666667,0.8821196506361167,46.0
"T1|('C', 0, 0.0, 0.5)",T1,"('C', 0, 0.0, 0.5)",5,2.5,0.3859526087700167,13.75
"T1|('C', 0, 0.0, 1)",T1,"('C', 0, 0.0, 1)",5,2.0,0.4218789406750795,16.75
"T1|('C', 0, 0.0, 2)",T1,"('C', 0, 0.0, 2)",5,1.5,0.4534629149648635,20.0
"T1|('C', 0, 0.0, 4)",T1,"('C', 0, 0.0, 4)",5,1.2,0.4898414606997258,23.0
"T1|('C', 0, 0.0, 8)",T1,"('C', 0, 0.0, 8)",5,0.8,0.5152885098053259,27.5
"T1|('C', 0, 0.1, 0.5)",T1,"('C', 0, 0.1, 0.5)",5,2.0,0.43125429409452926,17.0
"T1|('C', 0, 0.1, 1)",T1,"('C', 0, 0.1, 1)",5,1.5,0.46265782425370194,19.25
"T1|('C', 0, 0.1, 2)",T1,"('C', 0, 0.1, 2)",5,1.25,0.5010073227323646,23.25
"T1|('C', 0, 0.1, 4)",T1,"('C', 0, 0.1, 4)",5,1.0,0.5306261172995823,26.5
"T1|('C', 0, 0.1, 8)",T1,"('C', 0, 0.1, 8)",5,0.5,0.5538124996456636,28.0
"T1|('C', 0, 0.2, 0.5)",T1,"('C', 0, 0.2, 0.5)",5,1.4722222222222223,0.47480397609969976,20.5
"T1|('C', 0, 0.2, 1)",T1,"('C', 0, 0.2, 1)",5,1.25,0.5055098009234443,23.0
"T1|('C', 0, 0.2, 2)",T1,"('C', 0, 0.2, 2)",5,1.0,0.526872256639302,25.75
"T1|('C', 0, 0.2, 4)",T1,"('C', 0, 0.2, 4)",5,0.6,0.5590156309388514,28.5
"T1|('C', 0, 0.2, 8)",T1,"('C', 0, 0.2, 8)",5,0.3333333333333333,0.5258072945738828,28.75
"T1|('C', 0, 0.3, 0.5)",T1,"('C', 0, 0.3, 0.5)",5,1.1666666666666667,0.5246681753311371,24.25
"T1|('C', 0, 0.3, 1)",T1,"('C', 0, 0.3, 1)",5,1.0,0.5383064659465795,27.0
"T1|('C', 0, 0.3, 2)",T1,"('C', 0, 0.3, 2)",5,0.6666666666666666,0.5629657714124043,26.75
"T1|('C', 0, 0.3, 4)",T1,"('C', 0, 0.3, 4)",5,0.3333333333333333,0.5262446289783456,28.75
"T1|('C', 0, 0.3, 8)",T1,"('C', 0, 0.3, 8)",5,0.0,0.5777538847482433,30.5
"TS|('H', 1, 0.1, -0.1)",TS,"('H', 1, 0.1, -0.1)",5,2.928571428571429,0.3129837649904397,17.0
"TS|('H', 1, 0.1, 0.0)",TS,"('H', 1, 0.1, 0.0)",5,8.0,0.3416906378551925,21.0
"TS|('H', 1, 0.1, 0.05)",TS,"('H', 1, 0.1, 0.05)",5,11.183333333333334,0.346713502859303,21.0
"TS|('H', 1, 0.2, -0.2)",TS,"('H', 1, 0.2, -0.2)",5,1.0,0.3720950995996648,21.25
"TS|('H', 1, 0.2, 0.0)",TS,"('H', 1, 0.2, 0.0)",5,4.633333333333333,0.543173529579683,29.75
"TS|('H', 1, 0.2, 0.1)",TS,"('H', 1, 0.2, 0.1)",5,7.2,0.5698584583911019,31.0
"TS|('H', 1, 0.3, -0.3)",TS,"('H', 1, 0.3, -0.3)",5,0.0,0.5,26.0
"TS|('H', 1, 0.3, 0.0)",TS,"('H', 1, 0.3, 0.0)",5,2.857142857142857,0.8930283576336975,45.5
"TS|('H', 1, 0.3, 0.15)",TS,"('H', 1, 0.3, 0.15)",5,5.2,0.9162131680382833,46.25
"TS|('H', 1, 0.4, -0.4)",TS,"('H', 1, 0.4, -0.4)",5,0.0,0.5,28.0
"TS|('H', 1, 0.4, 0.0)",TS,"('H', 1, 0.4, 0.0)",5,1.7142857142857142,1.0,53.5
"TS|('H', 1, 0.4, 0.2)",TS,"('H', 1, 0.4, 0.2)",5,3.45,1.0,55.25
"TS|('H', 1, 0.5, -0.5)",TS,"('H', 1, 0.5, -0.5)",5,0.0,0.5,30.0
"TS|('H', 1, 0.5, 0.0)",TS,"('H', 1, 0.5, 0.0)",5,0.4,1.0,66.5
"TS|('H', 1, 0.5, 0.25)",TS,"('H', 1, 0.5, 0.25)",5,0.5,1.0,70.0
"TS|('H', 3, 0.1, -0.1)",TS,"('H', 3, 0.1, -0.1)",5,1.5,0.3643468139468259,23.0
"TS|('H', 3, 0.1, 0.0)",TS,"('H', 3, 0.1, 0.0)",5,4.0,0.4555172683685136,25.75
"TS|('H', 3, 0.1, 0.05)",TS,"('H', 3, 0.1, 0.05)",5,5.071428571428571,0.4583512658676616,26.0
"TS|('H', 3, 0.2, -0.2)",TS,"('H', 3, 0.2, -0.2)",5,0.5714285714285714,0.3869097775503731,20.5
"TS|('H', 3, 0.2, 0.0)",TS,"('H', 3, 0.2, 0.0)",5,2.3666666666666667,0.7331263798229974,40.5
"TS|('H', 3, 0.2, 0.1)",TS,"('H', 3, 0.2, 0.1)",5,3.3333333333333335,0.7500348950119801,41.5
"TS|('H', 3, 0.3, -0.3)",TS,"('H', 3, 0.3, -0.3)",5,0.0,0.5,28.0
"TS|('H', 3, 0.3, 0.0)",TS,"('H', 3, 0.3, 0.0)",5,1.5,1.0,52.0
"TS|('H', 3, 0.3, 0.15)",TS,"('H', 3, 0.3, 0.15)",5,2.1666666666666665,1.0,52.0
"TS|('H', 3, 0.4, -0.4)",TS,"('H', 3, 0.4, -0.4)",5,0.0,0.5,28.0
"TS|('H', 3, 0.4, 0.0)",TS,"('H', 3, 0.4, 0.0)",5,1.0,1.0,61.0
"TS|('H', 3, 0.4, 0.2)",TS,"('H', 3, 0.4, 0.2)",5,1.25,1.0,61.0
"TS|('H', 3, 0.5, -0.5)",TS,"('H', 3, 0.5, -0.5)",5,0.0,0.5,31.75
"TS|('H', 3, 0.5, 0.0)",TS,"('H', 3, 0.5, 0.0)",5,0.2,1.0,71.0
"TS|('H', 3, 0.5, 0.25)",TS,"('H', 3, 0.5, 0.25)",5,0.07142857142857142,1.0,71.0
"TS|('H', 5, 0.1, -0.1)",TS,"('H', 5, 0.1, -0.1)",5,1.1428571428571428,0.33505883838640216,21.0
"TS|('H', 5, 0.1, 0.0)",TS,"('H', 5, 0.1, 0.0)",5,3.5,0.5049349525349784,29.25
"TS|('H', 5, 0.1, 0.05)",TS,"('H', 5, 0.1, 0.05)",5,4.0,0.5250704361146905,30.0
"TS|('H', 5, 0.2, -0.2)",TS,"('H', 5, 0.2, -0.2)",5,0.4,0.5,20.25
"TS|('H', 5, 0.2, 0.0)",TS,"('H', 5, 0.2, 0.0)",5,2.0,0.7896129498477646,43.5
"TS|('H', 5, 0.2, 0.1)",TS,"('H', 5, 0.2, 0.1)",5,2.4,0.7985419678318502,44.0
"TS|('H', 5, 0.3, -0.3)",TS,"('H', 5, 0.3, -0.3)",5,0.0,0.5,28.0
"TS|('H', 5, 0.3, 0.0)",TS,"('H', 5, 0.3, 0.0)",5,1.2666666666666666,1.0,54.75
"TS|('H', 5, 0.3, 0.15)",TS,"('H', 5, 0.3, 0.15)",5,1.6666666666666667,1.0,55.75
"TS|('H', 5, 0.4, -0.4)",TS,"('H', 5, 0.4, -0.4)",5,0.0,0.5,28.0
"TS|('H', 5, 0.4, 0.0)",TS,"('H', 5, 0.4, 0.0)",5,0.8,1.0,61.25
"TS|('H', 5, 0.4, 0.2)",TS,"('H', 5, 0.4, 0.2)",5,1.0,1.0,63.0
"TS|('H', 5, 0.5, -0.5)",TS,"('H', 5, 0.5, -0.5)",5,0.0,0.5,31.75
"TS|('H', 5, 0.5, 0.0)",TS,"('H', 5, 0.5, 0.0)",5,0.16666666666666666,1.0,71.0
"TS|('H', 5, 0.5, 0.25)",TS,"('H', 5, 0.5, 0.25)",5,0.0,1.0,71.25
"TS|('H', 10, 0.1, -0.1)",TS,"('H', 10, 0.1, -0.1)",5,0.8,0.3410993360122161,15.75
"TS|('H', 10, 0.1, 0.0)",TS,"('H', 10, 0.1, 0.0)",5,2.4,0.6158250442308143,33.0
"TS|('H', 10, 0.1, 0.05)",TS,"('H', 10, 0.1, 0.05)",5,2.5357142857142856,0.6588149500481395,35.0
"TS|('H', 10, 0.2, -0.2)",TS,"('H', 10, 0.2, -0.2)",5,0.0,0.5,21.75
"TS|('H', 10, 0.2, 0.0)",TS,"('H', 10, 0.2, 0.0)",5,1.4285714285714286,0.9059311157014868,46.25
"TS|('H', 10, 0.2, 0.1)",TS,"('H', 10, 0.2, 0.1)",5,1.6,0.9363758690853999,48.0
"TS|('H', 10, 0.3, -0.3)",TS,"('H', 10, 0.3, -0.3)",5,0.0,0.5,28.0
"TS|('H', 10, 0.3, 0.0)",TS,"('H', 10, 0.3, 0.0)",5,1.1714285714285713,1.0,52.0
"TS|('H', 10, 0.3, 0.15)",TS,"('H', 10, 0.3, 0.15)",5,1.5,1.0,57.25
"TS|('H', 10, 0.4, -0.4)",TS,"('H', 10, 0.4, -0.4)",5,0.0,0.5,30.0
"TS|('H', 10, 0.4, 0.0)",TS,"('H', 10, 0.4, 0.0)",5,0.5714285714285714,1.0,61.0
"TS|('H', 10, 0.4, 0.2)",TS,"('H', 10, 0.4, 0.2)",5,0.6666666666666666,1.0,64.5
"TS|('H', 10, 0.5, -0.5)",TS,"('H', 10, 0.5, -0.5)",5,0.0,0.5,31.75
"TS|('H', 10, 0.5, 0.0)",TS,"('H', 10, 0.5, 0.0)",5,0.14285714285714285,1.0,70.5
"TS|('H', 10, 0.5, 0.25)",TS,"('H', 10, 0.5, 0.25)",5,0.0,1.0,71.75
"TS|('C', 0, 0.0, 0.5)",TS,"('C', 0, 0.0, 0.5)",5,2.0,0.3595724075226597,21.0
"TS|('C', 0, 0.0, 1)",TS,"('C', 0, 0.0, 1)",5,1.4285714285714286,0.33282352927070546,21.25
"TS|('C', 0, 0.0, 2)",TS,"('C', 0, 0.0, 2)",5,1.0,0.29695652065881006,17.0
"TS|('C', 0, 0.0, 4)",TS,"('C', 0, 0.0, 4)",5,0.6666666666666666,0.3932469567735271,15.25
"TS|('C', 0, 0.0, 8)",TS,"('C', 0, 0.0, 8)",5,0.0,0.5,24.25
"TS|('C', 0, 0.1, 0.5)",TS,"('C', 0, 0.1, 0.5)",5,0.8571428571428571,0.30977447770970545,17.5
"TS|('C', 0, 0.1, 1)",TS,"('C', 0, 0.1, 1)",5,0.5714285714285714,0.36205593581210926,15.75
"TS|('C', 0, 0.1, 2)",TS,"('C', 0, 0.1, 2)",5,0.3333333333333333,0.5,18.5
"TS|('C', 0, 0.1, 4)",TS,"('C', 0, 0.1, 4)",5,0.0,0.5,27.75
"TS|('C', 0, 0.1, 8)",TS,"('C', 0, 0.1, 8)",5,0.0,0.5,28.25
"TS|('C', 0, 0.2, 0.5)",TS,"('C', 0, 0.2, 0.5)",5,0.0,0.5,26.5
"TS|('C', 0, 0.2, 1)",TS,"('C', 0, 0.2, 1)",5,0.0,0.5,28.0
"TS|('C', 0, 0.2, 2)",TS,"('C', 0, 0.2, 2)",5,0.0,0.5,28.0
"TS|('C', 0, 0.2, 4)",TS,"('C', 0, 0.2, 4)",5,0.0,0.5,28.25
"TS|('C', 0, 0.2, 8)",TS,"('C', 0, 0.2, 8)",5,0.0,0.5,29.75
"TS|('C', 0, 0.3, 0.5)",TS,"('C', 0, 0.3, 0.5)",5,0.0,0.5,28.0
"TS|('C', 0, 0.3, 1)",TS,"('C', 0, 0.3, 1)",5,0.0,0.5,28.0
"TS|('C', 0, 0.3, 2)",TS,"('C', 0, 0.3, 2)",5,0.0,0.5,28.25
"TS|('C', 0, 0.3, 4)",TS,"('C', 0, 0.3, 4)",5,0.0,0.5,30.0
"TS|('C', 0, 0.3, 8)",TS,"('C', 0, 0.3, 8)",5,0.0,0.5,31.0
"RV|('H', 1, 0.1, -0.1)",RV,"('H', 1, 0.1, -0.1)",5,5.154761904761905,0.32867156635491757,14.0
"RV|('H', 1, 0.1, 0.0)",RV,"('H', 1, 0.1, 0.0)",5,7.916666666666666,0.330239192601571,14.0
"RV|('H', 1, 0.1, 0.05)",RV,"('H', 1, 0.1, 0.05)",5,9.4,0.33162207062851334,14.0
"RV|('H', 1, 0.2, -0.2)",RV,"('H', 1, 0.2, -0.2)",5,4.285714285714286,0.349714628228721,15.5
"RV|('H', 1, 0.2, 0.0)",RV,"('H', 1, 0.2, 0.0)",5,7.732142857142858,0.35358266500890945,15.75
"RV|('H', 1, 0.2, 0.1)",RV,"('H', 1, 0.2, 0.1)",5,9.833333333333334,0.35358266500890945,16.0
"RV|('H', 1, 0.3, -0.3)",RV,"('H', 1, 0.3, -0.3)",5,3.4642857142857144,0.3560842310791473,16.25
"RV|('H', 1, 0.3, 0.0)",RV,"('H', 1, 0.3, 0.0)",5,7.242857142857143,0.36652104414548703,17.0
"RV|('H', 1, 0.3, 0.15)",RV,"('H', 1, 0.3, 0.15)",5,9.416666666666668,0.36652104414548703,17.0
"RV|('H', 1, 0.4, -0.4)",RV,"('H', 1, 0.4, -0.4)",5,3.0,0.3653391854378954,17.5
"RV|('H', 1, 0.4, 0.0)",RV,"('H', 1, 0.4, 0.0)",5,6.9,0.3751951995371383,18.0
"RV|('H', 1, 0.4, 0.2)",RV,"('H', 1, 0.4, 0.2)",5,9.283333333333333,0.3762199608248363,18.0
"RV|('H', 1, 0.5, -0.5)",RV,"('H', 1, 0.5, -0.5)",5,2.3333333333333335,0.3793691223693545,20.25
"RV|('H', 1, 0.5, 0.0)",RV,"('H', 1, 0.5, 0.0)",5,6.333333333333333,0.39769852512029213,21.0
"RV|('H', 1, 0.5, 0.25)",RV,"('H', 1, 0.5, 0.25)",5,9.0,0.4011040592462636,21.0
"RV|('H', 3, 0.1, -0.1)",RV,"('H', 3, 0.1, -0.1)",5,2.7333333333333334,0.3711767119601699,17.75
"RV|('H', 3, 0.1, 0.0)",RV,"('H', 3, 0.1, 0.0)",5,5.225,0.37162690557702555,18.0
"RV|('H', 3, 0.1, 0.05)",RV,"('H', 3, 0.1, 0.05)",5,6.183333333333334,0.37162690557702555,18.0
"RV|('H', 3, 0.2, -0.2)",RV,"('H', 3, 0.2, -0.2)",5,2.0,0.394726944361655,20.75
"RV|('H', 3, 0.2, 0.0)",RV,"('H', 3, 0.2, 0.0)",5,5.2,0.3957913591626185,20.75
"RV|('H', 3, 0.2, 0.1)",RV,"('H', 3, 0.2, 0.1)",5,6.083333333333334,0.3992807328708226,21.0
"RV|('H', 3, 0.3, -0.3)",RV,"('H', 3, 0.3, -0.3)",5,1.6666666666666667,0.3975444342030706,22.0
"RV|('H', 3, 0.3, 0.0)",RV,"('H', 3, 0.3, 0.0)",5,4.690476190476191,0.4028163894684388,22.0
"RV|('H', 3, 0.3, 0.15)",RV,"('H', 3, 0.3, 0.15)",5,5.55,0.41154904337908316,22.5
"RV|('H', 3, 0.4, -0.4)",RV,"('H', 3, 0.4, -0.4)",5,1.4642857142857144,0.40297632626065655,23.0
"RV|('H', 3, 0.4, 0.0)",RV,"('H', 3, 0.4, 0.0)",5,4.166666666666667,0.4328229284963445,23.0
"RV|('H', 3, 0.4, 0.2)",RV,"('H', 3, 0.4, 0.2)",5,5.0,0.43805116779223524,23.5
"RV|('H', 3, 0.5, -0.5)",RV,"('H', 3, 0.5, -0.5)",5,1.2,0.42331430909673956,25.0
"RV|('H', 3, 0.5, 0.0)",RV,"('H', 3, 0.5, 0.0)",5,3.55,0.46152262703858066,26.75
"RV|('H', 3, 0.5, 0.25)",RV,"('H', 3, 0.5, 0.25)",5,4.535714285714286,0.4625000521596843,27.0
"RV|('H', 5, 0.1, -0.1)",RV,"('H', 5, 0.1, -0.1)",5,2.0,0.3808756317817492,21.0
"RV|('H', 5, 0.1, 0.0)",RV,"('H', 5, 0.1, 0.0)",5,4.333333333333333,0.38997556493903646,21.0
"RV|('H', 5, 0.1, 0.05)",RV,"('H', 5, 0.1, 0.05)",5,5.142857142857143,0.3915214194379497,21.0
"RV|('H', 5, 0.2, -0.2)",RV,"('H', 5, 0.2, -0.2)",5,1.6,0.39789716450617035,23.0
"RV|('H', 5, 0.2, 0.0)",RV,"('H', 5, 0.2, 0.0)",5,4.142857142857143,0.4116140359712178,23.0
"RV|('H', 5, 0.2, 0.1)",RV,"('H', 5, 0.2, 0.1)",5,4.757142857142857,0.41545266596223784,23.0
"RV|('H', 5, 0.3, -0.3)",RV,"('H', 5, 0.3, -0.3)",5,1.3333333333333333,0.4242983163959915,23.0
"RV|('H', 5, 0.3, 0.0)",RV,"('H', 5, 0.3, 0.0)",5,3.6333333333333333,0.44096481228279094,24.0
"RV|('H', 5, 0.3, 0.15)",RV,"('H', 5, 0.3, 0.15)",5,4.366666666666667,0.45059839783286637,24.75
"RV|('H', 5, 0.4, -0.4)",RV,"('H', 5, 0.4, -0.4)",5,1.1428571428571428,0.42997559703898236,26.75
"RV|('H', 5, 0.4, 0.0)",RV,"('H', 5, 0.4, 0.0)",5,3.2,0.4560044830955431,27.75
"RV|('H', 5, 0.4, 0.2)",RV,"('H', 5, 0.4, 0.2)",5,3.8166666666666664,0.4600847506382425,28.0
"RV|('H', 5, 0.5, -0.5)",RV,"('H', 5, 0.5, -0.5)",5,1.0,0.4569053933724051,28.5
"RV|('H', 5, 0.5, 0.0)",RV,"('H', 5, 0.5, 0.0)",5,2.9,0.4896988889381447,29.75
"RV|('H', 5, 0.5, 0.25)",RV,"('H', 5, 0.5, 0.25)",5,3.5,0.4947285936671475,30.75
"RV|('H', 10, 0.1, -0.1)",RV,"('H', 10, 0.1, -0.1)",5,1.4642857142857144,0.42016186113326015,23.0
"RV|('H', 10, 0.1, 0.0)",RV,"('H', 10, 0.1, 0.0)",5,3.225,0.421688237409642,23.5
"RV|('H', 10, 0.1, 0.05)",RV,"('H', 10, 0.1, 0.05)",5,3.5,0.4222892579735553,24.25
"RV|('H', 10, 0.2, -0.2)",RV,"('H', 10, 0.2, -0.2)",5,1.2,0.43128621522375543,26.0
"RV|('H', 10, 0.2, 0.0)",RV,"('H', 10, 0.2, 0.0)",5,2.8333333333333335,0.4487585218360823,26.75
"RV|('H', 10, 0.2, 0.1)",RV,"('H', 10, 0.2, 0.1)",5,3.3666666666666667,0.4533435522636794,27.0
"RV|('H', 10, 0.3, -0.3)",RV,"('H', 10, 0.3, -0.3)",5,1.0,0.46067039936550713,28.5
"RV|('H', 10, 0.3, 0.0)",RV,"('H', 10, 0.3, 0.0)",5,2.5357142857142856,0.49277989787233156,29.0
"RV|('H', 10, 0.3, 0.15)",RV,"('H', 10, 0.3, 0.15)",5,3.0,0.4978719457719585,29.0
"RV|('H', 10, 0.4, -0.4)",RV,"('H', 10, 0.4, -0.4)",5,1.0,0.5,29.25
"RV|('H', 10, 0.4, 0.0)",RV,"('H', 10, 0.4, 0.0)",5,2.4,0.5227493672573449,31.0
"RV|('H', 10, 0.4, 0.2)",RV,"('H', 10, 0.4, 0.2)",5,3.0,0.5343508652867218,32.25
"RV|('H', 10, 0.5, -0.5)",RV,"('H', 10, 0.5, -0.5)",5,0.8571428571428571,0.5171095696475037,29.75
"RV|('H', 10, 0.5, 0.0)",RV,"('H', 10, 0.5, 0.0)",5,2.3333333333333335,0.587266529336117,34.5
"RV|('H', 10, 0.5, 0.25)",RV,"('H', 10, 0.5, 0.25)",5,2.5357142857142856,0.5961490472703347,35.0
"RV|('C', 0, 0.0, 0.5)",RV,"('C', 0, 0.0, 0.5)",5,3.5,0.36782869908079413,17.0
"RV|('C', 0, 0.0, 1)",RV,"('C', 0, 0.0, 1)",5,2.5,0.3840324337057763,19.0
"RV|('C', 0, 0.0, 2)",RV,"('C', 0, 0.0, 2)",5,1.6,0.39728643058753954,23.0
"RV|('C', 0, 0.0, 4)",RV,"('C', 0, 0.0, 4)",5,1.2,0.4467022631415942,26.5
"RV|('C', 0, 0.0, 8)",RV,"('C', 0, 0.0, 8)",5,1.0,0.5,29.0
"RV|('C', 0, 0.1, 0.5)",RV,"('C', 0, 0.1, 0.5)",5,2.775,0.37017433482279294,19.25
"RV|('C', 0, 0.1, 1)",RV,"('C', 0, 0.1, 1)",5,2.0,0.39157612844517103,21.0
"RV|('C', 0, 0.1, 2)",RV,"('C', 0, 0.1, 2)",5,1.3333333333333333,0.42428066596034414,23.5
"RV|('C', 0, 0.1, 4)",RV,"('C', 0, 0.1, 4)",5,1.0,0.4744741727670656,28.0
"RV|('C', 0, 0.1, 8)",RV,"('C', 0, 0.1, 8)",5,0.9285714285714286,0.4901320652675284,29.25
"RV|('C', 0, 0.2, 0.5)",RV,"('C', 0, 0.2, 0.5)",5,2.2857142857142856,0.39635561975205447,20.5
"RV|('C', 0, 0.2, 1)",RV,"('C', 0, 0.2, 1)",5,1.6666666666666667,0.3905335951363743,22.0
"RV|('C', 0, 0.2, 2)",RV,"('C', 0, 0.2, 2)",5,1.2,0.4355700206502586,26.0
"RV|('C', 0, 0.2, 4)",RV,"('C', 0, 0.2, 4)",5,1.0,0.4946754882451165,29.0
"RV|('C', 0, 0.2, 8)",RV,"('C', 0, 0.2, 8)",5,0.8,0.4642063473135875,27.75
"RV|('C', 0, 0.3, 0.5)",RV,"('C', 0, 0.3, 0.5)",5,2.0,0.40121414427492597,21.0
"RV|('C', 0, 0.3, 1)",RV,"('C', 0, 0.3, 1)",5,1.3333333333333333,0.4167381234500647,23.0
"RV|('C', 0, 0.3, 2)",RV,"('C', 0, 0.3, 2)",5,1.0,0.4640879997023908,28.0
"RV|('C', 0, 0.3, 4)",RV,"('C', 0, 0.3, 4)",5,0.8571428571428571,0.4942023615784402,29.25
"RV|('C', 0, 0.3, 8)",RV,"('C', 0, 0.3, 8)",5,0.6666666666666666,0.5,30.75
"B0.5|('H', 1, 0.1, -0.1)",B0.5,"('H', 1, 0.1, -0.1)",6,9.666666666666666,0.1857491053754422,4.0
"B0.5|('H', 1, 0.1, 0.0)",B0.5,"('H', 1, 0.1, 0.0)",6,16.25,0.1857491053754422,4.0
"B0.5|('H', 1, 0.1, 0.05)",B0.5,"('H', 1, 0.1, 0.05)",6,20.25,0.1857491053754422,4.0
"B0.5|('H', 1, 0.2, -0.2)",B0.5,"('H', 1, 0.2, -0.2)",6,7.25,0.21625562778361407,5.0
"B0.5|('H', 1, 0.2, 0.0)",B0.5,"('H', 1, 0.2, 0.0)",6,16.5,0.21625562778361407,5.0
"B0.5|('H', 1, 0.2, 0.1)",B0.5,"('H', 1, 0.2, 0.1)",6,21.25,0.21625562778361407,5.0
"B0.5|('H', 1, 0.3, -0.3)",B0.5,"('H', 1, 0.3, -0.3)",6,5.571428571428571,0.232675809356084,6.0
"B0.5|('H', 1, 0.3, 0.0)",B0.5,"('H', 1, 0.3, 0.0)",6,15.5,0.23271848337291282,6.5
"B0.5|('H', 1, 0.3, 0.15)",B0.5,"('H', 1, 0.3, 0.15)",6,20.4,0.23271848337291282,6.5
"B0.5|('H', 1, 0.4, -0.4)",B0.5,"('H', 1, 0.4, -0.4)",6,4.25,0.27080758937476335,8.0
"B0.5|('H', 1, 0.4, 0.0)",B0.5,"('H', 1, 0.4, 0.0)",6,13.75,0.27080758937476335,8.5
"B0.5|('H', 1, 0.4, 0.2)",B0.5,"('H', 1, 0.4, 0.2)",6,18.5,0.27080758937476335,8.5
"B0.5|('H', 1, 0.5, -0.5)",B0.5,"('H', 1, 0.5, -0.5)",6,3.0,0.3144911953328187,10.0
"B0.5|('H', 1, 0.5, 0.0)",B0.5,"('H', 1, 0.5, 0.0)",6,10.75,0.3225893247663092,11.0
"B0.5|('H', 1, 0.5, 0.25)",B0.5,"('H', 1, 0.5, 0.25)",6,15.75,0.3225893247663092,11.5
"B0.5|('H', 3, 0.1, -0.1)",B0.5,"('H', 3, 0.1, -0.1)",6,5.25,0.2422056667918212,7.0
"B0.5|('H', 3, 0.1, 0.0)",B0.5,"('H', 3, 0.1, 0.0)",6,10.666666666666666,0.24713718988987746,7.0
"B0.5|('H', 3, 0.1, 0.05)",B0.5,"('H', 3, 0.1, 0.05)",6,12.714285714285714,0.24713718988987746,7.0
"B0.5|('H', 3, 0.2, -0.2)",B0.5,"('H', 3, 0.2, -0.2)",6,4.0,0.26224562076948316,8.0
"B0.5|('H', 3, 0.2, 0.0)",B0.5,"('H', 3, 0.2, 0.0)",6,10.0,0.2753781444928288,8.0
"B0.5|('H', 3, 0.2, 0.1)",B0.5,"('H', 3, 0.2, 0.1)",6,11.833333333333334,0.2753781444928288,8.0
"B0.5|('H', 3, 0.3, -0.3)",B0.5,"('H', 3, 0.3, -0.3)",6,3.25,0.30048842337405324,10.0
"B0.5|('H', 3, 0.3, 0.0)",B0.5,"('H', 3, 0.3, 0.0)",6,8.666666666666666,0.30548816869425377,10.0
"B0.5|('H', 3, 0.3, 0.15)",B0.5,"('H', 3, 0.3, 0.15)",6,10.666666666666666,0.30548816869425377,10.5
"B0.5|('H', 3, 0.4, -0.4)",B0.5,"('H', 3, 0.4, -0.4)",6,2.3333333333333335,0.33620018796624446,11.5
"B0.5|('H', 3, 0.4, 0.0)",B0.5,"('H', 3, 0.4, 0.0)",6,7.166666666666667,0.359506350514571,13.0
"B0.5|('H', 3, 0.4, 0.2)",B0.5,"('H', 3, 0.4, 0.2)",6,9.2,0.359506350514571,14.0
"B0.5|('H', 3, 0.5, -0.5)",B0.5,"('H', 3, 0.5, -0.5)",6,0.5714285714285714,0.5,20.0
"B0.5|('H', 3, 0.5, 0.0)",B0.5,"('H', 3, 0.5, 0.0)",6,4.5,0.574367334760064,24.0
"B0.5|('H', 3, 0.5, 0.25)",B0.5,"('H', 3, 0.5, 0.25)",6,5.75,0.574367334760064,24.0
"B0.5|('H', 5, 0.1, -0.1)",B0.5,"('H', 5, 0.1, -0.1)",6,4.2,0.2608516370380498,8.0
"B0.5|('H', 5, 0.1, 0.0)",B0.5,"('H', 5, 0.1, 0.0)",6,9.2,0.2608516370380498,8.0
"B0.5|('H', 5, 0.1, 0.05)",B0.5,"('H', 5, 0.1, 0.05)",6,10.6,0.26224562076948316,8.0
"B0.5|('H', 5, 0.2, -0.2)",B0.5,"('H', 5, 0.2, -0.2)",6,3.2,0.30048842337405324,10.0
"B0.5|('H', 5, 0.2, 0.0)",B0.5,"('H', 5, 0.2, 0.0)",6,8.2,0.3018763862127981,10.0
"B0.5|('H', 5, 0.2, 0.1)",B0.5,"('H', 5, 0.2, 0.1)",6,9.4,0.30242271889623257,10.0
"B0.5|('H', 5, 0.3, -0.3)",B0.5,"('H', 5, 0.3, -0.3)",6,2.4,0.33620018796624446,11.5
"B0.5|('H', 5, 0.3, 0.0)",B0.5,"('H', 5, 0.3, 0.0)",6,7.0,0.35530926306843735,13.0
"B0.5|('H', 5, 0.3, 0.15)",B0.5,"('H', 5, 0.3, 0.15)",6,8.5,0.3581818833662063,13.0
"B0.5|('H', 5, 0.4, -0.4)",B0.5,"('H', 5, 0.4, -0.4)",6,1.6666666666666667,0.37836513010452544,15.0
"B0.5|('H', 5, 0.4, 0.0)",B0.5,"('H', 5, 0.4, 0.0)",6,5.4,0.44273340190795707,17.5
"B0.5|('H', 5, 0.4, 0.2)",B0.5,"('H', 5, 0.4, 0.2)",6,6.5,0.44932492074555563,18.0
"B0.5|('H', 5, 0.5, -0.5)",B0.5,"('H', 5, 0.5, -0.5)",6,0.0,0.5,21.5
"B0.5|('H', 5, 0.5, 0.0)",B0.5,"('H', 5, 0.5, 0.0)",6,3.0,0.7889578179135167,30.0
"B0.5|('H', 5, 0.5, 0.25)",B0.5,"('H', 5, 0.5, 0.25)",6,3.8,0.7889578179135167,30.5
"B0.5|('H', 10, 0.1, -0.1)",B0.5,"('H', 10, 0.1, -0.1)",6,2.8,0.3121392056215472,11.0
"B0.5|('H', 10, 0.1, 0.0)",B0.5,"('H', 10, 0.1, 0.0)",6,7.0,0.31892083679406286,11.5
"B0.5|('H', 10, 0.1, 0.05)",B0.5,"('H', 10, 0.1, 0.05)",6,7.75,0.32187030348899226,11.5
"B0.5|('H', 10, 0.2, -0.2)",B0.5,"('H', 10, 0.2, -0.2)",6,2.0,0.35383687231920163,14.0
"B0.5|('H', 10, 0.2, 0.0)",B0.5,"('H', 10, 0.2, 0.0)",6,5.6,0.37255089396406454,15.0
"B0.5|('H', 10, 0.2, 0.1)",B0.5,"('H', 10, 0.2, 0.1)",6,6.4,0.3877291083802147,15.0
"B0.5|('H', 10, 0.3, -0.3)",B0.5,"('H', 10, 0.3, -0.3)",6,1.4285714285714286,0.40320907693344415,17.0
"B0.5|('H', 10, 0.3, 0.0)",B0.5,"('H', 10, 0.3, 0.0)",6,4.4,0.46496138239570584,19.5
"B0.5|('H', 10, 0.3, 0.15)",B0.5,"('H', 10, 0.3, 0.15)",6,5.0,0.4661340631106227,19.5
"B0.5|('H', 10, 0.4, -0.4)",B0.5,"('H', 10, 0.4, -0.4)",6,0.6,0.5,23.0
"B0.5|('H', 10, 0.4, 0.0)",B0.5,"('H', 10, 0.4, 0.0)",6,3.0,0.6265384091310207,27.0
"B0.5|('H', 10, 0.4, 0.2)",B0.5,"('H', 10, 0.4, 0.2)",6,3.8,0.632968331438871,27.0
"B0.5|('H', 10, 0.5, -0.5)",B0.5,"('H', 10, 0.5, -0.5)",6,0.0,0.5,22.5
"B0.5|('H', 10, 0.5, 0.0)",B0.5,"('H', 10, 0.5, 0.0)",6,2.0,0.927850670688297,40.0
"B0.5|('H', 10, 0.5, 0.25)",B0.5,"('H', 10, 0.5, 0.25)",6,2.4,0.9348391087102657,40.5
"B0.5|('C', 0, 0.0, 0.5)",B0.5,"('C', 0, 0.0, 0.5)",6,5.8,0.23271848337291282,6.0
"B0.5|('C', 0, 0.0, 1)",B0.5,"('C', 0, 0.0, 1)",6,4.5,0.25544237365568084,7.5
"B0.5|('C', 0, 0.0, 2)",B0.5,"('C', 0, 0.0, 2)",6,3.2,0.28957839447477174,10.0
"B0.5|('C', 0, 0.0, 4)",B0.5,"('C', 0, 0.0, 4)",6,2.0,0.34737289050037606,14.0
"B0.5|('C', 0, 0.0, 8)",B0.5,"('C', 0, 0.0, 8)",6,1.0,0.45824622644481167,22.5
"B0.5|('C', 0, 0.1, 0.5)",B0.5,"('C', 0, 0.1, 0.5)",6,4.6,0.2509050852678217,7.0
"B0.5|('C', 0, 0.1, 1)",B0.5,"('C', 0, 0.1, 1)",6,3.6,0.2928661314230965,9.0
"B0.5|('C', 0, 0.1, 2)",B0.5,"('C', 0, 0.1, 2)",6,2.4,0.3361039461811206,11.5
"B0.5|('C', 0, 0.1, 4)",B0.5,"('C', 0, 0.1, 4)",6,1.4,0.38381031059170245,17.0
"B0.5|('C', 0, 0.1, 8)",B0.5,"('C', 0, 0.1, 8)",6,0.5,0.5,26.0
"B0.5|('C', 0, 0.2, 0.5)",B0.5,"('C', 0, 0.2, 0.5)",6,3.6666666666666665,0.28261799494150275,9.0
"B0.5|('C', 0, 0.2, 1)",B0.5,"('C', 0, 0.2, 1)",6,2.7142857142857144,0.3163476761797191,10.5
"B0.5|('C', 0, 0.2, 2)",B0.5,"('C', 0, 0.2, 2)",6,1.6666666666666667,0.37199421674902367,14.0
"B0.5|('C', 0, 0.2, 4)",B0.5,"('C', 0, 0.2, 4)",6,0.8,0.5,23.0
"B0.5|('C', 0, 0.2, 8)",B0.5,"('C', 0, 0.2, 8)",6,0.0,0.5,26.0
"B0.5|('C', 0, 0.3, 0.5)",B0.5,"('C', 0, 0.3, 0.5)",6,2.8,0.3163476761797191,10.5
"B0.5|('C', 0, 0.3, 1)",B0.5,"('C', 0, 0.3, 1)",6,1.8,0.35890032397381977,13.0
"B0.5|('C', 0, 0.3, 2)",B0.5,"('C', 0, 0.3, 2)",6,0.8571428571428571,0.4995478060162766,20.0
"B0.5|('C', 0, 0.3, 4)",B0.5,"('C', 0, 0.3, 4)",6,0.0,0.5,25.0
"B0.5|('C', 0, 0.3, 8)",B0.5,"('C', 0, 0.3, 8)",6,0.0,0.5,23.0
"B1|('H', 1, 0.1, -0.1)",B1,"('H', 1, 0.1, -0.1)",6,4.0,0.31615346643558395,9.0
"B1|('H', 1, 0.1, 0.0)",B1,"('H', 1, 0.1, 0.0)",6,8.428571428571429,0.31615346643558395,9.0
"B1|('H', 1, 0.1, 0.05)",B1,"('H', 1, 0.1, 0.05)",6,11.5,0.31615346643558395,9.5
"B1|('H', 1, 0.2, -0.2)",B1,"('H', 1, 0.2, -0.2)",6,2.75,0.34518925899232267,11.0
"B1|('H', 1, 0.2, 0.0)",B1,"('H', 1, 0.2, 0.0)",6,8.0,0.34518925899232267,11.0
"B1|('H', 1, 0.2, 0.1)",B1,"('H', 1, 0.2, 0.1)",6,11.4,0.34518925899232267,11.0
"B1|('H', 1, 0.3, -0.3)",B1,"('H', 1, 0.3, -0.3)",6,2.0,0.377478068557429,13.5
"B1|('H', 1, 0.3, 0.0)",B1,"('H', 1, 0.3, 0.0)",6,7.0,0.38178035668722904,14.0
"B1|('H', 1, 0.3, 0.15)",B1,"('H', 1, 0.3, 0.15)",6,10.2,0.38178035668722904,14.0
"B1|('H', 1, 0.4, -0.4)",B1,"('H', 1, 0.4, -0.4)",6,1.4,0.4498859707953883,18.5
"B1|('H', 1, 0.4, 0.0)",B1,"('H', 1, 0.4, 0.0)",6,5.333333333333333,0.45109731941681785,19.0
"B1|('H', 1, 0.4, 0.2)",B1,"('H', 1, 0.4, 0.2)",6,9.0,0.45373548106512507,19.0
"B1|('H', 1, 0.5, -0.5)",B1,"('H', 1, 0.5, -0.5)",6,0.8,0.5,22.0
"B1|('H', 1, 0.5, 0.0)",B1,"('H', 1, 0.5, 0.0)",6,4.25,0.5371506449677161,24.0
"B1|('H', 1, 0.5, 0.25)",B1,"('H', 1, 0.5, 0.25)",6,6.8,0.5533869702330506,24.0
"B1|('H', 3, 0.1, -0.1)",B1,"('H', 3, 0.1, -0.1)",6,2.5,0.34508303690953096,12.0
"B1|('H', 3, 0.1, 0.0)",B1,"('H', 3, 0.1, 0.0)",6,5.25,0.3509199295114066,12.0
"B1|('H', 3, 0.1, 0.05)",B1,"('H', 3, 0.1, 0.05)",6,6.666666666666667,0.3509199295114066,12.0
"B1|('H', 3, 0.2, -0.2)",B1,"('H', 3, 0.2, -0.2)",6,2.0,0.3877120205532008,14.0
"B1|('H', 3, 0.2, 0.0)",B1,"('H', 3, 0.2, 0.0)",6,5.0,0.3905264001267134,14.0
"B1|('H', 3, 0.2, 0.1)",B1,"('H', 3, 0.2, 0.1)",6,6.2,0.40045884290288236,15.0
"B1|('H', 3, 0.3, -0.3)",B1,"('H', 3, 0.3, -0.3)",6,1.4,0.43281350038217,18.0
"B1|('H', 3, 0.3, 0.0)",B1,"('H', 3, 0.3, 0.0)",6,4.2,0.44409219505640435,19.0
"B1|('H', 3, 0.3, 0.15)",B1,"('H', 3, 0.3, 0.15)",6,5.6,0.44596291881193445,19.0
"B1|('H', 3, 0.4, -0.4)",B1,"('H', 3, 0.4, -0.4)",6,1.0,0.5,22.5
"B1|('H', 3, 0.4, 0.0)",B1,"('H', 3, 0.4, 0.0)",6,3.5,0.525635411403329,24.0
"B1|('H', 3, 0.4, 0.2)",B1,"('H', 3, 0.4, 0.2)",6,4.75,0.5315844580434008,24.5
"B1|('H', 3, 0.5, -0.5)",B1,"('H', 3, 0.5, -0.5)",6,0.5,0.5,23.0
"B1|('H', 3, 0.5, 0.0)",B1,"('H', 3, 0.5, 0.0)",6,2.5714285714285716,0.6570129852369491,29.0
"B1|('H', 3, 0.5, 0.25)",B1,"('H', 3, 0.5, 0.25)",6,3.75,0.6588703237748404,31.0
"B1|('H', 5, 0.1, -0.1)",B1,"('H', 5, 0.1, -0.1)",6,2.0,0.37531703434938013,13.5
"B1|('H', 5, 0.1, 0.0)",B1,"('H', 5, 0.1, 0.0)",6,4.666666666666667,0.37940711535838534,14.0
"B1|('H', 5, 0.1, 0.05)",B1,"('H', 5, 0.1, 0.05)",6,5.333333333333333,0.37940711535838534,14.0
"B1|('H', 5, 0.2, -0.2)",B1,"('H', 5, 0.2, -0.2)",6,1.5,0.3967827360763886,16.0
"B1|('H', 5, 0.2, 0.0)",B1,"('H', 5, 0.2, 0.0)",6,4.0,0.4101409935226378,16.0
"B1|('H', 5, 0.2, 0.1)",B1,"('H', 5, 0.2, 0.1)",6,5.0,0.4127616889707833,17.0
"B1|('H', 5, 0.3, -0.3)",B1,"('H', 5, 0.3, -0.3)",6,1.1666666666666667,0.4711872746164233,21.0
"B1|('H', 5, 0.3, 0.0)",B1,"('H', 5, 0.3, 0.0)",6,3.5,0.47840550680877614,22.5
"B1|('H', 5, 0.3, 0.15)",B1,"('H', 5, 0.3, 0.15)",6,4.5,0.49376141681649005,22.5
"B1|('H', 5, 0.4, -0.4)",B1,"('H', 5, 0.4, -0.4)",6,0.8,0.5,23.0
"B1|('H', 5, 0.4, 0.0)",B1,"('H', 5, 0.4, 0.0)",6,2.8,0.5724654226173852,25.5
"B1|('H', 5, 0.4, 0.2)",B1,"('H', 5, 0.4, 0.2)",6,3.8,0.5823008191915633,26.0
"B1|('H', 5, 0.5, -0.5)",B1,"('H', 5, 0.5, -0.5)",6,0.2857142857142857,0.5,23.0
"B1|('H', 5, 0.5, 0.0)",B1,"('H', 5, 0.5, 0.0)",6,2.0,0.7176881841451245,34.0
"B1|('H', 5, 0.5, 0.25)",B1,"('H', 5, 0.5, 0.25)",6,3.0,0.7195505079649674,35.0
"B1|('H', 10, 0.1, -0.1)",B1,"('H', 10, 0.1, -0.1)",6,1.5,0.4064431220434489,17.5
"B1|('H', 10, 0.1, 0.0)",B1,"('H', 10, 0.1, 0.0)",6,3.6666666666666665,0.40652411529239996,17.5
"B1|('H', 10, 0.1, 0.05)",B1,"('H', 10, 0.1, 0.05)",6,4.0,0.40912139978624124,17.5
"B1|('H', 10, 0.2, -0.2)",B1,"('H', 10, 0.2, -0.2)",6,1.2,0.484694435314543,21.0
"B1|('H', 10, 0.2, 0.0)",B1,"('H', 10, 0.2, 0.0)",6,3.0,0.4894042377626464,22.5
"B1|('H', 10, 0.2, 0.1)",B1,"('H', 10, 0.2, 0.1)",6,3.6,0.4894042377626464,23.0
"B1|('H', 10, 0.3, -0.3)",B1,"('H', 10, 0.3, -0.3)",6,1.0,0.5,23.0
"B1|('H', 10, 0.3, 0.0)",B1,"('H', 10, 0.3, 0.0)",6,2.5714285714285716,0.5354749156642924,26.5
"B1|('H', 10, 0.3, 0.15)",B1,"('H', 10, 0.3, 0.15)",6,3.1666666666666665,0.5463528878652768,27.0
"B1|('H', 10, 0.4, -0.4)",B1,"('H', 10, 0.4, -0.4)",6,0.4,0.5,24.0
"B1|('H', 10, 0.4, 0.0)",B1,"('H', 10, 0.4, 0.0)",6,2.0,0.6568911927925312,33.0
"B1|('H', 10, 0.4, 0.2)",B1,"('H', 10, 0.4, 0.2)",6,2.6,0.6599320013932202,33.0
"B1|('H', 10, 0.5, -0.5)",B1,"('H', 10, 0.5, -0.5)",6,0.0,0.5,23.0
"B1|('H', 10, 0.5, 0.0)",B1,"('H', 10, 0.5, 0.0)",6,1.4,0.8415800797968818,41.0
"B1|('H', 10, 0.5, 0.25)",B1,"('H', 10, 0.5, 0.25)",6,1.8,0.8415800797968818,41.0
"B1|('C', 0, 0.0, 0.5)",B1,"('C', 0, 0.0, 0.5)",6,2.6666666666666665,0.3509199295114066,11.5
"B1|('C', 0, 0.0, 1)",B1,"('C', 0, 0.0, 1)",6,2.0,0.3624078025055443,13.0
"B1|('C', 0, 0.0, 2)",B1,"('C', 0, 0.0, 2)",6,1.6,0.3876617758570013,16.5
"B1|('C', 0, 0.0, 4)",B1,"('C', 0, 0.0, 4)",6,1.1666666666666667,0.45672523532300024,21.0
"B1|('C', 0, 0.0, 8)",B1,"('C', 0, 0.0, 8)",6,0.75,0.5,24.0
"B1|('C', 0, 0.1, 0.5)",B1,"('C', 0, 0.1, 0.5)",6,2.0,0.37307076867018335,14.0
"B1|('C', 0, 0.1, 1)",B1,"('C', 0, 0.1, 1)",6,1.6,0.40045884290288236,15.5
"B1|('C', 0, 0.1, 2)",B1,"('C', 0, 0.1, 2)",6,1.25,0.4611464459025155,20.0
"B1|('C', 0, 0.1, 4)",B1,"('C', 0, 0.1, 4)",6,1.0,0.5,24.0
"B1|('C', 0, 0.1, 8)",B1,"('C', 0, 0.1, 8)",6,0.5,0.5,26.0
"B1|('C', 0, 0.2, 0.5)",B1,"('C', 0, 0.2, 0.5)",6,1.5,0.4262725914033947,17.0
"B1|('C', 0, 0.2, 1)",B1,"('C', 0, 0.2, 1)",6,1.2,0.47347555975632283,20.0
"B1|('C', 0, 0.2, 2)",B1,"('C', 0, 0.2, 2)",6,1.0,0.5,23.0
"B1|('C', 0, 0.2, 4)",B1,"('C', 0, 0.2, 4)",6,0.5,0.5,24.0
"B1|('C', 0, 0.2, 8)",B1,"('C', 0, 0.2, 8)",6,0.125,0.5,25.5
"B1|('C', 0, 0.3, 0.5)",B1,"('C', 0, 0.3, 0.5)",6,1.0,0.5,21.5
"B1|('C', 0, 0.3, 1)",B1,"('C', 0, 0.3, 1)",6,1.0,0.5,24.0
"B1|('C', 0, 0.3, 2)",B1,"('C', 0, 0.3, 2)",6,0.5,0.5,24.0
"B1|('C', 0, 0.3, 4)",B1,"('C', 0, 0.3, 4)",6,0.14285714285714285,0.5,23.0
"B1|('C', 0, 0.3, 8)",B1,"('C', 0, 0.3, 8)",6,0.0,0.5,24.0
"B2|('H', 1, 0.1, -0.1)",B2,"('H', 1, 0.1, -0.1)",6,0.8,0.5,19.0
"B2|('H', 1, 0.1, 0.0)",B2,"('H', 1, 0.1, 0.0)",6,2.25,0.5,19.0
"B2|('H', 1, 0.1, 0.05)",B2,"('H', 1, 0.1, 0.05)",6,3.3333333333333335,0.5,19.5
"B2|('H', 1, 0.2, -0.2)",B2,"('H', 1, 0.2, -0.2)",6,0.5,0.5,22.5
"B2|('H', 1, 0.2, 0.0)",B2,"('H', 1, 0.2, 0.0)",6,1.75,0.5,23.0
"B2|('H', 1, 0.2, 0.1)",B2,"('H', 1, 0.2, 0.1)",6,2.6666666666666665,0.5065516298878168,23.0
"B2|('H', 1, 0.3, -0.3)",B2,"('H', 1, 0.3, -0.3)",6,0.42857142857142855,0.5,25.0
"B2|('H', 1, 0.3, 0.0)",B2,"('H', 1, 0.3, 0.0)",6,1.5,0.5495275819729204,28.5
"B2|('H', 1, 0.3, 0.15)",B2,"('H', 1, 0.3, 0.15)",6,2.125,0.5883095514532445,28.5
"B2|('H', 1, 0.4, -0.4)",B2,"('H', 1, 0.4, -0.4)",6,0.3333333333333333,0.5,26.5
"B2|('H', 1, 0.4, 0.0)",B2,"('H', 1, 0.4, 0.0)",6,1.2,0.6597577406963323,35.0
"B2|('H', 1, 0.4, 0.2)",B2,"('H', 1, 0.4, 0.2)",6,2.0,0.6817858668660378,35.0
"B2|('H', 1, 0.5, -0.5)",B2,"('H', 1, 0.5, -0.5)",6,0.2,0.5,23.0
"B2|('H', 1, 0.5, 0.0)",B2,"('H', 1, 0.5, 0.0)",6,1.0,0.7722181752891947,39.0
"B2|('H', 1, 0.5, 0.25)",B2,"('H', 1, 0.5, 0.25)",6,1.3333333333333333,0.7838808715212178,40.0
"B2|('H', 3, 0.1, -0.1)",B2,"('H', 3, 0.1, -0.1)",6,0.6,0.5,22.0
"B2|('H', 3, 0.1, 0.0)",B2,"('H', 3, 0.1, 0.0)",6,1.5,0.5,22.5
"B2|('H', 3, 0.1, 0.05)",B2,"('H', 3, 0.1, 0.05)",6,2.0,0.5,22.5
"B2|('H', 3, 0.2, -0.2)",B2,"('H', 3, 0.2, -0.2)",6,0.5,0.5,23.5
"B2|('H', 3, 0.2, 0.0)",B2,"('H', 3, 0.2, 0.0)",6,1.3333333333333333,0.5310816489031278,25.0
"B2|('H', 3, 0.2, 0.1)",B2,"('H', 3, 0.2, 0.1)",6,1.7142857142857142,0.5592165597547301,26.5
"B2|('H', 3, 0.3, -0.3)",B2,"('H', 3, 0.3, -0.3)",6,0.3333333333333333,0.5,24.0
"B2|('H', 3, 0.3, 0.0)",B2,"('H', 3, 0.3, 0.0)",6,1.0,0.5649018641078857,31.5
"B2|('H', 3, 0.3, 0.15)",B2,"('H', 3, 0.3, 0.15)",6,1.6,0.6162173055741791,32.0
"B2|('H', 3, 0.4, -0.4)",B2,"('H', 3, 0.4, -0.4)",6,0.25,0.5,23.0
"B2|('H', 3, 0.4, 0.0)",B2,"('H', 3, 0.4, 0.0)",6,1.0,0.6700933811252889,37.0
"B2|('H', 3, 0.4, 0.2)",B2,"('H', 3, 0.4, 0.2)",6,1.3333333333333333,0.710579108996134,37.5
"B2|('H', 3, 0.5, -0.5)",B2,"('H', 3, 0.5, -0.5)",6,0.14285714285714285,0.5,22.5
"B2|('H', 3, 0.5, 0.0)",B2,"('H', 3, 0.5, 0.0)",6,0.6666666666666666,0.7799132721171689,39.0
"B2|('H', 3, 0.5, 0.25)",B2,"('H', 3, 0.5, 0.25)",6,1.0,0.8257582336784377,42.0
"B2|('H', 5, 0.1, -0.1)",B2,"('H', 5, 0.1, -0.1)",6,0.5,0.5,22.5
"B2|('H', 5, 0.1, 0.0)",B2,"('H', 5, 0.1, 0.0)",6,1.3333333333333333,0.5,23.0
"B2|('H', 5, 0.1, 0.05)",B2,"('H', 5, 0.1, 0.05)",6,1.6666666666666667,0.5,24.0
"B2|('H', 5, 0.2, -0.2)",B2,"('H', 5, 0.2, -0.2)",6,0.4,0.5,23.5
"B2|('H', 5, 0.2, 0.0)",B2,"('H', 5, 0.2, 0.0)",6,1.1428571428571428,0.500533296795554,27.0
"B2|('H', 5, 0.2, 0.1)",B2,"('H', 5, 0.2, 0.1)",6,1.5,0.5744235132892428,28.0
"B2|('H', 5, 0.3, -0.3)",B2,"('H', 5, 0.3, -0.3)",6,0.2857142857142857,0.5,23.0
"B2|('H', 5, 0.3, 0.0)",B2,"('H', 5, 0.3, 0.0)",6,1.0,0.5377674403010314,31.5
"B2|('H', 5, 0.3, 0.15)",B2,"('H', 5, 0.3, 0.15)",6,1.3333333333333333,0.606481492739486,34.0
"B2|('H', 5, 0.4, -0.4)",B2,"('H', 5, 0.4, -0.4)",6,0.2,0.5,22.5
"B2|('H', 5, 0.4, 0.0)",B2,"('H', 5, 0.4, 0.0)",6,0.8571428571428571,0.6443154771252204,36.0
"B2|('H', 5, 0.4, 0.2)",B2,"('H', 5, 0.4, 0.2)",6,1.2,0.7394435777618731,39.0
"B2|('H', 5, 0.5, -0.5)",B2,"('H', 5, 0.5, -0.5)",6,0.0,0.5,22.5
"B2|('H', 5, 0.5, 0.0)",B2,"('H', 5, 0.5, 0.0)",6,0.6,0.8081686422525693,40.0
"B2|('H', 5, 0.5, 0.25)",B2,"('H', 5, 0.5, 0.25)",6,1.0,0.8671940548023355,44.0
"B2|('H', 10, 0.1, -0.1)",B2,"('H', 10, 0.1, -0.1)",6,0.5,0.5,23.0
"B2|('H', 10, 0.1, 0.0)",B2,"('H', 10, 0.1, 0.0)",6,1.0,0.5,26.0
"B2|('H', 10, 0.1, 0.05)",B2,"('H', 10, 0.1, 0.05)",6,1.2,0.5,26.5
"B2|('H', 10, 0.2, -0.2)",B2,"('H', 10, 0.2, -0.2)",6,0.3333333333333333,0.5,24.0
"B2|('H', 10, 0.2, 0.0)",B2,"('H', 10, 0.2, 0.0)",6,1.0,0.5,29.5
"B2|('H', 10, 0.2, 0.1)",B2,"('H', 10, 0.2, 0.1)",6,1.2,0.5363209321040838,30.0
"B2|('H', 10, 0.3, -0.3)",B2,"('H', 10, 0.3, -0.3)",6,0.2857142857142857,0.5,23.0
"B2|('H', 10, 0.3, 0.0)",B2,"('H', 10, 0.3, 0.0)",6,0.8333333333333334,0.5599089735980706,32.5
"B2|('H', 10, 0.3, 0.15)",B2,"('H', 10, 0.3, 0.15)",6,1.1428571428571428,0.6698780846829497,36.0
"B2|('H', 10, 0.4, -0.4)",B2,"('H', 10, 0.4, -0.4)",6,0.16666666666666666,0.5,21.5
"B2|('H', 10, 0.4, 0.0)",B2,"('H', 10, 0.4, 0.0)",6,0.6,0.6750360043115176,36.5
"B2|('H', 10, 0.4, 0.2)",B2,"('H', 10, 0.4, 0.2)",6,1.0,0.7602011008745113,41.0
"B2|('H', 10, 0.5, -0.5)",B2,"('H', 10, 0.5, -0.5)",6,0.0,0.5,23.0
"B2|('H', 10, 0.5, 0.0)",B2,"('H', 10, 0.5, 0.0)",6,0.5,0.828872655213347,39.0
"B2|('H', 10, 0.5, 0.25)",B2,"('H', 10, 0.5, 0.25)",6,0.8,0.9298969686021535,46.0
"B2|('C', 0, 0.0, 0.5)",B2,"('C', 0, 0.0, 0.5)",6,0.6666666666666666,0.5,21.0
"B2|('C', 0, 0.0, 1)",B2,"('C', 0, 0.0, 1)",6,0.6,0.5,22.5
"B2|('C', 0, 0.0, 2)",B2,"('C', 0, 0.0, 2)",6,0.5,0.5,22.5
"B2|('C', 0, 0.0, 4)",B2,"('C', 0, 0.0, 4)",6,0.4,0.5,24.0
"B2|('C', 0, 0.0, 8)",B2,"('C', 0, 0.0, 8)",6,0.2857142857142857,0.5,22.5
"B2|('C', 0, 0.1, 0.5)",B2,"('C', 0, 0.1, 0.5)",6,0.5,0.5,23.0
"B2|('C', 0, 0.1, 1)",B2,"('C', 0, 0.1, 1)",6,0.5,0.5,23.0
"B2|('C', 0, 0.1, 2)",B2,"('C', 0, 0.1, 2)",6,0.4,0.5,23.0
"B2|('C', 0, 0.1, 4)",B2,"('C', 0, 0.1, 4)",6,0.2857142857142857,0.5,21.0
"B2|('C', 0, 0.1, 8)",B2,"('C', 0, 0.1, 8)",6,0.2,0.5,21.0
"B2|('C', 0, 0.2, 0.5)",B2,"('C', 0, 0.2, 0.5)",6,0.4,0.5,25.0
"B2|('C', 0, 0.2, 1)",B2,"('C', 0, 0.2, 1)",6,0.3333333333333333,0.5,23.0
"B2|('C', 0, 0.2, 2)",B2,"('C', 0, 0.2, 2)",6,0.2857142857142857,0.5,22.5
"B2|('C', 0, 0.2, 4)",B2,"('C', 0, 0.2, 4)",6,0.2,0.5,21.5
"B2|('C', 0, 0.2, 8)",B2,"('C', 0, 0.2, 8)",6,0.14285714285714285,0.5,20.0
"B2|('C', 0, 0.3, 0.5)",B2,"('C', 0, 0.3, 0.5)",6,0.3333333333333333,0.5,23.0
"B2|('C', 0, 0.3, 1)",B2,"('C', 0, 0.3, 1)",6,0.25,0.5,22.5
"B2|('C', 0, 0.3, 2)",B2,"('C', 0, 0.3, 2)",6,0.2,0.5,22.5
"B2|('C', 0, 0.3, 4)",B2,"('C', 0, 0.3, 4)",6,0.14285714285714285,0.5,21.5
"B2|('C', 0, 0.3, 8)",B2,"('C', 0, 0.3, 8)",6,0.0,0.5,23.0
"B1w|('H', 1, 0.1, -0.1)",B1w,"('H', 1, 0.1, -0.1)",6,6.166666666666667,0.24081424573037985,5.5
"B1w|('H', 1, 0.1, 0.0)",B1w,"('H', 1, 0.1, 0.0)",6,12.2,0.2421240692469524,6.0
"B1w|('H', 1, 0.1, 0.05)",B1w,"('H', 1, 0.1, 0.05)",6,16.25,0.2421240692469524,6.0
"B1w|('H', 1, 0.2, -0.2)",B1w,"('H', 1, 0.2, -0.2)",6,4.0,0.2831021942844462,7.5
"B1w|('H', 1, 0.2, 0.0)",B1w,"('H', 1, 0.2, 0.0)",6,11.0,0.28595203025143523,7.5
"B1w|('H', 1, 0.2, 0.1)",B1w,"('H', 1, 0.2, 0.1)",6,15.333333333333334,0.28595203025143523,7.5
"B1w|('H', 1, 0.3, -0.3)",B1w,"('H', 1, 0.3, -0.3)",6,2.0,0.3383450811319996,11.0
"B1w|('H', 1, 0.3, 0.0)",B1w,"('H', 1, 0.3, 0.0)",6,8.0,0.36020786555888956,13.0
"B1w|('H', 1, 0.3, 0.15)",B1w,"('H', 1, 0.3, 0.15)",6,12.0,0.36325400906762495,13.0
"B1w|('H', 1, 0.4, -0.4)",B1w,"('H', 1, 0.4, -0.4)",6,0.0,0.5,19.5
"B1w|('H', 1, 0.4, 0.0)",B1w,"('H', 1, 0.4, 0.0)",6,4.25,0.7092324620389725,27.0
"B1w|('H', 1, 0.4, 0.2)",B1w,"('H', 1, 0.4, 0.2)",6,7.6,0.7092324620389725,27.0
"B1w|('H', 1, 0.5, -0.5)",B1w,"('H', 1, 0.5, -0.5)",6,0.0,0.5,21.0
"B1w|('H', 1, 0.5, 0.0)",B1w,"('H', 1, 0.5, 0.0)",6,3.6666666666666665,0.7556537445186402,27.0
"B1w|('H', 1, 0.5, 0.25)",B1w,"('H', 1, 0.5, 0.25)",6,7.333333333333333,0.7556537445186402,27.0
"B1w|('H', 3, 0.1, -0.1)",B1w,"('H', 3, 0.1, -0.1)",6,3.5,0.28914936252869405,8.0
"B1w|('H', 3, 0.1, 0.0)",B1w,"('H', 3, 0.1, 0.0)",6,8.4,0.29382921954773744,8.5
"B1w|('H', 3, 0.1, 0.05)",B1w,"('H', 3, 0.1, 0.05)",6,10.0,0.29382921954773744,8.5
"B1w|('H', 3, 0.2, -0.2)",B1w,"('H', 3, 0.2, -0.2)",6,2.3333333333333335,0.3388171481263838,10.0
"B1w|('H', 3, 0.2, 0.0)",B1w,"('H', 3, 0.2, 0.0)",6,6.75,0.3481438891670398,11.5
"B1w|('H', 3, 0.2, 0.1)",B1w,"('H', 3, 0.2, 0.1)",6,8.0,0.35058702246844925,12.0
"B1w|('H', 3, 0.3, -0.3)",B1w,"('H', 3, 0.3, -0.3)",6,0.5454545454545454,0.5,16.0
"B1w|('H', 3, 0.3, 0.0)",B1w,"('H', 3, 0.3, 0.0)",6,4.166666666666667,0.5270002742740675,20.0
"B1w|('H', 3, 0.3, 0.15)",B1w,"('H', 3, 0.3, 0.15)",6,5.5,0.5270002742740675,21.0
"B1w|('H', 3, 0.4, -0.4)",B1w,"('H', 3, 0.4, -0.4)",6,0.0,0.5,20.0
"B1w|('H', 3, 0.4, 0.0)",B1w,"('H', 3, 0.4, 0.0)",6,3.0,0.7570070033206591,27.5
"B1w|('H', 3, 0.4, 0.2)",B1w,"('H', 3, 0.4, 0.2)",6,4.5,0.7570070033206591,28.0
"B1w|('H', 3, 0.5, -0.5)",B1w,"('H', 3, 0.5, -0.5)",6,0.0,0.5,21.0
"B1w|('H', 3, 0.5, 0.0)",B1w,"('H', 3, 0.5, 0.0)",6,2.5,0.8165898081852978,29.5
"B1w|('H', 3, 0.5, 0.25)",B1w,"('H', 3, 0.5, 0.25)",6,4.25,0.8165898081852978,32.0
"B1w|('H', 5, 0.1, -0.1)",B1w,"('H', 5, 0.1, -0.1)",6,2.7142857142857144,0.30916090402306384,9.5
"B1w|('H', 5, 0.1, 0.0)",B1w,"('H', 5, 0.1, 0.0)",6,6.666666666666667,0.33386602005320065,10.0
"B1w|('H', 5, 0.1, 0.05)",B1w,"('H', 5, 0.1, 0.05)",6,8.0,0.3347193354424651,10.0
"B1w|('H', 5, 0.2, -0.2)",B1w,"('H', 5, 0.2, -0.2)",6,1.6666666666666667,0.3725412242092188,12.0
"B1w|('H', 5, 0.2, 0.0)",B1w,"('H', 5, 0.2, 0.0)",6,5.166666666666667,0.41353870842574225,14.0
"B1w|('H', 5, 0.2, 0.1)",B1w,"('H', 5, 0.2, 0.1)",6,6.142857142857143,0.4185467081740544,14.5
"B1w|('H', 5, 0.3, -0.3)",B1w,"('H', 5, 0.3, -0.3)",6,0.0,0.5,19.0
"B1w|('H', 5, 0.3, 0.0)",B1w,"('H', 5, 0.3, 0.0)",6,3.142857142857143,0.6445483591725134,23.5
"B1w|('H', 5, 0.3, 0.15)",B1w,"('H', 5, 0.3, 0.15)",6,4.0,0.6531622312847866,23.5
"B1w|('H', 5, 0.4, -0.4)",B1w,"('H', 5, 0.4, -0.4)",6,0.0,0.5,20.0
"B1w|('H', 5, 0.4, 0.0)",B1w,"('H', 5, 0.4, 0.0)",6,2.5,0.7751853246670468,29.0
"B1w|('H', 5, 0.4, 0.2)",B1w,"('H', 5, 0.4, 0.2)",6,3.75,0.7751853246670468,29.0
"B1w|('H', 5, 0.5, -0.5)",B1w,"('H', 5, 0.5, -0.5)",6,0.0,0.5,21.0
"B1w|('H', 5, 0.5, 0.0)",B1w,"('H', 5, 0.5, 0.0)",6,2.142857142857143,0.8612674171842477,34.0
"B1w|('H', 5, 0.5, 0.25)",B1w,"('H', 5, 0.5, 0.25)",6,3.3333333333333335,0.8612674171842477,35.5
"B1w|('H', 10, 0.1, -0.1)",B1w,"('H', 10, 0.1, -0.1)",6,1.8,0.3738970080877908,13.0
"B1w|('H', 10, 0.1, 0.0)",B1w,"('H', 10, 0.1, 0.0)",6,4.5,0.396791636472645,13.5
"B1w|('H', 10, 0.1, 0.05)",B1w,"('H', 10, 0.1, 0.05)",6,5.2,0.40542305156772646,13.5
"B1w|('H', 10, 0.2, -0.2)",B1w,"('H', 10, 0.2, -0.2)",6,0.6666666666666666,0.5,17.0
"B1w|('H', 10, 0.2, 0.0)",B1w,"('H', 10, 0.2, 0.0)",6,3.142857142857143,0.5,20.0
"B1w|('H', 10, 0.2, 0.1)",B1w,"('H', 10, 0.2, 0.1)",6,3.857142857142857,0.5283074288620244,20.0
"B1w|('H', 10, 0.3, -0.3)",B1w,"('H', 10, 0.3, -0.3)",6,0.0,0.5,20.0
"B1w|('H', 10, 0.3, 0.0)",B1w,"('H', 10, 0.3, 0.0)",6,2.0,0.7577036829493284,28.5
"B1w|('H', 10, 0.3, 0.15)",B1w,"('H', 10, 0.3, 0.15)",6,3.0,0.7909404328714278,28.5
"B1w|('H', 10, 0.4, -0.4)",B1w,"('H', 10, 0.4, -0.4)",6,0.0,0.5,20.5
"B1w|('H', 10, 0.4, 0.0)",B1w,"('H', 10, 0.4, 0.0)",6,1.75,0.8533134468459216,33.0
"B1w|('H', 10, 0.4, 0.2)",B1w,"('H', 10, 0.4, 0.2)",6,2.6666666666666665,0.8554463668463166,34.0
"B1w|('H', 10, 0.5, -0.5)",B1w,"('H', 10, 0.5, -0.5)",6,0.0,0.5,21.5
"B1w|('H', 10, 0.5, 0.0)",B1w,"('H', 10, 0.5, 0.0)",6,1.4,0.9336999188963058,41.5
"B1w|('H', 10, 0.5, 0.25)",B1w,"('H', 10, 0.5, 0.25)",6,2.0,0.9581015496630627,42.5
"B1w|('C', 0, 0.0, 0.5)",B1w,"('C', 0, 0.0, 0.5)",6,4.0,0.2753781444928288,8.0
"B1w|('C', 0, 0.0, 1)",B1w,"('C', 0, 0.0, 1)",6,2.75,0.30916090402306384,9.5
"B1w|('C', 0, 0.0, 2)",B1w,"('C', 0, 0.0, 2)",6,1.8333333333333333,0.3729394527328781,12.5
"B1w|('C', 0, 0.0, 4)",B1w,"('C', 0, 0.0, 4)",6,0.8333333333333334,0.45214790817149747,18.0
"B1w|('C', 0, 0.0, 8)",B1w,"('C', 0, 0.0, 8)",6,0.0,0.5,23.0
"B1w|('C', 0, 0.1, 0.5)",B1w,"('C', 0, 0.1, 0.5)",6,2.5,0.327072587666855,10.0
"B1w|('C', 0, 0.1, 1)",B1w,"('C', 0, 0.1, 1)",6,1.6666666666666667,0.3473539679377424,12.0
"B1w|('C', 0, 0.1, 2)",B1w,"('C', 0, 0.1, 2)",6,0.8,0.45964993828894934,16.5
"B1w|('C', 0, 0.1, 4)",B1w,"('C', 0, 0.1, 4)",6,0.1,0.5,20.5
"B1w|('C', 0, 0.1, 8)",B1w,"('C', 0, 0.1, 8)",6,0.0,0.5,20.5
"B1w|('C', 0, 0.2, 0.5)",B1w,"('C', 0, 0.2, 0.5)",6,1.2,0.42221150382050004,15.0
"B1w|('C', 0, 0.2, 1)",B1w,"('C', 0, 0.2, 1)",6,0.5,0.5,17.0
"B1w|('C', 0, 0.2, 2)",B1w,"('C', 0, 0.2, 2)",6,0.0,0.5,20.5
"B1w|('C', 0, 0.2, 4)",B1w,"('C', 0, 0.2, 4)",6,0.0,0.5,20.0
"B1w|('C', 0, 0.2, 8)",B1w,"('C', 0, 0.2, 8)",6,0.0,0.5,21.5
"B1w|('C', 0, 0.3, 0.5)",B1w,"('C', 0, 0.3, 0.5)",6,0.0,0.5,20.0
"B1w|('C', 0, 0.3, 1)",B1w,"('C', 0, 0.3, 1)",6,0.0,0.5,20.0
"B1w|('C', 0, 0.3, 2)",B1w,"('C', 0, 0.3, 2)",6,0.0,0.5,20.5
"B1w|('C', 0, 0.3, 4)",B1w,"('C', 0, 0.3, 4)",6,0.0,0.5,21.5
"B1w|('C', 0, 0.3, 8)",B1w,"('C', 0, 0.3, 8)",6,0.0,0.5,23.0
"T1|('H', 1, 0.1, -0.1)",T1,"('H', 1, 0.1, -0.1)",6,3.8,0.3158692058159256,10.0
"T1|('H', 1, 0.1, 0.0)",T1,"('H', 1, 0.1, 0.0)",6,8.0,0.3158692058159256,10.0
"T1|('H', 1, 0.1, 0.05)",T1,"('H', 1, 0.1, 0.05)",6,10.75,0.3158692058159256,10.0
"T1|('H', 1, 0.2, -0.2)",T1,"('H', 1, 0.2, -0.2)",6,2.8,0.35299508055427375,12.0
"T1|('H', 1, 0.2, 0.0)",T1,"('H', 1, 0.2, 0.0)",6,7.166666666666667,0.35299508055427375,12.0
"T1|('H', 1, 0.2, 0.1)",T1,"('H', 1, 0.2, 0.1)",6,10.5,0.35299508055427375,12.0
"T1|('H', 1, 0.3, -0.3)",T1,"('H', 1, 0.3, -0.3)",6,2.0,0.3869622177207327,14.0
"T1|('H', 1, 0.3, 0.0)",T1,"('H', 1, 0.3, 0.0)",6,6.428571428571429,0.38729091644140523,14.5
"T1|('H', 1, 0.3, 0.15)",T1,"('H', 1, 0.3, 0.15)",6,9.6,0.39145113774693846,14.5
"T1|('H', 1, 0.4, -0.4)",T1,"('H', 1, 0.4, -0.4)",6,1.5,0.45228772142761764,18.0
"T1|('H', 1, 0.4, 0.0)",T1,"('H', 1, 0.4, 0.0)",6,5.333333333333333,0.45373548106512507,19.0
"T1|('H', 1, 0.4, 0.2)",T1,"('H', 1, 0.4, 0.2)",6,8.333333333333334,0.4541017050732273,19.0
"T1|('H', 1, 0.5, -0.5)",T1,"('H', 1, 0.5, -0.5)",6,1.0,0.5,22.0
"T1|('H', 1, 0.5, 0.0)",T1,"('H', 1, 0.5, 0.0)",6,4.2,0.5170982859975688,22.5
"T1|('H', 1, 0.5, 0.25)",T1,"('H', 1, 0.5, 0.25)",6,7.4,0.5216459994201451,23.0
"T1|('H', 3, 0.1, -0.1)",T1,"('H', 3, 0.1, -0.1)",6,2.3333333333333335,0.3637525240235698,13.0
"T1|('H', 3, 0.1, 0.0)",T1,"('H', 3, 0.1, 0.0)",6,5.0,0.36569343830236417,13.0
"T1|('H', 3, 0.1, 0.05)",T1,"('H', 3, 0.1, 0.05)",6,6.0,0.36569343830236417,13.0
"T1|('H', 3, 0.2, -0.2)",T1,"('H', 3, 0.2, -0.2)",6,1.8,0.39308496911030616,15.5
"T1|('H', 3, 0.2, 0.0)",T1,"('H', 3, 0.2, 0.0)",6,5.0,0.39481295826118035,15.5
"T1|('H', 3, 0.2, 0.1)",T1,"('H', 3, 0.2, 0.1)",6,6.0,0.40045884290288236,15.5
"T1|('H', 3, 0.3, -0.3)",T1,"('H', 3, 0.3, -0.3)",6,1.4,0.4552794478999605,18.5
"T1|('H', 3, 0.3, 0.0)",T1,"('H', 3, 0.3, 0.0)",6,4.0,0.45598743943128084,19.0
"T1|('H', 3, 0.3, 0.15)",T1,"('H', 3, 0.3, 0.15)",6,5.428571428571429,0.45598743943128084,19.0
"T1|('H', 3, 0.4, -0.4)",T1,"('H', 3, 0.4, -0.4)",6,1.0,0.5,22.5
"T1|('H', 3, 0.4, 0.0)",T1,"('H', 3, 0.4, 0.0)",6,3.5,0.5103306247447187,23.5
"T1|('H', 3, 0.4, 0.2)",T1,"('H', 3, 0.4, 0.2)",6,5.0,0.5187289261449114,23.5
"T1|('H', 3, 0.5, -0.5)",T1,"('H', 3, 0.5, -0.5)",6,0.8,0.5100746488593538,23.5
"T1|('H', 3, 0.5, 0.0)",T1,"('H', 3, 0.5, 0.0)",6,2.8333333333333335,0.5994545239972489,28.0
"T1|('H', 3, 0.5, 0.25)",T1,"('H', 3, 0.5, 0.25)",6,4.0,0.601130078526249,29.0
"T1|('H', 5, 0.1, -0.1)",T1,"('H', 5, 0.1, -0.1)",6,2.0,0.38949741679282657,14.5
"T1|('H', 5, 0.1, 0.0)",T1,"('H', 5, 0.1, 0.0)",6,4.666666666666667,0.38949741679282657,14.5
"T1|('H', 5, 0.1, 0.05)",T1,"('H', 5, 0.1, 0.05)",6,5.0,0.38949741679282657,14.5
"T1|('H', 5, 0.2, -0.2)",T1,"('H', 5, 0.2, -0.2)",6,1.5,0.41678498741657966,16.0
"T1|('H', 5, 0.2, 0.0)",T1,"('H', 5, 0.2, 0.0)",6,4.0,0.4217184129244531,18.0
"T1|('H', 5, 0.2, 0.1)",T1,"('H', 5, 0.2, 0.1)",6,4.666666666666667,0.42192624681141777,18.0
"T1|('H', 5, 0.3, -0.3)",T1,"('H', 5, 0.3, -0.3)",6,1.2,0.47840550680877614,20.5
"T1|('H', 5, 0.3, 0.0)",T1,"('H', 5, 0.3, 0.0)",6,3.4285714285714284,0.4903774210035453,22.0
"T1|('H', 5, 0.3, 0.15)",T1,"('H', 5, 0.3, 0.15)",6,4.4,0.49129148304651915,22.5
"T1|('H', 5, 0.4, -0.4)",T1,"('H', 5, 0.4, -0.4)",6,1.0,0.5004932230660977,24.5
"T1|('H', 5, 0.4, 0.0)",T1,"('H', 5, 0.4, 0.0)",6,3.0,0.5462587286555136,25.0
"T1|('H', 5, 0.4, 0.2)",T1,"('H', 5, 0.4, 0.2)",6,4.0,0.5489816601645252,25.5
"T1|('H', 5, 0.5, -0.5)",T1,"('H', 5, 0.5, -0.5)",6,0.5,0.5186773124589797,25.0
"T1|('H', 5, 0.5, 0.0)",T1,"('H', 5, 0.5, 0.0)",6,2.25,0.6599320013932202,32.0
"T1|('H', 5, 0.5, 0.25)",T1,"('H', 5, 0.5, 0.25)",6,3.0,0.6618971141687524,33.0
"T1|('H', 10, 0.1, -0.1)",T1,"('H', 10, 0.1, -0.1)",6,1.5,0.3851393878227214,18.5
"T1|('H', 10, 0.1, 0.0)",T1,"('H', 10, 0.1, 0.0)",6,3.5,0.40193930928051447,18.5
"T1|('H', 10, 0.1, 0.05)",T1,"('H', 10, 0.1, 0.05)",6,4.0,0.40652411529239996,18.5
"T1|('H', 10, 0.2, -0.2)",T1,"('H', 10, 0.2, -0.2)",6,1.2,0.477166891217116,21.5
"T1|('H', 10, 0.2, 0.0)",T1,"('H', 10, 0.2, 0.0)",6,3.0,0.4881151368782457,22.0
"T1|('H', 10, 0.2, 0.1)",T1,"('H', 10, 0.2, 0.1)",6,3.4,0.4881151368782457,23.0
"T1|('H', 10, 0.3, -0.3)",T1,"('H', 10, 0.3, -0.3)",6,1.0,0.5,24.5
"T1|('H', 10, 0.3, 0.0)",T1,"('H', 10, 0.3, 0.0)",6,2.5714285714285716,0.5254357223162823,26.5
"T1|('H', 10, 0.3, 0.15)",T1,"('H', 10, 0.3, 0.15)",6,3.1666666666666665,0.5413483109863169,26.5
"T1|('H', 10, 0.4, -0.4)",T1,"('H', 10, 0.4, -0.4)",6,0.5714285714285714,0.513595820621646,25.0
"T1|('H', 10, 0.4, 0.0)",T1,"('H', 10, 0.4, 0.0)",6,2.0,0.6296036487940354,32.0
"T1|('H', 10, 0.4, 0.2)",T1,"('H', 10, 0.4, 0.2)",6,2.6,0.6376173545973314,32.5
"T1|('H', 10, 0.5, -0.5)",T1,"('H', 10, 0.5, -0.5)",6,0.2,0.5,24.0
"T1|('H', 10, 0.5, 0.0)",T1,"('H', 10, 0.5, 0.0)",6,1.6,0.7914383169957242,39.0
"T1|('H', 10, 0.5, 0.25)",T1,"('H', 10, 0.5, 0.25)",6,2.0,0.7914383169957242,39.5
"T1|('C', 0, 0.0, 0.5)",T1,"('C', 0, 0.0, 0.5)",6,2.6,0.3675551535632306,12.5
"T1|('C', 0, 0.0, 1)",T1,"('C', 0, 0.0, 1)",6,2.0,0.37354354189210404,15.0
"T1|('C', 0, 0.0, 2)",T1,"('C', 0, 0.0, 2)",6,1.5,0.41033801657000873,17.0
"T1|('C', 0, 0.0, 4)",T1,"('C', 0, 0.0, 4)",6,1.0,0.46358611014162326,21.5
"T1|('C', 0, 0.0, 8)",T1,"('C', 0, 0.0, 8)",6,0.8,0.5,26.0
"T1|('C', 0, 0.1, 0.5)",T1,"('C', 0, 0.1, 0.5)",6,2.0,0.38084288826575696,14.5
"T1|('C', 0, 0.1, 1)",T1,"('C', 0, 0.1, 1)",6,1.5,0.413354564961651,16.0
"T1|('C', 0, 0.1, 2)",T1,"('C', 0, 0.1, 2)",6,1.2857142857142858,0.464105851800573,21.0
"T1|('C', 0, 0.1, 4)",T1,"('C', 0, 0.1, 4)",6,1.0,0.5,24.0
"T1|('C', 0, 0.1, 8)",T1,"('C', 0, 0.1, 8)",6,0.5,0.5,26.5
"T1|('C', 0, 0.2, 0.5)",T1,"('C', 0, 0.2, 0.5)",6,1.5,0.4281761461766098,18.0
"T1|('C', 0, 0.2, 1)",T1,"('C', 0, 0.2, 1)",6,1.25,0.47840550680877614,21.0
"T1|('C', 0, 0.2, 2)",T1,"('C', 0, 0.2, 2)",6,1.0,0.49611259909134314,23.0
"T1|('C', 0, 0.2, 4)",T1,"('C', 0, 0.2, 4)",6,0.6,0.5,26.5
"T1|('C', 0, 0.2, 8)",T1,"('C', 0, 0.2, 8)",6,0.2,0.5,26.5
"T1|('C', 0, 0.3, 0.5)",T1,"('C', 0, 0.3, 0.5)",6,1.1428571428571428,0.4923563337881882,21.5
"T1|('C', 0, 0.3, 1)",T1,"('C', 0, 0.3, 1)",6,1.0,0.5,23.5
"T1|('C', 0, 0.3, 2)",T1,"('C', 0, 0.3, 2)",6,0.6666666666666666,0.5,25.5
"T1|('C', 0, 0.3, 4)",T1,"('C', 0, 0.3, 4)",6,0.2857142857142857,0.5,23.0
"T1|('C', 0, 0.3, 8)",T1,"('C', 0, 0.3, 8)",6,0.0,0.5,27.5
"TS|('H', 1, 0.1, -0.1)",TS,"('H', 1, 0.1, -0.1)",6,0.2,0.5,15.5
"TS|('H', 1, 0.1, 0.0)",TS,"('H', 1, 0.1, 0.0)",6,2.857142857142857,0.5,21.0
"TS|('H', 1, 0.1, 0.05)",TS,"('H', 1, 0.1, 0.05)",6,6.4,0.5,22.5
"TS|('H', 1, 0.2, -0.2)",TS,"('H', 1, 0.2, -0.2)",6,0.0,0.5,20.0
"TS|('H', 1, 0.2, 0.0)",TS,"('H', 1, 0.2, 0.0)",6,1.5,0.5,28.5
"TS|('H', 1, 0.2, 0.1)",TS,"('H', 1, 0.2, 0.1)",6,5.166666666666667,0.6706398343903918,31.0
"TS|('H', 1, 0.3, -0.3)",TS,"('H', 1, 0.3, -0.3)",6,0.0,0.5,20.0
"TS|('H', 1, 0.3, 0.0)",TS,"('H', 1, 0.3, 0.0)",6,0.8,0.7654423891751483,32.0
"TS|('H', 1, 0.3, 0.15)",TS,"('H', 1, 0.3, 0.15)",6,3.1666666666666665,1.0,41.0
"TS|('H', 1, 0.4, -0.4)",TS,"('H', 1, 0.4, -0.4)",6,0.0,0.5,24.0
"TS|('H', 1, 0.4, 0.0)",TS,"('H', 1, 0.4, 0.0)",6,0.3,1.0,41.0
"TS|('H', 1, 0.4, 0.2)",TS,"('H', 1, 0.4, 0.2)",6,0.7142857142857143,1.0,66.0
"TS|('H', 1, 0.5, -0.5)",TS,"('H', 1, 0.5, -0.5)",6,0.0,0.5,25.0
"TS|('H', 1, 0.5, 0.0)",TS,"('H', 1, 0.5, 0.0)",6,0.2,1.0,48.5
"TS|('H', 1, 0.5, 0.25)",TS,"('H', 1, 0.5, 0.25)",6,0.0,1.0,84.0
"TS|('H', 3, 0.1, -0.1)",TS,"('H', 3, 0.1, -0.1)",6,0.0,0.5,16.5
"TS|('H', 3, 0.1, 0.0)",TS,"('H', 3, 0.1, 0.0)",6,1.2,0.5,23.0
"TS|('H', 3, 0.1, 0.05)",TS,"('H', 3, 0.1, 0.05)",6,2.4,0.5,25.5
"TS|('H', 3, 0.2, -0.2)",TS,"('H', 3, 0.2, -0.2)",6,0.0,0.5,20.0
"TS|('H', 3, 0.2, 0.0)",TS,"('H', 3, 0.2, 0.0)",6,0.8,0.5,28.0
"TS|('H', 3, 0.2, 0.1)",TS,"('H', 3, 0.2, 0.1)",6,2.142857142857143,0.7158842868741551,34.0
"TS|('H', 3, 0.3, -0.3)",TS,"('H', 3, 0.3, -0.3)",6,0.0,0.5,20.5
"TS|('H', 3, 0.3, 0.0)",TS,"('H', 3, 0.3, 0.0)",6,0.5,0.737360003306848,31.0
"TS|('H', 3, 0.3, 0.15)",TS,"('H', 3, 0.3, 0.15)",6,1.5,1.0,42.0
"TS|('H', 3, 0.4, -0.4)",TS,"('H', 3, 0.4, -0.4)",6,0.0,0.5,24.0
"TS|('H', 3, 0.4, 0.0)",TS,"('H', 3, 0.4, 0.0)",6,0.2,1.0,40.5
"TS|('H', 3, 0.4, 0.2)",TS,"('H', 3, 0.4, 0.2)",6,0.4,1.0,63.0
"TS|('H', 3, 0.5, -0.5)",TS,"('H', 3, 0.5, -0.5)",6,0.0,0.5,27.0
"TS|('H', 3, 0.5, 0.0)",TS,"('H', 3, 0.5, 0.0)",6,0.16666666666666666,1.0,51.0
"TS|('H', 3, 0.5, 0.25)",TS,"('H', 3, 0.5, 0.25)",6,0.0,1.0,83.0
"TS|('H', 5, 0.1, -0.1)",TS,"('H', 5, 0.1, -0.1)",6,0.0,0.5,18.0
"TS|('H', 5, 0.1, 0.0)",TS,"('H', 5, 0.1, 0.0)",6,0.5714285714285714,0.5,23.0
"TS|('H', 5, 0.1, 0.05)",TS,"('H', 5, 0.1, 0.05)",6,1.8,0.5,26.0
"TS|('H', 5, 0.2, -0.2)",TS,"('H', 5, 0.2, -0.2)",6,0.0,0.5,20.0
"TS|('H', 5, 0.2, 0.0)",TS,"('H', 5, 0.2, 0.0)",6,0.5,0.5,26.5
"TS|('H', 5, 0.2, 0.1)",TS,"('H', 5, 0.2, 0.1)",6,1.5,0.7497483524968461,35.0
"TS|('H', 5, 0.3, -0.3)",TS,"('H', 5, 0.3, -0.3)",6,0.0,0.5,20.5
"TS|('H', 5, 0.3, 0.0)",TS,"('H', 5, 0.3, 0.0)",6,0.3333333333333333,0.55616690334065,29.0
"TS|('H', 5, 0.3, 0.15)",TS,"('H', 5, 0.3, 0.15)",6,1.0,1.0,44.0
"TS|('H', 5, 0.4, -0.4)",TS,"('H', 5, 0.4, -0.4)",6,0.0,0.5,24.0
"TS|('H', 5, 0.4, 0.0)",TS,"('H', 5, 0.4, 0.0)",6,0.16666666666666666,1.0,38.5
"TS|('H', 5, 0.4, 0.2)",TS,"('H', 5, 0.4, 0.2)",6,0.3333333333333333,1.0,59.5
"TS|('H', 5, 0.5, -0.5)",TS,"('H', 5, 0.5, -0.5)",6,0.0,0.5,27.0
"TS|('H', 5, 0.5, 0.0)",TS,"('H', 5, 0.5, 0.0)",6,0.125,1.0,46.0
"TS|('H', 5, 0.5, 0.25)",TS,"('H', 5, 0.5, 0.25)",6,0.0,1.0,78.0
"TS|('H', 10, 0.1, -0.1)",TS,"('H', 10, 0.1, -0.1)",6,0.0,0.5,19.0
"TS|('H', 10, 0.1, 0.0)",TS,"('H', 10, 0.1, 0.0)",6,0.3333333333333333,0.5,21.5
"TS|('H', 10, 0.1, 0.05)",TS,"('H', 10, 0.1, 0.05)",6,1.0,0.5,26.5
"TS|('H', 10, 0.2, -0.2)",TS,"('H', 10, 0.2, -0.2)",6,0.0,0.5,20.0
"TS|('H', 10, 0.2, 0.0)",TS,"('H', 10, 0.2, 0.0)",6,0.2857142857142857,0.5,23.0
"TS|('H', 10, 0.2, 0.1)",TS,"('H', 10, 0.2, 0.1)",6,1.0,0.7208045672207073,36.0
"TS|('H', 10, 0.3, -0.3)",TS,"('H', 10, 0.3, -0.3)",6,0.0,0.5,22.5
"TS|('H', 10, 0.3, 0.0)",TS,"('H', 10, 0.3, 0.0)",6,0.2,0.5,28.5
"TS|('H', 10, 0.3, 0.15)",TS,"('H', 10, 0.3, 0.15)",6,0.75,1.0,44.0
"TS|('H', 10, 0.4, -0.4)",TS,"('H', 10, 0.4, -0.4)",6,0.0,0.5,24.0
"TS|('H', 10, 0.4, 0.0)",TS,"('H', 10, 0.4, 0.0)",6,0.14285714285714285,1.0,38.5
"TS|('H', 10, 0.4, 0.2)",TS,"('H', 10, 0.4, 0.2)",6,0.25,1.0,59.0
"TS|('H', 10, 0.5, -0.5)",TS,"('H', 10, 0.5, -0.5)",6,0.0,0.5,27.0
"TS|('H', 10, 0.5, 0.0)",TS,"('H', 10, 0.5, 0.0)",6,0.0,1.0,44.0
"TS|('H', 10, 0.5, 0.25)",TS,"('H', 10, 0.5, 0.25)",6,0.0,1.0,71.0
"TS|('C', 0, 0.0, 0.5)",TS,"('C', 0, 0.0, 0.5)",6,0.2,0.5,15.5
"TS|('C', 0, 0.0, 1)",TS,"('C', 0, 0.0, 1)",6,0.0,0.5,16.0
"TS|('C', 0, 0.0, 2)",TS,"('C', 0, 0.0, 2)",6,0.0,0.5,17.0
"TS|('C', 0, 0.0, 4)",TS,"('C', 0, 0.0, 4)",6,0.0,0.5,20.0
"TS|('C', 0, 0.0, 8)",TS,"('C', 0, 0.0, 8)",6,0.0,0.5,20.0
"TS|('C', 0, 0.1, 0.5)",TS,"('C', 0, 0.1, 0.5)",6,0.0,0.5,20.0
"TS|('C', 0, 0.1, 1)",TS,"('C', 0, 0.1, 1)",6,0.0,0.5,20.0
"TS|('C', 0, 0.1, 2)",TS,"('C', 0, 0.1, 2)",6,0.0,0.5,20.0
"TS|('C', 0, 0.1, 4)",TS,"('C', 0, 0.1, 4)",6,0.0,0.5,20.0
"TS|('C', 0, 0.1, 8)",TS,"('C', 0, 0.1, 8)",6,0.0,0.5,20.0
"TS|('C', 0, 0.2, 0.5)",TS,"('C', 0, 0.2, 0.5)",6,0.0,0.5,20.0
"TS|('C', 0, 0.2, 1)",TS,"('C', 0, 0.2, 1)",6,0.0,0.5,20.0
"TS|('C', 0, 0.2, 2)",TS,"('C', 0, 0.2, 2)",6,0.0,0.5,20.0
"TS|('C', 0, 0.2, 4)",TS,"('C', 0, 0.2, 4)",6,0.0,0.5,23.0
"TS|('C', 0, 0.2, 8)",TS,"('C', 0, 0.2, 8)",6,0.0,0.5,23.5
"TS|('C', 0, 0.3, 0.5)",TS,"('C', 0, 0.3, 0.5)",6,0.0,0.5,23.0
"TS|('C', 0, 0.3, 1)",TS,"('C', 0, 0.3, 1)",6,0.0,0.5,23.0
"TS|('C', 0, 0.3, 2)",TS,"('C', 0, 0.3, 2)",6,0.0,0.5,23.5
"TS|('C', 0, 0.3, 4)",TS,"('C', 0, 0.3, 4)",6,0.0,0.5,24.0
"TS|('C', 0, 0.3, 8)",TS,"('C', 0, 0.3, 8)",6,0.0,0.5,27.0
"RV|('H', 1, 0.1, -0.1)",RV,"('H', 1, 0.1, -0.1)",6,6.0,0.2742904989952858,8.5
"RV|('H', 1, 0.1, 0.0)",RV,"('H', 1, 0.1, 0.0)",6,10.2,0.2742904989952858,8.5
"RV|('H', 1, 0.1, 0.05)",RV,"('H', 1, 0.1, 0.05)",6,12.75,0.2742904989952858,8.5
"RV|('H', 1, 0.2, -0.2)",RV,"('H', 1, 0.2, -0.2)",6,4.25,0.29820746786144636,10.5
"RV|('H', 1, 0.2, 0.0)",RV,"('H', 1, 0.2, 0.0)",6,10.0,0.30029882690591025,10.5
"RV|('H', 1, 0.2, 0.1)",RV,"('H', 1, 0.2, 0.1)",6,13.0,0.30029882690591025,11.0
"RV|('H', 1, 0.3, -0.3)",RV,"('H', 1, 0.3, -0.3)",6,3.2,0.32828596278758343,11.0
"RV|('H', 1, 0.3, 0.0)",RV,"('H', 1, 0.3, 0.0)",6,9.166666666666666,0.331360607027259,11.5
"RV|('H', 1, 0.3, 0.15)",RV,"('H', 1, 0.3, 0.15)",6,12.75,0.33204170531548716,12.0
"RV|('H', 1, 0.4, -0.4)",RV,"('H', 1, 0.4, -0.4)",6,2.3333333333333335,0.34944371584202044,13.0
"RV|('H', 1, 0.4, 0.0)",RV,"('H', 1, 0.4, 0.0)",6,8.0,0.3721263232794234,14.0
"RV|('H', 1, 0.4, 0.2)",RV,"('H', 1, 0.4, 0.2)",6,11.25,0.37318971628566405,14.0
"RV|('H', 1, 0.5, -0.5)",RV,"('H', 1, 0.5, -0.5)",6,1.6,0.3893352721511144,16.0
"RV|('H', 1, 0.5, 0.0)",RV,"('H', 1, 0.5, 0.0)",6,6.714285714285714,0.43464359045787215,18.0
"RV|('H', 1, 0.5, 0.25)",RV,"('H', 1, 0.5, 0.25)",6,10.0,0.4359489341819599,18.0
"RV|('H', 3, 0.1, -0.1)",RV,"('H', 3, 0.1, -0.1)",6,3.1666666666666665,0.33023622041526024,11.5
"RV|('H', 3, 0.1, 0.0)",RV,"('H', 3, 0.1, 0.0)",6,6.5,0.33490988223082196,12.0
"RV|('H', 3, 0.1, 0.05)",RV,"('H', 3, 0.1, 0.05)",6,7.666666666666667,0.3352257624901683,12.0
"RV|('H', 3, 0.2, -0.2)",RV,"('H', 3, 0.2, -0.2)",6,2.4,0.3378733852605089,13.0
"RV|('H', 3, 0.2, 0.0)",RV,"('H', 3, 0.2, 0.0)",6,6.142857142857143,0.34725579054494393,13.5
"RV|('H', 3, 0.2, 0.1)",RV,"('H', 3, 0.2, 0.1)",6,7.333333333333333,0.3481438891670398,14.0
"RV|('H', 3, 0.3, -0.3)",RV,"('H', 3, 0.3, -0.3)",6,2.0,0.37756964799926174,15.0
"RV|('H', 3, 0.3, 0.0)",RV,"('H', 3, 0.3, 0.0)",6,5.5,0.39428257765072894,16.0
"RV|('H', 3, 0.3, 0.15)",RV,"('H', 3, 0.3, 0.15)",6,6.857142857142857,0.4023973578681427,16.0
"RV|('H', 3, 0.4, -0.4)",RV,"('H', 3, 0.4, -0.4)",6,1.4285714285714286,0.40976426311444336,18.0
"RV|('H', 3, 0.4, 0.0)",RV,"('H', 3, 0.4, 0.0)",6,4.666666666666667,0.44320567838505254,19.0
"RV|('H', 3, 0.4, 0.2)",RV,"('H', 3, 0.4, 0.2)",6,6.0,0.4588974458099044,19.5
"RV|('H', 3, 0.5, -0.5)",RV,"('H', 3, 0.5, -0.5)",6,1.0,0.4978173709356836,21.0
"RV|('H', 3, 0.5, 0.0)",RV,"('H', 3, 0.5, 0.0)",6,4.0,0.5,22.0
"RV|('H', 3, 0.5, 0.25)",RV,"('H', 3, 0.5, 0.25)",6,5.0,0.5104615728337939,22.5
"RV|('H', 5, 0.1, -0.1)",RV,"('H', 5, 0.1, -0.1)",6,2.5,0.3455115233303477,13.0
"RV|('H', 5, 0.1, 0.0)",RV,"('H', 5, 0.1, 0.0)",6,5.25,0.3466173744123969,13.5
"RV|('H', 5, 0.1, 0.05)",RV,"('H', 5, 0.1, 0.05)",6,6.0,0.3474196492770517,13.5
"RV|('H', 5, 0.2, -0.2)",RV,"('H', 5, 0.2, -0.2)",6,2.0,0.37009952885355474,15.5
"RV|('H', 5, 0.2, 0.0)",RV,"('H', 5, 0.2, 0.0)",6,5.0,0.3830348594307196,16.0
"RV|('H', 5, 0.2, 0.1)",RV,"('H', 5, 0.2, 0.1)",6,6.0,0.3830348594307196,16.0
"RV|('H', 5, 0.3, -0.3)",RV,"('H', 5, 0.3, -0.3)",6,1.6,0.39707651226385654,17.0
"RV|('H', 5, 0.3, 0.0)",RV,"('H', 5, 0.3, 0.0)",6,4.4,0.42483527864276555,19.0
"RV|('H', 5, 0.3, 0.15)",RV,"('H', 5, 0.3, 0.15)",6,5.2,0.44391756616730593,19.0
"RV|('H', 5, 0.4, -0.4)",RV,"('H', 5, 0.4, -0.4)",6,1.0,0.453281389324615,20.0
"RV|('H', 5, 0.4, 0.0)",RV,"('H', 5, 0.4, 0.0)",6,3.7142857142857144,0.49279070132295416,21.5
"RV|('H', 5, 0.4, 0.2)",RV,"('H', 5, 0.4, 0.2)",6,4.75,0.5,21.5
"RV|('H', 5, 0.5, -0.5)",RV,"('H', 5, 0.5, -0.5)",6,0.8,0.5,23.0
"RV|('H', 5, 0.5, 0.0)",RV,"('H', 5, 0.5, 0.0)",6,3.142857142857143,0.5232998634954951,24.5
"RV|('H', 5, 0.5, 0.25)",RV,"('H', 5, 0.5, 0.25)",6,4.2,0.5457379847555142,25.0
"RV|('H', 10, 0.1, -0.1)",RV,"('H', 10, 0.1, -0.1)",6,1.7142857142857142,0.3750182735360108,17.0
"RV|('H', 10, 0.1, 0.0)",RV,"('H', 10, 0.1, 0.0)",6,4.0,0.4003700031150967,17.5
"RV|('H', 10, 0.1, 0.05)",RV,"('H', 10, 0.1, 0.05)",6,4.333333333333333,0.4027432687098338,17.5
"RV|('H', 10, 0.2, -0.2)",RV,"('H', 10, 0.2, -0.2)",6,1.5,0.43062443215847845,19.5
"RV|('H', 10, 0.2, 0.0)",RV,"('H', 10, 0.2, 0.0)",6,3.6,0.43772213682791167,20.0
"RV|('H', 10, 0.2, 0.1)",RV,"('H', 10, 0.2, 0.1)",6,4.0,0.43772213682791167,20.0
"RV|('H', 10, 0.3, -0.3)",RV,"('H', 10, 0.3, -0.3)",6,1.0,0.4507252187345162,22.0
"RV|('H', 10, 0.3, 0.0)",RV,"('H', 10, 0.3, 0.0)",6,3.0,0.5,23.0
"RV|('H', 10, 0.3, 0.15)",RV,"('H', 10, 0.3, 0.15)",6,3.6666666666666665,0.5,23.0
"RV|('H', 10, 0.4, -0.4)",RV,"('H', 10, 0.4, -0.4)",6,0.8,0.5,23.5
"RV|('H', 10, 0.4, 0.0)",RV,"('H', 10, 0.4, 0.0)",6,2.5714285714285716,0.52462854010789,26.5
"RV|('H', 10, 0.4, 0.2)",RV,"('H', 10, 0.4, 0.2)",6,3.4285714285714284,0.5403627312063043,26.5
"RV|('H', 10, 0.5, -0.5)",RV,"('H', 10, 0.5, -0.5)",6,0.4,0.5,24.0
"RV|('H', 10, 0.5, 0.0)",RV,"('H', 10, 0.5, 0.0)",6,2.0,0.5758268509301,29.0
"RV|('H', 10, 0.5, 0.25)",RV,"('H', 10, 0.5, 0.25)",6,3.0,0.6033679791589017,30.0
"RV|('C', 0, 0.0, 0.5)",RV,"('C', 0, 0.0, 0.5)",6,3.5,0.3199588035162443,11.0
"RV|('C', 0, 0.0, 1)",RV,"('C', 0, 0.0, 1)",6,2.6666666666666665,0.32699240891322023,12.5
"RV|('C', 0, 0.0, 2)",RV,"('C', 0, 0.0, 2)",6,2.0,0.3718272046717694,15.0
"RV|('C', 0, 0.0, 4)",RV,"('C', 0, 0.0, 4)",6,1.5,0.4234171789136103,19.0
"RV|('C', 0, 0.0, 8)",RV,"('C', 0, 0.0, 8)",6,1.0,0.5,22.5
"RV|('C', 0, 0.1, 0.5)",RV,"('C', 0, 0.1, 0.5)",6,2.8,0.33204170531548716,12.0
"RV|('C', 0, 0.1, 1)",RV,"('C', 0, 0.1, 1)",6,2.2,0.3435807266288545,14.0
"RV|('C', 0, 0.1, 2)",RV,"('C', 0, 0.1, 2)",6,1.6666666666666667,0.3956442552908019,17.0
"RV|('C', 0, 0.1, 4)",RV,"('C', 0, 0.1, 4)",6,1.0,0.4448621412192225,21.0
"RV|('C', 0, 0.1, 8)",RV,"('C', 0, 0.1, 8)",6,0.6666666666666666,0.5,23.0
"RV|('C', 0, 0.2, 0.5)",RV,"('C', 0, 0.2, 0.5)",6,2.2,0.3455115233303477,14.0
"RV|('C', 0, 0.2, 1)",RV,"('C', 0, 0.2, 1)",6,1.8333333333333333,0.38800539525983,16.0
"RV|('C', 0, 0.2, 2)",RV,"('C', 0, 0.2, 2)",6,1.3333333333333333,0.453281389324615,20.0
"RV|('C', 0, 0.2, 4)",RV,"('C', 0, 0.2, 4)",6,0.8,0.5,23.0
"RV|('C', 0, 0.2, 8)",RV,"('C', 0, 0.2, 8)",6,0.4,0.5,26.0
"RV|('C', 0, 0.3, 0.5)",RV,"('C', 0, 0.3, 0.5)",6,1.7142857142857142,0.4017450442083821,16.0
"RV|('C', 0, 0.3, 1)",RV,"('C', 0, 0.3, 1)",6,1.3333333333333333,0.4338108865598868,19.0
"RV|('C', 0, 0.3, 2)",RV,"('C', 0, 0.3, 2)",6,1.0,0.4904009551034567,22.5
"RV|('C', 0, 0.3, 4)",RV,"('C', 0, 0.3, 4)",6,0.5,0.5,24.0
"RV|('C', 0, 0.3, 8)",RV,"('C', 0, 0.3, 8)",6,0.16666666666666666,0.5,25.0
"B0.5|('H', 1, 0.1, -0.1)",B0.5,"('H', 1, 0.1, -0.1)",7,8.30952380952381,0.2118657585828972,4.0
"B0.5|('H', 1, 0.1, 0.0)",B0.5,"('H', 1, 0.1, 0.0)",7,14.414285714285715,0.2118657585828972,4.0
"B0.5|('H', 1, 0.1, 0.05)",B0.5,"('H', 1, 0.1, 0.05)",7,17.41428571428571,0.2118657585828972,4.0
"B0.5|('H', 1, 0.2, -0.2)",B0.5,"('H', 1, 0.2, -0.2)",7,6.2,0.2310440231320955,5.0
"B0.5|('H', 1, 0.2, 0.0)",B0.5,"('H', 1, 0.2, 0.0)",7,14.0,0.2310440231320955,5.0
"B0.5|('H', 1, 0.2, 0.1)",B0.5,"('H', 1, 0.2, 0.1)",7,18.700000000000003,0.23246169961420898,5.0
"B0.5|('H', 1, 0.3, -0.3)",B0.5,"('H', 1, 0.3, -0.3)",7,4.5,0.2592798063463776,6.0
"B0.5|('H', 1, 0.3, 0.0)",B0.5,"('H', 1, 0.3, 0.0)",7,12.816666666666666,0.2592798063463776,6.0
"B0.5|('H', 1, 0.3, 0.15)",B0.5,"('H', 1, 0.3, 0.15)",7,17.733333333333334,0.2600788554710747,6.0
"B0.5|('H', 1, 0.4, -0.4)",B0.5,"('H', 1, 0.4, -0.4)",7,3.3333333333333335,0.3099198754628113,8.0
"B0.5|('H', 1, 0.4, 0.0)",B0.5,"('H', 1, 0.4, 0.0)",7,10.916666666666668,0.3106870415627752,8.0
"B0.5|('H', 1, 0.4, 0.2)",B0.5,"('H', 1, 0.4, 0.2)",7,15.5,0.3118662895919676,8.0
"B0.5|('H', 1, 0.5, -0.5)",B0.5,"('H', 1, 0.5, -0.5)",7,1.1666666666666667,0.42557228528570573,13.5
"B0.5|('H', 1, 0.5, 0.0)",B0.5,"('H', 1, 0.5, 0.0)",7,6.8,0.4781667346577039,16.0
"B0.5|('H', 1, 0.5, 0.25)",B0.5,"('H', 1, 0.5, 0.25)",7,9.928571428571429,0.4781667346577039,16.0
"B0.5|('H', 3, 0.1, -0.1)",B0.5,"('H', 3, 0.1, -0.1)",7,4.4,0.25755977956252185,6.5
"B0.5|('H', 3, 0.1, 0.0)",B0.5,"('H', 3, 0.1, 0.0)",7,9.333333333333334,0.25944996180797536,6.5
"B0.5|('H', 3, 0.1, 0.05)",B0.5,"('H', 3, 0.1, 0.05)",7,10.9,0.25944996180797536,6.5
"B0.5|('H', 3, 0.2, -0.2)",B0.5,"('H', 3, 0.2, -0.2)",7,3.5,0.2863751294811226,8.0
"B0.5|('H', 3, 0.2, 0.0)",B0.5,"('H', 3, 0.2, 0.0)",7,8.666666666666666,0.30168518590722027,8.0
"B0.5|('H', 3, 0.2, 0.1)",B0.5,"('H', 3, 0.2, 0.1)",7,10.166666666666666,0.30168518590722027,8.0
"B0.5|('H', 3, 0.3, -0.3)",B0.5,"('H', 3, 0.3, -0.3)",7,2.6,0.33635659068538454,10.0
"B0.5|('H', 3, 0.3, 0.0)",B0.5,"('H', 3, 0.3, 0.0)",7,7.333333333333333,0.343811043529132,10.75
"B0.5|('H', 3, 0.3, 0.15)",B0.5,"('H', 3, 0.3, 0.15)",7,9.0,0.343811043529132,11.0
"B0.5|('H', 3, 0.4, -0.4)",B0.5,"('H', 3, 0.4, -0.4)",7,1.8,0.3838825399009138,13.0
"B0.5|('H', 3, 0.4, 0.0)",B0.5,"('H', 3, 0.4, 0.0)",7,6.0,0.40513222637338764,15.0
"B0.5|('H', 3, 0.4, 0.2)",B0.5,"('H', 3, 0.4, 0.2)",7,7.333333333333333,0.40975144032707755,15.0
"B0.5|('H', 3, 0.5, -0.5)",B0.5,"('H', 3, 0.5, -0.5)",7,0.0,0.5,15.0
"B0.5|('H', 3, 0.5, 0.0)",B0.5,"('H', 3, 0.5, 0.0)",7,3.0,0.7528798316195808,26.5
"B0.5|('H', 3, 0.5, 0.25)",B0.5,"('H', 3, 0.5, 0.25)",7,3.928571428571429,0.7545598870095892,26.5
"B0.5|('H', 5, 0.1, -0.1)",B0.5,"('H', 5, 0.1, -0.1)",7,3.5357142857142856,0.2876011827254623,8.0
"B0.5|('H', 5, 0.1, 0.0)",B0.5,"('H', 5, 0.1, 0.0)",7,8.0,0.29852877263587174,8.25
"B0.5|('H', 5, 0.1, 0.05)",B0.5,"('H', 5, 0.1, 0.05)",7,9.17142857142857,0.300271839862869,8.25
"B0.5|('H', 5, 0.2, -0.2)",B0.5,"('H', 5, 0.2, -0.2)",7,2.6666666666666665,0.33154303097452037,10.0
"B0.5|('H', 5, 0.2, 0.0)",B0.5,"('H', 5, 0.2, 0.0)",7,7.0,0.3343882734128449,10.5
"B0.5|('H', 5, 0.2, 0.1)",B0.5,"('H', 5, 0.2, 0.1)",7,8.0,0.33547239121240496,10.75
"B0.5|('H', 5, 0.3, -0.3)",B0.5,"('H', 5, 0.3, -0.3)",7,2.0,0.3723787048115268,13.0
"B0.5|('H', 5, 0.3, 0.0)",B0.5,"('H', 5, 0.3, 0.0)",7,5.928571428571429,0.39210366122210283,14.0
"B0.5|('H', 5, 0.3, 0.15)",B0.5,"('H', 5, 0.3, 0.15)",7,6.8,0.39210366122210283,14.0
"B0.5|('H', 5, 0.4, -0.4)",B0.5,"('H', 5, 0.4, -0.4)",7,1.1214285714285714,0.42391712151612615,16.0
"B0.5|('H', 5, 0.4, 0.0)",B0.5,"('H', 5, 0.4, 0.0)",7,4.366666666666667,0.48341740407822975,18.5
"B0.5|('H', 5, 0.4, 0.2)",B0.5,"('H', 5, 0.4, 0.2)",7,5.285714285714286,0.48356922629711396,19.0
"B0.5|('H', 5, 0.5, -0.5)",B0.5,"('H', 5, 0.5, -0.5)",7,0.0,0.5,14.75
"B0.5|('H', 5, 0.5, 0.0)",B0.5,"('H', 5, 0.5, 0.0)",7,2.3333333333333335,0.841409314431909,32.0
"B0.5|('H', 5, 0.5, 0.25)",B0.5,"('H', 5, 0.5, 0.25)",7,3.0,0.841409314431909,32.0
"B0.5|('H', 10, 0.1, -0.1)",B0.5,"('H', 10, 0.1, -0.1)",7,2.3666666666666667,0.3361063562982027,12.0
"B0.5|('H', 10, 0.1, 0.0)",B0.5,"('H', 10, 0.1, 0.0)",7,5.757142857142857,0.3436767778425982,12.0
"B0.5|('H', 10, 0.1, 0.05)",B0.5,"('H', 10, 0.1, 0.05)",7,6.4,0.34862879116101253,12.0
"B0.5|('H', 10, 0.2, -0.2)",B0.5,"('H', 10, 0.2, -0.2)",7,1.75,0.38315595636804356,14.0
"B0.5|('H', 10, 0.2, 0.0)",B0.5,"('H', 10, 0.2, 0.0)",7,4.714285714285714,0.4218586347237857,15.5
"B0.5|('H', 10, 0.2, 0.1)",B0.5,"('H', 10, 0.2, 0.1)",7,5.6,0.4218586347237857,15.75
"B0.5|('H', 10, 0.3, -0.3)",B0.5,"('H', 10, 0.3, -0.3)",7,1.0,0.4275702816585025,18.0
"B0.5|('H', 10, 0.3, 0.0)",B0.5,"('H', 10, 0.3, 0.0)",7,3.6666666666666665,0.49255452686095125,20.0
"B0.5|('H', 10, 0.3, 0.15)",B0.5,"('H', 10, 0.3, 0.15)",7,4.4,0.49938252791795357,20.0
"B0.5|('H', 10, 0.4, -0.4)",B0.5,"('H', 10, 0.4, -0.4)",7,0.3333333333333333,0.5,19.0
"B0.5|('H', 10, 0.4, 0.0)",B0.5,"('H', 10, 0.4, 0.0)",7,2.4285714285714284,0.7130704475869775,28.0
"B0.5|('H', 10, 0.4, 0.2)",B0.5,"('H', 10, 0.4, 0.2)",7,3.0,0.7194147076075554,28.25
"B0.5|('H', 10, 0.5, -0.5)",B0.5,"('H', 10, 0.5, -0.5)",7,0.0,0.5,15.0
"B0.5|('H', 10, 0.5, 0.0)",B0.5,"('H', 10, 0.5, 0.0)",7,1.5714285714285714,0.9969089829126456,39.0
"B0.5|('H', 10, 0.5, 0.25)",B0.5,"('H', 10, 0.5, 0.25)",7,1.8333333333333333,1.0,39.0
"B0.5|('C', 0, 0.0, 0.5)",B0.5,"('C', 0, 0.0, 0.5)",7,5.0,0.24928805913498636,6.0
"B0.5|('C', 0, 0.0, 1)",B0.5,"('C', 0, 0.0, 1)",7,3.6666666666666665,0.27482049193997743,8.0
"B0.5|('C', 0, 0.0, 2)",B0.5,"('C', 0, 0.0, 2)",7,2.6,0.3227752891303929,11.0
"B0.5|('C', 0, 0.0, 4)",B0.5,"('C', 0, 0.0, 4)",7,1.6333333333333333,0.376817508553787,15.0
"B0.5|('C', 0, 0.0, 8)",B0.5,"('C', 0, 0.0, 8)",7,0.8,0.43208626114466486,22.0
"B0.5|('C', 0, 0.1, 0.5)",B0.5,"('C', 0, 0.1, 0.5)",7,3.857142857142857,0.2797338260511049,7.0
"B0.5|('C', 0, 0.1, 1)",B0.5,"('C', 0, 0.1, 1)",7,2.8452380952380953,0.3149950163198201,9.0
"B0.5|('C', 0, 0.1, 2)",B0.5,"('C', 0, 0.1, 2)",7,2.0,0.3601441095119431,12.75
"B0.5|('C', 0, 0.1, 4)",B0.5,"('C', 0, 0.1, 4)",7,1.1428571428571428,0.40433575102485153,18.25
"B0.5|('C', 0, 0.1, 8)",B0.5,"('C', 0, 0.1, 8)",7,0.4,0.5,23.0
"B0.5|('C', 0, 0.2, 0.5)",B0.5,"('C', 0, 0.2, 0.5)",7,3.0,0.3162832568716437,9.0
"B0.5|('C', 0, 0.2, 1)",B0.5,"('C', 0, 0.2, 1)",7,2.2,0.33845224800792273,11.5
"B0.5|('C', 0, 0.2, 2)",B0.5,"('C', 0, 0.2, 2)",7,1.3333333333333333,0.39356606422072293,16.0
"B0.5|('C', 0, 0.2, 4)",B0.5,"('C', 0, 0.2, 4)",7,0.5,0.4721442353520423,19.5
"B0.5|('C', 0, 0.2, 8)",B0.5,"('C', 0, 0.2, 8)",7,0.0,0.5,18.0
"B0.5|('C', 0, 0.3, 0.5)",B0.5,"('C', 0, 0.3, 0.5)",7,2.2,0.35440065818869865,12.0
"B0.5|('C', 0, 0.3, 1)",B0.5,"('C', 0, 0.3, 1)",7,1.3333333333333333,0.39406773874117407,14.5
"B0.5|('C', 0, 0.3, 2)",B0.5,"('C', 0, 0.3, 2)",7,0.5634920634920635,0.46780306675331784,18.5
"B0.5|('C', 0, 0.3, 4)",B0.5,"('C', 0, 0.3, 4)",7,0.0,0.5,18.0
"B0.5|('C', 0, 0.3, 8)",B0.5,"('C', 0, 0.3, 8)",7,0.0,0.5,16.25
"B1|('H', 1, 0.1, -0.1)",B1,"('H', 1, 0.1, -0.1)",7,3.6333333333333333,0.33993064775748494,9.0
"B1|('H', 1, 0.1, 0.0)",B1,"('H', 1, 0.1, 0.0)",7,7.366666666666667,0.34077207216308364,9.0
"B1|('H', 1, 0.1, 0.05)",B1,"('H', 1, 0.1, 0.05)",7,9.380952380952381,0.34077207216308364,9.0
"B1|('H', 1, 0.2, -0.2)",B1,"('H', 1, 0.2, -0.2)",7,2.4,0.38228812114886424,11.5
"B1|('H', 1, 0.2, 0.0)",B1,"('H', 1, 0.2, 0.0)",7,6.5,0.38322601936712825,12.0
"B1|('H', 1, 0.2, 0.1)",B1,"('H', 1, 0.2, 0.1)",7,8.833333333333334,0.3839754356332596,12.0
"B1|('H', 1, 0.3, -0.3)",B1,"('H', 1, 0.3, -0.3)",7,1.6,0.4256408614841632,14.25
"B1|('H', 1, 0.3, 0.0)",B1,"('H', 1, 0.3, 0.0)",7,5.333333333333333,0.42881514386637176,15.0
"B1|('H', 1, 0.3, 0.15)",B1,"('H', 1, 0.3, 0.15)",7,7.866071428571429,0.42881514386637176,15.0
"B1|('H', 1, 0.4, -0.4)",B1,"('H', 1, 0.4, -0.4)",7,1.190909090909091,0.48271014992481054,18.5
"B1|('H', 1, 0.4, 0.0)",B1,"('H', 1, 0.4, 0.0)",7,4.4,0.5043551322975355,19.0
"B1|('H', 1, 0.4, 0.2)",B1,"('H', 1, 0.4, 0.2)",7,6.866071428571429,0.5043551322975355,19.0
"B1|('H', 1, 0.5, -0.5)",B1,"('H', 1, 0.5, -0.5)",7,0.6,0.5176601314010827,21.0
"B1|('H', 1, 0.5, 0.0)",B1,"('H', 1, 0.5, 0.0)",7,3.071428571428571,0.6447943595348523,24.5
"B1|('H', 1, 0.5, 0.25)",B1,"('H', 1, 0.5, 0.25)",7,5.0,0.6498442103433734,24.75
"B1|('H', 3, 0.1, -0.1)",B1,"('H', 3, 0.1, -0.1)",7,2.0,0.3867397043719053,12.0
"B1|('H', 3, 0.1, 0.0)",B1,"('H', 3, 0.1, 0.0)",7,4.666666666666667,0.3872533923353761,12.0
"B1|('H', 3, 0.1, 0.05)",B1,"('H', 3, 0.1, 0.05)",7,5.366666666666667,0.3872533923353761,12.0
"B1|('H', 3, 0.2, -0.2)",B1,"('H', 3, 0.2, -0.2)",7,1.5,0.4182493735828155,14.0
"B1|('H', 3, 0.2, 0.0)",B1,"('H', 3, 0.2, 0.0)",7,4.0,0.4288116357823485,15.0
"B1|('H', 3, 0.2, 0.1)",B1,"('H', 3, 0.2, 0.1)",7,5.0,0.43115595049293387,15.5
"B1|('H', 3, 0.3, -0.3)",B1,"('H', 3, 0.3, -0.3)",7,1.1214285714285714,0.45709209524576094,18.0
"B1|('H', 3, 0.3, 0.0)",B1,"('H', 3, 0.3, 0.0)",7,3.5,0.4848426485372327,20.0
"B1|('H', 3, 0.3, 0.15)",B1,"('H', 3, 0.3, 0.15)",7,4.333333333333333,0.48852430529426005,20.75
"B1|('H', 3, 0.4, -0.4)",B1,"('H', 3, 0.4, -0.4)",7,0.8333333333333334,0.5,20.0
"B1|('H', 3, 0.4, 0.0)",B1,"('H', 3, 0.4, 0.0)",7,2.857142857142857,0.5639299588454638,24.0
"B1|('H', 3, 0.4, 0.2)",B1,"('H', 3, 0.4, 0.2)",7,3.775,0.565860479609939,24.0
"B1|('H', 3, 0.5, -0.5)",B1,"('H', 3, 0.5, -0.5)",7,0.3333333333333333,0.5,21.75
"B1|('H', 3, 0.5, 0.0)",B1,"('H', 3, 0.5, 0.0)",7,1.9166666666666665,0.7698494136025766,32.0
"B1|('H', 3, 0.5, 0.25)",B1,"('H', 3, 0.5, 0.25)",7,2.6,0.7711804091493377,32.0
"B1|('H', 5, 0.1, -0.1)",B1,"('H', 5, 0.1, -0.1)",7,1.7142857142857142,0.403241249917696,14.0
"B1|('H', 5, 0.1, 0.0)",B1,"('H', 5, 0.1, 0.0)",7,4.0,0.40636431143984325,14.0
"B1|('H', 5, 0.1, 0.05)",B1,"('H', 5, 0.1, 0.05)",7,4.6,0.4065878256075478,14.0
"B1|('H', 5, 0.2, -0.2)",B1,"('H', 5, 0.2, -0.2)",7,1.3333333333333333,0.43739587671997404,16.0
"B1|('H', 5, 0.2, 0.0)",B1,"('H', 5, 0.2, 0.0)",7,3.6,0.46794793313877003,17.0
"B1|('H', 5, 0.2, 0.1)",B1,"('H', 5, 0.2, 0.1)",7,4.1,0.47039328834834715,17.0
"B1|('H', 5, 0.3, -0.3)",B1,"('H', 5, 0.3, -0.3)",7,1.0,0.4891082140466094,19.75
"B1|('H', 5, 0.3, 0.0)",B1,"('H', 5, 0.3, 0.0)",7,3.0,0.5235468144658026,22.0
"B1|('H', 5, 0.3, 0.15)",B1,"('H', 5, 0.3, 0.15)",7,3.585714285714286,0.5276091120628162,22.0
"B1|('H', 5, 0.4, -0.4)",B1,"('H', 5, 0.4, -0.4)",7,0.6666666666666666,0.5003977519058731,22.0
"B1|('H', 5, 0.4, 0.0)",B1,"('H', 5, 0.4, 0.0)",7,2.4,0.6151233671127421,26.75
"B1|('H', 5, 0.4, 0.2)",B1,"('H', 5, 0.4, 0.2)",7,3.0625,0.6261579453449289,27.0
"B1|('H', 5, 0.5, -0.5)",B1,"('H', 5, 0.5, -0.5)",7,0.2,0.5,17.0
"B1|('H', 5, 0.5, 0.0)",B1,"('H', 5, 0.5, 0.0)",7,1.5,0.8157578066644492,35.25
"B1|('H', 5, 0.5, 0.25)",B1,"('H', 5, 0.5, 0.25)",7,1.8333333333333333,0.8174551343340788,36.5
"B1|('H', 10, 0.1, -0.1)",B1,"('H', 10, 0.1, -0.1)",7,1.2361111111111112,0.43625349800355506,17.0
"B1|('H', 10, 0.1, 0.0)",B1,"('H', 10, 0.1, 0.0)",7,2.8,0.4464748331791121,17.75
"B1|('H', 10, 0.1, 0.05)",B1,"('H', 10, 0.1, 0.05)",7,3.3333333333333335,0.4480201960550252,18.0
"B1|('H', 10, 0.2, -0.2)",B1,"('H', 10, 0.2, -0.2)",7,1.0,0.45798442899006087,19.0
"B1|('H', 10, 0.2, 0.0)",B1,"('H', 10, 0.2, 0.0)",7,2.4642857142857144,0.5099065396171714,22.25
"B1|('H', 10, 0.2, 0.1)",B1,"('H', 10, 0.2, 0.1)",7,3.0,0.5202729419169414,23.0
"B1|('H', 10, 0.3, -0.3)",B1,"('H', 10, 0.3, -0.3)",7,0.6666666666666666,0.5,20.5
"B1|('H', 10, 0.3, 0.0)",B1,"('H', 10, 0.3, 0.0)",7,2.0,0.6062672438874989,27.75
"B1|('H', 10, 0.3, 0.15)",B1,"('H', 10, 0.3, 0.15)",7,2.6,0.6152257340903182,28.0
"B1|('H', 10, 0.4, -0.4)",B1,"('H', 10, 0.4, -0.4)",7,0.3333333333333333,0.5,22.0
"B1|('H', 10, 0.4, 0.0)",B1,"('H', 10, 0.4, 0.0)",7,1.6,0.7313517278103498,34.75
"B1|('H', 10, 0.4, 0.2)",B1,"('H', 10, 0.4, 0.2)",7,2.0,0.7415800970451445,35.5
"B1|('H', 10, 0.5, -0.5)",B1,"('H', 10, 0.5, -0.5)",7,0.0,0.5,13.75
"B1|('H', 10, 0.5, 0.0)",B1,"('H', 10, 0.5, 0.0)",7,1.0,1.0,41.0
"B1|('H', 10, 0.5, 0.25)",B1,"('H', 10, 0.5, 0.25)",7,1.3541666666666665,1.0,41.75
"B1|('C', 0, 0.0, 0.5)",B1,"('C', 0, 0.0, 0.5)",7,2.2857142857142856,0.38563794227368525,12.0
"B1|('C', 0, 0.0, 1)",B1,"('C', 0, 0.0, 1)",7,1.75,0.399990197460432,13.75
"B1|('C', 0, 0.0, 2)",B1,"('C', 0, 0.0, 2)",7,1.3333333333333333,0.4300177167730414,17.0
"B1|('C', 0, 0.0, 4)",B1,"('C', 0, 0.0, 4)",7,1.0,0.4462649179584065,19.0
"B1|('C', 0, 0.0, 8)",B1,"('C', 0, 0.0, 8)",7,0.6,0.5,23.0
"B1|('C', 0, 0.1, 0.5)",B1,"('C', 0, 0.1, 0.5)",7,1.6666666666666667,0.41466048295455826,14.0
"B1|('C', 0, 0.1, 1)",B1,"('C', 0, 0.1, 1)",7,1.3333333333333333,0.4362690981517698,16.0
"B1|('C', 0, 0.1, 2)",B1,"('C', 0, 0.1, 2)",7,1.0,0.46214412904669844,19.0
"B1|('C', 0, 0.1, 4)",B1,"('C', 0, 0.1, 4)",7,0.6666666666666666,0.5,21.0
"B1|('C', 0, 0.1, 8)",B1,"('C', 0, 0.1, 8)",7,0.3333333333333333,0.5,22.75
"B1|('C', 0, 0.2, 0.5)",B1,"('C', 0, 0.2, 0.5)",7,1.253968253968254,0.4450095215712251,16.75
"B1|('C', 0, 0.2, 1)",B1,"('C', 0, 0.2, 1)",7,1.0,0.46980040982114574,19.0
"B1|('C', 0, 0.2, 2)",B1,"('C', 0, 0.2, 2)",7,0.7,0.49971181914776525,19.25
"B1|('C', 0, 0.2, 4)",B1,"('C', 0, 0.2, 4)",7,0.4,0.5,22.0
"B1|('C', 0, 0.2, 8)",B1,"('C', 0, 0.2, 8)",7,0.14285714285714285,0.5,18.5
"B1|('C', 0, 0.3, 0.5)",B1,"('C', 0, 0.3, 0.5)",7,1.0,0.48278544813299423,20.0
"B1|('C', 0, 0.3, 1)",B1,"('C', 0, 0.3, 1)",7,0.6666666666666666,0.5,20.0
"B1|('C', 0, 0.3, 2)",B1,"('C', 0, 0.3, 2)",7,0.4,0.5,22.0
"B1|('C', 0, 0.3, 4)",B1,"('C', 0, 0.3, 4)",7,0.14285714285714285,0.5,16.75
"B1|('C', 0, 0.3, 8)",B1,"('C', 0, 0.3, 8)",7,0.0,0.5,15.25
"B2|('H', 1, 0.1, -0.1)",B2,"('H', 1, 0.1, -0.1)",7,1.0,0.4923962491191537,15.0
"B2|('H', 1, 0.1, 0.0)",B2,"('H', 1, 0.1, 0.0)",7,2.5357142857142856,0.4970005209496205,15.25
"B2|('H', 1, 0.1, 0.05)",B2,"('H', 1, 0.1, 0.05)",7,3.4365079365079367,0.4970005209496205,15.75
"B2|('H', 1, 0.2, -0.2)",B2,"('H', 1, 0.2, -0.2)",7,0.6666666666666666,0.5302300400922731,20.0
"B2|('H', 1, 0.2, 0.0)",B2,"('H', 1, 0.2, 0.0)",7,2.0,0.5455477863893381,20.25
"B2|('H', 1, 0.2, 0.1)",B2,"('H', 1, 0.2, 0.1)",7,3.0,0.5555124674884657,20.25
"B2|('H', 1, 0.3, -0.3)",B2,"('H', 1, 0.3, -0.3)",7,0.4772727272727273,0.5134808627781595,21.0
"B2|('H', 1, 0.3, 0.0)",B2,"('H', 1, 0.3, 0.0)",7,1.6,0.6052404269208882,23.75
"B2|('H', 1, 0.3, 0.15)",B2,"('H', 1, 0.3, 0.15)",7,2.5,0.6298097696684157,24.0
"B2|('H', 1, 0.4, -0.4)",B2,"('H', 1, 0.4, -0.4)",7,0.3333333333333333,0.5432027081094637,21.0
"B2|('H', 1, 0.4, 0.0)",B2,"('H', 1, 0.4, 0.0)",7,1.2,0.6945377404352835,28.25
"B2|('H', 1, 0.4, 0.2)",B2,"('H', 1, 0.4, 0.2)",7,2.0,0.7111948904332854,29.0
"B2|('H', 1, 0.5, -0.5)",B2,"('H', 1, 0.5, -0.5)",7,0.14285714285714285,0.5,15.0
"B2|('H', 1, 0.5, 0.0)",B2,"('H', 1, 0.5, 0.0)",7,0.7777777777777778,0.8866124256280781,38.0
"B2|('H', 1, 0.5, 0.25)",B2,"('H', 1, 0.5, 0.25)",7,1.2111111111111112,0.899869434601579,38.0
"B2|('H', 3, 0.1, -0.1)",B2,"('H', 3, 0.1, -0.1)",7,0.75,0.5,18.25
"B2|('H', 3, 0.1, 0.0)",B2,"('H', 3, 0.1, 0.0)",7,1.7142857142857142,0.5,19.5
"B2|('H', 3, 0.1, 0.05)",B2,"('H', 3, 0.1, 0.05)",7,2.0,0.5010201755207369,20.0
"B2|('H', 3, 0.2, -0.2)",B2,"('H', 3, 0.2, -0.2)",7,0.5277777777777778,0.5,18.0
"B2|('H', 3, 0.2, 0.0)",B2,"('H', 3, 0.2, 0.0)",7,1.4642857142857144,0.554863100840655,22.5
"B2|('H', 3, 0.2, 0.1)",B2,"('H', 3, 0.2, 0.1)",7,1.6,0.5963753027654766,23.0
"B2|('H', 3, 0.3, -0.3)",B2,"('H', 3, 0.3, -0.3)",7,0.3693181818181818,0.5,20.5
"B2|('H', 3, 0.3, 0.0)",B2,"('H', 3, 0.3, 0.0)",7,1.1742424242424243,0.6206327043098174,26.5
"B2|('H', 3, 0.3, 0.15)",B2,"('H', 3, 0.3, 0.15)",7,1.5,0.6630147895539045,27.5
"B2|('H', 3, 0.4, -0.4)",B2,"('H', 3, 0.4, -0.4)",7,0.2361111111111111,0.5,16.0
"B2|('H', 3, 0.4, 0.0)",B2,"('H', 3, 0.4, 0.0)",7,0.9444444444444444,0.7248748427738332,31.5
"B2|('H', 3, 0.4, 0.2)",B2,"('H', 3, 0.4, 0.2)",7,1.292857142857143,0.7763302231754858,33.75
"B2|('H', 3, 0.5, -0.5)",B2,"('H', 3, 0.5, -0.5)",7,0.0,0.5,12.0
"B2|('H', 3, 0.5, 0.0)",B2,"('H', 3, 0.5, 0.0)",7,0.5,0.9126647628641154,39.5
"B2|('H', 3, 0.5, 0.25)",B2,"('H', 3, 0.5, 0.25)",7,0.8333333333333334,0.9393773702438338,41.5
"B2|('H', 5, 0.1, -0.1)",B2,"('H', 5, 0.1, -0.1)",7,0.6,0.49861236334833586,19.0
"B2|('H', 5, 0.1, 0.0)",B2,"('H', 5, 0.1, 0.0)",7,1.5277777777777777,0.5,21.0
"B2|('H', 5, 0.1, 0.05)",B2,"('H', 5, 0.1, 0.05)",7,1.7142857142857142,0.5110099221122197,21.0
"B2|('H', 5, 0.2, -0.2)",B2,"('H', 5, 0.2, -0.2)",7,0.4444444444444444,0.5,18.5
"B2|('H', 5, 0.2, 0.0)",B2,"('H', 5, 0.2, 0.0)",7,1.2,0.5522084166782439,23.75
"B2|('H', 5, 0.2, 0.1)",B2,"('H', 5, 0.2, 0.1)",7,1.5,0.5912069444191241,24.5
"B2|('H', 5, 0.3, -0.3)",B2,"('H', 5, 0.3, -0.3)",7,0.3333333333333333,0.5,20.0
"B2|('H', 5, 0.3, 0.0)",B2,"('H', 5, 0.3, 0.0)",7,1.0,0.6480767899199532,28.0
"B2|('H', 5, 0.3, 0.15)",B2,"('H', 5, 0.3, 0.15)",7,1.2678571428571428,0.7012113143287771,29.25
"B2|('H', 5, 0.4, -0.4)",B2,"('H', 5, 0.4, -0.4)",7,0.2,0.5,14.5
"B2|('H', 5, 0.4, 0.0)",B2,"('H', 5, 0.4, 0.0)",7,0.8166666666666667,0.7513471003994777,32.0
"B2|('H', 5, 0.4, 0.2)",B2,"('H', 5, 0.4, 0.2)",7,1.1428571428571428,0.7915902028997425,35.0
"B2|('H', 5, 0.5, -0.5)",B2,"('H', 5, 0.5, -0.5)",7,0.0,0.5,12.0
"B2|('H', 5, 0.5, 0.0)",B2,"('H', 5, 0.5, 0.0)",7,0.5,0.9492423216244485,41.0
"B2|('H', 5, 0.5, 0.25)",B2,"('H', 5, 0.5, 0.25)",7,0.75,1.0,44.0
"B2|('H', 10, 0.1, -0.1)",B2,"('H', 10, 0.1, -0.1)",7,0.5,0.5,19.0
"B2|('H', 10, 0.1, 0.0)",B2,"('H', 10, 0.1, 0.0)",7,1.2,0.5,20.75
"B2|('H', 10, 0.1, 0.05)",B2,"('H', 10, 0.1, 0.05)",7,1.25,0.512347998557159,22.0
"B2|('H', 10, 0.2, -0.2)",B2,"('H', 10, 0.2, -0.2)",7,0.3333333333333333,0.5,19.5
"B2|('H', 10, 0.2, 0.0)",B2,"('H', 10, 0.2, 0.0)",7,1.0,0.5539440468897103,24.0
"B2|('H', 10, 0.2, 0.1)",B2,"('H', 10, 0.2, 0.1)",7,1.2,0.6019857994649738,26.0
"B2|('H', 10, 0.3, -0.3)",B2,"('H', 10, 0.3, -0.3)",7,0.25,0.5,15.0
"B2|('H', 10, 0.3, 0.0)",B2,"('H', 10, 0.3, 0.0)",7,0.8166666666666667,0.6312909892364612,27.0
"B2|('H', 10, 0.3, 0.15)",B2,"('H', 10, 0.3, 0.15)",7,1.0,0.6889314727885208,31.25
"B2|('H', 10, 0.4, -0.4)",B2,"('H', 10, 0.4, -0.4)",7,0.16666666666666666,0.5,14.5
"B2|('H', 10, 0.4, 0.0)",B2,"('H', 10, 0.4, 0.0)",7,0.6181818181818182,0.7625495120879267,30.5
"B2|('H', 10, 0.4, 0.2)",B2,"('H', 10, 0.4, 0.2)",7,0.8,0.8624376821319479,37.75
"B2|('H', 10, 0.5, -0.5)",B2,"('H', 10, 0.5, -0.5)",7,0.0,0.5,10.0
"B2|('H', 10, 0.5, 0.0)",B2,"('H', 10, 0.5, 0.0)",7,0.4,1.0,39.5
"B2|('H', 10, 0.5, 0.25)",B2,"('H', 10, 0.5, 0.25)",7,0.5555555555555556,1.0,46.5
"B2|('C', 0, 0.0, 0.5)",B2,"('C', 0, 0.0, 0.5)",7,0.8,0.5,17.0
"B2|('C', 0, 0.0, 1)",B2,"('C', 0, 0.0, 1)",7,0.6666666666666666,0.5,17.75
"B2|('C', 0, 0.0, 2)",B2,"('C', 0, 0.0, 2)",7,0.5,0.5,19.25
"B2|('C', 0, 0.0, 4)",B2,"('C', 0, 0.0, 4)",7,0.4,0.5,17.25
"B2|('C', 0, 0.0, 8)",B2,"('C', 0, 0.0, 8)",7,0.31666666666666665,0.4850946167270117,15.25
"B2|('C', 0, 0.1, 0.5)",B2,"('C', 0, 0.1, 0.5)",7,0.6,0.5,18.5
"B2|('C', 0, 0.1, 1)",B2,"('C', 0, 0.1, 1)",7,0.5,0.5,18.0
"B2|('C', 0, 0.1, 2)",B2,"('C', 0, 0.1, 2)",7,0.4,0.5,19.25
"B2|('C', 0, 0.1, 4)",B2,"('C', 0, 0.1, 4)",7,0.2857142857142857,0.5,15.5
"B2|('C', 0, 0.1, 8)",B2,"('C', 0, 0.1, 8)",7,0.2,0.5,15.75
"B2|('C', 0, 0.2, 0.5)",B2,"('C', 0, 0.2, 0.5)",7,0.4,0.5,19.5
"B2|('C', 0, 0.2, 1)",B2,"('C', 0, 0.2, 1)",7,0.3333333333333333,0.5,20.0
"B2|('C', 0, 0.2, 2)",B2,"('C', 0, 0.2, 2)",7,0.2857142857142857,0.5,15.25
"B2|('C', 0, 0.2, 4)",B2,"('C', 0, 0.2, 4)",7,0.2,0.4940692933040253,14.0
"B2|('C', 0, 0.2, 8)",B2,"('C', 0, 0.2, 8)",7,0.16666666666666666,0.5,16.0
"B2|('C', 0, 0.3, 0.5)",B2,"('C', 0, 0.3, 0.5)",7,0.2857142857142857,0.5,17.25
"B2|('C', 0, 0.3, 1)",B2,"('C', 0, 0.3, 1)",7,0.2222222222222222,0.5,14.0
"B2|('C', 0, 0.3, 2)",B2,"('C', 0, 0.3, 2)",7,0.18333333333333335,0.5,12.0
"B2|('C', 0, 0.3, 4)",B2,"('C', 0, 0.3, 4)",7,0.14285714285714285,0.5,15.75
"B2|('C', 0, 0.3, 8)",B2,"('C', 0, 0.3, 8)",7,0.0,0.5,13.75
"B1w|('H', 1, 0.1, -0.1)",B1w,"('H', 1, 0.1, -0.1)",7,4.666666666666667,0.2524665413525412,6.0
"B1w|('H', 1, 0.1, 0.0)",B1w,"('H', 1, 0.1, 0.0)",7,8.928571428571429,0.2551526002289666,6.0
"B1w|('H', 1, 0.1, 0.05)",B1w,"('H', 1, 0.1, 0.05)",7,12.2875,0.2551526002289666,6.0
"B1w|('H', 1, 0.2, -0.2)",B1w,"('H', 1, 0.2, -0.2)",7,2.9375,0.30225503023676054,8.0
"B1w|('H', 1, 0.2, 0.0)",B1w,"('H', 1, 0.2, 0.0)",7,7.6,0.31130188978509066,8.25
"B1w|('H', 1, 0.2, 0.1)",B1w,"('H', 1, 0.2, 0.1)",7,11.266666666666666,0.31130188978509066,8.75
"B1w|('H', 1, 0.3, -0.3)",B1w,"('H', 1, 0.3, -0.3)",7,0.0,0.5,10.0
"B1w|('H', 1, 0.3, 0.0)",B1w,"('H', 1, 0.3, 0.0)",7,4.0,0.6065756888525506,17.25
"B1w|('H', 1, 0.3, 0.15)",B1w,"('H', 1, 0.3, 0.15)",7,6.535714285714286,0.6065756888525506,17.25
"B1w|('H', 1, 0.4, -0.4)",B1w,"('H', 1, 0.4, -0.4)",7,0.0,0.5,9.5
"B1w|('H', 1, 0.4, 0.0)",B1w,"('H', 1, 0.4, 0.0)",7,3.0,0.6840842182359449,20.0
"B1w|('H', 1, 0.4, 0.2)",B1w,"('H', 1, 0.4, 0.2)",7,5.183333333333334,0.6868651543598359,20.0
"B1w|('H', 1, 0.5, -0.5)",B1w,"('H', 1, 0.5, -0.5)",7,0.0,0.5,10.75
"B1w|('H', 1, 0.5, 0.0)",B1w,"('H', 1, 0.5, 0.0)",7,2.4642857142857144,0.7426903633092474,23.0
"B1w|('H', 1, 0.5, 0.25)",B1w,"('H', 1, 0.5, 0.25)",7,5.0,0.7447792808971772,23.5
"B1w|('H', 3, 0.1, -0.1)",B1w,"('H', 3, 0.1, -0.1)",7,2.5,0.3242436715331617,8.75
"B1w|('H', 3, 0.1, 0.0)",B1w,"('H', 3, 0.1, 0.0)",7,6.333333333333333,0.3326834781327778,9.0
"B1w|('H', 3, 0.1, 0.05)",B1w,"('H', 3, 0.1, 0.05)",7,7.416666666666666,0.3326834781327778,9.0
"B1w|('H', 3, 0.2, -0.2)",B1w,"('H', 3, 0.2, -0.2)",7,1.2,0.38475995462522006,11.0
"B1w|('H', 3, 0.2, 0.0)",B1w,"('H', 3, 0.2, 0.0)",7,4.309523809523809,0.4218640841813335,13.5
"B1w|('H', 3, 0.2, 0.1)",B1w,"('H', 3, 0.2, 0.1)",7,5.4,0.4237089097370683,13.75
"B1w|('H', 3, 0.3, -0.3)",B1w,"('H', 3, 0.3, -0.3)",7,0.0,0.5,9.5
"B1w|('H', 3, 0.3, 0.0)",B1w,"('H', 3, 0.3, 0.0)",7,2.5,0.68649730003329,20.5
"B1w|('H', 3, 0.3, 0.15)",B1w,"('H', 3, 0.3, 0.15)",7,3.5,0.6883730312065742,20.75
"B1w|('H', 3, 0.4, -0.4)",B1w,"('H', 3, 0.4, -0.4)",7,0.0,0.5,9.5
"B1w|('H', 3, 0.4, 0.0)",B1w,"('H', 3, 0.4, 0.0)",7,2.126984126984127,0.7308640581313639,22.5
"B1w|('H', 3, 0.4, 0.2)",B1w,"('H', 3, 0.4, 0.2)",7,3.1833333333333336,0.7365056748647987,23.0
"B1w|('H', 3, 0.5, -0.5)",B1w,"('H', 3, 0.5, -0.5)",7,0.0,0.5,12.0
"B1w|('H', 3, 0.5, 0.0)",B1w,"('H', 3, 0.5, 0.0)",7,1.8,0.8068772911018434,28.0
"B1w|('H', 3, 0.5, 0.25)",B1w,"('H', 3, 0.5, 0.25)",7,3.0,0.8126183902587063,28.75
"B1w|('H', 5, 0.1, -0.1)",B1w,"('H', 5, 0.1, -0.1)",7,2.0,0.33158180982398766,9.75
"B1w|('H', 5, 0.1, 0.0)",B1w,"('H', 5, 0.1, 0.0)",7,5.0,0.34983412535020286,10.25
"B1w|('H', 5, 0.1, 0.05)",B1w,"('H', 5, 0.1, 0.05)",7,5.828571428571428,0.3665386250351335,11.0
"B1w|('H', 5, 0.2, -0.2)",B1w,"('H', 5, 0.2, -0.2)",7,0.7207792207792207,0.4146726603861498,13.0
"B1w|('H', 5, 0.2, 0.0)",B1w,"('H', 5, 0.2, 0.0)",7,3.1714285714285717,0.49070632598744335,16.75
"B1w|('H', 5, 0.2, 0.1)",B1w,"('H', 5, 0.2, 0.1)",7,4.0,0.49214962054767863,17.75
"B1w|('H', 5, 0.3, -0.3)",B1w,"('H', 5, 0.3, -0.3)",7,0.0,0.5,9.25
"B1w|('H', 5, 0.3, 0.0)",B1w,"('H', 5, 0.3, 0.0)",7,2.0,0.7174888067684434,21.75
"B1w|('H', 5, 0.3, 0.15)",B1w,"('H', 5, 0.3, 0.15)",7,2.757142857142857,0.7203604235405097,22.0
"B1w|('H', 5, 0.4, -0.4)",B1w,"('H', 5, 0.4, -0.4)",7,0.0,0.5,9.5
"B1w|('H', 5, 0.4, 0.0)",B1w,"('H', 5, 0.4, 0.0)",7,1.8,0.7561321295185963,25.25
"B1w|('H', 5, 0.4, 0.2)",B1w,"('H', 5, 0.4, 0.2)",7,2.6,0.7616779014902133,26.0
"B1w|('H', 5, 0.5, -0.5)",B1w,"('H', 5, 0.5, -0.5)",7,0.0,0.5,13.75
"B1w|('H', 5, 0.5, 0.0)",B1w,"('H', 5, 0.5, 0.0)",7,1.5714285714285714,0.8447756321478044,30.0
"B1w|('H', 5, 0.5, 0.25)",B1w,"('H', 5, 0.5, 0.25)",7,2.4,0.8451454650328907,31.5
"B1w|('H', 10, 0.1, -0.1)",B1w,"('H', 10, 0.1, -0.1)",7,1.0,0.3790382457579845,11.5
"B1w|('H', 10, 0.1, 0.0)",B1w,"('H', 10, 0.1, 0.0)",7,3.0,0.41607305345209517,14.0
"B1w|('H', 10, 0.1, 0.05)",B1w,"('H', 10, 0.1, 0.05)",7,3.5,0.4206758320485289,14.5
"B1w|('H', 10, 0.2, -0.2)",B1w,"('H', 10, 0.2, -0.2)",7,0.2361111111111111,0.5,12.0
"B1w|('H', 10, 0.2, 0.0)",B1w,"('H', 10, 0.2, 0.0)",7,1.8,0.6140564474852903,20.0
"B1w|('H', 10, 0.2, 0.1)",B1w,"('H', 10, 0.2, 0.1)",7,2.4642857142857144,0.6421482010374109,20.75
"B1w|('H', 10, 0.3, -0.3)",B1w,"('H', 10, 0.3, -0.3)",7,0.0,0.5,9.25
"B1w|('H', 10, 0.3, 0.0)",B1w,"('H', 10, 0.3, 0.0)",7,1.4,0.7552120123685924,23.0
"B1w|('H', 10, 0.3, 0.15)",B1w,"('H', 10, 0.3, 0.15)",7,2.0,0.7769412240077784,24.5
"B1w|('H', 10, 0.4, -0.4)",B1w,"('H', 10, 0.4, -0.4)",7,0.0,0.5,10.0
"B1w|('H', 10, 0.4, 0.0)",B1w,"('H', 10, 0.4, 0.0)",7,1.3333333333333333,0.8271141972599947,30.0
"B1w|('H', 10, 0.4, 0.2)",B1w,"('H', 10, 0.4, 0.2)",7,2.0,0.839919217783603,30.75
"B1w|('H', 10, 0.5, -0.5)",B1w,"('H', 10, 0.5, -0.5)",7,0.0,0.5,14.5
"B1w|('H', 10, 0.5, 0.0)",B1w,"('H', 10, 0.5, 0.0)",7,1.0,0.9467182881028624,35.75
"B1w|('H', 10, 0.5, 0.25)",B1w,"('H', 10, 0.5, 0.25)",7,1.6666666666666667,0.9481194676077739,39.0
"B1w|('C', 0, 0.0, 0.5)",B1w,"('C', 0, 0.0, 0.5)",7,2.8166666666666664,0.30094702833459386,8.0
"B1w|('C', 0, 0.0, 1)",B1w,"('C', 0, 0.0, 1)",7,2.0,0.3321423150073767,10.0
"B1w|('C', 0, 0.0, 2)",B1w,"('C', 0, 0.0, 2)",7,1.0,0.3751175440774248,12.0
"B1w|('C', 0, 0.0, 4)",B1w,"('C', 0, 0.0, 4)",7,0.4365079365079365,0.47409635271697637,14.0
"B1w|('C', 0, 0.0, 8)",B1w,"('C', 0, 0.0, 8)",7,0.0,0.5,12.0
"B1w|('C', 0, 0.1, 0.5)",B1w,"('C', 0, 0.1, 0.5)",7,1.6,0.3426271926722953,10.0
"B1w|('C', 0, 0.1, 1)",B1w,"('C', 0, 0.1, 1)",7,0.8571428571428571,0.42006324456660055,12.0
"B1w|('C', 0, 0.1, 2)",B1w,"('C', 0, 0.1, 2)",7,0.3333333333333333,0.5,12.0
"B1w|('C', 0, 0.1, 4)",B1w,"('C', 0, 0.1, 4)",7,0.0,0.5,11.75
"B1w|('C', 0, 0.1, 8)",B1w,"('C', 0, 0.1, 8)",7,0.0,0.5,12.0
"B1w|('C', 0, 0.2, 0.5)",B1w,"('C', 0, 0.2, 0.5)",7,0.3333333333333333,0.49351149224472735,10.75
"B1w|('C', 0, 0.2, 1)",B1w,"('C', 0, 0.2, 1)",7,0.0,0.5,9.25
"B1w|('C', 0, 0.2, 2)",B1w,"('C', 0, 0.2, 2)",7,0.0,0.5,10.0
"B1w|('C', 0, 0.2, 4)",B1w,"('C', 0, 0.2, 4)",7,0.0,0.5,11.0
"B1w|('C', 0, 0.2, 8)",B1w,"('C', 0, 0.2, 8)",7,0.0,0.5,12.0
"B1w|('C', 0, 0.3, 0.5)",B1w,"('C', 0, 0.3, 0.5)",7,0.0,0.5,9.25
"B1w|('C', 0, 0.3, 1)",B1w,"('C', 0, 0.3, 1)",7,0.0,0.5,10.0
"B1w|('C', 0, 0.3, 2)",B1w,"('C', 0, 0.3, 2)",7,0.0,0.5,11.25
"B1w|('C', 0, 0.3, 4)",B1w,"('C', 0, 0.3, 4)",7,0.0,0.5,12.5
"B1w|('C', 0, 0.3, 8)",B1w,"('C', 0, 0.3, 8)",7,0.0,0.5,15.0
"T1|('H', 1, 0.1, -0.1)",T1,"('H', 1, 0.1, -0.1)",7,3.5,0.36068885262161254,10.0
"T1|('H', 1, 0.1, 0.0)",T1,"('H', 1, 0.1, 0.0)",7,7.071428571428571,0.36068885262161254,10.0
"T1|('H', 1, 0.1, 0.05)",T1,"('H', 1, 0.1, 0.05)",7,9.414285714285715,0.36105001189817154,10.0
"T1|('H', 1, 0.2, -0.2)",T1,"('H', 1, 0.2, -0.2)",7,2.3666666666666667,0.38715884972791026,12.0
"T1|('H', 1, 0.2, 0.0)",T1,"('H', 1, 0.2, 0.0)",7,6.5,0.3875358155263783,12.0
"T1|('H', 1, 0.2, 0.1)",T1,"('H', 1, 0.2, 0.1)",7,9.0,0.3884688627660363,12.0
"T1|('H', 1, 0.3, -0.3)",T1,"('H', 1, 0.3, -0.3)",7,1.6666666666666667,0.4397826989968444,14.25
"T1|('H', 1, 0.3, 0.0)",T1,"('H', 1, 0.3, 0.0)",7,5.366666666666667,0.4468564146936389,15.0
"T1|('H', 1, 0.3, 0.15)",T1,"('H', 1, 0.3, 0.15)",7,7.833333333333333,0.44878749313568916,15.0
"T1|('H', 1, 0.4, -0.4)",T1,"('H', 1, 0.4, -0.4)",7,1.2,0.4912649675060011,18.75
"T1|('H', 1, 0.4, 0.0)",T1,"('H', 1, 0.4, 0.0)",7,4.4,0.4994945999306298,19.25
"T1|('H', 1, 0.4, 0.2)",T1,"('H', 1, 0.4, 0.2)",7,6.845238095238095,0.5010534738115487,19.75
"T1|('H', 1, 0.5, -0.5)",T1,"('H', 1, 0.5, -0.5)",7,1.0,0.5,21.5
"T1|('H', 1, 0.5, 0.0)",T1,"('H', 1, 0.5, 0.0)",7,3.6666666666666665,0.5651880767771233,24.0
"T1|('H', 1, 0.5, 0.25)",T1,"('H', 1, 0.5, 0.25)",7,5.645833333333334,0.566292204301454,24.0
"T1|('H', 3, 0.1, -0.1)",T1,"('H', 3, 0.1, -0.1)",7,2.0,0.4072011084196094,13.0
"T1|('H', 3, 0.1, 0.0)",T1,"('H', 3, 0.1, 0.0)",7,4.714285714285714,0.4098697435864441,13.0
"T1|('H', 3, 0.1, 0.05)",T1,"('H', 3, 0.1, 0.05)",7,5.5,0.4098697435864441,13.0
"T1|('H', 3, 0.2, -0.2)",T1,"('H', 3, 0.2, -0.2)",7,1.5,0.43362408814024933,14.75
"T1|('H', 3, 0.2, 0.0)",T1,"('H', 3, 0.2, 0.0)",7,4.0,0.44976185409238745,15.5
"T1|('H', 3, 0.2, 0.1)",T1,"('H', 3, 0.2, 0.1)",7,5.0,0.44976185409238745,16.0
"T1|('H', 3, 0.3, -0.3)",T1,"('H', 3, 0.3, -0.3)",7,1.2,0.47089197252611004,18.25
"T1|('H', 3, 0.3, 0.0)",T1,"('H', 3, 0.3, 0.0)",7,3.55,0.4981865619519153,20.75
"T1|('H', 3, 0.3, 0.15)",T1,"('H', 3, 0.3, 0.15)",7,4.5,0.4981865619519153,21.0
"T1|('H', 3, 0.4, -0.4)",T1,"('H', 3, 0.4, -0.4)",7,0.9045454545454545,0.4986861827213763,22.0
"T1|('H', 3, 0.4, 0.0)",T1,"('H', 3, 0.4, 0.0)",7,3.0,0.5533701122164747,24.0
"T1|('H', 3, 0.4, 0.2)",T1,"('H', 3, 0.4, 0.2)",7,3.8333333333333335,0.5533701122164747,24.0
"T1|('H', 3, 0.5, -0.5)",T1,"('H', 3, 0.5, -0.5)",7,0.6,0.5318872813595508,23.0
"T1|('H', 3, 0.5, 0.0)",T1,"('H', 3, 0.5, 0.0)",7,2.3666666666666667,0.6838998070565503,29.5
"T1|('H', 3, 0.5, 0.25)",T1,"('H', 3, 0.5, 0.25)",7,3.142857142857143,0.6838998070565503,30.0
"T1|('H', 5, 0.1, -0.1)",T1,"('H', 5, 0.1, -0.1)",7,1.6904761904761905,0.4157400356770903,14.5
"T1|('H', 5, 0.1, 0.0)",T1,"('H', 5, 0.1, 0.0)",7,3.9375,0.41788742671974966,15.0
"T1|('H', 5, 0.1, 0.05)",T1,"('H', 5, 0.1, 0.05)",7,4.571428571428571,0.41788742671974966,15.0
"T1|('H', 5, 0.2, -0.2)",T1,"('H', 5, 0.2, -0.2)",7,1.3333333333333333,0.45092128165827705,17.0
"T1|('H', 5, 0.2, 0.0)",T1,"('H', 5, 0.2, 0.0)",7,3.4285714285714284,0.4794527365523527,17.75
"T1|('H', 5, 0.2, 0.1)",T1,"('H', 5, 0.2, 0.1)",7,4.0,0.4803302239547723,18.0
"T1|('H', 5, 0.3, -0.3)",T1,"('H', 5, 0.3, -0.3)",7,1.0,0.47833721632054493,20.75
"T1|('H', 5, 0.3, 0.0)",T1,"('H', 5, 0.3, 0.0)",7,3.0,0.5269624862003882,23.0
"T1|('H', 5, 0.3, 0.15)",T1,"('H', 5, 0.3, 0.15)",7,3.6333333333333333,0.5285592913096978,23.0
"T1|('H', 5, 0.4, -0.4)",T1,"('H', 5, 0.4, -0.4)",7,0.7638888888888888,0.5031607533869639,22.25
"T1|('H', 5, 0.4, 0.0)",T1,"('H', 5, 0.4, 0.0)",7,2.4285714285714284,0.602713682383953,26.25
"T1|('H', 5, 0.4, 0.2)",T1,"('H', 5, 0.4, 0.2)",7,3.1666666666666665,0.6098673970494746,27.0
"T1|('H', 5, 0.5, -0.5)",T1,"('H', 5, 0.5, -0.5)",7,0.4,0.5559719388902518,23.0
"T1|('H', 5, 0.5, 0.0)",T1,"('H', 5, 0.5, 0.0)",7,2.0,0.7558491756336453,34.0
"T1|('H', 5, 0.5, 0.25)",T1,"('H', 5, 0.5, 0.25)",7,2.3333333333333335,0.7570527391426309,35.0
"T1|('H', 10, 0.1, -0.1)",T1,"('H', 10, 0.1, -0.1)",7,1.2857142857142858,0.44910750401255395,18.0
"T1|('H', 10, 0.1, 0.0)",T1,"('H', 10, 0.1, 0.0)",7,3.0,0.45884567554641736,18.5
"T1|('H', 10, 0.1, 0.05)",T1,"('H', 10, 0.1, 0.05)",7,3.142857142857143,0.4601260128654948,18.5
"T1|('H', 10, 0.2, -0.2)",T1,"('H', 10, 0.2, -0.2)",7,1.0,0.46350533794749005,21.0
"T1|('H', 10, 0.2, 0.0)",T1,"('H', 10, 0.2, 0.0)",7,2.6,0.4988508925303833,24.0
"T1|('H', 10, 0.2, 0.1)",T1,"('H', 10, 0.2, 0.1)",7,3.0,0.5113066236971102,24.0
"T1|('H', 10, 0.3, -0.3)",T1,"('H', 10, 0.3, -0.3)",7,0.7071428571428571,0.5023089994973395,23.5
"T1|('H', 10, 0.3, 0.0)",T1,"('H', 10, 0.3, 0.0)",7,2.0,0.5869934953299571,28.0
"T1|('H', 10, 0.3, 0.15)",T1,"('H', 10, 0.3, 0.15)",7,2.6666666666666665,0.5983048237552506,28.0
"T1|('H', 10, 0.4, -0.4)",T1,"('H', 10, 0.4, -0.4)",7,0.5,0.5402180493216745,23.0
"T1|('H', 10, 0.4, 0.0)",T1,"('H', 10, 0.4, 0.0)",7,1.7321428571428572,0.7111933817252294,34.0
"T1|('H', 10, 0.4, 0.2)",T1,"('H', 10, 0.4, 0.2)",7,2.2857142857142856,0.7280784468808232,34.5
"T1|('H', 10, 0.5, -0.5)",T1,"('H', 10, 0.5, -0.5)",7,0.2,0.5,21.25
"T1|('H', 10, 0.5, 0.0)",T1,"('H', 10, 0.5, 0.0)",7,1.3166666666666667,0.8776656889210621,41.0
"T1|('H', 10, 0.5, 0.25)",T1,"('H', 10, 0.5, 0.25)",7,1.5,0.8867189768725634,41.0
"T1|('C', 0, 0.0, 0.5)",T1,"('C', 0, 0.0, 0.5)",7,2.2,0.3916806763869781,13.0
"T1|('C', 0, 0.0, 1)",T1,"('C', 0, 0.0, 1)",7,1.75,0.40276553896352574,14.25
"T1|('C', 0, 0.0, 2)",T1,"('C', 0, 0.0, 2)",7,1.3333333333333333,0.43456232925201077,17.5
"T1|('C', 0, 0.0, 4)",T1,"('C', 0, 0.0, 4)",7,1.0,0.4569474690216007,20.25
"T1|('C', 0, 0.0, 8)",T1,"('C', 0, 0.0, 8)",7,0.6666666666666666,0.5148077291530284,23.75
"T1|('C', 0, 0.1, 0.5)",T1,"('C', 0, 0.1, 0.5)",7,1.6666666666666667,0.4213275076762628,14.0
"T1|('C', 0, 0.1, 1)",T1,"('C', 0, 0.1, 1)",7,1.3333333333333333,0.43934904290063326,16.25
"T1|('C', 0, 0.1, 2)",T1,"('C', 0, 0.1, 2)",7,1.0,0.465558464223333,19.0
"T1|('C', 0, 0.1, 4)",T1,"('C', 0, 0.1, 4)",7,0.75,0.5009825860183368,23.0
"T1|('C', 0, 0.1, 8)",T1,"('C', 0, 0.1, 8)",7,0.4722222222222222,0.5,23.0
"T1|('C', 0, 0.2, 0.5)",T1,"('C', 0, 0.2, 0.5)",7,1.2857142857142858,0.4476509341958379,17.5
"T1|('C', 0, 0.2, 1)",T1,"('C', 0, 0.2, 1)",7,1.0,0.4743256019013543,21.25
"T1|('C', 0, 0.2, 2)",T1,"('C', 0, 0.2, 2)",7,0.8,0.5,22.75
"T1|('C', 0, 0.2, 4)",T1,"('C', 0, 0.2, 4)",7,0.5634920634920635,0.5138363999442492,23.0
"T1|('C', 0, 0.2, 8)",T1,"('C', 0, 0.2, 8)",7,0.2857142857142857,0.5,22.75
"T1|('C', 0, 0.3, 0.5)",T1,"('C', 0, 0.3, 0.5)",7,1.0,0.48981026567088787,22.0
"T1|('C', 0, 0.3, 1)",T1,"('C', 0, 0.3, 1)",7,0.8,0.5,22.0
"T1|('C', 0, 0.3, 2)",T1,"('C', 0, 0.3, 2)",7,0.5634920634920635,0.5300264618917507,23.0
"T1|('C', 0, 0.3, 4)",T1,"('C', 0, 0.3, 4)",7,0.30952380952380953,0.5,21.5
"T1|('C', 0, 0.3, 8)",T1,"('C', 0, 0.3, 8)",7,0.0,0.5,19.0
"TS|('H', 1, 0.1, -0.1)",TS,"('H', 1, 0.1, -0.1)",7,0.6181818181818182,0.42726011431886746,10.0
"TS|('H', 1, 0.1, 0.0)",TS,"('H', 1, 0.1, 0.0)",7,1.9285714285714286,0.46559548872342416,11.0
"TS|('H', 1, 0.1, 0.05)",TS,"('H', 1, 0.1, 0.05)",7,2.928571428571429,0.49292955726264287,11.5
"TS|('H', 1, 0.2, -0.2)",TS,"('H', 1, 0.2, -0.2)",7,0.3333333333333333,0.5,10.0
"TS|('H', 1, 0.2, 0.0)",TS,"('H', 1, 0.2, 0.0)",7,1.1547619047619047,0.5,14.75
"TS|('H', 1, 0.2, 0.1)",TS,"('H', 1, 0.2, 0.1)",7,2.5,0.5966054262683872,18.25
"TS|('H', 1, 0.3, -0.3)",TS,"('H', 1, 0.3, -0.3)",7,0.0,0.5,10.0
"TS|('H', 1, 0.3, 0.0)",TS,"('H', 1, 0.3, 0.0)",7,0.6125,0.6646176055077383,20.0
"TS|('H', 1, 0.3, 0.15)",TS,"('H', 1, 0.3, 0.15)",7,2.225,0.8583106714611372,28.0
"TS|('H', 1, 0.4, -0.4)",TS,"('H', 1, 0.4, -0.4)",7,0.0,0.5,10.25
"TS|('H', 1, 0.4, 0.0)",TS,"('H', 1, 0.4, 0.0)",7,0.3333333333333333,1.0,27.5
"TS|('H', 1, 0.4, 0.2)",TS,"('H', 1, 0.4, 0.2)",7,1.5357142857142856,1.0,44.0
"TS|('H', 1, 0.5, -0.5)",TS,"('H', 1, 0.5, -0.5)",7,0.0,0.5,12.5
"TS|('H', 1, 0.5, 0.0)",TS,"('H', 1, 0.5, 0.0)",7,0.2,1.0,39.75
"TS|('H', 1, 0.5, 0.25)",TS,"('H', 1, 0.5, 0.25)",7,0.5,1.0,65.0
"TS|('H', 3, 0.1, -0.1)",TS,"('H', 3, 0.1, -0.1)",7,0.4,0.4666461366652231,9.75
"TS|('H', 3, 0.1, 0.0)",TS,"('H', 3, 0.1, 0.0)",7,1.0,0.5,12.0
"TS|('H', 3, 0.1, 0.05)",TS,"('H', 3, 0.1, 0.05)",7,1.3333333333333333,0.5,13.75
"TS|('H', 3, 0.2, -0.2)",TS,"('H', 3, 0.2, -0.2)",7,0.0,0.5,10.0
"TS|('H', 3, 0.2, 0.0)",TS,"('H', 3, 0.2, 0.0)",7,0.5,0.5,17.5
"TS|('H', 3, 0.2, 0.1)",TS,"('H', 3, 0.2, 0.1)",7,1.0,0.6904509276676671,20.5
"TS|('H', 3, 0.3, -0.3)",TS,"('H', 3, 0.3, -0.3)",7,0.0,0.5,10.0
"TS|('H', 3, 0.3, 0.0)",TS,"('H', 3, 0.3, 0.0)",7,0.3333333333333333,0.7093906350509269,23.0
"TS|('H', 3, 0.3, 0.15)",TS,"('H', 3, 0.3, 0.15)",7,1.0,1.0,31.0
"TS|('H', 3, 0.4, -0.4)",TS,"('H', 3, 0.4, -0.4)",7,0.0,0.5,10.25
"TS|('H', 3, 0.4, 0.0)",TS,"('H', 3, 0.4, 0.0)",7,0.2857142857142857,1.0,28.0
"TS|('H', 3, 0.4, 0.2)",TS,"('H', 3, 0.4, 0.2)",7,1.0,1.0,46.5
"TS|('H', 3, 0.5, -0.5)",TS,"('H', 3, 0.5, -0.5)",7,0.0,0.5,14.0
"TS|('H', 3, 0.5, 0.0)",TS,"('H', 3, 0.5, 0.0)",7,0.2,1.0,34.0
"TS|('H', 3, 0.5, 0.25)",TS,"('H', 3, 0.5, 0.25)",7,0.3875,1.0,64.5
"TS|('H', 5, 0.1, -0.1)",TS,"('H', 5, 0.1, -0.1)",7,0.3333333333333333,0.5,9.5
"TS|('H', 5, 0.1, 0.0)",TS,"('H', 5, 0.1, 0.0)",7,0.8,0.5,12.5
"TS|('H', 5, 0.1, 0.05)",TS,"('H', 5, 0.1, 0.05)",7,1.0,0.5,14.0
"TS|('H', 5, 0.2, -0.2)",TS,"('H', 5, 0.2, -0.2)",7,0.0,0.5,9.75
"TS|('H', 5, 0.2, 0.0)",TS,"('H', 5, 0.2, 0.0)",7,0.5,0.5,16.75
"TS|('H', 5, 0.2, 0.1)",TS,"('H', 5, 0.2, 0.1)",7,0.775,0.6817880265407421,20.5
"TS|('H', 5, 0.3, -0.3)",TS,"('H', 5, 0.3, -0.3)",7,0.0,0.5,10.0
"TS|('H', 5, 0.3, 0.0)",TS,"('H', 5, 0.3, 0.0)",7,0.3333333333333333,0.6571099365222817,21.0
"TS|('H', 5, 0.3, 0.15)",TS,"('H', 5, 0.3, 0.15)",7,0.8,1.0,29.0
"TS|('H', 5, 0.4, -0.4)",TS,"('H', 5, 0.4, -0.4)",7,0.0,0.5,10.25
"TS|('H', 5, 0.4, 0.0)",TS,"('H', 5, 0.4, 0.0)",7,0.2857142857142857,0.8250357394403336,25.0
"TS|('H', 5, 0.4, 0.2)",TS,"('H', 5, 0.4, 0.2)",7,1.0,1.0,47.5
"TS|('H', 5, 0.5, -0.5)",TS,"('H', 5, 0.5, -0.5)",7,0.0,0.5,14.5
"TS|('H', 5, 0.5, 0.0)",TS,"('H', 5, 0.5, 0.0)",7,0.2,1.0,32.0
"TS|('H', 5, 0.5, 0.25)",TS,"('H', 5, 0.5, 0.25)",7,0.2857142857142857,1.0,63.5
"TS|('H', 10, 0.1, -0.1)",TS,"('H', 10, 0.1, -0.1)",7,0.2857142857142857,0.5,9.75
"TS|('H', 10, 0.1, 0.0)",TS,"('H', 10, 0.1, 0.0)",7,0.6666666666666666,0.5,13.25
"TS|('H', 10, 0.1, 0.05)",TS,"('H', 10, 0.1, 0.05)",7,0.8,0.5,14.75
"TS|('H', 10, 0.2, -0.2)",TS,"('H', 10, 0.2, -0.2)",7,0.0,0.5,9.75
"TS|('H', 10, 0.2, 0.0)",TS,"('H', 10, 0.2, 0.0)",7,0.4,0.5,18.75
"TS|('H', 10, 0.2, 0.1)",TS,"('H', 10, 0.2, 0.1)",7,0.5,0.5972115451425524,20.0
"TS|('H', 10, 0.3, -0.3)",TS,"('H', 10, 0.3, -0.3)",7,0.0,0.5,10.0
"TS|('H', 10, 0.3, 0.0)",TS,"('H', 10, 0.3, 0.0)",7,0.30952380952380953,0.5703687473316627,21.5
"TS|('H', 10, 0.3, 0.15)",TS,"('H', 10, 0.3, 0.15)",7,0.5714285714285714,1.0,28.0
"TS|('H', 10, 0.4, -0.4)",TS,"('H', 10, 0.4, -0.4)",7,0.0,0.5,10.5
"TS|('H', 10, 0.4, 0.0)",TS,"('H', 10, 0.4, 0.0)",7,0.25,0.8789048811192682,25.25
"TS|('H', 10, 0.4, 0.2)",TS,"('H', 10, 0.4, 0.2)",7,0.6666666666666666,1.0,48.75
"TS|('H', 10, 0.5, -0.5)",TS,"('H', 10, 0.5, -0.5)",7,0.0,0.5,14.5
"TS|('H', 10, 0.5, 0.0)",TS,"('H', 10, 0.5, 0.0)",7,0.2,1.0,37.0
"TS|('H', 10, 0.5, 0.25)",TS,"('H', 10, 0.5, 0.25)",7,0.2,1.0,65.25
"TS|('C', 0, 0.0, 0.5)",TS,"('C', 0, 0.0, 0.5)",7,0.5,0.379362457319187,10.0
"TS|('C', 0, 0.0, 1)",TS,"('C', 0, 0.0, 1)",7,0.4,0.5,9.75
"TS|('C', 0, 0.0, 2)",TS,"('C', 0, 0.0, 2)",7,0.3333333333333333,0.5,9.75
"TS|('C', 0, 0.0, 4)",TS,"('C', 0, 0.0, 4)",7,0.10555555555555556,0.5,10.0
"TS|('C', 0, 0.0, 8)",TS,"('C', 0, 0.0, 8)",7,0.0,0.5,12.0
"TS|('C', 0, 0.1, 0.5)",TS,"('C', 0, 0.1, 0.5)",7,0.2,0.5,10.0
"TS|('C', 0, 0.1, 1)",TS,"('C', 0, 0.1, 1)",7,0.14285714285714285,0.5,10.0
"TS|('C', 0, 0.1, 2)",TS,"('C', 0, 0.1, 2)",7,0.0,0.5,9.75
"TS|('C', 0, 0.1, 4)",TS,"('C', 0, 0.1, 4)",7,0.0,0.5,11.0
"TS|('C', 0, 0.1, 8)",TS,"('C', 0, 0.1, 8)",7,0.0,0.5,11.25
"TS|('C', 0, 0.2, 0.5)",TS,"('C', 0, 0.2, 0.5)",7,0.0,0.5,9.75
"TS|('C', 0, 0.2, 1)",TS,"('C', 0, 0.2, 1)",7,0.0,0.5,10.0
"TS|('C', 0, 0.2, 2)",TS,"('C', 0, 0.2, 2)",7,0.0,0.5,10.5
"TS|('C', 0, 0.2, 4)",TS,"('C', 0, 0.2, 4)",7,0.0,0.5,11.25
"TS|('C', 0, 0.2, 8)",TS,"('C', 0, 0.2, 8)",7,0.0,0.5,12.0
"TS|('C', 0, 0.3, 0.5)",TS,"('C', 0, 0.3, 0.5)",7,0.0,0.5,10.5
"TS|('C', 0, 0.3, 1)",TS,"('C', 0, 0.3, 1)",7,0.0,0.5,10.5
"TS|('C', 0, 0.3, 2)",TS,"('C', 0, 0.3, 2)",7,0.0,0.5,12.0
"TS|('C', 0, 0.3, 4)",TS,"('C', 0, 0.3, 4)",7,0.0,0.5,12.0
"TS|('C', 0, 0.3, 8)",TS,"('C', 0, 0.3, 8)",7,0.0,0.5,14.75
"RV|('H', 1, 0.1, -0.1)",RV,"('H', 1, 0.1, -0.1)",7,4.5,0.3243574861128197,10.25
"RV|('H', 1, 0.1, 0.0)",RV,"('H', 1, 0.1, 0.0)",7,6.55,0.3244504054247915,10.25
"RV|('H', 1, 0.1, 0.05)",RV,"('H', 1, 0.1, 0.05)",7,7.816666666666666,0.3244504054247915,10.25
"RV|('H', 1, 0.2, -0.2)",RV,"('H', 1, 0.2, -0.2)",7,3.414285714285714,0.3540425871049865,11.0
"RV|('H', 1, 0.2, 0.0)",RV,"('H', 1, 0.2, 0.0)",7,6.6,0.3585969108970713,11.0
"RV|('H', 1, 0.2, 0.1)",RV,"('H', 1, 0.2, 0.1)",7,8.55,0.36152780152560066,11.0
"RV|('H', 1, 0.3, -0.3)",RV,"('H', 1, 0.3, -0.3)",7,2.6333333333333333,0.35430627857272384,12.0
"RV|('H', 1, 0.3, 0.0)",RV,"('H', 1, 0.3, 0.0)",7,6.4,0.38179812826643067,13.0
"RV|('H', 1, 0.3, 0.15)",RV,"('H', 1, 0.3, 0.15)",7,8.1,0.38447859079547797,13.0
"RV|('H', 1, 0.4, -0.4)",RV,"('H', 1, 0.4, -0.4)",7,2.0,0.38634449979200824,13.75
"RV|('H', 1, 0.4, 0.0)",RV,"('H', 1, 0.4, 0.0)",7,5.816666666666666,0.41327692134463617,15.0
"RV|('H', 1, 0.4, 0.2)",RV,"('H', 1, 0.4, 0.2)",7,7.633333333333333,0.41644559683348537,15.0
"RV|('H', 1, 0.5, -0.5)",RV,"('H', 1, 0.5, -0.5)",7,1.4142857142857141,0.41209119431440155,16.25
"RV|('H', 1, 0.5, 0.0)",RV,"('H', 1, 0.5, 0.0)",7,5.0,0.44876376994933576,18.0
"RV|('H', 1, 0.5, 0.25)",RV,"('H', 1, 0.5, 0.25)",7,7.1,0.4526254051655902,18.0
"RV|('H', 3, 0.1, -0.1)",RV,"('H', 3, 0.1, -0.1)",7,2.2,0.36937862796622756,13.5
"RV|('H', 3, 0.1, 0.0)",RV,"('H', 3, 0.1, 0.0)",7,4.428571428571429,0.3702959274343264,14.0
"RV|('H', 3, 0.1, 0.05)",RV,"('H', 3, 0.1, 0.05)",7,5.2,0.383778593529163,14.0
"RV|('H', 3, 0.2, -0.2)",RV,"('H', 3, 0.2, -0.2)",7,1.6458333333333335,0.3907996184979823,14.25
"RV|('H', 3, 0.2, 0.0)",RV,"('H', 3, 0.2, 0.0)",7,4.366666666666667,0.4081151311111799,15.0
"RV|('H', 3, 0.2, 0.1)",RV,"('H', 3, 0.2, 0.1)",7,5.0,0.41404527999018415,15.0
"RV|('H', 3, 0.3, -0.3)",RV,"('H', 3, 0.3, -0.3)",7,1.2678571428571428,0.4036594684729592,15.75
"RV|('H', 3, 0.3, 0.0)",RV,"('H', 3, 0.3, 0.0)",7,3.809090909090909,0.4256738160607843,16.75
"RV|('H', 3, 0.3, 0.15)",RV,"('H', 3, 0.3, 0.15)",7,4.414285714285715,0.44176030394777444,17.0
"RV|('H', 3, 0.4, -0.4)",RV,"('H', 3, 0.4, -0.4)",7,1.0,0.42903104854611085,18.0
"RV|('H', 3, 0.4, 0.0)",RV,"('H', 3, 0.4, 0.0)",7,3.3333333333333335,0.48013202017268697,20.0
"RV|('H', 3, 0.4, 0.2)",RV,"('H', 3, 0.4, 0.2)",7,4.0,0.489377630270268,20.0
"RV|('H', 3, 0.5, -0.5)",RV,"('H', 3, 0.5, -0.5)",7,0.8333333333333334,0.4584233537955156,20.0
"RV|('H', 3, 0.5, 0.0)",RV,"('H', 3, 0.5, 0.0)",7,2.9375,0.5,22.75
"RV|('H', 3, 0.5, 0.25)",RV,"('H', 3, 0.5, 0.25)",7,3.6,0.5290633456701284,23.0
"RV|('H', 5, 0.1, -0.1)",RV,"('H', 5, 0.1, -0.1)",7,1.6666666666666667,0.40019418566091786,14.75
"RV|('H', 5, 0.1, 0.0)",RV,"('H', 5, 0.1, 0.0)",7,3.8,0.41024980138461076,15.0
"RV|('H', 5, 0.1, 0.05)",RV,"('H', 5, 0.1, 0.05)",7,4.333333333333333,0.41024980138461076,15.0
"RV|('H', 5, 0.2, -0.2)",RV,"('H', 5, 0.2, -0.2)",7,1.3333333333333333,0.40612432102879026,15.75
"RV|('H', 5, 0.2, 0.0)",RV,"('H', 5, 0.2, 0.0)",7,3.380952380952381,0.4345842043602327,17.0
"RV|('H', 5, 0.2, 0.1)",RV,"('H', 5, 0.2, 0.1)",7,4.0,0.43789866489458085,17.0
"RV|('H', 5, 0.3, -0.3)",RV,"('H', 5, 0.3, -0.3)",7,1.0,0.41782530146289143,18.25
"RV|('H', 5, 0.3, 0.0)",RV,"('H', 5, 0.3, 0.0)",7,3.0,0.461291945405535,19.5
"RV|('H', 5, 0.3, 0.15)",RV,"('H', 5, 0.3, 0.15)",7,3.585714285714286,0.4660922218096463,20.0
"RV|('H', 5, 0.4, -0.4)",RV,"('H', 5, 0.4, -0.4)",7,0.8333333333333334,0.43985497240942784,20.0
"RV|('H', 5, 0.4, 0.0)",RV,"('H', 5, 0.4, 0.0)",7,2.6,0.5,21.0
"RV|('H', 5, 0.4, 0.2)",RV,"('H', 5, 0.4, 0.2)",7,3.3095238095238093,0.5,22.25
"RV|('H', 5, 0.5, -0.5)",RV,"('H', 5, 0.5, -0.5)",7,0.7142857142857143,0.4959236639650876,22.0
"RV|('H', 5, 0.5, 0.0)",RV,"('H', 5, 0.5, 0.0)",7,2.3666666666666667,0.537570519546029,24.0
"RV|('H', 5, 0.5, 0.25)",RV,"('H', 5, 0.5, 0.25)",7,2.866071428571429,0.5688699097785334,25.0
"RV|('H', 10, 0.1, -0.1)",RV,"('H', 10, 0.1, -0.1)",7,1.1547619047619047,0.41750860166049286,18.0
"RV|('H', 10, 0.1, 0.0)",RV,"('H', 10, 0.1, 0.0)",7,2.6666666666666665,0.4358044024625516,18.0
"RV|('H', 10, 0.1, 0.05)",RV,"('H', 10, 0.1, 0.05)",7,2.928571428571429,0.4361532167767721,18.75
"RV|('H', 10, 0.2, -0.2)",RV,"('H', 10, 0.2, -0.2)",7,1.0,0.4157070120933053,19.0
"RV|('H', 10, 0.2, 0.0)",RV,"('H', 10, 0.2, 0.0)",7,2.4,0.44982232955685675,20.0
"RV|('H', 10, 0.2, 0.1)",RV,"('H', 10, 0.2, 0.1)",7,2.6666666666666665,0.4583705851543503,20.5
"RV|('H', 10, 0.3, -0.3)",RV,"('H', 10, 0.3, -0.3)",7,0.8,0.4662017100811384,21.25
"RV|('H', 10, 0.3, 0.0)",RV,"('H', 10, 0.3, 0.0)",7,2.0,0.5,23.0
"RV|('H', 10, 0.3, 0.15)",RV,"('H', 10, 0.3, 0.15)",7,2.5,0.5077316545506673,23.0
"RV|('H', 10, 0.4, -0.4)",RV,"('H', 10, 0.4, -0.4)",7,0.6,0.5,23.0
"RV|('H', 10, 0.4, 0.0)",RV,"('H', 10, 0.4, 0.0)",7,2.0,0.5443505030525331,26.0
"RV|('H', 10, 0.4, 0.2)",RV,"('H', 10, 0.4, 0.2)",7,2.3333333333333335,0.5613347425193308,27.0
"RV|('H', 10, 0.5, -0.5)",RV,"('H', 10, 0.5, -0.5)",7,0.5,0.5,22.5
"RV|('H', 10, 0.5, 0.0)",RV,"('H', 10, 0.5, 0.0)",7,1.6,0.6057841894630084,29.75
"RV|('H', 10, 0.5, 0.25)",RV,"('H', 10, 0.5, 0.25)",7,2.0,0.6563433530134681,30.0
"RV|('C', 0, 0.0, 0.5)",RV,"('C', 0, 0.0, 0.5)",7,2.732142857142857,0.3549008711474144,12.0
"RV|('C', 0, 0.0, 1)",RV,"('C', 0, 0.0, 1)",7,2.0,0.3881430761653013,14.0
"RV|('C', 0, 0.0, 2)",RV,"('C', 0, 0.0, 2)",7,1.3333333333333333,0.4028943617877249,16.0
"RV|('C', 0, 0.0, 4)",RV,"('C', 0, 0.0, 4)",7,1.0,0.4254517507217871,19.0
"RV|('C', 0, 0.0, 8)",RV,"('C', 0, 0.0, 8)",7,0.6333333333333333,0.5,22.5
"RV|('C', 0, 0.1, 0.5)",RV,"('C', 0, 0.1, 0.5)",7,2.2,0.37025145940411364,13.0
"RV|('C', 0, 0.1, 1)",RV,"('C', 0, 0.1, 1)",7,1.4285714285714286,0.39148366025554593,15.0
"RV|('C', 0, 0.1, 2)",RV,"('C', 0, 0.1, 2)",7,1.0,0.42320944925385107,17.0
"RV|('C', 0, 0.1, 4)",RV,"('C', 0, 0.1, 4)",7,0.8,0.44693292256601835,20.5
"RV|('C', 0, 0.1, 8)",RV,"('C', 0, 0.1, 8)",7,0.5357142857142857,0.5,22.0
"RV|('C', 0, 0.2, 0.5)",RV,"('C', 0, 0.2, 0.5)",7,1.5714285714285714,0.3899961667997417,14.25
"RV|('C', 0, 0.2, 1)",RV,"('C', 0, 0.2, 1)",7,1.1666666666666667,0.41167819587478266,16.0
"RV|('C', 0, 0.2, 2)",RV,"('C', 0, 0.2, 2)",7,0.8571428571428571,0.4293544324816022,19.75
"RV|('C', 0, 0.2, 4)",RV,"('C', 0, 0.2, 4)",7,0.6666666666666666,0.4982433943357491,22.5
"RV|('C', 0, 0.2, 8)",RV,"('C', 0, 0.2, 8)",7,0.4,0.5,22.25
"RV|('C', 0, 0.3, 0.5)",RV,"('C', 0, 0.3, 0.5)",7,1.2,0.41044472355946304,15.75
"RV|('C', 0, 0.3, 1)",RV,"('C', 0, 0.3, 1)",7,1.0,0.4280762632914853,18.0
"RV|('C', 0, 0.3, 2)",RV,"('C', 0, 0.3, 2)",7,0.775,0.4531298550775681,22.0
"RV|('C', 0, 0.3, 4)",RV,"('C', 0, 0.3, 4)",7,0.5,0.5,22.0
"RV|('C', 0, 0.3, 8)",RV,"('C', 0, 0.3, 8)",7,0.2857142857142857,0.5,18.0
"B0.5|('H', 1, 0.1, -0.1)",B0.5,"('H', 1, 0.1, -0.1)",8,9.0,0.21740834627767675,3.5
"B0.5|('H', 1, 0.1, 0.0)",B0.5,"('H', 1, 0.1, 0.0)",8,14.857142857142858,0.21740834627767675,3.5
"B0.5|('H', 1, 0.1, 0.05)",B0.5,"('H', 1, 0.1, 0.05)",8,17.8,0.21740834627767675,3.5
"B0.5|('H', 1, 0.2, -0.2)",B0.5,"('H', 1, 0.2, -0.2)",8,6.333333333333333,0.24618420330229102,4.0
"B0.5|('H', 1, 0.2, 0.0)",B0.5,"('H', 1, 0.2, 0.0)",8,14.428571428571429,0.24618420330229102,4.0
"B0.5|('H', 1, 0.2, 0.1)",B0.5,"('H', 1, 0.2, 0.1)",8,19.0,0.24618420330229102,4.0
"B0.5|('H', 1, 0.3, -0.3)",B0.5,"('H', 1, 0.3, -0.3)",8,4.857142857142857,0.27501004717673333,5.0
"B0.5|('H', 1, 0.3, 0.0)",B0.5,"('H', 1, 0.3, 0.0)",8,13.6,0.27501004717673333,5.0
"B0.5|('H', 1, 0.3, 0.15)",B0.5,"('H', 1, 0.3, 0.15)",8,18.2,0.27501004717673333,5.0
"B0.5|('H', 1, 0.4, -0.4)",B0.5,"('H', 1, 0.4, -0.4)",8,3.8,0.28809723445204133,6.0
"B0.5|('H', 1, 0.4, 0.0)",B0.5,"('H', 1, 0.4, 0.0)",8,11.8,0.28809723445204133,6.0
"B0.5|('H', 1, 0.4, 0.2)",B0.5,"('H', 1, 0.4, 0.2)",8,16.8,0.28809723445204133,6.0
"B0.5|('H', 1, 0.5, -0.5)",B0.5,"('H', 1, 0.5, -0.5)",8,2.3333333333333335,0.3107778304036188,9.0
"B0.5|('H', 1, 0.5, 0.0)",B0.5,"('H', 1, 0.5, 0.0)",8,8.6,0.3750256877231299,10.0
"B0.5|('H', 1, 0.5, 0.25)",B0.5,"('H', 1, 0.5, 0.25)",8,12.857142857142858,0.3750256877231299,10.0
"B0.5|('H', 3, 0.1, -0.1)",B0.5,"('H', 3, 0.1, -0.1)",8,4.6,0.28045630008344025,6.0
"B0.5|('H', 3, 0.1, 0.0)",B0.5,"('H', 3, 0.1, 0.0)",8,9.4,0.28045630008344025,6.0
"B0.5|('H', 3, 0.1, 0.05)",B0.5,"('H', 3, 0.1, 0.05)",8,11.4,0.28045630008344025,6.0
"B0.5|('H', 3, 0.2, -0.2)",B0.5,"('H', 3, 0.2, -0.2)",8,3.6666666666666665,0.30525604411248636,7.0
"B0.5|('H', 3, 0.2, 0.0)",B0.5,"('H', 3, 0.2, 0.0)",8,9.25,0.3059491123075454,7.0
"B0.5|('H', 3, 0.2, 0.1)",B0.5,"('H', 3, 0.2, 0.1)",8,10.8,0.308543034328766,7.0
"B0.5|('H', 3, 0.3, -0.3)",B0.5,"('H', 3, 0.3, -0.3)",8,2.8333333333333335,0.3225893247663092,8.0
"B0.5|('H', 3, 0.3, 0.0)",B0.5,"('H', 3, 0.3, 0.0)",8,7.714285714285714,0.3431414663104823,9.0
"B0.5|('H', 3, 0.3, 0.15)",B0.5,"('H', 3, 0.3, 0.15)",8,9.25,0.34438821834892336,9.0
"B0.5|('H', 3, 0.4, -0.4)",B0.5,"('H', 3, 0.4, -0.4)",8,2.0,0.37210126623694284,11.0
"B0.5|('H', 3, 0.4, 0.0)",B0.5,"('H', 3, 0.4, 0.0)",8,6.285714285714286,0.41658492846478906,12.0
"B0.5|('H', 3, 0.4, 0.2)",B0.5,"('H', 3, 0.4, 0.2)",8,7.666666666666667,0.41860092266263316,12.0
"B0.5|('H', 3, 0.5, -0.5)",B0.5,"('H', 3, 0.5, -0.5)",8,0.4,0.5817881402706522,17.0
"B0.5|('H', 3, 0.5, 0.0)",B0.5,"('H', 3, 0.5, 0.0)",8,3.4,0.7629073252276017,23.0
"B0.5|('H', 3, 0.5, 0.25)",B0.5,"('H', 3, 0.5, 0.25)",8,4.6,0.7727945753679906,23.5
"B0.5|('H', 5, 0.1, -0.1)",B0.5,"('H', 5, 0.1, -0.1)",8,3.75,0.2952440837360008,7.0
"B0.5|('H', 5, 0.1, 0.0)",B0.5,"('H', 5, 0.1, 0.0)",8,8.4,0.29653938370554245,7.5
"B0.5|('H', 5, 0.1, 0.05)",B0.5,"('H', 5, 0.1, 0.05)",8,9.6,0.30190602540934885,7.5
"B0.5|('H', 5, 0.2, -0.2)",B0.5,"('H', 5, 0.2, -0.2)",8,3.0,0.32473305729381907,9.0
"B0.5|('H', 5, 0.2, 0.0)",B0.5,"('H', 5, 0.2, 0.0)",8,7.333333333333333,0.34456039741876593,9.0
"B0.5|('H', 5, 0.2, 0.1)",B0.5,"('H', 5, 0.2, 0.1)",8,8.4,0.3449505263178518,9.0
"B0.5|('H', 5, 0.3, -0.3)",B0.5,"('H', 5, 0.3, -0.3)",8,2.2,0.34791784643511153,11.0
"B0.5|('H', 5, 0.3, 0.0)",B0.5,"('H', 5, 0.3, 0.0)",8,6.0,0.4113321330636301,12.0
"B0.5|('H', 5, 0.3, 0.15)",B0.5,"('H', 5, 0.3, 0.15)",8,7.2,0.4131005094679374,12.0
"B0.5|('H', 5, 0.4, -0.4)",B0.5,"('H', 5, 0.4, -0.4)",8,1.3333333333333333,0.4274043544385871,14.0
"B0.5|('H', 5, 0.4, 0.0)",B0.5,"('H', 5, 0.4, 0.0)",8,4.6,0.49951921506671126,16.5
"B0.5|('H', 5, 0.4, 0.2)",B0.5,"('H', 5, 0.4, 0.2)",8,5.6,0.49951921506671126,17.0
"B0.5|('H', 5, 0.5, -0.5)",B0.5,"('H', 5, 0.5, -0.5)",8,0.0,0.7646925860614938,21.0
"B0.5|('H', 5, 0.5, 0.0)",B0.5,"('H', 5, 0.5, 0.0)",8,2.4285714285714284,1.0,34.0
"B0.5|('H', 5, 0.5, 0.25)",B0.5,"('H', 5, 0.5, 0.25)",8,3.3333333333333335,1.0,34.0
"B0.5|('H', 10, 0.1, -0.1)",B0.5,"('H', 10, 0.1, -0.1)",8,2.6,0.32469703220152557,10.0
"B0.5|('H', 10, 0.1, 0.0)",B0.5,"('H', 10, 0.1, 0.0)",8,6.333333333333333,0.35661145951100076,10.0
"B0.5|('H', 10, 0.1, 0.05)",B0.5,"('H', 10, 0.1, 0.05)",8,6.8,0.3620322925594358,10.0
"B0.5|('H', 10, 0.2, -0.2)",B0.5,"('H', 10, 0.2, -0.2)",8,1.8,0.37305665934264787,12.5
"B0.5|('H', 10, 0.2, 0.0)",B0.5,"('H', 10, 0.2, 0.0)",8,5.0,0.41760015896132285,13.0
"B0.5|('H', 10, 0.2, 0.1)",B0.5,"('H', 10, 0.2, 0.1)",8,5.714285714285714,0.41838736798745435,13.0
"B0.5|('H', 10, 0.3, -0.3)",B0.5,"('H', 10, 0.3, -0.3)",8,1.2,0.45076596550399317,16.0
"B0.5|('H', 10, 0.3, 0.0)",B0.5,"('H', 10, 0.3, 0.0)",8,3.8333333333333335,0.5317205680231685,18.0
"B0.5|('H', 10, 0.3, 0.15)",B0.5,"('H', 10, 0.3, 0.15)",8,4.4,0.5365813795313574,18.0
"B0.5|('H', 10, 0.4, -0.4)",B0.5,"('H', 10, 0.4, -0.4)",8,0.42857142857142855,0.534022394433001,21.0
"B0.5|('H', 10, 0.4, 0.0)",B0.5,"('H', 10, 0.4, 0.0)",8,2.6666666666666665,0.8104042672939235,27.0
"B0.5|('H', 10, 0.4, 0.2)",B0.5,"('H', 10, 0.4, 0.2)",8,3.2,0.8115846927280235,27.0
"B0.5|('H', 10, 0.5, -0.5)",B0.5,"('H', 10, 0.5, -0.5)",8,0.0,1.0,23.0
"B0.5|('H', 10, 0.5, 0.0)",B0.5,"('H', 10, 0.5, 0.0)",8,1.6,1.0,40.5
"B0.5|('H', 10, 0.5, 0.25)",B0.5,"('H', 10, 0.5, 0.25)",8,2.0,1.0,40.5
"B0.5|('C', 0, 0.0, 0.5)",B0.5,"('C', 0, 0.0, 0.5)",8,5.2,0.2688593540098282,5.0
"B0.5|('C', 0, 0.0, 1)",B0.5,"('C', 0, 0.0, 1)",8,3.8,0.28797189772945986,7.0
"B0.5|('C', 0, 0.0, 2)",B0.5,"('C', 0, 0.0, 2)",8,2.75,0.3142511033650066,9.0
"B0.5|('C', 0, 0.0, 4)",B0.5,"('C', 0, 0.0, 4)",8,1.6666666666666667,0.37736052236492057,13.0
"B0.5|('C', 0, 0.0, 8)",B0.5,"('C', 0, 0.0, 8)",8,1.0,0.4909346227298244,20.0
"B0.5|('C', 0, 0.1, 0.5)",B0.5,"('C', 0, 0.1, 0.5)",8,4.0,0.28906232006165633,6.0
"B0.5|('C', 0, 0.1, 1)",B0.5,"('C', 0, 0.1, 1)",8,3.0,0.31578581678806467,8.0
"B0.5|('C', 0, 0.1, 2)",B0.5,"('C', 0, 0.1, 2)",8,2.142857142857143,0.35014445199579336,10.5
"B0.5|('C', 0, 0.1, 4)",B0.5,"('C', 0, 0.1, 4)",8,1.2,0.4185467081740544,16.5
"B0.5|('C', 0, 0.1, 8)",B0.5,"('C', 0, 0.1, 8)",8,0.4,0.5153910502259273,23.0
"B0.5|('C', 0, 0.2, 0.5)",B0.5,"('C', 0, 0.2, 0.5)",8,3.25,0.308543034328766,7.0
"B0.5|('C', 0, 0.2, 1)",B0.5,"('C', 0, 0.2, 1)",8,2.3333333333333335,0.331183798423792,10.0
"B0.5|('C', 0, 0.2, 2)",B0.5,"('C', 0, 0.2, 2)",8,1.4,0.38004000123588855,13.0
"B0.5|('C', 0, 0.2, 4)",B0.5,"('C', 0, 0.2, 4)",8,0.6,0.5,20.0
"B0.5|('C', 0, 0.2, 8)",B0.5,"('C', 0, 0.2, 8)",8,0.0,0.763192696251016,24.0
"B0.5|('C', 0, 0.3, 0.5)",B0.5,"('C', 0, 0.3, 0.5)",8,2.3333333333333335,0.33819007434469417,10.0
"B0.5|('C', 0, 0.3, 1)",B0.5,"('C', 0, 0.3, 1)",8,1.5714285714285714,0.4090047836564319,12.5
"B0.5|('C', 0, 0.3, 2)",B0.5,"('C', 0, 0.3, 2)",8,0.7142857142857143,0.5217931832516922,19.0
"B0.5|('C', 0, 0.3, 4)",B0.5,"('C', 0, 0.3, 4)",8,0.0,0.6360008156729631,22.0
"B0.5|('C', 0, 0.3, 8)",B0.5,"('C', 0, 0.3, 8)",8,0.0,1.0,23.5
"B1|('H', 1, 0.1, -0.1)",B1,"('H', 1, 0.1, -0.1)",8,3.857142857142857,0.3245704589177012,6.0
"B1|('H', 1, 0.1, 0.0)",B1,"('H', 1, 0.1, 0.0)",8,8.2,0.3245704589177012,6.0
"B1|('H', 1, 0.1, 0.05)",B1,"('H', 1, 0.1, 0.05)",8,10.25,0.3245704589177012,6.5
"B1|('H', 1, 0.2, -0.2)",B1,"('H', 1, 0.2, -0.2)",8,2.6,0.3686983077347959,8.0
"B1|('H', 1, 0.2, 0.0)",B1,"('H', 1, 0.2, 0.0)",8,7.25,0.3686983077347959,8.0
"B1|('H', 1, 0.2, 0.1)",B1,"('H', 1, 0.2, 0.1)",8,10.166666666666666,0.3686983077347959,8.0
"B1|('H', 1, 0.3, -0.3)",B1,"('H', 1, 0.3, -0.3)",8,2.0,0.4270364206079306,11.0
"B1|('H', 1, 0.3, 0.0)",B1,"('H', 1, 0.3, 0.0)",8,6.0,0.4313348156074742,11.5
"B1|('H', 1, 0.3, 0.15)",B1,"('H', 1, 0.3, 0.15)",8,9.2,0.4313348156074742,11.5
"B1|('H', 1, 0.4, -0.4)",B1,"('H', 1, 0.4, -0.4)",8,1.4285714285714286,0.471208052266809,14.0
"B1|('H', 1, 0.4, 0.0)",B1,"('H', 1, 0.4, 0.0)",8,5.0,0.4759260550293123,15.0
"B1|('H', 1, 0.4, 0.2)",B1,"('H', 1, 0.4, 0.2)",8,8.0,0.47618891595838364,15.0
"B1|('H', 1, 0.5, -0.5)",B1,"('H', 1, 0.5, -0.5)",8,0.6,0.5824080184038882,18.5
"B1|('H', 1, 0.5, 0.0)",B1,"('H', 1, 0.5, 0.0)",8,3.0,0.6742268966361873,23.0
"B1|('H', 1, 0.5, 0.25)",B1,"('H', 1, 0.5, 0.25)",8,5.166666666666667,0.6742268966361873,23.0
"B1|('H', 3, 0.1, -0.1)",B1,"('H', 3, 0.1, -0.1)",8,2.25,0.40002208529738487,10.0
"B1|('H', 3, 0.1, 0.0)",B1,"('H', 3, 0.1, 0.0)",8,5.25,0.40002208529738487,10.0
"B1|('H', 3, 0.1, 0.05)",B1,"('H', 3, 0.1, 0.05)",8,5.857142857142857,0.40002208529738487,10.0
"B1|('H', 3, 0.2, -0.2)",B1,"('H', 3, 0.2, -0.2)",8,1.8,0.4382045378141277,12.0
"B1|('H', 3, 0.2, 0.0)",B1,"('H', 3, 0.2, 0.0)",8,4.5,0.45109731941681785,12.5
"B1|('H', 3, 0.2, 0.1)",B1,"('H', 3, 0.2, 0.1)",8,5.4,0.45109731941681785,12.5
"B1|('H', 3, 0.3, -0.3)",B1,"('H', 3, 0.3, -0.3)",8,1.3333333333333333,0.48326247799976635,15.0
"B1|('H', 3, 0.3, 0.0)",B1,"('H', 3, 0.3, 0.0)",8,3.75,0.5071622566816605,16.0
"B1|('H', 3, 0.3, 0.15)",B1,"('H', 3, 0.3, 0.15)",8,5.0,0.5073697184082028,16.0
"B1|('H', 3, 0.4, -0.4)",B1,"('H', 3, 0.4, -0.4)",8,1.0,0.5142931885197024,18.0
"B1|('H', 3, 0.4, 0.0)",B1,"('H', 3, 0.4, 0.0)",8,3.142857142857143,0.5693229140926884,21.0
"B1|('H', 3, 0.4, 0.2)",B1,"('H', 3, 0.4, 0.2)",8,4.2,0.5695447771060258,21.0
"B1|('H', 3, 0.5, -0.5)",B1,"('H', 3, 0.5, -0.5)",8,0.3333333333333333,0.662571702212392,22.0
"B1|('H', 3, 0.5, 0.0)",B1,"('H', 3, 0.5, 0.0)",8,1.8571428571428572,0.8459957901196131,29.0
"B1|('H', 3, 0.5, 0.25)",B1,"('H', 3, 0.5, 0.25)",8,2.6666666666666665,0.8459957901196131,30.0
"B1|('H', 5, 0.1, -0.1)",B1,"('H', 5, 0.1, -0.1)",8,2.0,0.41651988253559136,11.5
"B1|('H', 5, 0.1, 0.0)",B1,"('H', 5, 0.1, 0.0)",8,4.4,0.42382329219072123,12.0
"B1|('H', 5, 0.1, 0.05)",B1,"('H', 5, 0.1, 0.05)",8,5.0,0.4251492464166451,12.0
"B1|('H', 5, 0.2, -0.2)",B1,"('H', 5, 0.2, -0.2)",8,1.4,0.4484545142693892,14.0
"B1|('H', 5, 0.2, 0.0)",B1,"('H', 5, 0.2, 0.0)",8,3.6666666666666665,0.46782174701891444,15.0
"B1|('H', 5, 0.2, 0.1)",B1,"('H', 5, 0.2, 0.1)",8,4.4,0.4694655335833186,15.0
"B1|('H', 5, 0.3, -0.3)",B1,"('H', 5, 0.3, -0.3)",8,1.0,0.49802257212567913,17.0
"B1|('H', 5, 0.3, 0.0)",B1,"('H', 5, 0.3, 0.0)",8,3.142857142857143,0.5320226879426969,19.0
"B1|('H', 5, 0.3, 0.15)",B1,"('H', 5, 0.3, 0.15)",8,4.0,0.5374258716765343,19.0
"B1|('H', 5, 0.4, -0.4)",B1,"('H', 5, 0.4, -0.4)",8,0.8,0.5613405343659805,20.0
"B1|('H', 5, 0.4, 0.0)",B1,"('H', 5, 0.4, 0.0)",8,2.4,0.6529336126807884,24.0
"B1|('H', 5, 0.4, 0.2)",B1,"('H', 5, 0.4, 0.2)",8,3.2857142857142856,0.653814252327552,24.5
"B1|('H', 5, 0.5, -0.5)",B1,"('H', 5, 0.5, -0.5)",8,0.2,0.6326392770717334,23.0
"B1|('H', 5, 0.5, 0.0)",B1,"('H', 5, 0.5, 0.0)",8,1.6,0.9131689803768298,34.0
"B1|('H', 5, 0.5, 0.25)",B1,"('H', 5, 0.5, 0.25)",8,2.142857142857143,0.9131689803768298,34.0
"B1|('H', 10, 0.1, -0.1)",B1,"('H', 10, 0.1, -0.1)",8,1.4,0.4478216856656607,15.0
"B1|('H', 10, 0.1, 0.0)",B1,"('H', 10, 0.1, 0.0)",8,3.2,0.46676944691242295,15.0
"B1|('H', 10, 0.1, 0.05)",B1,"('H', 10, 0.1, 0.05)",8,3.6,0.46919562389241387,15.0
"B1|('H', 10, 0.2, -0.2)",B1,"('H', 10, 0.2, -0.2)",8,1.0,0.4864506715842814,17.0
"B1|('H', 10, 0.2, 0.0)",B1,"('H', 10, 0.2, 0.0)",8,2.8,0.5394161074602921,20.0
"B1|('H', 10, 0.2, 0.1)",B1,"('H', 10, 0.2, 0.1)",8,3.2,0.5468016546324365,20.0
"B1|('H', 10, 0.3, -0.3)",B1,"('H', 10, 0.3, -0.3)",8,0.8,0.5315637904261066,20.0
"B1|('H', 10, 0.3, 0.0)",B1,"('H', 10, 0.3, 0.0)",8,2.2857142857142856,0.6306959923643876,24.0
"B1|('H', 10, 0.3, 0.15)",B1,"('H', 10, 0.3, 0.15)",8,2.6666666666666665,0.64633291395669,24.5
"B1|('H', 10, 0.4, -0.4)",B1,"('H', 10, 0.4, -0.4)",8,0.4,0.5740375411772649,22.0
"B1|('H', 10, 0.4, 0.0)",B1,"('H', 10, 0.4, 0.0)",8,1.6666666666666667,0.8236785180886123,32.0
"B1|('H', 10, 0.4, 0.2)",B1,"('H', 10, 0.4, 0.2)",8,2.0,0.8538006770205366,32.5
"B1|('H', 10, 0.5, -0.5)",B1,"('H', 10, 0.5, -0.5)",8,0.0,0.8185067757244398,23.0
"B1|('H', 10, 0.5, 0.0)",B1,"('H', 10, 0.5, 0.0)",8,1.0,1.0,41.0
"B1|('H', 10, 0.5, 0.25)",B1,"('H', 10, 0.5, 0.25)",8,1.4,1.0,42.0
"B1|('C', 0, 0.0, 0.5)",B1,"('C', 0, 0.0, 0.5)",8,2.5,0.38496320919081656,9.5
"B1|('C', 0, 0.0, 1)",B1,"('C', 0, 0.0, 1)",8,1.8571428571428572,0.4027412153440606,11.0
"B1|('C', 0, 0.0, 2)",B1,"('C', 0, 0.0, 2)",8,1.4285714285714286,0.4325012729352944,14.0
"B1|('C', 0, 0.0, 4)",B1,"('C', 0, 0.0, 4)",8,1.0,0.47568503659086847,17.5
"B1|('C', 0, 0.0, 8)",B1,"('C', 0, 0.0, 8)",8,0.6666666666666666,0.5147950866155795,21.5
"B1|('C', 0, 0.1, 0.5)",B1,"('C', 0, 0.1, 0.5)",8,1.8,0.43744355227786186,11.5
"B1|('C', 0, 0.1, 1)",B1,"('C', 0, 0.1, 1)",8,1.4285714285714286,0.4485648278141967,14.0
"B1|('C', 0, 0.1, 2)",B1,"('C', 0, 0.1, 2)",8,1.1428571428571428,0.4664019816374645,16.0
"B1|('C', 0, 0.1, 4)",B1,"('C', 0, 0.1, 4)",8,0.8,0.5261925672080602,21.0
"B1|('C', 0, 0.1, 8)",B1,"('C', 0, 0.1, 8)",8,0.4,0.5,25.0
"B1|('C', 0, 0.2, 0.5)",B1,"('C', 0, 0.2, 0.5)",8,1.4,0.4628603152561735,14.5
"B1|('C', 0, 0.2, 1)",B1,"('C', 0, 0.2, 1)",8,1.2,0.49167673615726426,17.0
"B1|('C', 0, 0.2, 2)",B1,"('C', 0, 0.2, 2)",8,0.8333333333333334,0.5318761623301801,19.0
"B1|('C', 0, 0.2, 4)",B1,"('C', 0, 0.2, 4)",8,0.5,0.5335409497451598,23.0
"B1|('C', 0, 0.2, 8)",B1,"('C', 0, 0.2, 8)",8,0.14285714285714285,0.569035824685618,23.5
"B1|('C', 0, 0.3, 0.5)",B1,"('C', 0, 0.3, 0.5)",8,1.0,0.5076281382934296,17.5
"B1|('C', 0, 0.3, 1)",B1,"('C', 0, 0.3, 1)",8,0.8,0.5285620539196952,20.0
"B1|('C', 0, 0.3, 2)",B1,"('C', 0, 0.3, 2)",8,0.4,0.5602356631105876,22.0
"B1|('C', 0, 0.3, 4)",B1,"('C', 0, 0.3, 4)",8,0.16666666666666666,0.5902592708745074,23.0
"B1|('C', 0, 0.3, 8)",B1,"('C', 0, 0.3, 8)",8,0.0,0.9806410299752173,24.0
"B2|('H', 1, 0.1, -0.1)",B2,"('H', 1, 0.1, -0.1)",8,1.3333333333333333,0.46227140322495963,18.0
"B2|('H', 1, 0.1, 0.0)",B2,"('H', 1, 0.1, 0.0)",8,3.8,0.46836328311785147,18.0
"B2|('H', 1, 0.1, 0.05)",B2,"('H', 1, 0.1, 0.05)",8,5.0,0.4690008870706035,18.0
"B2|('H', 1, 0.2, -0.2)",B2,"('H', 1, 0.2, -0.2)",8,0.7777777777777778,0.5,20.0
"B2|('H', 1, 0.2, 0.0)",B2,"('H', 1, 0.2, 0.0)",8,2.5,0.5511845300092714,22.0
"B2|('H', 1, 0.2, 0.1)",B2,"('H', 1, 0.2, 0.1)",8,4.0,0.5745170548687113,23.5
"B2|('H', 1, 0.3, -0.3)",B2,"('H', 1, 0.3, -0.3)",8,0.4,0.5,23.0
"B2|('H', 1, 0.3, 0.0)",B2,"('H', 1, 0.3, 0.0)",8,1.6,0.6777589967136673,29.0
"B2|('H', 1, 0.3, 0.15)",B2,"('H', 1, 0.3, 0.15)",8,2.6666666666666665,0.7069733294252625,29.0
"B2|('H', 1, 0.4, -0.4)",B2,"('H', 1, 0.4, -0.4)",8,0.2727272727272727,0.5,23.0
"B2|('H', 1, 0.4, 0.0)",B2,"('H', 1, 0.4, 0.0)",8,1.0,0.8968768175101633,36.0
"B2|('H', 1, 0.4, 0.2)",B2,"('H', 1, 0.4, 0.2)",8,1.5,0.929342293057762,36.5
"B2|('H', 1, 0.5, -0.5)",B2,"('H', 1, 0.5, -0.5)",8,0.2,0.5744826404960476,25.0
"B2|('H', 1, 0.5, 0.0)",B2,"('H', 1, 0.5, 0.0)",8,0.8333333333333334,1.0,42.0
"B2|('H', 1, 0.5, 0.25)",B2,"('H', 1, 0.5, 0.25)",8,1.1428571428571428,1.0,43.0
"B2|('H', 3, 0.1, -0.1)",B2,"('H', 3, 0.1, -0.1)",8,0.8333333333333334,0.49854947720733594,21.5
"B2|('H', 3, 0.1, 0.0)",B2,"('H', 3, 0.1, 0.0)",8,2.2857142857142856,0.5103482898520939,22.0
"B2|('H', 3, 0.1, 0.05)",B2,"('H', 3, 0.1, 0.05)",8,2.8,0.5278331959711239,22.0
"B2|('H', 3, 0.2, -0.2)",B2,"('H', 3, 0.2, -0.2)",8,0.6,0.5018186488400647,22.0
"B2|('H', 3, 0.2, 0.0)",B2,"('H', 3, 0.2, 0.0)",8,1.6,0.604679586217092,28.0
"B2|('H', 3, 0.2, 0.1)",B2,"('H', 3, 0.2, 0.1)",8,2.1666666666666665,0.640599252418316,28.0
"B2|('H', 3, 0.3, -0.3)",B2,"('H', 3, 0.3, -0.3)",8,0.3333333333333333,0.5,23.0
"B2|('H', 3, 0.3, 0.0)",B2,"('H', 3, 0.3, 0.0)",8,1.25,0.7384122559960536,31.0
"B2|('H', 3, 0.3, 0.15)",B2,"('H', 3, 0.3, 0.15)",8,1.7777777777777777,0.7555765506697824,34.0
"B2|('H', 3, 0.4, -0.4)",B2,"('H', 3, 0.4, -0.4)",8,0.2,0.5,22.0
"B2|('H', 3, 0.4, 0.0)",B2,"('H', 3, 0.4, 0.0)",8,0.8333333333333334,0.9203664762530219,37.0
"B2|('H', 3, 0.4, 0.2)",B2,"('H', 3, 0.4, 0.2)",8,1.1428571428571428,0.9839892495616074,39.5
"B2|('H', 3, 0.5, -0.5)",B2,"('H', 3, 0.5, -0.5)",8,0.16666666666666666,0.5,23.0
"B2|('H', 3, 0.5, 0.0)",B2,"('H', 3, 0.5, 0.0)",8,0.6666666666666666,1.0,43.0
"B2|('H', 3, 0.5, 0.25)",B2,"('H', 3, 0.5, 0.25)",8,1.0,1.0,45.0
"B2|('H', 5, 0.1, -0.1)",B2,"('H', 5, 0.1, -0.1)",8,0.8,0.5,21.5
"B2|('H', 5, 0.1, 0.0)",B2,"('H', 5, 0.1, 0.0)",8,2.0,0.5443708055002354,24.0
"B2|('H', 5, 0.1, 0.05)",B2,"('H', 5, 0.1, 0.05)",8,2.2857142857142856,0.5443708055002354,24.0
"B2|('H', 5, 0.2, -0.2)",B2,"('H', 5, 0.2, -0.2)",8,0.5714285714285714,0.5,22.0
"B2|('H', 5, 0.2, 0.0)",B2,"('H', 5, 0.2, 0.0)",8,1.4285714285714286,0.6482329243986489,29.0
"B2|('H', 5, 0.2, 0.1)",B2,"('H', 5, 0.2, 0.1)",8,1.8,0.6767447684709438,29.0
"B2|('H', 5, 0.3, -0.3)",B2,"('H', 5, 0.3, -0.3)",8,0.3333333333333333,0.5,23.0
"B2|('H', 5, 0.3, 0.0)",B2,"('H', 5, 0.3, 0.0)",8,1.1428571428571428,0.757632196213095,33.5
"B2|('H', 5, 0.3, 0.15)",B2,"('H', 5, 0.3, 0.15)",8,1.5,0.8096066911915032,35.0
"B2|('H', 5, 0.4, -0.4)",B2,"('H', 5, 0.4, -0.4)",8,0.2,0.5,22.0
"B2|('H', 5, 0.4, 0.0)",B2,"('H', 5, 0.4, 0.0)",8,0.8,0.962010001012956,38.0
"B2|('H', 5, 0.4, 0.2)",B2,"('H', 5, 0.4, 0.2)",8,1.0,1.0,41.0
"B2|('H', 5, 0.5, -0.5)",B2,"('H', 5, 0.5, -0.5)",8,0.16666666666666666,0.5,23.0
"B2|('H', 5, 0.5, 0.0)",B2,"('H', 5, 0.5, 0.0)",8,0.6,1.0,44.0
"B2|('H', 5, 0.5, 0.25)",B2,"('H', 5, 0.5, 0.25)",8,0.8333333333333334,1.0,45.0
"B2|('H', 10, 0.1, -0.1)",B2,"('H', 10, 0.1, -0.1)",8,0.6666666666666666,0.5,22.0
"B2|('H', 10, 0.1, 0.0)",B2,"('H', 10, 0.1, 0.0)",8,1.5,0.545736998912909,26.0
"B2|('H', 10, 0.1, 0.05)",B2,"('H', 10, 0.1, 0.05)",8,1.7142857142857142,0.5809103323104275,26.5
"B2|('H', 10, 0.2, -0.2)",B2,"('H', 10, 0.2, -0.2)",8,0.4,0.5,22.0
"B2|('H', 10, 0.2, 0.0)",B2,"('H', 10, 0.2, 0.0)",8,1.1428571428571428,0.6700848882076904,30.0
"B2|('H', 10, 0.2, 0.1)",B2,"('H', 10, 0.2, 0.1)",8,1.3333333333333333,0.6919970933867243,31.0
"B2|('H', 10, 0.3, -0.3)",B2,"('H', 10, 0.3, -0.3)",8,0.2857142857142857,0.5,24.0
"B2|('H', 10, 0.3, 0.0)",B2,"('H', 10, 0.3, 0.0)",8,0.8,0.8034957771441931,36.0
"B2|('H', 10, 0.3, 0.15)",B2,"('H', 10, 0.3, 0.15)",8,1.1666666666666667,0.842014655431081,37.0
"B2|('H', 10, 0.4, -0.4)",B2,"('H', 10, 0.4, -0.4)",8,0.2,0.5,23.0
"B2|('H', 10, 0.4, 0.0)",B2,"('H', 10, 0.4, 0.0)",8,0.6666666666666666,0.9932502461737303,40.0
"B2|('H', 10, 0.4, 0.2)",B2,"('H', 10, 0.4, 0.2)",8,0.875,1.0,42.0
"B2|('H', 10, 0.5, -0.5)",B2,"('H', 10, 0.5, -0.5)",8,0.09090909090909091,0.5112544850846592,23.0
"B2|('H', 10, 0.5, 0.0)",B2,"('H', 10, 0.5, 0.0)",8,0.5,1.0,46.5
"B2|('H', 10, 0.5, 0.25)",B2,"('H', 10, 0.5, 0.25)",8,0.6666666666666666,1.0,48.0
"B2|('C', 0, 0.0, 0.5)",B2,"('C', 0, 0.0, 0.5)",8,1.0,0.4909640249859871,20.0
"B2|('C', 0, 0.0, 1)",B2,"('C', 0, 0.0, 1)",8,0.8,0.5,21.5
"B2|('C', 0, 0.0, 2)",B2,"('C', 0, 0.0, 2)",8,0.6666666666666666,0.49802257212567913,22.0
"B2|('C', 0, 0.0, 4)",B2,"('C', 0, 0.0, 4)",8,0.5,0.5,22.0
"B2|('C', 0, 0.0, 8)",B2,"('C', 0, 0.0, 8)",8,0.3333333333333333,0.5,22.0
"B2|('C', 0, 0.1, 0.5)",B2,"('C', 0, 0.1, 0.5)",8,0.6666666666666666,0.5,22.0
"B2|('C', 0, 0.1, 1)",B2,"('C', 0, 0.1, 1)",8,0.6,0.5,22.0
"B2|('C', 0, 0.1, 2)",B2,"('C', 0, 0.1, 2)",8,0.4,0.5,21.0
"B2|('C', 0, 0.1, 4)",B2,"('C', 0, 0.1, 4)",8,0.3333333333333333,0.5,23.0
"B2|('C', 0, 0.1, 8)",B2,"('C', 0, 0.1, 8)",8,0.2,0.5,21.5
"B2|('C', 0, 0.2, 0.5)",B2,"('C', 0, 0.2, 0.5)",8,0.4,0.5,22.0
"B2|('C', 0, 0.2, 1)",B2,"('C', 0, 0.2, 1)",8,0.3333333333333333,0.5,23.0
"B2|('C', 0, 0.2, 2)",B2,"('C', 0, 0.2, 2)",8,0.3333333333333333,0.5,23.5
"B2|('C', 0, 0.2, 4)",B2,"('C', 0, 0.2, 4)",8,0.2,0.5,21.0
"B2|('C', 0, 0.2, 8)",B2,"('C', 0, 0.2, 8)",8,0.2,0.5,23.0
"B2|('C', 0, 0.3, 0.5)",B2,"('C', 0, 0.3, 0.5)",8,0.3333333333333333,0.505958084855422,24.0
"B2|('C', 0, 0.3, 1)",B2,"('C', 0, 0.3, 1)",8,0.2,0.5,22.0
"B2|('C', 0, 0.3, 2)",B2,"('C', 0, 0.3, 2)",8,0.2,0.5,21.0
"B2|('C', 0, 0.3, 4)",B2,"('C', 0, 0.3, 4)",8,0.2,0.5,23.0
"B2|('C', 0, 0.3, 8)",B2,"('C', 0, 0.3, 8)",8,0.14285714285714285,0.5,23.0
"B1w|('H', 1, 0.1, -0.1)",B1w,"('H', 1, 0.1, -0.1)",8,4.25,0.1970192022421297,4.0
"B1w|('H', 1, 0.1, 0.0)",B1w,"('H', 1, 0.1, 0.0)",8,9.8,0.24370925618544712,5.0
"B1w|('H', 1, 0.1, 0.05)",B1w,"('H', 1, 0.1, 0.05)",8,12.8,0.24516541556657154,5.0
"B1w|('H', 1, 0.2, -0.2)",B1w,"('H', 1, 0.2, -0.2)",8,2.3333333333333335,0.2264356701171237,6.0
"B1w|('H', 1, 0.2, 0.0)",B1w,"('H', 1, 0.2, 0.0)",8,8.714285714285714,0.29320172023510505,7.5
"B1w|('H', 1, 0.2, 0.1)",B1w,"('H', 1, 0.2, 0.1)",8,12.166666666666666,0.30115289076795315,7.5
"B1w|('H', 1, 0.3, -0.3)",B1w,"('H', 1, 0.3, -0.3)",8,1.0,0.29815196434009206,10.0
"B1w|('H', 1, 0.3, 0.0)",B1w,"('H', 1, 0.3, 0.0)",8,6.0,0.42362843309202525,13.0
"B1w|('H', 1, 0.3, 0.15)",B1w,"('H', 1, 0.3, 0.15)",8,9.166666666666666,0.44089475904246456,14.0
"B1w|('H', 1, 0.4, -0.4)",B1w,"('H', 1, 0.4, -0.4)",8,0.0,0.6256461743377821,20.5
"B1w|('H', 1, 0.4, 0.0)",B1w,"('H', 1, 0.4, 0.0)",8,3.6,0.8918182469287887,23.0
"B1w|('H', 1, 0.4, 0.2)",B1w,"('H', 1, 0.4, 0.2)",8,6.4,1.0,25.5
"B1w|('H', 1, 0.5, -0.5)",B1w,"('H', 1, 0.5, -0.5)",8,0.0,1.0,22.0
"B1w|('H', 1, 0.5, 0.0)",B1w,"('H', 1, 0.5, 0.0)",8,3.0,1.0,27.0
"B1w|('H', 1, 0.5, 0.25)",B1w,"('H', 1, 0.5, 0.25)",8,5.5,1.0,27.0
"B1w|('H', 3, 0.1, -0.1)",B1w,"('H', 3, 0.1, -0.1)",8,2.0,0.24518732440051005,7.0
"B1w|('H', 3, 0.1, 0.0)",B1w,"('H', 3, 0.1, 0.0)",8,5.714285714285714,0.268673585551935,8.0
"B1w|('H', 3, 0.1, 0.05)",B1w,"('H', 3, 0.1, 0.05)",8,7.2,0.3120479666875944,8.0
"B1w|('H', 3, 0.2, -0.2)",B1w,"('H', 3, 0.2, -0.2)",8,1.2857142857142858,0.29804598622122264,9.0
"B1w|('H', 3, 0.2, 0.0)",B1w,"('H', 3, 0.2, 0.0)",8,4.6,0.3675551535632306,10.0
"B1w|('H', 3, 0.2, 0.1)",B1w,"('H', 3, 0.2, 0.1)",8,6.0,0.42605416622443026,11.5
"B1w|('H', 3, 0.3, -0.3)",B1w,"('H', 3, 0.3, -0.3)",8,0.3333333333333333,0.5,14.5
"B1w|('H', 3, 0.3, 0.0)",B1w,"('H', 3, 0.3, 0.0)",8,3.0,0.6173076071535176,19.0
"B1w|('H', 3, 0.3, 0.15)",B1w,"('H', 3, 0.3, 0.15)",8,4.6,0.6567610166890608,19.0
"B1w|('H', 3, 0.4, -0.4)",B1w,"('H', 3, 0.4, -0.4)",8,0.0,1.0,21.0
"B1w|('H', 3, 0.4, 0.0)",B1w,"('H', 3, 0.4, 0.0)",8,2.2,1.0,27.5
"B1w|('H', 3, 0.4, 0.2)",B1w,"('H', 3, 0.4, 0.2)",8,3.6,1.0,27.5
"B1w|('H', 3, 0.5, -0.5)",B1w,"('H', 3, 0.5, -0.5)",8,0.0,1.0,22.0
"B1w|('H', 3, 0.5, 0.0)",B1w,"('H', 3, 0.5, 0.0)",8,1.8571428571428572,1.0,31.5
"B1w|('H', 3, 0.5, 0.25)",B1w,"('H', 3, 0.5, 0.25)",8,3.1666666666666665,1.0,32.0
"B1w|('H', 5, 0.1, -0.1)",B1w,"('H', 5, 0.1, -0.1)",8,1.7142857142857142,0.26549609119685996,8.5
"B1w|('H', 5, 0.1, 0.0)",B1w,"('H', 5, 0.1, 0.0)",8,4.4,0.28906232006165633,9.0
"B1w|('H', 5, 0.1, 0.05)",B1w,"('H', 5, 0.1, 0.05)",8,5.6,0.3315386991629409,9.0
"B1w|('H', 5, 0.2, -0.2)",B1w,"('H', 5, 0.2, -0.2)",8,0.8,0.3468760255804373,12.0
"B1w|('H', 5, 0.2, 0.0)",B1w,"('H', 5, 0.2, 0.0)",8,3.3333333333333335,0.412199488829879,12.5
"B1w|('H', 5, 0.2, 0.1)",B1w,"('H', 5, 0.2, 0.1)",8,4.5,0.47218729657126157,13.0
"B1w|('H', 5, 0.3, -0.3)",B1w,"('H', 5, 0.3, -0.3)",8,0.0,0.5384734540747845,19.5
"B1w|('H', 5, 0.3, 0.0)",B1w,"('H', 5, 0.3, 0.0)",8,2.2,0.7407255387912806,22.5
"B1w|('H', 5, 0.3, 0.15)",B1w,"('H', 5, 0.3, 0.15)",8,3.4,0.7685278044540051,23.0
"B1w|('H', 5, 0.4, -0.4)",B1w,"('H', 5, 0.4, -0.4)",8,0.0,1.0,21.0
"B1w|('H', 5, 0.4, 0.0)",B1w,"('H', 5, 0.4, 0.0)",8,1.75,1.0,28.0
"B1w|('H', 5, 0.4, 0.2)",B1w,"('H', 5, 0.4, 0.2)",8,2.857142857142857,1.0,29.0
"B1w|('H', 5, 0.5, -0.5)",B1w,"('H', 5, 0.5, -0.5)",8,0.0,1.0,22.0
"B1w|('H', 5, 0.5, 0.0)",B1w,"('H', 5, 0.5, 0.0)",8,1.5,1.0,34.5
"B1w|('H', 5, 0.5, 0.25)",B1w,"('H', 5, 0.5, 0.25)",8,2.625,1.0,34.5
"B1w|('H', 10, 0.1, -0.1)",B1w,"('H', 10, 0.1, -0.1)",8,1.0,0.3285058379055074,11.0
"B1w|('H', 10, 0.1, 0.0)",B1w,"('H', 10, 0.1, 0.0)",8,2.8,0.3660287394507509,12.0
"B1w|('H', 10, 0.1, 0.05)",B1w,"('H', 10, 0.1, 0.05)",8,3.3333333333333335,0.37604660629911785,12.0
"B1w|('H', 10, 0.2, -0.2)",B1w,"('H', 10, 0.2, -0.2)",8,0.3333333333333333,0.5,16.0
"B1w|('H', 10, 0.2, 0.0)",B1w,"('H', 10, 0.2, 0.0)",8,2.0,0.5762007350712393,18.0
"B1w|('H', 10, 0.2, 0.1)",B1w,"('H', 10, 0.2, 0.1)",8,2.6666666666666665,0.6031971364678403,19.0
"B1w|('H', 10, 0.3, -0.3)",B1w,"('H', 10, 0.3, -0.3)",8,0.0,0.5226263165027787,21.0
"B1w|('H', 10, 0.3, 0.0)",B1w,"('H', 10, 0.3, 0.0)",8,1.4,1.0,28.0
"B1w|('H', 10, 0.3, 0.15)",B1w,"('H', 10, 0.3, 0.15)",8,2.25,1.0,28.5
"B1w|('H', 10, 0.4, -0.4)",B1w,"('H', 10, 0.4, -0.4)",8,0.0,1.0,22.0
"B1w|('H', 10, 0.4, 0.0)",B1w,"('H', 10, 0.4, 0.0)",8,1.1666666666666667,1.0,33.0
"B1w|('H', 10, 0.4, 0.2)",B1w,"('H', 10, 0.4, 0.2)",8,2.0,1.0,34.5
"B1w|('H', 10, 0.5, -0.5)",B1w,"('H', 10, 0.5, -0.5)",8,0.0,1.0,23.0
"B1w|('H', 10, 0.5, 0.0)",B1w,"('H', 10, 0.5, 0.0)",8,1.0,1.0,37.0
"B1w|('H', 10, 0.5, 0.25)",B1w,"('H', 10, 0.5, 0.25)",8,1.8,1.0,39.0
"B1w|('C', 0, 0.0, 0.5)",B1w,"('C', 0, 0.0, 0.5)",8,2.4,0.23651258247736617,7.0
"B1w|('C', 0, 0.0, 1)",B1w,"('C', 0, 0.0, 1)",8,1.6666666666666667,0.2832069451141958,9.0
"B1w|('C', 0, 0.0, 2)",B1w,"('C', 0, 0.0, 2)",8,1.0,0.33949063832849424,11.0
"B1w|('C', 0, 0.0, 4)",B1w,"('C', 0, 0.0, 4)",8,0.5,0.4949612426672132,16.0
"B1w|('C', 0, 0.0, 8)",B1w,"('C', 0, 0.0, 8)",8,0.0,0.6145610895121272,21.0
"B1w|('C', 0, 0.1, 0.5)",B1w,"('C', 0, 0.1, 0.5)",8,1.4285714285714286,0.2872853808294989,8.0
"B1w|('C', 0, 0.1, 1)",B1w,"('C', 0, 0.1, 1)",8,1.0,0.35313216234895495,11.0
"B1w|('C', 0, 0.1, 2)",B1w,"('C', 0, 0.1, 2)",8,0.3333333333333333,0.49462392996217824,15.0
"B1w|('C', 0, 0.1, 4)",B1w,"('C', 0, 0.1, 4)",8,0.0,0.6255213475211923,20.5
"B1w|('C', 0, 0.1, 8)",B1w,"('C', 0, 0.1, 8)",8,0.0,1.0,21.0
"B1w|('C', 0, 0.2, 0.5)",B1w,"('C', 0, 0.2, 0.5)",8,0.6,0.4345528373998838,13.0
"B1w|('C', 0, 0.2, 1)",B1w,"('C', 0, 0.2, 1)",8,0.2,0.5,17.0
"B1w|('C', 0, 0.2, 2)",B1w,"('C', 0, 0.2, 2)",8,0.0,0.6022835629746194,20.5
"B1w|('C', 0, 0.2, 4)",B1w,"('C', 0, 0.2, 4)",8,0.0,1.0,22.0
"B1w|('C', 0, 0.2, 8)",B1w,"('C', 0, 0.2, 8)",8,0.0,1.0,22.0
"B1w|('C', 0, 0.3, 0.5)",B1w,"('C', 0, 0.3, 0.5)",8,0.0,0.6342774873000938,20.5
"B1w|('C', 0, 0.3, 1)",B1w,"('C', 0, 0.3, 1)",8,0.0,0.9919487180970123,21.0
"B1w|('C', 0, 0.3, 2)",B1w,"('C', 0, 0.3, 2)",8,0.0,1.0,22.0
"B1w|('C', 0, 0.3, 4)",B1w,"('C', 0, 0.3, 4)",8,0.0,1.0,22.0
"B1w|('C', 0, 0.3, 8)",B1w,"('C', 0, 0.3, 8)",8,0.0,1.0,23.0
"T1|('H', 1, 0.1, -0.1)",T1,"('H', 1, 0.1, -0.1)",8,3.75,0.35777298845451616,7.0
"T1|('H', 1, 0.1, 0.0)",T1,"('H', 1, 0.1, 0.0)",8,7.5,0.35777298845451616,7.0
"T1|('H', 1, 0.1, 0.05)",T1,"('H', 1, 0.1, 0.05)",8,10.0,0.35777298845451616,7.5
"T1|('H', 1, 0.2, -0.2)",T1,"('H', 1, 0.2, -0.2)",8,2.5,0.3934421797689449,9.0
"T1|('H', 1, 0.2, 0.0)",T1,"('H', 1, 0.2, 0.0)",8,6.8,0.3934421797689449,9.0
"T1|('H', 1, 0.2, 0.1)",T1,"('H', 1, 0.2, 0.1)",8,9.333333333333334,0.3934421797689449,9.5
"T1|('H', 1, 0.3, -0.3)",T1,"('H', 1, 0.3, -0.3)",8,1.8,0.44398470540216245,12.0
"T1|('H', 1, 0.3, 0.0)",T1,"('H', 1, 0.3, 0.0)",8,5.714285714285714,0.44913855901758565,12.5
"T1|('H', 1, 0.3, 0.15)",T1,"('H', 1, 0.3, 0.15)",8,8.6,0.44913855901758565,12.5
"T1|('H', 1, 0.4, -0.4)",T1,"('H', 1, 0.4, -0.4)",8,1.4285714285714286,0.47369332921874907,14.5
"T1|('H', 1, 0.4, 0.0)",T1,"('H', 1, 0.4, 0.0)",8,4.714285714285714,0.47657647791194596,15.0
"T1|('H', 1, 0.4, 0.2)",T1,"('H', 1, 0.4, 0.2)",8,7.6,0.4855639828028969,15.0
"T1|('H', 1, 0.5, -0.5)",T1,"('H', 1, 0.5, -0.5)",8,1.0,0.5163995071260212,18.0
"T1|('H', 1, 0.5, 0.0)",T1,"('H', 1, 0.5, 0.0)",8,4.0,0.5573430873260402,20.0
"T1|('H', 1, 0.5, 0.25)",T1,"('H', 1, 0.5, 0.25)",8,6.4,0.5573430873260402,20.0
"T1|('H', 3, 0.1, -0.1)",T1,"('H', 3, 0.1, -0.1)",8,2.2,0.41249215233065567,11.0
"T1|('H', 3, 0.1, 0.0)",T1,"('H', 3, 0.1, 0.0)",8,4.666666666666667,0.41249215233065567,11.0
"T1|('H', 3, 0.1, 0.05)",T1,"('H', 3, 0.1, 0.05)",8,5.75,0.41249215233065567,11.0
"T1|('H', 3, 0.2, -0.2)",T1,"('H', 3, 0.2, -0.2)",8,1.7142857142857142,0.44384677952655555,13.0
"T1|('H', 3, 0.2, 0.0)",T1,"('H', 3, 0.2, 0.0)",8,4.4,0.4526157207174233,13.5
"T1|('H', 3, 0.2, 0.1)",T1,"('H', 3, 0.2, 0.1)",8,5.2,0.4526157207174233,13.5
"T1|('H', 3, 0.3, -0.3)",T1,"('H', 3, 0.3, -0.3)",8,1.3333333333333333,0.47047678850809665,15.0
"T1|('H', 3, 0.3, 0.0)",T1,"('H', 3, 0.3, 0.0)",8,3.6,0.5058758207146317,16.0
"T1|('H', 3, 0.3, 0.15)",T1,"('H', 3, 0.3, 0.15)",8,4.8,0.5073697184082028,16.5
"T1|('H', 3, 0.4, -0.4)",T1,"('H', 3, 0.4, -0.4)",8,1.0,0.5083043973185591,19.0
"T1|('H', 3, 0.4, 0.0)",T1,"('H', 3, 0.4, 0.0)",8,3.142857142857143,0.5591332919002121,21.0
"T1|('H', 3, 0.4, 0.2)",T1,"('H', 3, 0.4, 0.2)",8,4.4,0.5591332919002121,21.0
"T1|('H', 3, 0.5, -0.5)",T1,"('H', 3, 0.5, -0.5)",8,0.6,0.6013103619669167,22.0
"T1|('H', 3, 0.5, 0.0)",T1,"('H', 3, 0.5, 0.0)",8,2.2,0.728701318808267,27.0
"T1|('H', 3, 0.5, 0.25)",T1,"('H', 3, 0.5, 0.25)",8,3.142857142857143,0.728701318808267,27.0
"T1|('H', 5, 0.1, -0.1)",T1,"('H', 5, 0.1, -0.1)",8,1.8,0.4313348156074742,12.5
"T1|('H', 5, 0.1, 0.0)",T1,"('H', 5, 0.1, 0.0)",8,4.166666666666667,0.43811272621098823,13.0
"T1|('H', 5, 0.1, 0.05)",T1,"('H', 5, 0.1, 0.05)",8,4.666666666666667,0.43811272621098823,13.0
"T1|('H', 5, 0.2, -0.2)",T1,"('H', 5, 0.2, -0.2)",8,1.4,0.45482729043196535,14.5
"T1|('H', 5, 0.2, 0.0)",T1,"('H', 5, 0.2, 0.0)",8,3.6,0.4786332545400911,15.0
"T1|('H', 5, 0.2, 0.1)",T1,"('H', 5, 0.2, 0.1)",8,4.4,0.48326247799976635,16.0
"T1|('H', 5, 0.3, -0.3)",T1,"('H', 5, 0.3, -0.3)",8,1.1428571428571428,0.5017054698017361,17.0
"T1|('H', 5, 0.3, 0.0)",T1,"('H', 5, 0.3, 0.0)",8,3.0,0.5317205680231685,19.0
"T1|('H', 5, 0.3, 0.15)",T1,"('H', 5, 0.3, 0.15)",8,4.0,0.5346632445845438,19.0
"T1|('H', 5, 0.4, -0.4)",T1,"('H', 5, 0.4, -0.4)",8,1.0,0.5325987401356111,20.0
"T1|('H', 5, 0.4, 0.0)",T1,"('H', 5, 0.4, 0.0)",8,2.5,0.6229188568463735,23.0
"T1|('H', 5, 0.4, 0.2)",T1,"('H', 5, 0.4, 0.2)",8,3.4,0.6337267142777134,24.0
"T1|('H', 5, 0.5, -0.5)",T1,"('H', 5, 0.5, -0.5)",8,0.3333333333333333,0.6177596850136737,22.0
"T1|('H', 5, 0.5, 0.0)",T1,"('H', 5, 0.5, 0.0)",8,1.7,0.809758348739296,31.0
"T1|('H', 5, 0.5, 0.25)",T1,"('H', 5, 0.5, 0.25)",8,2.3333333333333335,0.8153949505345063,32.0
"T1|('H', 10, 0.1, -0.1)",T1,"('H', 10, 0.1, -0.1)",8,1.4,0.4469815195997364,15.5
"T1|('H', 10, 0.1, 0.0)",T1,"('H', 10, 0.1, 0.0)",8,3.2,0.4723484188441271,16.0
"T1|('H', 10, 0.1, 0.05)",T1,"('H', 10, 0.1, 0.05)",8,3.3333333333333335,0.48026618603522414,16.0
"T1|('H', 10, 0.2, -0.2)",T1,"('H', 10, 0.2, -0.2)",8,1.0,0.4961035090639429,18.0
"T1|('H', 10, 0.2, 0.0)",T1,"('H', 10, 0.2, 0.0)",8,2.8,0.5347302288830391,20.0
"T1|('H', 10, 0.2, 0.1)",T1,"('H', 10, 0.2, 0.1)",8,3.2,0.5369034530669324,20.0
"T1|('H', 10, 0.3, -0.3)",T1,"('H', 10, 0.3, -0.3)",8,1.0,0.5363421951143736,20.0
"T1|('H', 10, 0.3, 0.0)",T1,"('H', 10, 0.3, 0.0)",8,2.3333333333333335,0.6088639058540504,24.0
"T1|('H', 10, 0.3, 0.15)",T1,"('H', 10, 0.3, 0.15)",8,2.7142857142857144,0.6407132611735777,24.0
"T1|('H', 10, 0.4, -0.4)",T1,"('H', 10, 0.4, -0.4)",8,0.5555555555555556,0.5772971815750536,22.5
"T1|('H', 10, 0.4, 0.0)",T1,"('H', 10, 0.4, 0.0)",8,1.8571428571428572,0.7500553750387243,30.5
"T1|('H', 10, 0.4, 0.2)",T1,"('H', 10, 0.4, 0.2)",8,2.3333333333333335,0.7608058968322544,31.0
"T1|('H', 10, 0.5, -0.5)",T1,"('H', 10, 0.5, -0.5)",8,0.2,0.5921728382366853,22.0
"T1|('H', 10, 0.5, 0.0)",T1,"('H', 10, 0.5, 0.0)",8,1.25,1.0,36.0
"T1|('H', 10, 0.5, 0.25)",T1,"('H', 10, 0.5, 0.25)",8,1.6666666666666667,1.0,37.5
"T1|('C', 0, 0.0, 0.5)",T1,"('C', 0, 0.0, 0.5)",8,2.4,0.3991329877871228,10.0
"T1|('C', 0, 0.0, 1)",T1,"('C', 0, 0.0, 1)",8,1.8,0.42037298624340386,12.0
"T1|('C', 0, 0.0, 2)",T1,"('C', 0, 0.0, 2)",8,1.4,0.4487686820999754,15.0
"T1|('C', 0, 0.0, 4)",T1,"('C', 0, 0.0, 4)",8,1.0,0.4664019816374645,18.0
"T1|('C', 0, 0.0, 8)",T1,"('C', 0, 0.0, 8)",8,0.75,0.5041953483742213,22.0
"T1|('C', 0, 0.1, 0.5)",T1,"('C', 0, 0.1, 0.5)",8,1.8,0.42082668759528824,12.0
"T1|('C', 0, 0.1, 1)",T1,"('C', 0, 0.1, 1)",8,1.4,0.45709173177662826,15.0
"T1|('C', 0, 0.1, 2)",T1,"('C', 0, 0.1, 2)",8,1.2,0.47600771067472225,17.0
"T1|('C', 0, 0.1, 4)",T1,"('C', 0, 0.1, 4)",8,0.8,0.51630376276344,20.5
"T1|('C', 0, 0.1, 8)",T1,"('C', 0, 0.1, 8)",8,0.5,0.5006913338229808,24.0
"T1|('C', 0, 0.2, 0.5)",T1,"('C', 0, 0.2, 0.5)",8,1.4,0.46741537086246415,15.0
"T1|('C', 0, 0.2, 1)",T1,"('C', 0, 0.2, 1)",8,1.2,0.4961035090639429,16.0
"T1|('C', 0, 0.2, 2)",T1,"('C', 0, 0.2, 2)",8,1.0,0.5235602564441564,20.0
"T1|('C', 0, 0.2, 4)",T1,"('C', 0, 0.2, 4)",8,0.5714285714285714,0.5556456884696217,22.0
"T1|('C', 0, 0.2, 8)",T1,"('C', 0, 0.2, 8)",8,0.25,0.5037147654924572,23.0
"T1|('C', 0, 0.3, 0.5)",T1,"('C', 0, 0.3, 0.5)",8,1.1428571428571428,0.512727523811933,18.0
"T1|('C', 0, 0.3, 1)",T1,"('C', 0, 0.3, 1)",8,1.0,0.5103397889239055,19.0
"T1|('C', 0, 0.3, 2)",T1,"('C', 0, 0.3, 2)",8,0.5714285714285714,0.5549154118687432,21.5
"T1|('C', 0, 0.3, 4)",T1,"('C', 0, 0.3, 4)",8,0.2857142857142857,0.5542408825388903,23.0
"T1|('C', 0, 0.3, 8)",T1,"('C', 0, 0.3, 8)",8,0.0,0.5878704903876029,25.0
"TS|('H', 1, 0.1, -0.1)",TS,"('H', 1, 0.1, -0.1)",8,0.0,0.5,13.0
"TS|('H', 1, 0.1, 0.0)",TS,"('H', 1, 0.1, 0.0)",8,2.6666666666666665,0.5,15.0
"TS|('H', 1, 0.1, 0.05)",TS,"('H', 1, 0.1, 0.05)",8,4.25,0.5,15.0
"TS|('H', 1, 0.2, -0.2)",TS,"('H', 1, 0.2, -0.2)",8,0.0,0.5,21.0
"TS|('H', 1, 0.2, 0.0)",TS,"('H', 1, 0.2, 0.0)",8,1.5,0.8402037102739137,23.0
"TS|('H', 1, 0.2, 0.1)",TS,"('H', 1, 0.2, 0.1)",8,3.0,0.8402037102739137,23.5
"TS|('H', 1, 0.3, -0.3)",TS,"('H', 1, 0.3, -0.3)",8,0.0,1.0,21.0
"TS|('H', 1, 0.3, 0.0)",TS,"('H', 1, 0.3, 0.0)",8,0.7,1.0,37.0
"TS|('H', 1, 0.3, 0.15)",TS,"('H', 1, 0.3, 0.15)",8,2.125,1.0,39.0
"TS|('H', 1, 0.4, -0.4)",TS,"('H', 1, 0.4, -0.4)",8,0.0,1.0,22.0
"TS|('H', 1, 0.4, 0.0)",TS,"('H', 1, 0.4, 0.0)",8,0.6,1.0,40.0
"TS|('H', 1, 0.4, 0.2)",TS,"('H', 1, 0.4, 0.2)",8,2.0,1.0,44.0
"TS|('H', 1, 0.5, -0.5)",TS,"('H', 1, 0.5, -0.5)",8,0.0,1.0,23.0
"TS|('H', 1, 0.5, 0.0)",TS,"('H', 1, 0.5, 0.0)",8,0.2857142857142857,1.0,42.0
"TS|('H', 1, 0.5, 0.25)",TS,"('H', 1, 0.5, 0.25)",8,1.0,1.0,49.0
"TS|('H', 3, 0.1, -0.1)",TS,"('H', 3, 0.1, -0.1)",8,0.0,0.5,18.0
"TS|('H', 3, 0.1, 0.0)",TS,"('H', 3, 0.1, 0.0)",8,1.0,0.5,19.0
"TS|('H', 3, 0.1, 0.05)",TS,"('H', 3, 0.1, 0.05)",8,2.0,0.5,19.0
"TS|('H', 3, 0.2, -0.2)",TS,"('H', 3, 0.2, -0.2)",8,0.0,0.5,18.0
"TS|('H', 3, 0.2, 0.0)",TS,"('H', 3, 0.2, 0.0)",8,0.6666666666666666,1.0,26.5
"TS|('H', 3, 0.2, 0.1)",TS,"('H', 3, 0.2, 0.1)",8,1.4,1.0,28.0
"TS|('H', 3, 0.3, -0.3)",TS,"('H', 3, 0.3, -0.3)",8,0.0,0.5,20.5
"TS|('H', 3, 0.3, 0.0)",TS,"('H', 3, 0.3, 0.0)",8,0.5,1.0,34.5
"TS|('H', 3, 0.3, 0.15)",TS,"('H', 3, 0.3, 0.15)",8,1.2,1.0,41.0
"TS|('H', 3, 0.4, -0.4)",TS,"('H', 3, 0.4, -0.4)",8,0.0,1.0,21.5
"TS|('H', 3, 0.4, 0.0)",TS,"('H', 3, 0.4, 0.0)",8,0.4,1.0,37.0
"TS|('H', 3, 0.4, 0.2)",TS,"('H', 3, 0.4, 0.2)",8,1.0,1.0,44.0
"TS|('H', 3, 0.5, -0.5)",TS,"('H', 3, 0.5, -0.5)",8,0.0,1.0,23.0
"TS|('H', 3, 0.5, 0.0)",TS,"('H', 3, 0.5, 0.0)",8,0.25,1.0,42.0
"TS|('H', 3, 0.5, 0.25)",TS,"('H', 3, 0.5, 0.25)",8,0.5714285714285714,1.0,49.0
"TS|('H', 5, 0.1, -0.1)",TS,"('H', 5, 0.1, -0.1)",8,0.0,0.5,18.5
"TS|('H', 5, 0.1, 0.0)",TS,"('H', 5, 0.1, 0.0)",8,0.6666666666666666,0.5,21.0
"TS|('H', 5, 0.1, 0.05)",TS,"('H', 5, 0.1, 0.05)",8,1.4,0.5,21.0
"TS|('H', 5, 0.2, -0.2)",TS,"('H', 5, 0.2, -0.2)",8,0.0,0.5,15.5
"TS|('H', 5, 0.2, 0.0)",TS,"('H', 5, 0.2, 0.0)",8,0.6,1.0,29.0
"TS|('H', 5, 0.2, 0.1)",TS,"('H', 5, 0.2, 0.1)",8,1.0,1.0,30.5
"TS|('H', 5, 0.3, -0.3)",TS,"('H', 5, 0.3, -0.3)",8,0.0,0.5480777555340826,20.5
"TS|('H', 5, 0.3, 0.0)",TS,"('H', 5, 0.3, 0.0)",8,0.5,1.0,36.0
"TS|('H', 5, 0.3, 0.15)",TS,"('H', 5, 0.3, 0.15)",8,1.0,1.0,42.0
"TS|('H', 5, 0.4, -0.4)",TS,"('H', 5, 0.4, -0.4)",8,0.0,1.0,21.5
"TS|('H', 5, 0.4, 0.0)",TS,"('H', 5, 0.4, 0.0)",8,0.4,1.0,37.0
"TS|('H', 5, 0.4, 0.2)",TS,"('H', 5, 0.4, 0.2)",8,0.8571428571428571,1.0,44.0
"TS|('H', 5, 0.5, -0.5)",TS,"('H', 5, 0.5, -0.5)",8,0.0,1.0,23.0
"TS|('H', 5, 0.5, 0.0)",TS,"('H', 5, 0.5, 0.0)",8,0.2,1.0,43.0
"TS|('H', 5, 0.5, 0.25)",TS,"('H', 5, 0.5, 0.25)",8,0.4,1.0,48.5
"TS|('H', 10, 0.1, -0.1)",TS,"('H', 10, 0.1, -0.1)",8,0.2,0.3288598189585548,8.5
"TS|('H', 10, 0.1, 0.0)",TS,"('H', 10, 0.1, 0.0)",8,0.6666666666666666,0.5426375043395277,21.0
"TS|('H', 10, 0.1, 0.05)",TS,"('H', 10, 0.1, 0.05)",8,1.0,0.6726617529922042,22.0
"TS|('H', 10, 0.2, -0.2)",TS,"('H', 10, 0.2, -0.2)",8,0.0,0.5,16.0
"TS|('H', 10, 0.2, 0.0)",TS,"('H', 10, 0.2, 0.0)",8,0.5714285714285714,1.0,32.0
"TS|('H', 10, 0.2, 0.1)",TS,"('H', 10, 0.2, 0.1)",8,0.8,1.0,34.0
"TS|('H', 10, 0.3, -0.3)",TS,"('H', 10, 0.3, -0.3)",8,0.0,0.5480777555340826,20.0
"TS|('H', 10, 0.3, 0.0)",TS,"('H', 10, 0.3, 0.0)",8,0.4,1.0,36.5
"TS|('H', 10, 0.3, 0.15)",TS,"('H', 10, 0.3, 0.15)",8,0.6666666666666666,1.0,41.0
"TS|('H', 10, 0.4, -0.4)",TS,"('H', 10, 0.4, -0.4)",8,0.0,1.0,22.0
"TS|('H', 10, 0.4, 0.0)",TS,"('H', 10, 0.4, 0.0)",8,0.3333333333333333,1.0,40.0
"TS|('H', 10, 0.4, 0.2)",TS,"('H', 10, 0.4, 0.2)",8,0.5,1.0,45.0
"TS|('H', 10, 0.5, -0.5)",TS,"('H', 10, 0.5, -0.5)",8,0.0,1.0,27.0
"TS|('H', 10, 0.5, 0.0)",TS,"('H', 10, 0.5, 0.0)",8,0.2,1.0,44.0
"TS|('H', 10, 0.5, 0.25)",TS,"('H', 10, 0.5, 0.25)",8,0.3333333333333333,1.0,48.5
"TS|('C', 0, 0.0, 0.5)",TS,"('C', 0, 0.0, 0.5)",8,0.3333333333333333,0.5,15.0
"TS|('C', 0, 0.0, 1)",TS,"('C', 0, 0.0, 1)",8,0.3333333333333333,0.2963972548412069,9.0
"TS|('C', 0, 0.0, 2)",TS,"('C', 0, 0.0, 2)",8,0.25,0.18273200571680281,5.5
"TS|('C', 0, 0.0, 4)",TS,"('C', 0, 0.0, 4)",8,0.16666666666666666,0.5,10.5
"TS|('C', 0, 0.0, 8)",TS,"('C', 0, 0.0, 8)",8,0.0,0.5,18.0
"TS|('C', 0, 0.1, 0.5)",TS,"('C', 0, 0.1, 0.5)",8,0.16666666666666666,0.5,15.0
"TS|('C', 0, 0.1, 1)",TS,"('C', 0, 0.1, 1)",8,0.16666666666666666,0.5,10.5
"TS|('C', 0, 0.1, 2)",TS,"('C', 0, 0.1, 2)",8,0.0,0.5,14.5
"TS|('C', 0, 0.1, 4)",TS,"('C', 0, 0.1, 4)",8,0.0,0.5,18.0
"TS|('C', 0, 0.1, 8)",TS,"('C', 0, 0.1, 8)",8,0.0,1.0,20.0
"TS|('C', 0, 0.2, 0.5)",TS,"('C', 0, 0.2, 0.5)",8,0.0,0.5,18.0
"TS|('C', 0, 0.2, 1)",TS,"('C', 0, 0.2, 1)",8,0.0,0.5,20.0
"TS|('C', 0, 0.2, 2)",TS,"('C', 0, 0.2, 2)",8,0.0,0.5,20.0
"TS|('C', 0, 0.2, 4)",TS,"('C', 0, 0.2, 4)",8,0.0,1.0,20.0
"TS|('C', 0, 0.2, 8)",TS,"('C', 0, 0.2, 8)",8,0.0,1.0,22.0
"TS|('C', 0, 0.3, 0.5)",TS,"('C', 0, 0.3, 0.5)",8,0.0,1.0,21.0
"TS|('C', 0, 0.3, 1)",TS,"('C', 0, 0.3, 1)",8,0.0,1.0,21.0
"TS|('C', 0, 0.3, 2)",TS,"('C', 0, 0.3, 2)",8,0.0,1.0,21.0
"TS|('C', 0, 0.3, 4)",TS,"('C', 0, 0.3, 4)",8,0.0,1.0,23.0
"TS|('C', 0, 0.3, 8)",TS,"('C', 0, 0.3, 8)",8,0.0,1.0,27.0
"RV|('H', 1, 0.1, -0.1)",RV,"('H', 1, 0.1, -0.1)",8,2.8,0.2573050531336597,11.0
"RV|('H', 1, 0.1, 0.0)",RV,"('H', 1, 0.1, 0.0)",8,4.8,0.2727450718214729,11.0
"RV|('H', 1, 0.1, 0.05)",RV,"('H', 1, 0.1, 0.05)",8,6.2,0.2787114668485203,11.0
"RV|('H', 1, 0.2, -0.2)",RV,"('H', 1, 0.2, -0.2)",8,2.0,0.2422056667918212,12.0
"RV|('H', 1, 0.2, 0.0)",RV,"('H', 1, 0.2, 0.0)",8,4.6,0.28871011840583277,13.0
"RV|('H', 1, 0.2, 0.1)",RV,"('H', 1, 0.2, 0.1)",8,6.142857142857143,0.31565943170136446,13.5
"RV|('H', 1, 0.3, -0.3)",RV,"('H', 1, 0.3, -0.3)",8,1.2857142857142858,0.2894760193973009,12.0
"RV|('H', 1, 0.3, 0.0)",RV,"('H', 1, 0.3, 0.0)",8,4.0,0.3679198947038715,14.5
"RV|('H', 1, 0.3, 0.15)",RV,"('H', 1, 0.3, 0.15)",8,5.75,0.37723844127461564,14.5
"RV|('H', 1, 0.4, -0.4)",RV,"('H', 1, 0.4, -0.4)",8,0.8,0.34841868947068494,13.5
"RV|('H', 1, 0.4, 0.0)",RV,"('H', 1, 0.4, 0.0)",8,3.3333333333333335,0.4776952992694745,17.0
"RV|('H', 1, 0.4, 0.2)",RV,"('H', 1, 0.4, 0.2)",8,5.0,0.48358310645471364,18.0
"RV|('H', 1, 0.5, -0.5)",RV,"('H', 1, 0.5, -0.5)",8,0.42857142857142855,0.4893289160237418,17.0
"RV|('H', 1, 0.5, 0.0)",RV,"('H', 1, 0.5, 0.0)",8,2.6666666666666665,0.5646606806543802,21.0
"RV|('H', 1, 0.5, 0.25)",RV,"('H', 1, 0.5, 0.25)",8,4.333333333333333,0.5736667482919526,22.0
"RV|('H', 3, 0.1, -0.1)",RV,"('H', 3, 0.1, -0.1)",8,1.4,0.2471391295712372,11.0
"RV|('H', 3, 0.1, 0.0)",RV,"('H', 3, 0.1, 0.0)",8,3.0,0.26685635200092406,12.0
"RV|('H', 3, 0.1, 0.05)",RV,"('H', 3, 0.1, 0.05)",8,3.6666666666666665,0.26685635200092406,12.0
"RV|('H', 3, 0.2, -0.2)",RV,"('H', 3, 0.2, -0.2)",8,1.0,0.293756940691294,13.0
"RV|('H', 3, 0.2, 0.0)",RV,"('H', 3, 0.2, 0.0)",8,2.6666666666666665,0.31128916219053077,14.0
"RV|('H', 3, 0.2, 0.1)",RV,"('H', 3, 0.2, 0.1)",8,3.4,0.327072587666855,15.0
"RV|('H', 3, 0.3, -0.3)",RV,"('H', 3, 0.3, -0.3)",8,0.6666666666666666,0.3547858936434711,14.5
"RV|('H', 3, 0.3, 0.0)",RV,"('H', 3, 0.3, 0.0)",8,2.25,0.4257837379670196,17.0
"RV|('H', 3, 0.3, 0.15)",RV,"('H', 3, 0.3, 0.15)",8,3.0,0.48335125277743773,18.0
"RV|('H', 3, 0.4, -0.4)",RV,"('H', 3, 0.4, -0.4)",8,0.5,0.4956872130097431,17.5
"RV|('H', 3, 0.4, 0.0)",RV,"('H', 3, 0.4, 0.0)",8,2.0,0.5,20.5
"RV|('H', 3, 0.4, 0.2)",RV,"('H', 3, 0.4, 0.2)",8,2.6666666666666665,0.5447523334335247,22.0
"RV|('H', 3, 0.5, -0.5)",RV,"('H', 3, 0.5, -0.5)",8,0.2,0.5,20.0
"RV|('H', 3, 0.5, 0.0)",RV,"('H', 3, 0.5, 0.0)",8,1.5,0.6408329943299007,25.0
"RV|('H', 3, 0.5, 0.25)",RV,"('H', 3, 0.5, 0.25)",8,2.2857142857142856,0.7001117367030864,26.0
"RV|('H', 5, 0.1, -0.1)",RV,"('H', 5, 0.1, -0.1)",8,1.0,0.2873448854831405,12.0
"RV|('H', 5, 0.1, 0.0)",RV,"('H', 5, 0.1, 0.0)",8,2.5,0.2907749305448783,12.0
"RV|('H', 5, 0.1, 0.05)",RV,"('H', 5, 0.1, 0.05)",8,3.0,0.293266473293017,13.0
"RV|('H', 5, 0.2, -0.2)",RV,"('H', 5, 0.2, -0.2)",8,0.8333333333333334,0.3280538661754276,14.0
"RV|('H', 5, 0.2, 0.0)",RV,"('H', 5, 0.2, 0.0)",8,2.0,0.36110063064459635,15.0
"RV|('H', 5, 0.2, 0.1)",RV,"('H', 5, 0.2, 0.1)",8,2.8,0.36359897645502715,16.0
"RV|('H', 5, 0.3, -0.3)",RV,"('H', 5, 0.3, -0.3)",8,0.6,0.4420763429997837,18.0
"RV|('H', 5, 0.3, 0.0)",RV,"('H', 5, 0.3, 0.0)",8,2.0,0.4978298264506818,20.0
"RV|('H', 5, 0.3, 0.15)",RV,"('H', 5, 0.3, 0.15)",8,2.4285714285714284,0.4978298264506818,20.5
"RV|('H', 5, 0.4, -0.4)",RV,"('H', 5, 0.4, -0.4)",8,0.3333333333333333,0.5,20.0
"RV|('H', 5, 0.4, 0.0)",RV,"('H', 5, 0.4, 0.0)",8,1.4285714285714286,0.5710367811932981,23.0
"RV|('H', 5, 0.4, 0.2)",RV,"('H', 5, 0.4, 0.2)",8,2.0,0.6183632440244216,23.0
"RV|('H', 5, 0.5, -0.5)",RV,"('H', 5, 0.5, -0.5)",8,0.2,0.5,20.0
"RV|('H', 5, 0.5, 0.0)",RV,"('H', 5, 0.5, 0.0)",8,1.25,0.6817793415637035,27.0
"RV|('H', 5, 0.5, 0.25)",RV,"('H', 5, 0.5, 0.25)",8,1.8,0.7598930018056438,28.0
"RV|('H', 10, 0.1, -0.1)",RV,"('H', 10, 0.1, -0.1)",8,0.8,0.36359897645502715,14.5
"RV|('H', 10, 0.1, 0.0)",RV,"('H', 10, 0.1, 0.0)",8,2.0,0.3961593123256716,15.0
"RV|('H', 10, 0.1, 0.05)",RV,"('H', 10, 0.1, 0.05)",8,2.0,0.4080707426897867,15.5
"RV|('H', 10, 0.2, -0.2)",RV,"('H', 10, 0.2, -0.2)",8,0.6,0.43638784013750703,19.0
"RV|('H', 10, 0.2, 0.0)",RV,"('H', 10, 0.2, 0.0)",8,1.6,0.5,20.5
"RV|('H', 10, 0.2, 0.1)",RV,"('H', 10, 0.2, 0.1)",8,1.8,0.5,20.5
"RV|('H', 10, 0.3, -0.3)",RV,"('H', 10, 0.3, -0.3)",8,0.4,0.5,21.0
"RV|('H', 10, 0.3, 0.0)",RV,"('H', 10, 0.3, 0.0)",8,1.3333333333333333,0.5566772767844587,23.0
"RV|('H', 10, 0.3, 0.15)",RV,"('H', 10, 0.3, 0.15)",8,1.75,0.580116773728381,23.5
"RV|('H', 10, 0.4, -0.4)",RV,"('H', 10, 0.4, -0.4)",8,0.2,0.5,20.5
"RV|('H', 10, 0.4, 0.0)",RV,"('H', 10, 0.4, 0.0)",8,1.0,0.7044883368278911,26.5
"RV|('H', 10, 0.4, 0.2)",RV,"('H', 10, 0.4, 0.2)",8,1.5,0.7258911550610794,27.5
"RV|('H', 10, 0.5, -0.5)",RV,"('H', 10, 0.5, -0.5)",8,0.0,0.5,20.0
"RV|('H', 10, 0.5, 0.0)",RV,"('H', 10, 0.5, 0.0)",8,1.0,0.8239861293839764,31.0
"RV|('H', 10, 0.5, 0.25)",RV,"('H', 10, 0.5, 0.25)",8,1.3333333333333333,0.8492783713748728,31.5
"RV|('C', 0, 0.0, 0.5)",RV,"('C', 0, 0.0, 0.5)",8,1.6666666666666667,0.22251418160805958,10.0
"RV|('C', 0, 0.0, 1)",RV,"('C', 0, 0.0, 1)",8,1.2,0.2775422421014168,11.5
"RV|('C', 0, 0.0, 2)",RV,"('C', 0, 0.0, 2)",8,0.8571428571428571,0.325618249942688,13.5
"RV|('C', 0, 0.0, 4)",RV,"('C', 0, 0.0, 4)",8,0.6,0.4483064650112964,18.0
"RV|('C', 0, 0.0, 8)",RV,"('C', 0, 0.0, 8)",8,0.4,0.5,20.5
"RV|('C', 0, 0.1, 0.5)",RV,"('C', 0, 0.1, 0.5)",8,1.2,0.26685635200092406,12.0
"RV|('C', 0, 0.1, 1)",RV,"('C', 0, 0.1, 1)",8,0.8571428571428571,0.325618249942688,14.0
"RV|('C', 0, 0.1, 2)",RV,"('C', 0, 0.1, 2)",8,0.6666666666666666,0.39304453688527335,17.0
"RV|('C', 0, 0.1, 4)",RV,"('C', 0, 0.1, 4)",8,0.4,0.5,21.0
"RV|('C', 0, 0.1, 8)",RV,"('C', 0, 0.1, 8)",8,0.2857142857142857,0.5,20.5
"RV|('C', 0, 0.2, 0.5)",RV,"('C', 0, 0.2, 0.5)",8,0.8,0.3132839552047572,14.0
"RV|('C', 0, 0.2, 1)",RV,"('C', 0, 0.2, 1)",8,0.6,0.42496251237738447,16.0
"RV|('C', 0, 0.2, 2)",RV,"('C', 0, 0.2, 2)",8,0.5,0.5,20.0
"RV|('C', 0, 0.2, 4)",RV,"('C', 0, 0.2, 4)",8,0.2857142857142857,0.5,20.0
"RV|('C', 0, 0.2, 8)",RV,"('C', 0, 0.2, 8)",8,0.14285714285714285,0.5298183080761022,20.0
"RV|('C', 0, 0.3, 0.5)",RV,"('C', 0, 0.3, 0.5)",8,0.6,0.41582751398242734,16.0
"RV|('C', 0, 0.3, 1)",RV,"('C', 0, 0.3, 1)",8,0.4,0.5,18.0
"RV|('C', 0, 0.3, 2)",RV,"('C', 0, 0.3, 2)",8,0.2857142857142857,0.5,19.0
"RV|('C', 0, 0.3, 4)",RV,"('C', 0, 0.3, 4)",8,0.14285714285714285,0.5043505959423331,20.0
"RV|('C', 0, 0.3, 8)",RV,"('C', 0, 0.3, 8)",8,0.0,0.5397317862870749,20.0
"B0.5|('H', 1, 0.1, -0.1)",B0.5,"('H', 1, 0.1, -0.1)",9,10.833333333333334,0.1857491053754422,4.0
"B0.5|('H', 1, 0.1, 0.0)",B0.5,"('H', 1, 0.1, 0.0)",9,19.25,0.1923575916485216,4.0
"B0.5|('H', 1, 0.1, 0.05)",B0.5,"('H', 1, 0.1, 0.05)",9,23.25,0.19360294675112005,4.0
"B0.5|('H', 1, 0.2, -0.2)",B0.5,"('H', 1, 0.2, -0.2)",9,7.75,0.22578838172016802,5.5
"B0.5|('H', 1, 0.2, 0.0)",B0.5,"('H', 1, 0.2, 0.0)",9,18.5,0.22649530971936885,5.5
"B0.5|('H', 1, 0.2, 0.1)",B0.5,"('H', 1, 0.2, 0.1)",9,23.5,0.22649530971936885,5.5
"B0.5|('H', 1, 0.3, -0.3)",B0.5,"('H', 1, 0.3, -0.3)",9,6.0,0.24287004064736706,7.0
"B0.5|('H', 1, 0.3, 0.0)",B0.5,"('H', 1, 0.3, 0.0)",9,16.5,0.24335444079789775,7.0
"B0.5|('H', 1, 0.3, 0.15)",B0.5,"('H', 1, 0.3, 0.15)",9,22.833333333333332,0.24335444079789775,7.0
"B0.5|('H', 1, 0.4, -0.4)",B0.5,"('H', 1, 0.4, -0.4)",9,4.5,0.26602053608112175,8.0
"B0.5|('H', 1, 0.4, 0.0)",B0.5,"('H', 1, 0.4, 0.0)",9,14.0,0.26963922946222435,8.5
"B0.5|('H', 1, 0.4, 0.2)",B0.5,"('H', 1, 0.4, 0.2)",9,20.25,0.27551158885092786,9.0
"B0.5|('H', 1, 0.5, -0.5)",B0.5,"('H', 1, 0.5, -0.5)",9,3.25,0.3064058087478045,11.5
"B0.5|('H', 1, 0.5, 0.0)",B0.5,"('H', 1, 0.5, 0.0)",9,11.4,0.3186339378211708,12.0
"B0.5|('H', 1, 0.5, 0.25)",B0.5,"('H', 1, 0.5, 0.25)",9,16.75,0.324851563317562,12.0
"B0.5|('H', 3, 0.1, -0.1)",B0.5,"('H', 3, 0.1, -0.1)",9,5.75,0.24935010620723233,7.0
"B0.5|('H', 3, 0.1, 0.0)",B0.5,"('H', 3, 0.1, 0.0)",9,12.2,0.24935010620723233,7.0
"B0.5|('H', 3, 0.1, 0.05)",B0.5,"('H', 3, 0.1, 0.05)",9,14.0,0.24935010620723233,7.0
"B0.5|('H', 3, 0.2, -0.2)",B0.5,"('H', 3, 0.2, -0.2)",9,4.4,0.2710213046131881,8.0
"B0.5|('H', 3, 0.2, 0.0)",B0.5,"('H', 3, 0.2, 0.0)",9,11.0,0.2710213046131881,8.5
"B0.5|('H', 3, 0.2, 0.1)",B0.5,"('H', 3, 0.2, 0.1)",9,13.333333333333334,0.2710213046131881,9.0
"B0.5|('H', 3, 0.3, -0.3)",B0.5,"('H', 3, 0.3, -0.3)",9,3.5,0.30752278671247146,10.5
"B0.5|('H', 3, 0.3, 0.0)",B0.5,"('H', 3, 0.3, 0.0)",9,9.666666666666666,0.30752278671247146,11.0
"B0.5|('H', 3, 0.3, 0.15)",B0.5,"('H', 3, 0.3, 0.15)",9,12.0,0.30752278671247146,11.0
"B0.5|('H', 3, 0.4, -0.4)",B0.5,"('H', 3, 0.4, -0.4)",9,2.6666666666666665,0.35166866154807547,14.0
"B0.5|('H', 3, 0.4, 0.0)",B0.5,"('H', 3, 0.4, 0.0)",9,8.0,0.3727802067847991,15.0
"B0.5|('H', 3, 0.4, 0.2)",B0.5,"('H', 3, 0.4, 0.2)",9,10.0,0.3743864298107374,15.0
"B0.5|('H', 3, 0.5, -0.5)",B0.5,"('H', 3, 0.5, -0.5)",9,1.0,0.46127374653481373,21.5
"B0.5|('H', 3, 0.5, 0.0)",B0.5,"('H', 3, 0.5, 0.0)",9,5.5,0.5327608404082059,24.0
"B0.5|('H', 3, 0.5, 0.25)",B0.5,"('H', 3, 0.5, 0.25)",9,7.0,0.5379618003070235,24.5
"B0.5|('H', 5, 0.1, -0.1)",B0.5,"('H', 5, 0.1, -0.1)",9,4.5,0.27825328601519084,8.5
"B0.5|('H', 5, 0.1, 0.0)",B0.5,"('H', 5, 0.1, 0.0)",9,10.0,0.27825328601519084,9.0
"B0.5|('H', 5, 0.1, 0.05)",B0.5,"('H', 5, 0.1, 0.05)",9,11.6,0.27825328601519084,9.0
"B0.5|('H', 5, 0.2, -0.2)",B0.5,"('H', 5, 0.2, -0.2)",9,3.6666666666666665,0.3082438936277265,11.0
"B0.5|('H', 5, 0.2, 0.0)",B0.5,"('H', 5, 0.2, 0.0)",9,9.25,0.30974377659112257,11.0
"B0.5|('H', 5, 0.2, 0.1)",B0.5,"('H', 5, 0.2, 0.1)",9,10.5,0.30974377659112257,11.0
"B0.5|('H', 5, 0.3, -0.3)",B0.5,"('H', 5, 0.3, -0.3)",9,2.75,0.34553477638761954,13.0
"B0.5|('H', 5, 0.3, 0.0)",B0.5,"('H', 5, 0.3, 0.0)",9,7.75,0.3513034487792641,14.0
"B0.5|('H', 5, 0.3, 0.15)",B0.5,"('H', 5, 0.3, 0.15)",9,9.0,0.35166866154807547,14.0
"B0.5|('H', 5, 0.4, -0.4)",B0.5,"('H', 5, 0.4, -0.4)",9,2.0,0.4074582608264992,17.0
"B0.5|('H', 5, 0.4, 0.0)",B0.5,"('H', 5, 0.4, 0.0)",9,6.0,0.4507252187345162,19.0
"B0.5|('H', 5, 0.4, 0.2)",B0.5,"('H', 5, 0.4, 0.2)",9,7.4,0.4507252187345162,19.0
"B0.5|('H', 5, 0.5, -0.5)",B0.5,"('H', 5, 0.5, -0.5)",9,0.0,0.5,25.0
"B0.5|('H', 5, 0.5, 0.0)",B0.5,"('H', 5, 0.5, 0.0)",9,3.6666666666666665,0.7190834992907555,34.0
"B0.5|('H', 5, 0.5, 0.25)",B0.5,"('H', 5, 0.5, 0.25)",9,4.666666666666667,0.7190834992907555,36.0
"B0.5|('H', 10, 0.1, -0.1)",B0.5,"('H', 10, 0.1, -0.1)",9,3.25,0.31052249035916846,12.0
"B0.5|('H', 10, 0.1, 0.0)",B0.5,"('H', 10, 0.1, 0.0)",9,7.75,0.31542646166173655,13.0
"B0.5|('H', 10, 0.1, 0.05)",B0.5,"('H', 10, 0.1, 0.05)",9,8.4,0.321834442091394,13.0
"B0.5|('H', 10, 0.2, -0.2)",B0.5,"('H', 10, 0.2, -0.2)",9,2.4,0.3627162646475005,15.0
"B0.5|('H', 10, 0.2, 0.0)",B0.5,"('H', 10, 0.2, 0.0)",9,6.5,0.38876519276691435,16.0
"B0.5|('H', 10, 0.2, 0.1)",B0.5,"('H', 10, 0.2, 0.1)",9,7.0,0.3927720984125867,16.0
"B0.5|('H', 10, 0.3, -0.3)",B0.5,"('H', 10, 0.3, -0.3)",9,1.6,0.44713609838878066,21.0
"B0.5|('H', 10, 0.3, 0.0)",B0.5,"('H', 10, 0.3, 0.0)",9,5.0,0.4665979397624411,22.0
"B0.5|('H', 10, 0.3, 0.15)",B0.5,"('H', 10, 0.3, 0.15)",9,6.0,0.466858287578517,22.0
"B0.5|('H', 10, 0.4, -0.4)",B0.5,"('H', 10, 0.4, -0.4)",9,0.6666666666666666,0.5017613790710578,26.0
"B0.5|('H', 10, 0.4, 0.0)",B0.5,"('H', 10, 0.4, 0.0)",9,3.6,0.6293749486646664,30.5
"B0.5|('H', 10, 0.4, 0.2)",B0.5,"('H', 10, 0.4, 0.2)",9,4.5,0.6298477027260123,31.0
"B0.5|('H', 10, 0.5, -0.5)",B0.5,"('H', 10, 0.5, -0.5)",9,0.0,0.5,27.5
"B0.5|('H', 10, 0.5, 0.0)",B0.5,"('H', 10, 0.5, 0.0)",9,2.25,0.8857368688321529,46.0
"B0.5|('H', 10, 0.5, 0.25)",B0.5,"('H', 10, 0.5, 0.25)",9,3.0,0.8923055538148092,47.0
"B0.5|('C', 0, 0.0, 0.5)",B0.5,"('C', 0, 0.0, 0.5)",9,6.25,0.23461050649603846,6.0
"B0.5|('C', 0, 0.0, 1)",B0.5,"('C', 0, 0.0, 1)",9,4.8,0.2563584884702313,8.0
"B0.5|('C', 0, 0.0, 2)",B0.5,"('C', 0, 0.0, 2)",9,3.5,0.30974377659112257,11.0
"B0.5|('C', 0, 0.0, 4)",B0.5,"('C', 0, 0.0, 4)",9,2.4,0.3591085841468495,16.0
"B0.5|('C', 0, 0.0, 8)",B0.5,"('C', 0, 0.0, 8)",9,1.1111111111111112,0.5,24.0
"B0.5|('C', 0, 0.1, 0.5)",B0.5,"('C', 0, 0.1, 0.5)",9,5.0,0.2569518014144007,7.5
"B0.5|('C', 0, 0.1, 1)",B0.5,"('C', 0, 0.1, 1)",9,4.0,0.28745369920652863,10.0
"B0.5|('C', 0, 0.1, 2)",B0.5,"('C', 0, 0.1, 2)",9,2.75,0.3437772204042015,13.5
"B0.5|('C', 0, 0.1, 4)",B0.5,"('C', 0, 0.1, 4)",9,1.5,0.40876887795205924,20.0
"B0.5|('C', 0, 0.1, 8)",B0.5,"('C', 0, 0.1, 8)",9,0.5,0.5,28.0
"B0.5|('C', 0, 0.2, 0.5)",B0.5,"('C', 0, 0.2, 0.5)",9,4.0,0.2795386475252948,9.5
"B0.5|('C', 0, 0.2, 1)",B0.5,"('C', 0, 0.2, 1)",9,3.0,0.3339478785774552,12.0
"B0.5|('C', 0, 0.2, 2)",B0.5,"('C', 0, 0.2, 2)",9,2.0,0.39443210176885,16.0
"B0.5|('C', 0, 0.2, 4)",B0.5,"('C', 0, 0.2, 4)",9,0.75,0.5,24.5
"B0.5|('C', 0, 0.2, 8)",B0.5,"('C', 0, 0.2, 8)",9,0.0,0.5,27.5
"B0.5|('C', 0, 0.3, 0.5)",B0.5,"('C', 0, 0.3, 0.5)",9,3.0,0.336962497201583,12.0
"B0.5|('C', 0, 0.3, 1)",B0.5,"('C', 0, 0.3, 1)",9,2.25,0.38800539525983,15.0
"B0.5|('C', 0, 0.3, 2)",B0.5,"('C', 0, 0.3, 2)",9,1.0,0.5,24.0
"B0.5|('C', 0, 0.3, 4)",B0.5,"('C', 0, 0.3, 4)",9,0.0,0.5,27.5
"B0.5|('C', 0, 0.3, 8)",B0.5,"('C', 0, 0.3, 8)",9,0.0,0.5,28.0
"B1|('H', 1, 0.1, -0.1)",B1,"('H', 1, 0.1, -0.1)",9,4.333333333333333,0.32212166315003593,11.0
"B1|('H', 1, 0.1, 0.0)",B1,"('H', 1, 0.1, 0.0)",9,9.5,0.32212166315003593,11.0
"B1|('H', 1, 0.1, 0.05)",B1,"('H', 1, 0.1, 0.05)",9,12.666666666666666,0.32212166315003593,11.0
"B1|('H', 1, 0.2, -0.2)",B1,"('H', 1, 0.2, -0.2)",9,3.0,0.3511167581639747,13.0
"B1|('H', 1, 0.2, 0.0)",B1,"('H', 1, 0.2, 0.0)",9,8.0,0.3511167581639747,13.5
"B1|('H', 1, 0.2, 0.1)",B1,"('H', 1, 0.2, 0.1)",9,11.666666666666666,0.3511167581639747,13.5
"B1|('H', 1, 0.3, -0.3)",B1,"('H', 1, 0.3, -0.3)",9,2.2,0.41212162080158493,16.5
"B1|('H', 1, 0.3, 0.0)",B1,"('H', 1, 0.3, 0.0)",9,6.5,0.420163656794029,17.0
"B1|('H', 1, 0.3, 0.15)",B1,"('H', 1, 0.3, 0.15)",9,10.25,0.4239524371152712,17.0
"B1|('H', 1, 0.4, -0.4)",B1,"('H', 1, 0.4, -0.4)",9,1.6,0.4790433115849583,20.5
"B1|('H', 1, 0.4, 0.0)",B1,"('H', 1, 0.4, 0.0)",9,5.5,0.4790433115849583,21.5
"B1|('H', 1, 0.4, 0.2)",B1,"('H', 1, 0.4, 0.2)",9,8.75,0.4815356550995779,22.0
"B1|('H', 1, 0.5, -0.5)",B1,"('H', 1, 0.5, -0.5)",9,1.0,0.5,25.5
"B1|('H', 1, 0.5, 0.0)",B1,"('H', 1, 0.5, 0.0)",9,4.5,0.5278204942956617,26.0
"B1|('H', 1, 0.5, 0.25)",B1,"('H', 1, 0.5, 0.25)",9,7.5,0.5343432465667131,26.5
"B1|('H', 3, 0.1, -0.1)",B1,"('H', 3, 0.1, -0.1)",9,2.75,0.3645539407701897,14.0
"B1|('H', 3, 0.1, 0.0)",B1,"('H', 3, 0.1, 0.0)",9,6.0,0.3645539407701897,14.0
"B1|('H', 3, 0.1, 0.05)",B1,"('H', 3, 0.1, 0.05)",9,7.2,0.3645539407701897,14.0
"B1|('H', 3, 0.2, -0.2)",B1,"('H', 3, 0.2, -0.2)",9,2.0,0.41713851514576394,16.5
"B1|('H', 3, 0.2, 0.0)",B1,"('H', 3, 0.2, 0.0)",9,5.5,0.42152491131275766,16.5
"B1|('H', 3, 0.2, 0.1)",B1,"('H', 3, 0.2, 0.1)",9,6.5,0.42158459763474365,16.5
"B1|('H', 3, 0.3, -0.3)",B1,"('H', 3, 0.3, -0.3)",9,1.6,0.4552794478999605,21.0
"B1|('H', 3, 0.3, 0.0)",B1,"('H', 3, 0.3, 0.0)",9,4.666666666666667,0.46274536966852253,21.5
"B1|('H', 3, 0.3, 0.15)",B1,"('H', 3, 0.3, 0.15)",9,6.0,0.46274536966852253,21.5
"B1|('H', 3, 0.4, -0.4)",B1,"('H', 3, 0.4, -0.4)",9,1.2,0.5,25.0
"B1|('H', 3, 0.4, 0.0)",B1,"('H', 3, 0.4, 0.0)",9,4.0,0.531004816775553,26.0
"B1|('H', 3, 0.4, 0.2)",B1,"('H', 3, 0.4, 0.2)",9,5.25,0.5315844580434008,26.0
"B1|('H', 3, 0.5, -0.5)",B1,"('H', 3, 0.5, -0.5)",9,0.8,0.5135165166908494,28.0
"B1|('H', 3, 0.5, 0.0)",B1,"('H', 3, 0.5, 0.0)",9,3.0,0.6317619618304977,32.5
"B1|('H', 3, 0.5, 0.25)",B1,"('H', 3, 0.5, 0.25)",9,4.333333333333333,0.6327828137338893,33.0
"B1|('H', 5, 0.1, -0.1)",B1,"('H', 5, 0.1, -0.1)",9,2.3333333333333335,0.39901479975908594,15.5
"B1|('H', 5, 0.1, 0.0)",B1,"('H', 5, 0.1, 0.0)",9,5.333333333333333,0.40045884290288236,15.5
"B1|('H', 5, 0.1, 0.05)",B1,"('H', 5, 0.1, 0.05)",9,5.666666666666667,0.4039898532927702,15.5
"B1|('H', 5, 0.2, -0.2)",B1,"('H', 5, 0.2, -0.2)",9,2.0,0.41503101340792514,19.5
"B1|('H', 5, 0.2, 0.0)",B1,"('H', 5, 0.2, 0.0)",9,4.666666666666667,0.4467741796734439,19.5
"B1|('H', 5, 0.2, 0.1)",B1,"('H', 5, 0.2, 0.1)",9,5.5,0.4477598860655415,19.5
"B1|('H', 5, 0.3, -0.3)",B1,"('H', 5, 0.3, -0.3)",9,1.4285714285714286,0.47840550680877614,23.0
"B1|('H', 5, 0.3, 0.0)",B1,"('H', 5, 0.3, 0.0)",9,4.0,0.4918904128598204,23.5
"B1|('H', 5, 0.3, 0.15)",B1,"('H', 5, 0.3, 0.15)",9,5.0,0.49566535695855907,23.5
"B1|('H', 5, 0.4, -0.4)",B1,"('H', 5, 0.4, -0.4)",9,1.0,0.5,27.0
"B1|('H', 5, 0.4, 0.0)",B1,"('H', 5, 0.4, 0.0)",9,3.5,0.5660309975826158,30.0
"B1|('H', 5, 0.4, 0.2)",B1,"('H', 5, 0.4, 0.2)",9,4.333333333333333,0.5748306796037269,30.0
"B1|('H', 5, 0.5, -0.5)",B1,"('H', 5, 0.5, -0.5)",9,0.5714285714285714,0.5181351751107244,27.5
"B1|('H', 5, 0.5, 0.0)",B1,"('H', 5, 0.5, 0.0)",9,2.5,0.6792619249099379,36.0
"B1|('H', 5, 0.5, 0.25)",B1,"('H', 5, 0.5, 0.25)",9,3.4,0.6844743225959464,36.5
"B1|('H', 10, 0.1, -0.1)",B1,"('H', 10, 0.1, -0.1)",9,2.0,0.4217184129244531,19.5
"B1|('H', 10, 0.1, 0.0)",B1,"('H', 10, 0.1, 0.0)",9,4.0,0.4217184129244531,20.0
"B1|('H', 10, 0.1, 0.05)",B1,"('H', 10, 0.1, 0.05)",9,4.5,0.4217184129244531,20.0
"B1|('H', 10, 0.2, -0.2)",B1,"('H', 10, 0.2, -0.2)",9,1.4285714285714286,0.45523706105947137,24.0
"B1|('H', 10, 0.2, 0.0)",B1,"('H', 10, 0.2, 0.0)",9,3.5,0.4807385132028969,24.0
"B1|('H', 10, 0.2, 0.1)",B1,"('H', 10, 0.2, 0.1)",9,4.0,0.4966222881983158,24.5
"B1|('H', 10, 0.3, -0.3)",B1,"('H', 10, 0.3, -0.3)",9,1.0,0.5,26.5
"B1|('H', 10, 0.3, 0.0)",B1,"('H', 10, 0.3, 0.0)",9,3.0,0.5403627312063043,28.5
"B1|('H', 10, 0.3, 0.15)",B1,"('H', 10, 0.3, 0.15)",9,3.5,0.5510870584833562,29.0
"B1|('H', 10, 0.4, -0.4)",B1,"('H', 10, 0.4, -0.4)",9,0.6666666666666666,0.5,28.0
"B1|('H', 10, 0.4, 0.0)",B1,"('H', 10, 0.4, 0.0)",9,2.3333333333333335,0.6394677383057639,36.0
"B1|('H', 10, 0.4, 0.2)",B1,"('H', 10, 0.4, 0.2)",9,3.0,0.6433567287840585,36.0
"B1|('H', 10, 0.5, -0.5)",B1,"('H', 10, 0.5, -0.5)",9,0.16666666666666666,0.5,27.0
"B1|('H', 10, 0.5, 0.0)",B1,"('H', 10, 0.5, 0.0)",9,1.75,0.7489230300643765,43.0
"B1|('H', 10, 0.5, 0.25)",B1,"('H', 10, 0.5, 0.25)",9,2.25,0.7577843417153005,43.0
"B1|('C', 0, 0.0, 0.5)",B1,"('C', 0, 0.0, 0.5)",9,3.0,0.35312591593294707,14.0
"B1|('C', 0, 0.0, 1)",B1,"('C', 0, 0.0, 1)",9,2.3333333333333335,0.3988402203043926,16.0
"B1|('C', 0, 0.0, 2)",B1,"('C', 0, 0.0, 2)",9,2.0,0.41064521701282786,19.0
"B1|('C', 0, 0.0, 4)",B1,"('C', 0, 0.0, 4)",9,1.5,0.4465786256946038,24.0
"B1|('C', 0, 0.0, 8)",B1,"('C', 0, 0.0, 8)",9,1.0,0.5,27.5
"B1|('C', 0, 0.1, 0.5)",B1,"('C', 0, 0.1, 0.5)",9,2.0,0.40927717089367294,16.0
"B1|('C', 0, 0.1, 1)",B1,"('C', 0, 0.1, 1)",9,2.0,0.422564737834767,19.0
"B1|('C', 0, 0.1, 2)",B1,"('C', 0, 0.1, 2)",9,1.5,0.4476930284062845,22.5
"B1|('C', 0, 0.1, 4)",B1,"('C', 0, 0.1, 4)",9,1.0,0.5,26.5
"B1|('C', 0, 0.1, 8)",B1,"('C', 0, 0.1, 8)",9,0.5,0.5,28.0
"B1|('C', 0, 0.2, 0.5)",B1,"('C', 0, 0.2, 0.5)",9,1.75,0.4329655015248772,20.0
"B1|('C', 0, 0.2, 1)",B1,"('C', 0, 0.2, 1)",9,1.5,0.4706205827890316,23.0
"B1|('C', 0, 0.2, 2)",B1,"('C', 0, 0.2, 2)",9,1.0,0.5,26.5
"B1|('C', 0, 0.2, 4)",B1,"('C', 0, 0.2, 4)",9,0.6666666666666666,0.5,28.5
"B1|('C', 0, 0.2, 8)",B1,"('C', 0, 0.2, 8)",9,0.125,0.5,28.0
"B1|('C', 0, 0.3, 0.5)",B1,"('C', 0, 0.3, 0.5)",9,1.2857142857142858,0.5,24.0
"B1|('C', 0, 0.3, 1)",B1,"('C', 0, 0.3, 1)",9,1.0,0.5,27.0
"B1|('C', 0, 0.3, 2)",B1,"('C', 0, 0.3, 2)",9,0.75,0.5043862297217461,27.5
"B1|('C', 0, 0.3, 4)",B1,"('C', 0, 0.3, 4)",9,0.2,0.5,28.0
"B1|('C', 0, 0.3, 8)",B1,"('C', 0, 0.3, 8)",9,0.0,0.5,29.0
"B2|('H', 1, 0.1, -0.1)",B2,"('H', 1, 0.1, -0.1)",9,1.3333333333333333,0.5,23.5
"B2|('H', 1, 0.1, 0.0)",B2,"('H', 1, 0.1, 0.0)",9,3.5,0.5,23.5
"B2|('H', 1, 0.1, 0.05)",B2,"('H', 1, 0.1, 0.05)",9,5.0,0.5,23.5
"B2|('H', 1, 0.2, -0.2)",B2,"('H', 1, 0.2, -0.2)",9,0.7142857142857143,0.5,26.0
"B2|('H', 1, 0.2, 0.0)",B2,"('H', 1, 0.2, 0.0)",9,2.5,0.5196421911309308,27.0
"B2|('H', 1, 0.2, 0.1)",B2,"('H', 1, 0.2, 0.1)",9,4.0,0.5466217536875904,27.0
"B2|('H', 1, 0.3, -0.3)",B2,"('H', 1, 0.3, -0.3)",9,0.6,0.5,27.5
"B2|('H', 1, 0.3, 0.0)",B2,"('H', 1, 0.3, 0.0)",9,2.0,0.5883095514532445,32.5
"B2|('H', 1, 0.3, 0.15)",B2,"('H', 1, 0.3, 0.15)",9,3.0,0.5932914102590767,32.5
"B2|('H', 1, 0.4, -0.4)",B2,"('H', 1, 0.4, -0.4)",9,0.5,0.5,29.0
"B2|('H', 1, 0.4, 0.0)",B2,"('H', 1, 0.4, 0.0)",9,1.75,0.6436733710959768,37.5
"B2|('H', 1, 0.4, 0.2)",B2,"('H', 1, 0.4, 0.2)",9,2.5714285714285716,0.6653772468966539,38.0
"B2|('H', 1, 0.5, -0.5)",B2,"('H', 1, 0.5, -0.5)",9,0.3333333333333333,0.5077640552171555,29.0
"B2|('H', 1, 0.5, 0.0)",B2,"('H', 1, 0.5, 0.0)",9,1.5,0.7212151083359738,42.5
"B2|('H', 1, 0.5, 0.25)",B2,"('H', 1, 0.5, 0.25)",9,1.8,0.7295011769904955,44.0
"B2|('H', 3, 0.1, -0.1)",B2,"('H', 3, 0.1, -0.1)",9,1.0,0.5,26.0
"B2|('H', 3, 0.1, 0.0)",B2,"('H', 3, 0.1, 0.0)",9,2.142857142857143,0.5,26.5
"B2|('H', 3, 0.1, 0.05)",B2,"('H', 3, 0.1, 0.05)",9,3.0,0.5061099754221692,26.5
"B2|('H', 3, 0.2, -0.2)",B2,"('H', 3, 0.2, -0.2)",9,0.6,0.5,27.0
"B2|('H', 3, 0.2, 0.0)",B2,"('H', 3, 0.2, 0.0)",9,2.0,0.5360115436593462,31.0
"B2|('H', 3, 0.2, 0.1)",B2,"('H', 3, 0.2, 0.1)",9,2.5,0.5691437361472458,31.0
"B2|('H', 3, 0.3, -0.3)",B2,"('H', 3, 0.3, -0.3)",9,0.5,0.5,29.0
"B2|('H', 3, 0.3, 0.0)",B2,"('H', 3, 0.3, 0.0)",9,1.6,0.5969013563539218,35.0
"B2|('H', 3, 0.3, 0.15)",B2,"('H', 3, 0.3, 0.15)",9,2.0,0.6261426932946526,36.0
"B2|('H', 3, 0.4, -0.4)",B2,"('H', 3, 0.4, -0.4)",9,0.4,0.5,28.0
"B2|('H', 3, 0.4, 0.0)",B2,"('H', 3, 0.4, 0.0)",9,1.3333333333333333,0.6446072418645296,39.5
"B2|('H', 3, 0.4, 0.2)",B2,"('H', 3, 0.4, 0.2)",9,1.8,0.6759045492833218,40.0
"B2|('H', 3, 0.5, -0.5)",B2,"('H', 3, 0.5, -0.5)",9,0.25,0.5,27.0
"B2|('H', 3, 0.5, 0.0)",B2,"('H', 3, 0.5, 0.0)",9,1.0,0.7555427495666889,45.0
"B2|('H', 3, 0.5, 0.25)",B2,"('H', 3, 0.5, 0.25)",9,1.5,0.7904702888734993,47.0
"B2|('H', 5, 0.1, -0.1)",B2,"('H', 5, 0.1, -0.1)",9,0.75,0.5,27.0
"B2|('H', 5, 0.1, 0.0)",B2,"('H', 5, 0.1, 0.0)",9,2.0,0.5,27.0
"B2|('H', 5, 0.1, 0.05)",B2,"('H', 5, 0.1, 0.05)",9,2.2857142857142856,0.5029999935892728,27.0
"B2|('H', 5, 0.2, -0.2)",B2,"('H', 5, 0.2, -0.2)",9,0.5714285714285714,0.5,28.0
"B2|('H', 5, 0.2, 0.0)",B2,"('H', 5, 0.2, 0.0)",9,1.75,0.5190902198239772,30.0
"B2|('H', 5, 0.2, 0.1)",B2,"('H', 5, 0.2, 0.1)",9,2.0,0.5875423575792194,32.0
"B2|('H', 5, 0.3, -0.3)",B2,"('H', 5, 0.3, -0.3)",9,0.5,0.5,28.5
"B2|('H', 5, 0.3, 0.0)",B2,"('H', 5, 0.3, 0.0)",9,1.5,0.5876463301897028,36.0
"B2|('H', 5, 0.3, 0.15)",B2,"('H', 5, 0.3, 0.15)",9,2.0,0.6557554345693388,37.5
"B2|('H', 5, 0.4, -0.4)",B2,"('H', 5, 0.4, -0.4)",9,0.4,0.5,27.0
"B2|('H', 5, 0.4, 0.0)",B2,"('H', 5, 0.4, 0.0)",9,1.2,0.6317813294143321,39.0
"B2|('H', 5, 0.4, 0.2)",B2,"('H', 5, 0.4, 0.2)",9,1.6,0.6904407238372743,41.0
"B2|('H', 5, 0.5, -0.5)",B2,"('H', 5, 0.5, -0.5)",9,0.16666666666666666,0.5,26.5
"B2|('H', 5, 0.5, 0.0)",B2,"('H', 5, 0.5, 0.0)",9,1.0,0.7638602281626373,44.0
"B2|('H', 5, 0.5, 0.25)",B2,"('H', 5, 0.5, 0.25)",9,1.25,0.8029780653978218,49.0
"B2|('H', 10, 0.1, -0.1)",B2,"('H', 10, 0.1, -0.1)",9,0.6666666666666666,0.5,28.0
"B2|('H', 10, 0.1, 0.0)",B2,"('H', 10, 0.1, 0.0)",9,1.5714285714285714,0.5,28.5
"B2|('H', 10, 0.1, 0.05)",B2,"('H', 10, 0.1, 0.05)",9,2.0,0.5,28.5
"B2|('H', 10, 0.2, -0.2)",B2,"('H', 10, 0.2, -0.2)",9,0.5,0.5,29.0
"B2|('H', 10, 0.2, 0.0)",B2,"('H', 10, 0.2, 0.0)",9,1.3333333333333333,0.5,32.0
"B2|('H', 10, 0.2, 0.1)",B2,"('H', 10, 0.2, 0.1)",9,1.6666666666666667,0.6015862094081917,35.0
"B2|('H', 10, 0.3, -0.3)",B2,"('H', 10, 0.3, -0.3)",9,0.4,0.5,28.0
"B2|('H', 10, 0.3, 0.0)",B2,"('H', 10, 0.3, 0.0)",9,1.2,0.5429495628897958,36.0
"B2|('H', 10, 0.3, 0.15)",B2,"('H', 10, 0.3, 0.15)",9,1.5,0.642043360497235,39.0
"B2|('H', 10, 0.4, -0.4)",B2,"('H', 10, 0.4, -0.4)",9,0.25,0.5,26.0
"B2|('H', 10, 0.4, 0.0)",B2,"('H', 10, 0.4, 0.0)",9,1.0,0.6339454084491293,39.5
"B2|('H', 10, 0.4, 0.2)",B2,"('H', 10, 0.4, 0.2)",9,1.25,0.734037829965721,45.0
"B2|('H', 10, 0.5, -0.5)",B2,"('H', 10, 0.5, -0.5)",9,0.1111111111111111,0.5,26.5
"B2|('H', 10, 0.5, 0.0)",B2,"('H', 10, 0.5, 0.0)",9,0.8571428571428571,0.7931782887954909,45.0
"B2|('H', 10, 0.5, 0.25)",B2,"('H', 10, 0.5, 0.25)",9,1.0,0.8677985725993573,51.0
"B2|('C', 0, 0.0, 0.5)",B2,"('C', 0, 0.0, 0.5)",9,1.0,0.5,26.0
"B2|('C', 0, 0.0, 1)",B2,"('C', 0, 0.0, 1)",9,0.8571428571428571,0.5,27.0
"B2|('C', 0, 0.0, 2)",B2,"('C', 0, 0.0, 2)",9,0.6666666666666666,0.5,29.0
"B2|('C', 0, 0.0, 4)",B2,"('C', 0, 0.0, 4)",9,0.5,0.5,29.0
"B2|('C', 0, 0.0, 8)",B2,"('C', 0, 0.0, 8)",9,0.5,0.5,27.0
"B2|('C', 0, 0.1, 0.5)",B2,"('C', 0, 0.1, 0.5)",9,0.6666666666666666,0.5,27.0
"B2|('C', 0, 0.1, 1)",B2,"('C', 0, 0.1, 1)",9,0.6,0.5,28.5
"B2|('C', 0, 0.1, 2)",B2,"('C', 0, 0.1, 2)",9,0.5,0.5,28.0
"B2|('C', 0, 0.1, 4)",B2,"('C', 0, 0.1, 4)",9,0.5,0.5,27.5
"B2|('C', 0, 0.1, 8)",B2,"('C', 0, 0.1, 8)",9,0.3333333333333333,0.5,25.0
"B2|('C', 0, 0.2, 0.5)",B2,"('C', 0, 0.2, 0.5)",9,0.5,0.5,28.5
"B2|('C', 0, 0.2, 1)",B2,"('C', 0, 0.2, 1)",9,0.5,0.5,28.0
"B2|('C', 0, 0.2, 2)",B2,"('C', 0, 0.2, 2)",9,0.42857142857142855,0.5,27.5
"B2|('C', 0, 0.2, 4)",B2,"('C', 0, 0.2, 4)",9,0.3333333333333333,0.5,26.5
"B2|('C', 0, 0.2, 8)",B2,"('C', 0, 0.2, 8)",9,0.2,0.5,25.0
"B2|('C', 0, 0.3, 0.5)",B2,"('C', 0, 0.3, 0.5)",9,0.42857142857142855,0.5,29.5
"B2|('C', 0, 0.3, 1)",B2,"('C', 0, 0.3, 1)",9,0.4,0.5,27.5
"B2|('C', 0, 0.3, 2)",B2,"('C', 0, 0.3, 2)",9,0.25,0.5,26.5
"B2|('C', 0, 0.3, 4)",B2,"('C', 0, 0.3, 4)",9,0.16666666666666666,0.5,26.5
"B2|('C', 0, 0.3, 8)",B2,"('C', 0, 0.3, 8)",9,0.0,0.5,25.0
"B1w|('H', 1, 0.1, -0.1)",B1w,"('H', 1, 0.1, -0.1)",9,6.75,0.24449351756748172,6.0
"B1w|('H', 1, 0.1, 0.0)",B1w,"('H', 1, 0.1, 0.0)",9,14.0,0.24509367463794518,6.0
"B1w|('H', 1, 0.1, 0.05)",B1w,"('H', 1, 0.1, 0.05)",9,18.6,0.24509367463794518,6.0
"B1w|('H', 1, 0.2, -0.2)",B1w,"('H', 1, 0.2, -0.2)",9,4.4,0.288189353058204,8.5
"B1w|('H', 1, 0.2, 0.0)",B1w,"('H', 1, 0.2, 0.0)",9,12.25,0.2917679815959605,8.5
"B1w|('H', 1, 0.2, 0.1)",B1w,"('H', 1, 0.2, 0.1)",9,17.0,0.2917679815959605,8.5
"B1w|('H', 1, 0.3, -0.3)",B1w,"('H', 1, 0.3, -0.3)",9,3.0,0.3310370335042888,10.5
"B1w|('H', 1, 0.3, 0.0)",B1w,"('H', 1, 0.3, 0.0)",9,10.25,0.34671104982812573,12.0
"B1w|('H', 1, 0.3, 0.15)",B1w,"('H', 1, 0.3, 0.15)",9,14.5,0.34671104982812573,12.0
"B1w|('H', 1, 0.4, -0.4)",B1w,"('H', 1, 0.4, -0.4)",9,0.5,0.5,18.0
"B1w|('H', 1, 0.4, 0.0)",B1w,"('H', 1, 0.4, 0.0)",9,5.6,0.5484915065686977,21.5
"B1w|('H', 1, 0.4, 0.2)",B1w,"('H', 1, 0.4, 0.2)",9,8.5,0.5612361309282501,22.0
"B1w|('H', 1, 0.5, -0.5)",B1w,"('H', 1, 0.5, -0.5)",9,0.0,0.5,27.0
"B1w|('H', 1, 0.5, 0.0)",B1w,"('H', 1, 0.5, 0.0)",9,4.25,0.7569811659320702,32.5
"B1w|('H', 1, 0.5, 0.25)",B1w,"('H', 1, 0.5, 0.25)",9,7.75,0.7669563235037733,35.0
"B1w|('H', 3, 0.1, -0.1)",B1w,"('H', 3, 0.1, -0.1)",9,4.0,0.2973757248380777,8.5
"B1w|('H', 3, 0.1, 0.0)",B1w,"('H', 3, 0.1, 0.0)",9,9.0,0.30303416903654806,9.0
"B1w|('H', 3, 0.1, 0.05)",B1w,"('H', 3, 0.1, 0.05)",9,10.75,0.30303416903654806,9.0
"B1w|('H', 3, 0.2, -0.2)",B1w,"('H', 3, 0.2, -0.2)",9,3.0,0.33386786175287037,11.0
"B1w|('H', 3, 0.2, 0.0)",B1w,"('H', 3, 0.2, 0.0)",9,8.0,0.3622951790638387,12.5
"B1w|('H', 3, 0.2, 0.1)",B1w,"('H', 3, 0.2, 0.1)",9,9.25,0.3622951790638387,12.5
"B1w|('H', 3, 0.3, -0.3)",B1w,"('H', 3, 0.3, -0.3)",9,1.6666666666666667,0.4229561164783568,15.0
"B1w|('H', 3, 0.3, 0.0)",B1w,"('H', 3, 0.3, 0.0)",9,5.8,0.4521388969226293,17.0
"B1w|('H', 3, 0.3, 0.15)",B1w,"('H', 3, 0.3, 0.15)",9,7.25,0.4521388969226293,17.0
"B1w|('H', 3, 0.4, -0.4)",B1w,"('H', 3, 0.4, -0.4)",9,0.0,0.5,26.5
"B1w|('H', 3, 0.4, 0.0)",B1w,"('H', 3, 0.4, 0.0)",9,3.25,0.768491722392717,30.0
"B1w|('H', 3, 0.4, 0.2)",B1w,"('H', 3, 0.4, 0.2)",9,5.2,0.768491722392717,32.0
"B1w|('H', 3, 0.5, -0.5)",B1w,"('H', 3, 0.5, -0.5)",9,0.0,0.5,27.0
"B1w|('H', 3, 0.5, 0.0)",B1w,"('H', 3, 0.5, 0.0)",9,3.0,0.7917213085495696,36.0
"B1w|('H', 3, 0.5, 0.25)",B1w,"('H', 3, 0.5, 0.25)",9,4.5,0.7980756945033982,36.0
"B1w|('H', 5, 0.1, -0.1)",B1w,"('H', 5, 0.1, -0.1)",9,3.3333333333333335,0.3298548853947742,11.0
"B1w|('H', 5, 0.1, 0.0)",B1w,"('H', 5, 0.1, 0.0)",9,7.75,0.3350701638502168,11.0
"B1w|('H', 5, 0.1, 0.05)",B1w,"('H', 5, 0.1, 0.05)",9,8.666666666666666,0.33874347854367004,11.0
"B1w|('H', 5, 0.2, -0.2)",B1w,"('H', 5, 0.2, -0.2)",9,2.0,0.3746472980257405,13.5
"B1w|('H', 5, 0.2, 0.0)",B1w,"('H', 5, 0.2, 0.0)",9,6.0,0.40884068967513265,14.0
"B1w|('H', 5, 0.2, 0.1)",B1w,"('H', 5, 0.2, 0.1)",9,7.25,0.4118426278791391,15.0
"B1w|('H', 5, 0.3, -0.3)",B1w,"('H', 5, 0.3, -0.3)",9,1.0,0.4803031676204627,19.0
"B1w|('H', 5, 0.3, 0.0)",B1w,"('H', 5, 0.3, 0.0)",9,4.4,0.5303326706606252,22.0
"B1w|('H', 5, 0.3, 0.15)",B1w,"('H', 5, 0.3, 0.15)",9,5.333333333333333,0.5478276803623535,22.0
"B1w|('H', 5, 0.4, -0.4)",B1w,"('H', 5, 0.4, -0.4)",9,0.0,0.5,27.0
"B1w|('H', 5, 0.4, 0.0)",B1w,"('H', 5, 0.4, 0.0)",9,2.8,0.768491722392717,33.0
"B1w|('H', 5, 0.4, 0.2)",B1w,"('H', 5, 0.4, 0.2)",9,4.25,0.7865602557060489,35.0
"B1w|('H', 5, 0.5, -0.5)",B1w,"('H', 5, 0.5, -0.5)",9,0.0,0.5,27.0
"B1w|('H', 5, 0.5, 0.0)",B1w,"('H', 5, 0.5, 0.0)",9,2.3333333333333335,0.8292688385293155,38.0
"B1w|('H', 5, 0.5, 0.25)",B1w,"('H', 5, 0.5, 0.25)",9,3.6666666666666665,0.8374363587357634,39.5
"B1w|('H', 10, 0.1, -0.1)",B1w,"('H', 10, 0.1, -0.1)",9,2.25,0.3738970080877908,14.0
"B1w|('H', 10, 0.1, 0.0)",B1w,"('H', 10, 0.1, 0.0)",9,5.666666666666667,0.3796265307714428,15.0
"B1w|('H', 10, 0.1, 0.05)",B1w,"('H', 10, 0.1, 0.05)",9,6.0,0.38061558884467195,15.0
"B1w|('H', 10, 0.2, -0.2)",B1w,"('H', 10, 0.2, -0.2)",9,1.0,0.45753612490522705,19.0
"B1w|('H', 10, 0.2, 0.0)",B1w,"('H', 10, 0.2, 0.0)",9,4.0,0.49513143867355813,21.0
"B1w|('H', 10, 0.2, 0.1)",B1w,"('H', 10, 0.2, 0.1)",9,5.0,0.5,22.0
"B1w|('H', 10, 0.3, -0.3)",B1w,"('H', 10, 0.3, -0.3)",9,0.0,0.5,24.0
"B1w|('H', 10, 0.3, 0.0)",B1w,"('H', 10, 0.3, 0.0)",9,2.5,0.7056530357664228,30.0
"B1w|('H', 10, 0.3, 0.15)",B1w,"('H', 10, 0.3, 0.15)",9,3.5,0.7125392122649501,30.0
"B1w|('H', 10, 0.4, -0.4)",B1w,"('H', 10, 0.4, -0.4)",9,0.0,0.5,27.0
"B1w|('H', 10, 0.4, 0.0)",B1w,"('H', 10, 0.4, 0.0)",9,2.0,0.8248491475187121,38.0
"B1w|('H', 10, 0.4, 0.2)",B1w,"('H', 10, 0.4, 0.2)",9,3.0,0.8303834440338405,38.0
"B1w|('H', 10, 0.5, -0.5)",B1w,"('H', 10, 0.5, -0.5)",9,0.0,0.5,28.0
"B1w|('H', 10, 0.5, 0.0)",B1w,"('H', 10, 0.5, 0.0)",9,1.6,0.8617552272933233,45.5
"B1w|('H', 10, 0.5, 0.25)",B1w,"('H', 10, 0.5, 0.25)",9,2.5,0.8756533693205623,47.0
"B1w|('C', 0, 0.0, 0.5)",B1w,"('C', 0, 0.0, 0.5)",9,4.333333333333333,0.2798015016905109,8.0
"B1w|('C', 0, 0.0, 1)",B1w,"('C', 0, 0.0, 1)",9,3.25,0.3085127568481721,10.0
"B1w|('C', 0, 0.0, 2)",B1w,"('C', 0, 0.0, 2)",9,2.3333333333333335,0.35381932722080944,13.0
"B1w|('C', 0, 0.0, 4)",B1w,"('C', 0, 0.0, 4)",9,1.1111111111111112,0.4678073435159468,20.0
"B1w|('C', 0, 0.0, 8)",B1w,"('C', 0, 0.0, 8)",9,0.2857142857142857,0.5,25.5
"B1w|('C', 0, 0.1, 0.5)",B1w,"('C', 0, 0.1, 0.5)",9,3.0,0.33233419959779487,11.0
"B1w|('C', 0, 0.1, 1)",B1w,"('C', 0, 0.1, 1)",9,2.4,0.3631576375612479,13.0
"B1w|('C', 0, 0.1, 2)",B1w,"('C', 0, 0.1, 2)",9,1.3333333333333333,0.4279406526751938,17.5
"B1w|('C', 0, 0.1, 4)",B1w,"('C', 0, 0.1, 4)",9,0.3333333333333333,0.5,25.0
"B1w|('C', 0, 0.1, 8)",B1w,"('C', 0, 0.1, 8)",9,0.0,0.5,27.0
"B1w|('C', 0, 0.2, 0.5)",B1w,"('C', 0, 0.2, 0.5)",9,2.0,0.3862122616948622,13.0
"B1w|('C', 0, 0.2, 1)",B1w,"('C', 0, 0.2, 1)",9,1.0,0.4436403767509299,18.0
"B1w|('C', 0, 0.2, 2)",B1w,"('C', 0, 0.2, 2)",9,0.3333333333333333,0.5,23.5
"B1w|('C', 0, 0.2, 4)",B1w,"('C', 0, 0.2, 4)",9,0.0,0.5,27.0
"B1w|('C', 0, 0.2, 8)",B1w,"('C', 0, 0.2, 8)",9,0.0,0.5,27.5
"B1w|('C', 0, 0.3, 0.5)",B1w,"('C', 0, 0.3, 0.5)",9,0.5,0.5,21.0
"B1w|('C', 0, 0.3, 1)",B1w,"('C', 0, 0.3, 1)",9,0.0,0.5,26.5
"B1w|('C', 0, 0.3, 2)",B1w,"('C', 0, 0.3, 2)",9,0.0,0.5,27.0
"B1w|('C', 0, 0.3, 4)",B1w,"('C', 0, 0.3, 4)",9,0.0,0.5,27.5
"B1w|('C', 0, 0.3, 8)",B1w,"('C', 0, 0.3, 8)",9,0.0,0.5,28.0
"T1|('H', 1, 0.1, -0.1)",T1,"('H', 1, 0.1, -0.1)",9,4.333333333333333,0.33105818262371695,12.5
"T1|('H', 1, 0.1, 0.0)",T1,"('H', 1, 0.1, 0.0)",9,9.0,0.33105818262371695,12.5
"T1|('H', 1, 0.1, 0.05)",T1,"('H', 1, 0.1, 0.05)",9,12.0,0.33105818262371695,12.5
"T1|('H', 1, 0.2, -0.2)",T1,"('H', 1, 0.2, -0.2)",9,2.8,0.36895159169139624,14.5
"T1|('H', 1, 0.2, 0.0)",T1,"('H', 1, 0.2, 0.0)",9,7.5,0.36895159169139624,14.5
"T1|('H', 1, 0.2, 0.1)",T1,"('H', 1, 0.2, 0.1)",9,11.0,0.3704693450288495,14.5
"T1|('H', 1, 0.3, -0.3)",T1,"('H', 1, 0.3, -0.3)",9,2.0,0.4222045634911545,17.0
"T1|('H', 1, 0.3, 0.0)",T1,"('H', 1, 0.3, 0.0)",9,6.333333333333333,0.4222045634911545,17.0
"T1|('H', 1, 0.3, 0.15)",T1,"('H', 1, 0.3, 0.15)",9,9.5,0.4222045634911545,17.0
"T1|('H', 1, 0.4, -0.4)",T1,"('H', 1, 0.4, -0.4)",9,1.6,0.47770256841292946,21.0
"T1|('H', 1, 0.4, 0.0)",T1,"('H', 1, 0.4, 0.0)",9,5.5,0.47770256841292946,21.5
"T1|('H', 1, 0.4, 0.2)",T1,"('H', 1, 0.4, 0.2)",9,8.4,0.4799295362643342,21.5
"T1|('H', 1, 0.5, -0.5)",T1,"('H', 1, 0.5, -0.5)",9,1.25,0.5145022744326375,25.0
"T1|('H', 1, 0.5, 0.0)",T1,"('H', 1, 0.5, 0.0)",9,4.6,0.5201748761755293,26.0
"T1|('H', 1, 0.5, 0.25)",T1,"('H', 1, 0.5, 0.25)",9,7.5,0.5255930031111102,26.0
"T1|('H', 3, 0.1, -0.1)",T1,"('H', 3, 0.1, -0.1)",9,2.5,0.3805076252220791,15.0
"T1|('H', 3, 0.1, 0.0)",T1,"('H', 3, 0.1, 0.0)",9,5.5,0.3805076252220791,15.0
"T1|('H', 3, 0.1, 0.05)",T1,"('H', 3, 0.1, 0.05)",9,6.666666666666667,0.3805076252220791,15.0
"T1|('H', 3, 0.2, -0.2)",T1,"('H', 3, 0.2, -0.2)",9,2.0,0.4222045634911545,18.0
"T1|('H', 3, 0.2, 0.0)",T1,"('H', 3, 0.2, 0.0)",9,5.0,0.4239524371152712,18.0
"T1|('H', 3, 0.2, 0.1)",T1,"('H', 3, 0.2, 0.1)",9,6.0,0.4239524371152712,18.0
"T1|('H', 3, 0.3, -0.3)",T1,"('H', 3, 0.3, -0.3)",9,1.5714285714285714,0.46274536966852253,22.0
"T1|('H', 3, 0.3, 0.0)",T1,"('H', 3, 0.3, 0.0)",9,4.5,0.4790433115849583,22.0
"T1|('H', 3, 0.3, 0.15)",T1,"('H', 3, 0.3, 0.15)",9,5.666666666666667,0.48020562839707503,22.0
"T1|('H', 3, 0.4, -0.4)",T1,"('H', 3, 0.4, -0.4)",9,1.25,0.5046236185397865,25.0
"T1|('H', 3, 0.4, 0.0)",T1,"('H', 3, 0.4, 0.0)",9,4.0,0.5287421026941901,26.0
"T1|('H', 3, 0.4, 0.2)",T1,"('H', 3, 0.4, 0.2)",9,5.2,0.5315844580434008,26.0
"T1|('H', 3, 0.5, -0.5)",T1,"('H', 3, 0.5, -0.5)",9,1.0,0.5039194359613789,28.0
"T1|('H', 3, 0.5, 0.0)",T1,"('H', 3, 0.5, 0.0)",9,3.0,0.590976886000472,31.5
"T1|('H', 3, 0.5, 0.25)",T1,"('H', 3, 0.5, 0.25)",9,4.5,0.5972114729730902,32.0
"T1|('H', 5, 0.1, -0.1)",T1,"('H', 5, 0.1, -0.1)",9,2.0,0.4145444461428114,17.0
"T1|('H', 5, 0.1, 0.0)",T1,"('H', 5, 0.1, 0.0)",9,5.0,0.41503101340792514,17.0
"T1|('H', 5, 0.1, 0.05)",T1,"('H', 5, 0.1, 0.05)",9,5.5,0.41503101340792514,17.0
"T1|('H', 5, 0.2, -0.2)",T1,"('H', 5, 0.2, -0.2)",9,1.75,0.4311737725815843,20.0
"T1|('H', 5, 0.2, 0.0)",T1,"('H', 5, 0.2, 0.0)",9,4.5,0.4397744741372797,21.0
"T1|('H', 5, 0.2, 0.1)",T1,"('H', 5, 0.2, 0.1)",9,5.0,0.44605367866565543,21.0
"T1|('H', 5, 0.3, -0.3)",T1,"('H', 5, 0.3, -0.3)",9,1.4285714285714286,0.4610530864505628,24.0
"T1|('H', 5, 0.3, 0.0)",T1,"('H', 5, 0.3, 0.0)",9,4.0,0.49566535695855907,24.5
"T1|('H', 5, 0.3, 0.15)",T1,"('H', 5, 0.3, 0.15)",9,5.0,0.5,24.5
"T1|('H', 5, 0.4, -0.4)",T1,"('H', 5, 0.4, -0.4)",9,1.0,0.5,27.0
"T1|('H', 5, 0.4, 0.0)",T1,"('H', 5, 0.4, 0.0)",9,3.3333333333333335,0.5674854786460153,29.0
"T1|('H', 5, 0.4, 0.2)",T1,"('H', 5, 0.4, 0.2)",9,4.4,0.5682703025198954,29.0
"T1|('H', 5, 0.5, -0.5)",T1,"('H', 5, 0.5, -0.5)",9,0.75,0.5,28.5
"T1|('H', 5, 0.5, 0.0)",T1,"('H', 5, 0.5, 0.0)",9,2.5,0.6384151771997729,36.0
"T1|('H', 5, 0.5, 0.25)",T1,"('H', 5, 0.5, 0.25)",9,3.5,0.6427061493871135,36.0
"T1|('H', 10, 0.1, -0.1)",T1,"('H', 10, 0.1, -0.1)",9,1.75,0.42692038571982444,21.0
"T1|('H', 10, 0.1, 0.0)",T1,"('H', 10, 0.1, 0.0)",9,4.0,0.4311737725815843,21.0
"T1|('H', 10, 0.1, 0.05)",T1,"('H', 10, 0.1, 0.05)",9,4.25,0.4311737725815843,21.0
"T1|('H', 10, 0.2, -0.2)",T1,"('H', 10, 0.2, -0.2)",9,1.3333333333333333,0.477570791871593,24.0
"T1|('H', 10, 0.2, 0.0)",T1,"('H', 10, 0.2, 0.0)",9,3.5,0.49767116162184916,25.0
"T1|('H', 10, 0.2, 0.1)",T1,"('H', 10, 0.2, 0.1)",9,4.0,0.5,25.0
"T1|('H', 10, 0.3, -0.3)",T1,"('H', 10, 0.3, -0.3)",9,1.0,0.5,26.5
"T1|('H', 10, 0.3, 0.0)",T1,"('H', 10, 0.3, 0.0)",9,3.0,0.5620896485435225,29.0
"T1|('H', 10, 0.3, 0.15)",T1,"('H', 10, 0.3, 0.15)",9,3.6,0.562605479237233,30.0
"T1|('H', 10, 0.4, -0.4)",T1,"('H', 10, 0.4, -0.4)",9,0.7777777777777778,0.5017709935893193,29.5
"T1|('H', 10, 0.4, 0.0)",T1,"('H', 10, 0.4, 0.0)",9,2.4,0.6162173055741791,35.0
"T1|('H', 10, 0.4, 0.2)",T1,"('H', 10, 0.4, 0.2)",9,3.0,0.6263415280333048,36.0
"T1|('H', 10, 0.5, -0.5)",T1,"('H', 10, 0.5, -0.5)",9,0.4,0.5,28.0
"T1|('H', 10, 0.5, 0.0)",T1,"('H', 10, 0.5, 0.0)",9,2.0,0.7424328493889151,43.0
"T1|('H', 10, 0.5, 0.25)",T1,"('H', 10, 0.5, 0.25)",9,2.4,0.746778102411194,45.0
"T1|('C', 0, 0.0, 0.5)",T1,"('C', 0, 0.0, 0.5)",9,2.6666666666666665,0.3786213184964441,14.5
"T1|('C', 0, 0.0, 1)",T1,"('C', 0, 0.0, 1)",9,2.0,0.3948414279112607,17.0
"T1|('C', 0, 0.0, 2)",T1,"('C', 0, 0.0, 2)",9,1.75,0.4134836839455864,21.0
"T1|('C', 0, 0.0, 4)",T1,"('C', 0, 0.0, 4)",9,1.4285714285714286,0.45608904333223865,25.0
"T1|('C', 0, 0.0, 8)",T1,"('C', 0, 0.0, 8)",9,1.0,0.5,28.5
"T1|('C', 0, 0.1, 0.5)",T1,"('C', 0, 0.1, 0.5)",9,2.0,0.4103629438195597,17.0
"T1|('C', 0, 0.1, 1)",T1,"('C', 0, 0.1, 1)",9,1.75,0.4311737725815843,20.0
"T1|('C', 0, 0.1, 2)",T1,"('C', 0, 0.1, 2)",9,1.5,0.4706205827890316,24.0
"T1|('C', 0, 0.1, 4)",T1,"('C', 0, 0.1, 4)",9,1.0,0.5,26.5
"T1|('C', 0, 0.1, 8)",T1,"('C', 0, 0.1, 8)",9,0.6666666666666666,0.5,28.5
"T1|('C', 0, 0.2, 0.5)",T1,"('C', 0, 0.2, 0.5)",9,1.6666666666666667,0.4476930284062845,21.0
"T1|('C', 0, 0.2, 1)",T1,"('C', 0, 0.2, 1)",9,1.4444444444444444,0.463566138403384,24.0
"T1|('C', 0, 0.2, 2)",T1,"('C', 0, 0.2, 2)",9,1.0,0.5,26.5
"T1|('C', 0, 0.2, 4)",T1,"('C', 0, 0.2, 4)",9,0.8,0.5,28.0
"T1|('C', 0, 0.2, 8)",T1,"('C', 0, 0.2, 8)",9,0.2857142857142857,0.5,28.0
"T1|('C', 0, 0.3, 0.5)",T1,"('C', 0, 0.3, 0.5)",9,1.25,0.5,24.0
"T1|('C', 0, 0.3, 1)",T1,"('C', 0, 0.3, 1)",9,1.0,0.5,28.0
"T1|('C', 0, 0.3, 2)",T1,"('C', 0, 0.3, 2)",9,0.8,0.5096678905218636,28.0
"T1|('C', 0, 0.3, 4)",T1,"('C', 0, 0.3, 4)",9,0.42857142857142855,0.5,28.0
"T1|('C', 0, 0.3, 8)",T1,"('C', 0, 0.3, 8)",9,0.0,0.5,28.0
"TS|('H', 1, 0.1, -0.1)",TS,"('H', 1, 0.1, -0.1)",9,1.0,0.4429459380656603,16.5
"TS|('H', 1, 0.1, 0.0)",TS,"('H', 1, 0.1, 0.0)",9,5.25,0.46580569123728716,19.0
"TS|('H', 1, 0.1, 0.05)",TS,"('H', 1, 0.1, 0.05)",9,8.0,0.5,21.0
"TS|('H', 1, 0.2, -0.2)",TS,"('H', 1, 0.2, -0.2)",9,0.0,0.5,25.0
"TS|('H', 1, 0.2, 0.0)",TS,"('H', 1, 0.2, 0.0)",9,2.2,0.6030850838921129,37.5
"TS|('H', 1, 0.2, 0.1)",TS,"('H', 1, 0.2, 0.1)",9,4.5,0.6151486850716521,41.0
"TS|('H', 1, 0.3, -0.3)",TS,"('H', 1, 0.3, -0.3)",9,0.0,0.5,27.5
"TS|('H', 1, 0.3, 0.0)",TS,"('H', 1, 0.3, 0.0)",9,1.0,1.0,44.0
"TS|('H', 1, 0.3, 0.15)",TS,"('H', 1, 0.3, 0.15)",9,2.25,1.0,54.0
"TS|('H', 1, 0.4, -0.4)",TS,"('H', 1, 0.4, -0.4)",9,0.0,0.5,28.0
"TS|('H', 1, 0.4, 0.0)",TS,"('H', 1, 0.4, 0.0)",9,0.6,1.0,64.0
"TS|('H', 1, 0.4, 0.2)",TS,"('H', 1, 0.4, 0.2)",9,1.0,1.0,71.0
"TS|('H', 1, 0.5, -0.5)",TS,"('H', 1, 0.5, -0.5)",9,0.0,0.5,37.5
"TS|('H', 1, 0.5, 0.0)",TS,"('H', 1, 0.5, 0.0)",9,0.0,1.0,101.0
"TS|('H', 1, 0.5, 0.25)",TS,"('H', 1, 0.5, 0.25)",9,0.0,1.0,101.0
"TS|('H', 3, 0.1, -0.1)",TS,"('H', 3, 0.1, -0.1)",9,0.3333333333333333,0.5,21.0
"TS|('H', 3, 0.1, 0.0)",TS,"('H', 3, 0.1, 0.0)",9,2.0,0.5,26.0
"TS|('H', 3, 0.1, 0.05)",TS,"('H', 3, 0.1, 0.05)",9,3.5,0.5,27.0
"TS|('H', 3, 0.2, -0.2)",TS,"('H', 3, 0.2, -0.2)",9,0.0,0.5,26.5
"TS|('H', 3, 0.2, 0.0)",TS,"('H', 3, 0.2, 0.0)",9,1.1428571428571428,0.7503254085867411,35.5
"TS|('H', 3, 0.2, 0.1)",TS,"('H', 3, 0.2, 0.1)",9,2.5,0.8069578439969589,42.5
"TS|('H', 3, 0.3, -0.3)",TS,"('H', 3, 0.3, -0.3)",9,0.0,0.5,27.5
"TS|('H', 3, 0.3, 0.0)",TS,"('H', 3, 0.3, 0.0)",9,0.75,1.0,46.0
"TS|('H', 3, 0.3, 0.15)",TS,"('H', 3, 0.3, 0.15)",9,1.3333333333333333,1.0,52.0
"TS|('H', 3, 0.4, -0.4)",TS,"('H', 3, 0.4, -0.4)",9,0.0,0.5,28.0
"TS|('H', 3, 0.4, 0.0)",TS,"('H', 3, 0.4, 0.0)",9,0.25,1.0,86.0
"TS|('H', 3, 0.4, 0.2)",TS,"('H', 3, 0.4, 0.2)",9,0.4,1.0,88.0
"TS|('H', 3, 0.5, -0.5)",TS,"('H', 3, 0.5, -0.5)",9,0.0,0.5,37.5
"TS|('H', 3, 0.5, 0.0)",TS,"('H', 3, 0.5, 0.0)",9,0.0,1.0,101.0
"TS|('H', 3, 0.5, 0.25)",TS,"('H', 3, 0.5, 0.25)",9,0.0,1.0,101.0
"TS|('H', 5, 0.1, -0.1)",TS,"('H', 5, 0.1, -0.1)",9,0.0,0.5,23.0
"TS|('H', 5, 0.1, 0.0)",TS,"('H', 5, 0.1, 0.0)",9,1.4285714285714286,0.5,25.0
"TS|('H', 5, 0.1, 0.05)",TS,"('H', 5, 0.1, 0.05)",9,2.5,0.5,27.0
"TS|('H', 5, 0.2, -0.2)",TS,"('H', 5, 0.2, -0.2)",9,0.0,0.5,27.0
"TS|('H', 5, 0.2, 0.0)",TS,"('H', 5, 0.2, 0.0)",9,1.0,0.5,35.0
"TS|('H', 5, 0.2, 0.1)",TS,"('H', 5, 0.2, 0.1)",9,2.0,0.7983465679132948,41.0
"TS|('H', 5, 0.3, -0.3)",TS,"('H', 5, 0.3, -0.3)",9,0.0,0.5,27.5
"TS|('H', 5, 0.3, 0.0)",TS,"('H', 5, 0.3, 0.0)",9,0.6666666666666666,1.0,46.0
"TS|('H', 5, 0.3, 0.15)",TS,"('H', 5, 0.3, 0.15)",9,1.25,1.0,56.5
"TS|('H', 5, 0.4, -0.4)",TS,"('H', 5, 0.4, -0.4)",9,0.0,0.5,28.0
"TS|('H', 5, 0.4, 0.0)",TS,"('H', 5, 0.4, 0.0)",9,0.2,1.0,89.0
"TS|('H', 5, 0.4, 0.2)",TS,"('H', 5, 0.4, 0.2)",9,0.25,1.0,91.5
"TS|('H', 5, 0.5, -0.5)",TS,"('H', 5, 0.5, -0.5)",9,0.0,0.8308160895322272,38.0
"TS|('H', 5, 0.5, 0.0)",TS,"('H', 5, 0.5, 0.0)",9,0.0,1.0,101.0
"TS|('H', 5, 0.5, 0.25)",TS,"('H', 5, 0.5, 0.25)",9,0.0,1.0,101.0
"TS|('H', 10, 0.1, -0.1)",TS,"('H', 10, 0.1, -0.1)",9,0.0,0.5,23.0
"TS|('H', 10, 0.1, 0.0)",TS,"('H', 10, 0.1, 0.0)",9,0.8888888888888888,0.5,25.0
"TS|('H', 10, 0.1, 0.05)",TS,"('H', 10, 0.1, 0.05)",9,1.5714285714285714,0.5,28.0
"TS|('H', 10, 0.2, -0.2)",TS,"('H', 10, 0.2, -0.2)",9,0.0,0.5,26.5
"TS|('H', 10, 0.2, 0.0)",TS,"('H', 10, 0.2, 0.0)",9,0.6666666666666666,0.5,31.5
"TS|('H', 10, 0.2, 0.1)",TS,"('H', 10, 0.2, 0.1)",9,1.5,0.8606072381416336,41.0
"TS|('H', 10, 0.3, -0.3)",TS,"('H', 10, 0.3, -0.3)",9,0.0,0.5,28.0
"TS|('H', 10, 0.3, 0.0)",TS,"('H', 10, 0.3, 0.0)",9,0.5,1.0,45.0
"TS|('H', 10, 0.3, 0.15)",TS,"('H', 10, 0.3, 0.15)",9,1.0,1.0,59.0
"TS|('H', 10, 0.4, -0.4)",TS,"('H', 10, 0.4, -0.4)",9,0.0,0.5,30.5
"TS|('H', 10, 0.4, 0.0)",TS,"('H', 10, 0.4, 0.0)",9,0.0,1.0,91.5
"TS|('H', 10, 0.4, 0.2)",TS,"('H', 10, 0.4, 0.2)",9,0.0,1.0,95.0
"TS|('H', 10, 0.5, -0.5)",TS,"('H', 10, 0.5, -0.5)",9,0.0,1.0,38.0
"TS|('H', 10, 0.5, 0.0)",TS,"('H', 10, 0.5, 0.0)",9,0.0,1.0,102.0
"TS|('H', 10, 0.5, 0.25)",TS,"('H', 10, 0.5, 0.25)",9,0.0,1.0,102.0
"TS|('C', 0, 0.0, 0.5)",TS,"('C', 0, 0.0, 0.5)",9,0.6666666666666666,0.5,15.0
"TS|('C', 0, 0.0, 1)",TS,"('C', 0, 0.0, 1)",9,0.4,0.5,20.5
"TS|('C', 0, 0.0, 2)",TS,"('C', 0, 0.0, 2)",9,0.0,0.5,23.0
"TS|('C', 0, 0.0, 4)",TS,"('C', 0, 0.0, 4)",9,0.0,0.5,25.0
"TS|('C', 0, 0.0, 8)",TS,"('C', 0, 0.0, 8)",9,0.0,0.5,27.0
"TS|('C', 0, 0.1, 0.5)",TS,"('C', 0, 0.1, 0.5)",9,0.0,0.5,25.0
"TS|('C', 0, 0.1, 1)",TS,"('C', 0, 0.1, 1)",9,0.0,0.5,27.0
"TS|('C', 0, 0.1, 2)",TS,"('C', 0, 0.1, 2)",9,0.0,0.5,27.0
"TS|('C', 0, 0.1, 4)",TS,"('C', 0, 0.1, 4)",9,0.0,0.5,27.0
"TS|('C', 0, 0.1, 8)",TS,"('C', 0, 0.1, 8)",9,0.0,0.5,27.0
"TS|('C', 0, 0.2, 0.5)",TS,"('C', 0, 0.2, 0.5)",9,0.0,0.5,27.0
"TS|('C', 0, 0.2, 1)",TS,"('C', 0, 0.2, 1)",9,0.0,0.5,27.5
"TS|('C', 0, 0.2, 2)",TS,"('C', 0, 0.2, 2)",9,0.0,0.5,27.5
"TS|('C', 0, 0.2, 4)",TS,"('C', 0, 0.2, 4)",9,0.0,0.5,27.5
"TS|('C', 0, 0.2, 8)",TS,"('C', 0, 0.2, 8)",9,0.0,0.5,28.0
"TS|('C', 0, 0.3, 0.5)",TS,"('C', 0, 0.3, 0.5)",9,0.0,0.5,28.0
"TS|('C', 0, 0.3, 1)",TS,"('C', 0, 0.3, 1)",9,0.0,0.5,28.0
"TS|('C', 0, 0.3, 2)",TS,"('C', 0, 0.3, 2)",9,0.0,0.5,28.0
"TS|('C', 0, 0.3, 4)",TS,"('C', 0, 0.3, 4)",9,0.0,0.5,29.5
"TS|('C', 0, 0.3, 8)",TS,"('C', 0, 0.3, 8)",9,0.0,0.5,36.0
"RV|('H', 1, 0.1, -0.1)",RV,"('H', 1, 0.1, -0.1)",9,7.0,0.2943250406273987,10.5
"RV|('H', 1, 0.1, 0.0)",RV,"('H', 1, 0.1, 0.0)",9,11.25,0.2943250406273987,10.5
"RV|('H', 1, 0.1, 0.05)",RV,"('H', 1, 0.1, 0.05)",9,14.0,0.2943250406273987,10.5
"RV|('H', 1, 0.2, -0.2)",RV,"('H', 1, 0.2, -0.2)",9,5.25,0.2981930594809655,13.0
"RV|('H', 1, 0.2, 0.0)",RV,"('H', 1, 0.2, 0.0)",9,11.0,0.2981930594809655,13.0
"RV|('H', 1, 0.2, 0.1)",RV,"('H', 1, 0.2, 0.1)",9,14.25,0.2981930594809655,13.0
"RV|('H', 1, 0.3, -0.3)",RV,"('H', 1, 0.3, -0.3)",9,4.0,0.31692535891779416,14.0
"RV|('H', 1, 0.3, 0.0)",RV,"('H', 1, 0.3, 0.0)",9,10.333333333333334,0.31692535891779416,14.0
"RV|('H', 1, 0.3, 0.15)",RV,"('H', 1, 0.3, 0.15)",9,14.0,0.3199132127441846,14.0
"RV|('H', 1, 0.4, -0.4)",RV,"('H', 1, 0.4, -0.4)",9,3.0,0.3342515753319971,15.5
"RV|('H', 1, 0.4, 0.0)",RV,"('H', 1, 0.4, 0.0)",9,8.75,0.34848824216339935,16.0
"RV|('H', 1, 0.4, 0.2)",RV,"('H', 1, 0.4, 0.2)",9,12.75,0.3536983028789364,16.0
"RV|('H', 1, 0.5, -0.5)",RV,"('H', 1, 0.5, -0.5)",9,2.2,0.3515932172606128,20.0
"RV|('H', 1, 0.5, 0.0)",RV,"('H', 1, 0.5, 0.0)",9,7.5,0.38570060795802696,21.0
"RV|('H', 1, 0.5, 0.25)",RV,"('H', 1, 0.5, 0.25)",9,10.6,0.38570060795802696,21.0
"RV|('H', 3, 0.1, -0.1)",RV,"('H', 3, 0.1, -0.1)",9,3.6666666666666665,0.32952887134549513,14.0
"RV|('H', 3, 0.1, 0.0)",RV,"('H', 3, 0.1, 0.0)",9,7.0,0.32952887134549513,14.0
"RV|('H', 3, 0.1, 0.05)",RV,"('H', 3, 0.1, 0.05)",9,8.333333333333334,0.32952887134549513,14.0
"RV|('H', 3, 0.2, -0.2)",RV,"('H', 3, 0.2, -0.2)",9,3.0,0.3422998064468516,16.0
"RV|('H', 3, 0.2, 0.0)",RV,"('H', 3, 0.2, 0.0)",9,7.2,0.34246600933336035,16.0
"RV|('H', 3, 0.2, 0.1)",RV,"('H', 3, 0.2, 0.1)",9,8.5,0.34436859810651677,16.0
"RV|('H', 3, 0.3, -0.3)",RV,"('H', 3, 0.3, -0.3)",9,2.5,0.34195792038797324,18.0
"RV|('H', 3, 0.3, 0.0)",RV,"('H', 3, 0.3, 0.0)",9,6.5,0.37591338791545903,19.0
"RV|('H', 3, 0.3, 0.15)",RV,"('H', 3, 0.3, 0.15)",9,8.0,0.3762426496898211,19.0
"RV|('H', 3, 0.4, -0.4)",RV,"('H', 3, 0.4, -0.4)",9,2.0,0.3630800165411997,19.0
"RV|('H', 3, 0.4, 0.0)",RV,"('H', 3, 0.4, 0.0)",9,6.0,0.4078502035835832,21.0
"RV|('H', 3, 0.4, 0.2)",RV,"('H', 3, 0.4, 0.2)",9,7.0,0.4146957603026455,21.0
"RV|('H', 3, 0.5, -0.5)",RV,"('H', 3, 0.5, -0.5)",9,1.3333333333333333,0.39666818449821134,22.0
"RV|('H', 3, 0.5, 0.0)",RV,"('H', 3, 0.5, 0.0)",9,5.0,0.45683475534620643,25.0
"RV|('H', 3, 0.5, 0.25)",RV,"('H', 3, 0.5, 0.25)",9,5.666666666666667,0.4581956121835289,25.0
"RV|('H', 5, 0.1, -0.1)",RV,"('H', 5, 0.1, -0.1)",9,3.0,0.34267300612637575,16.0
"RV|('H', 5, 0.1, 0.0)",RV,"('H', 5, 0.1, 0.0)",9,6.5,0.34548440920343865,16.0
"RV|('H', 5, 0.1, 0.05)",RV,"('H', 5, 0.1, 0.05)",9,7.25,0.34548440920343865,16.0
"RV|('H', 5, 0.2, -0.2)",RV,"('H', 5, 0.2, -0.2)",9,2.4,0.3687060256334981,18.0
"RV|('H', 5, 0.2, 0.0)",RV,"('H', 5, 0.2, 0.0)",9,6.0,0.37105875586106685,18.0
"RV|('H', 5, 0.2, 0.1)",RV,"('H', 5, 0.2, 0.1)",9,7.0,0.371889459215182,18.0
"RV|('H', 5, 0.3, -0.3)",RV,"('H', 5, 0.3, -0.3)",9,2.0,0.3603802215168107,19.0
"RV|('H', 5, 0.3, 0.0)",RV,"('H', 5, 0.3, 0.0)",9,5.166666666666667,0.38723318966074033,21.0
"RV|('H', 5, 0.3, 0.15)",RV,"('H', 5, 0.3, 0.15)",9,6.2,0.39029915837552964,21.0
"RV|('H', 5, 0.4, -0.4)",RV,"('H', 5, 0.4, -0.4)",9,1.5,0.39634543945541223,22.0
"RV|('H', 5, 0.4, 0.0)",RV,"('H', 5, 0.4, 0.0)",9,4.5,0.4527336582192636,24.5
"RV|('H', 5, 0.4, 0.2)",RV,"('H', 5, 0.4, 0.2)",9,5.4,0.4527336582192636,24.5
"RV|('H', 5, 0.5, -0.5)",RV,"('H', 5, 0.5, -0.5)",9,1.0,0.4130467266660115,24.0
"RV|('H', 5, 0.5, 0.0)",RV,"('H', 5, 0.5, 0.0)",9,4.0,0.4976993794112784,27.0
"RV|('H', 5, 0.5, 0.25)",RV,"('H', 5, 0.5, 0.25)",9,4.5,0.4976993794112784,27.0
"RV|('H', 10, 0.1, -0.1)",RV,"('H', 10, 0.1, -0.1)",9,2.2,0.3596289205594097,18.5
"RV|('H', 10, 0.1, 0.0)",RV,"('H', 10, 0.1, 0.0)",9,4.8,0.36652770656903744,19.0
"RV|('H', 10, 0.1, 0.05)",RV,"('H', 10, 0.1, 0.05)",9,5.5,0.3669220145063556,19.0
"RV|('H', 10, 0.2, -0.2)",RV,"('H', 10, 0.2, -0.2)",9,2.0,0.3803002770252575,21.0
"RV|('H', 10, 0.2, 0.0)",RV,"('H', 10, 0.2, 0.0)",9,4.5,0.40238907387434614,22.5
"RV|('H', 10, 0.2, 0.1)",RV,"('H', 10, 0.2, 0.1)",9,5.0,0.4074582608264992,22.5
"RV|('H', 10, 0.3, -0.3)",RV,"('H', 10, 0.3, -0.3)",9,1.3333333333333333,0.40119408162189424,23.0
"RV|('H', 10, 0.3, 0.0)",RV,"('H', 10, 0.3, 0.0)",9,3.6666666666666665,0.45112951336253077,25.0
"RV|('H', 10, 0.3, 0.15)",RV,"('H', 10, 0.3, 0.15)",9,4.2,0.471915159633285,25.0
"RV|('H', 10, 0.4, -0.4)",RV,"('H', 10, 0.4, -0.4)",9,1.0,0.43981378138062954,25.5
"RV|('H', 10, 0.4, 0.0)",RV,"('H', 10, 0.4, 0.0)",9,3.3333333333333335,0.5,29.0
"RV|('H', 10, 0.4, 0.2)",RV,"('H', 10, 0.4, 0.2)",9,4.0,0.5212813749663042,29.0
"RV|('H', 10, 0.5, -0.5)",RV,"('H', 10, 0.5, -0.5)",9,1.0,0.5,27.0
"RV|('H', 10, 0.5, 0.0)",RV,"('H', 10, 0.5, 0.0)",9,3.0,0.5609265943161865,35.5
"RV|('H', 10, 0.5, 0.25)",RV,"('H', 10, 0.5, 0.25)",9,3.5,0.5887935064663637,35.5
"RV|('C', 0, 0.0, 0.5)",RV,"('C', 0, 0.0, 0.5)",9,4.166666666666667,0.3162096024290434,13.0
"RV|('C', 0, 0.0, 1)",RV,"('C', 0, 0.0, 1)",9,3.0,0.32486011456359526,15.5
"RV|('C', 0, 0.0, 2)",RV,"('C', 0, 0.0, 2)",9,2.4,0.34358575385174134,18.5
"RV|('C', 0, 0.0, 4)",RV,"('C', 0, 0.0, 4)",9,2.0,0.3833233139437916,21.0
"RV|('C', 0, 0.0, 8)",RV,"('C', 0, 0.0, 8)",9,1.2,0.4231984135745599,25.5
"RV|('C', 0, 0.1, 0.5)",RV,"('C', 0, 0.1, 0.5)",9,3.2,0.33076343824542564,14.5
"RV|('C', 0, 0.1, 1)",RV,"('C', 0, 0.1, 1)",9,2.6666666666666665,0.34508303690953096,18.0
"RV|('C', 0, 0.1, 2)",RV,"('C', 0, 0.1, 2)",9,2.0,0.35602430820622777,19.5
"RV|('C', 0, 0.1, 4)",RV,"('C', 0, 0.1, 4)",9,1.5,0.4047848629613086,23.0
"RV|('C', 0, 0.1, 8)",RV,"('C', 0, 0.1, 8)",9,1.0,0.4396062053395155,27.0
"RV|('C', 0, 0.2, 0.5)",RV,"('C', 0, 0.2, 0.5)",9,2.6666666666666665,0.3386036428651479,17.5
"RV|('C', 0, 0.2, 1)",RV,"('C', 0, 0.2, 1)",9,2.2,0.3562718606291678,19.0
"RV|('C', 0, 0.2, 2)",RV,"('C', 0, 0.2, 2)",9,1.5,0.3796265307714428,21.0
"RV|('C', 0, 0.2, 4)",RV,"('C', 0, 0.2, 4)",9,1.0,0.4519009531142236,26.0
"RV|('C', 0, 0.2, 8)",RV,"('C', 0, 0.2, 8)",9,0.8571428571428571,0.5,27.0
"RV|('C', 0, 0.3, 0.5)",RV,"('C', 0, 0.3, 0.5)",9,2.0,0.35607139502873586,19.0
"RV|('C', 0, 0.3, 1)",RV,"('C', 0, 0.3, 1)",9,1.6666666666666667,0.36895159169139624,20.5
"RV|('C', 0, 0.3, 2)",RV,"('C', 0, 0.3, 2)",9,1.25,0.4089310555660043,24.5
"RV|('C', 0, 0.3, 4)",RV,"('C', 0, 0.3, 4)",9,1.0,0.4473633699717268,26.5
"RV|('C', 0, 0.3, 8)",RV,"('C', 0, 0.3, 8)",9,0.6,0.5,27.5
"B0.5|('H', 1, 0.1, -0.1)",B0.5,"('H', 1, 0.1, -0.1)",10,8.6,0.22588011113957743,4.0
"B0.5|('H', 1, 0.1, 0.0)",B0.5,"('H', 1, 0.1, 0.0)",10,15.7,0.22691362711870205,4.0
"B0.5|('H', 1, 0.1, 0.05)",B0.5,"('H', 1, 0.1, 0.05)",10,19.0,0.2291430030217574,4.0
"B0.5|('H', 1, 0.2, -0.2)",B0.5,"('H', 1, 0.2, -0.2)",10,6.154761904761905,0.24592719093680196,5.0
"B0.5|('H', 1, 0.2, 0.0)",B0.5,"('H', 1, 0.2, 0.0)",10,15.071428571428571,0.2470888693724338,5.0
"B0.5|('H', 1, 0.2, 0.1)",B0.5,"('H', 1, 0.2, 0.1)",10,20.299999999999997,0.2483560946783524,5.0
"B0.5|('H', 1, 0.3, -0.3)",B0.5,"('H', 1, 0.3, -0.3)",10,4.732142857142858,0.2674472348545614,7.0
"B0.5|('H', 1, 0.3, 0.0)",B0.5,"('H', 1, 0.3, 0.0)",10,13.464285714285715,0.2674472348545614,7.0
"B0.5|('H', 1, 0.3, 0.15)",B0.5,"('H', 1, 0.3, 0.15)",10,18.8,0.2719905612455094,7.0
"B0.5|('H', 1, 0.4, -0.4)",B0.5,"('H', 1, 0.4, -0.4)",10,3.5,0.31364555053257354,9.0
"B0.5|('H', 1, 0.4, 0.0)",B0.5,"('H', 1, 0.4, 0.0)",10,11.5,0.3186056541668634,9.0
"B0.5|('H', 1, 0.4, 0.2)",B0.5,"('H', 1, 0.4, 0.2)",10,16.916666666666664,0.32245617034305085,9.0
"B0.5|('H', 1, 0.5, -0.5)",B0.5,"('H', 1, 0.5, -0.5)",10,2.45,0.36237301093856666,12.0
"B0.5|('H', 1, 0.5, 0.0)",B0.5,"('H', 1, 0.5, 0.0)",10,8.816666666666666,0.3736917498385237,13.0
"B0.5|('H', 1, 0.5, 0.25)",B0.5,"('H', 1, 0.5, 0.25)",10,12.916666666666668,0.3785273018385962,13.25
"B0.5|('H', 3, 0.1, -0.1)",B0.5,"('H', 3, 0.1, -0.1)",10,4.6,0.26656373842429987,7.0
"B0.5|('H', 3, 0.1, 0.0)",B0.5,"('H', 3, 0.1, 0.0)",10,9.55,0.2681954013085024,7.0
"B0.5|('H', 3, 0.1, 0.05)",B0.5,"('H', 3, 0.1, 0.05)",10,11.5,0.2681954013085024,7.0
"B0.5|('H', 3, 0.2, -0.2)",B0.5,"('H', 3, 0.2, -0.2)",10,3.5,0.3116970640557522,8.5
"B0.5|('H', 3, 0.2, 0.0)",B0.5,"('H', 3, 0.2, 0.0)",10,9.30952380952381,0.3151318373425561,9.0
"B0.5|('H', 3, 0.2, 0.1)",B0.5,"('H', 3, 0.2, 0.1)",10,10.9,0.3151318373425561,9.0
"B0.5|('H', 3, 0.3, -0.3)",B0.5,"('H', 3, 0.3, -0.3)",10,2.8,0.3389992327452907,11.0
"B0.5|('H', 3, 0.3, 0.0)",B0.5,"('H', 3, 0.3, 0.0)",10,8.0,0.34705805203674167,11.5
"B0.5|('H', 3, 0.3, 0.15)",B0.5,"('H', 3, 0.3, 0.15)",10,9.464285714285715,0.34786623903181313,11.5
"B0.5|('H', 3, 0.4, -0.4)",B0.5,"('H', 3, 0.4, -0.4)",10,2.0,0.38579274462024915,14.75
"B0.5|('H', 3, 0.4, 0.0)",B0.5,"('H', 3, 0.4, 0.0)",10,6.4,0.41371309159885894,16.0
"B0.5|('H', 3, 0.4, 0.2)",B0.5,"('H', 3, 0.4, 0.2)",10,8.0,0.41868516895885455,16.0
"B0.5|('H', 3, 0.5, -0.5)",B0.5,"('H', 3, 0.5, -0.5)",10,0.17424242424242425,0.5,19.25
"B0.5|('H', 3, 0.5, 0.0)",B0.5,"('H', 3, 0.5, 0.0)",10,3.5,0.703263502703729,29.0
"B0.5|('H', 3, 0.5, 0.25)",B0.5,"('H', 3, 0.5, 0.25)",10,4.5,0.7078680817530472,29.0
"B0.5|('H', 5, 0.1, -0.1)",B0.5,"('H', 5, 0.1, -0.1)",10,3.6333333333333333,0.305532672730787,9.0
"B0.5|('H', 5, 0.1, 0.0)",B0.5,"('H', 5, 0.1, 0.0)",10,8.5,0.30708401047552397,9.0
"B0.5|('H', 5, 0.1, 0.05)",B0.5,"('H', 5, 0.1, 0.05)",10,9.583333333333332,0.30708401047552397,9.0
"B0.5|('H', 5, 0.2, -0.2)",B0.5,"('H', 5, 0.2, -0.2)",10,3.0,0.3269149658078683,11.5
"B0.5|('H', 5, 0.2, 0.0)",B0.5,"('H', 5, 0.2, 0.0)",10,7.5,0.3310736755813799,11.5
"B0.5|('H', 5, 0.2, 0.1)",B0.5,"('H', 5, 0.2, 0.1)",10,8.55,0.3428285872308352,11.75
"B0.5|('H', 5, 0.3, -0.3)",B0.5,"('H', 5, 0.3, -0.3)",10,2.2,0.38040340147207596,14.0
"B0.5|('H', 5, 0.3, 0.0)",B0.5,"('H', 5, 0.3, 0.0)",10,6.1,0.4014036741451116,14.75
"B0.5|('H', 5, 0.3, 0.15)",B0.5,"('H', 5, 0.3, 0.15)",10,7.225,0.40357687217009497,14.75
"B0.5|('H', 5, 0.4, -0.4)",B0.5,"('H', 5, 0.4, -0.4)",10,1.3095238095238095,0.4557135409469373,18.75
"B0.5|('H', 5, 0.4, 0.0)",B0.5,"('H', 5, 0.4, 0.0)",10,4.775,0.4921164781425533,20.0
"B0.5|('H', 5, 0.4, 0.2)",B0.5,"('H', 5, 0.4, 0.2)",10,5.6,0.49450026157908344,20.0
"B0.5|('H', 5, 0.5, -0.5)",B0.5,"('H', 5, 0.5, -0.5)",10,0.0,0.5,19.25
"B0.5|('H', 5, 0.5, 0.0)",B0.5,"('H', 5, 0.5, 0.0)",10,2.55,0.8072687177660831,35.5
"B0.5|('H', 5, 0.5, 0.25)",B0.5,"('H', 5, 0.5, 0.25)",10,3.2666666666666666,0.8303757583288893,36.5
"B0.5|('H', 10, 0.1, -0.1)",B0.5,"('H', 10, 0.1, -0.1)",10,2.6333333333333333,0.3431243863484247,13.0
"B0.5|('H', 10, 0.1, 0.0)",B0.5,"('H', 10, 0.1, 0.0)",10,6.414285714285715,0.3509895649189456,13.0
"B0.5|('H', 10, 0.1, 0.05)",B0.5,"('H', 10, 0.1, 0.05)",10,7.0,0.3509895649189456,13.0
"B0.5|('H', 10, 0.2, -0.2)",B0.5,"('H', 10, 0.2, -0.2)",10,2.0,0.3903118797557664,15.75
"B0.5|('H', 10, 0.2, 0.0)",B0.5,"('H', 10, 0.2, 0.0)",10,5.2,0.4155252703807919,17.0
"B0.5|('H', 10, 0.2, 0.1)",B0.5,"('H', 10, 0.2, 0.1)",10,6.0,0.4155252703807919,17.0
"B0.5|('H', 10, 0.3, -0.3)",B0.5,"('H', 10, 0.3, -0.3)",10,1.126984126984127,0.4517376979764762,20.0
"B0.5|('H', 10, 0.3, 0.0)",B0.5,"('H', 10, 0.3, 0.0)",10,4.0,0.5023954975490887,22.25
"B0.5|('H', 10, 0.3, 0.15)",B0.5,"('H', 10, 0.3, 0.15)",10,4.8,0.5038613587993482,22.75
"B0.5|('H', 10, 0.4, -0.4)",B0.5,"('H', 10, 0.4, -0.4)",10,0.4,0.5,22.75
"B0.5|('H', 10, 0.4, 0.0)",B0.5,"('H', 10, 0.4, 0.0)",10,2.6,0.6909193996433789,31.5
"B0.5|('H', 10, 0.4, 0.2)",B0.5,"('H', 10, 0.4, 0.2)",10,3.2,0.6970989596983889,31.5
"B0.5|('H', 10, 0.5, -0.5)",B0.5,"('H', 10, 0.5, -0.5)",10,0.0,0.5,19.75
"B0.5|('H', 10, 0.5, 0.0)",B0.5,"('H', 10, 0.5, 0.0)",10,1.6666666666666667,0.9856501134912949,42.5
"B0.5|('H', 10, 0.5, 0.25)",B0.5,"('H', 10, 0.5, 0.25)",10,2.0,1.0,44.0
"B0.5|('C', 0, 0.0, 0.5)",B0.5,"('C', 0, 0.0, 0.5)",10,5.142857142857143,0.2612980389860894,6.0
"B0.5|('C', 0, 0.0, 1)",B0.5,"('C', 0, 0.0, 1)",10,4.0,0.29626492330409965,8.0
"B0.5|('C', 0, 0.0, 2)",B0.5,"('C', 0, 0.0, 2)",10,2.8,0.3189749839548218,11.5
"B0.5|('C', 0, 0.0, 4)",B0.5,"('C', 0, 0.0, 4)",10,2.0,0.3856872564599455,16.5
"B0.5|('C', 0, 0.0, 8)",B0.5,"('C', 0, 0.0, 8)",10,0.8571428571428571,0.4728809801382806,23.0
"B0.5|('C', 0, 0.1, 0.5)",B0.5,"('C', 0, 0.1, 0.5)",10,4.0,0.30062512698586025,8.0
"B0.5|('C', 0, 0.1, 1)",B0.5,"('C', 0, 0.1, 1)",10,3.071428571428571,0.31589581980192727,10.0
"B0.5|('C', 0, 0.1, 2)",B0.5,"('C', 0, 0.1, 2)",10,2.2,0.3635286012515677,14.0
"B0.5|('C', 0, 0.1, 4)",B0.5,"('C', 0, 0.1, 4)",10,1.3095238095238095,0.4400469522092171,20.0
"B0.5|('C', 0, 0.1, 8)",B0.5,"('C', 0, 0.1, 8)",10,0.42857142857142855,0.5,25.0
"B0.5|('C', 0, 0.2, 0.5)",B0.5,"('C', 0, 0.2, 0.5)",10,3.1714285714285717,0.3277979439686922,10.0
"B0.5|('C', 0, 0.2, 1)",B0.5,"('C', 0, 0.2, 1)",10,2.3333333333333335,0.36411223261598663,13.0
"B0.5|('C', 0, 0.2, 2)",B0.5,"('C', 0, 0.2, 2)",10,1.4,0.4134485954322865,17.5
"B0.5|('C', 0, 0.2, 4)",B0.5,"('C', 0, 0.2, 4)",10,0.5,0.5,23.0
"B0.5|('C', 0, 0.2, 8)",B0.5,"('C', 0, 0.2, 8)",10,0.0,0.5,21.5
"B0.5|('C', 0, 0.3, 0.5)",B0.5,"('C', 0, 0.3, 0.5)",10,2.3333333333333335,0.3685979371842058,13.0
"B0.5|('C', 0, 0.3, 1)",B0.5,"('C', 0, 0.3, 1)",10,1.5,0.4227090470463175,17.5
"B0.5|('C', 0, 0.3, 2)",B0.5,"('C', 0, 0.3, 2)",10,0.5,0.4969491496189172,22.0
"B0.5|('C', 0, 0.3, 4)",B0.5,"('C', 0, 0.3, 4)",10,0.0,0.5,20.75
"B0.5|('C', 0, 0.3, 8)",B0.5,"('C', 0, 0.3, 8)",10,0.0,0.5,20.5
"B1|('H', 1, 0.1, -0.1)",B1,"('H', 1, 0.1, -0.1)",10,3.8,0.35531946080923793,10.5
"B1|('H', 1, 0.1, 0.0)",B1,"('H', 1, 0.1, 0.0)",10,8.0,0.35682240882060107,10.75
"B1|('H', 1, 0.1, 0.05)",B1,"('H', 1, 0.1, 0.05)",10,10.083333333333332,0.35682240882060107,10.75
"B1|('H', 1, 0.2, -0.2)",B1,"('H', 1, 0.2, -0.2)",10,2.4,0.407384169799636,13.75
"B1|('H', 1, 0.2, 0.0)",B1,"('H', 1, 0.2, 0.0)",10,6.773809523809524,0.4082982699972924,14.0
"B1|('H', 1, 0.2, 0.1)",B1,"('H', 1, 0.2, 0.1)",10,9.2,0.4082982699972924,14.0
"B1|('H', 1, 0.3, -0.3)",B1,"('H', 1, 0.3, -0.3)",10,1.6458333333333335,0.4514877789364507,17.0
"B1|('H', 1, 0.3, 0.0)",B1,"('H', 1, 0.3, 0.0)",10,5.309523809523809,0.4601396990171993,17.0
"B1|('H', 1, 0.3, 0.15)",B1,"('H', 1, 0.3, 0.15)",10,7.875,0.4641776197406598,17.0
"B1|('H', 1, 0.4, -0.4)",B1,"('H', 1, 0.4, -0.4)",10,1.3666666666666667,0.4901139338654342,19.5
"B1|('H', 1, 0.4, 0.0)",B1,"('H', 1, 0.4, 0.0)",10,4.8,0.5058462410693715,20.0
"B1|('H', 1, 0.4, 0.2)",B1,"('H', 1, 0.4, 0.2)",10,7.0,0.5058462410693715,20.0
"B1|('H', 1, 0.5, -0.5)",B1,"('H', 1, 0.5, -0.5)",10,1.0,0.5481213109755333,24.5
"B1|('H', 1, 0.5, 0.0)",B1,"('H', 1, 0.5, 0.0)",10,3.9444444444444446,0.5779655351963009,26.25
"B1|('H', 1, 0.5, 0.25)",B1,"('H', 1, 0.5, 0.25)",10,6.154761904761905,0.578904366995729,27.0
"B1|('H', 3, 0.1, -0.1)",B1,"('H', 3, 0.1, -0.1)",10,2.1666666666666665,0.39170328490646233,14.0
"B1|('H', 3, 0.1, 0.0)",B1,"('H', 3, 0.1, 0.0)",10,5.0,0.3941246614428099,14.25
"B1|('H', 3, 0.1, 0.05)",B1,"('H', 3, 0.1, 0.05)",10,5.585714285714285,0.3941246614428099,14.25
"B1|('H', 3, 0.2, -0.2)",B1,"('H', 3, 0.2, -0.2)",10,1.6666666666666667,0.447214213683838,17.0
"B1|('H', 3, 0.2, 0.0)",B1,"('H', 3, 0.2, 0.0)",10,4.4,0.45690500840594395,17.75
"B1|('H', 3, 0.2, 0.1)",B1,"('H', 3, 0.2, 0.1)",10,5.183333333333334,0.46011481714989855,18.0
"B1|('H', 3, 0.3, -0.3)",B1,"('H', 3, 0.3, -0.3)",10,1.2678571428571428,0.4752373792050149,20.0
"B1|('H', 3, 0.3, 0.0)",B1,"('H', 3, 0.3, 0.0)",10,3.8166666666666664,0.5016998100922653,21.0
"B1|('H', 3, 0.3, 0.15)",B1,"('H', 3, 0.3, 0.15)",10,4.5,0.5016998100922653,21.0
"B1|('H', 3, 0.4, -0.4)",B1,"('H', 3, 0.4, -0.4)",10,1.0,0.5089167535231593,23.0
"B1|('H', 3, 0.4, 0.0)",B1,"('H', 3, 0.4, 0.0)",10,3.071428571428571,0.5621352294624227,26.75
"B1|('H', 3, 0.4, 0.2)",B1,"('H', 3, 0.4, 0.2)",10,4.25,0.567977095128462,27.0
"B1|('H', 3, 0.5, -0.5)",B1,"('H', 3, 0.5, -0.5)",10,0.6666666666666666,0.5464822303669757,25.5
"B1|('H', 3, 0.5, 0.0)",B1,"('H', 3, 0.5, 0.0)",10,2.4722222222222223,0.6893384400489186,34.0
"B1|('H', 3, 0.5, 0.25)",B1,"('H', 3, 0.5, 0.25)",10,3.291666666666667,0.6934804091932225,34.25
"B1|('H', 5, 0.1, -0.1)",B1,"('H', 5, 0.1, -0.1)",10,1.8333333333333333,0.42396255746933253,16.5
"B1|('H', 5, 0.1, 0.0)",B1,"('H', 5, 0.1, 0.0)",10,4.333333333333333,0.42396255746933253,17.0
"B1|('H', 5, 0.1, 0.05)",B1,"('H', 5, 0.1, 0.05)",10,4.928571428571429,0.42807138552094626,17.0
"B1|('H', 5, 0.2, -0.2)",B1,"('H', 5, 0.2, -0.2)",10,1.4142857142857141,0.4506972359624424,19.0
"B1|('H', 5, 0.2, 0.0)",B1,"('H', 5, 0.2, 0.0)",10,3.817460317460317,0.47379848667325514,19.75
"B1|('H', 5, 0.2, 0.1)",B1,"('H', 5, 0.2, 0.1)",10,4.309523809523809,0.4761548151974295,19.75
"B1|('H', 5, 0.3, -0.3)",B1,"('H', 5, 0.3, -0.3)",10,1.0,0.4955193220742246,21.0
"B1|('H', 5, 0.3, 0.0)",B1,"('H', 5, 0.3, 0.0)",10,3.225,0.5185590105340229,24.0
"B1|('H', 5, 0.3, 0.15)",B1,"('H', 5, 0.3, 0.15)",10,4.0,0.5196357958010759,24.25
"B1|('H', 5, 0.4, -0.4)",B1,"('H', 5, 0.4, -0.4)",10,0.8611111111111112,0.5044683673566234,24.75
"B1|('H', 5, 0.4, 0.0)",B1,"('H', 5, 0.4, 0.0)",10,2.75,0.6160420248686653,30.0
"B1|('H', 5, 0.4, 0.2)",B1,"('H', 5, 0.4, 0.2)",10,3.3333333333333335,0.6234689574552637,30.0
"B1|('H', 5, 0.5, -0.5)",B1,"('H', 5, 0.5, -0.5)",10,0.4365079365079365,0.5633953524396036,23.5
"B1|('H', 5, 0.5, 0.0)",B1,"('H', 5, 0.5, 0.0)",10,2.0,0.7402376324569087,38.25
"B1|('H', 5, 0.5, 0.25)",B1,"('H', 5, 0.5, 0.25)",10,2.6,0.7402376324569087,38.25
"B1|('H', 10, 0.1, -0.1)",B1,"('H', 10, 0.1, -0.1)",10,1.4142857142857141,0.43879173267242844,19.75
"B1|('H', 10, 0.1, 0.0)",B1,"('H', 10, 0.1, 0.0)",10,3.3333333333333335,0.459531427240632,21.0
"B1|('H', 10, 0.1, 0.05)",B1,"('H', 10, 0.1, 0.05)",10,3.6904761904761907,0.46088586330926984,21.0
"B1|('H', 10, 0.2, -0.2)",B1,"('H', 10, 0.2, -0.2)",10,1.0,0.4619081830880679,22.5
"B1|('H', 10, 0.2, 0.0)",B1,"('H', 10, 0.2, 0.0)",10,2.8285714285714283,0.5112777062716691,24.0
"B1|('H', 10, 0.2, 0.1)",B1,"('H', 10, 0.2, 0.1)",10,3.3333333333333335,0.5176790496233494,25.0
"B1|('H', 10, 0.3, -0.3)",B1,"('H', 10, 0.3, -0.3)",10,0.8,0.5,26.0
"B1|('H', 10, 0.3, 0.0)",B1,"('H', 10, 0.3, 0.0)",10,2.4,0.5925730649547074,30.0
"B1|('H', 10, 0.3, 0.15)",B1,"('H', 10, 0.3, 0.15)",10,3.0,0.6044569537667297,30.75
"B1|('H', 10, 0.4, -0.4)",B1,"('H', 10, 0.4, -0.4)",10,0.5634920634920635,0.5291120263862858,26.0
"B1|('H', 10, 0.4, 0.0)",B1,"('H', 10, 0.4, 0.0)",10,2.0,0.6899028011713229,37.5
"B1|('H', 10, 0.4, 0.2)",B1,"('H', 10, 0.4, 0.2)",10,2.3333333333333335,0.7000367662371809,38.0
"B1|('H', 10, 0.5, -0.5)",B1,"('H', 10, 0.5, -0.5)",10,0.16666666666666666,0.5,22.0
"B1|('H', 10, 0.5, 0.0)",B1,"('H', 10, 0.5, 0.0)",10,1.4,0.8650405496449941,43.0
"B1|('H', 10, 0.5, 0.25)",B1,"('H', 10, 0.5, 0.25)",10,1.7142857142857142,0.8709443480108003,44.0
"B1|('C', 0, 0.0, 0.5)",B1,"('C', 0, 0.0, 0.5)",10,2.4,0.3910417143936954,13.5
"B1|('C', 0, 0.0, 1)",B1,"('C', 0, 0.0, 1)",10,2.0,0.4261477283373668,15.5
"B1|('C', 0, 0.0, 2)",B1,"('C', 0, 0.0, 2)",10,1.5,0.4300177167730414,19.0
"B1|('C', 0, 0.0, 4)",B1,"('C', 0, 0.0, 4)",10,1.0,0.4403310099664659,22.0
"B1|('C', 0, 0.0, 8)",B1,"('C', 0, 0.0, 8)",10,0.6904761904761905,0.5,26.0
"B1|('C', 0, 0.1, 0.5)",B1,"('C', 0, 0.1, 0.5)",10,1.8166666666666667,0.4316606687412833,16.0
"B1|('C', 0, 0.1, 1)",B1,"('C', 0, 0.1, 1)",10,1.4285714285714286,0.4318014477725148,18.75
"B1|('C', 0, 0.1, 2)",B1,"('C', 0, 0.1, 2)",10,1.1833333333333333,0.45587507185444975,22.0
"B1|('C', 0, 0.1, 4)",B1,"('C', 0, 0.1, 4)",10,0.8,0.5,25.0
"B1|('C', 0, 0.1, 8)",B1,"('C', 0, 0.1, 8)",10,0.5,0.5,24.0
"B1|('C', 0, 0.2, 0.5)",B1,"('C', 0, 0.2, 0.5)",10,1.4,0.4715489043929322,20.0
"B1|('C', 0, 0.2, 1)",B1,"('C', 0, 0.2, 1)",10,1.2,0.4695063039694367,21.25
"B1|('C', 0, 0.2, 2)",B1,"('C', 0, 0.2, 2)",10,1.0,0.5,24.0
"B1|('C', 0, 0.2, 4)",B1,"('C', 0, 0.2, 4)",10,0.5857142857142856,0.5003318401393577,26.5
"B1|('C', 0, 0.2, 8)",B1,"('C', 0, 0.2, 8)",10,0.25,0.5,22.75
"B1|('C', 0, 0.3, 0.5)",B1,"('C', 0, 0.3, 0.5)",10,1.0,0.5,22.0
"B1|('C', 0, 0.3, 1)",B1,"('C', 0, 0.3, 1)",10,0.8888888888888888,0.5,24.25
"B1|('C', 0, 0.3, 2)",B1,"('C', 0, 0.3, 2)",10,0.5714285714285714,0.5149492147360453,26.0
"B1|('C', 0, 0.3, 4)",B1,"('C', 0, 0.3, 4)",10,0.25,0.5,22.0
"B1|('C', 0, 0.3, 8)",B1,"('C', 0, 0.3, 8)",10,0.0,0.5,22.0
"B2|('H', 1, 0.1, -0.1)",B2,"('H', 1, 0.1, -0.1)",10,1.3333333333333333,0.4917847188645948,19.0
"B2|('H', 1, 0.1, 0.0)",B2,"('H', 1, 0.1, 0.0)",10,3.75,0.494228797556777,19.25
"B2|('H', 1, 0.1, 0.05)",B2,"('H', 1, 0.1, 0.05)",10,5.0,0.494228797556777,19.25
"B2|('H', 1, 0.2, -0.2)",B2,"('H', 1, 0.2, -0.2)",10,0.9285714285714286,0.5,21.5
"B2|('H', 1, 0.2, 0.0)",B2,"('H', 1, 0.2, 0.0)",10,2.5714285714285716,0.5498102158116229,22.5
"B2|('H', 1, 0.2, 0.1)",B2,"('H', 1, 0.2, 0.1)",10,4.0,0.5631011477328833,23.0
"B2|('H', 1, 0.3, -0.3)",B2,"('H', 1, 0.3, -0.3)",10,0.5,0.5207769057938897,23.75
"B2|('H', 1, 0.3, 0.0)",B2,"('H', 1, 0.3, 0.0)",10,2.0,0.6113932831314652,27.0
"B2|('H', 1, 0.3, 0.15)",B2,"('H', 1, 0.3, 0.15)",10,3.242857142857143,0.6203327427307324,29.0
"B2|('H', 1, 0.4, -0.4)",B2,"('H', 1, 0.4, -0.4)",10,0.5,0.5,23.0
"B2|('H', 1, 0.4, 0.0)",B2,"('H', 1, 0.4, 0.0)",10,1.6666666666666667,0.6840158325588874,33.5
"B2|('H', 1, 0.4, 0.2)",B2,"('H', 1, 0.4, 0.2)",10,2.6666666666666665,0.7109617232668377,34.5
"B2|('H', 1, 0.5, -0.5)",B2,"('H', 1, 0.5, -0.5)",10,0.25,0.5,23.0
"B2|('H', 1, 0.5, 0.0)",B2,"('H', 1, 0.5, 0.0)",10,1.3333333333333333,0.787734235217545,40.25
"B2|('H', 1, 0.5, 0.25)",B2,"('H', 1, 0.5, 0.25)",10,2.0,0.8065825380942134,40.25
"B2|('H', 3, 0.1, -0.1)",B2,"('H', 3, 0.1, -0.1)",10,1.0,0.5,22.0
"B2|('H', 3, 0.1, 0.0)",B2,"('H', 3, 0.1, 0.0)",10,2.4,0.5021390474789449,23.0
"B2|('H', 3, 0.1, 0.05)",B2,"('H', 3, 0.1, 0.05)",10,2.6666666666666665,0.5049134696349165,23.0
"B2|('H', 3, 0.2, -0.2)",B2,"('H', 3, 0.2, -0.2)",10,0.6666666666666666,0.5083734781257375,23.5
"B2|('H', 3, 0.2, 0.0)",B2,"('H', 3, 0.2, 0.0)",10,2.0,0.5942003184400202,25.75
"B2|('H', 3, 0.2, 0.1)",B2,"('H', 3, 0.2, 0.1)",10,2.414285714285714,0.6114199728006433,27.0
"B2|('H', 3, 0.3, -0.3)",B2,"('H', 3, 0.3, -0.3)",10,0.5,0.5174508636898751,23.0
"B2|('H', 3, 0.3, 0.0)",B2,"('H', 3, 0.3, 0.0)",10,1.5,0.686401086815323,32.0
"B2|('H', 3, 0.3, 0.15)",B2,"('H', 3, 0.3, 0.15)",10,2.0,0.6924373546518506,33.5
"B2|('H', 3, 0.4, -0.4)",B2,"('H', 3, 0.4, -0.4)",10,0.3333333333333333,0.5,23.0
"B2|('H', 3, 0.4, 0.0)",B2,"('H', 3, 0.4, 0.0)",10,1.2,0.7430022291808253,37.0
"B2|('H', 3, 0.4, 0.2)",B2,"('H', 3, 0.4, 0.2)",10,1.75,0.7619745980848722,37.5
"B2|('H', 3, 0.5, -0.5)",B2,"('H', 3, 0.5, -0.5)",10,0.14285714285714285,0.5,19.0
"B2|('H', 3, 0.5, 0.0)",B2,"('H', 3, 0.5, 0.0)",10,1.0,0.8584156291217191,43.25
"B2|('H', 3, 0.5, 0.25)",B2,"('H', 3, 0.5, 0.25)",10,1.3666666666666667,0.8748159331655151,43.5
"B2|('H', 5, 0.1, -0.1)",B2,"('H', 5, 0.1, -0.1)",10,0.8,0.5,22.5
"B2|('H', 5, 0.1, 0.0)",B2,"('H', 5, 0.1, 0.0)",10,2.0,0.5095367962981073,23.0
"B2|('H', 5, 0.1, 0.05)",B2,"('H', 5, 0.1, 0.05)",10,2.2857142857142856,0.5204117060374044,23.0
"B2|('H', 5, 0.2, -0.2)",B2,"('H', 5, 0.2, -0.2)",10,0.5,0.5,23.0
"B2|('H', 5, 0.2, 0.0)",B2,"('H', 5, 0.2, 0.0)",10,1.5714285714285714,0.5959404727286381,28.5
"B2|('H', 5, 0.2, 0.1)",B2,"('H', 5, 0.2, 0.1)",10,2.0,0.6139235698692214,29.0
"B2|('H', 5, 0.3, -0.3)",B2,"('H', 5, 0.3, -0.3)",10,0.41428571428571426,0.5,22.25
"B2|('H', 5, 0.3, 0.0)",B2,"('H', 5, 0.3, 0.0)",10,1.3095238095238095,0.6697256829287885,33.0
"B2|('H', 5, 0.3, 0.15)",B2,"('H', 5, 0.3, 0.15)",10,1.6666666666666667,0.701341106243784,35.5
"B2|('H', 5, 0.4, -0.4)",B2,"('H', 5, 0.4, -0.4)",10,0.2857142857142857,0.5,20.25
"B2|('H', 5, 0.4, 0.0)",B2,"('H', 5, 0.4, 0.0)",10,1.0,0.7535938581790631,38.0
"B2|('H', 5, 0.4, 0.2)",B2,"('H', 5, 0.4, 0.2)",10,1.5,0.7832318832291578,39.25
"B2|('H', 5, 0.5, -0.5)",B2,"('H', 5, 0.5, -0.5)",10,0.0,0.5,18.25
"B2|('H', 5, 0.5, 0.0)",B2,"('H', 5, 0.5, 0.0)",10,0.8166666666666667,0.8780131411442973,44.0
"B2|('H', 5, 0.5, 0.25)",B2,"('H', 5, 0.5, 0.25)",10,1.1666666666666667,0.8951565336395488,44.0
"B2|('H', 10, 0.1, -0.1)",B2,"('H', 10, 0.1, -0.1)",10,0.6666666666666666,0.5,23.0
"B2|('H', 10, 0.1, 0.0)",B2,"('H', 10, 0.1, 0.0)",10,1.5,0.5121191726078531,26.0
"B2|('H', 10, 0.1, 0.05)",B2,"('H', 10, 0.1, 0.05)",10,1.8166666666666667,0.5185683162055428,26.0
"B2|('H', 10, 0.2, -0.2)",B2,"('H', 10, 0.2, -0.2)",10,0.4365079365079365,0.5,22.75
"B2|('H', 10, 0.2, 0.0)",B2,"('H', 10, 0.2, 0.0)",10,1.2,0.5866234312333263,29.5
"B2|('H', 10, 0.2, 0.1)",B2,"('H', 10, 0.2, 0.1)",10,1.380952380952381,0.6551191083335723,33.0
"B2|('H', 10, 0.3, -0.3)",B2,"('H', 10, 0.3, -0.3)",10,0.3333333333333333,0.5,20.0
"B2|('H', 10, 0.3, 0.0)",B2,"('H', 10, 0.3, 0.0)",10,1.0,0.6688083740473115,33.0
"B2|('H', 10, 0.3, 0.15)",B2,"('H', 10, 0.3, 0.15)",10,1.25,0.7194922851047627,37.25
"B2|('H', 10, 0.4, -0.4)",B2,"('H', 10, 0.4, -0.4)",10,0.2,0.5,18.0
"B2|('H', 10, 0.4, 0.0)",B2,"('H', 10, 0.4, 0.0)",10,0.8571428571428571,0.758382708270159,38.25
"B2|('H', 10, 0.4, 0.2)",B2,"('H', 10, 0.4, 0.2)",10,1.0,0.807688354906847,42.5
"B2|('H', 10, 0.5, -0.5)",B2,"('H', 10, 0.5, -0.5)",10,0.0,0.5,16.25
"B2|('H', 10, 0.5, 0.0)",B2,"('H', 10, 0.5, 0.0)",10,0.6666666666666666,0.9044347265954622,42.25
"B2|('H', 10, 0.5, 0.25)",B2,"('H', 10, 0.5, 0.25)",10,0.9375,0.9818942543030318,48.25
"B2|('C', 0, 0.0, 0.5)",B2,"('C', 0, 0.0, 0.5)",10,1.0,0.5,21.0
"B2|('C', 0, 0.0, 1)",B2,"('C', 0, 0.0, 1)",10,0.8333333333333334,0.5,23.0
"B2|('C', 0, 0.0, 2)",B2,"('C', 0, 0.0, 2)",10,0.6666666666666666,0.5,23.5
"B2|('C', 0, 0.0, 4)",B2,"('C', 0, 0.0, 4)",10,0.5,0.5,22.25
"B2|('C', 0, 0.0, 8)",B2,"('C', 0, 0.0, 8)",10,0.3333333333333333,0.5,19.5
"B2|('C', 0, 0.1, 0.5)",B2,"('C', 0, 0.1, 0.5)",10,0.6666666666666666,0.5,23.0
"B2|('C', 0, 0.1, 1)",B2,"('C', 0, 0.1, 1)",10,0.5714285714285714,0.5,24.0
"B2|('C', 0, 0.1, 2)",B2,"('C', 0, 0.1, 2)",10,0.5,0.5,23.5
"B2|('C', 0, 0.1, 4)",B2,"('C', 0, 0.1, 4)",10,0.3333333333333333,0.5,20.0
"B2|('C', 0, 0.1, 8)",B2,"('C', 0, 0.1, 8)",10,0.25,0.5,20.0
"B2|('C', 0, 0.2, 0.5)",B2,"('C', 0, 0.2, 0.5)",10,0.5,0.5114056740539539,23.25
"B2|('C', 0, 0.2, 1)",B2,"('C', 0, 0.2, 1)",10,0.5,0.5,23.5
"B2|('C', 0, 0.2, 2)",B2,"('C', 0, 0.2, 2)",10,0.3333333333333333,0.5,20.75
"B2|('C', 0, 0.2, 4)",B2,"('C', 0, 0.2, 4)",10,0.25,0.5,18.5
"B2|('C', 0, 0.2, 8)",B2,"('C', 0, 0.2, 8)",10,0.14285714285714285,0.5,20.75
"B2|('C', 0, 0.3, 0.5)",B2,"('C', 0, 0.3, 0.5)",10,0.3666666666666667,0.5,23.0
"B2|('C', 0, 0.3, 1)",B2,"('C', 0, 0.3, 1)",10,0.2857142857142857,0.5,19.0
"B2|('C', 0, 0.3, 2)",B2,"('C', 0, 0.3, 2)",10,0.2,0.5,18.75
"B2|('C', 0, 0.3, 4)",B2,"('C', 0, 0.3, 4)",10,0.10555555555555556,0.5,20.5
"B2|('C', 0, 0.3, 8)",B2,"('C', 0, 0.3, 8)",10,0.0,0.5,20.5
"B1w|('H', 1, 0.1, -0.1)",B1w,"('H', 1, 0.1, -0.1)",10,4.8,0.27575113960296604,6.0
"B1w|('H', 1, 0.1, 0.0)",B1w,"('H', 1, 0.1, 0.0)",10,10.083333333333332,0.27575113960296604,6.0
"B1w|('H', 1, 0.1, 0.05)",B1w,"('H', 1, 0.1, 0.05)",10,13.414285714285715,0.27773174971551984,6.0
"B1w|('H', 1, 0.2, -0.2)",B1w,"('H', 1, 0.2, -0.2)",10,3.2,0.3288738958847073,8.0
"B1w|('H', 1, 0.2, 0.0)",B1w,"('H', 1, 0.2, 0.0)",10,9.0,0.32909249965772797,9.0
"B1w|('H', 1, 0.2, 0.1)",B1w,"('H', 1, 0.2, 0.1)",10,12.6,0.33087765035775807,9.0
"B1w|('H', 1, 0.3, -0.3)",B1w,"('H', 1, 0.3, -0.3)",10,1.5,0.41842579057873575,12.0
"B1w|('H', 1, 0.3, 0.0)",B1w,"('H', 1, 0.3, 0.0)",10,6.225,0.4402276389769859,14.0
"B1w|('H', 1, 0.3, 0.15)",B1w,"('H', 1, 0.3, 0.15)",10,9.0,0.4490784261345878,14.0
"B1w|('H', 1, 0.4, -0.4)",B1w,"('H', 1, 0.4, -0.4)",10,0.0,0.5,12.25
"B1w|('H', 1, 0.4, 0.0)",B1w,"('H', 1, 0.4, 0.0)",10,3.3666666666666667,0.7138273255680678,23.75
"B1w|('H', 1, 0.4, 0.2)",B1w,"('H', 1, 0.4, 0.2)",10,5.708333333333334,0.7184807913725697,24.0
"B1w|('H', 1, 0.5, -0.5)",B1w,"('H', 1, 0.5, -0.5)",10,0.0,0.5,15.5
"B1w|('H', 1, 0.5, 0.0)",B1w,"('H', 1, 0.5, 0.0)",10,2.8,0.7614122583015464,27.75
"B1w|('H', 1, 0.5, 0.25)",B1w,"('H', 1, 0.5, 0.25)",10,5.0,0.7614122583015464,28.5
"B1w|('H', 3, 0.1, -0.1)",B1w,"('H', 3, 0.1, -0.1)",10,2.928571428571429,0.33291129460679103,9.5
"B1w|('H', 3, 0.1, 0.0)",B1w,"('H', 3, 0.1, 0.0)",10,7.0,0.3359053714322119,9.5
"B1w|('H', 3, 0.1, 0.05)",B1w,"('H', 3, 0.1, 0.05)",10,8.0,0.3359053714322119,9.5
"B1w|('H', 3, 0.2, -0.2)",B1w,"('H', 3, 0.2, -0.2)",10,1.7142857142857142,0.40025496104036157,12.5
"B1w|('H', 3, 0.2, 0.0)",B1w,"('H', 3, 0.2, 0.0)",10,5.333333333333333,0.42435141366478724,13.5
"B1w|('H', 3, 0.2, 0.1)",B1w,"('H', 3, 0.2, 0.1)",10,6.4,0.4260366702710807,13.75
"B1w|('H', 3, 0.3, -0.3)",B1w,"('H', 3, 0.3, -0.3)",10,0.4722222222222222,0.47690950893312367,14.0
"B1w|('H', 3, 0.3, 0.0)",B1w,"('H', 3, 0.3, 0.0)",10,3.2,0.5845544830088816,20.0
"B1w|('H', 3, 0.3, 0.15)",B1w,"('H', 3, 0.3, 0.15)",10,4.0,0.5897487800234418,20.0
"B1w|('H', 3, 0.4, -0.4)",B1w,"('H', 3, 0.4, -0.4)",10,0.0,0.5,13.5
"B1w|('H', 3, 0.4, 0.0)",B1w,"('H', 3, 0.4, 0.0)",10,2.3333333333333335,0.7539427257582787,25.75
"B1w|('H', 3, 0.4, 0.2)",B1w,"('H', 3, 0.4, 0.2)",10,3.225,0.7644499583484758,26.5
"B1w|('H', 3, 0.5, -0.5)",B1w,"('H', 3, 0.5, -0.5)",10,0.0,0.5,17.0
"B1w|('H', 3, 0.5, 0.0)",B1w,"('H', 3, 0.5, 0.0)",10,2.0,0.7963076440715784,30.5
"B1w|('H', 3, 0.5, 0.25)",B1w,"('H', 3, 0.5, 0.25)",10,3.0,0.8100294075123755,31.0
"B1w|('H', 5, 0.1, -0.1)",B1w,"('H', 5, 0.1, -0.1)",10,2.1547619047619047,0.3612105189876318,11.0
"B1w|('H', 5, 0.1, 0.0)",B1w,"('H', 5, 0.1, 0.0)",10,5.633333333333333,0.378672900161081,11.5
"B1w|('H', 5, 0.1, 0.05)",B1w,"('H', 5, 0.1, 0.05)",10,6.333333333333333,0.378672900161081,12.0
"B1w|('H', 5, 0.2, -0.2)",B1w,"('H', 5, 0.2, -0.2)",10,1.0714285714285714,0.4371399931946725,14.75
"B1w|('H', 5, 0.2, 0.0)",B1w,"('H', 5, 0.2, 0.0)",10,4.0,0.46337619596303437,17.0
"B1w|('H', 5, 0.2, 0.1)",B1w,"('H', 5, 0.2, 0.1)",10,4.75,0.46523294236374374,17.5
"B1w|('H', 5, 0.3, -0.3)",B1w,"('H', 5, 0.3, -0.3)",10,0.0,0.5,13.75
"B1w|('H', 5, 0.3, 0.0)",B1w,"('H', 5, 0.3, 0.0)",10,2.3333333333333335,0.6515405343202834,23.0
"B1w|('H', 5, 0.3, 0.15)",B1w,"('H', 5, 0.3, 0.15)",10,3.0,0.6539874179512091,23.0
"B1w|('H', 5, 0.4, -0.4)",B1w,"('H', 5, 0.4, -0.4)",10,0.0,0.5,13.75
"B1w|('H', 5, 0.4, 0.0)",B1w,"('H', 5, 0.4, 0.0)",10,2.0,0.7706846533742062,28.0
"B1w|('H', 5, 0.4, 0.2)",B1w,"('H', 5, 0.4, 0.2)",10,2.6,0.7802576162189498,28.5
"B1w|('H', 5, 0.5, -0.5)",B1w,"('H', 5, 0.5, -0.5)",10,0.0,0.5,17.0
"B1w|('H', 5, 0.5, 0.0)",B1w,"('H', 5, 0.5, 0.0)",10,1.6904761904761905,0.843385889313694,34.0
"B1w|('H', 5, 0.5, 0.25)",B1w,"('H', 5, 0.5, 0.25)",10,2.4,0.8453227005719464,34.75
"B1w|('H', 10, 0.1, -0.1)",B1w,"('H', 10, 0.1, -0.1)",10,1.3333333333333333,0.4200772397874556,14.5
"B1w|('H', 10, 0.1, 0.0)",B1w,"('H', 10, 0.1, 0.0)",10,3.6666666666666665,0.44181158814557764,16.0
"B1w|('H', 10, 0.1, 0.05)",B1w,"('H', 10, 0.1, 0.05)",10,4.071428571428571,0.44545566383251656,16.75
"B1w|('H', 10, 0.2, -0.2)",B1w,"('H', 10, 0.2, -0.2)",10,0.5,0.5,15.25
"B1w|('H', 10, 0.2, 0.0)",B1w,"('H', 10, 0.2, 0.0)",10,2.5,0.5779340659937335,21.25
"B1w|('H', 10, 0.2, 0.1)",B1w,"('H', 10, 0.2, 0.1)",10,3.0,0.5923860496827498,22.0
"B1w|('H', 10, 0.3, -0.3)",B1w,"('H', 10, 0.3, -0.3)",10,0.0,0.5,14.0
"B1w|('H', 10, 0.3, 0.0)",B1w,"('H', 10, 0.3, 0.0)",10,1.6666666666666667,0.753139900390406,28.0
"B1w|('H', 10, 0.3, 0.15)",B1w,"('H', 10, 0.3, 0.15)",10,2.2,0.7566659272992892,28.25
"B1w|('H', 10, 0.4, -0.4)",B1w,"('H', 10, 0.4, -0.4)",10,0.0,0.5,13.75
"B1w|('H', 10, 0.4, 0.0)",B1w,"('H', 10, 0.4, 0.0)",10,1.5,0.8228063218145933,33.0
"B1w|('H', 10, 0.4, 0.2)",B1w,"('H', 10, 0.4, 0.2)",10,2.0,0.8315882992347614,33.0
"B1w|('H', 10, 0.5, -0.5)",B1w,"('H', 10, 0.5, -0.5)",10,0.0,0.5,18.0
"B1w|('H', 10, 0.5, 0.0)",B1w,"('H', 10, 0.5, 0.0)",10,1.2,0.9522060839459564,41.0
"B1w|('H', 10, 0.5, 0.25)",B1w,"('H', 10, 0.5, 0.25)",10,1.6666666666666667,0.996379962271493,42.0
"B1w|('C', 0, 0.0, 0.5)",B1w,"('C', 0, 0.0, 0.5)",10,3.0,0.33006773890426416,9.0
"B1w|('C', 0, 0.0, 1)",B1w,"('C', 0, 0.0, 1)",10,2.225,0.35095011267511994,11.0
"B1w|('C', 0, 0.0, 2)",B1w,"('C', 0, 0.0, 2)",10,1.4,0.4054493025839869,14.0
"B1w|('C', 0, 0.0, 4)",B1w,"('C', 0, 0.0, 4)",10,0.5714285714285714,0.4869589136303021,17.0
"B1w|('C', 0, 0.0, 8)",B1w,"('C', 0, 0.0, 8)",10,0.0,0.5,18.0
"B1w|('C', 0, 0.1, 0.5)",B1w,"('C', 0, 0.1, 0.5)",10,2.0,0.372757659023725,11.5
"B1w|('C', 0, 0.1, 1)",B1w,"('C', 0, 0.1, 1)",10,1.2857142857142858,0.4128657774949811,14.25
"B1w|('C', 0, 0.1, 2)",B1w,"('C', 0, 0.1, 2)",10,0.5714285714285714,0.4868382279652209,15.25
"B1w|('C', 0, 0.1, 4)",B1w,"('C', 0, 0.1, 4)",10,0.0,0.5,14.0
"B1w|('C', 0, 0.1, 8)",B1w,"('C', 0, 0.1, 8)",10,0.0,0.5,16.0
"B1w|('C', 0, 0.2, 0.5)",B1w,"('C', 0, 0.2, 0.5)",10,0.873015873015873,0.4454739785895644,14.5
"B1w|('C', 0, 0.2, 1)",B1w,"('C', 0, 0.2, 1)",10,0.25,0.5,14.0
"B1w|('C', 0, 0.2, 2)",B1w,"('C', 0, 0.2, 2)",10,0.0,0.5,14.0
"B1w|('C', 0, 0.2, 4)",B1w,"('C', 0, 0.2, 4)",10,0.0,0.5,15.5
"B1w|('C', 0, 0.2, 8)",B1w,"('C', 0, 0.2, 8)",10,0.0,0.5,17.0
"B1w|('C', 0, 0.3, 0.5)",B1w,"('C', 0, 0.3, 0.5)",10,0.0,0.5,13.25
"B1w|('C', 0, 0.3, 1)",B1w,"('C', 0, 0.3, 1)",10,0.0,0.5,14.0
"B1w|('C', 0, 0.3, 2)",B1w,"('C', 0, 0.3, 2)",10,0.0,0.5,16.0
"B1w|('C', 0, 0.3, 4)",B1w,"('C', 0, 0.3, 4)",10,0.0,0.5,17.5
"B1w|('C', 0, 0.3, 8)",B1w,"('C', 0, 0.3, 8)",10,0.0,0.5,19.75
"T1|('H', 1, 0.1, -0.1)",T1,"('H', 1, 0.1, -0.1)",10,3.4642857142857144,0.36840329198040556,12.25
"T1|('H', 1, 0.1, 0.0)",T1,"('H', 1, 0.1, 0.0)",10,7.666666666666667,0.36840329198040556,12.25
"T1|('H', 1, 0.1, 0.05)",T1,"('H', 1, 0.1, 0.05)",10,10.071428571428571,0.36840329198040556,12.5
"T1|('H', 1, 0.2, -0.2)",T1,"('H', 1, 0.2, -0.2)",10,2.25,0.4136675555526921,14.5
"T1|('H', 1, 0.2, 0.0)",T1,"('H', 1, 0.2, 0.0)",10,6.5,0.41624315275666735,14.5
"T1|('H', 1, 0.2, 0.1)",T1,"('H', 1, 0.2, 0.1)",10,9.30952380952381,0.41624315275666735,14.75
"T1|('H', 1, 0.3, -0.3)",T1,"('H', 1, 0.3, -0.3)",10,1.6666666666666667,0.45903998474310326,18.0
"T1|('H', 1, 0.3, 0.0)",T1,"('H', 1, 0.3, 0.0)",10,5.309523809523809,0.46297984012782784,18.0
"T1|('H', 1, 0.3, 0.15)",T1,"('H', 1, 0.3, 0.15)",10,8.0,0.46297984012782784,18.0
"T1|('H', 1, 0.4, -0.4)",T1,"('H', 1, 0.4, -0.4)",10,1.3095238095238095,0.5046164066835259,21.0
"T1|('H', 1, 0.4, 0.0)",T1,"('H', 1, 0.4, 0.0)",10,4.5,0.5229014354421331,21.25
"T1|('H', 1, 0.4, 0.2)",T1,"('H', 1, 0.4, 0.2)",10,7.0,0.5229014354421331,21.25
"T1|('H', 1, 0.5, -0.5)",T1,"('H', 1, 0.5, -0.5)",10,1.0,0.5398415816236377,25.0
"T1|('H', 1, 0.5, 0.0)",T1,"('H', 1, 0.5, 0.0)",10,3.8333333333333335,0.5675305602975863,26.0
"T1|('H', 1, 0.5, 0.25)",T1,"('H', 1, 0.5, 0.25)",10,6.0,0.5675305602975863,26.0
"T1|('H', 3, 0.1, -0.1)",T1,"('H', 3, 0.1, -0.1)",10,2.126984126984127,0.40557373759721993,15.0
"T1|('H', 3, 0.1, 0.0)",T1,"('H', 3, 0.1, 0.0)",10,4.775,0.40664508961421386,15.0
"T1|('H', 3, 0.1, 0.05)",T1,"('H', 3, 0.1, 0.05)",10,5.8,0.40664508961421386,15.0
"T1|('H', 3, 0.2, -0.2)",T1,"('H', 3, 0.2, -0.2)",10,1.6333333333333333,0.45927357055034923,18.0
"T1|('H', 3, 0.2, 0.0)",T1,"('H', 3, 0.2, 0.0)",10,4.309523809523809,0.46496875305518137,18.0
"T1|('H', 3, 0.2, 0.1)",T1,"('H', 3, 0.2, 0.1)",10,5.2,0.46496875305518137,18.0
"T1|('H', 3, 0.3, -0.3)",T1,"('H', 3, 0.3, -0.3)",10,1.2,0.4940493721648566,22.0
"T1|('H', 3, 0.3, 0.0)",T1,"('H', 3, 0.3, 0.0)",10,3.6,0.5020751536545955,22.0
"T1|('H', 3, 0.3, 0.15)",T1,"('H', 3, 0.3, 0.15)",10,4.535714285714286,0.5056588560363773,22.0
"T1|('H', 3, 0.4, -0.4)",T1,"('H', 3, 0.4, -0.4)",10,1.0,0.5181526084904247,24.0
"T1|('H', 3, 0.4, 0.0)",T1,"('H', 3, 0.4, 0.0)",10,3.1547619047619047,0.5597618729382893,27.0
"T1|('H', 3, 0.4, 0.2)",T1,"('H', 3, 0.4, 0.2)",10,4.0,0.5618048173007378,27.0
"T1|('H', 3, 0.5, -0.5)",T1,"('H', 3, 0.5, -0.5)",10,0.788888888888889,0.5514434749433044,28.0
"T1|('H', 3, 0.5, 0.0)",T1,"('H', 3, 0.5, 0.0)",10,2.6666666666666665,0.6673201950207014,33.0
"T1|('H', 3, 0.5, 0.25)",T1,"('H', 3, 0.5, 0.25)",10,3.5357142857142856,0.6673201950207014,33.25
"T1|('H', 5, 0.1, -0.1)",T1,"('H', 5, 0.1, -0.1)",10,1.8,0.4271588003827314,17.0
"T1|('H', 5, 0.1, 0.0)",T1,"('H', 5, 0.1, 0.0)",10,4.2,0.43336389018287513,17.75
"T1|('H', 5, 0.1, 0.05)",T1,"('H', 5, 0.1, 0.05)",10,4.928571428571429,0.43336389018287513,17.75
"T1|('H', 5, 0.2, -0.2)",T1,"('H', 5, 0.2, -0.2)",10,1.3333333333333333,0.46730543737878333,21.0
"T1|('H', 5, 0.2, 0.0)",T1,"('H', 5, 0.2, 0.0)",10,3.6,0.48195439770319815,21.0
"T1|('H', 5, 0.2, 0.1)",T1,"('H', 5, 0.2, 0.1)",10,4.333333333333333,0.48195439770319815,21.0
"T1|('H', 5, 0.3, -0.3)",T1,"('H', 5, 0.3, -0.3)",10,1.0,0.5,23.0
"T1|('H', 5, 0.3, 0.0)",T1,"('H', 5, 0.3, 0.0)",10,3.1714285714285717,0.521901500090392,24.0
"T1|('H', 5, 0.3, 0.15)",T1,"('H', 5, 0.3, 0.15)",10,3.8166666666666664,0.5233759674289112,24.0
"T1|('H', 5, 0.4, -0.4)",T1,"('H', 5, 0.4, -0.4)",10,1.0,0.5,25.25
"T1|('H', 5, 0.4, 0.0)",T1,"('H', 5, 0.4, 0.0)",10,2.708333333333333,0.6090330726678503,30.0
"T1|('H', 5, 0.4, 0.2)",T1,"('H', 5, 0.4, 0.2)",10,3.3333333333333335,0.6150255488585425,30.0
"T1|('H', 5, 0.5, -0.5)",T1,"('H', 5, 0.5, -0.5)",10,0.6,0.5276854010524984,27.25
"T1|('H', 5, 0.5, 0.0)",T1,"('H', 5, 0.5, 0.0)",10,2.25,0.7168208362163545,37.0
"T1|('H', 5, 0.5, 0.25)",T1,"('H', 5, 0.5, 0.25)",10,2.6904761904761907,0.7168208362163545,37.75
"T1|('H', 10, 0.1, -0.1)",T1,"('H', 10, 0.1, -0.1)",10,1.4,0.4758787618478797,21.0
"T1|('H', 10, 0.1, 0.0)",T1,"('H', 10, 0.1, 0.0)",10,3.2,0.4859224055066611,21.75
"T1|('H', 10, 0.1, 0.05)",T1,"('H', 10, 0.1, 0.05)",10,3.6,0.4881901036686439,21.75
"T1|('H', 10, 0.2, -0.2)",T1,"('H', 10, 0.2, -0.2)",10,1.0,0.4790855905953728,24.0
"T1|('H', 10, 0.2, 0.0)",T1,"('H', 10, 0.2, 0.0)",10,2.8,0.5238229769138081,25.25
"T1|('H', 10, 0.2, 0.1)",T1,"('H', 10, 0.2, 0.1)",10,3.225,0.5264997093913399,25.75
"T1|('H', 10, 0.3, -0.3)",T1,"('H', 10, 0.3, -0.3)",10,0.8166666666666667,0.5,26.0
"T1|('H', 10, 0.3, 0.0)",T1,"('H', 10, 0.3, 0.0)",10,2.4,0.6073337643357175,31.0
"T1|('H', 10, 0.3, 0.15)",T1,"('H', 10, 0.3, 0.15)",10,2.8166666666666664,0.6177639876152181,31.0
"T1|('H', 10, 0.4, -0.4)",T1,"('H', 10, 0.4, -0.4)",10,0.6,0.5131138717829868,27.0
"T1|('H', 10, 0.4, 0.0)",T1,"('H', 10, 0.4, 0.0)",10,2.0,0.694888642182595,36.25
"T1|('H', 10, 0.4, 0.2)",T1,"('H', 10, 0.4, 0.2)",10,2.4,0.7088869126502457,36.75
"T1|('H', 10, 0.5, -0.5)",T1,"('H', 10, 0.5, -0.5)",10,0.3333333333333333,0.5,23.75
"T1|('H', 10, 0.5, 0.0)",T1,"('H', 10, 0.5, 0.0)",10,1.5,0.8490556717277571,43.75
"T1|('H', 10, 0.5, 0.25)",T1,"('H', 10, 0.5, 0.25)",10,2.0,0.8541477363157386,45.25
"T1|('C', 0, 0.0, 0.5)",T1,"('C', 0, 0.0, 0.5)",10,2.4,0.39894576813742183,14.5
"T1|('C', 0, 0.0, 1)",T1,"('C', 0, 0.0, 1)",10,1.8571428571428572,0.4270842594489822,17.5
"T1|('C', 0, 0.0, 2)",T1,"('C', 0, 0.0, 2)",10,1.4,0.4440141242687857,20.0
"T1|('C', 0, 0.0, 4)",T1,"('C', 0, 0.0, 4)",10,1.0,0.46113653478151184,23.0
"T1|('C', 0, 0.0, 8)",T1,"('C', 0, 0.0, 8)",10,0.75,0.5,28.0
"T1|('C', 0, 0.1, 0.5)",T1,"('C', 0, 0.1, 0.5)",10,1.6904761904761905,0.44987135140885215,17.25
"T1|('C', 0, 0.1, 1)",T1,"('C', 0, 0.1, 1)",10,1.4,0.46949719703917253,20.0
"T1|('C', 0, 0.1, 2)",T1,"('C', 0, 0.1, 2)",10,1.0555555555555556,0.4820129391492476,23.0
"T1|('C', 0, 0.1, 4)",T1,"('C', 0, 0.1, 4)",10,0.9375,0.5,26.25
"T1|('C', 0, 0.1, 8)",T1,"('C', 0, 0.1, 8)",10,0.5857142857142856,0.5,26.0
"T1|('C', 0, 0.2, 0.5)",T1,"('C', 0, 0.2, 0.5)",10,1.3541666666666665,0.4793694733395999,20.75
"T1|('C', 0, 0.2, 1)",T1,"('C', 0, 0.2, 1)",10,1.0,0.4909637188511854,22.5
"T1|('C', 0, 0.2, 2)",T1,"('C', 0, 0.2, 2)",10,1.0,0.5,25.0
"T1|('C', 0, 0.2, 4)",T1,"('C', 0, 0.2, 4)",10,0.6666666666666666,0.5259773349207102,27.75
"T1|('C', 0, 0.2, 8)",T1,"('C', 0, 0.2, 8)",10,0.3333333333333333,0.5,24.5
"T1|('C', 0, 0.3, 0.5)",T1,"('C', 0, 0.3, 0.5)",10,1.0,0.5,23.25
"T1|('C', 0, 0.3, 1)",T1,"('C', 0, 0.3, 1)",10,1.0,0.5156282656335212,25.0
"T1|('C', 0, 0.3, 2)",T1,"('C', 0, 0.3, 2)",10,0.6666666666666666,0.5110961324080616,27.0
"T1|('C', 0, 0.3, 4)",T1,"('C', 0, 0.3, 4)",10,0.3484848484848485,0.5,25.0
"T1|('C', 0, 0.3, 8)",T1,"('C', 0, 0.3, 8)",10,0.0,0.5,23.5
"TS|('H', 1, 0.1, -0.1)",TS,"('H', 1, 0.1, -0.1)",10,1.5,0.3315900019556761,13.25
"TS|('H', 1, 0.1, 0.0)",TS,"('H', 1, 0.1, 0.0)",10,3.0,0.38043534485508473,14.75
"TS|('H', 1, 0.1, 0.05)",TS,"('H', 1, 0.1, 0.05)",10,4.0,0.38043534485508473,15.0
"TS|('H', 1, 0.2, -0.2)",TS,"('H', 1, 0.2, -0.2)",10,0.8888888888888888,0.35112426490227366,17.0
"TS|('H', 1, 0.2, 0.0)",TS,"('H', 1, 0.2, 0.0)",10,2.763888888888889,0.45857002565107485,23.0
"TS|('H', 1, 0.2, 0.1)",TS,"('H', 1, 0.2, 0.1)",10,4.535714285714286,0.5,24.0
"TS|('H', 1, 0.3, -0.3)",TS,"('H', 1, 0.3, -0.3)",10,0.3333333333333333,0.4081838680171105,15.75
"TS|('H', 1, 0.3, 0.0)",TS,"('H', 1, 0.3, 0.0)",10,2.225,0.5158762558925796,25.75
"TS|('H', 1, 0.3, 0.15)",TS,"('H', 1, 0.3, 0.15)",10,4.75,0.711579354586646,35.75
"TS|('H', 1, 0.4, -0.4)",TS,"('H', 1, 0.4, -0.4)",10,0.0,0.5,14.0
"TS|('H', 1, 0.4, 0.0)",TS,"('H', 1, 0.4, 0.0)",10,1.5,1.0,40.0
"TS|('H', 1, 0.4, 0.2)",TS,"('H', 1, 0.4, 0.2)",10,3.25,1.0,55.75
"TS|('H', 1, 0.5, -0.5)",TS,"('H', 1, 0.5, -0.5)",10,0.0,0.5,23.75
"TS|('H', 1, 0.5, 0.0)",TS,"('H', 1, 0.5, 0.0)",10,0.5,1.0,64.0
"TS|('H', 1, 0.5, 0.25)",TS,"('H', 1, 0.5, 0.25)",10,0.6666666666666666,1.0,72.0
"TS|('H', 3, 0.1, -0.1)",TS,"('H', 3, 0.1, -0.1)",10,0.5714285714285714,0.42115370014954506,17.0
"TS|('H', 3, 0.1, 0.0)",TS,"('H', 3, 0.1, 0.0)",10,1.6666666666666667,0.4510730385636281,17.0
"TS|('H', 3, 0.1, 0.05)",TS,"('H', 3, 0.1, 0.05)",10,2.4,0.48616174611278273,20.5
"TS|('H', 3, 0.2, -0.2)",TS,"('H', 3, 0.2, -0.2)",10,0.4,0.43429158406768087,16.5
"TS|('H', 3, 0.2, 0.0)",TS,"('H', 3, 0.2, 0.0)",10,1.6,0.5,22.75
"TS|('H', 3, 0.2, 0.1)",TS,"('H', 3, 0.2, 0.1)",10,2.4722222222222223,0.5390717621504264,25.0
"TS|('H', 3, 0.3, -0.3)",TS,"('H', 3, 0.3, -0.3)",10,0.25,0.5,15.0
"TS|('H', 3, 0.3, 0.0)",TS,"('H', 3, 0.3, 0.0)",10,1.2,0.6193280216689961,28.75
"TS|('H', 3, 0.3, 0.15)",TS,"('H', 3, 0.3, 0.15)",10,2.5982142857142856,0.9303063871360729,40.25
"TS|('H', 3, 0.4, -0.4)",TS,"('H', 3, 0.4, -0.4)",10,0.0,0.5,14.5
"TS|('H', 3, 0.4, 0.0)",TS,"('H', 3, 0.4, 0.0)",10,0.8166666666666667,1.0,42.25
"TS|('H', 3, 0.4, 0.2)",TS,"('H', 3, 0.4, 0.2)",10,1.7888888888888888,1.0,59.0
"TS|('H', 3, 0.5, -0.5)",TS,"('H', 3, 0.5, -0.5)",10,0.0,0.5,24.5
"TS|('H', 3, 0.5, 0.0)",TS,"('H', 3, 0.5, 0.0)",10,0.2,1.0,60.75
"TS|('H', 3, 0.5, 0.25)",TS,"('H', 3, 0.5, 0.25)",10,0.30952380952380953,1.0,80.0
"TS|('H', 5, 0.1, -0.1)",TS,"('H', 5, 0.1, -0.1)",10,0.5,0.45454855553560414,16.0
"TS|('H', 5, 0.1, 0.0)",TS,"('H', 5, 0.1, 0.0)",10,1.2916666666666665,0.48508974703456154,19.5
"TS|('H', 5, 0.1, 0.05)",TS,"('H', 5, 0.1, 0.05)",10,2.0,0.5,20.0
"TS|('H', 5, 0.2, -0.2)",TS,"('H', 5, 0.2, -0.2)",10,0.4,0.4441023644629584,15.75
"TS|('H', 5, 0.2, 0.0)",TS,"('H', 5, 0.2, 0.0)",10,1.1428571428571428,0.5,21.5
"TS|('H', 5, 0.2, 0.1)",TS,"('H', 5, 0.2, 0.1)",10,2.0,0.5820494383207164,28.5
"TS|('H', 5, 0.3, -0.3)",TS,"('H', 5, 0.3, -0.3)",10,0.2361111111111111,0.5,15.0
"TS|('H', 5, 0.3, 0.0)",TS,"('H', 5, 0.3, 0.0)",10,1.0,0.6614866361363931,29.75
"TS|('H', 5, 0.3, 0.15)",TS,"('H', 5, 0.3, 0.15)",10,2.0,1.0,43.0
"TS|('H', 5, 0.4, -0.4)",TS,"('H', 5, 0.4, -0.4)",10,0.0,0.5,15.0
"TS|('H', 5, 0.4, 0.0)",TS,"('H', 5, 0.4, 0.0)",10,0.5,1.0,41.75
"TS|('H', 5, 0.4, 0.2)",TS,"('H', 5, 0.4, 0.2)",10,1.3333333333333333,1.0,59.0
"TS|('H', 5, 0.5, -0.5)",TS,"('H', 5, 0.5, -0.5)",10,0.0,0.5,25.5
"TS|('H', 5, 0.5, 0.0)",TS,"('H', 5, 0.5, 0.0)",10,0.2,1.0,57.5
"TS|('H', 5, 0.5, 0.25)",TS,"('H', 5, 0.5, 0.25)",10,0.0,1.0,81.0
"TS|('H', 10, 0.1, -0.1)",TS,"('H', 10, 0.1, -0.1)",10,0.42857142857142855,0.47920681047994085,14.75
"TS|('H', 10, 0.1, 0.0)",TS,"('H', 10, 0.1, 0.0)",10,1.0,0.5,18.0
"TS|('H', 10, 0.1, 0.05)",TS,"('H', 10, 0.1, 0.05)",10,1.2,0.5,20.5
"TS|('H', 10, 0.2, -0.2)",TS,"('H', 10, 0.2, -0.2)",10,0.4,0.5,12.0
"TS|('H', 10, 0.2, 0.0)",TS,"('H', 10, 0.2, 0.0)",10,1.0,0.5,20.5
"TS|('H', 10, 0.2, 0.1)",TS,"('H', 10, 0.2, 0.1)",10,1.3333333333333333,0.6355539473016166,28.0
"TS|('H', 10, 0.3, -0.3)",TS,"('H', 10, 0.3, -0.3)",10,0.0,0.5,11.75
"TS|('H', 10, 0.3, 0.0)",TS,"('H', 10, 0.3, 0.0)",10,0.7142857142857143,0.5728049475467485,27.25
"TS|('H', 10, 0.3, 0.15)",TS,"('H', 10, 0.3, 0.15)",10,1.3333333333333333,1.0,43.25
"TS|('H', 10, 0.4, -0.4)",TS,"('H', 10, 0.4, -0.4)",10,0.0,0.5,17.0
"TS|('H', 10, 0.4, 0.0)",TS,"('H', 10, 0.4, 0.0)",10,0.3333333333333333,1.0,32.5
"TS|('H', 10, 0.4, 0.2)",TS,"('H', 10, 0.4, 0.2)",10,0.75,1.0,64.5
"TS|('H', 10, 0.5, -0.5)",TS,"('H', 10, 0.5, -0.5)",10,0.0,0.5,26.0
"TS|('H', 10, 0.5, 0.0)",TS,"('H', 10, 0.5, 0.0)",10,0.0,1.0,64.0
"TS|('H', 10, 0.5, 0.25)",TS,"('H', 10, 0.5, 0.25)",10,0.0,1.0,82.0
"TS|('C', 0, 0.0, 0.5)",TS,"('C', 0, 0.0, 0.5)",10,0.8,0.4150587089970995,15.5
"TS|('C', 0, 0.0, 1)",TS,"('C', 0, 0.0, 1)",10,0.5714285714285714,0.4683699295274418,17.0
"TS|('C', 0, 0.0, 2)",TS,"('C', 0, 0.0, 2)",10,0.5,0.41252566803110685,14.5
"TS|('C', 0, 0.0, 4)",TS,"('C', 0, 0.0, 4)",10,0.4,0.48060490911139475,11.75
"TS|('C', 0, 0.0, 8)",TS,"('C', 0, 0.0, 8)",10,0.3333333333333333,0.4916767627099945,11.75
"TS|('C', 0, 0.1, 0.5)",TS,"('C', 0, 0.1, 0.5)",10,0.5,0.4300365852032666,17.0
"TS|('C', 0, 0.1, 1)",TS,"('C', 0, 0.1, 1)",10,0.4,0.4290706867054921,16.75
"TS|('C', 0, 0.1, 2)",TS,"('C', 0, 0.1, 2)",10,0.4,0.4929874288850369,13.0
"TS|('C', 0, 0.1, 4)",TS,"('C', 0, 0.1, 4)",10,0.3333333333333333,0.4819099875130361,11.5
"TS|('C', 0, 0.1, 8)",TS,"('C', 0, 0.1, 8)",10,0.125,0.5,13.75
"TS|('C', 0, 0.2, 0.5)",TS,"('C', 0, 0.2, 0.5)",10,0.3333333333333333,0.471289433436268,15.0
"TS|('C', 0, 0.2, 1)",TS,"('C', 0, 0.2, 1)",10,0.3333333333333333,0.5,12.5
"TS|('C', 0, 0.2, 2)",TS,"('C', 0, 0.2, 2)",10,0.2111111111111111,0.5,13.0
"TS|('C', 0, 0.2, 4)",TS,"('C', 0, 0.2, 4)",10,0.0,0.5,13.0
"TS|('C', 0, 0.2, 8)",TS,"('C', 0, 0.2, 8)",10,0.0,0.5,16.0
"TS|('C', 0, 0.3, 0.5)",TS,"('C', 0, 0.3, 0.5)",10,0.0,0.5,13.75
"TS|('C', 0, 0.3, 1)",TS,"('C', 0, 0.3, 1)",10,0.0,0.5,13.0
"TS|('C', 0, 0.3, 2)",TS,"('C', 0, 0.3, 2)",10,0.0,0.5,16.25
"TS|('C', 0, 0.3, 4)",TS,"('C', 0, 0.3, 4)",10,0.0,0.5,20.5
"TS|('C', 0, 0.3, 8)",TS,"('C', 0, 0.3, 8)",10,0.0,0.5,22.75
"RV|('H', 1, 0.1, -0.1)",RV,"('H', 1, 0.1, -0.1)",10,3.8166666666666664,0.36713833428953424,13.25
"RV|('H', 1, 0.1, 0.0)",RV,"('H', 1, 0.1, 0.0)",10,6.401785714285714,0.36713833428953424,13.25
"RV|('H', 1, 0.1, 0.05)",RV,"('H', 1, 0.1, 0.05)",10,7.757142857142857,0.36713833428953424,13.25
"RV|('H', 1, 0.2, -0.2)",RV,"('H', 1, 0.2, -0.2)",10,3.0,0.3891119771414262,15.5
"RV|('H', 1, 0.2, 0.0)",RV,"('H', 1, 0.2, 0.0)",10,6.325,0.39357442677213084,16.25
"RV|('H', 1, 0.2, 0.1)",RV,"('H', 1, 0.2, 0.1)",10,8.0,0.39357442677213084,16.25
"RV|('H', 1, 0.3, -0.3)",RV,"('H', 1, 0.3, -0.3)",10,2.3333333333333335,0.40927070031518487,18.0
"RV|('H', 1, 0.3, 0.0)",RV,"('H', 1, 0.3, 0.0)",10,5.5,0.4208732892053749,18.25
"RV|('H', 1, 0.3, 0.15)",RV,"('H', 1, 0.3, 0.15)",10,7.675,0.42240771006425953,18.25
"RV|('H', 1, 0.4, -0.4)",RV,"('H', 1, 0.4, -0.4)",10,1.8,0.4428188340133418,20.0
"RV|('H', 1, 0.4, 0.0)",RV,"('H', 1, 0.4, 0.0)",10,5.0,0.4723805080258214,21.0
"RV|('H', 1, 0.4, 0.2)",RV,"('H', 1, 0.4, 0.2)",10,7.183333333333334,0.4723805080258214,21.0
"RV|('H', 1, 0.5, -0.5)",RV,"('H', 1, 0.5, -0.5)",10,1.5,0.4809475465573405,22.0
"RV|('H', 1, 0.5, 0.0)",RV,"('H', 1, 0.5, 0.0)",10,4.392857142857142,0.5176340232011181,25.0
"RV|('H', 1, 0.5, 0.25)",RV,"('H', 1, 0.5, 0.25)",10,6.4,0.5287994775284406,25.0
"RV|('H', 3, 0.1, -0.1)",RV,"('H', 3, 0.1, -0.1)",10,2.071428571428571,0.4109290029204594,18.0
"RV|('H', 3, 0.1, 0.0)",RV,"('H', 3, 0.1, 0.0)",10,4.0,0.41337470882300115,18.0
"RV|('H', 3, 0.1, 0.05)",RV,"('H', 3, 0.1, 0.05)",10,5.0,0.41337470882300115,18.0
"RV|('H', 3, 0.2, -0.2)",RV,"('H', 3, 0.2, -0.2)",10,1.6666666666666667,0.4411667551600639,19.0
"RV|('H', 3, 0.2, 0.0)",RV,"('H', 3, 0.2, 0.0)",10,4.083333333333334,0.447855192188443,20.25
"RV|('H', 3, 0.2, 0.1)",RV,"('H', 3, 0.2, 0.1)",10,5.0,0.447855192188443,20.75
"RV|('H', 3, 0.3, -0.3)",RV,"('H', 3, 0.3, -0.3)",10,1.5,0.46830915592940137,21.0
"RV|('H', 3, 0.3, 0.0)",RV,"('H', 3, 0.3, 0.0)",10,3.6333333333333333,0.5,22.0
"RV|('H', 3, 0.3, 0.15)",RV,"('H', 3, 0.3, 0.15)",10,4.464285714285714,0.5,22.25
"RV|('H', 3, 0.4, -0.4)",RV,"('H', 3, 0.4, -0.4)",10,1.2,0.48713260199675235,24.0
"RV|('H', 3, 0.4, 0.0)",RV,"('H', 3, 0.4, 0.0)",10,3.2,0.5173484240141877,25.25
"RV|('H', 3, 0.4, 0.2)",RV,"('H', 3, 0.4, 0.2)",10,4.0,0.5443274104486857,25.5
"RV|('H', 3, 0.5, -0.5)",RV,"('H', 3, 0.5, -0.5)",10,1.0,0.5,25.5
"RV|('H', 3, 0.5, 0.0)",RV,"('H', 3, 0.5, 0.0)",10,2.8166666666666664,0.6079843742028288,30.0
"RV|('H', 3, 0.5, 0.25)",RV,"('H', 3, 0.5, 0.25)",10,3.5357142857142856,0.6162822453710717,30.5
"RV|('H', 5, 0.1, -0.1)",RV,"('H', 5, 0.1, -0.1)",10,1.6666666666666667,0.4420658812264737,19.0
"RV|('H', 5, 0.1, 0.0)",RV,"('H', 5, 0.1, 0.0)",10,3.645833333333333,0.4454739894906012,19.0
"RV|('H', 5, 0.1, 0.05)",RV,"('H', 5, 0.1, 0.05)",10,4.154761904761905,0.45041476769233757,19.5
"RV|('H', 5, 0.2, -0.2)",RV,"('H', 5, 0.2, -0.2)",10,1.4365079365079365,0.46489577236117263,20.0
"RV|('H', 5, 0.2, 0.0)",RV,"('H', 5, 0.2, 0.0)",10,3.380952380952381,0.48012844844977687,22.0
"RV|('H', 5, 0.2, 0.1)",RV,"('H', 5, 0.2, 0.1)",10,4.0,0.4815438766949725,22.0
"RV|('H', 5, 0.3, -0.3)",RV,"('H', 5, 0.3, -0.3)",10,1.1833333333333333,0.48906135084532687,23.0
"RV|('H', 5, 0.3, 0.0)",RV,"('H', 5, 0.3, 0.0)",10,3.0,0.5102783039030194,24.0
"RV|('H', 5, 0.3, 0.15)",RV,"('H', 5, 0.3, 0.15)",10,3.5,0.5120310551206793,24.0
"RV|('H', 5, 0.4, -0.4)",RV,"('H', 5, 0.4, -0.4)",10,1.0,0.4978625749878165,24.0
"RV|('H', 5, 0.4, 0.0)",RV,"('H', 5, 0.4, 0.0)",10,2.5,0.5676601138794551,28.0
"RV|('H', 5, 0.4, 0.2)",RV,"('H', 5, 0.4, 0.2)",10,3.1714285714285717,0.5788514798713851,28.75
"RV|('H', 5, 0.5, -0.5)",RV,"('H', 5, 0.5, -0.5)",10,0.6666666666666666,0.5,27.75
"RV|('H', 5, 0.5, 0.0)",RV,"('H', 5, 0.5, 0.0)",10,2.236111111111111,0.6492826978047976,33.0
"RV|('H', 5, 0.5, 0.25)",RV,"('H', 5, 0.5, 0.25)",10,2.8,0.6615897307921639,35.0
"RV|('H', 10, 0.1, -0.1)",RV,"('H', 10, 0.1, -0.1)",10,1.3666666666666667,0.4595315120956226,21.25
"RV|('H', 10, 0.1, 0.0)",RV,"('H', 10, 0.1, 0.0)",10,3.0,0.4704452615010326,21.75
"RV|('H', 10, 0.1, 0.05)",RV,"('H', 10, 0.1, 0.05)",10,3.1714285714285717,0.49162925318974715,22.0
"RV|('H', 10, 0.2, -0.2)",RV,"('H', 10, 0.2, -0.2)",10,1.0,0.48614138103813154,23.75
"RV|('H', 10, 0.2, 0.0)",RV,"('H', 10, 0.2, 0.0)",10,2.5714285714285716,0.5,25.25
"RV|('H', 10, 0.2, 0.1)",RV,"('H', 10, 0.2, 0.1)",10,2.857142857142857,0.509111969073223,26.0
"RV|('H', 10, 0.3, -0.3)",RV,"('H', 10, 0.3, -0.3)",10,0.8571428571428571,0.4878287602297366,26.0
"RV|('H', 10, 0.3, 0.0)",RV,"('H', 10, 0.3, 0.0)",10,2.25,0.5419037609797037,30.0
"RV|('H', 10, 0.3, 0.15)",RV,"('H', 10, 0.3, 0.15)",10,2.6,0.5693661168009699,30.0
"RV|('H', 10, 0.4, -0.4)",RV,"('H', 10, 0.4, -0.4)",10,0.6666666666666666,0.5,25.0
"RV|('H', 10, 0.4, 0.0)",RV,"('H', 10, 0.4, 0.0)",10,2.0,0.6290523240458976,33.75
"RV|('H', 10, 0.4, 0.2)",RV,"('H', 10, 0.4, 0.2)",10,2.3333333333333335,0.6756560536781966,34.0
"RV|('H', 10, 0.5, -0.5)",RV,"('H', 10, 0.5, -0.5)",10,0.5,0.5,22.0
"RV|('H', 10, 0.5, 0.0)",RV,"('H', 10, 0.5, 0.0)",10,1.6,0.6968591070723382,39.0
"RV|('H', 10, 0.5, 0.25)",RV,"('H', 10, 0.5, 0.25)",10,2.0,0.7331625623007496,41.0
"RV|('C', 0, 0.0, 0.5)",RV,"('C', 0, 0.0, 0.5)",10,2.55,0.4028884069682005,17.0
"RV|('C', 0, 0.0, 1)",RV,"('C', 0, 0.0, 1)",10,1.8571428571428572,0.41692011146158736,18.25
"RV|('C', 0, 0.0, 2)",RV,"('C', 0, 0.0, 2)",10,1.5,0.45426989564910214,20.25
"RV|('C', 0, 0.0, 4)",RV,"('C', 0, 0.0, 4)",10,1.0,0.47107005684571407,24.0
"RV|('C', 0, 0.0, 8)",RV,"('C', 0, 0.0, 8)",10,0.8,0.49939362739000737,25.0
"RV|('C', 0, 0.1, 0.5)",RV,"('C', 0, 0.1, 0.5)",10,2.0,0.40899440165192347,18.0
"RV|('C', 0, 0.1, 1)",RV,"('C', 0, 0.1, 1)",10,1.5357142857142856,0.44613921690543856,19.5
"RV|('C', 0, 0.1, 2)",RV,"('C', 0, 0.1, 2)",10,1.25,0.46058591600135695,23.0
"RV|('C', 0, 0.1, 4)",RV,"('C', 0, 0.1, 4)",10,1.0,0.4802276930087458,26.0
"RV|('C', 0, 0.1, 8)",RV,"('C', 0, 0.1, 8)",10,0.6666666666666666,0.5,22.75
"RV|('C', 0, 0.2, 0.5)",RV,"('C', 0, 0.2, 0.5)",10,1.6,0.4476944078427305,19.75
"RV|('C', 0, 0.2, 1)",RV,"('C', 0, 0.2, 1)",10,1.4,0.4721760997903136,22.0
"RV|('C', 0, 0.2, 2)",RV,"('C', 0, 0.2, 2)",10,1.0,0.48402596234018036,23.5
"RV|('C', 0, 0.2, 4)",RV,"('C', 0, 0.2, 4)",10,0.775,0.5,26.0
"RV|('C', 0, 0.2, 8)",RV,"('C', 0, 0.2, 8)",10,0.5,0.5,22.0
"RV|('C', 0, 0.3, 0.5)",RV,"('C', 0, 0.3, 0.5)",10,1.4,0.46403657811675975,22.0
"RV|('C', 0, 0.3, 1)",RV,"('C', 0, 0.3, 1)",10,1.0,0.4868963180646939,24.5
"RV|('C', 0, 0.3, 2)",RV,"('C', 0, 0.3, 2)",10,0.8,0.5,24.75
"RV|('C', 0, 0.3, 4)",RV,"('C', 0, 0.3, 4)",10,0.5714285714285714,0.49790489570599616,21.5
"RV|('C', 0, 0.3, 8)",RV,"('C', 0, 0.3, 8)",10,0.3333333333333333,0.5,18.0
"B0.5|('H', 1, 0.1, -0.1)",B0.5,"('H', 1, 0.1, -0.1)",11,9.5,0.2114989852903218,3.0
"B0.5|('H', 1, 0.1, 0.0)",B0.5,"('H', 1, 0.1, 0.0)",11,17.0,0.21240651885094822,3.0
"B0.5|('H', 1, 0.1, 0.05)",B0.5,"('H', 1, 0.1, 0.05)",11,20.8,0.21303775351411888,3.0
"B0.5|('H', 1, 0.2, -0.2)",B0.5,"('H', 1, 0.2, -0.2)",11,6.75,0.2463390276666752,4.0
"B0.5|('H', 1, 0.2, 0.0)",B0.5,"('H', 1, 0.2, 0.0)",11,15.8,0.2463390276666752,4.0
"B0.5|('H', 1, 0.2, 0.1)",B0.5,"('H', 1, 0.2, 0.1)",11,21.0,0.24954553310960018,4.0
"B0.5|('H', 1, 0.3, -0.3)",B0.5,"('H', 1, 0.3, -0.3)",11,5.0,0.277871121977515,5.0
"B0.5|('H', 1, 0.3, 0.0)",B0.5,"('H', 1, 0.3, 0.0)",11,14.0,0.2799625681282892,5.0
"B0.5|('H', 1, 0.3, 0.15)",B0.5,"('H', 1, 0.3, 0.15)",11,20.4,0.28342941161655266,5.0
"B0.5|('H', 1, 0.4, -0.4)",B0.5,"('H', 1, 0.4, -0.4)",11,3.5,0.30671397375573023,6.5
"B0.5|('H', 1, 0.4, 0.0)",B0.5,"('H', 1, 0.4, 0.0)",11,12.666666666666666,0.31004616237096433,7.0
"B0.5|('H', 1, 0.4, 0.2)",B0.5,"('H', 1, 0.4, 0.2)",11,18.8,0.31059026337659457,7.0
"B0.5|('H', 1, 0.5, -0.5)",B0.5,"('H', 1, 0.5, -0.5)",11,1.6666666666666667,0.34841868947068494,10.5
"B0.5|('H', 1, 0.5, 0.0)",B0.5,"('H', 1, 0.5, 0.0)",11,8.0,0.45809129591831876,14.0
"B0.5|('H', 1, 0.5, 0.25)",B0.5,"('H', 1, 0.5, 0.25)",11,11.8,0.4972844696473263,15.0
"B0.5|('H', 3, 0.1, -0.1)",B0.5,"('H', 3, 0.1, -0.1)",11,5.0,0.27475636670955106,6.0
"B0.5|('H', 3, 0.1, 0.0)",B0.5,"('H', 3, 0.1, 0.0)",11,10.75,0.27475636670955106,6.0
"B0.5|('H', 3, 0.1, 0.05)",B0.5,"('H', 3, 0.1, 0.05)",11,12.666666666666666,0.27475636670955106,6.0
"B0.5|('H', 3, 0.2, -0.2)",B0.5,"('H', 3, 0.2, -0.2)",11,3.8,0.31304329795079056,7.5
"B0.5|('H', 3, 0.2, 0.0)",B0.5,"('H', 3, 0.2, 0.0)",11,10.0,0.31711630517850736,7.5
"B0.5|('H', 3, 0.2, 0.1)",B0.5,"('H', 3, 0.2, 0.1)",11,11.8,0.3225786157618925,7.5
"B0.5|('H', 3, 0.3, -0.3)",B0.5,"('H', 3, 0.3, -0.3)",11,3.0,0.3424529453388052,9.5
"B0.5|('H', 3, 0.3, 0.0)",B0.5,"('H', 3, 0.3, 0.0)",11,8.6,0.35432942833630204,10.0
"B0.5|('H', 3, 0.3, 0.15)",B0.5,"('H', 3, 0.3, 0.15)",11,10.5,0.35522267640884797,10.0
"B0.5|('H', 3, 0.4, -0.4)",B0.5,"('H', 3, 0.4, -0.4)",11,2.2,0.3843953345856363,13.0
"B0.5|('H', 3, 0.4, 0.0)",B0.5,"('H', 3, 0.4, 0.0)",11,6.5,0.4239524371152712,14.0
"B0.5|('H', 3, 0.4, 0.2)",B0.5,"('H', 3, 0.4, 0.2)",11,8.4,0.42576903729133087,14.0
"B0.5|('H', 3, 0.5, -0.5)",B0.5,"('H', 3, 0.5, -0.5)",11,0.25,0.6078129847097022,24.0
"B0.5|('H', 3, 0.5, 0.0)",B0.5,"('H', 3, 0.5, 0.0)",11,3.6666666666666665,0.8932805175444831,30.0
"B0.5|('H', 3, 0.5, 0.25)",B0.5,"('H', 3, 0.5, 0.25)",11,5.0,0.8932805175444831,30.5
"B0.5|('H', 5, 0.1, -0.1)",B0.5,"('H', 5, 0.1, -0.1)",11,4.0,0.3090514138797721,7.5
"B0.5|('H', 5, 0.1, 0.0)",B0.5,"('H', 5, 0.1, 0.0)",11,9.0,0.31022845737512833,7.5
"B0.5|('H', 5, 0.1, 0.05)",B0.5,"('H', 5, 0.1, 0.05)",11,10.4,0.31022845737512833,7.5
"B0.5|('H', 5, 0.2, -0.2)",B0.5,"('H', 5, 0.2, -0.2)",11,3.0,0.3317218024020499,10.0
"B0.5|('H', 5, 0.2, 0.0)",B0.5,"('H', 5, 0.2, 0.0)",11,8.0,0.34791784643511153,10.0
"B0.5|('H', 5, 0.2, 0.1)",B0.5,"('H', 5, 0.2, 0.1)",11,9.2,0.34857063870639365,10.0
"B0.5|('H', 5, 0.3, -0.3)",B0.5,"('H', 5, 0.3, -0.3)",11,2.3333333333333335,0.3837652913155939,12.5
"B0.5|('H', 5, 0.3, 0.0)",B0.5,"('H', 5, 0.3, 0.0)",11,6.4,0.4085511119165549,13.0
"B0.5|('H', 5, 0.3, 0.15)",B0.5,"('H', 5, 0.3, 0.15)",11,7.6,0.41493732357539714,13.0
"B0.5|('H', 5, 0.4, -0.4)",B0.5,"('H', 5, 0.4, -0.4)",11,1.4,0.44801166832990996,17.0
"B0.5|('H', 5, 0.4, 0.0)",B0.5,"('H', 5, 0.4, 0.0)",11,4.8,0.5394393327789538,18.0
"B0.5|('H', 5, 0.4, 0.2)",B0.5,"('H', 5, 0.4, 0.2)",11,6.0,0.5444480102814828,18.0
"B0.5|('H', 5, 0.5, -0.5)",B0.5,"('H', 5, 0.5, -0.5)",11,0.0,0.9754701349819265,29.5
"B0.5|('H', 5, 0.5, 0.0)",B0.5,"('H', 5, 0.5, 0.0)",11,2.6,1.0,39.5
"B0.5|('H', 5, 0.5, 0.25)",B0.5,"('H', 5, 0.5, 0.25)",11,3.6,1.0,39.5
"B0.5|('H', 10, 0.1, -0.1)",B0.5,"('H', 10, 0.1, -0.1)",11,2.75,0.3456064137356097,11.0
"B0.5|('H', 10, 0.1, 0.0)",B0.5,"('H', 10, 0.1, 0.0)",11,6.8,0.35713053932723127,12.0
"B0.5|('H', 10, 0.1, 0.05)",B0.5,"('H', 10, 0.1, 0.05)",11,7.333333333333333,0.361139781919778,12.0
"B0.5|('H', 10, 0.2, -0.2)",B0.5,"('H', 10, 0.2, -0.2)",11,2.0,0.39275897785890346,14.0
"B0.5|('H', 10, 0.2, 0.0)",B0.5,"('H', 10, 0.2, 0.0)",11,5.333333333333333,0.4279406526751938,15.0
"B0.5|('H', 10, 0.2, 0.1)",B0.5,"('H', 10, 0.2, 0.1)",11,6.0,0.4313272812250715,15.0
"B0.5|('H', 10, 0.3, -0.3)",B0.5,"('H', 10, 0.3, -0.3)",11,1.3333333333333333,0.48493815457050904,18.0
"B0.5|('H', 10, 0.3, 0.0)",B0.5,"('H', 10, 0.3, 0.0)",11,4.2,0.544598691344127,20.0
"B0.5|('H', 10, 0.3, 0.15)",B0.5,"('H', 10, 0.3, 0.15)",11,5.0,0.5634912836346955,21.0
"B0.5|('H', 10, 0.4, -0.4)",B0.5,"('H', 10, 0.4, -0.4)",11,0.3333333333333333,0.5562978665367467,23.0
"B0.5|('H', 10, 0.4, 0.0)",B0.5,"('H', 10, 0.4, 0.0)",11,2.6666666666666665,0.8551418422775783,31.0
"B0.5|('H', 10, 0.4, 0.2)",B0.5,"('H', 10, 0.4, 0.2)",11,3.3333333333333335,0.8552359038441508,31.0
"B0.5|('H', 10, 0.5, -0.5)",B0.5,"('H', 10, 0.5, -0.5)",11,0.0,1.0,29.5
"B0.5|('H', 10, 0.5, 0.0)",B0.5,"('H', 10, 0.5, 0.0)",11,1.75,1.0,46.0
"B0.5|('H', 10, 0.5, 0.25)",B0.5,"('H', 10, 0.5, 0.25)",11,2.3333333333333335,1.0,48.0
"B0.5|('C', 0, 0.0, 0.5)",B0.5,"('C', 0, 0.0, 0.5)",11,5.5,0.26949798935712377,5.0
"B0.5|('C', 0, 0.0, 1)",B0.5,"('C', 0, 0.0, 1)",11,4.2,0.3044962658591452,7.0
"B0.5|('C', 0, 0.0, 2)",B0.5,"('C', 0, 0.0, 2)",11,3.0,0.3281315203876355,10.0
"B0.5|('C', 0, 0.0, 4)",B0.5,"('C', 0, 0.0, 4)",11,2.0,0.38529012930426726,15.5
"B0.5|('C', 0, 0.0, 8)",B0.5,"('C', 0, 0.0, 8)",11,1.0,0.5,22.0
"B0.5|('C', 0, 0.1, 0.5)",B0.5,"('C', 0, 0.1, 0.5)",11,4.2,0.2977683441330623,6.5
"B0.5|('C', 0, 0.1, 1)",B0.5,"('C', 0, 0.1, 1)",11,3.4,0.3132791522370001,8.5
"B0.5|('C', 0, 0.1, 2)",B0.5,"('C', 0, 0.1, 2)",11,2.2,0.3627162646475005,12.0
"B0.5|('C', 0, 0.1, 4)",B0.5,"('C', 0, 0.1, 4)",11,1.3333333333333333,0.45902264444350677,18.0
"B0.5|('C', 0, 0.1, 8)",B0.5,"('C', 0, 0.1, 8)",11,0.4,0.5583466490156042,25.0
"B0.5|('C', 0, 0.2, 0.5)",B0.5,"('C', 0, 0.2, 0.5)",11,3.4,0.3226805817354757,8.0
"B0.5|('C', 0, 0.2, 1)",B0.5,"('C', 0, 0.2, 1)",11,2.5714285714285716,0.36226559508255496,12.0
"B0.5|('C', 0, 0.2, 2)",B0.5,"('C', 0, 0.2, 2)",11,1.6,0.4235253332639733,16.0
"B0.5|('C', 0, 0.2, 4)",B0.5,"('C', 0, 0.2, 4)",11,0.5,0.5409233811326875,23.0
"B0.5|('C', 0, 0.2, 8)",B0.5,"('C', 0, 0.2, 8)",11,0.0,0.8478191763037444,29.5
"B0.5|('C', 0, 0.3, 0.5)",B0.5,"('C', 0, 0.3, 0.5)",11,2.5,0.3668235878716509,12.0
"B0.5|('C', 0, 0.3, 1)",B0.5,"('C', 0, 0.3, 1)",11,1.6,0.42949572589889934,15.5
"B0.5|('C', 0, 0.3, 2)",B0.5,"('C', 0, 0.3, 2)",11,0.5,0.5315932473520203,22.0
"B0.5|('C', 0, 0.3, 4)",B0.5,"('C', 0, 0.3, 4)",11,0.0,0.8943025316825857,29.5
"B0.5|('C', 0, 0.3, 8)",B0.5,"('C', 0, 0.3, 8)",11,0.0,1.0,31.0
"B1|('H', 1, 0.1, -0.1)",B1,"('H', 1, 0.1, -0.1)",11,3.6666666666666665,0.36652770656903744,9.5
"B1|('H', 1, 0.1, 0.0)",B1,"('H', 1, 0.1, 0.0)",11,9.142857142857142,0.36652770656903744,10.0
"B1|('H', 1, 0.1, 0.05)",B1,"('H', 1, 0.1, 0.05)",11,12.166666666666666,0.36652770656903744,10.0
"B1|('H', 1, 0.2, -0.2)",B1,"('H', 1, 0.2, -0.2)",11,2.5,0.4225405840902696,12.0
"B1|('H', 1, 0.2, 0.0)",B1,"('H', 1, 0.2, 0.0)",11,7.5,0.4225405840902696,12.0
"B1|('H', 1, 0.2, 0.1)",B1,"('H', 1, 0.2, 0.1)",11,10.75,0.4225405840902696,12.5
"B1|('H', 1, 0.3, -0.3)",B1,"('H', 1, 0.3, -0.3)",11,1.8,0.4614885768822927,15.0
"B1|('H', 1, 0.3, 0.0)",B1,"('H', 1, 0.3, 0.0)",11,6.0,0.4695714389963183,16.0
"B1|('H', 1, 0.3, 0.15)",B1,"('H', 1, 0.3, 0.15)",11,9.2,0.4713439470924227,16.0
"B1|('H', 1, 0.4, -0.4)",B1,"('H', 1, 0.4, -0.4)",11,1.4,0.49339052745895623,20.0
"B1|('H', 1, 0.4, 0.0)",B1,"('H', 1, 0.4, 0.0)",11,5.0,0.5150708346539057,20.0
"B1|('H', 1, 0.4, 0.2)",B1,"('H', 1, 0.4, 0.2)",11,8.333333333333334,0.5201748761755293,20.0
"B1|('H', 1, 0.5, -0.5)",B1,"('H', 1, 0.5, -0.5)",11,1.0,0.5201596544740114,24.5
"B1|('H', 1, 0.5, 0.0)",B1,"('H', 1, 0.5, 0.0)",11,4.0,0.5962617260571206,27.0
"B1|('H', 1, 0.5, 0.25)",B1,"('H', 1, 0.5, 0.25)",11,6.75,0.5988433787788072,27.0
"B1|('H', 3, 0.1, -0.1)",B1,"('H', 3, 0.1, -0.1)",11,2.3333333333333335,0.41804222643637046,13.0
"B1|('H', 3, 0.1, 0.0)",B1,"('H', 3, 0.1, 0.0)",11,5.333333333333333,0.4199353103326845,13.0
"B1|('H', 3, 0.1, 0.05)",B1,"('H', 3, 0.1, 0.05)",11,6.5,0.4199353103326845,13.0
"B1|('H', 3, 0.2, -0.2)",B1,"('H', 3, 0.2, -0.2)",11,1.6666666666666667,0.4614885768822927,16.0
"B1|('H', 3, 0.2, 0.0)",B1,"('H', 3, 0.2, 0.0)",11,4.666666666666667,0.4826873265983291,17.0
"B1|('H', 3, 0.2, 0.1)",B1,"('H', 3, 0.2, 0.1)",11,5.6,0.4829715220645351,17.0
"B1|('H', 3, 0.3, -0.3)",B1,"('H', 3, 0.3, -0.3)",11,1.3333333333333333,0.4968954102069699,19.0
"B1|('H', 3, 0.3, 0.0)",B1,"('H', 3, 0.3, 0.0)",11,4.0,0.5182656655184139,20.5
"B1|('H', 3, 0.3, 0.15)",B1,"('H', 3, 0.3, 0.15)",11,5.166666666666667,0.5206641287318909,20.5
"B1|('H', 3, 0.4, -0.4)",B1,"('H', 3, 0.4, -0.4)",11,1.0,0.5147278977415009,24.0
"B1|('H', 3, 0.4, 0.0)",B1,"('H', 3, 0.4, 0.0)",11,3.5,0.5992327835987831,26.5
"B1|('H', 3, 0.4, 0.2)",B1,"('H', 3, 0.4, 0.2)",11,4.75,0.609697473210573,27.0
"B1|('H', 3, 0.5, -0.5)",B1,"('H', 3, 0.5, -0.5)",11,0.5,0.6352589548946197,25.5
"B1|('H', 3, 0.5, 0.0)",B1,"('H', 3, 0.5, 0.0)",11,2.3333333333333335,0.8214445694635134,35.5
"B1|('H', 3, 0.5, 0.25)",B1,"('H', 3, 0.5, 0.25)",11,3.0,0.8318458336934402,35.5
"B1|('H', 5, 0.1, -0.1)",B1,"('H', 5, 0.1, -0.1)",11,2.0,0.41265928529717644,15.0
"B1|('H', 5, 0.1, 0.0)",B1,"('H', 5, 0.1, 0.0)",11,4.666666666666667,0.4329059476139323,15.0
"B1|('H', 5, 0.1, 0.05)",B1,"('H', 5, 0.1, 0.05)",11,5.333333333333333,0.4329059476139323,15.0
"B1|('H', 5, 0.2, -0.2)",B1,"('H', 5, 0.2, -0.2)",11,1.4285714285714286,0.471915159633285,18.0
"B1|('H', 5, 0.2, 0.0)",B1,"('H', 5, 0.2, 0.0)",11,4.0,0.49521111361840964,18.5
"B1|('H', 5, 0.2, 0.1)",B1,"('H', 5, 0.2, 0.1)",11,4.8,0.4960922743429166,18.5
"B1|('H', 5, 0.3, -0.3)",B1,"('H', 5, 0.3, -0.3)",11,1.2,0.49566535695855907,21.0
"B1|('H', 5, 0.3, 0.0)",B1,"('H', 5, 0.3, 0.0)",11,3.3333333333333335,0.5541039702803927,23.0
"B1|('H', 5, 0.3, 0.15)",B1,"('H', 5, 0.3, 0.15)",11,4.4,0.5559615079917017,23.0
"B1|('H', 5, 0.4, -0.4)",B1,"('H', 5, 0.4, -0.4)",11,1.0,0.5273156654897025,25.5
"B1|('H', 5, 0.4, 0.0)",B1,"('H', 5, 0.4, 0.0)",11,2.8,0.657218044146787,30.0
"B1|('H', 5, 0.4, 0.2)",B1,"('H', 5, 0.4, 0.2)",11,3.8,0.6653772468966539,30.0
"B1|('H', 5, 0.5, -0.5)",B1,"('H', 5, 0.5, -0.5)",11,0.2,0.6217243103070331,27.0
"B1|('H', 5, 0.5, 0.0)",B1,"('H', 5, 0.5, 0.0)",11,1.8,0.9720928122153623,40.0
"B1|('H', 5, 0.5, 0.25)",B1,"('H', 5, 0.5, 0.25)",11,2.3333333333333335,0.9720928122153623,40.0
"B1|('H', 10, 0.1, -0.1)",B1,"('H', 10, 0.1, -0.1)",11,1.5,0.4614832124435168,18.0
"B1|('H', 10, 0.1, 0.0)",B1,"('H', 10, 0.1, 0.0)",11,3.6,0.4815356550995779,18.5
"B1|('H', 10, 0.1, 0.05)",B1,"('H', 10, 0.1, 0.05)",11,4.0,0.4855639828028969,18.5
"B1|('H', 10, 0.2, -0.2)",B1,"('H', 10, 0.2, -0.2)",11,1.2,0.49573946910872263,20.5
"B1|('H', 10, 0.2, 0.0)",B1,"('H', 10, 0.2, 0.0)",11,3.0,0.5286024785161642,23.0
"B1|('H', 10, 0.2, 0.1)",B1,"('H', 10, 0.2, 0.1)",11,3.5,0.5431359571977173,24.0
"B1|('H', 10, 0.3, -0.3)",B1,"('H', 10, 0.3, -0.3)",11,1.0,0.5,26.0
"B1|('H', 10, 0.3, 0.0)",B1,"('H', 10, 0.3, 0.0)",11,2.5,0.6157108846180193,29.0
"B1|('H', 10, 0.3, 0.15)",B1,"('H', 10, 0.3, 0.15)",11,3.0,0.6384151771997729,29.0
"B1|('H', 10, 0.4, -0.4)",B1,"('H', 10, 0.4, -0.4)",11,0.5714285714285714,0.5587936548110699,26.0
"B1|('H', 10, 0.4, 0.0)",B1,"('H', 10, 0.4, 0.0)",11,2.0,0.7798070112197699,35.5
"B1|('H', 10, 0.4, 0.2)",B1,"('H', 10, 0.4, 0.2)",11,2.5,0.7931367221536415,37.0
"B1|('H', 10, 0.5, -0.5)",B1,"('H', 10, 0.5, -0.5)",11,0.0,0.8204020978148721,30.5
"B1|('H', 10, 0.5, 0.0)",B1,"('H', 10, 0.5, 0.0)",11,1.2,1.0,46.0
"B1|('H', 10, 0.5, 0.25)",B1,"('H', 10, 0.5, 0.25)",11,1.7142857142857142,1.0,47.0
"B1|('C', 0, 0.0, 0.5)",B1,"('C', 0, 0.0, 0.5)",11,2.6,0.402912394373272,12.5
"B1|('C', 0, 0.0, 1)",B1,"('C', 0, 0.0, 1)",11,2.0,0.4174293062846819,15.0
"B1|('C', 0, 0.0, 2)",B1,"('C', 0, 0.0, 2)",11,1.6,0.4421986518177366,18.0
"B1|('C', 0, 0.0, 4)",B1,"('C', 0, 0.0, 4)",11,1.2,0.4784579451703835,22.0
"B1|('C', 0, 0.0, 8)",B1,"('C', 0, 0.0, 8)",11,0.8,0.5,26.0
"B1|('C', 0, 0.1, 0.5)",B1,"('C', 0, 0.1, 0.5)",11,1.8,0.45265264387793097,16.0
"B1|('C', 0, 0.1, 1)",B1,"('C', 0, 0.1, 1)",11,1.5,0.4551245793667052,18.0
"B1|('C', 0, 0.1, 2)",B1,"('C', 0, 0.1, 2)",11,1.2222222222222223,0.4865460098659264,21.0
"B1|('C', 0, 0.1, 4)",B1,"('C', 0, 0.1, 4)",11,1.0,0.5089007846107936,25.0
"B1|('C', 0, 0.1, 8)",B1,"('C', 0, 0.1, 8)",11,0.5,0.5562065312189468,28.0
"B1|('C', 0, 0.2, 0.5)",B1,"('C', 0, 0.2, 0.5)",11,1.4,0.47537519103271586,19.0
"B1|('C', 0, 0.2, 1)",B1,"('C', 0, 0.2, 1)",11,1.25,0.4918904128598204,21.0
"B1|('C', 0, 0.2, 2)",B1,"('C', 0, 0.2, 2)",11,1.0,0.5044681505480053,24.0
"B1|('C', 0, 0.2, 4)",B1,"('C', 0, 0.2, 4)",11,0.5714285714285714,0.5470246601759697,27.5
"B1|('C', 0, 0.2, 8)",B1,"('C', 0, 0.2, 8)",11,0.2,0.6469538530829132,29.5
"B1|('C', 0, 0.3, 0.5)",B1,"('C', 0, 0.3, 0.5)",11,1.0,0.49802257212567913,24.0
"B1|('C', 0, 0.3, 1)",B1,"('C', 0, 0.3, 1)",11,1.0,0.5417624378410925,24.5
"B1|('C', 0, 0.3, 2)",B1,"('C', 0, 0.3, 2)",11,0.5714285714285714,0.5564697168018207,27.0
"B1|('C', 0, 0.3, 4)",B1,"('C', 0, 0.3, 4)",11,0.16666666666666666,0.6023916054121841,29.5
"B1|('C', 0, 0.3, 8)",B1,"('C', 0, 0.3, 8)",11,0.0,0.9387047021176379,30.0
"B2|('H', 1, 0.1, -0.1)",B2,"('H', 1, 0.1, -0.1)",11,1.1428571428571428,0.49000584863475516,20.5
"B2|('H', 1, 0.1, 0.0)",B2,"('H', 1, 0.1, 0.0)",11,3.2,0.4938777202761179,20.5
"B2|('H', 1, 0.1, 0.05)",B2,"('H', 1, 0.1, 0.05)",11,4.0,0.4938777202761179,20.5
"B2|('H', 1, 0.2, -0.2)",B2,"('H', 1, 0.2, -0.2)",11,0.8,0.5034781971935199,24.5
"B2|('H', 1, 0.2, 0.0)",B2,"('H', 1, 0.2, 0.0)",11,2.4,0.5590891992322655,26.0
"B2|('H', 1, 0.2, 0.1)",B2,"('H', 1, 0.2, 0.1)",11,3.5,0.5660481866682843,26.0
"B2|('H', 1, 0.3, -0.3)",B2,"('H', 1, 0.3, -0.3)",11,0.5,0.5291787990742312,26.5
"B2|('H', 1, 0.3, 0.0)",B2,"('H', 1, 0.3, 0.0)",11,1.7777777777777777,0.5953476135787554,30.0
"B2|('H', 1, 0.3, 0.15)",B2,"('H', 1, 0.3, 0.15)",11,2.6666666666666665,0.5985093198878048,30.0
"B2|('H', 1, 0.4, -0.4)",B2,"('H', 1, 0.4, -0.4)",11,0.4,0.5401160964655116,28.0
"B2|('H', 1, 0.4, 0.0)",B2,"('H', 1, 0.4, 0.0)",11,1.5,0.656707369060059,35.0
"B2|('H', 1, 0.4, 0.2)",B2,"('H', 1, 0.4, 0.2)",11,2.142857142857143,0.6766037957122409,35.0
"B2|('H', 1, 0.5, -0.5)",B2,"('H', 1, 0.5, -0.5)",11,0.3333333333333333,0.5502535178477319,27.5
"B2|('H', 1, 0.5, 0.0)",B2,"('H', 1, 0.5, 0.0)",11,1.25,0.7591659565121329,41.0
"B2|('H', 1, 0.5, 0.25)",B2,"('H', 1, 0.5, 0.25)",11,2.0,0.7755381054493435,42.0
"B2|('H', 3, 0.1, -0.1)",B2,"('H', 3, 0.1, -0.1)",11,0.8571428571428571,0.5,24.0
"B2|('H', 3, 0.1, 0.0)",B2,"('H', 3, 0.1, 0.0)",11,2.0,0.5101645399283201,25.0
"B2|('H', 3, 0.1, 0.05)",B2,"('H', 3, 0.1, 0.05)",11,2.4,0.5150727986472745,25.0
"B2|('H', 3, 0.2, -0.2)",B2,"('H', 3, 0.2, -0.2)",11,0.6,0.5229738912625802,26.0
"B2|('H', 3, 0.2, 0.0)",B2,"('H', 3, 0.2, 0.0)",11,1.6,0.5796883172006606,27.0
"B2|('H', 3, 0.2, 0.1)",B2,"('H', 3, 0.2, 0.1)",11,2.0,0.5835490708573101,27.0
"B2|('H', 3, 0.3, -0.3)",B2,"('H', 3, 0.3, -0.3)",11,0.5,0.531406376692969,26.5
"B2|('H', 3, 0.3, 0.0)",B2,"('H', 3, 0.3, 0.0)",11,1.3333333333333333,0.6214196295595548,30.0
"B2|('H', 3, 0.3, 0.15)",B2,"('H', 3, 0.3, 0.15)",11,1.75,0.6318810529398016,31.5
"B2|('H', 3, 0.4, -0.4)",B2,"('H', 3, 0.4, -0.4)",11,0.3333333333333333,0.5182756051027144,27.5
"B2|('H', 3, 0.4, 0.0)",B2,"('H', 3, 0.4, 0.0)",11,1.25,0.6713853719420334,36.0
"B2|('H', 3, 0.4, 0.2)",B2,"('H', 3, 0.4, 0.2)",11,1.6,0.6865022175712949,39.0
"B2|('H', 3, 0.5, -0.5)",B2,"('H', 3, 0.5, -0.5)",11,0.3333333333333333,0.5783037695773166,27.5
"B2|('H', 3, 0.5, 0.0)",B2,"('H', 3, 0.5, 0.0)",11,1.0,0.7522024633791788,43.0
"B2|('H', 3, 0.5, 0.25)",B2,"('H', 3, 0.5, 0.25)",11,1.5,0.7997904552272622,45.0
"B2|('H', 5, 0.1, -0.1)",B2,"('H', 5, 0.1, -0.1)",11,0.7142857142857143,0.5026550078313123,25.0
"B2|('H', 5, 0.1, 0.0)",B2,"('H', 5, 0.1, 0.0)",11,1.75,0.5238888462810132,25.0
"B2|('H', 5, 0.1, 0.05)",B2,"('H', 5, 0.1, 0.05)",11,2.0,0.5285531849575408,25.5
"B2|('H', 5, 0.2, -0.2)",B2,"('H', 5, 0.2, -0.2)",11,0.5,0.5087848121717923,26.5
"B2|('H', 5, 0.2, 0.0)",B2,"('H', 5, 0.2, 0.0)",11,1.4285714285714286,0.5742506593301601,29.0
"B2|('H', 5, 0.2, 0.1)",B2,"('H', 5, 0.2, 0.1)",11,2.0,0.5772136787631522,30.0
"B2|('H', 5, 0.3, -0.3)",B2,"('H', 5, 0.3, -0.3)",11,0.4,0.5027484331250596,26.0
"B2|('H', 5, 0.3, 0.0)",B2,"('H', 5, 0.3, 0.0)",11,1.2857142857142858,0.6141027149417275,31.5
"B2|('H', 5, 0.3, 0.15)",B2,"('H', 5, 0.3, 0.15)",11,1.6,0.6343901780090346,35.0
"B2|('H', 5, 0.4, -0.4)",B2,"('H', 5, 0.4, -0.4)",11,0.3333333333333333,0.5485379794848994,28.0
"B2|('H', 5, 0.4, 0.0)",B2,"('H', 5, 0.4, 0.0)",11,1.1428571428571428,0.6834809955672203,37.0
"B2|('H', 5, 0.4, 0.2)",B2,"('H', 5, 0.4, 0.2)",11,1.5,0.7143749372278445,41.0
"B2|('H', 5, 0.5, -0.5)",B2,"('H', 5, 0.5, -0.5)",11,0.3333333333333333,0.5495953211450744,27.5
"B2|('H', 5, 0.5, 0.0)",B2,"('H', 5, 0.5, 0.0)",11,1.0,0.763113760508138,41.5
"B2|('H', 5, 0.5, 0.25)",B2,"('H', 5, 0.5, 0.25)",11,1.3333333333333333,0.8254822644387418,46.0
"B2|('H', 10, 0.1, -0.1)",B2,"('H', 10, 0.1, -0.1)",11,0.6666666666666666,0.5,26.0
"B2|('H', 10, 0.1, 0.0)",B2,"('H', 10, 0.1, 0.0)",11,1.4285714285714286,0.5379736873539565,27.0
"B2|('H', 10, 0.1, 0.05)",B2,"('H', 10, 0.1, 0.05)",11,1.6,0.5607599622375047,27.5
"B2|('H', 10, 0.2, -0.2)",B2,"('H', 10, 0.2, -0.2)",11,0.5,0.5,26.0
"B2|('H', 10, 0.2, 0.0)",B2,"('H', 10, 0.2, 0.0)",11,1.25,0.5875423575792194,29.0
"B2|('H', 10, 0.2, 0.1)",B2,"('H', 10, 0.2, 0.1)",11,1.3333333333333333,0.6129505388225166,30.0
"B2|('H', 10, 0.3, -0.3)",B2,"('H', 10, 0.3, -0.3)",11,0.4,0.5,27.5
"B2|('H', 10, 0.3, 0.0)",B2,"('H', 10, 0.3, 0.0)",11,1.2,0.6195524155648845,33.5
"B2|('H', 10, 0.3, 0.15)",B2,"('H', 10, 0.3, 0.15)",11,1.3333333333333333,0.6495260275882716,35.0
"B2|('H', 10, 0.4, -0.4)",B2,"('H', 10, 0.4, -0.4)",11,0.3333333333333333,0.5147081636172022,27.5
"B2|('H', 10, 0.4, 0.0)",B2,"('H', 10, 0.4, 0.0)",11,1.0,0.6636514557705965,37.0
"B2|('H', 10, 0.4, 0.2)",B2,"('H', 10, 0.4, 0.2)",11,1.25,0.7380409042898884,44.0
"B2|('H', 10, 0.5, -0.5)",B2,"('H', 10, 0.5, -0.5)",11,0.25,0.5468999943319864,27.0
"B2|('H', 10, 0.5, 0.0)",B2,"('H', 10, 0.5, 0.0)",11,0.8333333333333334,0.8021923352401027,44.0
"B2|('H', 10, 0.5, 0.25)",B2,"('H', 10, 0.5, 0.25)",11,1.0,0.8927912044442703,48.0
"B2|('C', 0, 0.0, 0.5)",B2,"('C', 0, 0.0, 0.5)",11,1.0,0.5,22.5
"B2|('C', 0, 0.0, 1)",B2,"('C', 0, 0.0, 1)",11,0.7142857142857143,0.5,25.0
"B2|('C', 0, 0.0, 2)",B2,"('C', 0, 0.0, 2)",11,0.6666666666666666,0.5,26.0
"B2|('C', 0, 0.0, 4)",B2,"('C', 0, 0.0, 4)",11,0.5,0.5,26.0
"B2|('C', 0, 0.0, 8)",B2,"('C', 0, 0.0, 8)",11,0.4,0.5,26.0
"B2|('C', 0, 0.1, 0.5)",B2,"('C', 0, 0.1, 0.5)",11,0.6666666666666666,0.5229738912625802,25.0
"B2|('C', 0, 0.1, 1)",B2,"('C', 0, 0.1, 1)",11,0.6,0.5,26.0
"B2|('C', 0, 0.1, 2)",B2,"('C', 0, 0.1, 2)",11,0.5,0.5,25.5
"B2|('C', 0, 0.1, 4)",B2,"('C', 0, 0.1, 4)",11,0.4,0.5,26.0
"B2|('C', 0, 0.1, 8)",B2,"('C', 0, 0.1, 8)",11,0.3333333333333333,0.5125290287059622,26.0
"B2|('C', 0, 0.2, 0.5)",B2,"('C', 0, 0.2, 0.5)",11,0.5,0.5463564972601072,26.0
"B2|('C', 0, 0.2, 1)",B2,"('C', 0, 0.2, 1)",11,0.42857142857142855,0.5,26.0
"B2|('C', 0, 0.2, 2)",B2,"('C', 0, 0.2, 2)",11,0.4,0.5057672645024403,28.0
"B2|('C', 0, 0.2, 4)",B2,"('C', 0, 0.2, 4)",11,0.3333333333333333,0.507935063026611,27.5
"B2|('C', 0, 0.2, 8)",B2,"('C', 0, 0.2, 8)",11,0.25,0.5,23.0
"B2|('C', 0, 0.3, 0.5)",B2,"('C', 0, 0.3, 0.5)",11,0.4,0.5169222905188277,28.0
"B2|('C', 0, 0.3, 1)",B2,"('C', 0, 0.3, 1)",11,0.4,0.5152426443321756,28.0
"B2|('C', 0, 0.3, 2)",B2,"('C', 0, 0.3, 2)",11,0.3333333333333333,0.5,27.0
"B2|('C', 0, 0.3, 4)",B2,"('C', 0, 0.3, 4)",11,0.2857142857142857,0.5087781477550354,25.5
"B2|('C', 0, 0.3, 8)",B2,"('C', 0, 0.3, 8)",11,0.25,0.5329347163075839,26.0
"B1w|('H', 1, 0.1, -0.1)",B1w,"('H', 1, 0.1, -0.1)",11,5.8,0.23506167807591685,4.0
"B1w|('H', 1, 0.1, 0.0)",B1w,"('H', 1, 0.1, 0.0)",11,12.0,0.24287004064736706,4.0
"B1w|('H', 1, 0.1, 0.05)",B1w,"('H', 1, 0.1, 0.05)",11,14.833333333333334,0.24699346136380668,4.0
"B1w|('H', 1, 0.2, -0.2)",B1w,"('H', 1, 0.2, -0.2)",11,2.0,0.2562856288571757,7.0
"B1w|('H', 1, 0.2, 0.0)",B1w,"('H', 1, 0.2, 0.0)",11,8.4,0.35222804150788245,9.0
"B1w|('H', 1, 0.2, 0.1)",B1w,"('H', 1, 0.2, 0.1)",11,11.0,0.35599501721526455,9.0
"B1w|('H', 1, 0.3, -0.3)",B1w,"('H', 1, 0.3, -0.3)",11,1.0,0.39549857892113294,13.0
"B1w|('H', 1, 0.3, 0.0)",B1w,"('H', 1, 0.3, 0.0)",11,5.8,0.5182136069134653,16.0
"B1w|('H', 1, 0.3, 0.15)",B1w,"('H', 1, 0.3, 0.15)",11,8.333333333333334,0.5247941080114565,16.0
"B1w|('H', 1, 0.4, -0.4)",B1w,"('H', 1, 0.4, -0.4)",11,0.0,0.673474132039373,23.0
"B1w|('H', 1, 0.4, 0.0)",B1w,"('H', 1, 0.4, 0.0)",11,3.4,1.0,30.5
"B1w|('H', 1, 0.4, 0.2)",B1w,"('H', 1, 0.4, 0.2)",11,5.666666666666667,1.0,30.5
"B1w|('H', 1, 0.5, -0.5)",B1w,"('H', 1, 0.5, -0.5)",11,0.0,1.0,28.0
"B1w|('H', 1, 0.5, 0.0)",B1w,"('H', 1, 0.5, 0.0)",11,2.75,1.0,39.0
"B1w|('H', 1, 0.5, 0.25)",B1w,"('H', 1, 0.5, 0.25)",11,5.6,1.0,39.0
"B1w|('H', 3, 0.1, -0.1)",B1w,"('H', 3, 0.1, -0.1)",11,2.6666666666666665,0.27916240456059044,7.5
"B1w|('H', 3, 0.1, 0.0)",B1w,"('H', 3, 0.1, 0.0)",11,7.2,0.33007628860775856,8.0
"B1w|('H', 3, 0.1, 0.05)",B1w,"('H', 3, 0.1, 0.05)",11,8.285714285714286,0.3312314566304819,8.0
"B1w|('H', 3, 0.2, -0.2)",B1w,"('H', 3, 0.2, -0.2)",11,1.0,0.3736789306014172,12.0
"B1w|('H', 3, 0.2, 0.0)",B1w,"('H', 3, 0.2, 0.0)",11,4.666666666666667,0.49226480622676466,14.0
"B1w|('H', 3, 0.2, 0.1)",B1w,"('H', 3, 0.2, 0.1)",11,5.833333333333333,0.5,14.5
"B1w|('H', 3, 0.3, -0.3)",B1w,"('H', 3, 0.3, -0.3)",11,0.5,0.5,20.0
"B1w|('H', 3, 0.3, 0.0)",B1w,"('H', 3, 0.3, 0.0)",11,3.3333333333333335,0.673474132039373,22.0
"B1w|('H', 3, 0.3, 0.15)",B1w,"('H', 3, 0.3, 0.15)",11,4.4,0.6875752011697681,23.0
"B1w|('H', 3, 0.4, -0.4)",B1w,"('H', 3, 0.4, -0.4)",11,0.0,1.0,27.5
"B1w|('H', 3, 0.4, 0.0)",B1w,"('H', 3, 0.4, 0.0)",11,2.3333333333333335,1.0,35.5
"B1w|('H', 3, 0.4, 0.2)",B1w,"('H', 3, 0.4, 0.2)",11,3.25,1.0,35.5
"B1w|('H', 3, 0.5, -0.5)",B1w,"('H', 3, 0.5, -0.5)",11,0.0,1.0,28.0
"B1w|('H', 3, 0.5, 0.0)",B1w,"('H', 3, 0.5, 0.0)",11,2.0,1.0,41.0
"B1w|('H', 3, 0.5, 0.25)",B1w,"('H', 3, 0.5, 0.25)",11,3.0,1.0,41.0
"B1w|('H', 5, 0.1, -0.1)",B1w,"('H', 5, 0.1, -0.1)",11,2.0,0.3040436089481106,10.0
"B1w|('H', 5, 0.1, 0.0)",B1w,"('H', 5, 0.1, 0.0)",11,5.2,0.3695347716647681,11.0
"B1w|('H', 5, 0.1, 0.05)",B1w,"('H', 5, 0.1, 0.05)",11,6.0,0.37591338791545903,11.0
"B1w|('H', 5, 0.2, -0.2)",B1w,"('H', 5, 0.2, -0.2)",11,0.8,0.4271047606880546,15.0
"B1w|('H', 5, 0.2, 0.0)",B1w,"('H', 5, 0.2, 0.0)",11,3.75,0.5288488844333816,17.0
"B1w|('H', 5, 0.2, 0.1)",B1w,"('H', 5, 0.2, 0.1)",11,4.5,0.5671682381616892,17.0
"B1w|('H', 5, 0.3, -0.3)",B1w,"('H', 5, 0.3, -0.3)",11,0.25,0.5977462552184881,22.5
"B1w|('H', 5, 0.3, 0.0)",B1w,"('H', 5, 0.3, 0.0)",11,2.6,0.8217043664579519,27.5
"B1w|('H', 5, 0.3, 0.15)",B1w,"('H', 5, 0.3, 0.15)",11,3.4,0.8340539685556377,28.0
"B1w|('H', 5, 0.4, -0.4)",B1w,"('H', 5, 0.4, -0.4)",11,0.0,1.0,28.0
"B1w|('H', 5, 0.4, 0.0)",B1w,"('H', 5, 0.4, 0.0)",11,2.0,1.0,37.0
"B1w|('H', 5, 0.4, 0.2)",B1w,"('H', 5, 0.4, 0.2)",11,3.0,1.0,37.0
"B1w|('H', 5, 0.5, -0.5)",B1w,"('H', 5, 0.5, -0.5)",11,0.0,1.0,28.0
"B1w|('H', 5, 0.5, 0.0)",B1w,"('H', 5, 0.5, 0.0)",11,1.6666666666666667,1.0,43.0
"B1w|('H', 5, 0.5, 0.25)",B1w,"('H', 5, 0.5, 0.25)",11,2.6,1.0,43.0
"B1w|('H', 10, 0.1, -0.1)",B1w,"('H', 10, 0.1, -0.1)",11,1.0,0.38827120414694394,14.0
"B1w|('H', 10, 0.1, 0.0)",B1w,"('H', 10, 0.1, 0.0)",11,3.3333333333333335,0.44801166832990996,14.5
"B1w|('H', 10, 0.1, 0.05)",B1w,"('H', 10, 0.1, 0.05)",11,4.0,0.4577722748065589,15.0
"B1w|('H', 10, 0.2, -0.2)",B1w,"('H', 10, 0.2, -0.2)",11,0.3333333333333333,0.5,21.0
"B1w|('H', 10, 0.2, 0.0)",B1w,"('H', 10, 0.2, 0.0)",11,2.4,0.7032818738220268,24.0
"B1w|('H', 10, 0.2, 0.1)",B1w,"('H', 10, 0.2, 0.1)",11,3.0,0.7104816962864016,25.0
"B1w|('H', 10, 0.3, -0.3)",B1w,"('H', 10, 0.3, -0.3)",11,0.0,0.8301203277103877,27.5
"B1w|('H', 10, 0.3, 0.0)",B1w,"('H', 10, 0.3, 0.0)",11,1.8,1.0,34.0
"B1w|('H', 10, 0.3, 0.15)",B1w,"('H', 10, 0.3, 0.15)",11,2.5,1.0,35.0
"B1w|('H', 10, 0.4, -0.4)",B1w,"('H', 10, 0.4, -0.4)",11,0.0,1.0,28.0
"B1w|('H', 10, 0.4, 0.0)",B1w,"('H', 10, 0.4, 0.0)",11,1.4285714285714286,1.0,41.0
"B1w|('H', 10, 0.4, 0.2)",B1w,"('H', 10, 0.4, 0.2)",11,2.2,1.0,41.0
"B1w|('H', 10, 0.5, -0.5)",B1w,"('H', 10, 0.5, -0.5)",11,0.0,1.0,29.5
"B1w|('H', 10, 0.5, 0.0)",B1w,"('H', 10, 0.5, 0.0)",11,1.1666666666666667,1.0,46.0
"B1w|('H', 10, 0.5, 0.25)",B1w,"('H', 10, 0.5, 0.25)",11,1.8,1.0,48.5
"B1w|('C', 0, 0.0, 0.5)",B1w,"('C', 0, 0.0, 0.5)",11,3.0,0.2990445510242845,7.5
"B1w|('C', 0, 0.0, 1)",B1w,"('C', 0, 0.0, 1)",11,2.0,0.2974611667345533,9.0
"B1w|('C', 0, 0.0, 2)",B1w,"('C', 0, 0.0, 2)",11,1.0,0.3645539407701897,13.0
"B1w|('C', 0, 0.0, 4)",B1w,"('C', 0, 0.0, 4)",11,0.5,0.5,20.0
"B1w|('C', 0, 0.0, 8)",B1w,"('C', 0, 0.0, 8)",11,0.0,0.6830665826285461,25.5
"B1w|('C', 0, 0.1, 0.5)",B1w,"('C', 0, 0.1, 0.5)",11,1.3333333333333333,0.3394768270129702,10.5
"B1w|('C', 0, 0.1, 1)",B1w,"('C', 0, 0.1, 1)",11,0.8,0.411381486199888,14.0
"B1w|('C', 0, 0.1, 2)",B1w,"('C', 0, 0.1, 2)",11,0.4,0.5,20.0
"B1w|('C', 0, 0.1, 4)",B1w,"('C', 0, 0.1, 4)",11,0.0,0.6464214487310141,26.0
"B1w|('C', 0, 0.1, 8)",B1w,"('C', 0, 0.1, 8)",11,0.0,1.0,28.0
"B1w|('C', 0, 0.2, 0.5)",B1w,"('C', 0, 0.2, 0.5)",11,0.625,0.5,17.0
"B1w|('C', 0, 0.2, 1)",B1w,"('C', 0, 0.2, 1)",11,0.2857142857142857,0.5,22.0
"B1w|('C', 0, 0.2, 2)",B1w,"('C', 0, 0.2, 2)",11,0.0,0.6926206828214407,26.5
"B1w|('C', 0, 0.2, 4)",B1w,"('C', 0, 0.2, 4)",11,0.0,1.0,28.0
"B1w|('C', 0, 0.2, 8)",B1w,"('C', 0, 0.2, 8)",11,0.0,1.0,28.0
"B1w|('C', 0, 0.3, 0.5)",B1w,"('C', 0, 0.3, 0.5)",11,0.0,0.6861260522703898,23.0
"B1w|('C', 0, 0.3, 1)",B1w,"('C', 0, 0.3, 1)",11,0.0,1.0,27.5
"B1w|('C', 0, 0.3, 2)",B1w,"('C', 0, 0.3, 2)",11,0.0,1.0,28.0
"B1w|('C', 0, 0.3, 4)",B1w,"('C', 0, 0.3, 4)",11,0.0,1.0,28.0
"B1w|('C', 0, 0.3, 8)",B1w,"('C', 0, 0.3, 8)",11,0.0,1.0,30.0
"T1|('H', 1, 0.1, -0.1)",T1,"('H', 1, 0.1, -0.1)",11,3.6666666666666665,0.3736789306014172,10.0
"T1|('H', 1, 0.1, 0.0)",T1,"('H', 1, 0.1, 0.0)",11,8.5,0.3736789306014172,10.0
"T1|('H', 1, 0.1, 0.05)",T1,"('H', 1, 0.1, 0.05)",11,11.6,0.3736789306014172,10.0
"T1|('H', 1, 0.2, -0.2)",T1,"('H', 1, 0.2, -0.2)",11,2.3333333333333335,0.4158241293629264,13.0
"T1|('H', 1, 0.2, 0.0)",T1,"('H', 1, 0.2, 0.0)",11,6.666666666666667,0.4225405840902696,13.0
"T1|('H', 1, 0.2, 0.1)",T1,"('H', 1, 0.2, 0.1)",11,10.0,0.4225405840902696,13.0
"T1|('H', 1, 0.3, -0.3)",T1,"('H', 1, 0.3, -0.3)",11,1.6666666666666667,0.46515359154518665,16.0
"T1|('H', 1, 0.3, 0.0)",T1,"('H', 1, 0.3, 0.0)",11,5.333333333333333,0.4807385132028969,17.0
"T1|('H', 1, 0.3, 0.15)",T1,"('H', 1, 0.3, 0.15)",11,8.5,0.4840321051293276,17.0
"T1|('H', 1, 0.4, -0.4)",T1,"('H', 1, 0.4, -0.4)",11,1.3333333333333333,0.4912982589407974,20.0
"T1|('H', 1, 0.4, 0.0)",T1,"('H', 1, 0.4, 0.0)",11,4.5,0.5201748761755293,20.0
"T1|('H', 1, 0.4, 0.2)",T1,"('H', 1, 0.4, 0.2)",11,8.0,0.5220329015689118,20.5
"T1|('H', 1, 0.5, -0.5)",T1,"('H', 1, 0.5, -0.5)",11,1.0,0.5135809560468891,24.0
"T1|('H', 1, 0.5, 0.0)",T1,"('H', 1, 0.5, 0.0)",11,4.0,0.5784369878997988,25.0
"T1|('H', 1, 0.5, 0.25)",T1,"('H', 1, 0.5, 0.25)",11,7.0,0.5784728664325617,25.5
"T1|('H', 3, 0.1, -0.1)",T1,"('H', 3, 0.1, -0.1)",11,2.0,0.4101726764674068,14.0
"T1|('H', 3, 0.1, 0.0)",T1,"('H', 3, 0.1, 0.0)",11,5.2,0.41225110063209325,14.0
"T1|('H', 3, 0.1, 0.05)",T1,"('H', 3, 0.1, 0.05)",11,6.0,0.4151476283805248,14.0
"T1|('H', 3, 0.2, -0.2)",T1,"('H', 3, 0.2, -0.2)",11,1.6666666666666667,0.4636419579225225,17.0
"T1|('H', 3, 0.2, 0.0)",T1,"('H', 3, 0.2, 0.0)",11,4.4,0.4716378525766035,17.0
"T1|('H', 3, 0.2, 0.1)",T1,"('H', 3, 0.2, 0.1)",11,5.333333333333333,0.47240529425726396,17.0
"T1|('H', 3, 0.3, -0.3)",T1,"('H', 3, 0.3, -0.3)",11,1.3333333333333333,0.49102464094074183,21.0
"T1|('H', 3, 0.3, 0.0)",T1,"('H', 3, 0.3, 0.0)",11,4.0,0.5213326984790778,21.0
"T1|('H', 3, 0.3, 0.15)",T1,"('H', 3, 0.3, 0.15)",11,4.8,0.525844937262563,21.0
"T1|('H', 3, 0.4, -0.4)",T1,"('H', 3, 0.4, -0.4)",11,1.0,0.5022255214144836,24.0
"T1|('H', 3, 0.4, 0.0)",T1,"('H', 3, 0.4, 0.0)",11,3.3333333333333335,0.5893848649419665,26.0
"T1|('H', 3, 0.4, 0.2)",T1,"('H', 3, 0.4, 0.2)",11,4.75,0.5957036231943073,26.5
"T1|('H', 3, 0.5, -0.5)",T1,"('H', 3, 0.5, -0.5)",11,0.8,0.5550814998894804,26.5
"T1|('H', 3, 0.5, 0.0)",T1,"('H', 3, 0.5, 0.0)",11,2.6,0.6976095503089532,32.0
"T1|('H', 3, 0.5, 0.25)",T1,"('H', 3, 0.5, 0.25)",11,3.8,0.7244101054041501,32.0
"T1|('H', 5, 0.1, -0.1)",T1,"('H', 5, 0.1, -0.1)",11,1.8333333333333333,0.4257994035324486,16.0
"T1|('H', 5, 0.1, 0.0)",T1,"('H', 5, 0.1, 0.0)",11,4.333333333333333,0.4349150947883115,16.0
"T1|('H', 5, 0.1, 0.05)",T1,"('H', 5, 0.1, 0.05)",11,5.0,0.4388210892612253,16.0
"T1|('H', 5, 0.2, -0.2)",T1,"('H', 5, 0.2, -0.2)",11,1.4,0.47519600610957247,19.0
"T1|('H', 5, 0.2, 0.0)",T1,"('H', 5, 0.2, 0.0)",11,4.0,0.5075443156643269,19.0
"T1|('H', 5, 0.2, 0.1)",T1,"('H', 5, 0.2, 0.1)",11,4.5,0.5127393261432706,19.0
"T1|('H', 5, 0.3, -0.3)",T1,"('H', 5, 0.3, -0.3)",11,1.1666666666666667,0.4778572108251532,21.5
"T1|('H', 5, 0.3, 0.0)",T1,"('H', 5, 0.3, 0.0)",11,3.3333333333333335,0.5363433091649805,24.0
"T1|('H', 5, 0.3, 0.15)",T1,"('H', 5, 0.3, 0.15)",11,4.0,0.5448401987765843,24.0
"T1|('H', 5, 0.4, -0.4)",T1,"('H', 5, 0.4, -0.4)",11,1.0,0.51517373192177,25.5
"T1|('H', 5, 0.4, 0.0)",T1,"('H', 5, 0.4, 0.0)",11,2.857142857142857,0.6324431569989323,29.0
"T1|('H', 5, 0.4, 0.2)",T1,"('H', 5, 0.4, 0.2)",11,3.8,0.6470571656036892,29.0
"T1|('H', 5, 0.5, -0.5)",T1,"('H', 5, 0.5, -0.5)",11,0.6,0.5975153872529901,27.0
"T1|('H', 5, 0.5, 0.0)",T1,"('H', 5, 0.5, 0.0)",11,2.0,0.7858199713720099,36.0
"T1|('H', 5, 0.5, 0.25)",T1,"('H', 5, 0.5, 0.25)",11,2.6666666666666665,0.7944836517007046,36.5
"T1|('H', 10, 0.1, -0.1)",T1,"('H', 10, 0.1, -0.1)",11,1.5,0.4614832124435168,19.0
"T1|('H', 10, 0.1, 0.0)",T1,"('H', 10, 0.1, 0.0)",11,3.5,0.47937616814131057,19.0
"T1|('H', 10, 0.1, 0.05)",T1,"('H', 10, 0.1, 0.05)",11,4.0,0.48026618603522414,19.0
"T1|('H', 10, 0.2, -0.2)",T1,"('H', 10, 0.2, -0.2)",11,1.1428571428571428,0.4591999173263621,21.5
"T1|('H', 10, 0.2, 0.0)",T1,"('H', 10, 0.2, 0.0)",11,3.0,0.535505464225641,24.0
"T1|('H', 10, 0.2, 0.1)",T1,"('H', 10, 0.2, 0.1)",11,3.5,0.5431359571977173,25.0
"T1|('H', 10, 0.3, -0.3)",T1,"('H', 10, 0.3, -0.3)",11,1.0,0.5,25.5
"T1|('H', 10, 0.3, 0.0)",T1,"('H', 10, 0.3, 0.0)",11,2.5,0.6048844750545936,29.0
"T1|('H', 10, 0.3, 0.15)",T1,"('H', 10, 0.3, 0.15)",11,3.0,0.6262105539095757,30.0
"T1|('H', 10, 0.4, -0.4)",T1,"('H', 10, 0.4, -0.4)",11,0.6666666666666666,0.562876139169761,27.5
"T1|('H', 10, 0.4, 0.0)",T1,"('H', 10, 0.4, 0.0)",11,2.0,0.7336145162065367,35.0
"T1|('H', 10, 0.4, 0.2)",T1,"('H', 10, 0.4, 0.2)",11,2.4285714285714284,0.7724700553520578,36.0
"T1|('H', 10, 0.5, -0.5)",T1,"('H', 10, 0.5, -0.5)",11,0.2,0.6242738855002494,29.5
"T1|('H', 10, 0.5, 0.0)",T1,"('H', 10, 0.5, 0.0)",11,1.3333333333333333,1.0,44.5
"T1|('H', 10, 0.5, 0.25)",T1,"('H', 10, 0.5, 0.25)",11,1.75,1.0,45.0
"T1|('C', 0, 0.0, 0.5)",T1,"('C', 0, 0.0, 0.5)",11,2.3333333333333335,0.4020071174961726,13.5
"T1|('C', 0, 0.0, 1)",T1,"('C', 0, 0.0, 1)",11,1.8333333333333333,0.42604364793696525,16.0
"T1|('C', 0, 0.0, 2)",T1,"('C', 0, 0.0, 2)",11,1.5,0.4324061273234677,19.0
"T1|('C', 0, 0.0, 4)",T1,"('C', 0, 0.0, 4)",11,1.2,0.4652831427192963,23.0
"T1|('C', 0, 0.0, 8)",T1,"('C', 0, 0.0, 8)",11,0.8,0.4986348655809391,27.5
"T1|('C', 0, 0.1, 0.5)",T1,"('C', 0, 0.1, 0.5)",11,1.75,0.4462842780244726,16.0
"T1|('C', 0, 0.1, 1)",T1,"('C', 0, 0.1, 1)",11,1.4,0.4716378525766035,19.0
"T1|('C', 0, 0.1, 2)",T1,"('C', 0, 0.1, 2)",11,1.2,0.47289260060863586,22.0
"T1|('C', 0, 0.1, 4)",T1,"('C', 0, 0.1, 4)",11,1.0,0.5020507900014326,25.0
"T1|('C', 0, 0.1, 8)",T1,"('C', 0, 0.1, 8)",11,0.6,0.5101196485005439,28.0
"T1|('C', 0, 0.2, 0.5)",T1,"('C', 0, 0.2, 0.5)",11,1.3333333333333333,0.4764120751631835,20.0
"T1|('C', 0, 0.2, 1)",T1,"('C', 0, 0.2, 1)",11,1.2,0.4862500653177172,22.0
"T1|('C', 0, 0.2, 2)",T1,"('C', 0, 0.2, 2)",11,1.0,0.5,24.0
"T1|('C', 0, 0.2, 4)",T1,"('C', 0, 0.2, 4)",11,0.6666666666666666,0.5434285181639735,26.5
"T1|('C', 0, 0.2, 8)",T1,"('C', 0, 0.2, 8)",11,0.3333333333333333,0.5552733773439776,29.5
"T1|('C', 0, 0.3, 0.5)",T1,"('C', 0, 0.3, 0.5)",11,1.0,0.4920111079242235,24.0
"T1|('C', 0, 0.3, 1)",T1,"('C', 0, 0.3, 1)",11,1.0,0.4983483880035794,25.5
"T1|('C', 0, 0.3, 2)",T1,"('C', 0, 0.3, 2)",11,0.6666666666666666,0.5488180361482771,27.0
"T1|('C', 0, 0.3, 4)",T1,"('C', 0, 0.3, 4)",11,0.3333333333333333,0.5568182947952889,29.5
"T1|('C', 0, 0.3, 8)",T1,"('C', 0, 0.3, 8)",11,0.0,0.7171455811116721,29.5
"TS|('H', 1, 0.1, -0.1)",TS,"('H', 1, 0.1, -0.1)",11,0.5,0.5,21.0
"TS|('H', 1, 0.1, 0.0)",TS,"('H', 1, 0.1, 0.0)",11,2.0,0.5,22.0
"TS|('H', 1, 0.1, 0.05)",TS,"('H', 1, 0.1, 0.05)",11,3.0,0.5,22.0
"TS|('H', 1, 0.2, -0.2)",TS,"('H', 1, 0.2, -0.2)",11,0.0,1.0,26.0
"TS|('H', 1, 0.2, 0.0)",TS,"('H', 1, 0.2, 0.0)",11,1.5,1.0,28.0
"TS|('H', 1, 0.2, 0.1)",TS,"('H', 1, 0.2, 0.1)",11,3.0,1.0,28.0
"TS|('H', 1, 0.3, -0.3)",TS,"('H', 1, 0.3, -0.3)",11,0.0,1.0,23.0
"TS|('H', 1, 0.3, 0.0)",TS,"('H', 1, 0.3, 0.0)",11,1.0,1.0,37.5
"TS|('H', 1, 0.3, 0.15)",TS,"('H', 1, 0.3, 0.15)",11,2.6,1.0,37.5
"TS|('H', 1, 0.4, -0.4)",TS,"('H', 1, 0.4, -0.4)",11,0.0,1.0,26.0
"TS|('H', 1, 0.4, 0.0)",TS,"('H', 1, 0.4, 0.0)",11,0.5,1.0,45.0
"TS|('H', 1, 0.4, 0.2)",TS,"('H', 1, 0.4, 0.2)",11,1.4285714285714286,1.0,49.5
"TS|('H', 1, 0.5, -0.5)",TS,"('H', 1, 0.5, -0.5)",11,0.0,1.0,35.0
"TS|('H', 1, 0.5, 0.0)",TS,"('H', 1, 0.5, 0.0)",11,0.0,1.0,66.0
"TS|('H', 1, 0.5, 0.25)",TS,"('H', 1, 0.5, 0.25)",11,0.0,1.0,70.0
"TS|('H', 3, 0.1, -0.1)",TS,"('H', 3, 0.1, -0.1)",11,0.2857142857142857,0.5,23.0
"TS|('H', 3, 0.1, 0.0)",TS,"('H', 3, 0.1, 0.0)",11,1.0,0.5,23.0
"TS|('H', 3, 0.1, 0.05)",TS,"('H', 3, 0.1, 0.05)",11,1.3333333333333333,0.5,23.0
"TS|('H', 3, 0.2, -0.2)",TS,"('H', 3, 0.2, -0.2)",11,0.0,1.0,24.0
"TS|('H', 3, 0.2, 0.0)",TS,"('H', 3, 0.2, 0.0)",11,0.6666666666666666,1.0,28.0
"TS|('H', 3, 0.2, 0.1)",TS,"('H', 3, 0.2, 0.1)",11,1.3333333333333333,1.0,28.0
"TS|('H', 3, 0.3, -0.3)",TS,"('H', 3, 0.3, -0.3)",11,0.0,0.5,22.0
"TS|('H', 3, 0.3, 0.0)",TS,"('H', 3, 0.3, 0.0)",11,0.5714285714285714,1.0,36.0
"TS|('H', 3, 0.3, 0.15)",TS,"('H', 3, 0.3, 0.15)",11,1.3333333333333333,1.0,37.5
"TS|('H', 3, 0.4, -0.4)",TS,"('H', 3, 0.4, -0.4)",11,0.0,1.0,27.5
"TS|('H', 3, 0.4, 0.0)",TS,"('H', 3, 0.4, 0.0)",11,0.42857142857142855,1.0,45.0
"TS|('H', 3, 0.4, 0.2)",TS,"('H', 3, 0.4, 0.2)",11,0.8,1.0,52.0
"TS|('H', 3, 0.5, -0.5)",TS,"('H', 3, 0.5, -0.5)",11,0.0,1.0,35.0
"TS|('H', 3, 0.5, 0.0)",TS,"('H', 3, 0.5, 0.0)",11,0.0,1.0,69.0
"TS|('H', 3, 0.5, 0.25)",TS,"('H', 3, 0.5, 0.25)",11,0.0,1.0,71.0
"TS|('H', 5, 0.1, -0.1)",TS,"('H', 5, 0.1, -0.1)",11,0.2857142857142857,0.5,22.0
"TS|('H', 5, 0.1, 0.0)",TS,"('H', 5, 0.1, 0.0)",11,0.8,0.5,23.0
"TS|('H', 5, 0.1, 0.05)",TS,"('H', 5, 0.1, 0.05)",11,1.0,0.5,23.0
"TS|('H', 5, 0.2, -0.2)",TS,"('H', 5, 0.2, -0.2)",11,0.0,0.5,22.0
"TS|('H', 5, 0.2, 0.0)",TS,"('H', 5, 0.2, 0.0)",11,0.6666666666666666,1.0,28.0
"TS|('H', 5, 0.2, 0.1)",TS,"('H', 5, 0.2, 0.1)",11,1.0,1.0,28.0
"TS|('H', 5, 0.3, -0.3)",TS,"('H', 5, 0.3, -0.3)",11,0.0,0.5325572977555929,23.0
"TS|('H', 5, 0.3, 0.0)",TS,"('H', 5, 0.3, 0.0)",11,0.5714285714285714,1.0,35.0
"TS|('H', 5, 0.3, 0.15)",TS,"('H', 5, 0.3, 0.15)",11,1.2,1.0,37.0
"TS|('H', 5, 0.4, -0.4)",TS,"('H', 5, 0.4, -0.4)",11,0.0,1.0,28.0
"TS|('H', 5, 0.4, 0.0)",TS,"('H', 5, 0.4, 0.0)",11,0.3333333333333333,1.0,45.0
"TS|('H', 5, 0.4, 0.2)",TS,"('H', 5, 0.4, 0.2)",11,0.6666666666666666,1.0,49.5
"TS|('H', 5, 0.5, -0.5)",TS,"('H', 5, 0.5, -0.5)",11,0.0,1.0,36.0
"TS|('H', 5, 0.5, 0.0)",TS,"('H', 5, 0.5, 0.0)",11,0.0,1.0,69.0
"TS|('H', 5, 0.5, 0.25)",TS,"('H', 5, 0.5, 0.25)",11,0.0,1.0,70.0
"TS|('H', 10, 0.1, -0.1)",TS,"('H', 10, 0.1, -0.1)",11,0.2222222222222222,0.5,21.0
"TS|('H', 10, 0.1, 0.0)",TS,"('H', 10, 0.1, 0.0)",11,0.8,0.5016877200868831,25.0
"TS|('H', 10, 0.1, 0.05)",TS,"('H', 10, 0.1, 0.05)",11,0.8,0.6682283465003437,26.0
"TS|('H', 10, 0.2, -0.2)",TS,"('H', 10, 0.2, -0.2)",11,0.0,0.5,20.5
"TS|('H', 10, 0.2, 0.0)",TS,"('H', 10, 0.2, 0.0)",11,0.5,1.0,29.5
"TS|('H', 10, 0.2, 0.1)",TS,"('H', 10, 0.2, 0.1)",11,0.8,1.0,29.5
"TS|('H', 10, 0.3, -0.3)",TS,"('H', 10, 0.3, -0.3)",11,0.0,1.0,23.0
"TS|('H', 10, 0.3, 0.0)",TS,"('H', 10, 0.3, 0.0)",11,0.5,1.0,36.5
"TS|('H', 10, 0.3, 0.15)",TS,"('H', 10, 0.3, 0.15)",11,1.0,1.0,37.0
"TS|('H', 10, 0.4, -0.4)",TS,"('H', 10, 0.4, -0.4)",11,0.0,1.0,28.0
"TS|('H', 10, 0.4, 0.0)",TS,"('H', 10, 0.4, 0.0)",11,0.2857142857142857,1.0,49.0
"TS|('H', 10, 0.4, 0.2)",TS,"('H', 10, 0.4, 0.2)",11,0.5714285714285714,1.0,53.0
"TS|('H', 10, 0.5, -0.5)",TS,"('H', 10, 0.5, -0.5)",11,0.0,1.0,37.5
"TS|('H', 10, 0.5, 0.0)",TS,"('H', 10, 0.5, 0.0)",11,0.0,1.0,70.0
"TS|('H', 10, 0.5, 0.25)",TS,"('H', 10, 0.5, 0.25)",11,0.0,1.0,71.0
"TS|('C', 0, 0.0, 0.5)",TS,"('C', 0, 0.0, 0.5)",11,0.4,0.5,21.0
"TS|('C', 0, 0.0, 1)",TS,"('C', 0, 0.0, 1)",11,0.4,0.5,21.0
"TS|('C', 0, 0.0, 2)",TS,"('C', 0, 0.0, 2)",11,0.3333333333333333,0.5,20.5
"TS|('C', 0, 0.0, 4)",TS,"('C', 0, 0.0, 4)",11,0.1111111111111111,0.5,20.5
"TS|('C', 0, 0.0, 8)",TS,"('C', 0, 0.0, 8)",11,0.0,0.5,21.0
"TS|('C', 0, 0.1, 0.5)",TS,"('C', 0, 0.1, 0.5)",11,0.0,0.5,22.0
"TS|('C', 0, 0.1, 1)",TS,"('C', 0, 0.1, 1)",11,0.0,0.5,21.0
"TS|('C', 0, 0.1, 2)",TS,"('C', 0, 0.1, 2)",11,0.0,0.5,20.0
"TS|('C', 0, 0.1, 4)",TS,"('C', 0, 0.1, 4)",11,0.0,0.5,21.0
"TS|('C', 0, 0.1, 8)",TS,"('C', 0, 0.1, 8)",11,0.0,1.0,22.0
"TS|('C', 0, 0.2, 0.5)",TS,"('C', 0, 0.2, 0.5)",11,0.0,0.5,22.0
"TS|('C', 0, 0.2, 1)",TS,"('C', 0, 0.2, 1)",11,0.0,0.5,22.0
"TS|('C', 0, 0.2, 2)",TS,"('C', 0, 0.2, 2)",11,0.0,0.6418327593074069,23.0
"TS|('C', 0, 0.2, 4)",TS,"('C', 0, 0.2, 4)",11,0.0,1.0,22.0
"TS|('C', 0, 0.2, 8)",TS,"('C', 0, 0.2, 8)",11,0.0,1.0,27.0
"TS|('C', 0, 0.3, 0.5)",TS,"('C', 0, 0.3, 0.5)",11,0.0,1.0,25.5
"TS|('C', 0, 0.3, 1)",TS,"('C', 0, 0.3, 1)",11,0.0,1.0,24.0
"TS|('C', 0, 0.3, 2)",TS,"('C', 0, 0.3, 2)",11,0.0,1.0,28.0
"TS|('C', 0, 0.3, 4)",TS,"('C', 0, 0.3, 4)",11,0.0,1.0,29.5
"TS|('C', 0, 0.3, 8)",TS,"('C', 0, 0.3, 8)",11,0.0,1.0,36.0
"RV|('H', 1, 0.1, -0.1)",RV,"('H', 1, 0.1, -0.1)",11,3.6666666666666665,0.37604660629911785,10.0
"RV|('H', 1, 0.1, 0.0)",RV,"('H', 1, 0.1, 0.0)",11,7.333333333333333,0.37604660629911785,10.0
"RV|('H', 1, 0.1, 0.05)",RV,"('H', 1, 0.1, 0.05)",11,9.0,0.37604660629911785,10.0
"RV|('H', 1, 0.2, -0.2)",RV,"('H', 1, 0.2, -0.2)",11,2.4285714285714284,0.43027507340109583,13.0
"RV|('H', 1, 0.2, 0.0)",RV,"('H', 1, 0.2, 0.0)",11,6.333333333333333,0.4345528373998838,13.0
"RV|('H', 1, 0.2, 0.1)",RV,"('H', 1, 0.2, 0.1)",11,8.6,0.4345528373998838,13.0
"RV|('H', 1, 0.3, -0.3)",RV,"('H', 1, 0.3, -0.3)",11,1.5,0.46441204533418157,16.0
"RV|('H', 1, 0.3, 0.0)",RV,"('H', 1, 0.3, 0.0)",11,5.333333333333333,0.4958085445468028,17.0
"RV|('H', 1, 0.3, 0.15)",RV,"('H', 1, 0.3, 0.15)",11,7.285714285714286,0.4965769866198747,17.0
"RV|('H', 1, 0.4, -0.4)",RV,"('H', 1, 0.4, -0.4)",11,1.0,0.5,19.5
"RV|('H', 1, 0.4, 0.0)",RV,"('H', 1, 0.4, 0.0)",11,4.0,0.5560459143943953,21.0
"RV|('H', 1, 0.4, 0.2)",RV,"('H', 1, 0.4, 0.2)",11,6.0,0.5648022133374233,21.0
"RV|('H', 1, 0.5, -0.5)",RV,"('H', 1, 0.5, -0.5)",11,0.4,0.5322520551113289,22.0
"RV|('H', 1, 0.5, 0.0)",RV,"('H', 1, 0.5, 0.0)",11,2.7142857142857144,0.7879647905721896,29.5
"RV|('H', 1, 0.5, 0.25)",RV,"('H', 1, 0.5, 0.25)",11,4.0,0.790413623629521,29.5
"RV|('H', 3, 0.1, -0.1)",RV,"('H', 3, 0.1, -0.1)",11,2.0,0.44468946603629705,14.0
"RV|('H', 3, 0.1, 0.0)",RV,"('H', 3, 0.1, 0.0)",11,4.333333333333333,0.44688641527385425,14.0
"RV|('H', 3, 0.1, 0.05)",RV,"('H', 3, 0.1, 0.05)",11,5.25,0.44688641527385425,14.0
"RV|('H', 3, 0.2, -0.2)",RV,"('H', 3, 0.2, -0.2)",11,1.4,0.4764120751631835,16.5
"RV|('H', 3, 0.2, 0.0)",RV,"('H', 3, 0.2, 0.0)",11,4.0,0.5,17.0
"RV|('H', 3, 0.2, 0.1)",RV,"('H', 3, 0.2, 0.1)",11,4.8,0.5022255214144836,17.0
"RV|('H', 3, 0.3, -0.3)",RV,"('H', 3, 0.3, -0.3)",11,1.0,0.5,19.0
"RV|('H', 3, 0.3, 0.0)",RV,"('H', 3, 0.3, 0.0)",11,3.142857142857143,0.5664734644028988,20.5
"RV|('H', 3, 0.3, 0.15)",RV,"('H', 3, 0.3, 0.15)",11,4.0,0.5694650484505803,20.5
"RV|('H', 3, 0.4, -0.4)",RV,"('H', 3, 0.4, -0.4)",11,0.6666666666666666,0.5178931566783004,21.0
"RV|('H', 3, 0.4, 0.0)",RV,"('H', 3, 0.4, 0.0)",11,2.4285714285714284,0.6655857635240303,26.0
"RV|('H', 3, 0.4, 0.2)",RV,"('H', 3, 0.4, 0.2)",11,3.0,0.6830468628789323,26.0
"RV|('H', 3, 0.5, -0.5)",RV,"('H', 3, 0.5, -0.5)",11,0.0,0.5742428023579006,24.0
"RV|('H', 3, 0.5, 0.0)",RV,"('H', 3, 0.5, 0.0)",11,1.6,0.9219030163224785,35.0
"RV|('H', 3, 0.5, 0.25)",RV,"('H', 3, 0.5, 0.25)",11,2.142857142857143,0.9219030163224785,35.0
"RV|('H', 5, 0.1, -0.1)",RV,"('H', 5, 0.1, -0.1)",11,1.5,0.46186390726690185,16.0
"RV|('H', 5, 0.1, 0.0)",RV,"('H', 5, 0.1, 0.0)",11,3.6,0.46691045319839475,16.0
"RV|('H', 5, 0.1, 0.05)",RV,"('H', 5, 0.1, 0.05)",11,4.0,0.46691045319839475,16.0
"RV|('H', 5, 0.2, -0.2)",RV,"('H', 5, 0.2, -0.2)",11,1.0,0.4912982589407974,18.0
"RV|('H', 5, 0.2, 0.0)",RV,"('H', 5, 0.2, 0.0)",11,3.0,0.5150868483681521,18.5
"RV|('H', 5, 0.2, 0.1)",RV,"('H', 5, 0.2, 0.1)",11,3.6666666666666665,0.5228703376013277,19.0
"RV|('H', 5, 0.3, -0.3)",RV,"('H', 5, 0.3, -0.3)",11,0.8571428571428571,0.5140138997715163,20.0
"RV|('H', 5, 0.3, 0.0)",RV,"('H', 5, 0.3, 0.0)",11,2.5,0.6062800237303112,23.0
"RV|('H', 5, 0.3, 0.15)",RV,"('H', 5, 0.3, 0.15)",11,3.2857142857142856,0.6201088019553048,23.0
"RV|('H', 5, 0.4, -0.4)",RV,"('H', 5, 0.4, -0.4)",11,0.5,0.5253004340009515,22.5
"RV|('H', 5, 0.4, 0.0)",RV,"('H', 5, 0.4, 0.0)",11,2.0,0.7256072376798509,29.0
"RV|('H', 5, 0.4, 0.2)",RV,"('H', 5, 0.4, 0.2)",11,2.4,0.7362237499669987,29.5
"RV|('H', 5, 0.5, -0.5)",RV,"('H', 5, 0.5, -0.5)",11,0.0,0.5695934292567175,23.0
"RV|('H', 5, 0.5, 0.0)",RV,"('H', 5, 0.5, 0.0)",11,1.4,0.9739393315751778,37.0
"RV|('H', 5, 0.5, 0.25)",RV,"('H', 5, 0.5, 0.25)",11,2.0,1.0,37.0
"RV|('H', 10, 0.1, -0.1)",RV,"('H', 10, 0.1, -0.1)",11,1.0,0.4855952831837089,19.0
"RV|('H', 10, 0.1, 0.0)",RV,"('H', 10, 0.1, 0.0)",11,2.6666666666666665,0.5,19.0
"RV|('H', 10, 0.1, 0.05)",RV,"('H', 10, 0.1, 0.05)",11,2.857142857142857,0.5,19.0
"RV|('H', 10, 0.2, -0.2)",RV,"('H', 10, 0.2, -0.2)",11,0.8,0.5185603213897887,21.0
"RV|('H', 10, 0.2, 0.0)",RV,"('H', 10, 0.2, 0.0)",11,2.0,0.5868714599728112,22.0
"RV|('H', 10, 0.2, 0.1)",RV,"('H', 10, 0.2, 0.1)",11,2.6,0.5930948932967618,23.0
"RV|('H', 10, 0.3, -0.3)",RV,"('H', 10, 0.3, -0.3)",11,0.6,0.5281931544848819,22.5
"RV|('H', 10, 0.3, 0.0)",RV,"('H', 10, 0.3, 0.0)",11,2.0,0.6586748361892145,28.0
"RV|('H', 10, 0.3, 0.15)",RV,"('H', 10, 0.3, 0.15)",11,2.0,0.6788163820684204,29.0
"RV|('H', 10, 0.4, -0.4)",RV,"('H', 10, 0.4, -0.4)",11,0.16666666666666666,0.550097175032904,25.0
"RV|('H', 10, 0.4, 0.0)",RV,"('H', 10, 0.4, 0.0)",11,1.3333333333333333,0.8403746037448824,34.0
"RV|('H', 10, 0.4, 0.2)",RV,"('H', 10, 0.4, 0.2)",11,1.625,0.8810404897462301,35.0
"RV|('H', 10, 0.5, -0.5)",RV,"('H', 10, 0.5, -0.5)",11,0.0,0.5,22.0
"RV|('H', 10, 0.5, 0.0)",RV,"('H', 10, 0.5, 0.0)",11,1.0,1.0,40.0
"RV|('H', 10, 0.5, 0.25)",RV,"('H', 10, 0.5, 0.25)",11,1.4,1.0,41.0
"RV|('C', 0, 0.0, 0.5)",RV,"('C', 0, 0.0, 0.5)",11,2.0,0.42885757854242984,13.5
"RV|('C', 0, 0.0, 1)",RV,"('C', 0, 0.0, 1)",11,1.6,0.4460797608368908,16.0
"RV|('C', 0, 0.0, 2)",RV,"('C', 0, 0.0, 2)",11,1.0,0.47332218942168947,18.0
"RV|('C', 0, 0.0, 4)",RV,"('C', 0, 0.0, 4)",11,0.8571428571428571,0.5,21.0
"RV|('C', 0, 0.0, 8)",RV,"('C', 0, 0.0, 8)",11,0.5,0.5,24.0
"RV|('C', 0, 0.1, 0.5)",RV,"('C', 0, 0.1, 0.5)",11,1.5,0.45310298785143605,15.5
"RV|('C', 0, 0.1, 1)",RV,"('C', 0, 0.1, 1)",11,1.2,0.48261266759459215,18.0
"RV|('C', 0, 0.1, 2)",RV,"('C', 0, 0.1, 2)",11,1.0,0.5,20.5
"RV|('C', 0, 0.1, 4)",RV,"('C', 0, 0.1, 4)",11,0.5555555555555556,0.5,22.0
"RV|('C', 0, 0.1, 8)",RV,"('C', 0, 0.1, 8)",11,0.3333333333333333,0.5,25.5
"RV|('C', 0, 0.2, 0.5)",RV,"('C', 0, 0.2, 0.5)",11,1.0,0.48578507021117434,18.0
"RV|('C', 0, 0.2, 1)",RV,"('C', 0, 0.2, 1)",11,1.0,0.5197925556154483,20.0
"RV|('C', 0, 0.2, 2)",RV,"('C', 0, 0.2, 2)",11,0.6666666666666666,0.5,22.0
"RV|('C', 0, 0.2, 4)",RV,"('C', 0, 0.2, 4)",11,0.3333333333333333,0.5633429650283261,26.0
"RV|('C', 0, 0.2, 8)",RV,"('C', 0, 0.2, 8)",11,0.125,0.5,26.0
"RV|('C', 0, 0.3, 0.5)",RV,"('C', 0, 0.3, 0.5)",11,0.8,0.5327365399911788,20.5
"RV|('C', 0, 0.3, 1)",RV,"('C', 0, 0.3, 1)",11,0.5555555555555556,0.5557064601445385,22.0
"RV|('C', 0, 0.3, 2)",RV,"('C', 0, 0.3, 2)",11,0.25,0.5550874318968343,25.5
"RV|('C', 0, 0.3, 4)",RV,"('C', 0, 0.3, 4)",11,0.0,0.5,22.0
"RV|('C', 0, 0.3, 8)",RV,"('C', 0, 0.3, 8)",11,0.0,0.5,23.0
"B0.5|('H', 1, 0.1, -0.1)",B0.5,"('H', 1, 0.1, -0.1)",12,10.25,0.1983574632694104,4.0
"B0.5|('H', 1, 0.1, 0.0)",B0.5,"('H', 1, 0.1, 0.0)",12,16.6,0.1983574632694104,4.0
"B0.5|('H', 1, 0.1, 0.05)",B0.5,"('H', 1, 0.1, 0.05)",12,20.8,0.1983574632694104,4.0
"B0.5|('H', 1, 0.2, -0.2)",B0.5,"('H', 1, 0.2, -0.2)",12,7.285714285714286,0.2265158887392316,5.0
"B0.5|('H', 1, 0.2, 0.0)",B0.5,"('H', 1, 0.2, 0.0)",12,17.0,0.2265158887392316,5.0
"B0.5|('H', 1, 0.2, 0.1)",B0.5,"('H', 1, 0.2, 0.1)",12,22.2,0.22874769993283722,5.0
"B0.5|('H', 1, 0.3, -0.3)",B0.5,"('H', 1, 0.3, -0.3)",12,5.0,0.25998012569936085,7.0
"B0.5|('H', 1, 0.3, 0.0)",B0.5,"('H', 1, 0.3, 0.0)",12,15.0,0.25998012569936085,7.0
"B0.5|('H', 1, 0.3, 0.15)",B0.5,"('H', 1, 0.3, 0.15)",12,20.6,0.26084486424280634,7.0
"B0.5|('H', 1, 0.4, -0.4)",B0.5,"('H', 1, 0.4, -0.4)",12,3.6666666666666665,0.2968513361683575,8.0
"B0.5|('H', 1, 0.4, 0.0)",B0.5,"('H', 1, 0.4, 0.0)",12,13.0,0.2994146406673469,8.5
"B0.5|('H', 1, 0.4, 0.2)",B0.5,"('H', 1, 0.4, 0.2)",12,18.0,0.3003876987329872,9.0
"B0.5|('H', 1, 0.5, -0.5)",B0.5,"('H', 1, 0.5, -0.5)",12,2.6,0.3465802399731995,11.5
"B0.5|('H', 1, 0.5, 0.0)",B0.5,"('H', 1, 0.5, 0.0)",12,10.25,0.3486579248899304,12.0
"B0.5|('H', 1, 0.5, 0.25)",B0.5,"('H', 1, 0.5, 0.25)",12,15.4,0.3486579248899304,12.5
"B0.5|('H', 3, 0.1, -0.1)",B0.5,"('H', 3, 0.1, -0.1)",12,5.0,0.25631228957484964,7.0
"B0.5|('H', 3, 0.1, 0.0)",B0.5,"('H', 3, 0.1, 0.0)",12,11.0,0.25668694475054926,7.0
"B0.5|('H', 3, 0.1, 0.05)",B0.5,"('H', 3, 0.1, 0.05)",12,13.0,0.25668694475054926,7.0
"B0.5|('H', 3, 0.2, -0.2)",B0.5,"('H', 3, 0.2, -0.2)",12,4.0,0.27825328601519084,8.0
"B0.5|('H', 3, 0.2, 0.0)",B0.5,"('H', 3, 0.2, 0.0)",12,10.4,0.278254069938867,8.0
"B0.5|('H', 3, 0.2, 0.1)",B0.5,"('H', 3, 0.2, 0.1)",12,12.0,0.278254069938867,8.5
"B0.5|('H', 3, 0.3, -0.3)",B0.5,"('H', 3, 0.3, -0.3)",12,3.0,0.32241024089705334,10.0
"B0.5|('H', 3, 0.3, 0.0)",B0.5,"('H', 3, 0.3, 0.0)",12,8.75,0.3281288918089552,10.0
"B0.5|('H', 3, 0.3, 0.15)",B0.5,"('H', 3, 0.3, 0.15)",12,10.75,0.3314663824714423,11.0
"B0.5|('H', 3, 0.4, -0.4)",B0.5,"('H', 3, 0.4, -0.4)",12,2.2,0.34970979136769365,13.0
"B0.5|('H', 3, 0.4, 0.0)",B0.5,"('H', 3, 0.4, 0.0)",12,7.571428571428571,0.3740302436948995,14.0
"B0.5|('H', 3, 0.4, 0.2)",B0.5,"('H', 3, 0.4, 0.2)",12,9.2,0.3778061812682657,14.0
"B0.5|('H', 3, 0.5, -0.5)",B0.5,"('H', 3, 0.5, -0.5)",12,0.7777777777777778,0.4338108865598868,17.0
"B0.5|('H', 3, 0.5, 0.0)",B0.5,"('H', 3, 0.5, 0.0)",12,4.8,0.5278782589608905,22.5
"B0.5|('H', 3, 0.5, 0.25)",B0.5,"('H', 3, 0.5, 0.25)",12,6.4,0.5396386760048307,23.0
"B0.5|('H', 5, 0.1, -0.1)",B0.5,"('H', 5, 0.1, -0.1)",12,4.2,0.2766843590422144,8.5
"B0.5|('H', 5, 0.1, 0.0)",B0.5,"('H', 5, 0.1, 0.0)",12,9.75,0.2766843590422144,8.5
"B0.5|('H', 5, 0.1, 0.05)",B0.5,"('H', 5, 0.1, 0.05)",12,10.8,0.2766843590422144,8.5
"B0.5|('H', 5, 0.2, -0.2)",B0.5,"('H', 5, 0.2, -0.2)",12,3.2,0.3198626466723571,10.0
"B0.5|('H', 5, 0.2, 0.0)",B0.5,"('H', 5, 0.2, 0.0)",12,8.25,0.3248352720381686,10.0
"B0.5|('H', 5, 0.2, 0.1)",B0.5,"('H', 5, 0.2, 0.1)",12,9.6,0.3248883365973151,11.0
"B0.5|('H', 5, 0.3, -0.3)",B0.5,"('H', 5, 0.3, -0.3)",12,2.2,0.3465802399731995,12.5
"B0.5|('H', 5, 0.3, 0.0)",B0.5,"('H', 5, 0.3, 0.0)",12,6.75,0.3608008367219244,13.5
"B0.5|('H', 5, 0.3, 0.15)",B0.5,"('H', 5, 0.3, 0.15)",12,8.2,0.3713360741790871,14.0
"B0.5|('H', 5, 0.4, -0.4)",B0.5,"('H', 5, 0.4, -0.4)",12,1.5,0.3960389411302377,16.0
"B0.5|('H', 5, 0.4, 0.0)",B0.5,"('H', 5, 0.4, 0.0)",12,5.4,0.43561719746489047,18.0
"B0.5|('H', 5, 0.4, 0.2)",B0.5,"('H', 5, 0.4, 0.2)",12,6.6,0.4477598860655415,18.5
"B0.5|('H', 5, 0.5, -0.5)",B0.5,"('H', 5, 0.5, -0.5)",12,0.16666666666666666,0.5,19.0
"B0.5|('H', 5, 0.5, 0.0)",B0.5,"('H', 5, 0.5, 0.0)",12,3.2,0.667653750138169,28.0
"B0.5|('H', 5, 0.5, 0.25)",B0.5,"('H', 5, 0.5, 0.25)",12,4.0,0.6695684009818577,29.0
"B0.5|('H', 10, 0.1, -0.1)",B0.5,"('H', 10, 0.1, -0.1)",12,2.6666666666666665,0.3316943259963473,12.0
"B0.5|('H', 10, 0.1, 0.0)",B0.5,"('H', 10, 0.1, 0.0)",12,6.8,0.338997283440283,12.0
"B0.5|('H', 10, 0.1, 0.05)",B0.5,"('H', 10, 0.1, 0.05)",12,7.571428571428571,0.338997283440283,12.0
"B0.5|('H', 10, 0.2, -0.2)",B0.5,"('H', 10, 0.2, -0.2)",12,2.0,0.3580892843438544,14.0
"B0.5|('H', 10, 0.2, 0.0)",B0.5,"('H', 10, 0.2, 0.0)",12,5.6,0.3846499472942204,16.0
"B0.5|('H', 10, 0.2, 0.1)",B0.5,"('H', 10, 0.2, 0.1)",12,6.6,0.3871967370023827,16.0
"B0.5|('H', 10, 0.3, -0.3)",B0.5,"('H', 10, 0.3, -0.3)",12,1.4,0.3949821325179038,18.0
"B0.5|('H', 10, 0.3, 0.0)",B0.5,"('H', 10, 0.3, 0.0)",12,4.4,0.4483833228469714,20.0
"B0.5|('H', 10, 0.3, 0.15)",B0.5,"('H', 10, 0.3, 0.15)",12,5.25,0.4573521281784024,20.5
"B0.5|('H', 10, 0.4, -0.4)",B0.5,"('H', 10, 0.4, -0.4)",12,0.6,0.48796704145744896,23.0
"B0.5|('H', 10, 0.4, 0.0)",B0.5,"('H', 10, 0.4, 0.0)",12,3.0,0.5839037748429867,27.0
"B0.5|('H', 10, 0.4, 0.2)",B0.5,"('H', 10, 0.4, 0.2)",12,4.0,0.5839037748429867,27.0
"B0.5|('H', 10, 0.5, -0.5)",B0.5,"('H', 10, 0.5, -0.5)",12,0.0,0.5,12.5
"B0.5|('H', 10, 0.5, 0.0)",B0.5,"('H', 10, 0.5, 0.0)",12,2.0,0.8183639477975234,37.0
"B0.5|('H', 10, 0.5, 0.25)",B0.5,"('H', 10, 0.5, 0.25)",12,2.4,0.8312034781937524,38.0
"B0.5|('C', 0, 0.0, 0.5)",B0.5,"('C', 0, 0.0, 0.5)",12,5.857142857142857,0.24161017076888067,6.0
"B0.5|('C', 0, 0.0, 1)",B0.5,"('C', 0, 0.0, 1)",12,4.5,0.2673951552606222,8.0
"B0.5|('C', 0, 0.0, 2)",B0.5,"('C', 0, 0.0, 2)",12,3.0,0.30485719682386714,10.5
"B0.5|('C', 0, 0.0, 4)",B0.5,"('C', 0, 0.0, 4)",12,2.0,0.35061067371268945,15.0
"B0.5|('C', 0, 0.0, 8)",B0.5,"('C', 0, 0.0, 8)",12,1.0,0.42775634628778386,23.0
"B0.5|('C', 0, 0.1, 0.5)",B0.5,"('C', 0, 0.1, 0.5)",12,4.5,0.2581620860608694,7.0
"B0.5|('C', 0, 0.1, 1)",B0.5,"('C', 0, 0.1, 1)",12,3.5,0.2953823942362829,9.5
"B0.5|('C', 0, 0.1, 2)",B0.5,"('C', 0, 0.1, 2)",12,2.3333333333333335,0.3465802399731995,12.5
"B0.5|('C', 0, 0.1, 4)",B0.5,"('C', 0, 0.1, 4)",12,1.4,0.40899729015758146,19.0
"B0.5|('C', 0, 0.1, 8)",B0.5,"('C', 0, 0.1, 8)",12,0.5,0.5,24.5
"B0.5|('C', 0, 0.2, 0.5)",B0.5,"('C', 0, 0.2, 0.5)",12,3.5,0.28798021228898063,9.0
"B0.5|('C', 0, 0.2, 1)",B0.5,"('C', 0, 0.2, 1)",12,2.6,0.34066920675452167,11.5
"B0.5|('C', 0, 0.2, 2)",B0.5,"('C', 0, 0.2, 2)",12,1.5714285714285714,0.3900040378683674,16.0
"B0.5|('C', 0, 0.2, 4)",B0.5,"('C', 0, 0.2, 4)",12,0.6666666666666666,0.4479388246631952,22.0
"B0.5|('C', 0, 0.2, 8)",B0.5,"('C', 0, 0.2, 8)",12,0.0,0.5,20.0
"B0.5|('C', 0, 0.3, 0.5)",B0.5,"('C', 0, 0.3, 0.5)",12,2.5,0.34343128427497277,12.0
"B0.5|('C', 0, 0.3, 1)",B0.5,"('C', 0, 0.3, 1)",12,1.6666666666666667,0.39520989069411844,15.0
"B0.5|('C', 0, 0.3, 2)",B0.5,"('C', 0, 0.3, 2)",12,0.6666666666666666,0.4421014030583848,20.0
"B0.5|('C', 0, 0.3, 4)",B0.5,"('C', 0, 0.3, 4)",12,0.0,0.5,16.5
"B0.5|('C', 0, 0.3, 8)",B0.5,"('C', 0, 0.3, 8)",12,0.0,0.5,14.5
"B1|('H', 1, 0.1, -0.1)",B1,"('H', 1, 0.1, -0.1)",12,3.8333333333333335,0.33849504639021616,10.0
"B1|('H', 1, 0.1, 0.0)",B1,"('H', 1, 0.1, 0.0)",12,8.25,0.33916886016453995,10.0
"B1|('H', 1, 0.1, 0.05)",B1,"('H', 1, 0.1, 0.05)",12,11.0,0.33916886016453995,10.0
"B1|('H', 1, 0.2, -0.2)",B1,"('H', 1, 0.2, -0.2)",12,2.4285714285714284,0.37209182756968884,12.5
"B1|('H', 1, 0.2, 0.0)",B1,"('H', 1, 0.2, 0.0)",12,7.285714285714286,0.37305318281033817,13.0
"B1|('H', 1, 0.2, 0.1)",B1,"('H', 1, 0.2, 0.1)",12,10.4,0.37305318281033817,13.0
"B1|('H', 1, 0.3, -0.3)",B1,"('H', 1, 0.3, -0.3)",12,1.6666666666666667,0.4411302830238415,16.5
"B1|('H', 1, 0.3, 0.0)",B1,"('H', 1, 0.3, 0.0)",12,6.0,0.4550560757517964,17.5
"B1|('H', 1, 0.3, 0.15)",B1,"('H', 1, 0.3, 0.15)",12,9.166666666666666,0.45535738853019775,17.5
"B1|('H', 1, 0.4, -0.4)",B1,"('H', 1, 0.4, -0.4)",12,1.1666666666666667,0.5,21.0
"B1|('H', 1, 0.4, 0.0)",B1,"('H', 1, 0.4, 0.0)",12,4.833333333333333,0.5152642743813224,21.0
"B1|('H', 1, 0.4, 0.2)",B1,"('H', 1, 0.4, 0.2)",12,8.0,0.51853414203427,21.0
"B1|('H', 1, 0.5, -0.5)",B1,"('H', 1, 0.5, -0.5)",12,1.0,0.5075790446643575,23.0
"B1|('H', 1, 0.5, 0.0)",B1,"('H', 1, 0.5, 0.0)",12,4.0,0.5544227161993928,25.5
"B1|('H', 1, 0.5, 0.25)",B1,"('H', 1, 0.5, 0.25)",12,6.75,0.5549772773767159,26.0
"B1|('H', 3, 0.1, -0.1)",B1,"('H', 3, 0.1, -0.1)",12,2.2857142857142856,0.36350087046084095,13.0
"B1|('H', 3, 0.1, 0.0)",B1,"('H', 3, 0.1, 0.0)",12,5.25,0.3663398137028327,13.0
"B1|('H', 3, 0.1, 0.05)",B1,"('H', 3, 0.1, 0.05)",12,6.5,0.3673392639880689,13.0
"B1|('H', 3, 0.2, -0.2)",B1,"('H', 3, 0.2, -0.2)",12,1.7142857142857142,0.423590842594727,16.0
"B1|('H', 3, 0.2, 0.0)",B1,"('H', 3, 0.2, 0.0)",12,4.714285714285714,0.4340315527182679,16.0
"B1|('H', 3, 0.2, 0.1)",B1,"('H', 3, 0.2, 0.1)",12,6.0,0.4340315527182679,16.5
"B1|('H', 3, 0.3, -0.3)",B1,"('H', 3, 0.3, -0.3)",12,1.2,0.481662395373588,20.5
"B1|('H', 3, 0.3, 0.0)",B1,"('H', 3, 0.3, 0.0)",12,4.0,0.5,21.0
"B1|('H', 3, 0.3, 0.15)",B1,"('H', 3, 0.3, 0.15)",12,5.142857142857143,0.5,21.5
"B1|('H', 3, 0.4, -0.4)",B1,"('H', 3, 0.4, -0.4)",12,1.0,0.5,23.0
"B1|('H', 3, 0.4, 0.0)",B1,"('H', 3, 0.4, 0.0)",12,3.4285714285714284,0.5344729603421057,25.0
"B1|('H', 3, 0.4, 0.2)",B1,"('H', 3, 0.4, 0.2)",12,4.833333333333333,0.5384138563734848,25.0
"B1|('H', 3, 0.5, -0.5)",B1,"('H', 3, 0.5, -0.5)",12,0.6,0.5,25.5
"B1|('H', 3, 0.5, 0.0)",B1,"('H', 3, 0.5, 0.0)",12,2.6666666666666665,0.6235667460909045,29.0
"B1|('H', 3, 0.5, 0.25)",B1,"('H', 3, 0.5, 0.25)",12,4.0,0.6299720974246654,30.0
"B1|('H', 5, 0.1, -0.1)",B1,"('H', 5, 0.1, -0.1)",12,2.0,0.39197584709193867,14.0
"B1|('H', 5, 0.1, 0.0)",B1,"('H', 5, 0.1, 0.0)",12,4.571428571428571,0.3961637430333688,15.0
"B1|('H', 5, 0.1, 0.05)",B1,"('H', 5, 0.1, 0.05)",12,5.2,0.3999741427191438,15.0
"B1|('H', 5, 0.2, -0.2)",B1,"('H', 5, 0.2, -0.2)",12,1.4,0.45510123011134374,19.0
"B1|('H', 5, 0.2, 0.0)",B1,"('H', 5, 0.2, 0.0)",12,4.0,0.45630877242873824,19.0
"B1|('H', 5, 0.2, 0.1)",B1,"('H', 5, 0.2, 0.1)",12,4.571428571428571,0.4566500590026575,19.0
"B1|('H', 5, 0.3, -0.3)",B1,"('H', 5, 0.3, -0.3)",12,1.0,0.4894263445167942,23.0
"B1|('H', 5, 0.3, 0.0)",B1,"('H', 5, 0.3, 0.0)",12,3.2,0.5019841074659358,24.0
"B1|('H', 5, 0.3, 0.15)",B1,"('H', 5, 0.3, 0.15)",12,4.0,0.5125634114506349,24.0
"B1|('H', 5, 0.4, -0.4)",B1,"('H', 5, 0.4, -0.4)",12,0.8,0.5,24.5
"B1|('H', 5, 0.4, 0.0)",B1,"('H', 5, 0.4, 0.0)",12,2.8,0.5706544192409257,27.0
"B1|('H', 5, 0.4, 0.2)",B1,"('H', 5, 0.4, 0.2)",12,3.8,0.5800355993996184,28.0
"B1|('H', 5, 0.5, -0.5)",B1,"('H', 5, 0.5, -0.5)",12,0.42857142857142855,0.5,24.0
"B1|('H', 5, 0.5, 0.0)",B1,"('H', 5, 0.5, 0.0)",12,2.2,0.6641164519662605,32.0
"B1|('H', 5, 0.5, 0.25)",B1,"('H', 5, 0.5, 0.25)",12,3.0,0.6674164474494426,33.0
"B1|('H', 10, 0.1, -0.1)",B1,"('H', 10, 0.1, -0.1)",12,1.5,0.4243655297810497,18.0
"B1|('H', 10, 0.1, 0.0)",B1,"('H', 10, 0.1, 0.0)",12,3.6666666666666665,0.44193085792627756,19.0
"B1|('H', 10, 0.1, 0.05)",B1,"('H', 10, 0.1, 0.05)",12,4.0,0.442862980556392,19.0
"B1|('H', 10, 0.2, -0.2)",B1,"('H', 10, 0.2, -0.2)",12,1.0,0.4603894172309774,23.0
"B1|('H', 10, 0.2, 0.0)",B1,"('H', 10, 0.2, 0.0)",12,3.0,0.5,24.0
"B1|('H', 10, 0.2, 0.1)",B1,"('H', 10, 0.2, 0.1)",12,3.5,0.5,24.0
"B1|('H', 10, 0.3, -0.3)",B1,"('H', 10, 0.3, -0.3)",12,0.75,0.5,24.0
"B1|('H', 10, 0.3, 0.0)",B1,"('H', 10, 0.3, 0.0)",12,2.5,0.5401451637671287,28.0
"B1|('H', 10, 0.3, 0.15)",B1,"('H', 10, 0.3, 0.15)",12,3.0,0.5711037856871938,28.0
"B1|('H', 10, 0.4, -0.4)",B1,"('H', 10, 0.4, -0.4)",12,0.5714285714285714,0.5,23.5
"B1|('H', 10, 0.4, 0.0)",B1,"('H', 10, 0.4, 0.0)",12,2.0,0.6361799796120444,32.0
"B1|('H', 10, 0.4, 0.2)",B1,"('H', 10, 0.4, 0.2)",12,2.6,0.6495256783092481,32.0
"B1|('H', 10, 0.5, -0.5)",B1,"('H', 10, 0.5, -0.5)",12,0.16666666666666666,0.5,22.0
"B1|('H', 10, 0.5, 0.0)",B1,"('H', 10, 0.5, 0.0)",12,1.6,0.7360303893591382,38.0
"B1|('H', 10, 0.5, 0.25)",B1,"('H', 10, 0.5, 0.25)",12,2.0,0.7513465631229536,38.0
"B1|('C', 0, 0.0, 0.5)",B1,"('C', 0, 0.0, 0.5)",12,2.5714285714285716,0.36073104865246025,12.0
"B1|('C', 0, 0.0, 1)",B1,"('C', 0, 0.0, 1)",12,2.0,0.3945105239062812,14.0
"B1|('C', 0, 0.0, 2)",B1,"('C', 0, 0.0, 2)",12,1.6666666666666667,0.4147327890846473,18.0
"B1|('C', 0, 0.0, 4)",B1,"('C', 0, 0.0, 4)",12,1.0,0.4311122890873932,22.5
"B1|('C', 0, 0.0, 8)",B1,"('C', 0, 0.0, 8)",12,0.6666666666666666,0.5,25.0
"B1|('C', 0, 0.1, 0.5)",B1,"('C', 0, 0.1, 0.5)",12,2.0,0.39495647707845094,15.0
"B1|('C', 0, 0.1, 1)",B1,"('C', 0, 0.1, 1)",12,1.5,0.44038542945904013,18.0
"B1|('C', 0, 0.1, 2)",B1,"('C', 0, 0.1, 2)",12,1.1428571428571428,0.4507252187345162,21.0
"B1|('C', 0, 0.1, 4)",B1,"('C', 0, 0.1, 4)",12,0.8,0.49078166457125466,23.0
"B1|('C', 0, 0.1, 8)",B1,"('C', 0, 0.1, 8)",12,0.4444444444444444,0.5,23.0
"B1|('C', 0, 0.2, 0.5)",B1,"('C', 0, 0.2, 0.5)",12,1.3333333333333333,0.454163841806511,19.0
"B1|('C', 0, 0.2, 1)",B1,"('C', 0, 0.2, 1)",12,1.0,0.46588238703239376,21.0
"B1|('C', 0, 0.2, 2)",B1,"('C', 0, 0.2, 2)",12,0.8333333333333334,0.4971048678267514,23.0
"B1|('C', 0, 0.2, 4)",B1,"('C', 0, 0.2, 4)",12,0.5714285714285714,0.5,24.0
"B1|('C', 0, 0.2, 8)",B1,"('C', 0, 0.2, 8)",12,0.25,0.5,22.5
"B1|('C', 0, 0.3, 0.5)",B1,"('C', 0, 0.3, 0.5)",12,1.0,0.5,22.0
"B1|('C', 0, 0.3, 1)",B1,"('C', 0, 0.3, 1)",12,0.8,0.5,23.0
"B1|('C', 0, 0.3, 2)",B1,"('C', 0, 0.3, 2)",12,0.5714285714285714,0.5,25.0
"B1|('C', 0, 0.3, 4)",B1,"('C', 0, 0.3, 4)",12,0.25,0.5,22.0
"B1|('C', 0, 0.3, 8)",B1,"('C', 0, 0.3, 8)",12,0.0,0.5,18.0
"B2|('H', 1, 0.1, -0.1)",B2,"('H', 1, 0.1, -0.1)",12,1.0,0.48191226482645344,15.0
"B2|('H', 1, 0.1, 0.0)",B2,"('H', 1, 0.1, 0.0)",12,2.5,0.483199534055923,15.0
"B2|('H', 1, 0.1, 0.05)",B2,"('H', 1, 0.1, 0.05)",12,3.272727272727273,0.4858591145252857,15.0
"B2|('H', 1, 0.2, -0.2)",B2,"('H', 1, 0.2, -0.2)",12,0.6,0.5,17.5
"B2|('H', 1, 0.2, 0.0)",B2,"('H', 1, 0.2, 0.0)",12,2.0,0.5,20.0
"B2|('H', 1, 0.2, 0.1)",B2,"('H', 1, 0.2, 0.1)",12,2.6666666666666665,0.5009482862146262,20.0
"B2|('H', 1, 0.3, -0.3)",B2,"('H', 1, 0.3, -0.3)",12,0.4,0.5,20.0
"B2|('H', 1, 0.3, 0.0)",B2,"('H', 1, 0.3, 0.0)",12,1.4545454545454546,0.5416598891713336,23.0
"B2|('H', 1, 0.3, 0.15)",B2,"('H', 1, 0.3, 0.15)",12,2.0,0.5787013019875699,24.0
"B2|('H', 1, 0.4, -0.4)",B2,"('H', 1, 0.4, -0.4)",12,0.25,0.5,18.0
"B2|('H', 1, 0.4, 0.0)",B2,"('H', 1, 0.4, 0.0)",12,1.125,0.6188740998334085,26.0
"B2|('H', 1, 0.4, 0.2)",B2,"('H', 1, 0.4, 0.2)",12,1.8571428571428572,0.643301460580579,28.5
"B2|('H', 1, 0.5, -0.5)",B2,"('H', 1, 0.5, -0.5)",12,0.16666666666666666,0.5,22.5
"B2|('H', 1, 0.5, 0.0)",B2,"('H', 1, 0.5, 0.0)",12,1.0,0.6893235843682849,31.0
"B2|('H', 1, 0.5, 0.25)",B2,"('H', 1, 0.5, 0.25)",12,1.6,0.72402877996822,32.0
"B2|('H', 3, 0.1, -0.1)",B2,"('H', 3, 0.1, -0.1)",12,0.6666666666666666,0.5,17.0
"B2|('H', 3, 0.1, 0.0)",B2,"('H', 3, 0.1, 0.0)",12,1.5555555555555556,0.5,17.5
"B2|('H', 3, 0.1, 0.05)",B2,"('H', 3, 0.1, 0.05)",12,2.0,0.5,18.0
"B2|('H', 3, 0.2, -0.2)",B2,"('H', 3, 0.2, -0.2)",12,0.5,0.5,20.0
"B2|('H', 3, 0.2, 0.0)",B2,"('H', 3, 0.2, 0.0)",12,1.3333333333333333,0.5,22.0
"B2|('H', 3, 0.2, 0.1)",B2,"('H', 3, 0.2, 0.1)",12,1.6666666666666667,0.5013794680420186,23.0
"B2|('H', 3, 0.3, -0.3)",B2,"('H', 3, 0.3, -0.3)",12,0.3333333333333333,0.5,20.0
"B2|('H', 3, 0.3, 0.0)",B2,"('H', 3, 0.3, 0.0)",12,1.0,0.5123541827595661,23.0
"B2|('H', 3, 0.3, 0.15)",B2,"('H', 3, 0.3, 0.15)",12,1.3636363636363635,0.6023747170517688,26.0
"B2|('H', 3, 0.4, -0.4)",B2,"('H', 3, 0.4, -0.4)",12,0.2,0.5,16.5
"B2|('H', 3, 0.4, 0.0)",B2,"('H', 3, 0.4, 0.0)",12,1.0,0.5782347324631382,25.5
"B2|('H', 3, 0.4, 0.2)",B2,"('H', 3, 0.4, 0.2)",12,1.25,0.7043585755093007,29.0
"B2|('H', 3, 0.5, -0.5)",B2,"('H', 3, 0.5, -0.5)",12,0.14285714285714285,0.5,16.5
"B2|('H', 3, 0.5, 0.0)",B2,"('H', 3, 0.5, 0.0)",12,0.8,0.692261745373863,31.5
"B2|('H', 3, 0.5, 0.25)",B2,"('H', 3, 0.5, 0.25)",12,1.1666666666666667,0.7729029000175918,37.5
"B2|('H', 5, 0.1, -0.1)",B2,"('H', 5, 0.1, -0.1)",12,0.5714285714285714,0.5,18.5
"B2|('H', 5, 0.1, 0.0)",B2,"('H', 5, 0.1, 0.0)",12,1.4,0.5,20.0
"B2|('H', 5, 0.1, 0.05)",B2,"('H', 5, 0.1, 0.05)",12,1.6,0.5,20.0
"B2|('H', 5, 0.2, -0.2)",B2,"('H', 5, 0.2, -0.2)",12,0.4,0.5,20.0
"B2|('H', 5, 0.2, 0.0)",B2,"('H', 5, 0.2, 0.0)",12,1.2,0.5,22.0
"B2|('H', 5, 0.2, 0.1)",B2,"('H', 5, 0.2, 0.1)",12,1.3333333333333333,0.5076426199301598,22.5
"B2|('H', 5, 0.3, -0.3)",B2,"('H', 5, 0.3, -0.3)",12,0.25,0.5,19.0
"B2|('H', 5, 0.3, 0.0)",B2,"('H', 5, 0.3, 0.0)",12,1.0,0.5155033618445912,25.0
"B2|('H', 5, 0.3, 0.15)",B2,"('H', 5, 0.3, 0.15)",12,1.2,0.6021309524841255,27.0
"B2|('H', 5, 0.4, -0.4)",B2,"('H', 5, 0.4, -0.4)",12,0.2,0.5,16.0
"B2|('H', 5, 0.4, 0.0)",B2,"('H', 5, 0.4, 0.0)",12,0.8333333333333334,0.5802327159534262,26.0
"B2|('H', 5, 0.4, 0.2)",B2,"('H', 5, 0.4, 0.2)",12,1.2,0.7085681791194913,29.0
"B2|('H', 5, 0.5, -0.5)",B2,"('H', 5, 0.5, -0.5)",12,0.1,0.5,15.0
"B2|('H', 5, 0.5, 0.0)",B2,"('H', 5, 0.5, 0.0)",12,0.6666666666666666,0.7194027242164603,32.5
"B2|('H', 5, 0.5, 0.25)",B2,"('H', 5, 0.5, 0.25)",12,1.0,0.7837040408304685,38.0
"B2|('H', 10, 0.1, -0.1)",B2,"('H', 10, 0.1, -0.1)",12,0.4,0.5,20.0
"B2|('H', 10, 0.1, 0.0)",B2,"('H', 10, 0.1, 0.0)",12,1.1428571428571428,0.5,20.5
"B2|('H', 10, 0.1, 0.05)",B2,"('H', 10, 0.1, 0.05)",12,1.2,0.5,21.0
"B2|('H', 10, 0.2, -0.2)",B2,"('H', 10, 0.2, -0.2)",12,0.3333333333333333,0.5,19.0
"B2|('H', 10, 0.2, 0.0)",B2,"('H', 10, 0.2, 0.0)",12,1.0,0.5,22.5
"B2|('H', 10, 0.2, 0.1)",B2,"('H', 10, 0.2, 0.1)",12,1.0,0.5,23.0
"B2|('H', 10, 0.3, -0.3)",B2,"('H', 10, 0.3, -0.3)",12,0.2,0.5,16.0
"B2|('H', 10, 0.3, 0.0)",B2,"('H', 10, 0.3, 0.0)",12,0.8181818181818182,0.5,24.5
"B2|('H', 10, 0.3, 0.15)",B2,"('H', 10, 0.3, 0.15)",12,1.0,0.5814071876934828,28.0
"B2|('H', 10, 0.4, -0.4)",B2,"('H', 10, 0.4, -0.4)",12,0.1111111111111111,0.5,15.0
"B2|('H', 10, 0.4, 0.0)",B2,"('H', 10, 0.4, 0.0)",12,0.5714285714285714,0.5523576305297629,25.5
"B2|('H', 10, 0.4, 0.2)",B2,"('H', 10, 0.4, 0.2)",12,0.8571428571428571,0.7206923455140415,32.0
"B2|('H', 10, 0.5, -0.5)",B2,"('H', 10, 0.5, -0.5)",12,0.0,0.5,15.0
"B2|('H', 10, 0.5, 0.0)",B2,"('H', 10, 0.5, 0.0)",12,0.45454545454545453,0.7031770004643836,30.0
"B2|('H', 10, 0.5, 0.25)",B2,"('H', 10, 0.5, 0.25)",12,0.75,0.8284229672257641,39.0
"B2|('C', 0, 0.0, 0.5)",B2,"('C', 0, 0.0, 0.5)",12,0.75,0.5,17.0
"B2|('C', 0, 0.0, 1)",B2,"('C', 0, 0.0, 1)",12,0.625,0.5,18.0
"B2|('C', 0, 0.0, 2)",B2,"('C', 0, 0.0, 2)",12,0.5,0.5,20.0
"B2|('C', 0, 0.0, 4)",B2,"('C', 0, 0.0, 4)",12,0.375,0.5,18.0
"B2|('C', 0, 0.0, 8)",B2,"('C', 0, 0.0, 8)",12,0.25,0.5,15.5
"B2|('C', 0, 0.1, 0.5)",B2,"('C', 0, 0.1, 0.5)",12,0.5,0.5,20.0
"B2|('C', 0, 0.1, 1)",B2,"('C', 0, 0.1, 1)",12,0.4,0.5,20.5
"B2|('C', 0, 0.1, 2)",B2,"('C', 0, 0.1, 2)",12,0.3333333333333333,0.5,19.0
"B2|('C', 0, 0.1, 4)",B2,"('C', 0, 0.1, 4)",12,0.25,0.5,16.5
"B2|('C', 0, 0.1, 8)",B2,"('C', 0, 0.1, 8)",12,0.2,0.5,15.0
"B2|('C', 0, 0.2, 0.5)",B2,"('C', 0, 0.2, 0.5)",12,0.375,0.5,20.5
"B2|('C', 0, 0.2, 1)",B2,"('C', 0, 0.2, 1)",12,0.3333333333333333,0.5,17.0
"B2|('C', 0, 0.2, 2)",B2,"('C', 0, 0.2, 2)",12,0.25,0.5,16.5
"B2|('C', 0, 0.2, 4)",B2,"('C', 0, 0.2, 4)",12,0.2,0.5,15.0
"B2|('C', 0, 0.2, 8)",B2,"('C', 0, 0.2, 8)",12,0.1111111111111111,0.5,15.0
"B2|('C', 0, 0.3, 0.5)",B2,"('C', 0, 0.3, 0.5)",12,0.25,0.5,16.5
"B2|('C', 0, 0.3, 1)",B2,"('C', 0, 0.3, 1)",12,0.2,0.5,16.0
"B2|('C', 0, 0.3, 2)",B2,"('C', 0, 0.3, 2)",12,0.16666666666666666,0.5,15.0
"B2|('C', 0, 0.3, 4)",B2,"('C', 0, 0.3, 4)",12,0.1,0.5,15.0
"B2|('C', 0, 0.3, 8)",B2,"('C', 0, 0.3, 8)",12,0.0,0.5,12.0
"B1w|('H', 1, 0.1, -0.1)",B1w,"('H', 1, 0.1, -0.1)",12,5.4,0.25329527314463307,6.0
"B1w|('H', 1, 0.1, 0.0)",B1w,"('H', 1, 0.1, 0.0)",12,12.25,0.25329527314463307,6.0
"B1w|('H', 1, 0.1, 0.05)",B1w,"('H', 1, 0.1, 0.05)",12,15.6,0.25414548816114463,6.0
"B1w|('H', 1, 0.2, -0.2)",B1w,"('H', 1, 0.2, -0.2)",12,3.5,0.2891444017639647,8.0
"B1w|('H', 1, 0.2, 0.0)",B1w,"('H', 1, 0.2, 0.0)",12,10.75,0.2891444017639647,8.0
"B1w|('H', 1, 0.2, 0.1)",B1w,"('H', 1, 0.2, 0.1)",12,14.4,0.29094074066489906,8.0
"B1w|('H', 1, 0.3, -0.3)",B1w,"('H', 1, 0.3, -0.3)",12,2.0,0.36946737227583193,10.0
"B1w|('H', 1, 0.3, 0.0)",B1w,"('H', 1, 0.3, 0.0)",12,8.0,0.37756964799926174,12.0
"B1w|('H', 1, 0.3, 0.15)",B1w,"('H', 1, 0.3, 0.15)",12,12.0,0.37756964799926174,12.0
"B1w|('H', 1, 0.4, -0.4)",B1w,"('H', 1, 0.4, -0.4)",12,0.25,0.454882463510393,12.0
"B1w|('H', 1, 0.4, 0.0)",B1w,"('H', 1, 0.4, 0.0)",12,5.142857142857143,0.525664005535204,17.5
"B1w|('H', 1, 0.4, 0.2)",B1w,"('H', 1, 0.4, 0.2)",12,8.4,0.5291899565337371,18.0
"B1w|('H', 1, 0.5, -0.5)",B1w,"('H', 1, 0.5, -0.5)",12,0.0,0.5,9.5
"B1w|('H', 1, 0.5, 0.0)",B1w,"('H', 1, 0.5, 0.0)",12,3.6666666666666665,0.66368820471666,24.0
"B1w|('H', 1, 0.5, 0.25)",B1w,"('H', 1, 0.5, 0.25)",12,7.5,0.6909625571001159,25.0
"B1w|('H', 3, 0.1, -0.1)",B1w,"('H', 3, 0.1, -0.1)",12,3.4285714285714284,0.2942953423489373,8.0
"B1w|('H', 3, 0.1, 0.0)",B1w,"('H', 3, 0.1, 0.0)",12,8.0,0.2965544149076672,8.5
"B1w|('H', 3, 0.1, 0.05)",B1w,"('H', 3, 0.1, 0.05)",12,9.4,0.29805104307211605,8.5
"B1w|('H', 3, 0.2, -0.2)",B1w,"('H', 3, 0.2, -0.2)",12,2.0,0.3468337043818898,11.0
"B1w|('H', 3, 0.2, 0.0)",B1w,"('H', 3, 0.2, 0.0)",12,6.5,0.36254369730219443,12.0
"B1w|('H', 3, 0.2, 0.1)",B1w,"('H', 3, 0.2, 0.1)",12,7.75,0.3631141733891028,12.0
"B1w|('H', 3, 0.3, -0.3)",B1w,"('H', 3, 0.3, -0.3)",12,1.0,0.41074404974162465,13.0
"B1w|('H', 3, 0.3, 0.0)",B1w,"('H', 3, 0.3, 0.0)",12,4.666666666666667,0.47238432005328557,15.5
"B1w|('H', 3, 0.3, 0.15)",B1w,"('H', 3, 0.3, 0.15)",12,6.285714285714286,0.47904139964573,16.0
"B1w|('H', 3, 0.4, -0.4)",B1w,"('H', 3, 0.4, -0.4)",12,0.0,0.5,14.5
"B1w|('H', 3, 0.4, 0.0)",B1w,"('H', 3, 0.4, 0.0)",12,3.0,0.6134790039800986,22.0
"B1w|('H', 3, 0.4, 0.2)",B1w,"('H', 3, 0.4, 0.2)",12,5.0,0.6255168185606337,23.0
"B1w|('H', 3, 0.5, -0.5)",B1w,"('H', 3, 0.5, -0.5)",12,0.0,0.5,9.5
"B1w|('H', 3, 0.5, 0.0)",B1w,"('H', 3, 0.5, 0.0)",12,2.5,0.7287584200936648,27.0
"B1w|('H', 3, 0.5, 0.25)",B1w,"('H', 3, 0.5, 0.25)",12,4.25,0.7405665094547701,28.0
"B1w|('H', 5, 0.1, -0.1)",B1w,"('H', 5, 0.1, -0.1)",12,2.6,0.31816476734073174,10.0
"B1w|('H', 5, 0.1, 0.0)",B1w,"('H', 5, 0.1, 0.0)",12,6.666666666666667,0.3244067932733719,10.0
"B1w|('H', 5, 0.1, 0.05)",B1w,"('H', 5, 0.1, 0.05)",12,7.6,0.3244067932733719,11.0
"B1w|('H', 5, 0.2, -0.2)",B1w,"('H', 5, 0.2, -0.2)",12,1.7142857142857142,0.37939453455543865,12.0
"B1w|('H', 5, 0.2, 0.0)",B1w,"('H', 5, 0.2, 0.0)",12,5.333333333333333,0.4043835261721361,13.5
"B1w|('H', 5, 0.2, 0.1)",B1w,"('H', 5, 0.2, 0.1)",12,6.166666666666667,0.4079285311582489,14.0
"B1w|('H', 5, 0.3, -0.3)",B1w,"('H', 5, 0.3, -0.3)",12,0.6666666666666666,0.4139379503430559,14.5
"B1w|('H', 5, 0.3, 0.0)",B1w,"('H', 5, 0.3, 0.0)",12,3.75,0.5021661998432552,19.0
"B1w|('H', 5, 0.3, 0.15)",B1w,"('H', 5, 0.3, 0.15)",12,4.857142857142857,0.5145163985570032,19.0
"B1w|('H', 5, 0.4, -0.4)",B1w,"('H', 5, 0.4, -0.4)",12,0.0,0.5,14.5
"B1w|('H', 5, 0.4, 0.0)",B1w,"('H', 5, 0.4, 0.0)",12,2.6666666666666665,0.6318596630621908,25.0
"B1w|('H', 5, 0.4, 0.2)",B1w,"('H', 5, 0.4, 0.2)",12,3.857142857142857,0.6526169655527272,25.0
"B1w|('H', 5, 0.5, -0.5)",B1w,"('H', 5, 0.5, -0.5)",12,0.0,0.5,9.5
"B1w|('H', 5, 0.5, 0.0)",B1w,"('H', 5, 0.5, 0.0)",12,2.0,0.7598850532558229,30.0
"B1w|('H', 5, 0.5, 0.25)",B1w,"('H', 5, 0.5, 0.25)",12,3.0,0.7815982424518019,33.0
"B1w|('H', 10, 0.1, -0.1)",B1w,"('H', 10, 0.1, -0.1)",12,1.8,0.36607040546850533,13.0
"B1w|('H', 10, 0.1, 0.0)",B1w,"('H', 10, 0.1, 0.0)",12,4.8,0.3693583254398578,14.0
"B1w|('H', 10, 0.1, 0.05)",B1w,"('H', 10, 0.1, 0.05)",12,5.0,0.38187665521836023,14.0
"B1w|('H', 10, 0.2, -0.2)",B1w,"('H', 10, 0.2, -0.2)",12,1.0,0.4200890599634722,15.0
"B1w|('H', 10, 0.2, 0.0)",B1w,"('H', 10, 0.2, 0.0)",12,3.5,0.48528252076550044,19.0
"B1w|('H', 10, 0.2, 0.1)",B1w,"('H', 10, 0.2, 0.1)",12,4.333333333333333,0.49736879869331385,19.0
"B1w|('H', 10, 0.3, -0.3)",B1w,"('H', 10, 0.3, -0.3)",12,0.0,0.5,17.0
"B1w|('H', 10, 0.3, 0.0)",B1w,"('H', 10, 0.3, 0.0)",12,2.5,0.5758837872711579,24.0
"B1w|('H', 10, 0.3, 0.15)",B1w,"('H', 10, 0.3, 0.15)",12,3.25,0.6317619618304977,25.0
"B1w|('H', 10, 0.4, -0.4)",B1w,"('H', 10, 0.4, -0.4)",12,0.0,0.5,12.5
"B1w|('H', 10, 0.4, 0.0)",B1w,"('H', 10, 0.4, 0.0)",12,1.8,0.7186086623262914,30.0
"B1w|('H', 10, 0.4, 0.2)",B1w,"('H', 10, 0.4, 0.2)",12,2.6,0.7420155630253346,30.0
"B1w|('H', 10, 0.5, -0.5)",B1w,"('H', 10, 0.5, -0.5)",12,0.0,0.5,10.0
"B1w|('H', 10, 0.5, 0.0)",B1w,"('H', 10, 0.5, 0.0)",12,1.4,0.8867666774467655,39.0
"B1w|('H', 10, 0.5, 0.25)",B1w,"('H', 10, 0.5, 0.25)",12,2.0,0.9085781767288716,39.5
"B1w|('C', 0, 0.0, 0.5)",B1w,"('C', 0, 0.0, 0.5)",12,3.7142857142857144,0.28647948583204597,8.0
"B1w|('C', 0, 0.0, 1)",B1w,"('C', 0, 0.0, 1)",12,2.6666666666666665,0.3085127568481721,10.0
"B1w|('C', 0, 0.0, 2)",B1w,"('C', 0, 0.0, 2)",12,1.8333333333333333,0.3663398137028327,12.0
"B1w|('C', 0, 0.0, 4)",B1w,"('C', 0, 0.0, 4)",12,1.0,0.3855711907693681,16.5
"B1w|('C', 0, 0.0, 8)",B1w,"('C', 0, 0.0, 8)",12,0.3333333333333333,0.4673951699328718,20.0
"B1w|('C', 0, 0.1, 0.5)",B1w,"('C', 0, 0.1, 0.5)",12,2.4,0.3253073871926064,10.0
"B1w|('C', 0, 0.1, 1)",B1w,"('C', 0, 0.1, 1)",12,1.8,0.3763693924986541,12.0
"B1w|('C', 0, 0.1, 2)",B1w,"('C', 0, 0.1, 2)",12,1.0,0.38661940985095944,15.0
"B1w|('C', 0, 0.1, 4)",B1w,"('C', 0, 0.1, 4)",12,0.4444444444444444,0.4417292433510077,17.0
"B1w|('C', 0, 0.1, 8)",B1w,"('C', 0, 0.1, 8)",12,0.0,0.5,16.5
"B1w|('C', 0, 0.2, 0.5)",B1w,"('C', 0, 0.2, 0.5)",12,1.5,0.40766024803456674,13.0
"B1w|('C', 0, 0.2, 1)",B1w,"('C', 0, 0.2, 1)",12,1.0,0.4139379503430559,14.5
"B1w|('C', 0, 0.2, 2)",B1w,"('C', 0, 0.2, 2)",12,0.2857142857142857,0.4429577456739398,16.0
"B1w|('C', 0, 0.2, 4)",B1w,"('C', 0, 0.2, 4)",12,0.0,0.5,16.0
"B1w|('C', 0, 0.2, 8)",B1w,"('C', 0, 0.2, 8)",12,0.0,0.5,10.5
"B1w|('C', 0, 0.3, 0.5)",B1w,"('C', 0, 0.3, 0.5)",12,0.2222222222222222,0.5,14.0
"B1w|('C', 0, 0.3, 1)",B1w,"('C', 0, 0.3, 1)",12,0.0,0.5,14.5
"B1w|('C', 0, 0.3, 2)",B1w,"('C', 0, 0.3, 2)",12,0.0,0.5,14.0
"B1w|('C', 0, 0.3, 4)",B1w,"('C', 0, 0.3, 4)",12,0.0,0.5,10.0
"B1w|('C', 0, 0.3, 8)",B1w,"('C', 0, 0.3, 8)",12,0.0,0.5,11.5
"T1|('H', 1, 0.1, -0.1)",T1,"('H', 1, 0.1, -0.1)",12,3.8,0.34553195324865854,11.0
"T1|('H', 1, 0.1, 0.0)",T1,"('H', 1, 0.1, 0.0)",12,8.0,0.34671104982812573,11.0
"T1|('H', 1, 0.1, 0.05)",T1,"('H', 1, 0.1, 0.05)",12,10.666666666666666,0.34671104982812573,11.0
"T1|('H', 1, 0.2, -0.2)",T1,"('H', 1, 0.2, -0.2)",12,2.6,0.37861722174016144,14.0
"T1|('H', 1, 0.2, 0.0)",T1,"('H', 1, 0.2, 0.0)",12,7.0,0.3793102931368028,14.0
"T1|('H', 1, 0.2, 0.1)",T1,"('H', 1, 0.2, 0.1)",12,10.142857142857142,0.3793102931368028,14.0
"T1|('H', 1, 0.3, -0.3)",T1,"('H', 1, 0.3, -0.3)",12,1.8,0.44074508376360055,17.5
"T1|('H', 1, 0.3, 0.0)",T1,"('H', 1, 0.3, 0.0)",12,6.0,0.4484014983135227,18.0
"T1|('H', 1, 0.3, 0.15)",T1,"('H', 1, 0.3, 0.15)",12,9.0,0.4484014983135227,18.0
"T1|('H', 1, 0.4, -0.4)",T1,"('H', 1, 0.4, -0.4)",12,1.2,0.49488601442382785,21.0
"T1|('H', 1, 0.4, 0.0)",T1,"('H', 1, 0.4, 0.0)",12,4.6,0.5,21.0
"T1|('H', 1, 0.4, 0.2)",T1,"('H', 1, 0.4, 0.2)",12,7.4,0.5,21.0
"T1|('H', 1, 0.5, -0.5)",T1,"('H', 1, 0.5, -0.5)",12,1.0,0.5191631349150171,24.0
"T1|('H', 1, 0.5, 0.0)",T1,"('H', 1, 0.5, 0.0)",12,4.0,0.5384138563734848,24.5
"T1|('H', 1, 0.5, 0.25)",T1,"('H', 1, 0.5, 0.25)",12,6.6,0.5426671517139188,24.5
"T1|('H', 3, 0.1, -0.1)",T1,"('H', 3, 0.1, -0.1)",12,2.3333333333333335,0.3878013168460984,14.0
"T1|('H', 3, 0.1, 0.0)",T1,"('H', 3, 0.1, 0.0)",12,5.333333333333333,0.39239434276747587,14.0
"T1|('H', 3, 0.1, 0.05)",T1,"('H', 3, 0.1, 0.05)",12,6.4,0.39239434276747587,14.0
"T1|('H', 3, 0.2, -0.2)",T1,"('H', 3, 0.2, -0.2)",12,1.6666666666666667,0.43989299680822475,17.5
"T1|('H', 3, 0.2, 0.0)",T1,"('H', 3, 0.2, 0.0)",12,4.666666666666667,0.4436403767509299,18.0
"T1|('H', 3, 0.2, 0.1)",T1,"('H', 3, 0.2, 0.1)",12,5.6,0.4436403767509299,18.0
"T1|('H', 3, 0.3, -0.3)",T1,"('H', 3, 0.3, -0.3)",12,1.2,0.4698042433852516,21.0
"T1|('H', 3, 0.3, 0.0)",T1,"('H', 3, 0.3, 0.0)",12,4.0,0.4951213503376368,21.0
"T1|('H', 3, 0.3, 0.15)",T1,"('H', 3, 0.3, 0.15)",12,5.0,0.4951213503376368,21.5
"T1|('H', 3, 0.4, -0.4)",T1,"('H', 3, 0.4, -0.4)",12,1.0,0.5,23.0
"T1|('H', 3, 0.4, 0.0)",T1,"('H', 3, 0.4, 0.0)",12,3.3333333333333335,0.5380667490860966,25.0
"T1|('H', 3, 0.4, 0.2)",T1,"('H', 3, 0.4, 0.2)",12,4.6,0.5384138563734848,25.0
"T1|('H', 3, 0.5, -0.5)",T1,"('H', 3, 0.5, -0.5)",12,0.75,0.5,25.0
"T1|('H', 3, 0.5, 0.0)",T1,"('H', 3, 0.5, 0.0)",12,2.8333333333333335,0.5929384994429552,29.0
"T1|('H', 3, 0.5, 0.25)",T1,"('H', 3, 0.5, 0.25)",12,4.0,0.5953498062345424,29.5
"T1|('H', 5, 0.1, -0.1)",T1,"('H', 5, 0.1, -0.1)",12,2.0,0.41192440073253633,16.0
"T1|('H', 5, 0.1, 0.0)",T1,"('H', 5, 0.1, 0.0)",12,4.571428571428571,0.4184773756237199,16.0
"T1|('H', 5, 0.1, 0.05)",T1,"('H', 5, 0.1, 0.05)",12,5.166666666666667,0.42077865834314604,16.0
"T1|('H', 5, 0.2, -0.2)",T1,"('H', 5, 0.2, -0.2)",12,1.4,0.450594867602414,19.0
"T1|('H', 5, 0.2, 0.0)",T1,"('H', 5, 0.2, 0.0)",12,4.0,0.456341455158058,20.0
"T1|('H', 5, 0.2, 0.1)",T1,"('H', 5, 0.2, 0.1)",12,4.571428571428571,0.45726539842840624,20.0
"T1|('H', 5, 0.3, -0.3)",T1,"('H', 5, 0.3, -0.3)",12,1.0,0.5,23.0
"T1|('H', 5, 0.3, 0.0)",T1,"('H', 5, 0.3, 0.0)",12,3.3333333333333335,0.5004771095276834,23.0
"T1|('H', 5, 0.3, 0.15)",T1,"('H', 5, 0.3, 0.15)",12,4.0,0.5019841074659358,24.0
"T1|('H', 5, 0.4, -0.4)",T1,"('H', 5, 0.4, -0.4)",12,0.8333333333333334,0.5,25.0
"T1|('H', 5, 0.4, 0.0)",T1,"('H', 5, 0.4, 0.0)",12,3.0,0.5743515921040477,27.5
"T1|('H', 5, 0.4, 0.2)",T1,"('H', 5, 0.4, 0.2)",12,3.75,0.5792945723705013,28.0
"T1|('H', 5, 0.5, -0.5)",T1,"('H', 5, 0.5, -0.5)",12,0.6,0.5,26.5
"T1|('H', 5, 0.5, 0.0)",T1,"('H', 5, 0.5, 0.0)",12,2.5,0.627582713866709,30.0
"T1|('H', 5, 0.5, 0.25)",T1,"('H', 5, 0.5, 0.25)",12,3.25,0.6497353717789758,30.5
"T1|('H', 10, 0.1, -0.1)",T1,"('H', 10, 0.1, -0.1)",12,1.4285714285714286,0.44193085792627756,20.0
"T1|('H', 10, 0.1, 0.0)",T1,"('H', 10, 0.1, 0.0)",12,3.5,0.4576110022515811,20.0
"T1|('H', 10, 0.1, 0.05)",T1,"('H', 10, 0.1, 0.05)",12,3.6666666666666665,0.4604912016929152,20.5
"T1|('H', 10, 0.2, -0.2)",T1,"('H', 10, 0.2, -0.2)",12,1.0,0.4691533626143386,23.5
"T1|('H', 10, 0.2, 0.0)",T1,"('H', 10, 0.2, 0.0)",12,3.0,0.49345871571760214,25.0
"T1|('H', 10, 0.2, 0.1)",T1,"('H', 10, 0.2, 0.1)",12,3.4285714285714284,0.49345871571760214,25.0
"T1|('H', 10, 0.3, -0.3)",T1,"('H', 10, 0.3, -0.3)",12,0.8333333333333334,0.5,25.0
"T1|('H', 10, 0.3, 0.0)",T1,"('H', 10, 0.3, 0.0)",12,2.5,0.5490659229383802,28.0
"T1|('H', 10, 0.3, 0.15)",T1,"('H', 10, 0.3, 0.15)",12,3.0,0.5729981846805353,28.0
"T1|('H', 10, 0.4, -0.4)",T1,"('H', 10, 0.4, -0.4)",12,0.6,0.5,26.0
"T1|('H', 10, 0.4, 0.0)",T1,"('H', 10, 0.4, 0.0)",12,2.111111111111111,0.6279047748716386,31.0
"T1|('H', 10, 0.4, 0.2)",T1,"('H', 10, 0.4, 0.2)",12,2.6666666666666665,0.6304761856386505,31.0
"T1|('H', 10, 0.5, -0.5)",T1,"('H', 10, 0.5, -0.5)",12,0.3333333333333333,0.5,25.0
"T1|('H', 10, 0.5, 0.0)",T1,"('H', 10, 0.5, 0.0)",12,1.7142857142857142,0.719581771258673,36.5
"T1|('H', 10, 0.5, 0.25)",T1,"('H', 10, 0.5, 0.25)",12,2.2857142857142856,0.7228605819374788,37.0
"T1|('C', 0, 0.0, 0.5)",T1,"('C', 0, 0.0, 0.5)",12,2.6,0.37939453455543865,13.5
"T1|('C', 0, 0.0, 1)",T1,"('C', 0, 0.0, 1)",12,2.0,0.4039249897530348,15.5
"T1|('C', 0, 0.0, 2)",T1,"('C', 0, 0.0, 2)",12,1.5,0.42838845735100173,19.0
"T1|('C', 0, 0.0, 4)",T1,"('C', 0, 0.0, 4)",12,1.0,0.44957771631160376,24.0
"T1|('C', 0, 0.0, 8)",T1,"('C', 0, 0.0, 8)",12,0.75,0.5,25.0
"T1|('C', 0, 0.1, 0.5)",T1,"('C', 0, 0.1, 0.5)",12,2.0,0.41302371255876835,16.5
"T1|('C', 0, 0.1, 1)",T1,"('C', 0, 0.1, 1)",12,1.4444444444444444,0.4502050190885192,20.0
"T1|('C', 0, 0.1, 2)",T1,"('C', 0, 0.1, 2)",12,1.1111111111111112,0.46266767327231184,22.0
"T1|('C', 0, 0.1, 4)",T1,"('C', 0, 0.1, 4)",12,0.8333333333333334,0.47969279852295454,24.0
"T1|('C', 0, 0.1, 8)",T1,"('C', 0, 0.1, 8)",12,0.5555555555555556,0.5,25.0
"T1|('C', 0, 0.2, 0.5)",T1,"('C', 0, 0.2, 0.5)",12,1.3333333333333333,0.46547031054184107,20.0
"T1|('C', 0, 0.2, 1)",T1,"('C', 0, 0.2, 1)",12,1.0,0.48623107893866335,22.0
"T1|('C', 0, 0.2, 2)",T1,"('C', 0, 0.2, 2)",12,1.0,0.48703639048547465,23.0
"T1|('C', 0, 0.2, 4)",T1,"('C', 0, 0.2, 4)",12,0.6666666666666666,0.5,26.5
"T1|('C', 0, 0.2, 8)",T1,"('C', 0, 0.2, 8)",12,0.3333333333333333,0.5,23.0
"T1|('C', 0, 0.3, 0.5)",T1,"('C', 0, 0.3, 0.5)",12,1.0,0.5,22.0
"T1|('C', 0, 0.3, 1)",T1,"('C', 0, 0.3, 1)",12,1.0,0.5,23.0
"T1|('C', 0, 0.3, 2)",T1,"('C', 0, 0.3, 2)",12,0.6666666666666666,0.5,25.0
"T1|('C', 0, 0.3, 4)",T1,"('C', 0, 0.3, 4)",12,0.36363636363636365,0.5,23.0
"T1|('C', 0, 0.3, 8)",T1,"('C', 0, 0.3, 8)",12,0.14285714285714285,0.5,22.0
"TS|('H', 1, 0.1, -0.1)",TS,"('H', 1, 0.1, -0.1)",12,0.14285714285714285,0.5,6.5
"TS|('H', 1, 0.1, 0.0)",TS,"('H', 1, 0.1, 0.0)",12,1.75,0.5,15.0
"TS|('H', 1, 0.1, 0.05)",TS,"('H', 1, 0.1, 0.05)",12,3.888888888888889,0.5,16.5
"TS|('H', 1, 0.2, -0.2)",TS,"('H', 1, 0.2, -0.2)",12,0.0,0.5,9.0
"TS|('H', 1, 0.2, 0.0)",TS,"('H', 1, 0.2, 0.0)",12,0.3333333333333333,0.5,24.0
"TS|('H', 1, 0.2, 0.1)",TS,"('H', 1, 0.2, 0.1)",12,1.5,1.0,35.0
"TS|('H', 1, 0.3, -0.3)",TS,"('H', 1, 0.3, -0.3)",12,0.0,0.5,15.5
"TS|('H', 1, 0.3, 0.0)",TS,"('H', 1, 0.3, 0.0)",12,0.2,1.0,35.5
"TS|('H', 1, 0.3, 0.15)",TS,"('H', 1, 0.3, 0.15)",12,0.75,1.0,57.0
"TS|('H', 1, 0.4, -0.4)",TS,"('H', 1, 0.4, -0.4)",12,0.0,0.5,15.0
"TS|('H', 1, 0.4, 0.0)",TS,"('H', 1, 0.4, 0.0)",12,0.2,1.0,40.0
"TS|('H', 1, 0.4, 0.2)",TS,"('H', 1, 0.4, 0.2)",12,0.0,1.0,77.0
"TS|('H', 1, 0.5, -0.5)",TS,"('H', 1, 0.5, -0.5)",12,0.0,0.5,12.5
"TS|('H', 1, 0.5, 0.0)",TS,"('H', 1, 0.5, 0.0)",12,0.0,1.0,49.0
"TS|('H', 1, 0.5, 0.25)",TS,"('H', 1, 0.5, 0.25)",12,0.0,1.0,87.0
"TS|('H', 3, 0.1, -0.1)",TS,"('H', 3, 0.1, -0.1)",12,0.0,0.5,6.5
"TS|('H', 3, 0.1, 0.0)",TS,"('H', 3, 0.1, 0.0)",12,0.6,0.5,15.5
"TS|('H', 3, 0.1, 0.05)",TS,"('H', 3, 0.1, 0.05)",12,1.5,0.5,20.0
"TS|('H', 3, 0.2, -0.2)",TS,"('H', 3, 0.2, -0.2)",12,0.0,0.5,9.0
"TS|('H', 3, 0.2, 0.0)",TS,"('H', 3, 0.2, 0.0)",12,0.25,0.5,25.0
"TS|('H', 3, 0.2, 0.1)",TS,"('H', 3, 0.2, 0.1)",12,0.6666666666666666,1.0,36.0
"TS|('H', 3, 0.3, -0.3)",TS,"('H', 3, 0.3, -0.3)",12,0.0,0.5,15.5
"TS|('H', 3, 0.3, 0.0)",TS,"('H', 3, 0.3, 0.0)",12,0.2,1.0,36.0
"TS|('H', 3, 0.3, 0.15)",TS,"('H', 3, 0.3, 0.15)",12,0.3333333333333333,1.0,57.0
"TS|('H', 3, 0.4, -0.4)",TS,"('H', 3, 0.4, -0.4)",12,0.0,0.5,14.5
"TS|('H', 3, 0.4, 0.0)",TS,"('H', 3, 0.4, 0.0)",12,0.16666666666666666,1.0,39.0
"TS|('H', 3, 0.4, 0.2)",TS,"('H', 3, 0.4, 0.2)",12,0.0,1.0,74.5
"TS|('H', 3, 0.5, -0.5)",TS,"('H', 3, 0.5, -0.5)",12,0.0,0.5,12.5
"TS|('H', 3, 0.5, 0.0)",TS,"('H', 3, 0.5, 0.0)",12,0.0,1.0,47.0
"TS|('H', 3, 0.5, 0.25)",TS,"('H', 3, 0.5, 0.25)",12,0.0,1.0,86.0
"TS|('H', 5, 0.1, -0.1)",TS,"('H', 5, 0.1, -0.1)",12,0.0,0.5,6.5
"TS|('H', 5, 0.1, 0.0)",TS,"('H', 5, 0.1, 0.0)",12,0.5,0.5,15.5
"TS|('H', 5, 0.1, 0.05)",TS,"('H', 5, 0.1, 0.05)",12,1.0,0.5,22.5
"TS|('H', 5, 0.2, -0.2)",TS,"('H', 5, 0.2, -0.2)",12,0.0,0.5,9.5
"TS|('H', 5, 0.2, 0.0)",TS,"('H', 5, 0.2, 0.0)",12,0.2222222222222222,0.5,25.0
"TS|('H', 5, 0.2, 0.1)",TS,"('H', 5, 0.2, 0.1)",12,0.5,1.0,36.0
"TS|('H', 5, 0.3, -0.3)",TS,"('H', 5, 0.3, -0.3)",12,0.0,0.5,15.5
"TS|('H', 5, 0.3, 0.0)",TS,"('H', 5, 0.3, 0.0)",12,0.2,1.0,37.0
"TS|('H', 5, 0.3, 0.15)",TS,"('H', 5, 0.3, 0.15)",12,0.3333333333333333,1.0,58.0
"TS|('H', 5, 0.4, -0.4)",TS,"('H', 5, 0.4, -0.4)",12,0.0,0.5,14.5
"TS|('H', 5, 0.4, 0.0)",TS,"('H', 5, 0.4, 0.0)",12,0.14285714285714285,1.0,39.0
"TS|('H', 5, 0.4, 0.2)",TS,"('H', 5, 0.4, 0.2)",12,0.0,1.0,71.5
"TS|('H', 5, 0.5, -0.5)",TS,"('H', 5, 0.5, -0.5)",12,0.0,0.5,15.0
"TS|('H', 5, 0.5, 0.0)",TS,"('H', 5, 0.5, 0.0)",12,0.0,1.0,43.0
"TS|('H', 5, 0.5, 0.25)",TS,"('H', 5, 0.5, 0.25)",12,0.0,1.0,83.5
"TS|('H', 10, 0.1, -0.1)",TS,"('H', 10, 0.1, -0.1)",12,0.0,0.5,8.5
"TS|('H', 10, 0.1, 0.0)",TS,"('H', 10, 0.1, 0.0)",12,0.3333333333333333,0.5,15.5
"TS|('H', 10, 0.1, 0.05)",TS,"('H', 10, 0.1, 0.05)",12,0.5,0.5,22.5
"TS|('H', 10, 0.2, -0.2)",TS,"('H', 10, 0.2, -0.2)",12,0.0,0.5,10.0
"TS|('H', 10, 0.2, 0.0)",TS,"('H', 10, 0.2, 0.0)",12,0.2,0.5,25.0
"TS|('H', 10, 0.2, 0.1)",TS,"('H', 10, 0.2, 0.1)",12,0.4,1.0,38.5
"TS|('H', 10, 0.3, -0.3)",TS,"('H', 10, 0.3, -0.3)",12,0.0,0.5,15.5
"TS|('H', 10, 0.3, 0.0)",TS,"('H', 10, 0.3, 0.0)",12,0.2,1.0,36.0
"TS|('H', 10, 0.3, 0.15)",TS,"('H', 10, 0.3, 0.15)",12,0.25,1.0,57.0
"TS|('H', 10, 0.4, -0.4)",TS,"('H', 10, 0.4, -0.4)",12,0.0,0.5,15.0
"TS|('H', 10, 0.4, 0.0)",TS,"('H', 10, 0.4, 0.0)",12,0.125,1.0,38.5
"TS|('H', 10, 0.4, 0.2)",TS,"('H', 10, 0.4, 0.2)",12,0.0,1.0,72.0
"TS|('H', 10, 0.5, -0.5)",TS,"('H', 10, 0.5, -0.5)",12,0.0,0.5,15.0
"TS|('H', 10, 0.5, 0.0)",TS,"('H', 10, 0.5, 0.0)",12,0.0,1.0,42.0
"TS|('H', 10, 0.5, 0.25)",TS,"('H', 10, 0.5, 0.25)",12,0.0,1.0,81.0
"TS|('C', 0, 0.0, 0.5)",TS,"('C', 0, 0.0, 0.5)",12,0.2,0.5,7.5
"TS|('C', 0, 0.0, 1)",TS,"('C', 0, 0.0, 1)",12,0.16666666666666666,0.5,7.0
"TS|('C', 0, 0.0, 2)",TS,"('C', 0, 0.0, 2)",12,0.1111111111111111,0.5,7.5
"TS|('C', 0, 0.0, 4)",TS,"('C', 0, 0.0, 4)",12,0.0,0.5,9.5
"TS|('C', 0, 0.0, 8)",TS,"('C', 0, 0.0, 8)",12,0.0,0.5,11.0
"TS|('C', 0, 0.1, 0.5)",TS,"('C', 0, 0.1, 0.5)",12,0.0,0.5,8.5
"TS|('C', 0, 0.1, 1)",TS,"('C', 0, 0.1, 1)",12,0.0,0.5,9.0
"TS|('C', 0, 0.1, 2)",TS,"('C', 0, 0.1, 2)",12,0.0,0.5,8.0
"TS|('C', 0, 0.1, 4)",TS,"('C', 0, 0.1, 4)",12,0.0,0.5,12.0
"TS|('C', 0, 0.1, 8)",TS,"('C', 0, 0.1, 8)",12,0.0,0.5,14.5
"TS|('C', 0, 0.2, 0.5)",TS,"('C', 0, 0.2, 0.5)",12,0.0,0.5,14.0
"TS|('C', 0, 0.2, 1)",TS,"('C', 0, 0.2, 1)",12,0.0,0.5,15.0
"TS|('C', 0, 0.2, 2)",TS,"('C', 0, 0.2, 2)",12,0.0,0.5,15.0
"TS|('C', 0, 0.2, 4)",TS,"('C', 0, 0.2, 4)",12,0.0,0.5,15.0
"TS|('C', 0, 0.2, 8)",TS,"('C', 0, 0.2, 8)",12,0.0,0.5,15.0
"TS|('C', 0, 0.3, 0.5)",TS,"('C', 0, 0.3, 0.5)",12,0.0,0.5,15.0
"TS|('C', 0, 0.3, 1)",TS,"('C', 0, 0.3, 1)",12,0.0,0.5,15.0
"TS|('C', 0, 0.3, 2)",TS,"('C', 0, 0.3, 2)",12,0.0,0.5,14.5
"TS|('C', 0, 0.3, 4)",TS,"('C', 0, 0.3, 4)",12,0.0,0.5,12.0
"TS|('C', 0, 0.3, 8)",TS,"('C', 0, 0.3, 8)",12,0.0,0.5,15.5
"RV|('H', 1, 0.1, -0.1)",RV,"('H', 1, 0.1, -0.1)",12,7.0,0.26653690479459924,8.0
"RV|('H', 1, 0.1, 0.0)",RV,"('H', 1, 0.1, 0.0)",12,10.4,0.26653690479459924,8.0
"RV|('H', 1, 0.1, 0.05)",RV,"('H', 1, 0.1, 0.05)",12,13.2,0.26653690479459924,8.0
"RV|('H', 1, 0.2, -0.2)",RV,"('H', 1, 0.2, -0.2)",12,5.5,0.2876746618027762,9.5
"RV|('H', 1, 0.2, 0.0)",RV,"('H', 1, 0.2, 0.0)",12,10.8,0.2876746618027762,10.0
"RV|('H', 1, 0.2, 0.1)",RV,"('H', 1, 0.2, 0.1)",12,13.5,0.2876746618027762,10.0
"RV|('H', 1, 0.3, -0.3)",RV,"('H', 1, 0.3, -0.3)",12,4.25,0.3099171577175969,10.5
"RV|('H', 1, 0.3, 0.0)",RV,"('H', 1, 0.3, 0.0)",12,10.0,0.3099171577175969,10.5
"RV|('H', 1, 0.3, 0.15)",RV,"('H', 1, 0.3, 0.15)",12,14.0,0.3099171577175969,10.5
"RV|('H', 1, 0.4, -0.4)",RV,"('H', 1, 0.4, -0.4)",12,3.3333333333333335,0.3239486235848271,12.0
"RV|('H', 1, 0.4, 0.0)",RV,"('H', 1, 0.4, 0.0)",12,9.571428571428571,0.3269504577760768,12.0
"RV|('H', 1, 0.4, 0.2)",RV,"('H', 1, 0.4, 0.2)",12,13.0,0.3269504577760768,12.0
"RV|('H', 1, 0.5, -0.5)",RV,"('H', 1, 0.5, -0.5)",12,2.5,0.3596736673277606,13.0
"RV|('H', 1, 0.5, 0.0)",RV,"('H', 1, 0.5, 0.0)",12,8.285714285714286,0.37511064360549917,14.0
"RV|('H', 1, 0.5, 0.25)",RV,"('H', 1, 0.5, 0.25)",12,11.2,0.3778836459805224,14.0
"RV|('H', 3, 0.1, -0.1)",RV,"('H', 3, 0.1, -0.1)",12,3.6,0.3187652542034309,12.0
"RV|('H', 3, 0.1, 0.0)",RV,"('H', 3, 0.1, 0.0)",12,7.25,0.3205476042662919,12.0
"RV|('H', 3, 0.1, 0.05)",RV,"('H', 3, 0.1, 0.05)",12,9.0,0.3205476042662919,12.0
"RV|('H', 3, 0.2, -0.2)",RV,"('H', 3, 0.2, -0.2)",12,3.0,0.3308803587384521,12.5
"RV|('H', 3, 0.2, 0.0)",RV,"('H', 3, 0.2, 0.0)",12,7.333333333333333,0.3321087932591964,12.5
"RV|('H', 3, 0.2, 0.1)",RV,"('H', 3, 0.2, 0.1)",12,8.75,0.3321087932591964,12.5
"RV|('H', 3, 0.3, -0.3)",RV,"('H', 3, 0.3, -0.3)",12,2.5,0.3383428213579055,13.0
"RV|('H', 3, 0.3, 0.0)",RV,"('H', 3, 0.3, 0.0)",12,6.75,0.3572239657453516,13.0
"RV|('H', 3, 0.3, 0.15)",RV,"('H', 3, 0.3, 0.15)",12,8.2,0.3572239657453516,13.5
"RV|('H', 3, 0.4, -0.4)",RV,"('H', 3, 0.4, -0.4)",12,2.0,0.36109327160068927,14.5
"RV|('H', 3, 0.4, 0.0)",RV,"('H', 3, 0.4, 0.0)",12,5.75,0.3930244500710438,16.0
"RV|('H', 3, 0.4, 0.2)",RV,"('H', 3, 0.4, 0.2)",12,7.25,0.3930244500710438,16.0
"RV|('H', 3, 0.5, -0.5)",RV,"('H', 3, 0.5, -0.5)",12,1.5,0.3998468644799757,15.5
"RV|('H', 3, 0.5, 0.0)",RV,"('H', 3, 0.5, 0.0)",12,4.75,0.4381293470490589,18.0
"RV|('H', 3, 0.5, 0.25)",RV,"('H', 3, 0.5, 0.25)",12,5.8,0.4381293470490589,18.5
"RV|('H', 5, 0.1, -0.1)",RV,"('H', 5, 0.1, -0.1)",12,3.0,0.3276584164439116,12.0
"RV|('H', 5, 0.1, 0.0)",RV,"('H', 5, 0.1, 0.0)",12,6.0,0.3394682261988945,13.0
"RV|('H', 5, 0.1, 0.05)",RV,"('H', 5, 0.1, 0.05)",12,7.0,0.3394682261988945,13.0
"RV|('H', 5, 0.2, -0.2)",RV,"('H', 5, 0.2, -0.2)",12,2.5,0.3391417310638233,13.0
"RV|('H', 5, 0.2, 0.0)",RV,"('H', 5, 0.2, 0.0)",12,6.0,0.35394623073957665,13.5
"RV|('H', 5, 0.2, 0.1)",RV,"('H', 5, 0.2, 0.1)",12,7.0,0.35394623073957665,14.0
"RV|('H', 5, 0.3, -0.3)",RV,"('H', 5, 0.3, -0.3)",12,2.0,0.3677412801226953,15.0
"RV|('H', 5, 0.3, 0.0)",RV,"('H', 5, 0.3, 0.0)",12,5.25,0.3857191641979419,15.0
"RV|('H', 5, 0.3, 0.15)",RV,"('H', 5, 0.3, 0.15)",12,6.4,0.3857191641979419,15.5
"RV|('H', 5, 0.4, -0.4)",RV,"('H', 5, 0.4, -0.4)",12,1.5,0.3907549875561407,16.0
"RV|('H', 5, 0.4, 0.0)",RV,"('H', 5, 0.4, 0.0)",12,4.5,0.4237769722248875,17.5
"RV|('H', 5, 0.4, 0.2)",RV,"('H', 5, 0.4, 0.2)",12,5.5,0.4243423563720876,18.0
"RV|('H', 5, 0.5, -0.5)",RV,"('H', 5, 0.5, -0.5)",12,1.2857142857142858,0.4206799527988523,17.0
"RV|('H', 5, 0.5, 0.0)",RV,"('H', 5, 0.5, 0.0)",12,4.0,0.4757511044777508,20.0
"RV|('H', 5, 0.5, 0.25)",RV,"('H', 5, 0.5, 0.25)",12,5.2,0.47974061750984687,20.5
"RV|('H', 10, 0.1, -0.1)",RV,"('H', 10, 0.1, -0.1)",12,2.2,0.35394623073957665,15.0
"RV|('H', 10, 0.1, 0.0)",RV,"('H', 10, 0.1, 0.0)",12,5.0,0.3565941643676174,15.0
"RV|('H', 10, 0.1, 0.05)",RV,"('H', 10, 0.1, 0.05)",12,5.5,0.3565941643676174,15.0
"RV|('H', 10, 0.2, -0.2)",RV,"('H', 10, 0.2, -0.2)",12,1.75,0.37296030253885215,16.0
"RV|('H', 10, 0.2, 0.0)",RV,"('H', 10, 0.2, 0.0)",12,4.25,0.38262576238997403,16.5
"RV|('H', 10, 0.2, 0.1)",RV,"('H', 10, 0.2, 0.1)",12,4.8,0.3826787003662698,17.0
"RV|('H', 10, 0.3, -0.3)",RV,"('H', 10, 0.3, -0.3)",12,1.5,0.4161658622134669,18.0
"RV|('H', 10, 0.3, 0.0)",RV,"('H', 10, 0.3, 0.0)",12,4.0,0.43163985580994535,19.0
"RV|('H', 10, 0.3, 0.15)",RV,"('H', 10, 0.3, 0.15)",12,4.4,0.438286929801293,20.0
"RV|('H', 10, 0.4, -0.4)",RV,"('H', 10, 0.4, -0.4)",12,1.2,0.4327763487057259,19.0
"RV|('H', 10, 0.4, 0.0)",RV,"('H', 10, 0.4, 0.0)",12,3.4,0.4563989428097679,22.0
"RV|('H', 10, 0.4, 0.2)",RV,"('H', 10, 0.4, 0.2)",12,4.0,0.4678073435159468,22.0
"RV|('H', 10, 0.5, -0.5)",RV,"('H', 10, 0.5, -0.5)",12,1.0,0.47645361064356806,20.0
"RV|('H', 10, 0.5, 0.0)",RV,"('H', 10, 0.5, 0.0)",12,3.0,0.5132259449450836,24.5
"RV|('H', 10, 0.5, 0.25)",RV,"('H', 10, 0.5, 0.25)",12,3.4,0.5340945614545216,26.0
"RV|('C', 0, 0.0, 0.5)",RV,"('C', 0, 0.0, 0.5)",12,4.428571428571429,0.2902723713843285,10.0
"RV|('C', 0, 0.0, 1)",RV,"('C', 0, 0.0, 1)",12,3.3333333333333335,0.3207052740175902,12.0
"RV|('C', 0, 0.0, 2)",RV,"('C', 0, 0.0, 2)",12,2.5,0.338036425765902,14.0
"RV|('C', 0, 0.0, 4)",RV,"('C', 0, 0.0, 4)",12,1.8,0.3635082839370232,16.0
"RV|('C', 0, 0.0, 8)",RV,"('C', 0, 0.0, 8)",12,1.2,0.4370860852271945,21.0
"RV|('C', 0, 0.1, 0.5)",RV,"('C', 0, 0.1, 0.5)",12,3.5,0.3196073285398728,12.0
"RV|('C', 0, 0.1, 1)",RV,"('C', 0, 0.1, 1)",12,3.0,0.3308803587384521,12.5
"RV|('C', 0, 0.1, 2)",RV,"('C', 0, 0.1, 2)",12,2.0,0.348672157988382,14.5
"RV|('C', 0, 0.1, 4)",RV,"('C', 0, 0.1, 4)",12,1.5,0.40558442045971105,17.5
"RV|('C', 0, 0.1, 8)",RV,"('C', 0, 0.1, 8)",12,1.0,0.4748985149327233,22.0
"RV|('C', 0, 0.2, 0.5)",RV,"('C', 0, 0.2, 0.5)",12,3.0,0.33849504639021616,12.0
"RV|('C', 0, 0.2, 1)",RV,"('C', 0, 0.2, 1)",12,2.2,0.34967517172475876,13.5
"RV|('C', 0, 0.2, 2)",RV,"('C', 0, 0.2, 2)",12,1.7142857142857142,0.3907549875561407,16.0
"RV|('C', 0, 0.2, 4)",RV,"('C', 0, 0.2, 4)",12,1.25,0.4015532961464798,19.0
"RV|('C', 0, 0.2, 8)",RV,"('C', 0, 0.2, 8)",12,0.8333333333333334,0.5,23.0
"RV|('C', 0, 0.3, 0.5)",RV,"('C', 0, 0.3, 0.5)",12,2.25,0.34518925899232267,13.0
"RV|('C', 0, 0.3, 1)",RV,"('C', 0, 0.3, 1)",12,1.75,0.3895705992282168,14.5
"RV|('C', 0, 0.3, 2)",RV,"('C', 0, 0.3, 2)",12,1.4,0.40558442045971105,17.0
"RV|('C', 0, 0.3, 4)",RV,"('C', 0, 0.3, 4)",12,1.0,0.47732565578227615,21.0
"RV|('C', 0, 0.3, 8)",RV,"('C', 0, 0.3, 8)",12,0.6,0.5,21.0
"B0.5|('H', 1, 0.1, -0.1)",B0.5,"('H', 1, 0.1, -0.1)",13,10.675,0.20039484013515152,3.0
"B0.5|('H', 1, 0.1, 0.0)",B0.5,"('H', 1, 0.1, 0.0)",13,18.0,0.20039484013515152,3.0
"B0.5|('H', 1, 0.1, 0.05)",B0.5,"('H', 1, 0.1, 0.05)",13,22.25,0.20039484013515152,3.0
"B0.5|('H', 1, 0.2, -0.2)",B0.5,"('H', 1, 0.2, -0.2)",13,7.9,0.22619828488423488,4.0
"B0.5|('H', 1, 0.2, 0.0)",B0.5,"('H', 1, 0.2, 0.0)",13,18.0,0.22619828488423488,4.0
"B0.5|('H', 1, 0.2, 0.1)",B0.5,"('H', 1, 0.2, 0.1)",13,23.75,0.22619828488423488,4.0
"B0.5|('H', 1, 0.3, -0.3)",B0.5,"('H', 1, 0.3, -0.3)",13,6.0,0.2500128327183184,5.0
"B0.5|('H', 1, 0.3, 0.0)",B0.5,"('H', 1, 0.3, 0.0)",13,16.633333333333333,0.2500128327183184,5.0
"B0.5|('H', 1, 0.3, 0.15)",B0.5,"('H', 1, 0.3, 0.15)",13,23.25,0.2500128327183184,5.0
"B0.5|('H', 1, 0.4, -0.4)",B0.5,"('H', 1, 0.4, -0.4)",13,4.6,0.24470797481165582,6.0
"B0.5|('H', 1, 0.4, 0.0)",B0.5,"('H', 1, 0.4, 0.0)",13,14.5,0.2783505368924173,6.0
"B0.5|('H', 1, 0.4, 0.2)",B0.5,"('H', 1, 0.4, 0.2)",13,20.0,0.2783505368924173,6.5
"B0.5|('H', 1, 0.5, -0.5)",B0.5,"('H', 1, 0.5, -0.5)",13,3.0,0.23882432952350838,7.0
"B0.5|('H', 1, 0.5, 0.0)",B0.5,"('H', 1, 0.5, 0.0)",13,11.416666666666668,0.3235109673040736,8.5
"B0.5|('H', 1, 0.5, 0.25)",B0.5,"('H', 1, 0.5, 0.25)",13,16.708333333333336,0.3235109673040736,9.0
"B0.5|('H', 3, 0.1, -0.1)",B0.5,"('H', 3, 0.1, -0.1)",13,6.0,0.25827146957583585,5.25
"B0.5|('H', 3, 0.1, 0.0)",B0.5,"('H', 3, 0.1, 0.0)",13,11.7,0.25827146957583585,5.25
"B0.5|('H', 3, 0.1, 0.05)",B0.5,"('H', 3, 0.1, 0.05)",13,14.0,0.25827146957583585,5.25
"B0.5|('H', 3, 0.2, -0.2)",B0.5,"('H', 3, 0.2, -0.2)",13,4.75,0.28958796871038145,7.0
"B0.5|('H', 3, 0.2, 0.0)",B0.5,"('H', 3, 0.2, 0.0)",13,11.375,0.29162165737633267,7.0
"B0.5|('H', 3, 0.2, 0.1)",B0.5,"('H', 3, 0.2, 0.1)",13,13.625,0.29162165737633267,7.0
"B0.5|('H', 3, 0.3, -0.3)",B0.5,"('H', 3, 0.3, -0.3)",13,3.6,0.3062354507750998,7.5
"B0.5|('H', 3, 0.3, 0.0)",B0.5,"('H', 3, 0.3, 0.0)",13,9.875,0.3151385060604417,8.0
"B0.5|('H', 3, 0.3, 0.15)",B0.5,"('H', 3, 0.3, 0.15)",13,12.0,0.31891398982820296,9.0
"B0.5|('H', 3, 0.4, -0.4)",B0.5,"('H', 3, 0.4, -0.4)",13,2.8,0.2901074198038486,9.0
"B0.5|('H', 3, 0.4, 0.0)",B0.5,"('H', 3, 0.4, 0.0)",13,8.1,0.3830393857792599,11.0
"B0.5|('H', 3, 0.4, 0.2)",B0.5,"('H', 3, 0.4, 0.2)",13,10.291666666666668,0.3849759582685803,11.0
"B0.5|('H', 3, 0.5, -0.5)",B0.5,"('H', 3, 0.5, -0.5)",13,1.0714285714285714,0.3846266419798373,12.75
"B0.5|('H', 3, 0.5, 0.0)",B0.5,"('H', 3, 0.5, 0.0)",13,5.9,0.5297994134920294,16.25
"B0.5|('H', 3, 0.5, 0.25)",B0.5,"('H', 3, 0.5, 0.25)",13,7.55,0.5297994134920294,17.0
"B0.5|('H', 5, 0.1, -0.1)",B0.5,"('H', 5, 0.1, -0.1)",13,5.0,0.281609581741042,7.0
"B0.5|('H', 5, 0.1, 0.0)",B0.5,"('H', 5, 0.1, 0.0)",13,10.266666666666666,0.2856451569644274,7.0
"B0.5|('H', 5, 0.1, 0.05)",B0.5,"('H', 5, 0.1, 0.05)",13,12.2,0.2856451569644274,7.0
"B0.5|('H', 5, 0.2, -0.2)",B0.5,"('H', 5, 0.2, -0.2)",13,3.8,0.31169951909239746,8.0
"B0.5|('H', 5, 0.2, 0.0)",B0.5,"('H', 5, 0.2, 0.0)",13,9.375,0.31878425499223384,9.0
"B0.5|('H', 5, 0.2, 0.1)",B0.5,"('H', 5, 0.2, 0.1)",13,10.55,0.31878425499223384,9.0
"B0.5|('H', 5, 0.3, -0.3)",B0.5,"('H', 5, 0.3, -0.3)",13,3.0,0.3129051786694086,10.0
"B0.5|('H', 5, 0.3, 0.0)",B0.5,"('H', 5, 0.3, 0.0)",13,8.125,0.3579209450016245,11.0
"B0.5|('H', 5, 0.3, 0.15)",B0.5,"('H', 5, 0.3, 0.15)",13,9.225,0.3579209450016245,11.0
"B0.5|('H', 5, 0.4, -0.4)",B0.5,"('H', 5, 0.4, -0.4)",13,1.8,0.34005632167812205,12.0
"B0.5|('H', 5, 0.4, 0.0)",B0.5,"('H', 5, 0.4, 0.0)",13,6.333333333333333,0.450306057136622,14.5
"B0.5|('H', 5, 0.4, 0.2)",B0.5,"('H', 5, 0.4, 0.2)",13,7.45,0.450306057136622,15.0
"B0.5|('H', 5, 0.5, -0.5)",B0.5,"('H', 5, 0.5, -0.5)",13,0.6333333333333333,0.5,17.75
"B0.5|('H', 5, 0.5, 0.0)",B0.5,"('H', 5, 0.5, 0.0)",13,4.1,0.6885830017325771,22.5
"B0.5|('H', 5, 0.5, 0.25)",B0.5,"('H', 5, 0.5, 0.25)",13,5.25,0.6917180245921059,23.0
"B0.5|('H', 10, 0.1, -0.1)",B0.5,"('H', 10, 0.1, -0.1)",13,3.55,0.31374910926972155,10.0
"B0.5|('H', 10, 0.1, 0.0)",B0.5,"('H', 10, 0.1, 0.0)",13,8.45,0.3395476332665515,10.0
"B0.5|('H', 10, 0.1, 0.05)",B0.5,"('H', 10, 0.1, 0.05)",13,9.266666666666666,0.34569337238648173,10.0
"B0.5|('H', 10, 0.2, -0.2)",B0.5,"('H', 10, 0.2, -0.2)",13,2.6,0.32514734566415726,12.0
"B0.5|('H', 10, 0.2, 0.0)",B0.5,"('H', 10, 0.2, 0.0)",13,6.55,0.3634894492808911,13.0
"B0.5|('H', 10, 0.2, 0.1)",B0.5,"('H', 10, 0.2, 0.1)",13,7.45,0.3728037766533562,13.25
"B0.5|('H', 10, 0.3, -0.3)",B0.5,"('H', 10, 0.3, -0.3)",13,1.6666666666666667,0.37295248820013915,14.25
"B0.5|('H', 10, 0.3, 0.0)",B0.5,"('H', 10, 0.3, 0.0)",13,5.1,0.47036484715087196,16.25
"B0.5|('H', 10, 0.3, 0.15)",B0.5,"('H', 10, 0.3, 0.15)",13,6.1,0.4800228497118273,17.0
"B0.5|('H', 10, 0.4, -0.4)",B0.5,"('H', 10, 0.4, -0.4)",13,0.75,0.5,18.0
"B0.5|('H', 10, 0.4, 0.0)",B0.5,"('H', 10, 0.4, 0.0)",13,4.0,0.6567386570341436,23.0
"B0.5|('H', 10, 0.4, 0.2)",B0.5,"('H', 10, 0.4, 0.2)",13,4.666666666666667,0.6567386570341436,23.0
"B0.5|('H', 10, 0.5, -0.5)",B0.5,"('H', 10, 0.5, -0.5)",13,0.0,0.5,22.0
"B0.5|('H', 10, 0.5, 0.0)",B0.5,"('H', 10, 0.5, 0.0)",13,2.25,1.0,36.75
"B0.5|('H', 10, 0.5, 0.25)",B0.5,"('H', 10, 0.5, 0.25)",13,3.0,1.0,37.75
"B0.5|('C', 0, 0.0, 0.5)",B0.5,"('C', 0, 0.0, 0.5)",13,6.55,0.24829618195044142,5.0
"B0.5|('C', 0, 0.0, 1)",B0.5,"('C', 0, 0.0, 1)",13,5.0,0.27493913744952464,6.5
"B0.5|('C', 0, 0.0, 2)",B0.5,"('C', 0, 0.0, 2)",13,3.75,0.28851586375163263,8.5
"B0.5|('C', 0, 0.0, 4)",B0.5,"('C', 0, 0.0, 4)",13,2.3333333333333335,0.311184338386164,12.0
"B0.5|('C', 0, 0.0, 8)",B0.5,"('C', 0, 0.0, 8)",13,1.0714285714285714,0.40805453532553254,19.0
"B0.5|('C', 0, 0.1, 0.5)",B0.5,"('C', 0, 0.1, 0.5)",13,5.325,0.2803473341439725,6.0
"B0.5|('C', 0, 0.1, 1)",B0.5,"('C', 0, 0.1, 1)",13,4.0,0.3018886334351977,7.25
"B0.5|('C', 0, 0.1, 2)",B0.5,"('C', 0, 0.1, 2)",13,2.775,0.3114532319736273,9.5
"B0.5|('C', 0, 0.1, 4)",B0.5,"('C', 0, 0.1, 4)",13,1.6666666666666667,0.3453098540088807,14.0
"B0.5|('C', 0, 0.1, 8)",B0.5,"('C', 0, 0.1, 8)",13,0.6666666666666666,0.5,22.0
"B0.5|('C', 0, 0.2, 0.5)",B0.5,"('C', 0, 0.2, 0.5)",13,4.25,0.29817544140266394,6.5
"B0.5|('C', 0, 0.2, 1)",B0.5,"('C', 0, 0.2, 1)",13,3.1,0.30687466394326224,9.0
"B0.5|('C', 0, 0.2, 2)",B0.5,"('C', 0, 0.2, 2)",13,2.0,0.34558078407267945,11.5
"B0.5|('C', 0, 0.2, 4)",B0.5,"('C', 0, 0.2, 4)",13,1.0,0.4568029774227419,16.5
"B0.5|('C', 0, 0.2, 8)",B0.5,"('C', 0, 0.2, 8)",13,0.0,0.5,25.25
"B0.5|('C', 0, 0.3, 0.5)",B0.5,"('C', 0, 0.3, 0.5)",13,3.2,0.30593109383604444,8.0
"B0.5|('C', 0, 0.3, 1)",B0.5,"('C', 0, 0.3, 1)",13,2.2,0.3176959700215522,10.0
"B0.5|('C', 0, 0.3, 2)",B0.5,"('C', 0, 0.3, 2)",13,1.0,0.4523888765696865,15.0
"B0.5|('C', 0, 0.3, 4)",B0.5,"('C', 0, 0.3, 4)",13,0.2,0.5,22.0
"B0.5|('C', 0, 0.3, 8)",B0.5,"('C', 0, 0.3, 8)",13,0.0,0.575623346569683,23.0
"B1|('H', 1, 0.1, -0.1)",B1,"('H', 1, 0.1, -0.1)",13,4.791666666666666,0.30929459834986517,6.0
"B1|('H', 1, 0.1, 0.0)",B1,"('H', 1, 0.1, 0.0)",13,10.0,0.30929459834986517,6.0
"B1|('H', 1, 0.1, 0.05)",B1,"('H', 1, 0.1, 0.05)",13,13.0,0.30929459834986517,6.0
"B1|('H', 1, 0.2, -0.2)",B1,"('H', 1, 0.2, -0.2)",13,3.267857142857143,0.35023085370027796,8.0
"B1|('H', 1, 0.2, 0.0)",B1,"('H', 1, 0.2, 0.0)",13,9.0,0.3514570264740862,8.0
"B1|('H', 1, 0.2, 0.1)",B1,"('H', 1, 0.2, 0.1)",13,12.775,0.35319362506075846,8.25
"B1|('H', 1, 0.3, -0.3)",B1,"('H', 1, 0.3, -0.3)",13,2.3333333333333335,0.4035742586155322,10.25
"B1|('H', 1, 0.3, 0.0)",B1,"('H', 1, 0.3, 0.0)",13,7.55,0.40754788266441266,10.75
"B1|('H', 1, 0.3, 0.15)",B1,"('H', 1, 0.3, 0.15)",13,11.6,0.41278570157002137,11.5
"B1|('H', 1, 0.4, -0.4)",B1,"('H', 1, 0.4, -0.4)",13,1.8,0.44065001794558445,14.0
"B1|('H', 1, 0.4, 0.0)",B1,"('H', 1, 0.4, 0.0)",13,6.1,0.4567855494281625,14.5
"B1|('H', 1, 0.4, 0.2)",B1,"('H', 1, 0.4, 0.2)",13,9.708333333333332,0.4628019534440886,14.75
"B1|('H', 1, 0.5, -0.5)",B1,"('H', 1, 0.5, -0.5)",13,1.0,0.49993390710837116,19.5
"B1|('H', 1, 0.5, 0.0)",B1,"('H', 1, 0.5, 0.0)",13,4.2,0.588421624000919,22.0
"B1|('H', 1, 0.5, 0.25)",B1,"('H', 1, 0.5, 0.25)",13,7.0,0.5966773416687042,23.0
"B1|('H', 3, 0.1, -0.1)",B1,"('H', 3, 0.1, -0.1)",13,3.0,0.3814177687187995,10.0
"B1|('H', 3, 0.1, 0.0)",B1,"('H', 3, 0.1, 0.0)",13,6.633333333333333,0.3839522262125623,10.0
"B1|('H', 3, 0.1, 0.05)",B1,"('H', 3, 0.1, 0.05)",13,8.0,0.3866297767683191,10.0
"B1|('H', 3, 0.2, -0.2)",B1,"('H', 3, 0.2, -0.2)",13,2.2,0.42855766854706623,12.25
"B1|('H', 3, 0.2, 0.0)",B1,"('H', 3, 0.2, 0.0)",13,6.0,0.4377291099567936,12.5
"B1|('H', 3, 0.2, 0.1)",B1,"('H', 3, 0.2, 0.1)",13,7.0,0.440663131316218,13.0
"B1|('H', 3, 0.3, -0.3)",B1,"('H', 3, 0.3, -0.3)",13,1.6666666666666667,0.4527955580185483,14.5
"B1|('H', 3, 0.3, 0.0)",B1,"('H', 3, 0.3, 0.0)",13,5.0,0.4765481337272943,15.25
"B1|('H', 3, 0.3, 0.15)",B1,"('H', 3, 0.3, 0.15)",13,6.583333333333334,0.4788862595271737,16.0
"B1|('H', 3, 0.4, -0.4)",B1,"('H', 3, 0.4, -0.4)",13,1.0,0.5,18.0
"B1|('H', 3, 0.4, 0.0)",B1,"('H', 3, 0.4, 0.0)",13,3.3333333333333335,0.5814164753690684,20.0
"B1|('H', 3, 0.4, 0.2)",B1,"('H', 3, 0.4, 0.2)",13,4.708333333333334,0.5879168539480181,21.0
"B1|('H', 3, 0.5, -0.5)",B1,"('H', 3, 0.5, -0.5)",13,0.6666666666666666,0.5056745796072737,21.25
"B1|('H', 3, 0.5, 0.0)",B1,"('H', 3, 0.5, 0.0)",13,2.775,0.6968732115929908,26.0
"B1|('H', 3, 0.5, 0.25)",B1,"('H', 3, 0.5, 0.25)",13,4.225,0.6968732115929908,27.0
"B1|('H', 5, 0.1, -0.1)",B1,"('H', 5, 0.1, -0.1)",13,2.225,0.40663870284287107,11.0
"B1|('H', 5, 0.1, 0.0)",B1,"('H', 5, 0.1, 0.0)",13,5.380952380952381,0.4125733124308958,11.0
"B1|('H', 5, 0.1, 0.05)",B1,"('H', 5, 0.1, 0.05)",13,6.2,0.414680953728114,11.25
"B1|('H', 5, 0.2, -0.2)",B1,"('H', 5, 0.2, -0.2)",13,1.8,0.42218318748631856,13.5
"B1|('H', 5, 0.2, 0.0)",B1,"('H', 5, 0.2, 0.0)",13,4.666666666666667,0.4348341184566873,14.0
"B1|('H', 5, 0.2, 0.1)",B1,"('H', 5, 0.2, 0.1)",13,5.816666666666666,0.439369995719422,14.0
"B1|('H', 5, 0.3, -0.3)",B1,"('H', 5, 0.3, -0.3)",13,1.3333333333333333,0.4446526859134911,16.5
"B1|('H', 5, 0.3, 0.0)",B1,"('H', 5, 0.3, 0.0)",13,4.0,0.5007575043937545,17.25
"B1|('H', 5, 0.3, 0.15)",B1,"('H', 5, 0.3, 0.15)",13,5.25,0.5135268787494374,17.5
"B1|('H', 5, 0.4, -0.4)",B1,"('H', 5, 0.4, -0.4)",13,0.8,0.5198655058535261,20.5
"B1|('H', 5, 0.4, 0.0)",B1,"('H', 5, 0.4, 0.0)",13,2.8,0.6375842596249437,23.0
"B1|('H', 5, 0.4, 0.2)",B1,"('H', 5, 0.4, 0.2)",13,4.0,0.6558117109889848,23.0
"B1|('H', 5, 0.5, -0.5)",B1,"('H', 5, 0.5, -0.5)",13,0.5,0.519218839226518,24.5
"B1|('H', 5, 0.5, 0.0)",B1,"('H', 5, 0.5, 0.0)",13,2.25,0.8089658028735579,29.0
"B1|('H', 5, 0.5, 0.25)",B1,"('H', 5, 0.5, 0.25)",13,3.3333333333333335,0.8089658028735579,30.0
"B1|('H', 10, 0.1, -0.1)",B1,"('H', 10, 0.1, -0.1)",13,1.8,0.41464852295155374,14.0
"B1|('H', 10, 0.1, 0.0)",B1,"('H', 10, 0.1, 0.0)",13,4.0,0.42531482211662014,14.0
"B1|('H', 10, 0.1, 0.05)",B1,"('H', 10, 0.1, 0.05)",13,4.6,0.4298392984299832,14.0
"B1|('H', 10, 0.2, -0.2)",B1,"('H', 10, 0.2, -0.2)",13,1.3333333333333333,0.43036339826173453,17.0
"B1|('H', 10, 0.2, 0.0)",B1,"('H', 10, 0.2, 0.0)",13,3.45,0.48252419089496734,17.5
"B1|('H', 10, 0.2, 0.1)",B1,"('H', 10, 0.2, 0.1)",13,4.0,0.5,18.0
"B1|('H', 10, 0.3, -0.3)",B1,"('H', 10, 0.3, -0.3)",13,1.0,0.5,22.0
"B1|('H', 10, 0.3, 0.0)",B1,"('H', 10, 0.3, 0.0)",13,2.8,0.5693269480912944,23.0
"B1|('H', 10, 0.3, 0.15)",B1,"('H', 10, 0.3, 0.15)",13,3.5,0.6036337214436263,23.0
"B1|('H', 10, 0.4, -0.4)",B1,"('H', 10, 0.4, -0.4)",13,0.5,0.5,22.25
"B1|('H', 10, 0.4, 0.0)",B1,"('H', 10, 0.4, 0.0)",13,2.0,0.7217944665810219,28.25
"B1|('H', 10, 0.4, 0.2)",B1,"('H', 10, 0.4, 0.2)",13,3.0,0.7383396681885348,28.5
"B1|('H', 10, 0.5, -0.5)",B1,"('H', 10, 0.5, -0.5)",13,0.16666666666666666,0.5,23.0
"B1|('H', 10, 0.5, 0.0)",B1,"('H', 10, 0.5, 0.0)",13,1.7083333333333335,0.9346782157921446,34.5
"B1|('H', 10, 0.5, 0.25)",B1,"('H', 10, 0.5, 0.25)",13,2.4,0.9346782157921446,35.75
"B1|('C', 0, 0.0, 0.5)",B1,"('C', 0, 0.0, 0.5)",13,3.0,0.36344710065944086,9.0
"B1|('C', 0, 0.0, 1)",B1,"('C', 0, 0.0, 1)",13,2.225,0.3770389810125219,11.0
"B1|('C', 0, 0.0, 2)",B1,"('C', 0, 0.0, 2)",13,2.0,0.4171656044585328,14.0
"B1|('C', 0, 0.0, 4)",B1,"('C', 0, 0.0, 4)",13,1.3333333333333333,0.4494794860784721,18.0
"B1|('C', 0, 0.0, 8)",B1,"('C', 0, 0.0, 8)",13,1.0,0.48913166688495824,22.75
"B1|('C', 0, 0.1, 0.5)",B1,"('C', 0, 0.1, 0.5)",13,2.2,0.42310072721826186,11.0
"B1|('C', 0, 0.1, 1)",B1,"('C', 0, 0.1, 1)",13,1.9166666666666665,0.42316514711128106,13.0
"B1|('C', 0, 0.1, 2)",B1,"('C', 0, 0.1, 2)",13,1.4,0.4261106338367505,16.0
"B1|('C', 0, 0.1, 4)",B1,"('C', 0, 0.1, 4)",13,1.0,0.4784258952302218,21.75
"B1|('C', 0, 0.1, 8)",B1,"('C', 0, 0.1, 8)",13,0.5,0.5,24.0
"B1|('C', 0, 0.2, 0.5)",B1,"('C', 0, 0.2, 0.5)",13,1.8,0.4363376196830076,13.0
"B1|('C', 0, 0.2, 1)",B1,"('C', 0, 0.2, 1)",13,1.4,0.45921301985271784,16.0
"B1|('C', 0, 0.2, 2)",B1,"('C', 0, 0.2, 2)",13,1.0,0.5,20.75
"B1|('C', 0, 0.2, 4)",B1,"('C', 0, 0.2, 4)",13,0.5857142857142856,0.5,22.75
"B1|('C', 0, 0.2, 8)",B1,"('C', 0, 0.2, 8)",13,0.16666666666666666,0.5,23.0
"B1|('C', 0, 0.3, 0.5)",B1,"('C', 0, 0.3, 0.5)",13,1.25,0.4948761869154567,17.0
"B1|('C', 0, 0.3, 1)",B1,"('C', 0, 0.3, 1)",13,1.0,0.5,19.75
"B1|('C', 0, 0.3, 2)",B1,"('C', 0, 0.3, 2)",13,0.6,0.5,21.25
"B1|('C', 0, 0.3, 4)",B1,"('C', 0, 0.3, 4)",13,0.2,0.5,23.5
"B1|('C', 0, 0.3, 8)",B1,"('C', 0, 0.3, 8)",13,0.0,0.5,23.5
"B2|('H', 1, 0.1, -0.1)",B2,"('H', 1, 0.1, -0.1)",13,1.4,0.4552186129414858,16.0
"B2|('H', 1, 0.1, 0.0)",B2,"('H', 1, 0.1, 0.0)",13,3.775,0.46226033103742414,16.0
"B2|('H', 1, 0.1, 0.05)",B2,"('H', 1, 0.1, 0.05)",13,5.225,0.46226033103742414,16.0
"B2|('H', 1, 0.2, -0.2)",B2,"('H', 1, 0.2, -0.2)",13,0.8257575757575758,0.487952783660563,18.5
"B2|('H', 1, 0.2, 0.0)",B2,"('H', 1, 0.2, 0.0)",13,2.928571428571429,0.5,21.5
"B2|('H', 1, 0.2, 0.1)",B2,"('H', 1, 0.2, 0.1)",13,4.0,0.5,21.5
"B2|('H', 1, 0.3, -0.3)",B2,"('H', 1, 0.3, -0.3)",13,0.6,0.5,22.0
"B2|('H', 1, 0.3, 0.0)",B2,"('H', 1, 0.3, 0.0)",13,2.190909090909091,0.556973413626882,26.25
"B2|('H', 1, 0.3, 0.15)",B2,"('H', 1, 0.3, 0.15)",13,3.6111111111111107,0.5700077752043686,26.25
"B2|('H', 1, 0.4, -0.4)",B2,"('H', 1, 0.4, -0.4)",13,0.4,0.5,22.0
"B2|('H', 1, 0.4, 0.0)",B2,"('H', 1, 0.4, 0.0)",13,1.75,0.6511456951526277,28.25
"B2|('H', 1, 0.4, 0.2)",B2,"('H', 1, 0.4, 0.2)",13,3.0,0.6691787720223994,29.0
"B2|('H', 1, 0.5, -0.5)",B2,"('H', 1, 0.5, -0.5)",13,0.14285714285714285,0.5,22.0
"B2|('H', 1, 0.5, 0.0)",B2,"('H', 1, 0.5, 0.0)",13,1.0,0.9815366559556286,36.25
"B2|('H', 1, 0.5, 0.25)",B2,"('H', 1, 0.5, 0.25)",13,1.75,0.9815366559556286,36.75
"B2|('H', 3, 0.1, -0.1)",B2,"('H', 3, 0.1, -0.1)",13,1.0,0.4847579304109082,19.5
"B2|('H', 3, 0.1, 0.0)",B2,"('H', 3, 0.1, 0.0)",13,2.3484848484848486,0.5,20.0
"B2|('H', 3, 0.1, 0.05)",B2,"('H', 3, 0.1, 0.05)",13,2.8285714285714283,0.5,20.5
"B2|('H', 3, 0.2, -0.2)",B2,"('H', 3, 0.2, -0.2)",13,0.6666666666666666,0.5,22.25
"B2|('H', 3, 0.2, 0.0)",B2,"('H', 3, 0.2, 0.0)",13,2.0,0.526198800413373,25.5
"B2|('H', 3, 0.2, 0.1)",B2,"('H', 3, 0.2, 0.1)",13,2.4,0.541269516554947,26.0
"B2|('H', 3, 0.3, -0.3)",B2,"('H', 3, 0.3, -0.3)",13,0.42857142857142855,0.5,20.0
"B2|('H', 3, 0.3, 0.0)",B2,"('H', 3, 0.3, 0.0)",13,1.6515151515151516,0.6110558955735487,28.75
"B2|('H', 3, 0.3, 0.15)",B2,"('H', 3, 0.3, 0.15)",13,2.1714285714285717,0.6281666519072776,29.0
"B2|('H', 3, 0.4, -0.4)",B2,"('H', 3, 0.4, -0.4)",13,0.30952380952380953,0.5,20.25
"B2|('H', 3, 0.4, 0.0)",B2,"('H', 3, 0.4, 0.0)",13,1.2,0.7036587923757581,31.25
"B2|('H', 3, 0.4, 0.2)",B2,"('H', 3, 0.4, 0.2)",13,1.8,0.7410243828581671,33.75
"B2|('H', 3, 0.5, -0.5)",B2,"('H', 3, 0.5, -0.5)",13,0.11805555555555555,0.5,22.0
"B2|('H', 3, 0.5, 0.0)",B2,"('H', 3, 0.5, 0.0)",13,0.8,0.9636123987644987,37.0
"B2|('H', 3, 0.5, 0.25)",B2,"('H', 3, 0.5, 0.25)",13,1.0833333333333335,1.0,38.75
"B2|('H', 5, 0.1, -0.1)",B2,"('H', 5, 0.1, -0.1)",13,0.8,0.48490772410670324,21.25
"B2|('H', 5, 0.1, 0.0)",B2,"('H', 5, 0.1, 0.0)",13,2.0,0.5,22.75
"B2|('H', 5, 0.1, 0.05)",B2,"('H', 5, 0.1, 0.05)",13,2.3333333333333335,0.5,22.75
"B2|('H', 5, 0.2, -0.2)",B2,"('H', 5, 0.2, -0.2)",13,0.6,0.5,22.75
"B2|('H', 5, 0.2, 0.0)",B2,"('H', 5, 0.2, 0.0)",13,1.6904761904761905,0.5278528152568548,27.0
"B2|('H', 5, 0.2, 0.1)",B2,"('H', 5, 0.2, 0.1)",13,2.0,0.5472011559564764,27.0
"B2|('H', 5, 0.3, -0.3)",B2,"('H', 5, 0.3, -0.3)",13,0.4,0.5,23.0
"B2|('H', 5, 0.3, 0.0)",B2,"('H', 5, 0.3, 0.0)",13,1.4142857142857141,0.624642745810637,30.0
"B2|('H', 5, 0.3, 0.15)",B2,"('H', 5, 0.3, 0.15)",13,2.0,0.6380848822517644,30.0
"B2|('H', 5, 0.4, -0.4)",B2,"('H', 5, 0.4, -0.4)",13,0.2,0.5,21.5
"B2|('H', 5, 0.4, 0.0)",B2,"('H', 5, 0.4, 0.0)",13,1.0,0.7503266194001703,35.0
"B2|('H', 5, 0.4, 0.2)",B2,"('H', 5, 0.4, 0.2)",13,1.4285714285714286,0.7716078546933776,35.5
"B2|('H', 5, 0.5, -0.5)",B2,"('H', 5, 0.5, -0.5)",13,0.1111111111111111,0.5,22.0
"B2|('H', 5, 0.5, 0.0)",B2,"('H', 5, 0.5, 0.0)",13,0.6666666666666666,0.9940168777266197,38.25
"B2|('H', 5, 0.5, 0.25)",B2,"('H', 5, 0.5, 0.25)",13,1.0,1.0,39.0
"B2|('H', 10, 0.1, -0.1)",B2,"('H', 10, 0.1, -0.1)",13,0.6666666666666666,0.5,23.25
"B2|('H', 10, 0.1, 0.0)",B2,"('H', 10, 0.1, 0.0)",13,1.746031746031746,0.5,26.0
"B2|('H', 10, 0.1, 0.05)",B2,"('H', 10, 0.1, 0.05)",13,2.0,0.5,26.5
"B2|('H', 10, 0.2, -0.2)",B2,"('H', 10, 0.2, -0.2)",13,0.4772727272727273,0.5,23.0
"B2|('H', 10, 0.2, 0.0)",B2,"('H', 10, 0.2, 0.0)",13,1.4285714285714286,0.5479127714390507,29.0
"B2|('H', 10, 0.2, 0.1)",B2,"('H', 10, 0.2, 0.1)",13,1.6904761904761905,0.6071932005938915,29.75
"B2|('H', 10, 0.3, -0.3)",B2,"('H', 10, 0.3, -0.3)",13,0.3333333333333333,0.5,22.25
"B2|('H', 10, 0.3, 0.0)",B2,"('H', 10, 0.3, 0.0)",13,1.2,0.5835126824324037,30.0
"B2|('H', 10, 0.3, 0.15)",B2,"('H', 10, 0.3, 0.15)",13,1.5,0.6914420800402304,34.0
"B2|('H', 10, 0.4, -0.4)",B2,"('H', 10, 0.4, -0.4)",13,0.18333333333333335,0.5,23.0
"B2|('H', 10, 0.4, 0.0)",B2,"('H', 10, 0.4, 0.0)",13,1.0,0.7947042566827126,36.0
"B2|('H', 10, 0.4, 0.2)",B2,"('H', 10, 0.4, 0.2)",13,1.0,0.8945969749114742,38.25
"B2|('H', 10, 0.5, -0.5)",B2,"('H', 10, 0.5, -0.5)",13,0.0,0.5,22.0
"B2|('H', 10, 0.5, 0.0)",B2,"('H', 10, 0.5, 0.0)",13,0.6666666666666666,1.0,39.0
"B2|('H', 10, 0.5, 0.25)",B2,"('H', 10, 0.5, 0.25)",13,1.0,1.0,41.0
"B2|('C', 0, 0.0, 0.5)",B2,"('C', 0, 0.0, 0.5)",13,1.1833333333333333,0.47721341385517313,18.75
"B2|('C', 0, 0.0, 1)",B2,"('C', 0, 0.0, 1)",13,1.0,0.48111465624976724,21.0
"B2|('C', 0, 0.0, 2)",B2,"('C', 0, 0.0, 2)",13,0.7142857142857143,0.47544069484662177,22.0
"B2|('C', 0, 0.0, 4)",B2,"('C', 0, 0.0, 4)",13,0.5,0.5,22.25
"B2|('C', 0, 0.0, 8)",B2,"('C', 0, 0.0, 8)",13,0.3333333333333333,0.5,23.0
"B2|('C', 0, 0.1, 0.5)",B2,"('C', 0, 0.1, 0.5)",13,0.7321428571428572,0.4991314060005918,21.0
"B2|('C', 0, 0.1, 1)",B2,"('C', 0, 0.1, 1)",13,0.6,0.5,22.25
"B2|('C', 0, 0.1, 2)",B2,"('C', 0, 0.1, 2)",13,0.5,0.5,22.0
"B2|('C', 0, 0.1, 4)",B2,"('C', 0, 0.1, 4)",13,0.3333333333333333,0.5,23.75
"B2|('C', 0, 0.1, 8)",B2,"('C', 0, 0.1, 8)",13,0.25,0.5,22.25
"B2|('C', 0, 0.2, 0.5)",B2,"('C', 0, 0.2, 0.5)",13,0.5,0.5,21.75
"B2|('C', 0, 0.2, 1)",B2,"('C', 0, 0.2, 1)",13,0.4,0.5,22.0
"B2|('C', 0, 0.2, 2)",B2,"('C', 0, 0.2, 2)",13,0.3333333333333333,0.5,23.0
"B2|('C', 0, 0.2, 4)",B2,"('C', 0, 0.2, 4)",13,0.2,0.5,22.75
"B2|('C', 0, 0.2, 8)",B2,"('C', 0, 0.2, 8)",13,0.14285714285714285,0.5,20.25
"B2|('C', 0, 0.3, 0.5)",B2,"('C', 0, 0.3, 0.5)",13,0.3333333333333333,0.5,22.0
"B2|('C', 0, 0.3, 1)",B2,"('C', 0, 0.3, 1)",13,0.2857142857142857,0.5,22.25
"B2|('C', 0, 0.3, 2)",B2,"('C', 0, 0.3, 2)",13,0.2,0.5,22.25
"B2|('C', 0, 0.3, 4)",B2,"('C', 0, 0.3, 4)",13,0.125,0.5,20.0
"B2|('C', 0, 0.3, 8)",B2,"('C', 0, 0.3, 8)",13,0.10101010101010101,0.5,20.25
"B1w|('H', 1, 0.1, -0.1)",B1w,"('H', 1, 0.1, -0.1)",13,5.366666666666667,0.1707444401051889,4.5
"B1w|('H', 1, 0.1, 0.0)",B1w,"('H', 1, 0.1, 0.0)",13,11.25,0.1798518911621572,5.0
"B1w|('H', 1, 0.1, 0.05)",B1w,"('H', 1, 0.1, 0.05)",13,16.25,0.23304319268666715,6.0
"B1w|('H', 1, 0.2, -0.2)",B1w,"('H', 1, 0.2, -0.2)",13,3.225,0.19009941719401308,6.0
"B1w|('H', 1, 0.2, 0.0)",B1w,"('H', 1, 0.2, 0.0)",13,9.416666666666668,0.21898745748226872,7.0
"B1w|('H', 1, 0.2, 0.1)",B1w,"('H', 1, 0.2, 0.1)",13,15.666666666666668,0.305417142635035,9.0
"B1w|('H', 1, 0.3, -0.3)",B1w,"('H', 1, 0.3, -0.3)",13,2.5,0.25064133902551106,8.0
"B1w|('H', 1, 0.3, 0.0)",B1w,"('H', 1, 0.3, 0.0)",13,8.266666666666666,0.2856968453727732,9.75
"B1w|('H', 1, 0.3, 0.15)",B1w,"('H', 1, 0.3, 0.15)",13,14.1,0.3736986261088928,12.0
"B1w|('H', 1, 0.4, -0.4)",B1w,"('H', 1, 0.4, -0.4)",13,1.225,0.36052354136576537,12.5
"B1w|('H', 1, 0.4, 0.0)",B1w,"('H', 1, 0.4, 0.0)",13,5.533333333333333,0.48290981573354275,15.0
"B1w|('H', 1, 0.4, 0.2)",B1w,"('H', 1, 0.4, 0.2)",13,11.0,0.520185657080614,15.0
"B1w|('H', 1, 0.5, -0.5)",B1w,"('H', 1, 0.5, -0.5)",13,0.0,0.5,21.5
"B1w|('H', 1, 0.5, 0.0)",B1w,"('H', 1, 0.5, 0.0)",13,3.125,0.8988458169237246,25.75
"B1w|('H', 1, 0.5, 0.25)",B1w,"('H', 1, 0.5, 0.25)",13,7.533333333333333,0.917963522053893,26.5
"B1w|('H', 3, 0.1, -0.1)",B1w,"('H', 3, 0.1, -0.1)",13,3.2666666666666666,0.19433633281580506,6.0
"B1w|('H', 3, 0.1, 0.0)",B1w,"('H', 3, 0.1, 0.0)",13,7.1,0.19751316478536335,7.0
"B1w|('H', 3, 0.1, 0.05)",B1w,"('H', 3, 0.1, 0.05)",13,8.75,0.2251729242391492,7.0
"B1w|('H', 3, 0.2, -0.2)",B1w,"('H', 3, 0.2, -0.2)",13,2.3666666666666667,0.25009594904349564,8.0
"B1w|('H', 3, 0.2, 0.0)",B1w,"('H', 3, 0.2, 0.0)",13,6.45,0.26427426529227394,9.0
"B1w|('H', 3, 0.2, 0.1)",B1w,"('H', 3, 0.2, 0.1)",13,8.583333333333332,0.3482898966418517,9.5
"B1w|('H', 3, 0.3, -0.3)",B1w,"('H', 3, 0.3, -0.3)",13,1.5,0.34665272265756053,12.0
"B1w|('H', 3, 0.3, 0.0)",B1w,"('H', 3, 0.3, 0.0)",13,5.0,0.4092622590652826,13.5
"B1w|('H', 3, 0.3, 0.15)",B1w,"('H', 3, 0.3, 0.15)",13,7.625,0.47126048660726966,14.0
"B1w|('H', 3, 0.4, -0.4)",B1w,"('H', 3, 0.4, -0.4)",13,0.4,0.5101790275814048,19.5
"B1w|('H', 3, 0.4, 0.0)",B1w,"('H', 3, 0.4, 0.0)",13,3.3333333333333335,0.6640828184330827,21.75
"B1w|('H', 3, 0.4, 0.2)",B1w,"('H', 3, 0.4, 0.2)",13,5.75,0.6834279346183944,22.75
"B1w|('H', 3, 0.5, -0.5)",B1w,"('H', 3, 0.5, -0.5)",13,0.0,0.5,21.5
"B1w|('H', 3, 0.5, 0.0)",B1w,"('H', 3, 0.5, 0.0)",13,2.416666666666667,0.9152596640733719,28.0
"B1w|('H', 3, 0.5, 0.25)",B1w,"('H', 3, 0.5, 0.25)",13,4.366666666666667,0.9343513493206619,30.0
"B1w|('H', 5, 0.1, -0.1)",B1w,"('H', 5, 0.1, -0.1)",13,2.6666666666666665,0.23647716447837308,8.0
"B1w|('H', 5, 0.1, 0.0)",B1w,"('H', 5, 0.1, 0.0)",13,6.0,0.2438207468415219,8.5
"B1w|('H', 5, 0.1, 0.05)",B1w,"('H', 5, 0.1, 0.05)",13,7.366666666666667,0.24612177563111853,8.5
"B1w|('H', 5, 0.2, -0.2)",B1w,"('H', 5, 0.2, -0.2)",13,1.8,0.2837323825812647,9.0
"B1w|('H', 5, 0.2, 0.0)",B1w,"('H', 5, 0.2, 0.0)",13,5.375,0.3270511352176864,11.0
"B1w|('H', 5, 0.2, 0.1)",B1w,"('H', 5, 0.2, 0.1)",13,7.25,0.38169591104351835,11.75
"B1w|('H', 5, 0.3, -0.3)",B1w,"('H', 5, 0.3, -0.3)",13,1.0,0.40625440285812625,14.25
"B1w|('H', 5, 0.3, 0.0)",B1w,"('H', 5, 0.3, 0.0)",13,4.0,0.4559852124606768,15.75
"B1w|('H', 5, 0.3, 0.15)",B1w,"('H', 5, 0.3, 0.15)",13,6.0,0.5159209842580406,17.0
"B1w|('H', 5, 0.4, -0.4)",B1w,"('H', 5, 0.4, -0.4)",13,0.0,0.5108965916258461,21.0
"B1w|('H', 5, 0.4, 0.0)",B1w,"('H', 5, 0.4, 0.0)",13,2.75,0.7398673638298388,24.5
"B1w|('H', 5, 0.4, 0.2)",B1w,"('H', 5, 0.4, 0.2)",13,4.5,0.7616229350016441,26.25
"B1w|('H', 5, 0.5, -0.5)",B1w,"('H', 5, 0.5, -0.5)",13,0.0,0.5,22.0
"B1w|('H', 5, 0.5, 0.0)",B1w,"('H', 5, 0.5, 0.0)",13,2.0,0.9560862429457988,30.5
"B1w|('H', 5, 0.5, 0.25)",B1w,"('H', 5, 0.5, 0.25)",13,3.55,1.0,33.25
"B1w|('H', 10, 0.1, -0.1)",B1w,"('H', 10, 0.1, -0.1)",13,1.6666666666666667,0.2736986712863929,10.0
"B1w|('H', 10, 0.1, 0.0)",B1w,"('H', 10, 0.1, 0.0)",13,4.5,0.2933551485502529,11.0
"B1w|('H', 10, 0.1, 0.05)",B1w,"('H', 10, 0.1, 0.05)",13,5.333333333333333,0.3068014263862391,11.5
"B1w|('H', 10, 0.2, -0.2)",B1w,"('H', 10, 0.2, -0.2)",13,1.0,0.37551143222290745,13.25
"B1w|('H', 10, 0.2, 0.0)",B1w,"('H', 10, 0.2, 0.0)",13,3.5,0.39932761258803484,15.0
"B1w|('H', 10, 0.2, 0.1)",B1w,"('H', 10, 0.2, 0.1)",13,4.5,0.439129696303013,15.5
"B1w|('H', 10, 0.3, -0.3)",B1w,"('H', 10, 0.3, -0.3)",13,0.4722222222222222,0.5,21.0
"B1w|('H', 10, 0.3, 0.0)",B1w,"('H', 10, 0.3, 0.0)",13,2.6666666666666665,0.6511008411310459,23.0
"B1w|('H', 10, 0.3, 0.15)",B1w,"('H', 10, 0.3, 0.15)",13,3.916666666666667,0.6681073686518304,24.75
"B1w|('H', 10, 0.4, -0.4)",B1w,"('H', 10, 0.4, -0.4)",13,0.0,0.5199495893718823,22.0
"B1w|('H', 10, 0.4, 0.0)",B1w,"('H', 10, 0.4, 0.0)",13,1.7083333333333335,0.8987022424448666,30.0
"B1w|('H', 10, 0.4, 0.2)",B1w,"('H', 10, 0.4, 0.2)",13,2.8166666666666664,0.9381203209151451,31.5
"B1w|('H', 10, 0.5, -0.5)",B1w,"('H', 10, 0.5, -0.5)",13,0.0,0.5,22.0
"B1w|('H', 10, 0.5, 0.0)",B1w,"('H', 10, 0.5, 0.0)",13,1.4,1.0,36.25
"B1w|('H', 10, 0.5, 0.25)",B1w,"('H', 10, 0.5, 0.25)",13,2.3333333333333335,1.0,38.0
"B1w|('C', 0, 0.0, 0.5)",B1w,"('C', 0, 0.0, 0.5)",13,3.3333333333333335,0.19051208522634447,6.0
"B1w|('C', 0, 0.0, 1)",B1w,"('C', 0, 0.0, 1)",13,2.6666666666666665,0.2280521580890757,8.0
"B1w|('C', 0, 0.0, 2)",B1w,"('C', 0, 0.0, 2)",13,1.9,0.2720106310571463,9.5
"B1w|('C', 0, 0.0, 4)",B1w,"('C', 0, 0.0, 4)",13,1.0,0.3813466433847309,14.0
"B1w|('C', 0, 0.0, 8)",B1w,"('C', 0, 0.0, 8)",13,0.4,0.5,21.5
"B1w|('C', 0, 0.1, 0.5)",B1w,"('C', 0, 0.1, 0.5)",13,2.6,0.2461650911147969,7.75
"B1w|('C', 0, 0.1, 1)",B1w,"('C', 0, 0.1, 1)",13,1.8,0.2840618013815875,9.25
"B1w|('C', 0, 0.1, 2)",B1w,"('C', 0, 0.1, 2)",13,1.25,0.3755162611919462,12.25
"B1w|('C', 0, 0.1, 4)",B1w,"('C', 0, 0.1, 4)",13,0.5,0.5,20.25
"B1w|('C', 0, 0.1, 8)",B1w,"('C', 0, 0.1, 8)",13,0.0,0.5566855235211934,22.75
"B1w|('C', 0, 0.2, 0.5)",B1w,"('C', 0, 0.2, 0.5)",13,1.6666666666666667,0.31211251376682103,10.0
"B1w|('C', 0, 0.2, 1)",B1w,"('C', 0, 0.2, 1)",13,1.225,0.4182212336595257,13.5
"B1w|('C', 0, 0.2, 2)",B1w,"('C', 0, 0.2, 2)",13,0.5,0.5,20.0
"B1w|('C', 0, 0.2, 4)",B1w,"('C', 0, 0.2, 4)",13,0.0,0.5144920483053619,21.5
"B1w|('C', 0, 0.2, 8)",B1w,"('C', 0, 0.2, 8)",13,0.0,0.6681526898370015,22.75
"B1w|('C', 0, 0.3, 0.5)",B1w,"('C', 0, 0.3, 0.5)",13,0.8,0.5,16.75
"B1w|('C', 0, 0.3, 1)",B1w,"('C', 0, 0.3, 1)",13,0.2857142857142857,0.5267587953282845,20.75
"B1w|('C', 0, 0.3, 2)",B1w,"('C', 0, 0.3, 2)",13,0.0,0.5122118576847083,22.0
"B1w|('C', 0, 0.3, 4)",B1w,"('C', 0, 0.3, 4)",13,0.0,0.5,22.0
"B1w|('C', 0, 0.3, 8)",B1w,"('C', 0, 0.3, 8)",13,0.0,0.5,22.25
"T1|('H', 1, 0.1, -0.1)",T1,"('H', 1, 0.1, -0.1)",13,4.5,0.32786073972245217,6.5
"T1|('H', 1, 0.1, 0.0)",T1,"('H', 1, 0.1, 0.0)",13,9.775,0.32786073972245217,6.5
"T1|('H', 1, 0.1, 0.05)",T1,"('H', 1, 0.1, 0.05)",13,12.875,0.32786073972245217,6.5
"T1|('H', 1, 0.2, -0.2)",T1,"('H', 1, 0.2, -0.2)",13,3.083333333333333,0.3587130754743505,8.25
"T1|('H', 1, 0.2, 0.0)",T1,"('H', 1, 0.2, 0.0)",13,8.366666666666667,0.3628986935837355,8.5
"T1|('H', 1, 0.2, 0.1)",T1,"('H', 1, 0.2, 0.1)",13,12.675,0.3628986935837355,8.5
"T1|('H', 1, 0.3, -0.3)",T1,"('H', 1, 0.3, -0.3)",13,2.3333333333333335,0.414680953728114,10.0
"T1|('H', 1, 0.3, 0.0)",T1,"('H', 1, 0.3, 0.0)",13,7.25,0.4220137422563417,10.0
"T1|('H', 1, 0.3, 0.15)",T1,"('H', 1, 0.3, 0.15)",13,11.0,0.4220137422563417,10.5
"T1|('H', 1, 0.4, -0.4)",T1,"('H', 1, 0.4, -0.4)",13,1.8,0.4350452944956892,14.0
"T1|('H', 1, 0.4, 0.0)",T1,"('H', 1, 0.4, 0.0)",13,6.0,0.4577704886061591,14.0
"T1|('H', 1, 0.4, 0.2)",T1,"('H', 1, 0.4, 0.2)",13,9.875,0.46031366277031416,14.0
"T1|('H', 1, 0.5, -0.5)",T1,"('H', 1, 0.5, -0.5)",13,1.0,0.47396021250218434,17.5
"T1|('H', 1, 0.5, 0.0)",T1,"('H', 1, 0.5, 0.0)",13,4.291666666666666,0.5693050575874171,19.0
"T1|('H', 1, 0.5, 0.25)",T1,"('H', 1, 0.5, 0.25)",13,7.333333333333333,0.5693050575874171,20.0
"T1|('H', 3, 0.1, -0.1)",T1,"('H', 3, 0.1, -0.1)",13,2.6333333333333333,0.3848738234559707,10.0
"T1|('H', 3, 0.1, 0.0)",T1,"('H', 3, 0.1, 0.0)",13,6.291666666666666,0.3913241994314719,10.0
"T1|('H', 3, 0.1, 0.05)",T1,"('H', 3, 0.1, 0.05)",13,7.633333333333333,0.3913241994314719,10.0
"T1|('H', 3, 0.2, -0.2)",T1,"('H', 3, 0.2, -0.2)",13,2.0,0.4219934744923751,12.0
"T1|('H', 3, 0.2, 0.0)",T1,"('H', 3, 0.2, 0.0)",13,5.6,0.428672644564435,12.25
"T1|('H', 3, 0.2, 0.1)",T1,"('H', 3, 0.2, 0.1)",13,7.0,0.4292586442847107,12.5
"T1|('H', 3, 0.3, -0.3)",T1,"('H', 3, 0.3, -0.3)",13,1.6,0.4527955580185483,14.25
"T1|('H', 3, 0.3, 0.0)",T1,"('H', 3, 0.3, 0.0)",13,4.816666666666666,0.46577292259380876,15.0
"T1|('H', 3, 0.3, 0.15)",T1,"('H', 3, 0.3, 0.15)",13,6.5,0.47407298736130277,15.0
"T1|('H', 3, 0.4, -0.4)",T1,"('H', 3, 0.4, -0.4)",13,1.2,0.4855141093078168,17.0
"T1|('H', 3, 0.4, 0.0)",T1,"('H', 3, 0.4, 0.0)",13,4.0,0.5471448859994494,19.0
"T1|('H', 3, 0.4, 0.2)",T1,"('H', 3, 0.4, 0.2)",13,5.291666666666666,0.5473448012698876,19.0
"T1|('H', 3, 0.5, -0.5)",T1,"('H', 3, 0.5, -0.5)",13,0.75,0.5408035040368406,22.25
"T1|('H', 3, 0.5, 0.0)",T1,"('H', 3, 0.5, 0.0)",13,2.8166666666666664,0.7001919614663676,25.25
"T1|('H', 3, 0.5, 0.25)",T1,"('H', 3, 0.5, 0.25)",13,4.366666666666667,0.7001919614663676,25.75
"T1|('H', 5, 0.1, -0.1)",T1,"('H', 5, 0.1, -0.1)",13,2.291666666666667,0.4123419696364791,12.0
"T1|('H', 5, 0.1, 0.0)",T1,"('H', 5, 0.1, 0.0)",13,5.2,0.4128611939059714,12.0
"T1|('H', 5, 0.1, 0.05)",T1,"('H', 5, 0.1, 0.05)",13,6.0,0.41624278095355094,12.0
"T1|('H', 5, 0.2, -0.2)",T1,"('H', 5, 0.2, -0.2)",13,1.8,0.4436483880917832,13.75
"T1|('H', 5, 0.2, 0.0)",T1,"('H', 5, 0.2, 0.0)",13,4.6,0.4528583886574636,14.0
"T1|('H', 5, 0.2, 0.1)",T1,"('H', 5, 0.2, 0.1)",13,5.6,0.4592108833811785,14.25
"T1|('H', 5, 0.3, -0.3)",T1,"('H', 5, 0.3, -0.3)",13,1.4,0.45481177473374945,16.0
"T1|('H', 5, 0.3, 0.0)",T1,"('H', 5, 0.3, 0.0)",13,4.0,0.5045739802104806,17.0
"T1|('H', 5, 0.3, 0.15)",T1,"('H', 5, 0.3, 0.15)",13,5.225,0.5153339122798908,17.5
"T1|('H', 5, 0.4, -0.4)",T1,"('H', 5, 0.4, -0.4)",13,1.0,0.5,20.0
"T1|('H', 5, 0.4, 0.0)",T1,"('H', 5, 0.4, 0.0)",13,3.0,0.5775650579803082,22.0
"T1|('H', 5, 0.4, 0.2)",T1,"('H', 5, 0.4, 0.2)",13,4.291666666666666,0.5799076277393677,23.0
"T1|('H', 5, 0.5, -0.5)",T1,"('H', 5, 0.5, -0.5)",13,0.6,0.5,22.25
"T1|('H', 5, 0.5, 0.0)",T1,"('H', 5, 0.5, 0.0)",13,2.4,0.7018110520182214,27.25
"T1|('H', 5, 0.5, 0.25)",T1,"('H', 5, 0.5, 0.25)",13,3.708333333333333,0.7136407861790222,28.25
"T1|('H', 10, 0.1, -0.1)",T1,"('H', 10, 0.1, -0.1)",13,1.6666666666666667,0.41955940916788265,14.5
"T1|('H', 10, 0.1, 0.0)",T1,"('H', 10, 0.1, 0.0)",13,4.0,0.4341088659457188,14.75
"T1|('H', 10, 0.1, 0.05)",T1,"('H', 10, 0.1, 0.05)",13,4.226190476190476,0.4371506695203775,14.75
"T1|('H', 10, 0.2, -0.2)",T1,"('H', 10, 0.2, -0.2)",13,1.25,0.4464285331593582,17.0
"T1|('H', 10, 0.2, 0.0)",T1,"('H', 10, 0.2, 0.0)",13,3.45,0.48369088095643603,18.0
"T1|('H', 10, 0.2, 0.1)",T1,"('H', 10, 0.2, 0.1)",13,4.0,0.5,18.25
"T1|('H', 10, 0.3, -0.3)",T1,"('H', 10, 0.3, -0.3)",13,1.0,0.49849914207074036,21.0
"T1|('H', 10, 0.3, 0.0)",T1,"('H', 10, 0.3, 0.0)",13,3.0,0.5597805072480995,22.25
"T1|('H', 10, 0.3, 0.15)",T1,"('H', 10, 0.3, 0.15)",13,3.5,0.5794605601104521,23.0
"T1|('H', 10, 0.4, -0.4)",T1,"('H', 10, 0.4, -0.4)",13,0.6666666666666666,0.5,22.0
"T1|('H', 10, 0.4, 0.0)",T1,"('H', 10, 0.4, 0.0)",13,2.2,0.7149803792444547,27.0
"T1|('H', 10, 0.4, 0.2)",T1,"('H', 10, 0.4, 0.2)",13,3.0,0.7364129373208346,27.5
"T1|('H', 10, 0.5, -0.5)",T1,"('H', 10, 0.5, -0.5)",13,0.2857142857142857,0.5,22.25
"T1|('H', 10, 0.5, 0.0)",T1,"('H', 10, 0.5, 0.0)",13,1.8,0.8617367278380458,32.0
"T1|('H', 10, 0.5, 0.25)",T1,"('H', 10, 0.5, 0.25)",13,2.6,0.8634236282525866,33.0
"T1|('C', 0, 0.0, 0.5)",T1,"('C', 0, 0.0, 0.5)",13,3.0,0.3799599787514095,9.0
"T1|('C', 0, 0.0, 1)",T1,"('C', 0, 0.0, 1)",13,2.3333333333333335,0.38275164796490746,11.0
"T1|('C', 0, 0.0, 2)",T1,"('C', 0, 0.0, 2)",13,1.8,0.41804773823294405,14.0
"T1|('C', 0, 0.0, 4)",T1,"('C', 0, 0.0, 4)",13,1.3095238095238095,0.4367065116375436,18.0
"T1|('C', 0, 0.0, 8)",T1,"('C', 0, 0.0, 8)",13,1.0,0.49176390812340537,23.0
"T1|('C', 0, 0.1, 0.5)",T1,"('C', 0, 0.1, 0.5)",13,2.2,0.3957751316182423,11.0
"T1|('C', 0, 0.1, 1)",T1,"('C', 0, 0.1, 1)",13,1.9166666666666665,0.4298392984299832,13.0
"T1|('C', 0, 0.1, 2)",T1,"('C', 0, 0.1, 2)",13,1.4,0.4376314120002278,16.5
"T1|('C', 0, 0.1, 4)",T1,"('C', 0, 0.1, 4)",13,1.0,0.4547459310127343,21.0
"T1|('C', 0, 0.1, 8)",T1,"('C', 0, 0.1, 8)",13,0.5714285714285714,0.5,23.0
"T1|('C', 0, 0.2, 0.5)",T1,"('C', 0, 0.2, 0.5)",13,1.75,0.440663131316218,14.0
"T1|('C', 0, 0.2, 1)",T1,"('C', 0, 0.2, 1)",13,1.4,0.4484189185581803,16.0
"T1|('C', 0, 0.2, 2)",T1,"('C', 0, 0.2, 2)",13,1.0,0.4907192765428249,20.0
"T1|('C', 0, 0.2, 4)",T1,"('C', 0, 0.2, 4)",13,0.6666666666666666,0.5,23.0
"T1|('C', 0, 0.2, 8)",T1,"('C', 0, 0.2, 8)",13,0.2857142857142857,0.5,22.25
"T1|('C', 0, 0.3, 0.5)",T1,"('C', 0, 0.3, 0.5)",13,1.3333333333333333,0.4991385661423179,16.25
"T1|('C', 0, 0.3, 1)",T1,"('C', 0, 0.3, 1)",13,1.0,0.482389085837322,19.25
"T1|('C', 0, 0.3, 2)",T1,"('C', 0, 0.3, 2)",13,0.75,0.5,21.5
"T1|('C', 0, 0.3, 4)",T1,"('C', 0, 0.3, 4)",13,0.3333333333333333,0.5,22.0
"T1|('C', 0, 0.3, 8)",T1,"('C', 0, 0.3, 8)",13,0.0,0.5,23.0
"TS|('H', 1, 0.1, -0.1)",TS,"('H', 1, 0.1, -0.1)",13,0.5857142857142856,0.5,13.0
"TS|('H', 1, 0.1, 0.0)",TS,"('H', 1, 0.1, 0.0)",13,4.45,0.5,15.0
"TS|('H', 1, 0.1, 0.05)",TS,"('H', 1, 0.1, 0.05)",13,6.0,0.5,15.5
"TS|('H', 1, 0.2, -0.2)",TS,"('H', 1, 0.2, -0.2)",13,0.0,0.5,20.25
"TS|('H', 1, 0.2, 0.0)",TS,"('H', 1, 0.2, 0.0)",13,1.0,0.7920727887507665,23.5
"TS|('H', 1, 0.2, 0.1)",TS,"('H', 1, 0.2, 0.1)",13,1.6666666666666667,0.916148200996026,25.0
"TS|('H', 1, 0.3, -0.3)",TS,"('H', 1, 0.3, -0.3)",13,0.0,0.5,21.5
"TS|('H', 1, 0.3, 0.0)",TS,"('H', 1, 0.3, 0.0)",13,0.29166666666666663,1.0,37.0
"TS|('H', 1, 0.3, 0.15)",TS,"('H', 1, 0.3, 0.15)",13,0.6458333333333333,1.0,39.0
"TS|('H', 1, 0.4, -0.4)",TS,"('H', 1, 0.4, -0.4)",13,0.0,0.5080256389533271,22.0
"TS|('H', 1, 0.4, 0.0)",TS,"('H', 1, 0.4, 0.0)",13,0.3333333333333333,1.0,38.5
"TS|('H', 1, 0.4, 0.2)",TS,"('H', 1, 0.4, 0.2)",13,0.6666666666666666,1.0,47.25
"TS|('H', 1, 0.5, -0.5)",TS,"('H', 1, 0.5, -0.5)",13,0.0,0.5175297367753234,22.0
"TS|('H', 1, 0.5, 0.0)",TS,"('H', 1, 0.5, 0.0)",13,0.4,1.0,38.5
"TS|('H', 1, 0.5, 0.25)",TS,"('H', 1, 0.5, 0.25)",13,0.8571428571428571,1.0,53.0
"TS|('H', 3, 0.1, -0.1)",TS,"('H', 3, 0.1, -0.1)",13,0.4,0.5,15.75
"TS|('H', 3, 0.1, 0.0)",TS,"('H', 3, 0.1, 0.0)",13,2.0,0.5,17.0
"TS|('H', 3, 0.1, 0.05)",TS,"('H', 3, 0.1, 0.05)",13,3.0,0.5,17.5
"TS|('H', 3, 0.2, -0.2)",TS,"('H', 3, 0.2, -0.2)",13,0.0,0.5,20.25
"TS|('H', 3, 0.2, 0.0)",TS,"('H', 3, 0.2, 0.0)",13,0.6666666666666666,1.0,27.0
"TS|('H', 3, 0.2, 0.1)",TS,"('H', 3, 0.2, 0.1)",13,1.0,1.0,28.25
"TS|('H', 3, 0.3, -0.3)",TS,"('H', 3, 0.3, -0.3)",13,0.0,0.5,22.0
"TS|('H', 3, 0.3, 0.0)",TS,"('H', 3, 0.3, 0.0)",13,0.4,1.0,37.75
"TS|('H', 3, 0.3, 0.15)",TS,"('H', 3, 0.3, 0.15)",13,0.5357142857142857,1.0,39.0
"TS|('H', 3, 0.4, -0.4)",TS,"('H', 3, 0.4, -0.4)",13,0.0,0.5175297367753234,22.0
"TS|('H', 3, 0.4, 0.0)",TS,"('H', 3, 0.4, 0.0)",13,0.4,1.0,38.5
"TS|('H', 3, 0.4, 0.2)",TS,"('H', 3, 0.4, 0.2)",13,0.5714285714285714,1.0,46.0
"TS|('H', 3, 0.5, -0.5)",TS,"('H', 3, 0.5, -0.5)",13,0.0,0.5346708286354647,22.0
"TS|('H', 3, 0.5, 0.0)",TS,"('H', 3, 0.5, 0.0)",13,0.4,1.0,38.5
"TS|('H', 3, 0.5, 0.25)",TS,"('H', 3, 0.5, 0.25)",13,0.5714285714285714,1.0,53.0
"TS|('H', 5, 0.1, -0.1)",TS,"('H', 5, 0.1, -0.1)",13,0.26785714285714285,0.5,15.5
"TS|('H', 5, 0.1, 0.0)",TS,"('H', 5, 0.1, 0.0)",13,1.45,0.5,19.0
"TS|('H', 5, 0.1, 0.05)",TS,"('H', 5, 0.1, 0.05)",13,2.0,0.5,19.25
"TS|('H', 5, 0.2, -0.2)",TS,"('H', 5, 0.2, -0.2)",13,0.0,0.5,18.0
"TS|('H', 5, 0.2, 0.0)",TS,"('H', 5, 0.2, 0.0)",13,0.6666666666666666,1.0,27.5
"TS|('H', 5, 0.2, 0.1)",TS,"('H', 5, 0.2, 0.1)",13,0.8571428571428571,1.0,29.5
"TS|('H', 5, 0.3, -0.3)",TS,"('H', 5, 0.3, -0.3)",13,0.0,0.5,22.0
"TS|('H', 5, 0.3, 0.0)",TS,"('H', 5, 0.3, 0.0)",13,0.4,1.0,37.75
"TS|('H', 5, 0.3, 0.15)",TS,"('H', 5, 0.3, 0.15)",13,0.5,1.0,39.0
"TS|('H', 5, 0.4, -0.4)",TS,"('H', 5, 0.4, -0.4)",13,0.0,0.5260107909486548,22.0
"TS|('H', 5, 0.4, 0.0)",TS,"('H', 5, 0.4, 0.0)",13,0.4,1.0,38.5
"TS|('H', 5, 0.4, 0.2)",TS,"('H', 5, 0.4, 0.2)",13,0.5357142857142857,1.0,46.0
"TS|('H', 5, 0.5, -0.5)",TS,"('H', 5, 0.5, -0.5)",13,0.0,0.7678302757391493,22.25
"TS|('H', 5, 0.5, 0.0)",TS,"('H', 5, 0.5, 0.0)",13,0.4,1.0,39.5
"TS|('H', 5, 0.5, 0.25)",TS,"('H', 5, 0.5, 0.25)",13,0.3333333333333333,1.0,57.5
"TS|('H', 10, 0.1, -0.1)",TS,"('H', 10, 0.1, -0.1)",13,0.2,0.39244568219513104,7.75
"TS|('H', 10, 0.1, 0.0)",TS,"('H', 10, 0.1, 0.0)",13,1.0,0.5016058516485102,20.0
"TS|('H', 10, 0.1, 0.05)",TS,"('H', 10, 0.1, 0.05)",13,1.5,0.5543787300112855,21.0
"TS|('H', 10, 0.2, -0.2)",TS,"('H', 10, 0.2, -0.2)",13,0.0,0.5,18.5
"TS|('H', 10, 0.2, 0.0)",TS,"('H', 10, 0.2, 0.0)",13,0.6666666666666666,1.0,26.75
"TS|('H', 10, 0.2, 0.1)",TS,"('H', 10, 0.2, 0.1)",13,0.6666666666666666,1.0,31.25
"TS|('H', 10, 0.3, -0.3)",TS,"('H', 10, 0.3, -0.3)",13,0.0,0.5,22.0
"TS|('H', 10, 0.3, 0.0)",TS,"('H', 10, 0.3, 0.0)",13,0.4,1.0,37.0
"TS|('H', 10, 0.3, 0.15)",TS,"('H', 10, 0.3, 0.15)",13,0.5,1.0,39.0
"TS|('H', 10, 0.4, -0.4)",TS,"('H', 10, 0.4, -0.4)",13,0.0,1.0,23.0
"TS|('H', 10, 0.4, 0.0)",TS,"('H', 10, 0.4, 0.0)",13,0.4,1.0,39.5
"TS|('H', 10, 0.4, 0.2)",TS,"('H', 10, 0.4, 0.2)",13,0.3333333333333333,1.0,48.25
"TS|('H', 10, 0.5, -0.5)",TS,"('H', 10, 0.5, -0.5)",13,0.0,1.0,23.0
"TS|('H', 10, 0.5, 0.0)",TS,"('H', 10, 0.5, 0.0)",13,0.4,1.0,39.5
"TS|('H', 10, 0.5, 0.25)",TS,"('H', 10, 0.5, 0.25)",13,0.2857142857142857,1.0,53.5
"TS|('C', 0, 0.0, 0.5)",TS,"('C', 0, 0.0, 0.5)",13,0.8,0.19862518699173304,6.25
"TS|('C', 0, 0.0, 1)",TS,"('C', 0, 0.0, 1)",13,0.6666666666666666,0.0023982866922149042,1.0
"TS|('C', 0, 0.0, 2)",TS,"('C', 0, 0.0, 2)",13,0.6,0.0,0.0
"TS|('C', 0, 0.0, 4)",TS,"('C', 0, 0.0, 4)",13,0.5,0.08320456399848161,3.5
"TS|('C', 0, 0.0, 8)",TS,"('C', 0, 0.0, 8)",13,0.25,0.5,16.5
"TS|('C', 0, 0.1, 0.5)",TS,"('C', 0, 0.1, 0.5)",13,0.0,0.5,17.5
"TS|('C', 0, 0.1, 1)",TS,"('C', 0, 0.1, 1)",13,0.0,0.5,15.5
"TS|('C', 0, 0.1, 2)",TS,"('C', 0, 0.1, 2)",13,0.0,0.5,18.0
"TS|('C', 0, 0.1, 4)",TS,"('C', 0, 0.1, 4)",13,0.0,0.5,20.0
"TS|('C', 0, 0.1, 8)",TS,"('C', 0, 0.1, 8)",13,0.0,0.5,21.0
"TS|('C', 0, 0.2, 0.5)",TS,"('C', 0, 0.2, 0.5)",13,0.0,0.5,21.0
"TS|('C', 0, 0.2, 1)",TS,"('C', 0, 0.2, 1)",13,0.0,0.5,22.0
"TS|('C', 0, 0.2, 2)",TS,"('C', 0, 0.2, 2)",13,0.0,0.5,22.0
"TS|('C', 0, 0.2, 4)",TS,"('C', 0, 0.2, 4)",13,0.0,0.5,22.0
"TS|('C', 0, 0.2, 8)",TS,"('C', 0, 0.2, 8)",13,0.0,1.0,22.75
"TS|('C', 0, 0.3, 0.5)",TS,"('C', 0, 0.3, 0.5)",13,0.0,0.5294459642336029,22.25
"TS|('C', 0, 0.3, 1)",TS,"('C', 0, 0.3, 1)",13,0.0,0.5401289886958591,22.0
"TS|('C', 0, 0.3, 2)",TS,"('C', 0, 0.3, 2)",13,0.0,0.8061664587380866,22.25
"TS|('C', 0, 0.3, 4)",TS,"('C', 0, 0.3, 4)",13,0.0,1.0,22.75
"TS|('C', 0, 0.3, 8)",TS,"('C', 0, 0.3, 8)",13,0.0,1.0,23.0
"RV|('H', 1, 0.1, -0.1)",RV,"('H', 1, 0.1, -0.1)",13,5.75,0.2250991171286114,8.25
"RV|('H', 1, 0.1, 0.0)",RV,"('H', 1, 0.1, 0.0)",13,8.266666666666666,0.23023079142959774,8.25
"RV|('H', 1, 0.1, 0.05)",RV,"('H', 1, 0.1, 0.05)",13,10.0,0.23023079142959774,8.25
"RV|('H', 1, 0.2, -0.2)",RV,"('H', 1, 0.2, -0.2)",13,4.55,0.23819566553435645,9.0
"RV|('H', 1, 0.2, 0.0)",RV,"('H', 1, 0.2, 0.0)",13,8.375,0.2607049943034824,10.0
"RV|('H', 1, 0.2, 0.1)",RV,"('H', 1, 0.2, 0.1)",13,11.2,0.2607049943034824,10.0
"RV|('H', 1, 0.3, -0.3)",RV,"('H', 1, 0.3, -0.3)",13,3.6333333333333333,0.24571212138751175,9.0
"RV|('H', 1, 0.3, 0.0)",RV,"('H', 1, 0.3, 0.0)",13,8.325,0.2832056414007691,10.25
"RV|('H', 1, 0.3, 0.15)",RV,"('H', 1, 0.3, 0.15)",13,11.291666666666668,0.2832056414007691,11.0
"RV|('H', 1, 0.4, -0.4)",RV,"('H', 1, 0.4, -0.4)",13,3.0,0.23429333072707464,9.0
"RV|('H', 1, 0.4, 0.0)",RV,"('H', 1, 0.4, 0.0)",13,8.0,0.2947786360125203,11.75
"RV|('H', 1, 0.4, 0.2)",RV,"('H', 1, 0.4, 0.2)",13,11.0,0.2947786360125203,12.25
"RV|('H', 1, 0.5, -0.5)",RV,"('H', 1, 0.5, -0.5)",13,2.3333333333333335,0.2692362949306466,10.0
"RV|('H', 1, 0.5, 0.0)",RV,"('H', 1, 0.5, 0.0)",13,6.833333333333334,0.3664013206586458,12.75
"RV|('H', 1, 0.5, 0.25)",RV,"('H', 1, 0.5, 0.25)",13,10.0,0.3664013206586458,13.0
"RV|('H', 3, 0.1, -0.1)",RV,"('H', 3, 0.1, -0.1)",13,3.2666666666666666,0.21719866022844253,9.0
"RV|('H', 3, 0.1, 0.0)",RV,"('H', 3, 0.1, 0.0)",13,6.1,0.24875486272371472,10.25
"RV|('H', 3, 0.1, 0.05)",RV,"('H', 3, 0.1, 0.05)",13,6.8,0.26257910006013807,10.75
"RV|('H', 3, 0.2, -0.2)",RV,"('H', 3, 0.2, -0.2)",13,2.55,0.2285452834182588,9.25
"RV|('H', 3, 0.2, 0.0)",RV,"('H', 3, 0.2, 0.0)",13,6.225,0.25841124073707067,11.75
"RV|('H', 3, 0.2, 0.1)",RV,"('H', 3, 0.2, 0.1)",13,7.5,0.2840670143297175,12.0
"RV|('H', 3, 0.3, -0.3)",RV,"('H', 3, 0.3, -0.3)",13,2.225,0.2452066073915676,11.0
"RV|('H', 3, 0.3, 0.0)",RV,"('H', 3, 0.3, 0.0)",13,6.0,0.29278923760148007,13.0
"RV|('H', 3, 0.3, 0.15)",RV,"('H', 3, 0.3, 0.15)",13,6.5,0.33192024255402447,14.0
"RV|('H', 3, 0.4, -0.4)",RV,"('H', 3, 0.4, -0.4)",13,1.8,0.27114536043015314,11.25
"RV|('H', 3, 0.4, 0.0)",RV,"('H', 3, 0.4, 0.0)",13,5.266666666666667,0.33272872895738975,13.5
"RV|('H', 3, 0.4, 0.2)",RV,"('H', 3, 0.4, 0.2)",13,5.833333333333334,0.3942052707517455,14.75
"RV|('H', 3, 0.5, -0.5)",RV,"('H', 3, 0.5, -0.5)",13,1.45,0.35310982822592585,13.5
"RV|('H', 3, 0.5, 0.0)",RV,"('H', 3, 0.5, 0.0)",13,4.5,0.4225038343388602,15.5
"RV|('H', 3, 0.5, 0.25)",RV,"('H', 3, 0.5, 0.25)",13,5.225,0.4630728492716548,17.0
"RV|('H', 5, 0.1, -0.1)",RV,"('H', 5, 0.1, -0.1)",13,2.6,0.22537785921997755,9.75
"RV|('H', 5, 0.1, 0.0)",RV,"('H', 5, 0.1, 0.0)",13,5.291666666666666,0.2335897038950897,11.0
"RV|('H', 5, 0.1, 0.05)",RV,"('H', 5, 0.1, 0.05)",13,6.291666666666666,0.24981903070046654,11.75
"RV|('H', 5, 0.2, -0.2)",RV,"('H', 5, 0.2, -0.2)",13,2.1,0.2411162401656643,11.25
"RV|('H', 5, 0.2, 0.0)",RV,"('H', 5, 0.2, 0.0)",13,5.45,0.26457232958553234,12.0
"RV|('H', 5, 0.2, 0.1)",RV,"('H', 5, 0.2, 0.1)",13,6.0,0.2939432845361878,13.5
"RV|('H', 5, 0.3, -0.3)",RV,"('H', 5, 0.3, -0.3)",13,1.8,0.2772273948790363,12.0
"RV|('H', 5, 0.3, 0.0)",RV,"('H', 5, 0.3, 0.0)",13,4.666666666666667,0.2867582030741411,13.0
"RV|('H', 5, 0.3, 0.15)",RV,"('H', 5, 0.3, 0.15)",13,5.416666666666666,0.3497526285154418,15.0
"RV|('H', 5, 0.4, -0.4)",RV,"('H', 5, 0.4, -0.4)",13,1.55,0.30660880173638516,13.75
"RV|('H', 5, 0.4, 0.0)",RV,"('H', 5, 0.4, 0.0)",13,4.1,0.35342456738405553,14.75
"RV|('H', 5, 0.4, 0.2)",RV,"('H', 5, 0.4, 0.2)",13,4.733333333333333,0.4263945280115413,16.0
"RV|('H', 5, 0.5, -0.5)",RV,"('H', 5, 0.5, -0.5)",13,1.2,0.36307334351182824,15.0
"RV|('H', 5, 0.5, 0.0)",RV,"('H', 5, 0.5, 0.0)",13,3.7333333333333334,0.4481806523386603,17.25
"RV|('H', 5, 0.5, 0.25)",RV,"('H', 5, 0.5, 0.25)",13,4.4,0.5,19.0
"RV|('H', 10, 0.1, -0.1)",RV,"('H', 10, 0.1, -0.1)",13,1.8,0.240331338691189,11.5
"RV|('H', 10, 0.1, 0.0)",RV,"('H', 10, 0.1, 0.0)",13,4.333333333333333,0.2501195541055239,12.5
"RV|('H', 10, 0.1, 0.05)",RV,"('H', 10, 0.1, 0.05)",13,4.4,0.26490168256492186,13.75
"RV|('H', 10, 0.2, -0.2)",RV,"('H', 10, 0.2, -0.2)",13,1.6,0.28512706093717355,12.25
"RV|('H', 10, 0.2, 0.0)",RV,"('H', 10, 0.2, 0.0)",13,3.916666666666667,0.28983440571054275,14.0
"RV|('H', 10, 0.2, 0.1)",RV,"('H', 10, 0.2, 0.1)",13,4.266666666666667,0.2999096643396798,15.0
"RV|('H', 10, 0.3, -0.3)",RV,"('H', 10, 0.3, -0.3)",13,1.3333333333333333,0.31613154823110096,14.5
"RV|('H', 10, 0.3, 0.0)",RV,"('H', 10, 0.3, 0.0)",13,3.5,0.3755588906405294,16.25
"RV|('H', 10, 0.3, 0.15)",RV,"('H', 10, 0.3, 0.15)",13,4.0,0.38541992546743825,17.0
"RV|('H', 10, 0.4, -0.4)",RV,"('H', 10, 0.4, -0.4)",13,1.0,0.4387454608356623,17.25
"RV|('H', 10, 0.4, 0.0)",RV,"('H', 10, 0.4, 0.0)",13,3.0,0.4651157190635862,19.0
"RV|('H', 10, 0.4, 0.2)",RV,"('H', 10, 0.4, 0.2)",13,3.6,0.4781815239549078,19.5
"RV|('H', 10, 0.5, -0.5)",RV,"('H', 10, 0.5, -0.5)",13,0.8,0.5,20.25
"RV|('H', 10, 0.5, 0.0)",RV,"('H', 10, 0.5, 0.0)",13,2.6666666666666665,0.5244086438744685,22.0
"RV|('H', 10, 0.5, 0.25)",RV,"('H', 10, 0.5, 0.25)",13,3.3333333333333335,0.57156797080652,22.75
"RV|('C', 0, 0.0, 0.5)",RV,"('C', 0, 0.0, 0.5)",13,3.7333333333333334,0.2190550648926593,9.0
"RV|('C', 0, 0.0, 1)",RV,"('C', 0, 0.0, 1)",13,3.0,0.22034217535873474,9.0
"RV|('C', 0, 0.0, 2)",RV,"('C', 0, 0.0, 2)",13,2.2,0.23676643501549482,10.75
"RV|('C', 0, 0.0, 4)",RV,"('C', 0, 0.0, 4)",13,1.6333333333333333,0.2735775140283655,12.25
"RV|('C', 0, 0.0, 8)",RV,"('C', 0, 0.0, 8)",13,1.0,0.3919349527779201,15.25
"RV|('C', 0, 0.1, 0.5)",RV,"('C', 0, 0.1, 0.5)",13,3.0,0.2292050022924067,8.75
"RV|('C', 0, 0.1, 1)",RV,"('C', 0, 0.1, 1)",13,2.4,0.23414419051240884,10.25
"RV|('C', 0, 0.1, 2)",RV,"('C', 0, 0.1, 2)",13,1.8,0.27339590288217386,11.75
"RV|('C', 0, 0.1, 4)",RV,"('C', 0, 0.1, 4)",13,1.5,0.31360591127868487,15.25
"RV|('C', 0, 0.1, 8)",RV,"('C', 0, 0.1, 8)",13,1.0,0.4821973127338288,17.25
"RV|('C', 0, 0.2, 0.5)",RV,"('C', 0, 0.2, 0.5)",13,2.4,0.22862995582655438,9.5
"RV|('C', 0, 0.2, 1)",RV,"('C', 0, 0.2, 1)",13,2.0,0.2487285769201216,11.25
"RV|('C', 0, 0.2, 2)",RV,"('C', 0, 0.2, 2)",13,1.6,0.2910052112928446,14.0
"RV|('C', 0, 0.2, 4)",RV,"('C', 0, 0.2, 4)",13,1.0,0.3964663574431011,16.25
"RV|('C', 0, 0.2, 8)",RV,"('C', 0, 0.2, 8)",13,0.6904761904761905,0.5,20.25
"RV|('C', 0, 0.3, 0.5)",RV,"('C', 0, 0.3, 0.5)",13,2.0,0.2712305549019919,11.0
"RV|('C', 0, 0.3, 1)",RV,"('C', 0, 0.3, 1)",13,1.7083333333333335,0.29083940247617657,12.25
"RV|('C', 0, 0.3, 2)",RV,"('C', 0, 0.3, 2)",13,1.225,0.35454545687597194,15.0
"RV|('C', 0, 0.3, 4)",RV,"('C', 0, 0.3, 4)",13,1.0,0.49901186466511305,18.75
"RV|('C', 0, 0.3, 8)",RV,"('C', 0, 0.3, 8)",13,0.5,0.5,18.0
"B0.5|('H', 1, 0.1, -0.1)",B0.5,"('H', 1, 0.1, -0.1)",14,9.0,0.22093467380368376,4.0
"B0.5|('H', 1, 0.1, 0.0)",B0.5,"('H', 1, 0.1, 0.0)",14,15.0,0.22093467380368376,4.0
"B0.5|('H', 1, 0.1, 0.05)",B0.5,"('H', 1, 0.1, 0.05)",14,18.0,0.22093467380368376,4.0
"B0.5|('H', 1, 0.2, -0.2)",B0.5,"('H', 1, 0.2, -0.2)",14,6.428571428571429,0.24618420330229102,4.0
"B0.5|('H', 1, 0.2, 0.0)",B0.5,"('H', 1, 0.2, 0.0)",14,14.6,0.24618420330229102,4.0
"B0.5|('H', 1, 0.2, 0.1)",B0.5,"('H', 1, 0.2, 0.1)",14,19.4,0.2478387110781924,4.0
"B0.5|('H', 1, 0.3, -0.3)",B0.5,"('H', 1, 0.3, -0.3)",14,4.833333333333333,0.27340775642869003,5.0
"B0.5|('H', 1, 0.3, 0.0)",B0.5,"('H', 1, 0.3, 0.0)",14,13.4,0.27340775642869003,5.0
"B0.5|('H', 1, 0.3, 0.15)",B0.5,"('H', 1, 0.3, 0.15)",14,18.4,0.27501004717673333,5.0
"B0.5|('H', 1, 0.4, -0.4)",B0.5,"('H', 1, 0.4, -0.4)",14,3.6,0.30652647935313715,6.5
"B0.5|('H', 1, 0.4, 0.0)",B0.5,"('H', 1, 0.4, 0.0)",14,11.6,0.3084132947588615,6.5
"B0.5|('H', 1, 0.4, 0.2)",B0.5,"('H', 1, 0.4, 0.2)",14,16.8,0.3141404094195027,6.5
"B0.5|('H', 1, 0.5, -0.5)",B0.5,"('H', 1, 0.5, -0.5)",14,2.3333333333333335,0.30684099151572153,9.0
"B0.5|('H', 1, 0.5, 0.0)",B0.5,"('H', 1, 0.5, 0.0)",14,8.75,0.38951931424824027,10.0
"B0.5|('H', 1, 0.5, 0.25)",B0.5,"('H', 1, 0.5, 0.25)",14,13.333333333333334,0.3900040378683674,10.0
"B0.5|('H', 3, 0.1, -0.1)",B0.5,"('H', 3, 0.1, -0.1)",14,4.6,0.28577908875896674,6.0
"B0.5|('H', 3, 0.1, 0.0)",B0.5,"('H', 3, 0.1, 0.0)",14,9.571428571428571,0.2867035963035888,6.0
"B0.5|('H', 3, 0.1, 0.05)",B0.5,"('H', 3, 0.1, 0.05)",14,11.4,0.2867035963035888,6.0
"B0.5|('H', 3, 0.2, -0.2)",B0.5,"('H', 3, 0.2, -0.2)",14,3.6,0.31184359494901714,7.0
"B0.5|('H', 3, 0.2, 0.0)",B0.5,"('H', 3, 0.2, 0.0)",14,9.2,0.3202789373070303,7.0
"B0.5|('H', 3, 0.2, 0.1)",B0.5,"('H', 3, 0.2, 0.1)",14,10.6,0.3204893704349121,7.0
"B0.5|('H', 3, 0.3, -0.3)",B0.5,"('H', 3, 0.3, -0.3)",14,2.8,0.34290107212060456,9.0
"B0.5|('H', 3, 0.3, 0.0)",B0.5,"('H', 3, 0.3, 0.0)",14,8.0,0.3560521013622433,9.0
"B0.5|('H', 3, 0.3, 0.15)",B0.5,"('H', 3, 0.3, 0.15)",14,9.2,0.35962443161084606,9.0
"B0.5|('H', 3, 0.4, -0.4)",B0.5,"('H', 3, 0.4, -0.4)",14,2.1666666666666665,0.35599501721526455,11.5
"B0.5|('H', 3, 0.4, 0.0)",B0.5,"('H', 3, 0.4, 0.0)",14,6.2,0.4221418470900121,12.0
"B0.5|('H', 3, 0.4, 0.2)",B0.5,"('H', 3, 0.4, 0.2)",14,8.0,0.42521683515269304,12.0
"B0.5|('H', 3, 0.5, -0.5)",B0.5,"('H', 3, 0.5, -0.5)",14,0.625,0.44124888441166077,14.5
"B0.5|('H', 3, 0.5, 0.0)",B0.5,"('H', 3, 0.5, 0.0)",14,4.0,0.6197315765316727,19.5
"B0.5|('H', 3, 0.5, 0.25)",B0.5,"('H', 3, 0.5, 0.25)",14,5.166666666666667,0.6256666357850353,20.0
"B0.5|('H', 5, 0.1, -0.1)",B0.5,"('H', 5, 0.1, -0.1)",14,3.8,0.3059491123075454,7.5
"B0.5|('H', 5, 0.1, 0.0)",B0.5,"('H', 5, 0.1, 0.0)",14,8.2,0.30861460510796757,7.5
"B0.5|('H', 5, 0.1, 0.05)",B0.5,"('H', 5, 0.1, 0.05)",14,9.571428571428571,0.30987072649927183,7.5
"B0.5|('H', 5, 0.2, -0.2)",B0.5,"('H', 5, 0.2, -0.2)",14,3.0,0.33001087321893685,9.0
"B0.5|('H', 5, 0.2, 0.0)",B0.5,"('H', 5, 0.2, 0.0)",14,7.333333333333333,0.35421968956257177,9.0
"B0.5|('H', 5, 0.2, 0.1)",B0.5,"('H', 5, 0.2, 0.1)",14,8.4,0.35421968956257177,9.0
"B0.5|('H', 5, 0.3, -0.3)",B0.5,"('H', 5, 0.3, -0.3)",14,2.2,0.35417139460862423,11.5
"B0.5|('H', 5, 0.3, 0.0)",B0.5,"('H', 5, 0.3, 0.0)",14,6.333333333333333,0.3957874316224085,12.0
"B0.5|('H', 5, 0.3, 0.15)",B0.5,"('H', 5, 0.3, 0.15)",14,7.2,0.4012965217670963,12.0
"B0.5|('H', 5, 0.4, -0.4)",B0.5,"('H', 5, 0.4, -0.4)",14,1.4,0.4000639956203015,15.0
"B0.5|('H', 5, 0.4, 0.0)",B0.5,"('H', 5, 0.4, 0.0)",14,4.714285714285714,0.5022351231967401,16.0
"B0.5|('H', 5, 0.4, 0.2)",B0.5,"('H', 5, 0.4, 0.2)",14,5.6,0.5104066807070353,16.0
"B0.5|('H', 5, 0.5, -0.5)",B0.5,"('H', 5, 0.5, -0.5)",14,0.2,0.5,16.0
"B0.5|('H', 5, 0.5, 0.0)",B0.5,"('H', 5, 0.5, 0.0)",14,2.8,0.8275867261760177,26.0
"B0.5|('H', 5, 0.5, 0.25)",B0.5,"('H', 5, 0.5, 0.25)",14,3.6,0.8444987661409986,26.0
"B0.5|('H', 10, 0.1, -0.1)",B0.5,"('H', 10, 0.1, -0.1)",14,2.6666666666666665,0.3437074254835675,11.0
"B0.5|('H', 10, 0.1, 0.0)",B0.5,"('H', 10, 0.1, 0.0)",14,6.4,0.36221810101724217,11.0
"B0.5|('H', 10, 0.1, 0.05)",B0.5,"('H', 10, 0.1, 0.05)",14,7.0,0.3632329849610099,11.0
"B0.5|('H', 10, 0.2, -0.2)",B0.5,"('H', 10, 0.2, -0.2)",14,2.0,0.3552547573065557,13.0
"B0.5|('H', 10, 0.2, 0.0)",B0.5,"('H', 10, 0.2, 0.0)",14,5.2,0.3958266228373276,14.0
"B0.5|('H', 10, 0.2, 0.1)",B0.5,"('H', 10, 0.2, 0.1)",14,6.0,0.40021897295652853,14.0
"B0.5|('H', 10, 0.3, -0.3)",B0.5,"('H', 10, 0.3, -0.3)",14,1.3333333333333333,0.41548964749467804,17.0
"B0.5|('H', 10, 0.3, 0.0)",B0.5,"('H', 10, 0.3, 0.0)",14,4.2,0.5116682951777667,18.0
"B0.5|('H', 10, 0.3, 0.15)",B0.5,"('H', 10, 0.3, 0.15)",14,4.8,0.5156264754749466,18.0
"B0.5|('H', 10, 0.4, -0.4)",B0.5,"('H', 10, 0.4, -0.4)",14,0.5,0.49167673615726426,18.0
"B0.5|('H', 10, 0.4, 0.0)",B0.5,"('H', 10, 0.4, 0.0)",14,2.8,0.7281590789642777,25.0
"B0.5|('H', 10, 0.4, 0.2)",B0.5,"('H', 10, 0.4, 0.2)",14,3.2,0.7348335602644103,25.0
"B0.5|('H', 10, 0.5, -0.5)",B0.5,"('H', 10, 0.5, -0.5)",14,0.0,0.5,15.0
"B0.5|('H', 10, 0.5, 0.0)",B0.5,"('H', 10, 0.5, 0.0)",14,1.6666666666666667,1.0,37.0
"B0.5|('H', 10, 0.5, 0.25)",B0.5,"('H', 10, 0.5, 0.25)",14,2.142857142857143,1.0,37.5
"B0.5|('C', 0, 0.0, 0.5)",B0.5,"('C', 0, 0.0, 0.5)",14,5.0,0.2725415448223717,5.0
"B0.5|('C', 0, 0.0, 1)",B0.5,"('C', 0, 0.0, 1)",14,3.8,0.29695584583810075,7.0
"B0.5|('C', 0, 0.0, 2)",B0.5,"('C', 0, 0.0, 2)",14,2.8,0.3222073072148206,9.0
"B0.5|('C', 0, 0.0, 4)",B0.5,"('C', 0, 0.0, 4)",14,1.8571428571428572,0.3526960772977328,13.5
"B0.5|('C', 0, 0.0, 8)",B0.5,"('C', 0, 0.0, 8)",14,1.0,0.4151476283805248,19.0
"B0.5|('C', 0, 0.1, 0.5)",B0.5,"('C', 0, 0.1, 0.5)",14,4.2,0.30264730355027436,6.0
"B0.5|('C', 0, 0.1, 1)",B0.5,"('C', 0, 0.1, 1)",14,3.0,0.3204369377412001,8.0
"B0.5|('C', 0, 0.1, 2)",B0.5,"('C', 0, 0.1, 2)",14,2.2,0.35052057080660626,11.0
"B0.5|('C', 0, 0.1, 4)",B0.5,"('C', 0, 0.1, 4)",14,1.3333333333333333,0.40154939912024157,17.0
"B0.5|('C', 0, 0.1, 8)",B0.5,"('C', 0, 0.1, 8)",14,0.42857142857142855,0.5,22.0
"B0.5|('C', 0, 0.2, 0.5)",B0.5,"('C', 0, 0.2, 0.5)",14,3.1666666666666665,0.3226805817354757,7.0
"B0.5|('C', 0, 0.2, 1)",B0.5,"('C', 0, 0.2, 1)",14,2.5714285714285716,0.3528175576618846,10.0
"B0.5|('C', 0, 0.2, 2)",B0.5,"('C', 0, 0.2, 2)",14,1.5714285714285714,0.3708255812292686,14.0
"B0.5|('C', 0, 0.2, 4)",B0.5,"('C', 0, 0.2, 4)",14,0.6,0.4555903797292662,18.0
"B0.5|('C', 0, 0.2, 8)",B0.5,"('C', 0, 0.2, 8)",14,0.0,0.5,21.0
"B0.5|('C', 0, 0.3, 0.5)",B0.5,"('C', 0, 0.3, 0.5)",14,2.5555555555555554,0.339456242944127,9.0
"B0.5|('C', 0, 0.3, 1)",B0.5,"('C', 0, 0.3, 1)",14,1.6,0.38597710017326226,13.5
"B0.5|('C', 0, 0.3, 2)",B0.5,"('C', 0, 0.3, 2)",14,0.6666666666666666,0.44330836518416655,17.0
"B0.5|('C', 0, 0.3, 4)",B0.5,"('C', 0, 0.3, 4)",14,0.125,0.5,17.0
"B0.5|('C', 0, 0.3, 8)",B0.5,"('C', 0, 0.3, 8)",14,0.0,0.5,16.5
"B1|('H', 1, 0.1, -0.1)",B1,"('H', 1, 0.1, -0.1)",14,3.8,0.3472571201503407,7.0
"B1|('H', 1, 0.1, 0.0)",B1,"('H', 1, 0.1, 0.0)",14,7.8,0.3472571201503407,7.0
"B1|('H', 1, 0.1, 0.05)",B1,"('H', 1, 0.1, 0.05)",14,10.6,0.3482415455449712,7.0
"B1|('H', 1, 0.2, -0.2)",B1,"('H', 1, 0.2, -0.2)",14,2.5,0.38070334494269054,9.5
"B1|('H', 1, 0.2, 0.0)",B1,"('H', 1, 0.2, 0.0)",14,7.2,0.3850898247916762,9.5
"B1|('H', 1, 0.2, 0.1)",B1,"('H', 1, 0.2, 0.1)",14,10.0,0.3851211390483722,9.5
"B1|('H', 1, 0.3, -0.3)",B1,"('H', 1, 0.3, -0.3)",14,1.8,0.4434151929451844,12.0
"B1|('H', 1, 0.3, 0.0)",B1,"('H', 1, 0.3, 0.0)",14,5.833333333333333,0.4486127000330121,12.0
"B1|('H', 1, 0.3, 0.15)",B1,"('H', 1, 0.3, 0.15)",14,8.857142857142858,0.454163841806511,12.0
"B1|('H', 1, 0.4, -0.4)",B1,"('H', 1, 0.4, -0.4)",14,1.3333333333333333,0.5,15.0
"B1|('H', 1, 0.4, 0.0)",B1,"('H', 1, 0.4, 0.0)",14,4.857142857142857,0.5133048186125656,16.0
"B1|('H', 1, 0.4, 0.2)",B1,"('H', 1, 0.4, 0.2)",14,7.6,0.5150868483681521,16.0
"B1|('H', 1, 0.5, -0.5)",B1,"('H', 1, 0.5, -0.5)",14,0.6666666666666666,0.5516412136321491,20.0
"B1|('H', 1, 0.5, 0.0)",B1,"('H', 1, 0.5, 0.0)",14,3.2,0.6364135406203719,22.0
"B1|('H', 1, 0.5, 0.25)",B1,"('H', 1, 0.5, 0.25)",14,5.2,0.6364135406203719,22.5
"B1|('H', 3, 0.1, -0.1)",B1,"('H', 3, 0.1, -0.1)",14,2.2,0.400057200812141,11.0
"B1|('H', 3, 0.1, 0.0)",B1,"('H', 3, 0.1, 0.0)",14,5.0,0.4027319956504191,11.5
"B1|('H', 3, 0.1, 0.05)",B1,"('H', 3, 0.1, 0.05)",14,6.0,0.4027319956504191,11.5
"B1|('H', 3, 0.2, -0.2)",B1,"('H', 3, 0.2, -0.2)",14,1.6666666666666667,0.443725005038361,13.0
"B1|('H', 3, 0.2, 0.0)",B1,"('H', 3, 0.2, 0.0)",14,4.5,0.46441204533418157,13.0
"B1|('H', 3, 0.2, 0.1)",B1,"('H', 3, 0.2, 0.1)",14,5.5,0.46441204533418157,13.0
"B1|('H', 3, 0.3, -0.3)",B1,"('H', 3, 0.3, -0.3)",14,1.25,0.5019841074659358,15.5
"B1|('H', 3, 0.3, 0.0)",B1,"('H', 3, 0.3, 0.0)",14,3.7142857142857144,0.5199341897598028,17.0
"B1|('H', 3, 0.3, 0.15)",B1,"('H', 3, 0.3, 0.15)",14,5.0,0.5202099631966616,17.0
"B1|('H', 3, 0.4, -0.4)",B1,"('H', 3, 0.4, -0.4)",14,1.0,0.5023894487470137,19.0
"B1|('H', 3, 0.4, 0.0)",B1,"('H', 3, 0.4, 0.0)",14,3.0,0.5867955543807037,22.0
"B1|('H', 3, 0.4, 0.2)",B1,"('H', 3, 0.4, 0.2)",14,4.0,0.5892240931559798,22.0
"B1|('H', 3, 0.5, -0.5)",B1,"('H', 3, 0.5, -0.5)",14,0.5,0.5479615892124627,22.0
"B1|('H', 3, 0.5, 0.0)",B1,"('H', 3, 0.5, 0.0)",14,2.111111111111111,0.7603708671904638,28.0
"B1|('H', 3, 0.5, 0.25)",B1,"('H', 3, 0.5, 0.25)",14,3.0,0.7603708671904638,28.5
"B1|('H', 5, 0.1, -0.1)",B1,"('H', 5, 0.1, -0.1)",14,1.8333333333333333,0.41960434672616787,12.5
"B1|('H', 5, 0.1, 0.0)",B1,"('H', 5, 0.1, 0.0)",14,4.333333333333333,0.43744355227786186,12.5
"B1|('H', 5, 0.1, 0.05)",B1,"('H', 5, 0.1, 0.05)",14,4.8,0.4383588819711761,13.0
"B1|('H', 5, 0.2, -0.2)",B1,"('H', 5, 0.2, -0.2)",14,1.4,0.4565446183834816,14.0
"B1|('H', 5, 0.2, 0.0)",B1,"('H', 5, 0.2, 0.0)",14,3.7142857142857144,0.4802928917225508,15.5
"B1|('H', 5, 0.2, 0.1)",B1,"('H', 5, 0.2, 0.1)",14,4.4,0.48337824773479915,16.0
"B1|('H', 5, 0.3, -0.3)",B1,"('H', 5, 0.3, -0.3)",14,1.0,0.49802257212567913,16.5
"B1|('H', 5, 0.3, 0.0)",B1,"('H', 5, 0.3, 0.0)",14,3.2,0.5451462356493837,20.0
"B1|('H', 5, 0.3, 0.15)",B1,"('H', 5, 0.3, 0.15)",14,3.8,0.5549772773767159,20.0
"B1|('H', 5, 0.4, -0.4)",B1,"('H', 5, 0.4, -0.4)",14,0.75,0.5219081873514885,21.0
"B1|('H', 5, 0.4, 0.0)",B1,"('H', 5, 0.4, 0.0)",14,2.4,0.6467166021787172,25.0
"B1|('H', 5, 0.4, 0.2)",B1,"('H', 5, 0.4, 0.2)",14,3.2,0.6593626387130138,25.0
"B1|('H', 5, 0.5, -0.5)",B1,"('H', 5, 0.5, -0.5)",14,0.3333333333333333,0.5195382926450202,21.5
"B1|('H', 5, 0.5, 0.0)",B1,"('H', 5, 0.5, 0.0)",14,1.7142857142857142,0.8160310564869664,31.0
"B1|('H', 5, 0.5, 0.25)",B1,"('H', 5, 0.5, 0.25)",14,2.2222222222222223,0.8170564910363463,32.0
"B1|('H', 10, 0.1, -0.1)",B1,"('H', 10, 0.1, -0.1)",14,1.4,0.44379196268035864,15.0
"B1|('H', 10, 0.1, 0.0)",B1,"('H', 10, 0.1, 0.0)",14,3.2,0.46929678320961726,16.0
"B1|('H', 10, 0.1, 0.05)",B1,"('H', 10, 0.1, 0.05)",14,3.6,0.4728897827425423,16.0
"B1|('H', 10, 0.2, -0.2)",B1,"('H', 10, 0.2, -0.2)",14,1.0,0.47788212726517093,17.5
"B1|('H', 10, 0.2, 0.0)",B1,"('H', 10, 0.2, 0.0)",14,2.8,0.5156264754749466,20.0
"B1|('H', 10, 0.2, 0.1)",B1,"('H', 10, 0.2, 0.1)",14,3.3333333333333335,0.5394161074602921,20.0
"B1|('H', 10, 0.3, -0.3)",B1,"('H', 10, 0.3, -0.3)",14,0.7142857142857143,0.5,20.0
"B1|('H', 10, 0.3, 0.0)",B1,"('H', 10, 0.3, 0.0)",14,2.3333333333333335,0.6227560588881297,24.5
"B1|('H', 10, 0.3, 0.15)",B1,"('H', 10, 0.3, 0.15)",14,2.7142857142857144,0.6305741987739861,25.0
"B1|('H', 10, 0.4, -0.4)",B1,"('H', 10, 0.4, -0.4)",14,0.4,0.5,22.0
"B1|('H', 10, 0.4, 0.0)",B1,"('H', 10, 0.4, 0.0)",14,1.6666666666666667,0.7596335253126811,30.5
"B1|('H', 10, 0.4, 0.2)",B1,"('H', 10, 0.4, 0.2)",14,2.0,0.7692984052904184,31.0
"B1|('H', 10, 0.5, -0.5)",B1,"('H', 10, 0.5, -0.5)",14,0.0,0.5,20.5
"B1|('H', 10, 0.5, 0.0)",B1,"('H', 10, 0.5, 0.0)",14,1.1428571428571428,1.0,39.0
"B1|('H', 10, 0.5, 0.25)",B1,"('H', 10, 0.5, 0.25)",14,1.5,1.0,39.0
"B1|('C', 0, 0.0, 0.5)",B1,"('C', 0, 0.0, 0.5)",14,2.4285714285714284,0.38496320919081656,10.0
"B1|('C', 0, 0.0, 1)",B1,"('C', 0, 0.0, 1)",14,1.8,0.42595808487361986,12.0
"B1|('C', 0, 0.0, 2)",B1,"('C', 0, 0.0, 2)",14,1.4,0.44446613517290984,15.0
"B1|('C', 0, 0.0, 4)",B1,"('C', 0, 0.0, 4)",14,1.0,0.44478583081043666,18.0
"B1|('C', 0, 0.0, 8)",B1,"('C', 0, 0.0, 8)",14,0.6666666666666666,0.5,22.0
"B1|('C', 0, 0.1, 0.5)",B1,"('C', 0, 0.1, 0.5)",14,1.8,0.4357589182877273,13.0
"B1|('C', 0, 0.1, 1)",B1,"('C', 0, 0.1, 1)",14,1.4,0.4530078895186308,14.0
"B1|('C', 0, 0.1, 2)",B1,"('C', 0, 0.1, 2)",14,1.0,0.47628744425024594,17.0
"B1|('C', 0, 0.1, 4)",B1,"('C', 0, 0.1, 4)",14,0.7142857142857143,0.4816630736327502,21.0
"B1|('C', 0, 0.1, 8)",B1,"('C', 0, 0.1, 8)",14,0.4,0.5,23.0
"B1|('C', 0, 0.2, 0.5)",B1,"('C', 0, 0.2, 0.5)",14,1.375,0.4788294334355522,15.0
"B1|('C', 0, 0.2, 1)",B1,"('C', 0, 0.2, 1)",14,1.0,0.4873431348404978,16.0
"B1|('C', 0, 0.2, 2)",B1,"('C', 0, 0.2, 2)",14,0.8,0.5,20.0
"B1|('C', 0, 0.2, 4)",B1,"('C', 0, 0.2, 4)",14,0.42857142857142855,0.5,22.0
"B1|('C', 0, 0.2, 8)",B1,"('C', 0, 0.2, 8)",14,0.14285714285714285,0.5,21.0
"B1|('C', 0, 0.3, 0.5)",B1,"('C', 0, 0.3, 0.5)",14,1.0,0.5019841074659358,18.0
"B1|('C', 0, 0.3, 1)",B1,"('C', 0, 0.3, 1)",14,0.8,0.5102914094839038,20.0
"B1|('C', 0, 0.3, 2)",B1,"('C', 0, 0.3, 2)",14,0.42857142857142855,0.5,21.0
"B1|('C', 0, 0.3, 4)",B1,"('C', 0, 0.3, 4)",14,0.2,0.5,20.5
"B1|('C', 0, 0.3, 8)",B1,"('C', 0, 0.3, 8)",14,0.0,0.5,19.0
"B2|('H', 1, 0.1, -0.1)",B2,"('H', 1, 0.1, -0.1)",14,1.4444444444444444,0.4433350776845126,12.0
"B2|('H', 1, 0.1, 0.0)",B2,"('H', 1, 0.1, 0.0)",14,3.375,0.4433350776845126,13.0
"B2|('H', 1, 0.1, 0.05)",B2,"('H', 1, 0.1, 0.05)",14,4.6,0.4433350776845126,13.0
"B2|('H', 1, 0.2, -0.2)",B2,"('H', 1, 0.2, -0.2)",14,0.8571428571428571,0.4855639828028969,15.0
"B2|('H', 1, 0.2, 0.0)",B2,"('H', 1, 0.2, 0.0)",14,2.6666666666666665,0.5,16.0
"B2|('H', 1, 0.2, 0.1)",B2,"('H', 1, 0.2, 0.1)",14,4.0,0.5,17.0
"B2|('H', 1, 0.3, -0.3)",B2,"('H', 1, 0.3, -0.3)",14,0.5,0.5,17.5
"B2|('H', 1, 0.3, 0.0)",B2,"('H', 1, 0.3, 0.0)",14,2.0,0.592164406441145,22.0
"B2|('H', 1, 0.3, 0.15)",B2,"('H', 1, 0.3, 0.15)",14,2.888888888888889,0.5971430191959086,22.0
"B2|('H', 1, 0.4, -0.4)",B2,"('H', 1, 0.4, -0.4)",14,0.14285714285714285,0.5,18.0
"B2|('H', 1, 0.4, 0.0)",B2,"('H', 1, 0.4, 0.0)",14,1.0,0.8306612661067541,28.0
"B2|('H', 1, 0.4, 0.2)",B2,"('H', 1, 0.4, 0.2)",14,1.6,0.8398566648315785,29.0
"B2|('H', 1, 0.5, -0.5)",B2,"('H', 1, 0.5, -0.5)",14,0.0,0.5,15.0
"B2|('H', 1, 0.5, 0.0)",B2,"('H', 1, 0.5, 0.0)",14,0.6666666666666666,0.9888835951292747,34.0
"B2|('H', 1, 0.5, 0.25)",B2,"('H', 1, 0.5, 0.25)",14,1.0,1.0,34.5
"B2|('H', 3, 0.1, -0.1)",B2,"('H', 3, 0.1, -0.1)",14,0.8571428571428571,0.48715443761812605,14.0
"B2|('H', 3, 0.1, 0.0)",B2,"('H', 3, 0.1, 0.0)",14,2.2,0.4979281433874408,15.0
"B2|('H', 3, 0.1, 0.05)",B2,"('H', 3, 0.1, 0.05)",14,2.6666666666666665,0.5,15.0
"B2|('H', 3, 0.2, -0.2)",B2,"('H', 3, 0.2, -0.2)",14,0.6666666666666666,0.5023894487470137,17.0
"B2|('H', 3, 0.2, 0.0)",B2,"('H', 3, 0.2, 0.0)",14,1.8,0.5448649945276061,19.0
"B2|('H', 3, 0.2, 0.1)",B2,"('H', 3, 0.2, 0.1)",14,2.3333333333333335,0.5567098072304524,20.0
"B2|('H', 3, 0.3, -0.3)",B2,"('H', 3, 0.3, -0.3)",14,0.3333333333333333,0.5,18.0
"B2|('H', 3, 0.3, 0.0)",B2,"('H', 3, 0.3, 0.0)",14,1.2,0.7140151584411489,25.0
"B2|('H', 3, 0.3, 0.15)",B2,"('H', 3, 0.3, 0.15)",14,1.5,0.7276810515766645,26.0
"B2|('H', 3, 0.4, -0.4)",B2,"('H', 3, 0.4, -0.4)",14,0.1111111111111111,0.5,15.0
"B2|('H', 3, 0.4, 0.0)",B2,"('H', 3, 0.4, 0.0)",14,0.7142857142857143,0.8836815239632532,30.0
"B2|('H', 3, 0.4, 0.2)",B2,"('H', 3, 0.4, 0.2)",14,1.0,0.8930385693956483,30.0
"B2|('H', 3, 0.5, -0.5)",B2,"('H', 3, 0.5, -0.5)",14,0.0,0.5,14.5
"B2|('H', 3, 0.5, 0.0)",B2,"('H', 3, 0.5, 0.0)",14,0.6,1.0,35.0
"B2|('H', 3, 0.5, 0.25)",B2,"('H', 3, 0.5, 0.25)",14,0.8333333333333334,1.0,37.0
"B2|('H', 5, 0.1, -0.1)",B2,"('H', 5, 0.1, -0.1)",14,0.8,0.5,16.0
"B2|('H', 5, 0.1, 0.0)",B2,"('H', 5, 0.1, 0.0)",14,2.0,0.5132586745910834,17.0
"B2|('H', 5, 0.1, 0.05)",B2,"('H', 5, 0.1, 0.05)",14,2.142857142857143,0.5141063690978772,17.5
"B2|('H', 5, 0.2, -0.2)",B2,"('H', 5, 0.2, -0.2)",14,0.5714285714285714,0.5,18.0
"B2|('H', 5, 0.2, 0.0)",B2,"('H', 5, 0.2, 0.0)",14,1.5555555555555556,0.584097930553499,22.0
"B2|('H', 5, 0.2, 0.1)",B2,"('H', 5, 0.2, 0.1)",14,1.7142857142857142,0.6040292512932135,22.0
"B2|('H', 5, 0.3, -0.3)",B2,"('H', 5, 0.3, -0.3)",14,0.25,0.5,18.0
"B2|('H', 5, 0.3, 0.0)",B2,"('H', 5, 0.3, 0.0)",14,1.0,0.7351362748976014,25.0
"B2|('H', 5, 0.3, 0.15)",B2,"('H', 5, 0.3, 0.15)",14,1.2,0.738233590969017,27.0
"B2|('H', 5, 0.4, -0.4)",B2,"('H', 5, 0.4, -0.4)",14,0.0,0.5,14.5
"B2|('H', 5, 0.4, 0.0)",B2,"('H', 5, 0.4, 0.0)",14,0.6666666666666666,0.8939325228141886,30.0
"B2|('H', 5, 0.4, 0.2)",B2,"('H', 5, 0.4, 0.2)",14,1.0,0.9008405919051152,31.0
"B2|('H', 5, 0.5, -0.5)",B2,"('H', 5, 0.5, -0.5)",14,0.0,0.5,14.5
"B2|('H', 5, 0.5, 0.0)",B2,"('H', 5, 0.5, 0.0)",14,0.5714285714285714,1.0,35.5
"B2|('H', 5, 0.5, 0.25)",B2,"('H', 5, 0.5, 0.25)",14,0.75,1.0,37.5
"B2|('H', 10, 0.1, -0.1)",B2,"('H', 10, 0.1, -0.1)",14,0.6,0.5,18.0
"B2|('H', 10, 0.1, 0.0)",B2,"('H', 10, 0.1, 0.0)",14,1.5,0.5416645262477231,20.0
"B2|('H', 10, 0.1, 0.05)",B2,"('H', 10, 0.1, 0.05)",14,1.6,0.5516041806974203,20.0
"B2|('H', 10, 0.2, -0.2)",B2,"('H', 10, 0.2, -0.2)",14,0.4,0.5,18.0
"B2|('H', 10, 0.2, 0.0)",B2,"('H', 10, 0.2, 0.0)",14,1.1428571428571428,0.6572299687580043,23.0
"B2|('H', 10, 0.2, 0.1)",B2,"('H', 10, 0.2, 0.1)",14,1.3333333333333333,0.687575560999515,25.0
"B2|('H', 10, 0.3, -0.3)",B2,"('H', 10, 0.3, -0.3)",14,0.14285714285714285,0.5,18.0
"B2|('H', 10, 0.3, 0.0)",B2,"('H', 10, 0.3, 0.0)",14,0.7777777777777778,0.7630377210889671,28.0
"B2|('H', 10, 0.3, 0.15)",B2,"('H', 10, 0.3, 0.15)",14,0.8888888888888888,0.8220761549686724,30.0
"B2|('H', 10, 0.4, -0.4)",B2,"('H', 10, 0.4, -0.4)",14,0.0,0.5,15.0
"B2|('H', 10, 0.4, 0.0)",B2,"('H', 10, 0.4, 0.0)",14,0.6,0.9214826515384936,33.0
"B2|('H', 10, 0.4, 0.2)",B2,"('H', 10, 0.4, 0.2)",14,0.8,1.0,35.0
"B2|('H', 10, 0.5, -0.5)",B2,"('H', 10, 0.5, -0.5)",14,0.0,0.5,12.5
"B2|('H', 10, 0.5, 0.0)",B2,"('H', 10, 0.5, 0.0)",14,0.42857142857142855,1.0,37.0
"B2|('H', 10, 0.5, 0.25)",B2,"('H', 10, 0.5, 0.25)",14,0.6,1.0,39.5
"B2|('C', 0, 0.0, 0.5)",B2,"('C', 0, 0.0, 0.5)",14,1.0,0.4634364369313571,14.0
"B2|('C', 0, 0.0, 1)",B2,"('C', 0, 0.0, 1)",14,0.8,0.4888940169648889,16.0
"B2|('C', 0, 0.0, 2)",B2,"('C', 0, 0.0, 2)",14,0.6,0.5,18.0
"B2|('C', 0, 0.0, 4)",B2,"('C', 0, 0.0, 4)",14,0.42857142857142855,0.5,17.0
"B2|('C', 0, 0.0, 8)",B2,"('C', 0, 0.0, 8)",14,0.25,0.5,18.0
"B2|('C', 0, 0.1, 0.5)",B2,"('C', 0, 0.1, 0.5)",14,0.6666666666666666,0.5,17.0
"B2|('C', 0, 0.1, 1)",B2,"('C', 0, 0.1, 1)",14,0.6,0.5,17.5
"B2|('C', 0, 0.1, 2)",B2,"('C', 0, 0.1, 2)",14,0.4,0.5,18.5
"B2|('C', 0, 0.1, 4)",B2,"('C', 0, 0.1, 4)",14,0.2222222222222222,0.5,17.5
"B2|('C', 0, 0.1, 8)",B2,"('C', 0, 0.1, 8)",14,0.1111111111111111,0.5,15.0
"B2|('C', 0, 0.2, 0.5)",B2,"('C', 0, 0.2, 0.5)",14,0.42857142857142855,0.5,18.0
"B2|('C', 0, 0.2, 1)",B2,"('C', 0, 0.2, 1)",14,0.3333333333333333,0.5,18.0
"B2|('C', 0, 0.2, 2)",B2,"('C', 0, 0.2, 2)",14,0.2,0.5,16.0
"B2|('C', 0, 0.2, 4)",B2,"('C', 0, 0.2, 4)",14,0.1111111111111111,0.5,15.5
"B2|('C', 0, 0.2, 8)",B2,"('C', 0, 0.2, 8)",14,0.0,0.5,15.5
"B2|('C', 0, 0.3, 0.5)",B2,"('C', 0, 0.3, 0.5)",14,0.16666666666666666,0.5,17.0
"B2|('C', 0, 0.3, 1)",B2,"('C', 0, 0.3, 1)",14,0.14285714285714285,0.5,14.5
"B2|('C', 0, 0.3, 2)",B2,"('C', 0, 0.3, 2)",14,0.0,0.5,13.5
"B2|('C', 0, 0.3, 4)",B2,"('C', 0, 0.3, 4)",14,0.0,0.5,16.5
"B2|('C', 0, 0.3, 8)",B2,"('C', 0, 0.3, 8)",14,0.0,0.5,15.0
"B1w|('H', 1, 0.1, -0.1)",B1w,"('H', 1, 0.1, -0.1)",14,4.0,0.2043422965712564,4.0
"B1w|('H', 1, 0.1, 0.0)",B1w,"('H', 1, 0.1, 0.0)",14,7.857142857142857,0.21321178975793417,4.5
"B1w|('H', 1, 0.1, 0.05)",B1w,"('H', 1, 0.1, 0.05)",14,11.0,0.24731443013532764,5.0
"B1w|('H', 1, 0.2, -0.2)",B1w,"('H', 1, 0.2, -0.2)",14,2.5555555555555554,0.25004547221564805,6.0
"B1w|('H', 1, 0.2, 0.0)",B1w,"('H', 1, 0.2, 0.0)",14,7.0,0.2642154953762004,7.0
"B1w|('H', 1, 0.2, 0.1)",B1w,"('H', 1, 0.2, 0.1)",14,11.4,0.33849504639021616,8.5
"B1w|('H', 1, 0.3, -0.3)",B1w,"('H', 1, 0.3, -0.3)",14,1.4,0.2898689516781715,9.0
"B1w|('H', 1, 0.3, 0.0)",B1w,"('H', 1, 0.3, 0.0)",14,5.222222222222222,0.3472571201503407,10.0
"B1w|('H', 1, 0.3, 0.15)",B1w,"('H', 1, 0.3, 0.15)",14,9.0,0.4310004373917411,12.5
"B1w|('H', 1, 0.4, -0.4)",B1w,"('H', 1, 0.4, -0.4)",14,0.0,0.5,11.5
"B1w|('H', 1, 0.4, 0.0)",B1w,"('H', 1, 0.4, 0.0)",14,2.6,0.7214152572943626,19.0
"B1w|('H', 1, 0.4, 0.2)",B1w,"('H', 1, 0.4, 0.2)",14,5.8,0.7370273210691001,19.0
"B1w|('H', 1, 0.5, -0.5)",B1w,"('H', 1, 0.5, -0.5)",14,0.0,0.5,12.5
"B1w|('H', 1, 0.5, 0.0)",B1w,"('H', 1, 0.5, 0.0)",14,2.142857142857143,0.8011821019689777,22.0
"B1w|('H', 1, 0.5, 0.25)",B1w,"('H', 1, 0.5, 0.25)",14,5.2,0.8238619356955899,22.5
"B1w|('H', 3, 0.1, -0.1)",B1w,"('H', 3, 0.1, -0.1)",14,2.0,0.2453387787905659,7.0
"B1w|('H', 3, 0.1, 0.0)",B1w,"('H', 3, 0.1, 0.0)",14,5.0,0.25203040678229605,7.5
"B1w|('H', 3, 0.1, 0.05)",B1w,"('H', 3, 0.1, 0.05)",14,6.0,0.25759403009006404,7.5
"B1w|('H', 3, 0.2, -0.2)",B1w,"('H', 3, 0.2, -0.2)",14,1.4,0.30367173150563875,8.5
"B1w|('H', 3, 0.2, 0.0)",B1w,"('H', 3, 0.2, 0.0)",14,4.0,0.3416093843136244,10.0
"B1w|('H', 3, 0.2, 0.1)",B1w,"('H', 3, 0.2, 0.1)",14,5.777777777777778,0.39620461542158325,11.0
"B1w|('H', 3, 0.3, -0.3)",B1w,"('H', 3, 0.3, -0.3)",14,0.4,0.3870267830144153,11.0
"B1w|('H', 3, 0.3, 0.0)",B1w,"('H', 3, 0.3, 0.0)",14,2.5714285714285716,0.5130243440163051,15.0
"B1w|('H', 3, 0.3, 0.15)",B1w,"('H', 3, 0.3, 0.15)",14,4.0,0.5460120889998004,15.0
"B1w|('H', 3, 0.4, -0.4)",B1w,"('H', 3, 0.4, -0.4)",14,0.0,0.5,12.0
"B1w|('H', 3, 0.4, 0.0)",B1w,"('H', 3, 0.4, 0.0)",14,1.8,0.7507839046944051,22.0
"B1w|('H', 3, 0.4, 0.2)",B1w,"('H', 3, 0.4, 0.2)",14,3.4,0.8018148739195916,22.0
"B1w|('H', 3, 0.5, -0.5)",B1w,"('H', 3, 0.5, -0.5)",14,0.0,0.5,13.5
"B1w|('H', 3, 0.5, 0.0)",B1w,"('H', 3, 0.5, 0.0)",14,1.6,0.8539200086725373,25.0
"B1w|('H', 3, 0.5, 0.25)",B1w,"('H', 3, 0.5, 0.25)",14,3.0,0.8618603417783822,27.0
"B1w|('H', 5, 0.1, -0.1)",B1w,"('H', 5, 0.1, -0.1)",14,1.6666666666666667,0.27326728820653823,9.0
"B1w|('H', 5, 0.1, 0.0)",B1w,"('H', 5, 0.1, 0.0)",14,4.0,0.28203461568932153,9.0
"B1w|('H', 5, 0.1, 0.05)",B1w,"('H', 5, 0.1, 0.05)",14,5.0,0.29638264625952865,9.0
"B1w|('H', 5, 0.2, -0.2)",B1w,"('H', 5, 0.2, -0.2)",14,1.0,0.34028734529010213,11.0
"B1w|('H', 5, 0.2, 0.0)",B1w,"('H', 5, 0.2, 0.0)",14,3.142857142857143,0.37939453455543865,12.5
"B1w|('H', 5, 0.2, 0.1)",B1w,"('H', 5, 0.2, 0.1)",14,4.0,0.41033031288194977,13.0
"B1w|('H', 5, 0.3, -0.3)",B1w,"('H', 5, 0.3, -0.3)",14,0.0,0.5,11.0
"B1w|('H', 5, 0.3, 0.0)",B1w,"('H', 5, 0.3, 0.0)",14,2.0,0.582474248011613,18.0
"B1w|('H', 5, 0.3, 0.15)",B1w,"('H', 5, 0.3, 0.15)",14,3.0,0.6388208667005597,19.0
"B1w|('H', 5, 0.4, -0.4)",B1w,"('H', 5, 0.4, -0.4)",14,0.0,0.5,12.0
"B1w|('H', 5, 0.4, 0.0)",B1w,"('H', 5, 0.4, 0.0)",14,1.6666666666666667,0.7984286592353345,23.0
"B1w|('H', 5, 0.4, 0.2)",B1w,"('H', 5, 0.4, 0.2)",14,2.857142857142857,0.83064418018949,23.0
"B1w|('H', 5, 0.5, -0.5)",B1w,"('H', 5, 0.5, -0.5)",14,0.0,0.5,13.5
"B1w|('H', 5, 0.5, 0.0)",B1w,"('H', 5, 0.5, 0.0)",14,1.3333333333333333,0.9161549099597254,29.0
"B1w|('H', 5, 0.5, 0.25)",B1w,"('H', 5, 0.5, 0.25)",14,2.5714285714285716,0.927040706692793,30.0
"B1w|('H', 10, 0.1, -0.1)",B1w,"('H', 10, 0.1, -0.1)",14,1.0,0.344015408478358,11.0
"B1w|('H', 10, 0.1, 0.0)",B1w,"('H', 10, 0.1, 0.0)",14,2.8,0.35819523357707916,11.0
"B1w|('H', 10, 0.1, 0.05)",B1w,"('H', 10, 0.1, 0.05)",14,3.0,0.3739420362921896,12.0
"B1w|('H', 10, 0.2, -0.2)",B1w,"('H', 10, 0.2, -0.2)",14,0.3333333333333333,0.40257070012379514,12.0
"B1w|('H', 10, 0.2, 0.0)",B1w,"('H', 10, 0.2, 0.0)",14,1.7142857142857142,0.5,15.0
"B1w|('H', 10, 0.2, 0.1)",B1w,"('H', 10, 0.2, 0.1)",14,2.3333333333333335,0.5157988075630491,16.0
"B1w|('H', 10, 0.3, -0.3)",B1w,"('H', 10, 0.3, -0.3)",14,0.0,0.5,11.0
"B1w|('H', 10, 0.3, 0.0)",B1w,"('H', 10, 0.3, 0.0)",14,1.3333333333333333,0.7527822553213667,22.0
"B1w|('H', 10, 0.3, 0.15)",B1w,"('H', 10, 0.3, 0.15)",14,2.0,0.7685278044540051,22.5
"B1w|('H', 10, 0.4, -0.4)",B1w,"('H', 10, 0.4, -0.4)",14,0.0,0.5,12.0
"B1w|('H', 10, 0.4, 0.0)",B1w,"('H', 10, 0.4, 0.0)",14,1.0,0.8961213703502411,28.0
"B1w|('H', 10, 0.4, 0.2)",B1w,"('H', 10, 0.4, 0.2)",14,2.0,0.9184796702844149,29.0
"B1w|('H', 10, 0.5, -0.5)",B1w,"('H', 10, 0.5, -0.5)",14,0.0,0.5,13.5
"B1w|('H', 10, 0.5, 0.0)",B1w,"('H', 10, 0.5, 0.0)",14,1.0,1.0,34.5
"B1w|('H', 10, 0.5, 0.25)",B1w,"('H', 10, 0.5, 0.25)",14,1.8,1.0,35.5
"B1w|('C', 0, 0.0, 0.5)",B1w,"('C', 0, 0.0, 0.5)",14,2.2,0.23270192402293824,7.0
"B1w|('C', 0, 0.0, 1)",B1w,"('C', 0, 0.0, 1)",14,1.6666666666666667,0.2743849946469201,8.0
"B1w|('C', 0, 0.0, 2)",B1w,"('C', 0, 0.0, 2)",14,1.0,0.3336575627507723,11.0
"B1w|('C', 0, 0.0, 4)",B1w,"('C', 0, 0.0, 4)",14,0.5,0.4159799503240792,13.5
"B1w|('C', 0, 0.0, 8)",B1w,"('C', 0, 0.0, 8)",14,0.0,0.5,15.0
"B1w|('C', 0, 0.1, 0.5)",B1w,"('C', 0, 0.1, 0.5)",14,1.6,0.293266473293017,8.5
"B1w|('C', 0, 0.1, 1)",B1w,"('C', 0, 0.1, 1)",14,1.0,0.3499309780887845,11.0
"B1w|('C', 0, 0.1, 2)",B1w,"('C', 0, 0.1, 2)",14,0.4,0.40878956761860324,12.0
"B1w|('C', 0, 0.1, 4)",B1w,"('C', 0, 0.1, 4)",14,0.0,0.5,13.0
"B1w|('C', 0, 0.1, 8)",B1w,"('C', 0, 0.1, 8)",14,0.0,0.5,13.0
"B1w|('C', 0, 0.2, 0.5)",B1w,"('C', 0, 0.2, 0.5)",14,0.6666666666666666,0.3501127768191952,11.0
"B1w|('C', 0, 0.2, 1)",B1w,"('C', 0, 0.2, 1)",14,0.2,0.41424128180401115,11.0
"B1w|('C', 0, 0.2, 2)",B1w,"('C', 0, 0.2, 2)",14,0.0,0.5,12.0
"B1w|('C', 0, 0.2, 4)",B1w,"('C', 0, 0.2, 4)",14,0.0,0.5,12.0
"B1w|('C', 0, 0.2, 8)",B1w,"('C', 0, 0.2, 8)",14,0.0,0.5,13.5
"B1w|('C', 0, 0.3, 0.5)",B1w,"('C', 0, 0.3, 0.5)",14,0.0,0.5,11.0
"B1w|('C', 0, 0.3, 1)",B1w,"('C', 0, 0.3, 1)",14,0.0,0.5,12.0
"B1w|('C', 0, 0.3, 2)",B1w,"('C', 0, 0.3, 2)",14,0.0,0.5,13.0
"B1w|('C', 0, 0.3, 4)",B1w,"('C', 0, 0.3, 4)",14,0.0,0.5,13.5
"B1w|('C', 0, 0.3, 8)",B1w,"('C', 0, 0.3, 8)",14,0.0,0.5,15.0
"T1|('H', 1, 0.1, -0.1)",T1,"('H', 1, 0.1, -0.1)",14,3.6666666666666665,0.35841383305034724,8.0
"T1|('H', 1, 0.1, 0.0)",T1,"('H', 1, 0.1, 0.0)",14,8.0,0.36124513583877377,8.0
"T1|('H', 1, 0.1, 0.05)",T1,"('H', 1, 0.1, 0.05)",14,10.2,0.36124513583877377,8.0
"T1|('H', 1, 0.2, -0.2)",T1,"('H', 1, 0.2, -0.2)",14,2.4,0.3994240782075067,10.0
"T1|('H', 1, 0.2, 0.0)",T1,"('H', 1, 0.2, 0.0)",14,6.833333333333333,0.40002208529738487,10.0
"T1|('H', 1, 0.2, 0.1)",T1,"('H', 1, 0.2, 0.1)",14,9.5,0.40002208529738487,10.0
"T1|('H', 1, 0.3, -0.3)",T1,"('H', 1, 0.3, -0.3)",14,1.6666666666666667,0.44506508718463567,13.0
"T1|('H', 1, 0.3, 0.0)",T1,"('H', 1, 0.3, 0.0)",14,5.666666666666667,0.45950313139500887,13.0
"T1|('H', 1, 0.3, 0.15)",T1,"('H', 1, 0.3, 0.15)",14,8.4,0.46047574811105413,13.0
"T1|('H', 1, 0.4, -0.4)",T1,"('H', 1, 0.4, -0.4)",14,1.4,0.5019841074659358,15.0
"T1|('H', 1, 0.4, 0.0)",T1,"('H', 1, 0.4, 0.0)",14,4.6,0.5164922014768869,16.0
"T1|('H', 1, 0.4, 0.2)",T1,"('H', 1, 0.4, 0.2)",14,7.2,0.5164922014768869,16.0
"T1|('H', 1, 0.5, -0.5)",T1,"('H', 1, 0.5, -0.5)",14,0.8333333333333334,0.5493089533880137,20.0
"T1|('H', 1, 0.5, 0.0)",T1,"('H', 1, 0.5, 0.0)",14,3.4285714285714284,0.6064180667695498,22.0
"T1|('H', 1, 0.5, 0.25)",T1,"('H', 1, 0.5, 0.25)",14,5.4,0.6064180667695498,22.0
"T1|('H', 3, 0.1, -0.1)",T1,"('H', 3, 0.1, -0.1)",14,2.1666666666666665,0.41454615587885774,11.0
"T1|('H', 3, 0.1, 0.0)",T1,"('H', 3, 0.1, 0.0)",14,4.8,0.4243113760368181,11.0
"T1|('H', 3, 0.1, 0.05)",T1,"('H', 3, 0.1, 0.05)",14,6.0,0.4243113760368181,11.0
"T1|('H', 3, 0.2, -0.2)",T1,"('H', 3, 0.2, -0.2)",14,1.5714285714285714,0.45950313139500887,13.0
"T1|('H', 3, 0.2, 0.0)",T1,"('H', 3, 0.2, 0.0)",14,4.2,0.46741537086246415,14.0
"T1|('H', 3, 0.2, 0.1)",T1,"('H', 3, 0.2, 0.1)",14,5.2,0.46741537086246415,14.0
"T1|('H', 3, 0.3, -0.3)",T1,"('H', 3, 0.3, -0.3)",14,1.2222222222222223,0.5,15.5
"T1|('H', 3, 0.3, 0.0)",T1,"('H', 3, 0.3, 0.0)",14,3.6666666666666665,0.5199341897598028,17.0
"T1|('H', 3, 0.3, 0.15)",T1,"('H', 3, 0.3, 0.15)",14,4.666666666666667,0.5203212816476144,17.0
"T1|('H', 3, 0.4, -0.4)",T1,"('H', 3, 0.4, -0.4)",14,1.0,0.5090455029081685,18.0
"T1|('H', 3, 0.4, 0.0)",T1,"('H', 3, 0.4, 0.0)",14,3.1666666666666665,0.5728047698542602,22.0
"T1|('H', 3, 0.4, 0.2)",T1,"('H', 3, 0.4, 0.2)",14,4.2,0.5729981846805353,22.0
"T1|('H', 3, 0.5, -0.5)",T1,"('H', 3, 0.5, -0.5)",14,0.5714285714285714,0.5528542143400295,22.0
"T1|('H', 3, 0.5, 0.0)",T1,"('H', 3, 0.5, 0.0)",14,2.2222222222222223,0.728701318808267,28.0
"T1|('H', 3, 0.5, 0.25)",T1,"('H', 3, 0.5, 0.25)",14,3.2,0.728701318808267,28.0
"T1|('H', 5, 0.1, -0.1)",T1,"('H', 5, 0.1, -0.1)",14,1.8,0.43000057312154155,13.0
"T1|('H', 5, 0.1, 0.0)",T1,"('H', 5, 0.1, 0.0)",14,4.0,0.4433193266649282,13.0
"T1|('H', 5, 0.1, 0.05)",T1,"('H', 5, 0.1, 0.05)",14,4.8,0.44688641527385425,13.0
"T1|('H', 5, 0.2, -0.2)",T1,"('H', 5, 0.2, -0.2)",14,1.4,0.4622212558204564,15.0
"T1|('H', 5, 0.2, 0.0)",T1,"('H', 5, 0.2, 0.0)",14,3.6,0.48806472036185544,16.0
"T1|('H', 5, 0.2, 0.1)",T1,"('H', 5, 0.2, 0.1)",14,4.2,0.4909917697363546,16.0
"T1|('H', 5, 0.3, -0.3)",T1,"('H', 5, 0.3, -0.3)",14,1.0,0.5019841074659358,17.0
"T1|('H', 5, 0.3, 0.0)",T1,"('H', 5, 0.3, 0.0)",14,3.0,0.5401176852567903,20.0
"T1|('H', 5, 0.3, 0.15)",T1,"('H', 5, 0.3, 0.15)",14,3.6666666666666665,0.5537616910856328,20.0
"T1|('H', 5, 0.4, -0.4)",T1,"('H', 5, 0.4, -0.4)",14,0.8,0.5,20.5
"T1|('H', 5, 0.4, 0.0)",T1,"('H', 5, 0.4, 0.0)",14,2.5,0.6130722468489914,24.0
"T1|('H', 5, 0.4, 0.2)",T1,"('H', 5, 0.4, 0.2)",14,3.3333333333333335,0.6358549925110776,24.0
"T1|('H', 5, 0.5, -0.5)",T1,"('H', 5, 0.5, -0.5)",14,0.42857142857142855,0.5431964941829065,22.0
"T1|('H', 5, 0.5, 0.0)",T1,"('H', 5, 0.5, 0.0)",14,1.8,0.7805463635918752,29.0
"T1|('H', 5, 0.5, 0.25)",T1,"('H', 5, 0.5, 0.25)",14,2.6,0.7818794771433297,30.0
"T1|('H', 10, 0.1, -0.1)",T1,"('H', 10, 0.1, -0.1)",14,1.4,0.454163841806511,16.0
"T1|('H', 10, 0.1, 0.0)",T1,"('H', 10, 0.1, 0.0)",14,3.2,0.4723484188441271,16.0
"T1|('H', 10, 0.1, 0.05)",T1,"('H', 10, 0.1, 0.05)",14,3.6,0.48284329498611017,16.0
"T1|('H', 10, 0.2, -0.2)",T1,"('H', 10, 0.2, -0.2)",14,1.0,0.47238407552797024,18.0
"T1|('H', 10, 0.2, 0.0)",T1,"('H', 10, 0.2, 0.0)",14,2.8,0.5075968095767449,20.5
"T1|('H', 10, 0.2, 0.1)",T1,"('H', 10, 0.2, 0.1)",14,3.3333333333333335,0.5243048461309279,21.0
"T1|('H', 10, 0.3, -0.3)",T1,"('H', 10, 0.3, -0.3)",14,0.8,0.5,20.0
"T1|('H', 10, 0.3, 0.0)",T1,"('H', 10, 0.3, 0.0)",14,2.2857142857142856,0.6092998406967827,24.0
"T1|('H', 10, 0.3, 0.15)",T1,"('H', 10, 0.3, 0.15)",14,2.6666666666666665,0.6249433355269656,24.5
"T1|('H', 10, 0.4, -0.4)",T1,"('H', 10, 0.4, -0.4)",14,0.5,0.5077588273000206,22.0
"T1|('H', 10, 0.4, 0.0)",T1,"('H', 10, 0.4, 0.0)",14,1.7142857142857142,0.7432537221125042,29.0
"T1|('H', 10, 0.4, 0.2)",T1,"('H', 10, 0.4, 0.2)",14,2.2,0.7673195905509422,30.0
"T1|('H', 10, 0.5, -0.5)",T1,"('H', 10, 0.5, -0.5)",14,0.2,0.5031468191744402,22.0
"T1|('H', 10, 0.5, 0.0)",T1,"('H', 10, 0.5, 0.0)",14,1.3333333333333333,0.9266353955545392,35.5
"T1|('H', 10, 0.5, 0.25)",T1,"('H', 10, 0.5, 0.25)",14,1.75,0.9336626104519256,36.0
"T1|('C', 0, 0.0, 0.5)",T1,"('C', 0, 0.0, 0.5)",14,2.3333333333333335,0.40766184652012893,11.0
"T1|('C', 0, 0.0, 1)",T1,"('C', 0, 0.0, 1)",14,1.8,0.426438318602206,13.0
"T1|('C', 0, 0.0, 2)",T1,"('C', 0, 0.0, 2)",14,1.4,0.44759895677301653,15.0
"T1|('C', 0, 0.0, 4)",T1,"('C', 0, 0.0, 4)",14,1.0,0.44877470966416455,18.0
"T1|('C', 0, 0.0, 8)",T1,"('C', 0, 0.0, 8)",14,0.6666666666666666,0.5,22.0
"T1|('C', 0, 0.1, 0.5)",T1,"('C', 0, 0.1, 0.5)",14,1.75,0.443725005038361,13.0
"T1|('C', 0, 0.1, 1)",T1,"('C', 0, 0.1, 1)",14,1.4,0.45432065749509143,15.0
"T1|('C', 0, 0.1, 2)",T1,"('C', 0, 0.1, 2)",14,1.125,0.4728897827425423,17.0
"T1|('C', 0, 0.1, 4)",T1,"('C', 0, 0.1, 4)",14,0.8,0.4814602189252358,21.0
"T1|('C', 0, 0.1, 8)",T1,"('C', 0, 0.1, 8)",14,0.5,0.5,23.0
"T1|('C', 0, 0.2, 0.5)",T1,"('C', 0, 0.2, 0.5)",14,1.375,0.4846692938237246,15.0
"T1|('C', 0, 0.2, 1)",T1,"('C', 0, 0.2, 1)",14,1.0,0.4900370248425504,16.5
"T1|('C', 0, 0.2, 2)",T1,"('C', 0, 0.2, 2)",14,0.8333333333333334,0.4990890609857611,20.5
"T1|('C', 0, 0.2, 4)",T1,"('C', 0, 0.2, 4)",14,0.5555555555555556,0.5069404614690985,22.0
"T1|('C', 0, 0.2, 8)",T1,"('C', 0, 0.2, 8)",14,0.25,0.5,21.0
"T1|('C', 0, 0.3, 0.5)",T1,"('C', 0, 0.3, 0.5)",14,1.0,0.5057647044329363,18.0
"T1|('C', 0, 0.3, 1)",T1,"('C', 0, 0.3, 1)",14,0.8333333333333334,0.5007054426444786,20.0
"T1|('C', 0, 0.3, 2)",T1,"('C', 0, 0.3, 2)",14,0.5714285714285714,0.5238207880894237,21.5
"T1|('C', 0, 0.3, 4)",T1,"('C', 0, 0.3, 4)",14,0.2857142857142857,0.5,20.5
"T1|('C', 0, 0.3, 8)",T1,"('C', 0, 0.3, 8)",14,0.0,0.5,20.0
"TS|('H', 1, 0.1, -0.1)",TS,"('H', 1, 0.1, -0.1)",14,0.0,0.5,10.0
"TS|('H', 1, 0.1, 0.0)",TS,"('H', 1, 0.1, 0.0)",14,0.4,0.5,11.5
"TS|('H', 1, 0.1, 0.05)",TS,"('H', 1, 0.1, 0.05)",14,1.3333333333333333,0.5,12.0
"TS|('H', 1, 0.2, -0.2)",TS,"('H', 1, 0.2, -0.2)",14,0.0,0.5,10.5
"TS|('H', 1, 0.2, 0.0)",TS,"('H', 1, 0.2, 0.0)",14,0.2857142857142857,0.5,13.0
"TS|('H', 1, 0.2, 0.1)",TS,"('H', 1, 0.2, 0.1)",14,1.8,0.6488403111843747,18.0
"TS|('H', 1, 0.3, -0.3)",TS,"('H', 1, 0.3, -0.3)",14,0.0,0.5,11.0
"TS|('H', 1, 0.3, 0.0)",TS,"('H', 1, 0.3, 0.0)",14,0.2,0.5,15.0
"TS|('H', 1, 0.3, 0.15)",TS,"('H', 1, 0.3, 0.15)",14,2.8,1.0,28.0
"TS|('H', 1, 0.4, -0.4)",TS,"('H', 1, 0.4, -0.4)",14,0.0,0.5,15.0
"TS|('H', 1, 0.4, 0.0)",TS,"('H', 1, 0.4, 0.0)",14,0.2,1.0,21.0
"TS|('H', 1, 0.4, 0.2)",TS,"('H', 1, 0.4, 0.2)",14,0.8,1.0,43.0
"TS|('H', 1, 0.5, -0.5)",TS,"('H', 1, 0.5, -0.5)",14,0.0,0.5,15.5
"TS|('H', 1, 0.5, 0.0)",TS,"('H', 1, 0.5, 0.0)",14,0.2,1.0,28.0
"TS|('H', 1, 0.5, 0.25)",TS,"('H', 1, 0.5, 0.25)",14,0.25,1.0,53.0
"TS|('H', 3, 0.1, -0.1)",TS,"('H', 3, 0.1, -0.1)",14,0.0,0.5,10.0
"TS|('H', 3, 0.1, 0.0)",TS,"('H', 3, 0.1, 0.0)",14,0.14285714285714285,0.5,11.0
"TS|('H', 3, 0.1, 0.05)",TS,"('H', 3, 0.1, 0.05)",14,0.5714285714285714,0.5,12.0
"TS|('H', 3, 0.2, -0.2)",TS,"('H', 3, 0.2, -0.2)",14,0.0,0.5,10.5
"TS|('H', 3, 0.2, 0.0)",TS,"('H', 3, 0.2, 0.0)",14,0.14285714285714285,0.5,11.5
"TS|('H', 3, 0.2, 0.1)",TS,"('H', 3, 0.2, 0.1)",14,0.8,0.5287979296542956,17.0
"TS|('H', 3, 0.3, -0.3)",TS,"('H', 3, 0.3, -0.3)",14,0.0,0.5,11.0
"TS|('H', 3, 0.3, 0.0)",TS,"('H', 3, 0.3, 0.0)",14,0.16666666666666666,0.5,13.5
"TS|('H', 3, 0.3, 0.15)",TS,"('H', 3, 0.3, 0.15)",14,1.0,1.0,28.0
"TS|('H', 3, 0.4, -0.4)",TS,"('H', 3, 0.4, -0.4)",14,0.0,0.5,15.0
"TS|('H', 3, 0.4, 0.0)",TS,"('H', 3, 0.4, 0.0)",14,0.2,1.0,21.0
"TS|('H', 3, 0.4, 0.2)",TS,"('H', 3, 0.4, 0.2)",14,0.5714285714285714,1.0,43.0
"TS|('H', 3, 0.5, -0.5)",TS,"('H', 3, 0.5, -0.5)",14,0.0,0.5,15.5
"TS|('H', 3, 0.5, 0.0)",TS,"('H', 3, 0.5, 0.0)",14,0.16666666666666666,1.0,23.5
"TS|('H', 3, 0.5, 0.25)",TS,"('H', 3, 0.5, 0.25)",14,0.2222222222222222,1.0,53.0
"TS|('H', 5, 0.1, -0.1)",TS,"('H', 5, 0.1, -0.1)",14,0.0,0.5,10.0
"TS|('H', 5, 0.1, 0.0)",TS,"('H', 5, 0.1, 0.0)",14,0.0,0.5,11.0
"TS|('H', 5, 0.1, 0.05)",TS,"('H', 5, 0.1, 0.05)",14,0.5,0.5,12.0
"TS|('H', 5, 0.2, -0.2)",TS,"('H', 5, 0.2, -0.2)",14,0.0,0.5,10.5
"TS|('H', 5, 0.2, 0.0)",TS,"('H', 5, 0.2, 0.0)",14,0.09090909090909091,0.5,11.0
"TS|('H', 5, 0.2, 0.1)",TS,"('H', 5, 0.2, 0.1)",14,0.6,0.5335740776587551,16.5
"TS|('H', 5, 0.3, -0.3)",TS,"('H', 5, 0.3, -0.3)",14,0.0,0.5,12.0
"TS|('H', 5, 0.3, 0.0)",TS,"('H', 5, 0.3, 0.0)",14,0.16666666666666666,0.5,13.0
"TS|('H', 5, 0.3, 0.15)",TS,"('H', 5, 0.3, 0.15)",14,0.8,1.0,28.0
"TS|('H', 5, 0.4, -0.4)",TS,"('H', 5, 0.4, -0.4)",14,0.0,0.5,15.0
"TS|('H', 5, 0.4, 0.0)",TS,"('H', 5, 0.4, 0.0)",14,0.16666666666666666,1.0,20.0
"TS|('H', 5, 0.4, 0.2)",TS,"('H', 5, 0.4, 0.2)",14,0.4444444444444444,1.0,44.0
"TS|('H', 5, 0.5, -0.5)",TS,"('H', 5, 0.5, -0.5)",14,0.0,0.5,17.0
"TS|('H', 5, 0.5, 0.0)",TS,"('H', 5, 0.5, 0.0)",14,0.16666666666666666,1.0,24.0
"TS|('H', 5, 0.5, 0.25)",TS,"('H', 5, 0.5, 0.25)",14,0.18181818181818182,1.0,53.0
"TS|('H', 10, 0.1, -0.1)",TS,"('H', 10, 0.1, -0.1)",14,0.0,0.5,10.0
"TS|('H', 10, 0.1, 0.0)",TS,"('H', 10, 0.1, 0.0)",14,0.0,0.5,10.5
"TS|('H', 10, 0.1, 0.05)",TS,"('H', 10, 0.1, 0.05)",14,0.3333333333333333,0.5,12.0
"TS|('H', 10, 0.2, -0.2)",TS,"('H', 10, 0.2, -0.2)",14,0.0,0.5,11.0
"TS|('H', 10, 0.2, 0.0)",TS,"('H', 10, 0.2, 0.0)",14,0.0,0.5,11.0
"TS|('H', 10, 0.2, 0.1)",TS,"('H', 10, 0.2, 0.1)",14,0.5,0.5274431690408362,15.5
"TS|('H', 10, 0.3, -0.3)",TS,"('H', 10, 0.3, -0.3)",14,0.0,0.5,12.0
"TS|('H', 10, 0.3, 0.0)",TS,"('H', 10, 0.3, 0.0)",14,0.0,0.5,13.0
"TS|('H', 10, 0.3, 0.15)",TS,"('H', 10, 0.3, 0.15)",14,0.6666666666666666,1.0,26.0
"TS|('H', 10, 0.4, -0.4)",TS,"('H', 10, 0.4, -0.4)",14,0.0,0.5,15.0
"TS|('H', 10, 0.4, 0.0)",TS,"('H', 10, 0.4, 0.0)",14,0.0,1.0,22.0
"TS|('H', 10, 0.4, 0.2)",TS,"('H', 10, 0.4, 0.2)",14,0.3333333333333333,1.0,49.0
"TS|('H', 10, 0.5, -0.5)",TS,"('H', 10, 0.5, -0.5)",14,0.0,0.5,18.0
"TS|('H', 10, 0.5, 0.0)",TS,"('H', 10, 0.5, 0.0)",14,0.0,1.0,25.0
"TS|('H', 10, 0.5, 0.25)",TS,"('H', 10, 0.5, 0.25)",14,0.18181818181818182,1.0,53.0
"TS|('C', 0, 0.0, 0.5)",TS,"('C', 0, 0.0, 0.5)",14,0.0,0.5,9.5
"TS|('C', 0, 0.0, 1)",TS,"('C', 0, 0.0, 1)",14,0.0,0.5,10.0
"TS|('C', 0, 0.0, 2)",TS,"('C', 0, 0.0, 2)",14,0.0,0.5,10.0
"TS|('C', 0, 0.0, 4)",TS,"('C', 0, 0.0, 4)",14,0.0,0.5,11.5
"TS|('C', 0, 0.0, 8)",TS,"('C', 0, 0.0, 8)",14,0.0,0.5,12.0
"TS|('C', 0, 0.1, 0.5)",TS,"('C', 0, 0.1, 0.5)",14,0.0,0.5,10.0
"TS|('C', 0, 0.1, 1)",TS,"('C', 0, 0.1, 1)",14,0.0,0.5,10.0
"TS|('C', 0, 0.1, 2)",TS,"('C', 0, 0.1, 2)",14,0.0,0.5,11.0
"TS|('C', 0, 0.1, 4)",TS,"('C', 0, 0.1, 4)",14,0.0,0.5,12.0
"TS|('C', 0, 0.1, 8)",TS,"('C', 0, 0.1, 8)",14,0.0,0.5,12.5
"TS|('C', 0, 0.2, 0.5)",TS,"('C', 0, 0.2, 0.5)",14,0.0,0.5,12.0
"TS|('C', 0, 0.2, 1)",TS,"('C', 0, 0.2, 1)",14,0.0,0.5,12.0
"TS|('C', 0, 0.2, 2)",TS,"('C', 0, 0.2, 2)",14,0.0,0.5,12.0
"TS|('C', 0, 0.2, 4)",TS,"('C', 0, 0.2, 4)",14,0.0,0.5,13.0
"TS|('C', 0, 0.2, 8)",TS,"('C', 0, 0.2, 8)",14,0.0,0.5,15.0
"TS|('C', 0, 0.3, 0.5)",TS,"('C', 0, 0.3, 0.5)",14,0.0,0.5,12.0
"TS|('C', 0, 0.3, 1)",TS,"('C', 0, 0.3, 1)",14,0.0,0.5,14.0
"TS|('C', 0, 0.3, 2)",TS,"('C', 0, 0.3, 2)",14,0.0,0.5,15.0
"TS|('C', 0, 0.3, 4)",TS,"('C', 0, 0.3, 4)",14,0.0,0.5,15.0
"TS|('C', 0, 0.3, 8)",TS,"('C', 0, 0.3, 8)",14,0.0,0.5,16.5
"RV|('H', 1, 0.1, -0.1)",RV,"('H', 1, 0.1, -0.1)",14,1.3333333333333333,0.32228001144816426,10.0
"RV|('H', 1, 0.1, 0.0)",RV,"('H', 1, 0.1, 0.0)",14,3.0,0.3378493414355215,10.0
"RV|('H', 1, 0.1, 0.05)",RV,"('H', 1, 0.1, 0.05)",14,3.75,0.33849504639021616,10.0
"RV|('H', 1, 0.2, -0.2)",RV,"('H', 1, 0.2, -0.2)",14,0.6666666666666666,0.34464030009661534,10.0
"RV|('H', 1, 0.2, 0.0)",RV,"('H', 1, 0.2, 0.0)",14,2.6,0.38773046670801103,11.0
"RV|('H', 1, 0.2, 0.1)",RV,"('H', 1, 0.2, 0.1)",14,3.5,0.38773046670801103,11.0
"RV|('H', 1, 0.3, -0.3)",RV,"('H', 1, 0.3, -0.3)",14,0.4,0.4381293470490589,11.0
"RV|('H', 1, 0.3, 0.0)",RV,"('H', 1, 0.3, 0.0)",14,2.2,0.467070003169855,13.0
"RV|('H', 1, 0.3, 0.15)",RV,"('H', 1, 0.3, 0.15)",14,3.6,0.467070003169855,13.0
"RV|('H', 1, 0.4, -0.4)",RV,"('H', 1, 0.4, -0.4)",14,0.0,0.5,10.5
"RV|('H', 1, 0.4, 0.0)",RV,"('H', 1, 0.4, 0.0)",14,1.8333333333333333,0.5093177731167372,14.5
"RV|('H', 1, 0.4, 0.2)",RV,"('H', 1, 0.4, 0.2)",14,3.0,0.5191631349150171,15.0
"RV|('H', 1, 0.5, -0.5)",RV,"('H', 1, 0.5, -0.5)",14,0.0,0.5,10.0
"RV|('H', 1, 0.5, 0.0)",RV,"('H', 1, 0.5, 0.0)",14,1.4,0.6516263051208987,17.0
"RV|('H', 1, 0.5, 0.25)",RV,"('H', 1, 0.5, 0.25)",14,2.6,0.6546062789899401,17.0
"RV|('H', 3, 0.1, -0.1)",RV,"('H', 3, 0.1, -0.1)",14,0.6666666666666666,0.3416093843136244,11.0
"RV|('H', 3, 0.1, 0.0)",RV,"('H', 3, 0.1, 0.0)",14,1.8,0.35912263858688503,11.0
"RV|('H', 3, 0.1, 0.05)",RV,"('H', 3, 0.1, 0.05)",14,2.0,0.37246798370414835,11.0
"RV|('H', 3, 0.2, -0.2)",RV,"('H', 3, 0.2, -0.2)",14,0.4,0.4224746780136747,12.0
"RV|('H', 3, 0.2, 0.0)",RV,"('H', 3, 0.2, 0.0)",14,1.3333333333333333,0.47997948838435844,13.0
"RV|('H', 3, 0.2, 0.1)",RV,"('H', 3, 0.2, 0.1)",14,2.0,0.5,13.0
"RV|('H', 3, 0.3, -0.3)",RV,"('H', 3, 0.3, -0.3)",14,0.0,0.5,12.0
"RV|('H', 3, 0.3, 0.0)",RV,"('H', 3, 0.3, 0.0)",14,1.2,0.5,14.0
"RV|('H', 3, 0.3, 0.15)",RV,"('H', 3, 0.3, 0.15)",14,1.6666666666666667,0.535672404982998,15.0
"RV|('H', 3, 0.4, -0.4)",RV,"('H', 3, 0.4, -0.4)",14,0.0,0.5,11.0
"RV|('H', 3, 0.4, 0.0)",RV,"('H', 3, 0.4, 0.0)",14,1.0,0.5606707897758425,15.5
"RV|('H', 3, 0.4, 0.2)",RV,"('H', 3, 0.4, 0.2)",14,1.6,0.6280816977216847,17.0
"RV|('H', 3, 0.5, -0.5)",RV,"('H', 3, 0.5, -0.5)",14,0.0,0.5,10.5
"RV|('H', 3, 0.5, 0.0)",RV,"('H', 3, 0.5, 0.0)",14,1.0,0.6605121830864302,19.0
"RV|('H', 3, 0.5, 0.25)",RV,"('H', 3, 0.5, 0.25)",14,1.4444444444444444,0.7251828048671513,20.5
"RV|('H', 5, 0.1, -0.1)",RV,"('H', 5, 0.1, -0.1)",14,0.5,0.37939453455543865,11.0
"RV|('H', 5, 0.1, 0.0)",RV,"('H', 5, 0.1, 0.0)",14,1.4285714285714286,0.38168796367449037,12.0
"RV|('H', 5, 0.1, 0.05)",RV,"('H', 5, 0.1, 0.05)",14,1.6,0.40785061958935964,12.5
"RV|('H', 5, 0.2, -0.2)",RV,"('H', 5, 0.2, -0.2)",14,0.2222222222222222,0.4668982839905919,12.0
"RV|('H', 5, 0.2, 0.0)",RV,"('H', 5, 0.2, 0.0)",14,1.1111111111111112,0.5,13.0
"RV|('H', 5, 0.2, 0.1)",RV,"('H', 5, 0.2, 0.1)",14,1.3333333333333333,0.5,14.0
"RV|('H', 5, 0.3, -0.3)",RV,"('H', 5, 0.3, -0.3)",14,0.0,0.5,12.0
"RV|('H', 5, 0.3, 0.0)",RV,"('H', 5, 0.3, 0.0)",14,1.0,0.5,15.0
"RV|('H', 5, 0.3, 0.15)",RV,"('H', 5, 0.3, 0.15)",14,1.3333333333333333,0.5365591499297558,15.0
"RV|('H', 5, 0.4, -0.4)",RV,"('H', 5, 0.4, -0.4)",14,0.0,0.5,11.0
"RV|('H', 5, 0.4, 0.0)",RV,"('H', 5, 0.4, 0.0)",14,0.8571428571428571,0.5747061125192457,17.5
"RV|('H', 5, 0.4, 0.2)",RV,"('H', 5, 0.4, 0.2)",14,1.2,0.6373392900626534,18.0
"RV|('H', 5, 0.5, -0.5)",RV,"('H', 5, 0.5, -0.5)",14,0.0,0.5,11.0
"RV|('H', 5, 0.5, 0.0)",RV,"('H', 5, 0.5, 0.0)",14,0.7142857142857143,0.7167117390275032,21.0
"RV|('H', 5, 0.5, 0.25)",RV,"('H', 5, 0.5, 0.25)",14,1.2,0.7344053706760492,22.0
"RV|('H', 10, 0.1, -0.1)",RV,"('H', 10, 0.1, -0.1)",14,0.25,0.4752468372841277,12.0
"RV|('H', 10, 0.1, 0.0)",RV,"('H', 10, 0.1, 0.0)",14,0.75,0.47810793613864094,13.0
"RV|('H', 10, 0.1, 0.05)",RV,"('H', 10, 0.1, 0.05)",14,1.0,0.4831706987288886,13.0
"RV|('H', 10, 0.2, -0.2)",RV,"('H', 10, 0.2, -0.2)",14,0.0,0.5,12.0
"RV|('H', 10, 0.2, 0.0)",RV,"('H', 10, 0.2, 0.0)",14,0.6666666666666666,0.5,15.0
"RV|('H', 10, 0.2, 0.1)",RV,"('H', 10, 0.2, 0.1)",14,1.0,0.5,15.0
"RV|('H', 10, 0.3, -0.3)",RV,"('H', 10, 0.3, -0.3)",14,0.0,0.5,11.0
"RV|('H', 10, 0.3, 0.0)",RV,"('H', 10, 0.3, 0.0)",14,0.5555555555555556,0.5026342478048426,17.0
"RV|('H', 10, 0.3, 0.15)",RV,"('H', 10, 0.3, 0.15)",14,1.0,0.5966268512507334,18.0
"RV|('H', 10, 0.4, -0.4)",RV,"('H', 10, 0.4, -0.4)",14,0.0,0.5,11.0
"RV|('H', 10, 0.4, 0.0)",RV,"('H', 10, 0.4, 0.0)",14,0.42857142857142855,0.605107495505713,20.5
"RV|('H', 10, 0.4, 0.2)",RV,"('H', 10, 0.4, 0.2)",14,1.0,0.6755494069256196,22.0
"RV|('H', 10, 0.5, -0.5)",RV,"('H', 10, 0.5, -0.5)",14,0.0,0.5,11.0
"RV|('H', 10, 0.5, 0.0)",RV,"('H', 10, 0.5, 0.0)",14,0.4,0.738092258258588,22.0
"RV|('H', 10, 0.5, 0.25)",RV,"('H', 10, 0.5, 0.25)",14,0.8571428571428571,0.7777590026403152,24.0
"RV|('C', 0, 0.0, 0.5)",RV,"('C', 0, 0.0, 0.5)",14,0.8,0.32461825147111856,11.0
"RV|('C', 0, 0.0, 1)",RV,"('C', 0, 0.0, 1)",14,0.6,0.3474104333832877,11.0
"RV|('C', 0, 0.0, 2)",RV,"('C', 0, 0.0, 2)",14,0.3333333333333333,0.40489416318454075,12.0
"RV|('C', 0, 0.0, 4)",RV,"('C', 0, 0.0, 4)",14,0.16666666666666666,0.5,12.0
"RV|('C', 0, 0.0, 8)",RV,"('C', 0, 0.0, 8)",14,0.0,0.5,12.0
"RV|('C', 0, 0.1, 0.5)",RV,"('C', 0, 0.1, 0.5)",14,0.4444444444444444,0.39747342900485,11.0
"RV|('C', 0, 0.1, 1)",RV,"('C', 0, 0.1, 1)",14,0.3333333333333333,0.46408041654257265,12.0
"RV|('C', 0, 0.1, 2)",RV,"('C', 0, 0.1, 2)",14,0.16666666666666666,0.4982550948675192,12.5
"RV|('C', 0, 0.1, 4)",RV,"('C', 0, 0.1, 4)",14,0.0,0.5,12.0
"RV|('C', 0, 0.1, 8)",RV,"('C', 0, 0.1, 8)",14,0.0,0.5,12.0
"RV|('C', 0, 0.2, 0.5)",RV,"('C', 0, 0.2, 0.5)",14,0.2222222222222222,0.4620645861634925,12.0
"RV|('C', 0, 0.2, 1)",RV,"('C', 0, 0.2, 1)",14,0.0,0.5,12.0
"RV|('C', 0, 0.2, 2)",RV,"('C', 0, 0.2, 2)",14,0.0,0.5,11.5
"RV|('C', 0, 0.2, 4)",RV,"('C', 0, 0.2, 4)",14,0.0,0.5,11.0
"RV|('C', 0, 0.2, 8)",RV,"('C', 0, 0.2, 8)",14,0.0,0.5,11.0
"RV|('C', 0, 0.3, 0.5)",RV,"('C', 0, 0.3, 0.5)",14,0.0,0.5,11.5
"RV|('C', 0, 0.3, 1)",RV,"('C', 0, 0.3, 1)",14,0.0,0.5,11.0
"RV|('C', 0, 0.3, 2)",RV,"('C', 0, 0.3, 2)",14,0.0,0.5,10.0
"RV|('C', 0, 0.3, 4)",RV,"('C', 0, 0.3, 4)",14,0.0,0.5,11.0
"RV|('C', 0, 0.3, 8)",RV,"('C', 0, 0.3, 8)",14,0.0,0.5,11.0
"BASE EMA cross|{'fast': 5, 'slow': 50}",BASE EMA cross,"{'fast': 5, 'slow': 50}",0,4.333333333333333,0.3359690007074635,12.0
"BASE EMA cross|{'fast': 5, 'slow': 50}",BASE EMA cross,"{'fast': 5, 'slow': 50}",1,4.75,0.3298548853947742,13.0
"BASE EMA cross|{'fast': 5, 'slow': 50}",BASE EMA cross,"{'fast': 5, 'slow': 50}",2,5.1,0.3201905625868193,11.0
"BASE EMA cross|{'fast': 5, 'slow': 50}",BASE EMA cross,"{'fast': 5, 'slow': 50}",3,4.5,0.3523643146290192,12.0
"BASE EMA cross|{'fast': 5, 'slow': 50}",BASE EMA cross,"{'fast': 5, 'slow': 50}",4,4.55,0.33031314719319826,10.5
"BASE EMA cross|{'fast': 5, 'slow': 50}",BASE EMA cross,"{'fast': 5, 'slow': 50}",5,4.428571428571429,0.3024625059295206,12.5
"BASE EMA cross|{'fast': 5, 'slow': 50}",BASE EMA cross,"{'fast': 5, 'slow': 50}",6,5.0,0.2882357698013857,10.5
"BASE EMA cross|{'fast': 5, 'slow': 50}",BASE EMA cross,"{'fast': 5, 'slow': 50}",7,4.2,0.31566314336598406,11.0
"BASE EMA cross|{'fast': 5, 'slow': 50}",BASE EMA cross,"{'fast': 5, 'slow': 50}",8,4.25,0.29849174418376795,10.0
"BASE EMA cross|{'fast': 5, 'slow': 50}",BASE EMA cross,"{'fast': 5, 'slow': 50}",9,5.75,0.2882357698013857,11.5
"BASE EMA cross|{'fast': 5, 'slow': 50}",BASE EMA cross,"{'fast': 5, 'slow': 50}",10,4.732142857142858,0.3210342775031158,12.0
"BASE EMA cross|{'fast': 5, 'slow': 50}",BASE EMA cross,"{'fast': 5, 'slow': 50}",11,5.0,0.2979348786298101,11.0
"BASE EMA cross|{'fast': 5, 'slow': 50}",BASE EMA cross,"{'fast': 5, 'slow': 50}",12,5.0,0.30861460510796757,10.5
"BASE EMA cross|{'fast': 5, 'slow': 50}",BASE EMA cross,"{'fast': 5, 'slow': 50}",13,5.5,0.28510113232046547,9.0
"BASE EMA cross|{'fast': 5, 'slow': 50}",BASE EMA cross,"{'fast': 5, 'slow': 50}",14,4.4,0.3180380652981316,10.0
"BASE EMA cross|{'fast': 5, 'slow': 100}",BASE EMA cross,"{'fast': 5, 'slow': 100}",0,2.8,0.4038621042842155,15.0
"BASE EMA cross|{'fast': 5, 'slow': 100}",BASE EMA cross,"{'fast': 5, 'slow': 100}",1,3.2857142857142856,0.4038621042842155,15.5
"BASE EMA cross|{'fast': 5, 'slow': 100}",BASE EMA cross,"{'fast': 5, 'slow': 100}",2,3.3666666666666667,0.3973384483661011,15.0
"BASE EMA cross|{'fast': 5, 'slow': 100}",BASE EMA cross,"{'fast': 5, 'slow': 100}",3,2.7142857142857144,0.4043464928553548,15.0
"BASE EMA cross|{'fast': 5, 'slow': 100}",BASE EMA cross,"{'fast': 5, 'slow': 100}",4,3.071428571428571,0.39366729187939487,13.75
"BASE EMA cross|{'fast': 5, 'slow': 100}",BASE EMA cross,"{'fast': 5, 'slow': 100}",5,3.0,0.3830841935782451,15.75
"BASE EMA cross|{'fast': 5, 'slow': 100}",BASE EMA cross,"{'fast': 5, 'slow': 100}",6,3.0,0.36895159169139624,15.0
"BASE EMA cross|{'fast': 5, 'slow': 100}",BASE EMA cross,"{'fast': 5, 'slow': 100}",7,2.732142857142857,0.38289715314962103,15.5
"BASE EMA cross|{'fast': 5, 'slow': 100}",BASE EMA cross,"{'fast': 5, 'slow': 100}",8,2.857142857142857,0.3551987989989991,13.0
"BASE EMA cross|{'fast': 5, 'slow': 100}",BASE EMA cross,"{'fast': 5, 'slow': 100}",9,4.0,0.3786753694165694,15.5
"BASE EMA cross|{'fast': 5, 'slow': 100}",BASE EMA cross,"{'fast': 5, 'slow': 100}",10,3.0,0.3843116668878336,15.5
"BASE EMA cross|{'fast': 5, 'slow': 100}",BASE EMA cross,"{'fast': 5, 'slow': 100}",11,3.5,0.36996437118735415,14.0
"BASE EMA cross|{'fast': 5, 'slow': 100}",BASE EMA cross,"{'fast': 5, 'slow': 100}",12,3.142857142857143,0.3786753694165694,15.0
"BASE EMA cross|{'fast': 5, 'slow': 100}",BASE EMA cross,"{'fast': 5, 'slow': 100}",13,3.6666666666666665,0.3517146530961117,12.5
"BASE EMA cross|{'fast': 5, 'slow': 100}",BASE EMA cross,"{'fast': 5, 'slow': 100}",14,3.0,0.3673392639880689,14.0
"BASE EMA cross|{'fast': 5, 'slow': 200}",BASE EMA cross,"{'fast': 5, 'slow': 200}",0,2.0,0.45682926237226035,17.0
"BASE EMA cross|{'fast': 5, 'slow': 200}",BASE EMA cross,"{'fast': 5, 'slow': 200}",1,2.0,0.4728468574497319,20.0
"BASE EMA cross|{'fast': 5, 'slow': 200}",BASE EMA cross,"{'fast': 5, 'slow': 200}",2,2.0,0.48730811574995636,16.0
"BASE EMA cross|{'fast': 5, 'slow': 200}",BASE EMA cross,"{'fast': 5, 'slow': 200}",3,1.8,0.4672639034743788,17.0
"BASE EMA cross|{'fast': 5, 'slow': 200}",BASE EMA cross,"{'fast': 5, 'slow': 200}",4,2.0,0.45128739337656976,15.0
"BASE EMA cross|{'fast': 5, 'slow': 200}",BASE EMA cross,"{'fast': 5, 'slow': 200}",5,2.1214285714285714,0.42891570635552595,21.0
"BASE EMA cross|{'fast': 5, 'slow': 200}",BASE EMA cross,"{'fast': 5, 'slow': 200}",6,2.0,0.40953661041111644,18.0
"BASE EMA cross|{'fast': 5, 'slow': 200}",BASE EMA cross,"{'fast': 5, 'slow': 200}",7,1.8666666666666667,0.40579029074587675,19.0
"BASE EMA cross|{'fast': 5, 'slow': 200}",BASE EMA cross,"{'fast': 5, 'slow': 200}",8,2.0,0.38978963622627666,15.5
"BASE EMA cross|{'fast': 5, 'slow': 200}",BASE EMA cross,"{'fast': 5, 'slow': 200}",9,2.3333333333333335,0.43380088731049304,20.5
"BASE EMA cross|{'fast': 5, 'slow': 200}",BASE EMA cross,"{'fast': 5, 'slow': 200}",10,2.1547619047619047,0.43544348626884377,21.0
"BASE EMA cross|{'fast': 5, 'slow': 200}",BASE EMA cross,"{'fast': 5, 'slow': 200}",11,2.25,0.42861488544387183,19.0
"BASE EMA cross|{'fast': 5, 'slow': 200}",BASE EMA cross,"{'fast': 5, 'slow': 200}",12,2.0,0.4272589679033408,18.0
"BASE EMA cross|{'fast': 5, 'slow': 200}",BASE EMA cross,"{'fast': 5, 'slow': 200}",13,2.1833333333333336,0.41488227667622335,15.0
"BASE EMA cross|{'fast': 5, 'slow': 200}",BASE EMA cross,"{'fast': 5, 'slow': 200}",14,2.0,0.40433961502504656,16.0
"BASE EMA cross|{'fast': 5, 'slow': 300}",BASE EMA cross,"{'fast': 5, 'slow': 300}",0,1.7142857142857142,0.4376489429908933,16.0
"BASE EMA cross|{'fast': 5, 'slow': 300}",BASE EMA cross,"{'fast': 5, 'slow': 300}",1,1.8,0.4798657633887417,19.5
"BASE EMA cross|{'fast': 5, 'slow': 300}",BASE EMA cross,"{'fast': 5, 'slow': 300}",2,1.6666666666666667,0.4739189648868463,16.5
"BASE EMA cross|{'fast': 5, 'slow': 300}",BASE EMA cross,"{'fast': 5, 'slow': 300}",3,1.375,0.45580629277218143,16.0
"BASE EMA cross|{'fast': 5, 'slow': 300}",BASE EMA cross,"{'fast': 5, 'slow': 300}",4,1.5357142857142856,0.45606685916063505,14.0
"BASE EMA cross|{'fast': 5, 'slow': 300}",BASE EMA cross,"{'fast': 5, 'slow': 300}",5,2.0,0.43664398000402904,20.25
"BASE EMA cross|{'fast': 5, 'slow': 300}",BASE EMA cross,"{'fast': 5, 'slow': 300}",6,1.8,0.4300500786600618,19.0
"BASE EMA cross|{'fast': 5, 'slow': 300}",BASE EMA cross,"{'fast': 5, 'slow': 300}",7,1.5,0.430618612987735,17.0
"BASE EMA cross|{'fast': 5, 'slow': 300}",BASE EMA cross,"{'fast': 5, 'slow': 300}",8,1.6666666666666667,0.4140674805872434,16.0
"BASE EMA cross|{'fast': 5, 'slow': 300}",BASE EMA cross,"{'fast': 5, 'slow': 300}",9,2.0,0.47323898948717485,22.5
"BASE EMA cross|{'fast': 5, 'slow': 300}",BASE EMA cross,"{'fast': 5, 'slow': 300}",10,1.5857142857142859,0.4519938705452893,21.5
"BASE EMA cross|{'fast': 5, 'slow': 300}",BASE EMA cross,"{'fast': 5, 'slow': 300}",11,1.8,0.44950457545858524,19.0
"BASE EMA cross|{'fast': 5, 'slow': 300}",BASE EMA cross,"{'fast': 5, 'slow': 300}",12,1.4,0.44832661568626475,19.0
"BASE EMA cross|{'fast': 5, 'slow': 300}",BASE EMA cross,"{'fast': 5, 'slow': 300}",13,1.6666666666666667,0.43652920395022166,16.5
"BASE EMA cross|{'fast': 5, 'slow': 300}",BASE EMA cross,"{'fast': 5, 'slow': 300}",14,1.4,0.4370860852271945,16.0
"BASE EMA cross|{'fast': 5, 'slow': 400}",BASE EMA cross,"{'fast': 5, 'slow': 400}",0,1.2857142857142858,0.42941682528921404,16.0
"BASE EMA cross|{'fast': 5, 'slow': 400}",BASE EMA cross,"{'fast': 5, 'slow': 400}",1,1.3333333333333333,0.4957504680696701,17.5
"BASE EMA cross|{'fast': 5, 'slow': 400}",BASE EMA cross,"{'fast': 5, 'slow': 400}",2,1.1339285714285714,0.5,16.0
"BASE EMA cross|{'fast': 5, 'slow': 400}",BASE EMA cross,"{'fast': 5, 'slow': 400}",3,1.2,0.44647746361556395,15.0
"BASE EMA cross|{'fast': 5, 'slow': 400}",BASE EMA cross,"{'fast': 5, 'slow': 400}",4,1.4,0.4319480455836579,12.25
"BASE EMA cross|{'fast': 5, 'slow': 400}",BASE EMA cross,"{'fast': 5, 'slow': 400}",5,1.6,0.4588057339462547,21.0
"BASE EMA cross|{'fast': 5, 'slow': 400}",BASE EMA cross,"{'fast': 5, 'slow': 400}",6,1.4,0.4627752990708459,19.0
"BASE EMA cross|{'fast': 5, 'slow': 400}",BASE EMA cross,"{'fast': 5, 'slow': 400}",7,1.4,0.43254574718549677,17.0
"BASE EMA cross|{'fast': 5, 'slow': 400}",BASE EMA cross,"{'fast': 5, 'slow': 400}",8,1.625,0.4245335257812181,16.0
"BASE EMA cross|{'fast': 5, 'slow': 400}",BASE EMA cross,"{'fast': 5, 'slow': 400}",9,1.5,0.5,24.0
"BASE EMA cross|{'fast': 5, 'slow': 400}",BASE EMA cross,"{'fast': 5, 'slow': 400}",10,1.4,0.4699945118620587,21.0
"BASE EMA cross|{'fast': 5, 'slow': 400}",BASE EMA cross,"{'fast': 5, 'slow': 400}",11,1.6666666666666667,0.47323898948717485,20.0
"BASE EMA cross|{'fast': 5, 'slow': 400}",BASE EMA cross,"{'fast': 5, 'slow': 400}",12,1.0,0.4748450102503523,18.5
"BASE EMA cross|{'fast': 5, 'slow': 400}",BASE EMA cross,"{'fast': 5, 'slow': 400}",13,1.4,0.4770296412230496,16.0
"BASE EMA cross|{'fast': 5, 'slow': 400}",BASE EMA cross,"{'fast': 5, 'slow': 400}",14,1.4,0.43390102632447575,15.5
"BASE EMA cross|{'fast': 10, 'slow': 50}",BASE EMA cross,"{'fast': 10, 'slow': 50}",0,3.0,0.3629236652730993,15.0
"BASE EMA cross|{'fast': 10, 'slow': 50}",BASE EMA cross,"{'fast': 10, 'slow': 50}",1,3.2,0.3649488907011604,15.5
"BASE EMA cross|{'fast': 10, 'slow': 50}",BASE EMA cross,"{'fast': 10, 'slow': 50}",2,3.775,0.36109728787477846,14.0
"BASE EMA cross|{'fast': 10, 'slow': 50}",BASE EMA cross,"{'fast': 10, 'slow': 50}",3,3.0,0.3708562460639944,14.0
"BASE EMA cross|{'fast': 10, 'slow': 50}",BASE EMA cross,"{'fast': 10, 'slow': 50}",4,3.2,0.34480982316575226,13.0
"BASE EMA cross|{'fast': 10, 'slow': 50}",BASE EMA cross,"{'fast': 10, 'slow': 50}",5,3.1833333333333336,0.3411283520542179,15.0
"BASE EMA cross|{'fast': 10, 'slow': 50}",BASE EMA cross,"{'fast': 10, 'slow': 50}",6,3.5,0.3221670207646655,14.0
"BASE EMA cross|{'fast': 10, 'slow': 50}",BASE EMA cross,"{'fast': 10, 'slow': 50}",7,2.857142857142857,0.35423141348263587,14.0
"BASE EMA cross|{'fast': 10, 'slow': 50}",BASE EMA cross,"{'fast': 10, 'slow': 50}",8,3.0,0.3158358542372942,13.0
"BASE EMA cross|{'fast': 10, 'slow': 50}",BASE EMA cross,"{'fast': 10, 'slow': 50}",9,4.0,0.32074354306977004,14.5
"BASE EMA cross|{'fast': 10, 'slow': 50}",BASE EMA cross,"{'fast': 10, 'slow': 50}",10,3.2,0.35469580696052405,14.5
"BASE EMA cross|{'fast': 10, 'slow': 50}",BASE EMA cross,"{'fast': 10, 'slow': 50}",11,3.2857142857142856,0.3157099755476312,14.0
"BASE EMA cross|{'fast': 10, 'slow': 50}",BASE EMA cross,"{'fast': 10, 'slow': 50}",12,3.6666666666666665,0.340271549444385,14.0
"BASE EMA cross|{'fast': 10, 'slow': 50}",BASE EMA cross,"{'fast': 10, 'slow': 50}",13,4.0,0.3095896684964955,12.0
"BASE EMA cross|{'fast': 10, 'slow': 50}",BASE EMA cross,"{'fast': 10, 'slow': 50}",14,3.2,0.3293563676662497,13.0
"BASE EMA cross|{'fast': 10, 'slow': 100}",BASE EMA cross,"{'fast': 10, 'slow': 100}",0,2.0,0.42481342868910454,19.0
"BASE EMA cross|{'fast': 10, 'slow': 100}",BASE EMA cross,"{'fast': 10, 'slow': 100}",1,2.25,0.4239524371152712,19.0
"BASE EMA cross|{'fast': 10, 'slow': 100}",BASE EMA cross,"{'fast': 10, 'slow': 100}",2,2.267857142857143,0.41984986987571726,17.75
"BASE EMA cross|{'fast': 10, 'slow': 100}",BASE EMA cross,"{'fast': 10, 'slow': 100}",3,2.0,0.4301041359800369,18.0
"BASE EMA cross|{'fast': 10, 'slow': 100}",BASE EMA cross,"{'fast': 10, 'slow': 100}",4,2.2,0.40859013573019237,16.0
"BASE EMA cross|{'fast': 10, 'slow': 100}",BASE EMA cross,"{'fast': 10, 'slow': 100}",5,2.1714285714285717,0.4105443187246704,19.0
"BASE EMA cross|{'fast': 10, 'slow': 100}",BASE EMA cross,"{'fast': 10, 'slow': 100}",6,2.142857142857143,0.38835440089310325,18.5
"BASE EMA cross|{'fast': 10, 'slow': 100}",BASE EMA cross,"{'fast': 10, 'slow': 100}",7,2.0,0.41011915542346356,19.0
"BASE EMA cross|{'fast': 10, 'slow': 100}",BASE EMA cross,"{'fast': 10, 'slow': 100}",8,2.142857142857143,0.38835440089310325,16.0
"BASE EMA cross|{'fast': 10, 'slow': 100}",BASE EMA cross,"{'fast': 10, 'slow': 100}",9,2.6666666666666665,0.3960619100163057,18.0
"BASE EMA cross|{'fast': 10, 'slow': 100}",BASE EMA cross,"{'fast': 10, 'slow': 100}",10,2.2,0.4170043848462236,18.75
"BASE EMA cross|{'fast': 10, 'slow': 100}",BASE EMA cross,"{'fast': 10, 'slow': 100}",11,2.3333333333333335,0.396411225870363,17.0
"BASE EMA cross|{'fast': 10, 'slow': 100}",BASE EMA cross,"{'fast': 10, 'slow': 100}",12,2.2,0.3958611299238205,18.0
"BASE EMA cross|{'fast': 10, 'slow': 100}",BASE EMA cross,"{'fast': 10, 'slow': 100}",13,2.3666666666666667,0.38293972713853164,15.0
"BASE EMA cross|{'fast': 10, 'slow': 100}",BASE EMA cross,"{'fast': 10, 'slow': 100}",14,2.2,0.3958611299238205,16.5
"BASE EMA cross|{'fast': 10, 'slow': 200}",BASE EMA cross,"{'fast': 10, 'slow': 200}",0,1.4,0.48782486932512803,19.0
"BASE EMA cross|{'fast': 10, 'slow': 200}",BASE EMA cross,"{'fast': 10, 'slow': 200}",1,1.5,0.5,22.5
"BASE EMA cross|{'fast': 10, 'slow': 200}",BASE EMA cross,"{'fast': 10, 'slow': 200}",2,1.4642857142857144,0.5,18.0
"BASE EMA cross|{'fast': 10, 'slow': 200}",BASE EMA cross,"{'fast': 10, 'slow': 200}",3,1.375,0.4935772527231015,20.0
"BASE EMA cross|{'fast': 10, 'slow': 200}",BASE EMA cross,"{'fast': 10, 'slow': 200}",4,1.4,0.48828726604511774,17.0
"BASE EMA cross|{'fast': 10, 'slow': 200}",BASE EMA cross,"{'fast': 10, 'slow': 200}",5,1.6,0.43819537949065934,22.75
"BASE EMA cross|{'fast': 10, 'slow': 200}",BASE EMA cross,"{'fast': 10, 'slow': 200}",6,1.5,0.41765178058547764,19.0
"BASE EMA cross|{'fast': 10, 'slow': 200}",BASE EMA cross,"{'fast': 10, 'slow': 200}",7,1.4,0.41863572624887013,20.5
"BASE EMA cross|{'fast': 10, 'slow': 200}",BASE EMA cross,"{'fast': 10, 'slow': 200}",8,1.4285714285714286,0.41765178058547764,18.0
"BASE EMA cross|{'fast': 10, 'slow': 200}",BASE EMA cross,"{'fast': 10, 'slow': 200}",9,1.6666666666666667,0.4672787225062317,23.0
"BASE EMA cross|{'fast': 10, 'slow': 200}",BASE EMA cross,"{'fast': 10, 'slow': 200}",10,1.5,0.453883625506335,22.75
"BASE EMA cross|{'fast': 10, 'slow': 200}",BASE EMA cross,"{'fast': 10, 'slow': 200}",11,1.6666666666666667,0.44813573444700416,21.0
"BASE EMA cross|{'fast': 10, 'slow': 200}",BASE EMA cross,"{'fast': 10, 'slow': 200}",12,1.4,0.4356552871698741,21.0
"BASE EMA cross|{'fast': 10, 'slow': 200}",BASE EMA cross,"{'fast': 10, 'slow': 200}",13,1.5,0.4424934770494344,16.25
"BASE EMA cross|{'fast': 10, 'slow': 200}",BASE EMA cross,"{'fast': 10, 'slow': 200}",14,1.4,0.4340804203529022,19.0
"BASE EMA cross|{'fast': 10, 'slow': 300}",BASE EMA cross,"{'fast': 10, 'slow': 300}",0,1.1666666666666667,0.47642424050443255,18.5
"BASE EMA cross|{'fast': 10, 'slow': 300}",BASE EMA cross,"{'fast': 10, 'slow': 300}",1,1.4,0.5,23.5
"BASE EMA cross|{'fast': 10, 'slow': 300}",BASE EMA cross,"{'fast': 10, 'slow': 300}",2,1.0,0.5,19.75
"BASE EMA cross|{'fast': 10, 'slow': 300}",BASE EMA cross,"{'fast': 10, 'slow': 300}",3,1.0,0.4893614832059831,18.0
"BASE EMA cross|{'fast': 10, 'slow': 300}",BASE EMA cross,"{'fast': 10, 'slow': 300}",4,1.0,0.47791732075656906,16.0
"BASE EMA cross|{'fast': 10, 'slow': 300}",BASE EMA cross,"{'fast': 10, 'slow': 300}",5,1.3333333333333333,0.47240181611037285,22.75
"BASE EMA cross|{'fast': 10, 'slow': 300}",BASE EMA cross,"{'fast': 10, 'slow': 300}",6,1.0,0.4611464459025155,21.0
"BASE EMA cross|{'fast': 10, 'slow': 300}",BASE EMA cross,"{'fast': 10, 'slow': 300}",7,1.1214285714285714,0.45481949812209743,20.0
"BASE EMA cross|{'fast': 10, 'slow': 300}",BASE EMA cross,"{'fast': 10, 'slow': 300}",8,1.1666666666666667,0.4461390360315817,19.0
"BASE EMA cross|{'fast': 10, 'slow': 300}",BASE EMA cross,"{'fast': 10, 'slow': 300}",9,1.3333333333333333,0.49223529881877887,25.0
"BASE EMA cross|{'fast': 10, 'slow': 300}",BASE EMA cross,"{'fast': 10, 'slow': 300}",10,1.2916666666666665,0.4865825127294835,23.25
"BASE EMA cross|{'fast': 10, 'slow': 300}",BASE EMA cross,"{'fast': 10, 'slow': 300}",11,1.3333333333333333,0.47587119764777897,22.0
"BASE EMA cross|{'fast': 10, 'slow': 300}",BASE EMA cross,"{'fast': 10, 'slow': 300}",12,1.0,0.4860072887868213,22.0
"BASE EMA cross|{'fast': 10, 'slow': 300}",BASE EMA cross,"{'fast': 10, 'slow': 300}",13,1.0,0.4691616642950164,20.0
"BASE EMA cross|{'fast': 10, 'slow': 300}",BASE EMA cross,"{'fast': 10, 'slow': 300}",14,1.0,0.46285097432763644,18.0
"BASE EMA cross|{'fast': 10, 'slow': 400}",BASE EMA cross,"{'fast': 10, 'slow': 400}",0,0.8571428571428571,0.47092348565018116,17.0
"BASE EMA cross|{'fast': 10, 'slow': 400}",BASE EMA cross,"{'fast': 10, 'slow': 400}",1,0.8571428571428571,0.5,21.0
"BASE EMA cross|{'fast': 10, 'slow': 400}",BASE EMA cross,"{'fast': 10, 'slow': 400}",2,0.8333333333333334,0.5,16.5
"BASE EMA cross|{'fast': 10, 'slow': 400}",BASE EMA cross,"{'fast': 10, 'slow': 400}",3,0.8333333333333334,0.4734350479659687,16.0
"BASE EMA cross|{'fast': 10, 'slow': 400}",BASE EMA cross,"{'fast': 10, 'slow': 400}",4,1.0,0.47442157389810824,14.0
"BASE EMA cross|{'fast': 10, 'slow': 400}",BASE EMA cross,"{'fast': 10, 'slow': 400}",5,1.1428571428571428,0.4889181937631403,22.25
"BASE EMA cross|{'fast': 10, 'slow': 400}",BASE EMA cross,"{'fast': 10, 'slow': 400}",6,1.0,0.48275147771044485,21.0
"BASE EMA cross|{'fast': 10, 'slow': 400}",BASE EMA cross,"{'fast': 10, 'slow': 400}",7,1.0,0.45175321696712994,19.5
"BASE EMA cross|{'fast': 10, 'slow': 400}",BASE EMA cross,"{'fast': 10, 'slow': 400}",8,1.1428571428571428,0.4525320308501265,19.0
"BASE EMA cross|{'fast': 10, 'slow': 400}",BASE EMA cross,"{'fast': 10, 'slow': 400}",9,1.0,0.5,26.0
"BASE EMA cross|{'fast': 10, 'slow': 400}",BASE EMA cross,"{'fast': 10, 'slow': 400}",10,1.0,0.49890964719716296,22.0
"BASE EMA cross|{'fast': 10, 'slow': 400}",BASE EMA cross,"{'fast': 10, 'slow': 400}",11,1.1428571428571428,0.49623659210065874,22.0
"BASE EMA cross|{'fast': 10, 'slow': 400}",BASE EMA cross,"{'fast': 10, 'slow': 400}",12,1.0,0.5,20.0
"BASE EMA cross|{'fast': 10, 'slow': 400}",BASE EMA cross,"{'fast': 10, 'slow': 400}",13,1.0,0.4976168105873478,18.5
"BASE EMA cross|{'fast': 10, 'slow': 400}",BASE EMA cross,"{'fast': 10, 'slow': 400}",14,1.0,0.454163841806511,17.0
"BASE EMA cross|{'fast': 20, 'slow': 50}",BASE EMA cross,"{'fast': 20, 'slow': 50}",0,2.142857142857143,0.3994329569950646,19.0
"BASE EMA cross|{'fast': 20, 'slow': 50}",BASE EMA cross,"{'fast': 20, 'slow': 50}",1,2.3333333333333335,0.3993320341274166,19.0
"BASE EMA cross|{'fast': 20, 'slow': 50}",BASE EMA cross,"{'fast': 20, 'slow': 50}",2,2.6,0.3832028558516919,17.75
"BASE EMA cross|{'fast': 20, 'slow': 50}",BASE EMA cross,"{'fast': 20, 'slow': 50}",3,2.2,0.3958611299238205,18.0
"BASE EMA cross|{'fast': 20, 'slow': 50}",BASE EMA cross,"{'fast': 20, 'slow': 50}",4,2.25,0.3742313377685015,16.25
"BASE EMA cross|{'fast': 20, 'slow': 50}",BASE EMA cross,"{'fast': 20, 'slow': 50}",5,2.2,0.38177124232639936,19.0
"BASE EMA cross|{'fast': 20, 'slow': 50}",BASE EMA cross,"{'fast': 20, 'slow': 50}",6,2.4,0.36895159169139624,18.0
"BASE EMA cross|{'fast': 20, 'slow': 50}",BASE EMA cross,"{'fast': 20, 'slow': 50}",7,2.0,0.38733549117539645,18.0
"BASE EMA cross|{'fast': 20, 'slow': 50}",BASE EMA cross,"{'fast': 20, 'slow': 50}",8,2.2,0.351760559965327,17.0
"BASE EMA cross|{'fast': 20, 'slow': 50}",BASE EMA cross,"{'fast': 20, 'slow': 50}",9,2.6666666666666665,0.3711972501185316,18.0
"BASE EMA cross|{'fast': 20, 'slow': 50}",BASE EMA cross,"{'fast': 20, 'slow': 50}",10,2.291666666666667,0.38061891151752325,18.0
"BASE EMA cross|{'fast': 20, 'slow': 50}",BASE EMA cross,"{'fast': 20, 'slow': 50}",11,2.3333333333333335,0.3586732972610088,17.0
"BASE EMA cross|{'fast': 20, 'slow': 50}",BASE EMA cross,"{'fast': 20, 'slow': 50}",12,2.5,0.3724114063501675,17.5
"BASE EMA cross|{'fast': 20, 'slow': 50}",BASE EMA cross,"{'fast': 20, 'slow': 50}",13,2.6333333333333333,0.3464109564025555,15.0
"BASE EMA cross|{'fast': 20, 'slow': 50}",BASE EMA cross,"{'fast': 20, 'slow': 50}",14,2.25,0.36124513583877377,17.0
"BASE EMA cross|{'fast': 20, 'slow': 100}",BASE EMA cross,"{'fast': 20, 'slow': 100}",0,1.4,0.44678967302108374,23.0
"BASE EMA cross|{'fast': 20, 'slow': 100}",BASE EMA cross,"{'fast': 20, 'slow': 100}",1,1.5,0.45269137122767866,24.5
"BASE EMA cross|{'fast': 20, 'slow': 100}",BASE EMA cross,"{'fast': 20, 'slow': 100}",2,1.5,0.4516637980401649,22.75
"BASE EMA cross|{'fast': 20, 'slow': 100}",BASE EMA cross,"{'fast': 20, 'slow': 100}",3,1.4,0.4741930651387434,23.0
"BASE EMA cross|{'fast': 20, 'slow': 100}",BASE EMA cross,"{'fast': 20, 'slow': 100}",4,1.5,0.44019700646936333,19.25
"BASE EMA cross|{'fast': 20, 'slow': 100}",BASE EMA cross,"{'fast': 20, 'slow': 100}",5,1.5,0.4187074896797092,23.0
"BASE EMA cross|{'fast': 20, 'slow': 100}",BASE EMA cross,"{'fast': 20, 'slow': 100}",6,1.5,0.3985603476172268,22.0
"BASE EMA cross|{'fast': 20, 'slow': 100}",BASE EMA cross,"{'fast': 20, 'slow': 100}",7,1.4,0.4354084721271192,22.25
"BASE EMA cross|{'fast': 20, 'slow': 100}",BASE EMA cross,"{'fast': 20, 'slow': 100}",8,1.5,0.4068741117015799,20.0
"BASE EMA cross|{'fast': 20, 'slow': 100}",BASE EMA cross,"{'fast': 20, 'slow': 100}",9,2.0,0.4203145102444952,23.0
"BASE EMA cross|{'fast': 20, 'slow': 100}",BASE EMA cross,"{'fast': 20, 'slow': 100}",10,1.6,0.44711424919894033,23.25
"BASE EMA cross|{'fast': 20, 'slow': 100}",BASE EMA cross,"{'fast': 20, 'slow': 100}",11,1.6666666666666667,0.4203145102444952,21.0
"BASE EMA cross|{'fast': 20, 'slow': 100}",BASE EMA cross,"{'fast': 20, 'slow': 100}",12,1.6666666666666667,0.43772239895641835,22.0
"BASE EMA cross|{'fast': 20, 'slow': 100}",BASE EMA cross,"{'fast': 20, 'slow': 100}",13,1.8166666666666667,0.38833275439691817,18.75
"BASE EMA cross|{'fast': 20, 'slow': 100}",BASE EMA cross,"{'fast': 20, 'slow': 100}",14,1.6,0.433090945447186,21.0
"BASE EMA cross|{'fast': 20, 'slow': 200}",BASE EMA cross,"{'fast': 20, 'slow': 200}",0,1.0,0.5,23.0
"BASE EMA cross|{'fast': 20, 'slow': 200}",BASE EMA cross,"{'fast': 20, 'slow': 200}",1,1.25,0.5,26.0
"BASE EMA cross|{'fast': 20, 'slow': 200}",BASE EMA cross,"{'fast': 20, 'slow': 200}",2,1.0,0.5,22.25
"BASE EMA cross|{'fast': 20, 'slow': 200}",BASE EMA cross,"{'fast': 20, 'slow': 200}",3,1.0,0.494730727296976,23.0
"BASE EMA cross|{'fast': 20, 'slow': 200}",BASE EMA cross,"{'fast': 20, 'slow': 200}",4,1.0,0.5,18.5
"BASE EMA cross|{'fast': 20, 'slow': 200}",BASE EMA cross,"{'fast': 20, 'slow': 200}",5,1.2,0.4636577106244051,26.0
"BASE EMA cross|{'fast': 20, 'slow': 200}",BASE EMA cross,"{'fast': 20, 'slow': 200}",6,1.0,0.4571783098133346,23.0
"BASE EMA cross|{'fast': 20, 'slow': 200}",BASE EMA cross,"{'fast': 20, 'slow': 200}",7,1.0,0.4532434718015763,23.0
"BASE EMA cross|{'fast': 20, 'slow': 200}",BASE EMA cross,"{'fast': 20, 'slow': 200}",8,1.0,0.4380604615858963,22.0
"BASE EMA cross|{'fast': 20, 'slow': 200}",BASE EMA cross,"{'fast': 20, 'slow': 200}",9,1.25,0.4857934069548114,26.5
"BASE EMA cross|{'fast': 20, 'slow': 200}",BASE EMA cross,"{'fast': 20, 'slow': 200}",10,1.2,0.47485914139939706,25.75
"BASE EMA cross|{'fast': 20, 'slow': 200}",BASE EMA cross,"{'fast': 20, 'slow': 200}",11,1.25,0.4683083322788285,24.0
"BASE EMA cross|{'fast': 20, 'slow': 200}",BASE EMA cross,"{'fast': 20, 'slow': 200}",12,1.0,0.4710896326992577,23.0
"BASE EMA cross|{'fast': 20, 'slow': 200}",BASE EMA cross,"{'fast': 20, 'slow': 200}",13,1.0,0.46099804618445284,20.0
"BASE EMA cross|{'fast': 20, 'slow': 200}",BASE EMA cross,"{'fast': 20, 'slow': 200}",14,1.0,0.46141135168297315,22.0
"BASE EMA cross|{'fast': 20, 'slow': 300}",BASE EMA cross,"{'fast': 20, 'slow': 300}",0,0.8,0.48757031640280407,19.0
"BASE EMA cross|{'fast': 20, 'slow': 300}",BASE EMA cross,"{'fast': 20, 'slow': 300}",1,0.8571428571428571,0.5,25.0
"BASE EMA cross|{'fast': 20, 'slow': 300}",BASE EMA cross,"{'fast': 20, 'slow': 300}",2,0.75,0.5,21.0
"BASE EMA cross|{'fast': 20, 'slow': 300}",BASE EMA cross,"{'fast': 20, 'slow': 300}",3,0.6666666666666666,0.5,19.0
"BASE EMA cross|{'fast': 20, 'slow': 300}",BASE EMA cross,"{'fast': 20, 'slow': 300}",4,0.8166666666666667,0.49470353725115834,16.0
"BASE EMA cross|{'fast': 20, 'slow': 300}",BASE EMA cross,"{'fast': 20, 'slow': 300}",5,1.0,0.49925296564001015,26.0
"BASE EMA cross|{'fast': 20, 'slow': 300}",BASE EMA cross,"{'fast': 20, 'slow': 300}",6,0.8,0.48757031640280407,24.0
"BASE EMA cross|{'fast': 20, 'slow': 300}",BASE EMA cross,"{'fast': 20, 'slow': 300}",7,0.7638888888888888,0.48769405237178376,22.0
"BASE EMA cross|{'fast': 20, 'slow': 300}",BASE EMA cross,"{'fast': 20, 'slow': 300}",8,0.8571428571428571,0.48155077841243654,20.0
"BASE EMA cross|{'fast': 20, 'slow': 300}",BASE EMA cross,"{'fast': 20, 'slow': 300}",9,1.0,0.5,27.5
"BASE EMA cross|{'fast': 20, 'slow': 300}",BASE EMA cross,"{'fast': 20, 'slow': 300}",10,0.8,0.5,26.0
"BASE EMA cross|{'fast': 20, 'slow': 300}",BASE EMA cross,"{'fast': 20, 'slow': 300}",11,1.0,0.5,25.0
"BASE EMA cross|{'fast': 20, 'slow': 300}",BASE EMA cross,"{'fast': 20, 'slow': 300}",12,0.6666666666666666,0.5,24.0
"BASE EMA cross|{'fast': 20, 'slow': 300}",BASE EMA cross,"{'fast': 20, 'slow': 300}",13,0.8333333333333334,0.49470353725115834,23.5
"BASE EMA cross|{'fast': 20, 'slow': 300}",BASE EMA cross,"{'fast': 20, 'slow': 300}",14,0.7777777777777778,0.49827889196669717,20.0
"BASE EMA cross|{'fast': 20, 'slow': 400}",BASE EMA cross,"{'fast': 20, 'slow': 400}",0,0.7142857142857143,0.48757031640280407,19.5
"BASE EMA cross|{'fast': 20, 'slow': 400}",BASE EMA cross,"{'fast': 20, 'slow': 400}",1,0.6666666666666666,0.5,23.0
"BASE EMA cross|{'fast': 20, 'slow': 400}",BASE EMA cross,"{'fast': 20, 'slow': 400}",2,0.5,0.5,17.5
"BASE EMA cross|{'fast': 20, 'slow': 400}",BASE EMA cross,"{'fast': 20, 'slow': 400}",3,0.5555555555555556,0.4989470127359949,17.0
"BASE EMA cross|{'fast': 20, 'slow': 400}",BASE EMA cross,"{'fast': 20, 'slow': 400}",4,0.7321428571428572,0.4777637184941155,14.0
"BASE EMA cross|{'fast': 20, 'slow': 400}",BASE EMA cross,"{'fast': 20, 'slow': 400}",5,0.8,0.5,26.25
"BASE EMA cross|{'fast': 20, 'slow': 400}",BASE EMA cross,"{'fast': 20, 'slow': 400}",6,0.625,0.5,24.0
"BASE EMA cross|{'fast': 20, 'slow': 400}",BASE EMA cross,"{'fast': 20, 'slow': 400}",7,0.6666666666666666,0.4844993220378241,21.75
"BASE EMA cross|{'fast': 20, 'slow': 400}",BASE EMA cross,"{'fast': 20, 'slow': 400}",8,0.8571428571428571,0.4818845116777479,21.5
"BASE EMA cross|{'fast': 20, 'slow': 400}",BASE EMA cross,"{'fast': 20, 'slow': 400}",9,0.6,0.5,27.5
"BASE EMA cross|{'fast': 20, 'slow': 400}",BASE EMA cross,"{'fast': 20, 'slow': 400}",10,0.6458333333333333,0.5,24.25
"BASE EMA cross|{'fast': 20, 'slow': 400}",BASE EMA cross,"{'fast': 20, 'slow': 400}",11,0.8333333333333334,0.5,25.5
"BASE EMA cross|{'fast': 20, 'slow': 400}",BASE EMA cross,"{'fast': 20, 'slow': 400}",12,0.5,0.5,22.0
"BASE EMA cross|{'fast': 20, 'slow': 400}",BASE EMA cross,"{'fast': 20, 'slow': 400}",13,0.6666666666666666,0.5,22.5
"BASE EMA cross|{'fast': 20, 'slow': 400}",BASE EMA cross,"{'fast': 20, 'slow': 400}",14,0.6666666666666666,0.47655444554109194,19.0
"BASE EMA cross|{'fast': 30, 'slow': 50}",BASE EMA cross,"{'fast': 30, 'slow': 50}",0,1.5714285714285714,0.4264919026242782,21.5
"BASE EMA cross|{'fast': 30, 'slow': 50}",BASE EMA cross,"{'fast': 30, 'slow': 50}",1,2.0,0.42431724694737993,22.0
"BASE EMA cross|{'fast': 30, 'slow': 50}",BASE EMA cross,"{'fast': 30, 'slow': 50}",2,2.0,0.4199960200194778,20.0
"BASE EMA cross|{'fast': 30, 'slow': 50}",BASE EMA cross,"{'fast': 30, 'slow': 50}",3,1.7142857142857142,0.42911679808185904,21.0
"BASE EMA cross|{'fast': 30, 'slow': 50}",BASE EMA cross,"{'fast': 30, 'slow': 50}",4,1.75,0.40417774898121744,18.25
"BASE EMA cross|{'fast': 30, 'slow': 50}",BASE EMA cross,"{'fast': 30, 'slow': 50}",5,1.75,0.3976862798974431,22.0
"BASE EMA cross|{'fast': 30, 'slow': 50}",BASE EMA cross,"{'fast': 30, 'slow': 50}",6,2.0,0.3914520322081308,20.5
"BASE EMA cross|{'fast': 30, 'slow': 50}",BASE EMA cross,"{'fast': 30, 'slow': 50}",7,1.6666666666666667,0.40296603666586345,21.0
"BASE EMA cross|{'fast': 30, 'slow': 50}",BASE EMA cross,"{'fast': 30, 'slow': 50}",8,1.6,0.38381031059170245,19.0
"BASE EMA cross|{'fast': 30, 'slow': 50}",BASE EMA cross,"{'fast': 30, 'slow': 50}",9,2.25,0.3960619100163057,21.0
"BASE EMA cross|{'fast': 30, 'slow': 50}",BASE EMA cross,"{'fast': 30, 'slow': 50}",10,1.9285714285714286,0.4045845556208637,21.0
"BASE EMA cross|{'fast': 30, 'slow': 50}",BASE EMA cross,"{'fast': 30, 'slow': 50}",11,2.0,0.3860663055605456,19.0
"BASE EMA cross|{'fast': 30, 'slow': 50}",BASE EMA cross,"{'fast': 30, 'slow': 50}",12,2.0,0.3998468644799757,20.0
"BASE EMA cross|{'fast': 30, 'slow': 50}",BASE EMA cross,"{'fast': 30, 'slow': 50}",13,2.225,0.378836451608616,17.25
"BASE EMA cross|{'fast': 30, 'slow': 50}",BASE EMA cross,"{'fast': 30, 'slow': 50}",14,1.8,0.38954180730873167,19.0
"BASE EMA cross|{'fast': 30, 'slow': 100}",BASE EMA cross,"{'fast': 30, 'slow': 100}",0,1.1666666666666667,0.47923234956830235,25.0
"BASE EMA cross|{'fast': 30, 'slow': 100}",BASE EMA cross,"{'fast': 30, 'slow': 100}",1,1.4285714285714286,0.48989828793060963,27.5
"BASE EMA cross|{'fast': 30, 'slow': 100}",BASE EMA cross,"{'fast': 30, 'slow': 100}",2,1.3333333333333333,0.4928785900613798,25.0
"BASE EMA cross|{'fast': 30, 'slow': 100}",BASE EMA cross,"{'fast': 30, 'slow': 100}",3,1.25,0.48398087936185746,25.0
"BASE EMA cross|{'fast': 30, 'slow': 100}",BASE EMA cross,"{'fast': 30, 'slow': 100}",4,1.225,0.4892654435277019,22.0
"BASE EMA cross|{'fast': 30, 'slow': 100}",BASE EMA cross,"{'fast': 30, 'slow': 100}",5,1.25,0.44279637982060077,25.5
"BASE EMA cross|{'fast': 30, 'slow': 100}",BASE EMA cross,"{'fast': 30, 'slow': 100}",6,1.1666666666666667,0.42166481912339476,24.5
"BASE EMA cross|{'fast': 30, 'slow': 100}",BASE EMA cross,"{'fast': 30, 'slow': 100}",7,1.1666666666666667,0.42787019182986746,23.5
"BASE EMA cross|{'fast': 30, 'slow': 100}",BASE EMA cross,"{'fast': 30, 'slow': 100}",8,1.1666666666666667,0.4219298123324011,22.0
"BASE EMA cross|{'fast': 30, 'slow': 100}",BASE EMA cross,"{'fast': 30, 'slow': 100}",9,1.5714285714285714,0.4534060827658541,25.5
"BASE EMA cross|{'fast': 30, 'slow': 100}",BASE EMA cross,"{'fast': 30, 'slow': 100}",10,1.4,0.45061834380151067,25.0
"BASE EMA cross|{'fast': 30, 'slow': 100}",BASE EMA cross,"{'fast': 30, 'slow': 100}",11,1.4,0.4497187403516248,23.0
"BASE EMA cross|{'fast': 30, 'slow': 100}",BASE EMA cross,"{'fast': 30, 'slow': 100}",12,1.2857142857142858,0.4443177653676227,24.0
"BASE EMA cross|{'fast': 30, 'slow': 100}",BASE EMA cross,"{'fast': 30, 'slow': 100}",13,1.3095238095238095,0.43718494236523964,21.75
"BASE EMA cross|{'fast': 30, 'slow': 100}",BASE EMA cross,"{'fast': 30, 'slow': 100}",14,1.2,0.437443477749912,22.0
"BASE EMA cross|{'fast': 30, 'slow': 200}",BASE EMA cross,"{'fast': 30, 'slow': 200}",0,0.8571428571428571,0.5,23.5
"BASE EMA cross|{'fast': 30, 'slow': 200}",BASE EMA cross,"{'fast': 30, 'slow': 200}",1,1.0,0.5,28.0
"BASE EMA cross|{'fast': 30, 'slow': 200}",BASE EMA cross,"{'fast': 30, 'slow': 200}",2,0.95,0.5,23.75
"BASE EMA cross|{'fast': 30, 'slow': 200}",BASE EMA cross,"{'fast': 30, 'slow': 200}",3,0.8,0.5,24.0
"BASE EMA cross|{'fast': 30, 'slow': 200}",BASE EMA cross,"{'fast': 30, 'slow': 200}",4,0.873015873015873,0.5,20.0
"BASE EMA cross|{'fast': 30, 'slow': 200}",BASE EMA cross,"{'fast': 30, 'slow': 200}",5,1.0,0.48860148475505893,29.0
"BASE EMA cross|{'fast': 30, 'slow': 200}",BASE EMA cross,"{'fast': 30, 'slow': 200}",6,0.8571428571428571,0.4866909985154374,25.0
"BASE EMA cross|{'fast': 30, 'slow': 200}",BASE EMA cross,"{'fast': 30, 'slow': 200}",7,0.8166666666666667,0.46018651370963903,25.0
"BASE EMA cross|{'fast': 30, 'slow': 200}",BASE EMA cross,"{'fast': 30, 'slow': 200}",8,0.8571428571428571,0.4505440936477402,23.0
"BASE EMA cross|{'fast': 30, 'slow': 200}",BASE EMA cross,"{'fast': 30, 'slow': 200}",9,1.0,0.4982243845742288,29.0
"BASE EMA cross|{'fast': 30, 'slow': 200}",BASE EMA cross,"{'fast': 30, 'slow': 200}",10,0.9,0.49248124651022984,29.0
"BASE EMA cross|{'fast': 30, 'slow': 200}",BASE EMA cross,"{'fast': 30, 'slow': 200}",11,1.0,0.49051197099468047,26.0
"BASE EMA cross|{'fast': 30, 'slow': 200}",BASE EMA cross,"{'fast': 30, 'slow': 200}",12,0.8333333333333334,0.4882727858624616,25.0
"BASE EMA cross|{'fast': 30, 'slow': 200}",BASE EMA cross,"{'fast': 30, 'slow': 200}",13,1.0,0.4882645736675951,23.0
"BASE EMA cross|{'fast': 30, 'slow': 200}",BASE EMA cross,"{'fast': 30, 'slow': 200}",14,0.8333333333333334,0.46224492096750097,24.0
"BASE EMA cross|{'fast': 30, 'slow': 300}",BASE EMA cross,"{'fast': 30, 'slow': 300}",0,0.6666666666666666,0.5,20.0
"BASE EMA cross|{'fast': 30, 'slow': 300}",BASE EMA cross,"{'fast': 30, 'slow': 300}",1,0.75,0.5,25.5
"BASE EMA cross|{'fast': 30, 'slow': 300}",BASE EMA cross,"{'fast': 30, 'slow': 300}",2,0.5277777777777778,0.5,19.5
"BASE EMA cross|{'fast': 30, 'slow': 300}",BASE EMA cross,"{'fast': 30, 'slow': 300}",3,0.6,0.5,18.5
"BASE EMA cross|{'fast': 30, 'slow': 300}",BASE EMA cross,"{'fast': 30, 'slow': 300}",4,0.6666666666666666,0.5,17.5
"BASE EMA cross|{'fast': 30, 'slow': 300}",BASE EMA cross,"{'fast': 30, 'slow': 300}",5,0.8,0.5,27.75
"BASE EMA cross|{'fast': 30, 'slow': 300}",BASE EMA cross,"{'fast': 30, 'slow': 300}",6,0.6,0.5,22.5
"BASE EMA cross|{'fast': 30, 'slow': 300}",BASE EMA cross,"{'fast': 30, 'slow': 300}",7,0.6,0.49089456754677074,21.75
"BASE EMA cross|{'fast': 30, 'slow': 300}",BASE EMA cross,"{'fast': 30, 'slow': 300}",8,0.8,0.49623659210065874,21.5
"BASE EMA cross|{'fast': 30, 'slow': 300}",BASE EMA cross,"{'fast': 30, 'slow': 300}",9,0.75,0.5,30.0
"BASE EMA cross|{'fast': 30, 'slow': 300}",BASE EMA cross,"{'fast': 30, 'slow': 300}",10,0.7071428571428571,0.5,26.0
"BASE EMA cross|{'fast': 30, 'slow': 300}",BASE EMA cross,"{'fast': 30, 'slow': 300}",11,0.8,0.5,26.0
"BASE EMA cross|{'fast': 30, 'slow': 300}",BASE EMA cross,"{'fast': 30, 'slow': 300}",12,0.5,0.5,22.0
"BASE EMA cross|{'fast': 30, 'slow': 300}",BASE EMA cross,"{'fast': 30, 'slow': 300}",13,0.6,0.5,22.25
"BASE EMA cross|{'fast': 30, 'slow': 300}",BASE EMA cross,"{'fast': 30, 'slow': 300}",14,0.6,0.49623659210065874,18.5
"BASE EMA cross|{'fast': 30, 'slow': 400}",BASE EMA cross,"{'fast': 30, 'slow': 400}",0,0.5714285714285714,0.5,20.0
"BASE EMA cross|{'fast': 30, 'slow': 400}",BASE EMA cross,"{'fast': 30, 'slow': 400}",1,0.5555555555555556,0.5,23.0
"BASE EMA cross|{'fast': 30, 'slow': 400}",BASE EMA cross,"{'fast': 30, 'slow': 400}",2,0.5,0.5,19.5
"BASE EMA cross|{'fast': 30, 'slow': 400}",BASE EMA cross,"{'fast': 30, 'slow': 400}",3,0.5,0.5,16.5
"BASE EMA cross|{'fast': 30, 'slow': 400}",BASE EMA cross,"{'fast': 30, 'slow': 400}",4,0.6,0.49999029535432116,15.5
"BASE EMA cross|{'fast': 30, 'slow': 400}",BASE EMA cross,"{'fast': 30, 'slow': 400}",5,0.6666666666666666,0.5082206343263023,27.0
"BASE EMA cross|{'fast': 30, 'slow': 400}",BASE EMA cross,"{'fast': 30, 'slow': 400}",6,0.6,0.5,26.0
"BASE EMA cross|{'fast': 30, 'slow': 400}",BASE EMA cross,"{'fast': 30, 'slow': 400}",7,0.5,0.5,22.0
"BASE EMA cross|{'fast': 30, 'slow': 400}",BASE EMA cross,"{'fast': 30, 'slow': 400}",8,0.6666666666666666,0.5,22.0
"BASE EMA cross|{'fast': 30, 'slow': 400}",BASE EMA cross,"{'fast': 30, 'slow': 400}",9,0.5714285714285714,0.5,29.5
"BASE EMA cross|{'fast': 30, 'slow': 400}",BASE EMA cross,"{'fast': 30, 'slow': 400}",10,0.5,0.5,23.0
"BASE EMA cross|{'fast': 30, 'slow': 400}",BASE EMA cross,"{'fast': 30, 'slow': 400}",11,0.6666666666666666,0.5,25.0
"BASE EMA cross|{'fast': 30, 'slow': 400}",BASE EMA cross,"{'fast': 30, 'slow': 400}",12,0.5,0.5,22.0
"BASE EMA cross|{'fast': 30, 'slow': 400}",BASE EMA cross,"{'fast': 30, 'slow': 400}",13,0.6,0.5,23.5
"BASE EMA cross|{'fast': 30, 'slow': 400}",BASE EMA cross,"{'fast': 30, 'slow': 400}",14,0.6,0.5,17.0
"BASE EMA cross|{'fast': 50, 'slow': 100}",BASE EMA cross,"{'fast': 50, 'slow': 100}",0,1.0,0.5017770428680365,26.5
"BASE EMA cross|{'fast': 50, 'slow': 100}",BASE EMA cross,"{'fast': 50, 'slow': 100}",1,1.1428571428571428,0.5106921884322676,29.0
"BASE EMA cross|{'fast': 50, 'slow': 100}",BASE EMA cross,"{'fast': 50, 'slow': 100}",2,1.0,0.5,25.5
"BASE EMA cross|{'fast': 50, 'slow': 100}",BASE EMA cross,"{'fast': 50, 'slow': 100}",3,1.0,0.5,26.0
"BASE EMA cross|{'fast': 50, 'slow': 100}",BASE EMA cross,"{'fast': 50, 'slow': 100}",4,1.0,0.4824856183175211,22.75
"BASE EMA cross|{'fast': 50, 'slow': 100}",BASE EMA cross,"{'fast': 50, 'slow': 100}",5,1.0,0.47993603925389666,29.5
"BASE EMA cross|{'fast': 50, 'slow': 100}",BASE EMA cross,"{'fast': 50, 'slow': 100}",6,1.0,0.44958822292946354,26.0
"BASE EMA cross|{'fast': 50, 'slow': 100}",BASE EMA cross,"{'fast': 50, 'slow': 100}",7,0.95,0.4743529038817865,26.75
"BASE EMA cross|{'fast': 50, 'slow': 100}",BASE EMA cross,"{'fast': 50, 'slow': 100}",8,1.0,0.43630174686597006,23.0
"BASE EMA cross|{'fast': 50, 'slow': 100}",BASE EMA cross,"{'fast': 50, 'slow': 100}",9,1.1428571428571428,0.47388554735438704,29.0
"BASE EMA cross|{'fast': 50, 'slow': 100}",BASE EMA cross,"{'fast': 50, 'slow': 100}",10,1.0,0.49240994783269054,28.5
"BASE EMA cross|{'fast': 50, 'slow': 100}",BASE EMA cross,"{'fast': 50, 'slow': 100}",11,1.0,0.46048951947240296,25.0
"BASE EMA cross|{'fast': 50, 'slow': 100}",BASE EMA cross,"{'fast': 50, 'slow': 100}",12,1.0,0.4684183361227909,25.0
"BASE EMA cross|{'fast': 50, 'slow': 100}",BASE EMA cross,"{'fast': 50, 'slow': 100}",13,1.0,0.4324583161549209,21.75
"BASE EMA cross|{'fast': 50, 'slow': 100}",BASE EMA cross,"{'fast': 50, 'slow': 100}",14,1.0,0.4501132872917828,24.0
"BASE EMA cross|{'fast': 50, 'slow': 200}",BASE EMA cross,"{'fast': 50, 'slow': 200}",0,0.625,0.5,23.0
"BASE EMA cross|{'fast': 50, 'slow': 200}",BASE EMA cross,"{'fast': 50, 'slow': 200}",1,0.75,0.5,28.0
"BASE EMA cross|{'fast': 50, 'slow': 200}",BASE EMA cross,"{'fast': 50, 'slow': 200}",2,0.6666666666666666,0.5,23.0
"BASE EMA cross|{'fast': 50, 'slow': 200}",BASE EMA cross,"{'fast': 50, 'slow': 200}",3,0.6,0.5,22.5
"BASE EMA cross|{'fast': 50, 'slow': 200}",BASE EMA cross,"{'fast': 50, 'slow': 200}",4,0.6515151515151515,0.48519423411596685,19.5
"BASE EMA cross|{'fast': 50, 'slow': 200}",BASE EMA cross,"{'fast': 50, 'slow': 200}",5,0.75,0.5,28.0
"BASE EMA cross|{'fast': 50, 'slow': 200}",BASE EMA cross,"{'fast': 50, 'slow': 200}",6,0.7142857142857143,0.5,26.0
"BASE EMA cross|{'fast': 50, 'slow': 200}",BASE EMA cross,"{'fast': 50, 'slow': 200}",7,0.6125,0.4969384817234591,24.5
"BASE EMA cross|{'fast': 50, 'slow': 200}",BASE EMA cross,"{'fast': 50, 'slow': 200}",8,0.6666666666666666,0.4667444209409422,22.0
"BASE EMA cross|{'fast': 50, 'slow': 200}",BASE EMA cross,"{'fast': 50, 'slow': 200}",9,0.8,0.5,31.5
"BASE EMA cross|{'fast': 50, 'slow': 200}",BASE EMA cross,"{'fast': 50, 'slow': 200}",10,0.7,0.5,29.25
"BASE EMA cross|{'fast': 50, 'slow': 200}",BASE EMA cross,"{'fast': 50, 'slow': 200}",11,0.75,0.496472589424118,27.5
"BASE EMA cross|{'fast': 50, 'slow': 200}",BASE EMA cross,"{'fast': 50, 'slow': 200}",12,0.6666666666666666,0.5,25.0
"BASE EMA cross|{'fast': 50, 'slow': 200}",BASE EMA cross,"{'fast': 50, 'slow': 200}",13,0.775,0.47892674115939393,22.75
"BASE EMA cross|{'fast': 50, 'slow': 200}",BASE EMA cross,"{'fast': 50, 'slow': 200}",14,0.6363636363636364,0.47551965383630723,22.0
"BASE EMA cross|{'fast': 50, 'slow': 300}",BASE EMA cross,"{'fast': 50, 'slow': 300}",0,0.5,0.5,20.0
"BASE EMA cross|{'fast': 50, 'slow': 300}",BASE EMA cross,"{'fast': 50, 'slow': 300}",1,0.5,0.5,23.0
"BASE EMA cross|{'fast': 50, 'slow': 300}",BASE EMA cross,"{'fast': 50, 'slow': 300}",2,0.5,0.5,18.0
"BASE EMA cross|{'fast': 50, 'slow': 300}",BASE EMA cross,"{'fast': 50, 'slow': 300}",3,0.42857142857142855,0.5,16.5
"BASE EMA cross|{'fast': 50, 'slow': 300}",BASE EMA cross,"{'fast': 50, 'slow': 300}",4,0.5714285714285714,0.5,16.0
"BASE EMA cross|{'fast': 50, 'slow': 300}",BASE EMA cross,"{'fast': 50, 'slow': 300}",5,0.5714285714285714,0.5,27.0
"BASE EMA cross|{'fast': 50, 'slow': 300}",BASE EMA cross,"{'fast': 50, 'slow': 300}",6,0.5,0.5,26.5
"BASE EMA cross|{'fast': 50, 'slow': 300}",BASE EMA cross,"{'fast': 50, 'slow': 300}",7,0.5,0.49716228271279084,21.75
"BASE EMA cross|{'fast': 50, 'slow': 300}",BASE EMA cross,"{'fast': 50, 'slow': 300}",8,0.6,0.49013795974438584,22.0
"BASE EMA cross|{'fast': 50, 'slow': 300}",BASE EMA cross,"{'fast': 50, 'slow': 300}",9,0.5,0.5,29.0
"BASE EMA cross|{'fast': 50, 'slow': 300}",BASE EMA cross,"{'fast': 50, 'slow': 300}",10,0.5,0.5,23.0
"BASE EMA cross|{'fast': 50, 'slow': 300}",BASE EMA cross,"{'fast': 50, 'slow': 300}",11,0.6,0.5,26.0
"BASE EMA cross|{'fast': 50, 'slow': 300}",BASE EMA cross,"{'fast': 50, 'slow': 300}",12,0.42857142857142855,0.5,21.0
"BASE EMA cross|{'fast': 50, 'slow': 300}",BASE EMA cross,"{'fast': 50, 'slow': 300}",13,0.5,0.5,24.0
"BASE EMA cross|{'fast': 50, 'slow': 300}",BASE EMA cross,"{'fast': 50, 'slow': 300}",14,0.5,0.5,18.0
"BASE EMA cross|{'fast': 50, 'slow': 400}",BASE EMA cross,"{'fast': 50, 'slow': 400}",0,0.5,0.5,17.5
"BASE EMA cross|{'fast': 50, 'slow': 400}",BASE EMA cross,"{'fast': 50, 'slow': 400}",1,0.42857142857142855,0.5,20.0
"BASE EMA cross|{'fast': 50, 'slow': 400}",BASE EMA cross,"{'fast': 50, 'slow': 400}",2,0.41428571428571426,0.5,17.25
"BASE EMA cross|{'fast': 50, 'slow': 400}",BASE EMA cross,"{'fast': 50, 'slow': 400}",3,0.4,0.5,14.0
"BASE EMA cross|{'fast': 50, 'slow': 400}",BASE EMA cross,"{'fast': 50, 'slow': 400}",4,0.5714285714285714,0.5,15.0
"BASE EMA cross|{'fast': 50, 'slow': 400}",BASE EMA cross,"{'fast': 50, 'slow': 400}",5,0.5,0.5,27.25
"BASE EMA cross|{'fast': 50, 'slow': 400}",BASE EMA cross,"{'fast': 50, 'slow': 400}",6,0.5,0.5,27.0
"BASE EMA cross|{'fast': 50, 'slow': 400}",BASE EMA cross,"{'fast': 50, 'slow': 400}",7,0.42857142857142855,0.5,18.25
"BASE EMA cross|{'fast': 50, 'slow': 400}",BASE EMA cross,"{'fast': 50, 'slow': 400}",8,0.6,0.5,22.0
"BASE EMA cross|{'fast': 50, 'slow': 400}",BASE EMA cross,"{'fast': 50, 'slow': 400}",9,0.5,0.5,29.0
"BASE EMA cross|{'fast': 50, 'slow': 400}",BASE EMA cross,"{'fast': 50, 'slow': 400}",10,0.4,0.5,20.25
"BASE EMA cross|{'fast': 50, 'slow': 400}",BASE EMA cross,"{'fast': 50, 'slow': 400}",11,0.6,0.5,25.0
"BASE EMA cross|{'fast': 50, 'slow': 400}",BASE EMA cross,"{'fast': 50, 'slow': 400}",12,0.4,0.5,17.0
"BASE EMA cross|{'fast': 50, 'slow': 400}",BASE EMA cross,"{'fast': 50, 'slow': 400}",13,0.5857142857142856,0.5,23.75
"BASE EMA cross|{'fast': 50, 'slow': 400}",BASE EMA cross,"{'fast': 50, 'slow': 400}",14,0.5,0.5,17.0
BASE Price vs EMA|{'n': 20},BASE Price vs EMA,{'n': 20},0,14.333333333333334,0.19777721543072183,4.5
BASE Price vs EMA|{'n': 20},BASE Price vs EMA,{'n': 20},1,17.0,0.1953439558489095,4.5
BASE Price vs EMA|{'n': 20},BASE Price vs EMA,{'n': 20},2,18.625,0.17590116682824192,4.0
BASE Price vs EMA|{'n': 20},BASE Price vs EMA,{'n': 20},3,14.666666666666666,0.1889553425917561,4.5
BASE Price vs EMA|{'n': 20},BASE Price vs EMA,{'n': 20},4,16.514285714285712,0.18896275021592973,4.0
BASE Price vs EMA|{'n': 20},BASE Price vs EMA,{'n': 20},5,16.55,0.20164922060262816,4.5
BASE Price vs EMA|{'n': 20},BASE Price vs EMA,{'n': 20},6,17.8,0.17809392215922148,4.5
BASE Price vs EMA|{'n': 20},BASE Price vs EMA,{'n': 20},7,14.757142857142856,0.19864648735504992,4.5
BASE Price vs EMA|{'n': 20},BASE Price vs EMA,{'n': 20},8,16.25,0.19470293080422518,4.0
BASE Price vs EMA|{'n': 20},BASE Price vs EMA,{'n': 20},9,21.25,0.1660620067260499,4.0
BASE Price vs EMA|{'n': 20},BASE Price vs EMA,{'n': 20},10,16.8,0.19461366558562865,4.25
BASE Price vs EMA|{'n': 20},BASE Price vs EMA,{'n': 20},11,18.6,0.1924528908597703,4.0
BASE Price vs EMA|{'n': 20},BASE Price vs EMA,{'n': 20},12,18.0,0.17446203020976758,4.0
BASE Price vs EMA|{'n': 20},BASE Price vs EMA,{'n': 20},13,20.625,0.17506456151305078,4.0
BASE Price vs EMA|{'n': 20},BASE Price vs EMA,{'n': 20},14,16.4,0.18791311083896925,4.0
BASE Price vs EMA|{'n': 50},BASE Price vs EMA,{'n': 50},0,9.166666666666666,0.28797189772945986,8.0
BASE Price vs EMA|{'n': 50},BASE Price vs EMA,{'n': 50},1,10.4,0.27626232076808505,8.0
BASE Price vs EMA|{'n': 50},BASE Price vs EMA,{'n': 50},2,11.125,0.27065019178205363,7.5
BASE Price vs EMA|{'n': 50},BASE Price vs EMA,{'n': 50},3,9.4,0.2912605039524042,8.0
BASE Price vs EMA|{'n': 50},BASE Price vs EMA,{'n': 50},4,9.675,0.279969864408003,7.0
BASE Price vs EMA|{'n': 50},BASE Price vs EMA,{'n': 50},5,10.333333333333334,0.2634041636736056,8.0
BASE Price vs EMA|{'n': 50},BASE Price vs EMA,{'n': 50},6,10.75,0.2545251998016452,7.5
BASE Price vs EMA|{'n': 50},BASE Price vs EMA,{'n': 50},7,9.266666666666666,0.27765932885988776,8.0
BASE Price vs EMA|{'n': 50},BASE Price vs EMA,{'n': 50},8,9.6,0.256000236625979,7.0
BASE Price vs EMA|{'n': 50},BASE Price vs EMA,{'n': 50},9,12.25,0.24196352519128814,8.0
BASE Price vs EMA|{'n': 50},BASE Price vs EMA,{'n': 50},10,10.8,0.2671812532491473,8.0
BASE Price vs EMA|{'n': 50},BASE Price vs EMA,{'n': 50},11,11.25,0.252116348593607,7.0
BASE Price vs EMA|{'n': 50},BASE Price vs EMA,{'n': 50},12,11.0,0.2567715072939561,7.5
BASE Price vs EMA|{'n': 50},BASE Price vs EMA,{'n': 50},13,11.9,0.2399551250803304,6.5
BASE Price vs EMA|{'n': 50},BASE Price vs EMA,{'n': 50},14,10.2,0.2596048163486142,7.0
BASE Price vs EMA|{'n': 100},BASE Price vs EMA,{'n': 100},0,6.666666666666667,0.3390675339342293,11.0
BASE Price vs EMA|{'n': 100},BASE Price vs EMA,{'n': 100},1,7.25,0.3400624054125321,12.0
BASE Price vs EMA|{'n': 100},BASE Price vs EMA,{'n': 100},2,7.733333333333333,0.3387154327023034,11.5
BASE Price vs EMA|{'n': 100},BASE Price vs EMA,{'n': 100},3,6.833333333333333,0.3573688542364253,11.5
BASE Price vs EMA|{'n': 100},BASE Price vs EMA,{'n': 100},4,7.0,0.3275279112530692,9.75
BASE Price vs EMA|{'n': 100},BASE Price vs EMA,{'n': 100},5,7.0,0.3144979623681766,11.5
BASE Price vs EMA|{'n': 100},BASE Price vs EMA,{'n': 100},6,7.333333333333333,0.30883478119266605,11.0
BASE Price vs EMA|{'n': 100},BASE Price vs EMA,{'n': 100},7,6.633333333333333,0.3207488638131245,11.0
BASE Price vs EMA|{'n': 100},BASE Price vs EMA,{'n': 100},8,6.666666666666667,0.2985301511373072,9.0
BASE Price vs EMA|{'n': 100},BASE Price vs EMA,{'n': 100},9,8.75,0.31461510695822803,12.0
BASE Price vs EMA|{'n': 100},BASE Price vs EMA,{'n': 100},10,7.342857142857143,0.3348211447176478,12.0
BASE Price vs EMA|{'n': 100},BASE Price vs EMA,{'n': 100},11,7.333333333333333,0.3092260372858668,10.5
BASE Price vs EMA|{'n': 100},BASE Price vs EMA,{'n': 100},12,7.666666666666667,0.31948118669538933,11.0
BASE Price vs EMA|{'n': 100},BASE Price vs EMA,{'n': 100},13,7.633333333333333,0.29630270066979864,8.25
BASE Price vs EMA|{'n': 100},BASE Price vs EMA,{'n': 100},14,7.0,0.30889388484062125,9.0
BASE Price vs EMA|{'n': 200},BASE Price vs EMA,{'n': 200},0,4.0,0.3903564442742324,13.5
BASE Price vs EMA|{'n': 200},BASE Price vs EMA,{'n': 200},1,4.75,0.4156301564927437,14.0
BASE Price vs EMA|{'n': 200},BASE Price vs EMA,{'n': 200},2,4.0,0.41260738667386176,12.0
BASE Price vs EMA|{'n': 200},BASE Price vs EMA,{'n': 200},3,4.0,0.4069505117586809,13.5
BASE Price vs EMA|{'n': 200},BASE Price vs EMA,{'n': 200},4,4.380952380952381,0.40453541588563646,11.0
BASE Price vs EMA|{'n': 200},BASE Price vs EMA,{'n': 200},5,4.833333333333333,0.36493431998743814,15.0
BASE Price vs EMA|{'n': 200},BASE Price vs EMA,{'n': 200},6,4.5,0.3540420118994487,13.5
BASE Price vs EMA|{'n': 200},BASE Price vs EMA,{'n': 200},7,4.205555555555556,0.35727758139978694,14.0
BASE Price vs EMA|{'n': 200},BASE Price vs EMA,{'n': 200},8,4.5,0.34134310867600953,13.0
BASE Price vs EMA|{'n': 200},BASE Price vs EMA,{'n': 200},9,5.25,0.3808661956800631,15.5
BASE Price vs EMA|{'n': 200},BASE Price vs EMA,{'n': 200},10,4.732142857142858,0.38284487818455937,15.0
BASE Price vs EMA|{'n': 200},BASE Price vs EMA,{'n': 200},11,5.0,0.37233677194133014,14.5
BASE Price vs EMA|{'n': 200},BASE Price vs EMA,{'n': 200},12,4.5,0.3808661956800631,13.5
BASE Price vs EMA|{'n': 200},BASE Price vs EMA,{'n': 200},13,4.916666666666666,0.3534394498203599,11.5
BASE Price vs EMA|{'n': 200},BASE Price vs EMA,{'n': 200},14,4.5,0.36124513583877377,13.0
BASE Price vs EMA|{'n': 300},BASE Price vs EMA,{'n': 300},0,3.4,0.39478030519913854,13.0
BASE Price vs EMA|{'n': 300},BASE Price vs EMA,{'n': 300},1,4.0,0.44016317493167345,16.0
BASE Price vs EMA|{'n': 300},BASE Price vs EMA,{'n': 300},2,3.0,0.43347247945041123,13.75
BASE Price vs EMA|{'n': 300},BASE Price vs EMA,{'n': 300},3,2.857142857142857,0.4092642297366968,13.0
BASE Price vs EMA|{'n': 300},BASE Price vs EMA,{'n': 300},4,3.4,0.40060854632835885,11.25
BASE Price vs EMA|{'n': 300},BASE Price vs EMA,{'n': 300},5,4.5,0.39667032640818267,16.75
BASE Price vs EMA|{'n': 300},BASE Price vs EMA,{'n': 300},6,3.6666666666666665,0.39120162791808966,15.0
BASE Price vs EMA|{'n': 300},BASE Price vs EMA,{'n': 300},7,3.1714285714285717,0.3874801791881991,15.0
BASE Price vs EMA|{'n': 300},BASE Price vs EMA,{'n': 300},8,4.0,0.3528368877412711,13.0
BASE Price vs EMA|{'n': 300},BASE Price vs EMA,{'n': 300},9,4.5,0.4345419585888259,18.0
BASE Price vs EMA|{'n': 300},BASE Price vs EMA,{'n': 300},10,3.6833333333333336,0.4209968374980253,17.0
BASE Price vs EMA|{'n': 300},BASE Price vs EMA,{'n': 300},11,4.6,0.41615133729753184,15.0
BASE Price vs EMA|{'n': 300},BASE Price vs EMA,{'n': 300},12,3.0,0.4092642297366968,15.0
BASE Price vs EMA|{'n': 300},BASE Price vs EMA,{'n': 300},13,3.619047619047619,0.3896463723873622,14.0
BASE Price vs EMA|{'n': 300},BASE Price vs EMA,{'n': 300},14,3.2857142857142856,0.38741903819809825,13.0
BASE Price vs EMA|{'n': 400},BASE Price vs EMA,{'n': 400},0,3.0,0.39795894299173806,13.0
BASE Price vs EMA|{'n': 400},BASE Price vs EMA,{'n': 400},1,3.2222222222222223,0.4596212727369166,16.0
BASE Price vs EMA|{'n': 400},BASE Price vs EMA,{'n': 400},2,2.6,0.46194740659873723,14.25
BASE Price vs EMA|{'n': 400},BASE Price vs EMA,{'n': 400},3,2.4,0.4208813673827574,12.0
BASE Price vs EMA|{'n': 400},BASE Price vs EMA,{'n': 400},4,3.236111111111111,0.39063403344407827,10.0
BASE Price vs EMA|{'n': 400},BASE Price vs EMA,{'n': 400},5,4.0,0.4209282435397055,17.0
BASE Price vs EMA|{'n': 400},BASE Price vs EMA,{'n': 400},6,3.4285714285714284,0.41768711686704363,16.0
BASE Price vs EMA|{'n': 400},BASE Price vs EMA,{'n': 400},7,3.0,0.39979855765594435,15.0
BASE Price vs EMA|{'n': 400},BASE Price vs EMA,{'n': 400},8,3.8333333333333335,0.38422585719861324,13.0
BASE Price vs EMA|{'n': 400},BASE Price vs EMA,{'n': 400},9,3.5,0.4673337996162291,19.0
BASE Price vs EMA|{'n': 400},BASE Price vs EMA,{'n': 400},10,3.0,0.4419548565977387,17.0
BASE Price vs EMA|{'n': 400},BASE Price vs EMA,{'n': 400},11,4.0,0.41864180947936597,15.0
BASE Price vs EMA|{'n': 400},BASE Price vs EMA,{'n': 400},12,2.4,0.44363462255184066,16.0
BASE Price vs EMA|{'n': 400},BASE Price vs EMA,{'n': 400},13,3.4,0.4180496375201319,14.0
BASE Price vs EMA|{'n': 400},BASE Price vs EMA,{'n': 400},14,3.0,0.39228360450554767,12.0
BASE Price vs EMA|{'n': 600},BASE Price vs EMA,{'n': 600},0,2.0,0.42103098450434034,15.0
BASE Price vs EMA|{'n': 600},BASE Price vs EMA,{'n': 600},1,2.111111111111111,0.4614832124435168,17.0
BASE Price vs EMA|{'n': 600},BASE Price vs EMA,{'n': 600},2,1.5,0.48697416758962914,16.0
BASE Price vs EMA|{'n': 600},BASE Price vs EMA,{'n': 600},3,1.6666666666666667,0.43302837490559026,11.0
BASE Price vs EMA|{'n': 600},BASE Price vs EMA,{'n': 600},4,2.5,0.38614989123902244,10.0
BASE Price vs EMA|{'n': 600},BASE Price vs EMA,{'n': 600},5,3.0,0.44999869788892066,18.5
BASE Price vs EMA|{'n': 600},BASE Price vs EMA,{'n': 600},6,2.25,0.4547161323432446,18.0
BASE Price vs EMA|{'n': 600},BASE Price vs EMA,{'n': 600},7,2.2857142857142856,0.42828670856164275,13.75
BASE Price vs EMA|{'n': 600},BASE Price vs EMA,{'n': 600},8,3.125,0.3918746166405629,15.0
BASE Price vs EMA|{'n': 600},BASE Price vs EMA,{'n': 600},9,2.3333333333333335,0.4915915328127116,23.0
BASE Price vs EMA|{'n': 600},BASE Price vs EMA,{'n': 600},10,2.354166666666667,0.45562947301709283,16.0
BASE Price vs EMA|{'n': 600},BASE Price vs EMA,{'n': 600},11,3.5,0.4303987669151535,16.5
BASE Price vs EMA|{'n': 600},BASE Price vs EMA,{'n': 600},12,1.8,0.4904009551034567,14.5
BASE Price vs EMA|{'n': 600},BASE Price vs EMA,{'n': 600},13,2.928571428571429,0.4326569308517325,15.0
BASE Price vs EMA|{'n': 600},BASE Price vs EMA,{'n': 600},14,2.6,0.39290247986077775,11.0
"BASE SuperTrend|{'period': 7, 'factor': 1.5}",BASE SuperTrend,"{'period': 7, 'factor': 1.5}",0,8.5,0.18328263637960573,3.5
"BASE SuperTrend|{'period': 7, 'factor': 1.5}",BASE SuperTrend,"{'period': 7, 'factor': 1.5}",1,10.0,0.16745126448693728,3.0
"BASE SuperTrend|{'period': 7, 'factor': 1.5}",BASE SuperTrend,"{'period': 7, 'factor': 1.5}",2,11.225,0.15140225124627876,3.25
"BASE SuperTrend|{'period': 7, 'factor': 1.5}",BASE SuperTrend,"{'period': 7, 'factor': 1.5}",3,8.166666666666666,0.17223248648517622,3.5
"BASE SuperTrend|{'period': 7, 'factor': 1.5}",BASE SuperTrend,"{'period': 7, 'factor': 1.5}",4,9.3,0.1833586460493274,3.0
"BASE SuperTrend|{'period': 7, 'factor': 1.5}",BASE SuperTrend,"{'period': 7, 'factor': 1.5}",5,9.0,0.17677431915058725,3.0
"BASE SuperTrend|{'period': 7, 'factor': 1.5}",BASE SuperTrend,"{'period': 7, 'factor': 1.5}",6,9.666666666666666,0.15304801481230676,3.5
"BASE SuperTrend|{'period': 7, 'factor': 1.5}",BASE SuperTrend,"{'period': 7, 'factor': 1.5}",7,8.166666666666666,0.18045250135145147,3.5
"BASE SuperTrend|{'period': 7, 'factor': 1.5}",BASE SuperTrend,"{'period': 7, 'factor': 1.5}",8,8.666666666666666,0.18749231179695597,3.0
"BASE SuperTrend|{'period': 7, 'factor': 1.5}",BASE SuperTrend,"{'period': 7, 'factor': 1.5}",9,12.0,0.1472509187554697,3.0
"BASE SuperTrend|{'period': 7, 'factor': 1.5}",BASE SuperTrend,"{'period': 7, 'factor': 1.5}",10,9.4,0.1688382716822097,3.25
"BASE SuperTrend|{'period': 7, 'factor': 1.5}",BASE SuperTrend,"{'period': 7, 'factor': 1.5}",11,10.333333333333334,0.17755391874006346,3.0
"BASE SuperTrend|{'period': 7, 'factor': 1.5}",BASE SuperTrend,"{'period': 7, 'factor': 1.5}",12,10.0,0.1559729600243343,4.0
"BASE SuperTrend|{'period': 7, 'factor': 1.5}",BASE SuperTrend,"{'period': 7, 'factor': 1.5}",13,11.708333333333332,0.16403052995688966,3.0
"BASE SuperTrend|{'period': 7, 'factor': 1.5}",BASE SuperTrend,"{'period': 7, 'factor': 1.5}",14,9.0,0.18061312457374012,3.0
"BASE SuperTrend|{'period': 7, 'factor': 2}",BASE SuperTrend,"{'period': 7, 'factor': 2}",0,5.8,0.22767144001979323,5.0
"BASE SuperTrend|{'period': 7, 'factor': 2}",BASE SuperTrend,"{'period': 7, 'factor': 2}",1,6.6,0.22454033648146535,5.0
"BASE SuperTrend|{'period': 7, 'factor': 2}",BASE SuperTrend,"{'period': 7, 'factor': 2}",2,7.9,0.19905799746322644,5.0
"BASE SuperTrend|{'period': 7, 'factor': 2}",BASE SuperTrend,"{'period': 7, 'factor': 2}",3,5.714285714285714,0.2301802778909676,5.0
"BASE SuperTrend|{'period': 7, 'factor': 2}",BASE SuperTrend,"{'period': 7, 'factor': 2}",4,6.2,0.23284863184164106,5.0
"BASE SuperTrend|{'period': 7, 'factor': 2}",BASE SuperTrend,"{'period': 7, 'factor': 2}",5,6.25,0.21564756377144853,4.75
"BASE SuperTrend|{'period': 7, 'factor': 2}",BASE SuperTrend,"{'period': 7, 'factor': 2}",6,7.0,0.19677050120389858,5.0
"BASE SuperTrend|{'period': 7, 'factor': 2}",BASE SuperTrend,"{'period': 7, 'factor': 2}",7,5.633333333333333,0.21616503153208616,5.0
"BASE SuperTrend|{'period': 7, 'factor': 2}",BASE SuperTrend,"{'period': 7, 'factor': 2}",8,6.0,0.22790218639359497,5.0
"BASE SuperTrend|{'period': 7, 'factor': 2}",BASE SuperTrend,"{'period': 7, 'factor': 2}",9,8.25,0.19464245667491287,5.0
"BASE SuperTrend|{'period': 7, 'factor': 2}",BASE SuperTrend,"{'period': 7, 'factor': 2}",10,6.5,0.2120890847884122,5.0
"BASE SuperTrend|{'period': 7, 'factor': 2}",BASE SuperTrend,"{'period': 7, 'factor': 2}",11,6.8,0.22648590543546562,5.0
"BASE SuperTrend|{'period': 7, 'factor': 2}",BASE SuperTrend,"{'period': 7, 'factor': 2}",12,7.4,0.19536351480190992,5.0
"BASE SuperTrend|{'period': 7, 'factor': 2}",BASE SuperTrend,"{'period': 7, 'factor': 2}",13,7.633333333333333,0.20977974789990114,5.0
"BASE SuperTrend|{'period': 7, 'factor': 2}",BASE SuperTrend,"{'period': 7, 'factor': 2}",14,6.2,0.23241792924239718,5.0
"BASE SuperTrend|{'period': 7, 'factor': 3}",BASE SuperTrend,"{'period': 7, 'factor': 3}",0,3.1666666666666665,0.2904761997933114,8.0
"BASE SuperTrend|{'period': 7, 'factor': 3}",BASE SuperTrend,"{'period': 7, 'factor': 3}",1,3.5,0.293450454092198,8.0
"BASE SuperTrend|{'period': 7, 'factor': 3}",BASE SuperTrend,"{'period': 7, 'factor': 3}",2,4.45,0.270678657632627,8.0
"BASE SuperTrend|{'period': 7, 'factor': 3}",BASE SuperTrend,"{'period': 7, 'factor': 3}",3,3.2,0.3076415008361838,9.0
"BASE SuperTrend|{'period': 7, 'factor': 3}",BASE SuperTrend,"{'period': 7, 'factor': 3}",4,3.4,0.31134907264242595,8.0
"BASE SuperTrend|{'period': 7, 'factor': 3}",BASE SuperTrend,"{'period': 7, 'factor': 3}",5,3.4,0.28434295336497556,8.0
"BASE SuperTrend|{'period': 7, 'factor': 3}",BASE SuperTrend,"{'period': 7, 'factor': 3}",6,4.0,0.26963922946222435,8.0
"BASE SuperTrend|{'period': 7, 'factor': 3}",BASE SuperTrend,"{'period': 7, 'factor': 3}",7,3.0,0.2950743903813124,8.0
"BASE SuperTrend|{'period': 7, 'factor': 3}",BASE SuperTrend,"{'period': 7, 'factor': 3}",8,3.2,0.30774829042227664,8.0
"BASE SuperTrend|{'period': 7, 'factor': 3}",BASE SuperTrend,"{'period': 7, 'factor': 3}",9,4.4,0.25998012569936085,8.0
"BASE SuperTrend|{'period': 7, 'factor': 3}",BASE SuperTrend,"{'period': 7, 'factor': 3}",10,3.4,0.2963764590441208,9.0
"BASE SuperTrend|{'period': 7, 'factor': 3}",BASE SuperTrend,"{'period': 7, 'factor': 3}",11,3.5,0.3004624827432232,8.0
"BASE SuperTrend|{'period': 7, 'factor': 3}",BASE SuperTrend,"{'period': 7, 'factor': 3}",12,4.0,0.27632795372393787,8.5
"BASE SuperTrend|{'period': 7, 'factor': 3}",BASE SuperTrend,"{'period': 7, 'factor': 3}",13,4.366666666666667,0.2830440211121493,8.0
"BASE SuperTrend|{'period': 7, 'factor': 3}",BASE SuperTrend,"{'period': 7, 'factor': 3}",14,3.25,0.3174588417673535,8.0
"BASE SuperTrend|{'period': 7, 'factor': 4}",BASE SuperTrend,"{'period': 7, 'factor': 4}",0,2.0,0.3744935279757254,13.0
"BASE SuperTrend|{'period': 7, 'factor': 4}",BASE SuperTrend,"{'period': 7, 'factor': 4}",1,2.4,0.36831005407598916,13.0
"BASE SuperTrend|{'period': 7, 'factor': 4}",BASE SuperTrend,"{'period': 7, 'factor': 4}",2,2.8,0.33769321536460734,11.75
"BASE SuperTrend|{'period': 7, 'factor': 4}",BASE SuperTrend,"{'period': 7, 'factor': 4}",3,2.0,0.377827650051186,12.5
"BASE SuperTrend|{'period': 7, 'factor': 4}",BASE SuperTrend,"{'period': 7, 'factor': 4}",4,2.133928571428571,0.36700100535643626,11.0
"BASE SuperTrend|{'period': 7, 'factor': 4}",BASE SuperTrend,"{'period': 7, 'factor': 4}",5,2.25,0.3568040631692144,13.25
"BASE SuperTrend|{'period': 7, 'factor': 4}",BASE SuperTrend,"{'period': 7, 'factor': 4}",6,2.5,0.3291634088538948,11.5
"BASE SuperTrend|{'period': 7, 'factor': 4}",BASE SuperTrend,"{'period': 7, 'factor': 4}",7,2.0,0.37095227471467646,12.0
"BASE SuperTrend|{'period': 7, 'factor': 4}",BASE SuperTrend,"{'period': 7, 'factor': 4}",8,2.0,0.35233386691609986,11.0
"BASE SuperTrend|{'period': 7, 'factor': 4}",BASE SuperTrend,"{'period': 7, 'factor': 4}",9,3.0,0.3292278578736278,12.0
"BASE SuperTrend|{'period': 7, 'factor': 4}",BASE SuperTrend,"{'period': 7, 'factor': 4}",10,2.1833333333333336,0.35996815225645884,13.0
"BASE SuperTrend|{'period': 7, 'factor': 4}",BASE SuperTrend,"{'period': 7, 'factor': 4}",11,2.2,0.35074814325211257,12.0
"BASE SuperTrend|{'period': 7, 'factor': 4}",BASE SuperTrend,"{'period': 7, 'factor': 4}",12,2.5,0.33849504639021616,12.0
"BASE SuperTrend|{'period': 7, 'factor': 4}",BASE SuperTrend,"{'period': 7, 'factor': 4}",13,2.675,0.32568267826218117,10.0
"BASE SuperTrend|{'period': 7, 'factor': 4}",BASE SuperTrend,"{'period': 7, 'factor': 4}",14,2.0,0.3549922062497749,11.0
"BASE SuperTrend|{'period': 7, 'factor': 5}",BASE SuperTrend,"{'period': 7, 'factor': 5}",0,1.5714285714285714,0.45537065121418485,17.0
"BASE SuperTrend|{'period': 7, 'factor': 5}",BASE SuperTrend,"{'period': 7, 'factor': 5}",1,1.6666666666666667,0.4560994763297795,19.0
"BASE SuperTrend|{'period': 7, 'factor': 5}",BASE SuperTrend,"{'period': 7, 'factor': 5}",2,2.0,0.39611448177978614,15.0
"BASE SuperTrend|{'period': 7, 'factor': 5}",BASE SuperTrend,"{'period': 7, 'factor': 5}",3,1.5,0.4315662686449562,17.0
"BASE SuperTrend|{'period': 7, 'factor': 5}",BASE SuperTrend,"{'period': 7, 'factor': 5}",4,1.5357142857142856,0.4183462406394065,15.0
"BASE SuperTrend|{'period': 7, 'factor': 5}",BASE SuperTrend,"{'period': 7, 'factor': 5}",5,1.6666666666666667,0.45012322404460703,18.25
"BASE SuperTrend|{'period': 7, 'factor': 5}",BASE SuperTrend,"{'period': 7, 'factor': 5}",6,1.8571428571428572,0.39257059956350754,15.0
"BASE SuperTrend|{'period': 7, 'factor': 5}",BASE SuperTrend,"{'period': 7, 'factor': 5}",7,1.5,0.4277503745042262,17.0
"BASE SuperTrend|{'period': 7, 'factor': 5}",BASE SuperTrend,"{'period': 7, 'factor': 5}",8,1.5,0.3956442552908019,14.0
"BASE SuperTrend|{'period': 7, 'factor': 5}",BASE SuperTrend,"{'period': 7, 'factor': 5}",9,2.0,0.4010382421988712,17.0
"BASE SuperTrend|{'period': 7, 'factor': 5}",BASE SuperTrend,"{'period': 7, 'factor': 5}",10,1.6,0.4322725136390495,18.0
"BASE SuperTrend|{'period': 7, 'factor': 5}",BASE SuperTrend,"{'period': 7, 'factor': 5}",11,1.6666666666666667,0.4195628467411493,15.0
"BASE SuperTrend|{'period': 7, 'factor': 5}",BASE SuperTrend,"{'period': 7, 'factor': 5}",12,1.75,0.39616705354326665,15.0
"BASE SuperTrend|{'period': 7, 'factor': 5}",BASE SuperTrend,"{'period': 7, 'factor': 5}",13,1.75,0.3682925846547408,12.75
"BASE SuperTrend|{'period': 7, 'factor': 5}",BASE SuperTrend,"{'period': 7, 'factor': 5}",14,1.5,0.4041785241493374,15.0
"BASE SuperTrend|{'period': 10, 'factor': 1.5}",BASE SuperTrend,"{'period': 10, 'factor': 1.5}",0,8.6,0.18308145178301133,3.0
"BASE SuperTrend|{'period': 10, 'factor': 1.5}",BASE SuperTrend,"{'period': 10, 'factor': 1.5}",1,10.0,0.16173783586991322,3.0
"BASE SuperTrend|{'period': 10, 'factor': 1.5}",BASE SuperTrend,"{'period': 10, 'factor': 1.5}",2,11.225,0.15140225124627876,3.0
"BASE SuperTrend|{'period': 10, 'factor': 1.5}",BASE SuperTrend,"{'period': 10, 'factor': 1.5}",3,8.166666666666666,0.16797531283772765,3.5
"BASE SuperTrend|{'period': 10, 'factor': 1.5}",BASE SuperTrend,"{'period': 10, 'factor': 1.5}",4,9.45,0.18198567216760309,3.0
"BASE SuperTrend|{'period': 10, 'factor': 1.5}",BASE SuperTrend,"{'period': 10, 'factor': 1.5}",5,8.845238095238095,0.17676108529485607,3.0
"BASE SuperTrend|{'period': 10, 'factor': 1.5}",BASE SuperTrend,"{'period': 10, 'factor': 1.5}",6,9.4,0.15193749814151275,3.5
"BASE SuperTrend|{'period': 10, 'factor': 1.5}",BASE SuperTrend,"{'period': 10, 'factor': 1.5}",7,8.166666666666666,0.17939524710553864,3.5
"BASE SuperTrend|{'period': 10, 'factor': 1.5}",BASE SuperTrend,"{'period': 10, 'factor': 1.5}",8,8.666666666666666,0.18886192537029117,3.0
"BASE SuperTrend|{'period': 10, 'factor': 1.5}",BASE SuperTrend,"{'period': 10, 'factor': 1.5}",9,12.0,0.1440960607623198,3.0
"BASE SuperTrend|{'period': 10, 'factor': 1.5}",BASE SuperTrend,"{'period': 10, 'factor': 1.5}",10,9.45,0.1671431349544557,3.0
"BASE SuperTrend|{'period': 10, 'factor': 1.5}",BASE SuperTrend,"{'period': 10, 'factor': 1.5}",11,10.4,0.17549729519908464,3.0
"BASE SuperTrend|{'period': 10, 'factor': 1.5}",BASE SuperTrend,"{'period': 10, 'factor': 1.5}",12,10.0,0.15152245285857066,3.5
"BASE SuperTrend|{'period': 10, 'factor': 1.5}",BASE SuperTrend,"{'period': 10, 'factor': 1.5}",13,11.325,0.1567626676391753,3.0
"BASE SuperTrend|{'period': 10, 'factor': 1.5}",BASE SuperTrend,"{'period': 10, 'factor': 1.5}",14,9.2,0.17975447988122006,3.0
"BASE SuperTrend|{'period': 10, 'factor': 2}",BASE SuperTrend,"{'period': 10, 'factor': 2}",0,5.6,0.2293379300573203,5.0
"BASE SuperTrend|{'period': 10, 'factor': 2}",BASE SuperTrend,"{'period': 10, 'factor': 2}",1,6.75,0.22474244669292456,5.0
"BASE SuperTrend|{'period': 10, 'factor': 2}",BASE SuperTrend,"{'period': 10, 'factor': 2}",2,7.75,0.20340897193391907,5.0
"BASE SuperTrend|{'period': 10, 'factor': 2}",BASE SuperTrend,"{'period': 10, 'factor': 2}",3,5.6,0.22767144001979323,5.0
"BASE SuperTrend|{'period': 10, 'factor': 2}",BASE SuperTrend,"{'period': 10, 'factor': 2}",4,6.25,0.23475313893678246,5.0
"BASE SuperTrend|{'period': 10, 'factor': 2}",BASE SuperTrend,"{'period': 10, 'factor': 2}",5,6.291666666666666,0.21415892550432056,4.5
"BASE SuperTrend|{'period': 10, 'factor': 2}",BASE SuperTrend,"{'period': 10, 'factor': 2}",6,6.8,0.19656288121895332,5.0
"BASE SuperTrend|{'period': 10, 'factor': 2}",BASE SuperTrend,"{'period': 10, 'factor': 2}",7,5.464285714285714,0.21415892550432056,5.0
"BASE SuperTrend|{'period': 10, 'factor': 2}",BASE SuperTrend,"{'period': 10, 'factor': 2}",8,6.0,0.23096548137149,5.0
"BASE SuperTrend|{'period': 10, 'factor': 2}",BASE SuperTrend,"{'period': 10, 'factor': 2}",9,8.25,0.19536351480190992,5.0
"BASE SuperTrend|{'period': 10, 'factor': 2}",BASE SuperTrend,"{'period': 10, 'factor': 2}",10,6.300000000000001,0.20976304216590644,5.0
"BASE SuperTrend|{'period': 10, 'factor': 2}",BASE SuperTrend,"{'period': 10, 'factor': 2}",11,6.75,0.22648590543546562,5.0
"BASE SuperTrend|{'period': 10, 'factor': 2}",BASE SuperTrend,"{'period': 10, 'factor': 2}",12,7.25,0.19278765124563021,5.0
"BASE SuperTrend|{'period': 10, 'factor': 2}",BASE SuperTrend,"{'period': 10, 'factor': 2}",13,7.583333333333334,0.20585127352777988,5.0
"BASE SuperTrend|{'period': 10, 'factor': 2}",BASE SuperTrend,"{'period': 10, 'factor': 2}",14,6.0,0.23264053760510622,5.0
"BASE SuperTrend|{'period': 10, 'factor': 3}",BASE SuperTrend,"{'period': 10, 'factor': 3}",0,3.2,0.293450454092198,8.0
"BASE SuperTrend|{'period': 10, 'factor': 3}",BASE SuperTrend,"{'period': 10, 'factor': 3}",1,3.5,0.27626232076808505,8.0
"BASE SuperTrend|{'period': 10, 'factor': 3}",BASE SuperTrend,"{'period': 10, 'factor': 3}",2,4.225,0.26209830716410576,8.0
"BASE SuperTrend|{'period': 10, 'factor': 3}",BASE SuperTrend,"{'period': 10, 'factor': 3}",3,3.2,0.30684099151572153,8.0
"BASE SuperTrend|{'period': 10, 'factor': 3}",BASE SuperTrend,"{'period': 10, 'factor': 3}",4,3.325,0.3093804980283989,8.0
"BASE SuperTrend|{'period': 10, 'factor': 3}",BASE SuperTrend,"{'period': 10, 'factor': 3}",5,3.4,0.282615316279728,8.0
"BASE SuperTrend|{'period': 10, 'factor': 3}",BASE SuperTrend,"{'period': 10, 'factor': 3}",6,4.0,0.2701995464307863,8.0
"BASE SuperTrend|{'period': 10, 'factor': 3}",BASE SuperTrend,"{'period': 10, 'factor': 3}",7,3.2,0.30184616384203955,8.0
"BASE SuperTrend|{'period': 10, 'factor': 3}",BASE SuperTrend,"{'period': 10, 'factor': 3}",8,3.25,0.30987072649927183,8.0
"BASE SuperTrend|{'period': 10, 'factor': 3}",BASE SuperTrend,"{'period': 10, 'factor': 3}",9,4.5,0.25998012569936085,8.0
"BASE SuperTrend|{'period': 10, 'factor': 3}",BASE SuperTrend,"{'period': 10, 'factor': 3}",10,3.3333333333333335,0.2938954880542383,8.0
"BASE SuperTrend|{'period': 10, 'factor': 3}",BASE SuperTrend,"{'period': 10, 'factor': 3}",11,3.5,0.29158457476437466,8.0
"BASE SuperTrend|{'period': 10, 'factor': 3}",BASE SuperTrend,"{'period': 10, 'factor': 3}",12,3.8333333333333335,0.27632795372393787,8.0
"BASE SuperTrend|{'period': 10, 'factor': 3}",BASE SuperTrend,"{'period': 10, 'factor': 3}",13,4.291666666666666,0.2755093177706909,8.0
"BASE SuperTrend|{'period': 10, 'factor': 3}",BASE SuperTrend,"{'period': 10, 'factor': 3}",14,3.25,0.3174588417673535,8.0
"BASE SuperTrend|{'period': 10, 'factor': 4}",BASE SuperTrend,"{'period': 10, 'factor': 4}",0,2.0,0.37322493785448857,13.0
"BASE SuperTrend|{'period': 10, 'factor': 4}",BASE SuperTrend,"{'period': 10, 'factor': 4}",1,2.25,0.3723838565982372,13.0
"BASE SuperTrend|{'period': 10, 'factor': 4}",BASE SuperTrend,"{'period': 10, 'factor': 4}",2,2.75,0.3388445820938256,11.75
"BASE SuperTrend|{'period': 10, 'factor': 4}",BASE SuperTrend,"{'period': 10, 'factor': 4}",3,2.0,0.3779158195926969,12.0
"BASE SuperTrend|{'period': 10, 'factor': 4}",BASE SuperTrend,"{'period': 10, 'factor': 4}",4,2.0,0.3639299988155489,11.0
"BASE SuperTrend|{'period': 10, 'factor': 4}",BASE SuperTrend,"{'period': 10, 'factor': 4}",5,2.1547619047619047,0.35718481333254737,13.0
"BASE SuperTrend|{'period': 10, 'factor': 4}",BASE SuperTrend,"{'period': 10, 'factor': 4}",6,2.4,0.3291774397553917,11.5
"BASE SuperTrend|{'period': 10, 'factor': 4}",BASE SuperTrend,"{'period': 10, 'factor': 4}",7,2.0,0.37095227471467646,12.0
"BASE SuperTrend|{'period': 10, 'factor': 4}",BASE SuperTrend,"{'period': 10, 'factor': 4}",8,2.0,0.35233386691609986,11.0
"BASE SuperTrend|{'period': 10, 'factor': 4}",BASE SuperTrend,"{'period': 10, 'factor': 4}",9,3.0,0.33536655627459977,12.0
"BASE SuperTrend|{'period': 10, 'factor': 4}",BASE SuperTrend,"{'period': 10, 'factor': 4}",10,2.0,0.3682821526538459,12.5
"BASE SuperTrend|{'period': 10, 'factor': 4}",BASE SuperTrend,"{'period': 10, 'factor': 4}",11,2.2,0.35028586320234284,11.5
"BASE SuperTrend|{'period': 10, 'factor': 4}",BASE SuperTrend,"{'period': 10, 'factor': 4}",12,2.4,0.34524668482887955,12.0
"BASE SuperTrend|{'period': 10, 'factor': 4}",BASE SuperTrend,"{'period': 10, 'factor': 4}",13,2.6666666666666665,0.32792864267212385,10.25
"BASE SuperTrend|{'period': 10, 'factor': 4}",BASE SuperTrend,"{'period': 10, 'factor': 4}",14,2.0,0.3580892843438544,11.0
"BASE SuperTrend|{'period': 10, 'factor': 5}",BASE SuperTrend,"{'period': 10, 'factor': 5}",0,1.5,0.457362802997526,17.0
"BASE SuperTrend|{'period': 10, 'factor': 5}",BASE SuperTrend,"{'period': 10, 'factor': 5}",1,1.6666666666666667,0.45814502468840335,18.5
"BASE SuperTrend|{'period': 10, 'factor': 5}",BASE SuperTrend,"{'period': 10, 'factor': 5}",2,2.0,0.41275342793259784,15.0
"BASE SuperTrend|{'period': 10, 'factor': 5}",BASE SuperTrend,"{'period': 10, 'factor': 5}",3,1.5,0.45684028292123585,17.0
"BASE SuperTrend|{'period': 10, 'factor': 5}",BASE SuperTrend,"{'period': 10, 'factor': 5}",4,1.5357142857142856,0.42967421554285945,14.75
"BASE SuperTrend|{'period': 10, 'factor': 5}",BASE SuperTrend,"{'period': 10, 'factor': 5}",5,1.6,0.4418184411263866,18.5
"BASE SuperTrend|{'period': 10, 'factor': 5}",BASE SuperTrend,"{'period': 10, 'factor': 5}",6,1.7142857142857142,0.39318324778404895,15.0
"BASE SuperTrend|{'period': 10, 'factor': 5}",BASE SuperTrend,"{'period': 10, 'factor': 5}",7,1.4642857142857144,0.44522092367509036,17.75
"BASE SuperTrend|{'period': 10, 'factor': 5}",BASE SuperTrend,"{'period': 10, 'factor': 5}",8,1.5,0.3956442552908019,15.0
"BASE SuperTrend|{'period': 10, 'factor': 5}",BASE SuperTrend,"{'period': 10, 'factor': 5}",9,2.0,0.4052575677588739,17.0
"BASE SuperTrend|{'period': 10, 'factor': 5}",BASE SuperTrend,"{'period': 10, 'factor': 5}",10,1.55,0.4444509162318498,18.0
"BASE SuperTrend|{'period': 10, 'factor': 5}",BASE SuperTrend,"{'period': 10, 'factor': 5}",11,1.6,0.4187736093243868,15.0
"BASE SuperTrend|{'period': 10, 'factor': 5}",BASE SuperTrend,"{'period': 10, 'factor': 5}",12,1.7142857142857142,0.4010671282916918,16.0
"BASE SuperTrend|{'period': 10, 'factor': 5}",BASE SuperTrend,"{'period': 10, 'factor': 5}",13,1.75,0.37058425789551824,13.25
"BASE SuperTrend|{'period': 10, 'factor': 5}",BASE SuperTrend,"{'period': 10, 'factor': 5}",14,1.4,0.4195628467411493,15.0
"BASE SuperTrend|{'period': 14, 'factor': 1.5}",BASE SuperTrend,"{'period': 14, 'factor': 1.5}",0,8.5,0.17903601432985722,3.0
"BASE SuperTrend|{'period': 14, 'factor': 1.5}",BASE SuperTrend,"{'period': 14, 'factor': 1.5}",1,10.0,0.16173783586991322,3.0
"BASE SuperTrend|{'period': 14, 'factor': 1.5}",BASE SuperTrend,"{'period': 14, 'factor': 1.5}",2,11.2,0.15155409244221826,3.0
"BASE SuperTrend|{'period': 14, 'factor': 1.5}",BASE SuperTrend,"{'period': 14, 'factor': 1.5}",3,7.833333333333333,0.17223248648517622,3.0
"BASE SuperTrend|{'period': 14, 'factor': 1.5}",BASE SuperTrend,"{'period': 14, 'factor': 1.5}",4,9.45,0.17700245180042307,3.0
"BASE SuperTrend|{'period': 14, 'factor': 1.5}",BASE SuperTrend,"{'period': 14, 'factor': 1.5}",5,9.071428571428571,0.17419045657362364,3.0
"BASE SuperTrend|{'period': 14, 'factor': 1.5}",BASE SuperTrend,"{'period': 14, 'factor': 1.5}",6,9.6,0.15117068674292378,3.0
"BASE SuperTrend|{'period': 14, 'factor': 1.5}",BASE SuperTrend,"{'period': 14, 'factor': 1.5}",7,8.166666666666666,0.17939524710553864,3.5
"BASE SuperTrend|{'period': 14, 'factor': 1.5}",BASE SuperTrend,"{'period': 14, 'factor': 1.5}",8,9.0,0.1855849002484948,3.0
"BASE SuperTrend|{'period': 14, 'factor': 1.5}",BASE SuperTrend,"{'period': 14, 'factor': 1.5}",9,12.0,0.1422713776548563,3.0
"BASE SuperTrend|{'period': 14, 'factor': 1.5}",BASE SuperTrend,"{'period': 14, 'factor': 1.5}",10,9.4,0.16795869722950074,3.0
"BASE SuperTrend|{'period': 14, 'factor': 1.5}",BASE SuperTrend,"{'period': 14, 'factor': 1.5}",11,10.2,0.1740959269687604,3.0
"BASE SuperTrend|{'period': 14, 'factor': 1.5}",BASE SuperTrend,"{'period': 14, 'factor': 1.5}",12,10.0,0.15017295791214896,3.5
"BASE SuperTrend|{'period': 14, 'factor': 1.5}",BASE SuperTrend,"{'period': 14, 'factor': 1.5}",13,11.583333333333332,0.15489158354685378,3.0
"BASE SuperTrend|{'period': 14, 'factor': 1.5}",BASE SuperTrend,"{'period': 14, 'factor': 1.5}",14,9.0,0.17618152695060102,3.0
"BASE SuperTrend|{'period': 14, 'factor': 2}",BASE SuperTrend,"{'period': 14, 'factor': 2}",0,5.8,0.224677066202111,5.0
"BASE SuperTrend|{'period': 14, 'factor': 2}",BASE SuperTrend,"{'period': 14, 'factor': 2}",1,6.75,0.22184935807058506,5.0
"BASE SuperTrend|{'period': 14, 'factor': 2}",BASE SuperTrend,"{'period': 14, 'factor': 2}",2,7.775,0.19878122052020553,5.0
"BASE SuperTrend|{'period': 14, 'factor': 2}",BASE SuperTrend,"{'period': 14, 'factor': 2}",3,5.833333333333333,0.2251006089791546,5.0
"BASE SuperTrend|{'period': 14, 'factor': 2}",BASE SuperTrend,"{'period': 14, 'factor': 2}",4,6.2,0.23475313893678246,5.0
"BASE SuperTrend|{'period': 14, 'factor': 2}",BASE SuperTrend,"{'period': 14, 'factor': 2}",5,6.2,0.21075028152112282,4.75
"BASE SuperTrend|{'period': 14, 'factor': 2}",BASE SuperTrend,"{'period': 14, 'factor': 2}",6,7.0,0.19341031854077714,5.0
"BASE SuperTrend|{'period': 14, 'factor': 2}",BASE SuperTrend,"{'period': 14, 'factor': 2}",7,5.428571428571429,0.21237691291716354,5.0
"BASE SuperTrend|{'period': 14, 'factor': 2}",BASE SuperTrend,"{'period': 14, 'factor': 2}",8,6.0,0.22790218639359497,5.0
"BASE SuperTrend|{'period': 14, 'factor': 2}",BASE SuperTrend,"{'period': 14, 'factor': 2}",9,8.25,0.19118827544845202,5.0
"BASE SuperTrend|{'period': 14, 'factor': 2}",BASE SuperTrend,"{'period': 14, 'factor': 2}",10,6.2,0.20668745231509528,5.0
"BASE SuperTrend|{'period': 14, 'factor': 2}",BASE SuperTrend,"{'period': 14, 'factor': 2}",11,6.75,0.2273113654981725,5.0
"BASE SuperTrend|{'period': 14, 'factor': 2}",BASE SuperTrend,"{'period': 14, 'factor': 2}",12,7.4,0.1913293372918939,5.0
"BASE SuperTrend|{'period': 14, 'factor': 2}",BASE SuperTrend,"{'period': 14, 'factor': 2}",13,7.75,0.20484445321956235,5.0
"BASE SuperTrend|{'period': 14, 'factor': 2}",BASE SuperTrend,"{'period': 14, 'factor': 2}",14,6.0,0.2325444149387997,5.0
"BASE SuperTrend|{'period': 14, 'factor': 3}",BASE SuperTrend,"{'period': 14, 'factor': 3}",0,3.2,0.293450454092198,8.0
"BASE SuperTrend|{'period': 14, 'factor': 3}",BASE SuperTrend,"{'period': 14, 'factor': 3}",1,3.5,0.2871647596944436,8.0
"BASE SuperTrend|{'period': 14, 'factor': 3}",BASE SuperTrend,"{'period': 14, 'factor': 3}",2,4.2,0.2704853189483728,8.0
"BASE SuperTrend|{'period': 14, 'factor': 3}",BASE SuperTrend,"{'period': 14, 'factor': 3}",3,3.2,0.2964400327113379,8.0
"BASE SuperTrend|{'period': 14, 'factor': 3}",BASE SuperTrend,"{'period': 14, 'factor': 3}",4,3.4,0.2954487398282039,8.0
"BASE SuperTrend|{'period': 14, 'factor': 3}",BASE SuperTrend,"{'period': 14, 'factor': 3}",5,3.291666666666667,0.285913865438026,8.0
"BASE SuperTrend|{'period': 14, 'factor': 3}",BASE SuperTrend,"{'period': 14, 'factor': 3}",6,4.0,0.27873226280642704,8.0
"BASE SuperTrend|{'period': 14, 'factor': 3}",BASE SuperTrend,"{'period': 14, 'factor': 3}",7,3.1547619047619047,0.296368954674001,8.0
"BASE SuperTrend|{'period': 14, 'factor': 3}",BASE SuperTrend,"{'period': 14, 'factor': 3}",8,3.25,0.29629787663666407,8.0
"BASE SuperTrend|{'period': 14, 'factor': 3}",BASE SuperTrend,"{'period': 14, 'factor': 3}",9,4.25,0.2671038558084091,8.0
"BASE SuperTrend|{'period': 14, 'factor': 3}",BASE SuperTrend,"{'period': 14, 'factor': 3}",10,3.267857142857143,0.288266867322033,8.25
"BASE SuperTrend|{'period': 14, 'factor': 3}",BASE SuperTrend,"{'period': 14, 'factor': 3}",11,3.4,0.2876966596454294,8.0
"BASE SuperTrend|{'period': 14, 'factor': 3}",BASE SuperTrend,"{'period': 14, 'factor': 3}",12,4.0,0.2710272646815505,8.0
"BASE SuperTrend|{'period': 14, 'factor': 3}",BASE SuperTrend,"{'period': 14, 'factor': 3}",13,4.225,0.2726266853735527,8.0
"BASE SuperTrend|{'period': 14, 'factor': 3}",BASE SuperTrend,"{'period': 14, 'factor': 3}",14,3.2,0.3004364802644318,8.0
"BASE SuperTrend|{'period': 14, 'factor': 4}",BASE SuperTrend,"{'period': 14, 'factor': 4}",0,2.0,0.377827650051186,12.5
"BASE SuperTrend|{'period': 14, 'factor': 4}",BASE SuperTrend,"{'period': 14, 'factor': 4}",1,2.3333333333333335,0.3723838565982372,12.5
"BASE SuperTrend|{'period': 14, 'factor': 4}",BASE SuperTrend,"{'period': 14, 'factor': 4}",2,2.7142857142857144,0.33443800036559945,11.75
"BASE SuperTrend|{'period': 14, 'factor': 4}",BASE SuperTrend,"{'period': 14, 'factor': 4}",3,2.0,0.3809475895228142,12.0
"BASE SuperTrend|{'period': 14, 'factor': 4}",BASE SuperTrend,"{'period': 14, 'factor': 4}",4,2.145833333333333,0.3632139762941139,11.0
"BASE SuperTrend|{'period': 14, 'factor': 4}",BASE SuperTrend,"{'period': 14, 'factor': 4}",5,2.1714285714285717,0.36588574681688596,12.75
"BASE SuperTrend|{'period': 14, 'factor': 4}",BASE SuperTrend,"{'period': 14, 'factor': 4}",6,2.4,0.3291774397553917,11.0
"BASE SuperTrend|{'period': 14, 'factor': 4}",BASE SuperTrend,"{'period': 14, 'factor': 4}",7,2.0,0.3747728470631723,12.0
"BASE SuperTrend|{'period': 14, 'factor': 4}",BASE SuperTrend,"{'period': 14, 'factor': 4}",8,2.0,0.3559798922059141,11.0
"BASE SuperTrend|{'period': 14, 'factor': 4}",BASE SuperTrend,"{'period': 14, 'factor': 4}",9,2.8,0.3292278578736278,12.0
"BASE SuperTrend|{'period': 14, 'factor': 4}",BASE SuperTrend,"{'period': 14, 'factor': 4}",10,2.1714285714285717,0.3705275678264164,12.0
"BASE SuperTrend|{'period': 14, 'factor': 4}",BASE SuperTrend,"{'period': 14, 'factor': 4}",11,2.2,0.35256629259894184,11.0
"BASE SuperTrend|{'period': 14, 'factor': 4}",BASE SuperTrend,"{'period': 14, 'factor': 4}",12,2.4,0.3432495894844346,11.0
"BASE SuperTrend|{'period': 14, 'factor': 4}",BASE SuperTrend,"{'period': 14, 'factor': 4}",13,2.6,0.32556296588839106,10.25
"BASE SuperTrend|{'period': 14, 'factor': 4}",BASE SuperTrend,"{'period': 14, 'factor': 4}",14,2.0,0.36312362760928973,11.0
"BASE SuperTrend|{'period': 14, 'factor': 5}",BASE SuperTrend,"{'period': 14, 'factor': 5}",0,1.5,0.45155642448202676,17.0
"BASE SuperTrend|{'period': 14, 'factor': 5}",BASE SuperTrend,"{'period': 14, 'factor': 5}",1,1.6666666666666667,0.45155642448202676,18.0
"BASE SuperTrend|{'period': 14, 'factor': 5}",BASE SuperTrend,"{'period': 14, 'factor': 5}",2,1.8285714285714287,0.40275660534537194,15.0
"BASE SuperTrend|{'period': 14, 'factor': 5}",BASE SuperTrend,"{'period': 14, 'factor': 5}",3,1.5,0.45684028292123585,17.0
"BASE SuperTrend|{'period': 14, 'factor': 5}",BASE SuperTrend,"{'period': 14, 'factor': 5}",4,1.4365079365079365,0.42384877030511986,14.0
"BASE SuperTrend|{'period': 14, 'factor': 5}",BASE SuperTrend,"{'period': 14, 'factor': 5}",5,1.6,0.44338248768833916,18.0
"BASE SuperTrend|{'period': 14, 'factor': 5}",BASE SuperTrend,"{'period': 14, 'factor': 5}",6,1.6666666666666667,0.3928386857704905,15.0
"BASE SuperTrend|{'period': 14, 'factor': 5}",BASE SuperTrend,"{'period': 14, 'factor': 5}",7,1.4285714285714286,0.44743408744324814,17.75
"BASE SuperTrend|{'period': 14, 'factor': 5}",BASE SuperTrend,"{'period': 14, 'factor': 5}",8,1.4285714285714286,0.39927365700344114,14.0
"BASE SuperTrend|{'period': 14, 'factor': 5}",BASE SuperTrend,"{'period': 14, 'factor': 5}",9,2.0,0.3927283788531282,16.0
"BASE SuperTrend|{'period': 14, 'factor': 5}",BASE SuperTrend,"{'period': 14, 'factor': 5}",10,1.5,0.4448314494467946,18.0
"BASE SuperTrend|{'period': 14, 'factor': 5}",BASE SuperTrend,"{'period': 14, 'factor': 5}",11,1.6,0.4027295399193579,15.0
"BASE SuperTrend|{'period': 14, 'factor': 5}",BASE SuperTrend,"{'period': 14, 'factor': 5}",12,1.6666666666666667,0.3960619100163057,16.0
"BASE SuperTrend|{'period': 14, 'factor': 5}",BASE SuperTrend,"{'period': 14, 'factor': 5}",13,1.75,0.3527505059214866,13.0
"BASE SuperTrend|{'period': 14, 'factor': 5}",BASE SuperTrend,"{'period': 14, 'factor': 5}",14,1.4,0.4195628467411493,14.0
"BASE SuperTrend|{'period': 24, 'factor': 1.5}",BASE SuperTrend,"{'period': 24, 'factor': 1.5}",0,8.666666666666666,0.17762925461455858,3.0
"BASE SuperTrend|{'period': 24, 'factor': 1.5}",BASE SuperTrend,"{'period': 24, 'factor': 1.5}",1,9.833333333333334,0.15774977063819565,3.0
"BASE SuperTrend|{'period': 24, 'factor': 1.5}",BASE SuperTrend,"{'period': 24, 'factor': 1.5}",2,11.025,0.1520533231140835,3.0
"BASE SuperTrend|{'period': 24, 'factor': 1.5}",BASE SuperTrend,"{'period': 24, 'factor': 1.5}",3,8.5,0.17255036831647116,3.0
"BASE SuperTrend|{'period': 24, 'factor': 1.5}",BASE SuperTrend,"{'period': 24, 'factor': 1.5}",4,9.6,0.18055300651492545,3.0
"BASE SuperTrend|{'period': 24, 'factor': 1.5}",BASE SuperTrend,"{'period': 24, 'factor': 1.5}",5,9.0,0.15803624171593067,3.0
"BASE SuperTrend|{'period': 24, 'factor': 1.5}",BASE SuperTrend,"{'period': 24, 'factor': 1.5}",6,9.6,0.15115989782480593,3.0
"BASE SuperTrend|{'period': 24, 'factor': 1.5}",BASE SuperTrend,"{'period': 24, 'factor': 1.5}",7,8.30952380952381,0.17576279688793014,3.0
"BASE SuperTrend|{'period': 24, 'factor': 1.5}",BASE SuperTrend,"{'period': 24, 'factor': 1.5}",8,9.0,0.1865626645667426,3.0
"BASE SuperTrend|{'period': 24, 'factor': 1.5}",BASE SuperTrend,"{'period': 24, 'factor': 1.5}",9,12.0,0.14396314957848838,3.0
"BASE SuperTrend|{'period': 24, 'factor': 1.5}",BASE SuperTrend,"{'period': 24, 'factor': 1.5}",10,9.4,0.162149401591612,3.0
"BASE SuperTrend|{'period': 24, 'factor': 1.5}",BASE SuperTrend,"{'period': 24, 'factor': 1.5}",11,10.2,0.16990992583731437,3.0
"BASE SuperTrend|{'period': 24, 'factor': 1.5}",BASE SuperTrend,"{'period': 24, 'factor': 1.5}",12,10.2,0.15193749814151275,3.0
"BASE SuperTrend|{'period': 24, 'factor': 1.5}",BASE SuperTrend,"{'period': 24, 'factor': 1.5}",13,11.0,0.15967426723252354,3.0
"BASE SuperTrend|{'period': 24, 'factor': 1.5}",BASE SuperTrend,"{'period': 24, 'factor': 1.5}",14,9.0,0.17975447988122006,3.0
"BASE SuperTrend|{'period': 24, 'factor': 2}",BASE SuperTrend,"{'period': 24, 'factor': 2}",0,6.0,0.21852249314054972,5.0
"BASE SuperTrend|{'period': 24, 'factor': 2}",BASE SuperTrend,"{'period': 24, 'factor': 2}",1,6.666666666666667,0.20903521105920678,4.5
"BASE SuperTrend|{'period': 24, 'factor': 2}",BASE SuperTrend,"{'period': 24, 'factor': 2}",2,8.25,0.19967789280084042,4.75
"BASE SuperTrend|{'period': 24, 'factor': 2}",BASE SuperTrend,"{'period': 24, 'factor': 2}",3,6.0,0.21897970826355884,4.5
"BASE SuperTrend|{'period': 24, 'factor': 2}",BASE SuperTrend,"{'period': 24, 'factor': 2}",4,6.4,0.2316637015510284,5.0
"BASE SuperTrend|{'period': 24, 'factor': 2}",BASE SuperTrend,"{'period': 24, 'factor': 2}",5,6.266666666666667,0.204923554064529,4.5
"BASE SuperTrend|{'period': 24, 'factor': 2}",BASE SuperTrend,"{'period': 24, 'factor': 2}",6,7.0,0.19204497780770444,4.5
"BASE SuperTrend|{'period': 24, 'factor': 2}",BASE SuperTrend,"{'period': 24, 'factor': 2}",7,5.773809523809524,0.21237691291716354,4.5
"BASE SuperTrend|{'period': 24, 'factor': 2}",BASE SuperTrend,"{'period': 24, 'factor': 2}",8,6.0,0.22648590543546562,5.0
"BASE SuperTrend|{'period': 24, 'factor': 2}",BASE SuperTrend,"{'period': 24, 'factor': 2}",9,8.25,0.18254905292670343,4.5
"BASE SuperTrend|{'period': 24, 'factor': 2}",BASE SuperTrend,"{'period': 24, 'factor': 2}",10,6.300000000000001,0.20467162811417175,4.5
"BASE SuperTrend|{'period': 24, 'factor': 2}",BASE SuperTrend,"{'period': 24, 'factor': 2}",11,6.6,0.2218383678926576,4.5
"BASE SuperTrend|{'period': 24, 'factor': 2}",BASE SuperTrend,"{'period': 24, 'factor': 2}",12,7.25,0.18819405947391704,4.5
"BASE SuperTrend|{'period': 24, 'factor': 2}",BASE SuperTrend,"{'period': 24, 'factor': 2}",13,7.791666666666666,0.20312717457307206,4.75
"BASE SuperTrend|{'period': 24, 'factor': 2}",BASE SuperTrend,"{'period': 24, 'factor': 2}",14,6.166666666666667,0.22648590543546562,4.5
"BASE SuperTrend|{'period': 24, 'factor': 3}",BASE SuperTrend,"{'period': 24, 'factor': 3}",0,3.3333333333333335,0.2871647596944436,7.0
"BASE SuperTrend|{'period': 24, 'factor': 3}",BASE SuperTrend,"{'period': 24, 'factor': 3}",1,3.5,0.2788624434280983,8.0
"BASE SuperTrend|{'period': 24, 'factor': 3}",BASE SuperTrend,"{'period': 24, 'factor': 3}",2,4.45,0.26872291401755766,7.5
"BASE SuperTrend|{'period': 24, 'factor': 3}",BASE SuperTrend,"{'period': 24, 'factor': 3}",3,3.2857142857142856,0.293450454092198,8.0
"BASE SuperTrend|{'period': 24, 'factor': 3}",BASE SuperTrend,"{'period': 24, 'factor': 3}",4,3.4,0.30053735942687687,8.0
"BASE SuperTrend|{'period': 24, 'factor': 3}",BASE SuperTrend,"{'period': 24, 'factor': 3}",5,3.4,0.28339669486344676,8.0
"BASE SuperTrend|{'period': 24, 'factor': 3}",BASE SuperTrend,"{'period': 24, 'factor': 3}",6,4.0,0.27632795372393787,7.5
"BASE SuperTrend|{'period': 24, 'factor': 3}",BASE SuperTrend,"{'period': 24, 'factor': 3}",7,3.2857142857142856,0.2948099272511485,8.0
"BASE SuperTrend|{'period': 24, 'factor': 3}",BASE SuperTrend,"{'period': 24, 'factor': 3}",8,3.3333333333333335,0.3004364802644318,8.0
"BASE SuperTrend|{'period': 24, 'factor': 3}",BASE SuperTrend,"{'period': 24, 'factor': 3}",9,4.5,0.2678773088088897,8.0
"BASE SuperTrend|{'period': 24, 'factor': 3}",BASE SuperTrend,"{'period': 24, 'factor': 3}",10,3.3333333333333335,0.2887096314715447,8.0
"BASE SuperTrend|{'period': 24, 'factor': 3}",BASE SuperTrend,"{'period': 24, 'factor': 3}",11,3.4,0.293252566222753,8.0
"BASE SuperTrend|{'period': 24, 'factor': 3}",BASE SuperTrend,"{'period': 24, 'factor': 3}",12,4.0,0.276939332620194,8.0
"BASE SuperTrend|{'period': 24, 'factor': 3}",BASE SuperTrend,"{'period': 24, 'factor': 3}",13,4.2,0.2878111814533233,8.0
"BASE SuperTrend|{'period': 24, 'factor': 3}",BASE SuperTrend,"{'period': 24, 'factor': 3}",14,3.2857142857142856,0.30987072649927183,8.0
"BASE SuperTrend|{'period': 24, 'factor': 4}",BASE SuperTrend,"{'period': 24, 'factor': 4}",0,2.0,0.377827650051186,11.5
"BASE SuperTrend|{'period': 24, 'factor': 4}",BASE SuperTrend,"{'period': 24, 'factor': 4}",1,2.3333333333333335,0.36811168095577146,12.0
"BASE SuperTrend|{'period': 24, 'factor': 4}",BASE SuperTrend,"{'period': 24, 'factor': 4}",2,2.75,0.33443800036559945,11.5
"BASE SuperTrend|{'period': 24, 'factor': 4}",BASE SuperTrend,"{'period': 24, 'factor': 4}",3,2.142857142857143,0.3796089840621643,12.0
"BASE SuperTrend|{'period': 24, 'factor': 4}",BASE SuperTrend,"{'period': 24, 'factor': 4}",4,2.2,0.3770415748403302,11.5
"BASE SuperTrend|{'period': 24, 'factor': 4}",BASE SuperTrend,"{'period': 24, 'factor': 4}",5,2.0,0.3657044702344415,11.75
"BASE SuperTrend|{'period': 24, 'factor': 4}",BASE SuperTrend,"{'period': 24, 'factor': 4}",6,2.375,0.32898649288345083,11.0
"BASE SuperTrend|{'period': 24, 'factor': 4}",BASE SuperTrend,"{'period': 24, 'factor': 4}",7,2.0,0.37722668739869375,11.75
"BASE SuperTrend|{'period': 24, 'factor': 4}",BASE SuperTrend,"{'period': 24, 'factor': 4}",8,2.0,0.37114558913387197,11.0
"BASE SuperTrend|{'period': 24, 'factor': 4}",BASE SuperTrend,"{'period': 24, 'factor': 4}",9,3.0,0.3271173231822964,12.0
"BASE SuperTrend|{'period': 24, 'factor': 4}",BASE SuperTrend,"{'period': 24, 'factor': 4}",10,2.1833333333333336,0.37306728850495874,12.0
"BASE SuperTrend|{'period': 24, 'factor': 4}",BASE SuperTrend,"{'period': 24, 'factor': 4}",11,2.25,0.3662883895512387,12.0
"BASE SuperTrend|{'period': 24, 'factor': 4}",BASE SuperTrend,"{'period': 24, 'factor': 4}",12,2.4,0.3432495894844346,12.0
"BASE SuperTrend|{'period': 24, 'factor': 4}",BASE SuperTrend,"{'period': 24, 'factor': 4}",13,2.6,0.3312578115030389,11.0
"BASE SuperTrend|{'period': 24, 'factor': 4}",BASE SuperTrend,"{'period': 24, 'factor': 4}",14,2.0,0.3748443907352232,12.0
"BASE SuperTrend|{'period': 24, 'factor': 5}",BASE SuperTrend,"{'period': 24, 'factor': 5}",0,1.4285714285714286,0.44585468170263753,16.5
"BASE SuperTrend|{'period': 24, 'factor': 5}",BASE SuperTrend,"{'period': 24, 'factor': 5}",1,1.6,0.4532165374555964,18.0
"BASE SuperTrend|{'period': 24, 'factor': 5}",BASE SuperTrend,"{'period': 24, 'factor': 5}",2,1.9375,0.39554485120055644,14.75
"BASE SuperTrend|{'period': 24, 'factor': 5}",BASE SuperTrend,"{'period': 24, 'factor': 5}",3,1.5,0.45684028292123585,17.0
"BASE SuperTrend|{'period': 24, 'factor': 5}",BASE SuperTrend,"{'period': 24, 'factor': 5}",4,1.4142857142857141,0.4080908380778534,14.0
"BASE SuperTrend|{'period': 24, 'factor': 5}",BASE SuperTrend,"{'period': 24, 'factor': 5}",5,1.55,0.44102297371607446,17.75
"BASE SuperTrend|{'period': 24, 'factor': 5}",BASE SuperTrend,"{'period': 24, 'factor': 5}",6,1.7142857142857142,0.3854920017293678,15.0
"BASE SuperTrend|{'period': 24, 'factor': 5}",BASE SuperTrend,"{'period': 24, 'factor': 5}",7,1.5,0.440229691650702,16.25
"BASE SuperTrend|{'period': 24, 'factor': 5}",BASE SuperTrend,"{'period': 24, 'factor': 5}",8,1.4,0.3976887004847642,14.0
"BASE SuperTrend|{'period': 24, 'factor': 5}",BASE SuperTrend,"{'period': 24, 'factor': 5}",9,2.0,0.40530379132955985,16.0
"BASE SuperTrend|{'period': 24, 'factor': 5}",BASE SuperTrend,"{'period': 24, 'factor': 5}",10,1.6,0.4542708127492999,17.5
"BASE SuperTrend|{'period': 24, 'factor': 5}",BASE SuperTrend,"{'period': 24, 'factor': 5}",11,1.5,0.42460870905665354,15.0
"BASE SuperTrend|{'period': 24, 'factor': 5}",BASE SuperTrend,"{'period': 24, 'factor': 5}",12,1.75,0.3958082121618627,16.0
"BASE SuperTrend|{'period': 24, 'factor': 5}",BASE SuperTrend,"{'period': 24, 'factor': 5}",13,1.75,0.36351630618989283,13.0
"BASE SuperTrend|{'period': 24, 'factor': 5}",BASE SuperTrend,"{'period': 24, 'factor': 5}",14,1.4285714285714286,0.4117662355752296,14.0
"BASE SuperTrend|{'period': 48, 'factor': 1.5}",BASE SuperTrend,"{'period': 48, 'factor': 1.5}",0,9.0,0.16590841542737333,3.0
"BASE SuperTrend|{'period': 48, 'factor': 1.5}",BASE SuperTrend,"{'period': 48, 'factor': 1.5}",1,9.833333333333334,0.15493137152847042,3.0
"BASE SuperTrend|{'period': 48, 'factor': 1.5}",BASE SuperTrend,"{'period': 48, 'factor': 1.5}",2,11.45,0.1525384021311559,3.0
"BASE SuperTrend|{'period': 48, 'factor': 1.5}",BASE SuperTrend,"{'period': 48, 'factor': 1.5}",3,8.714285714285714,0.16725754892234443,3.0
"BASE SuperTrend|{'period': 48, 'factor': 1.5}",BASE SuperTrend,"{'period': 48, 'factor': 1.5}",4,9.675,0.1824410037142627,3.0
"BASE SuperTrend|{'period': 48, 'factor': 1.5}",BASE SuperTrend,"{'period': 48, 'factor': 1.5}",5,9.4,0.15776001699244227,3.0
"BASE SuperTrend|{'period': 48, 'factor': 1.5}",BASE SuperTrend,"{'period': 48, 'factor': 1.5}",6,9.8,0.15193749814151275,3.0
"BASE SuperTrend|{'period': 48, 'factor': 1.5}",BASE SuperTrend,"{'period': 48, 'factor': 1.5}",7,8.633333333333333,0.17260605124786965,3.0
"BASE SuperTrend|{'period': 48, 'factor': 1.5}",BASE SuperTrend,"{'period': 48, 'factor': 1.5}",8,9.0,0.1855849002484948,3.0
"BASE SuperTrend|{'period': 48, 'factor': 1.5}",BASE SuperTrend,"{'period': 48, 'factor': 1.5}",9,11.75,0.14469251375736567,3.0
"BASE SuperTrend|{'period': 48, 'factor': 1.5}",BASE SuperTrend,"{'period': 48, 'factor': 1.5}",10,9.4,0.15887367410712333,3.0
"BASE SuperTrend|{'period': 48, 'factor': 1.5}",BASE SuperTrend,"{'period': 48, 'factor': 1.5}",11,9.75,0.1711647785195877,3.0
"BASE SuperTrend|{'period': 48, 'factor': 1.5}",BASE SuperTrend,"{'period': 48, 'factor': 1.5}",12,10.4,0.15599531972809474,3.0
"BASE SuperTrend|{'period': 48, 'factor': 1.5}",BASE SuperTrend,"{'period': 48, 'factor': 1.5}",13,11.0,0.16445297164467645,3.0
"BASE SuperTrend|{'period': 48, 'factor': 1.5}",BASE SuperTrend,"{'period': 48, 'factor': 1.5}",14,8.8,0.18060194359479043,3.0
"BASE SuperTrend|{'period': 48, 'factor': 2}",BASE SuperTrend,"{'period': 48, 'factor': 2}",0,6.2,0.21154203607639288,4.0
"BASE SuperTrend|{'period': 48, 'factor': 2}",BASE SuperTrend,"{'period': 48, 'factor': 2}",1,6.75,0.20796429654149926,4.5
"BASE SuperTrend|{'period': 48, 'factor': 2}",BASE SuperTrend,"{'period': 48, 'factor': 2}",2,8.5,0.1853869103389687,4.25
"BASE SuperTrend|{'period': 48, 'factor': 2}",BASE SuperTrend,"{'period': 48, 'factor': 2}",3,6.0,0.21496671038930198,4.0
"BASE SuperTrend|{'period': 48, 'factor': 2}",BASE SuperTrend,"{'period': 48, 'factor': 2}",4,6.6,0.2316637015510284,4.25
"BASE SuperTrend|{'period': 48, 'factor': 2}",BASE SuperTrend,"{'period': 48, 'factor': 2}",5,6.5,0.20521995654043373,4.0
"BASE SuperTrend|{'period': 48, 'factor': 2}",BASE SuperTrend,"{'period': 48, 'factor': 2}",6,7.0,0.18711377807539065,4.0
"BASE SuperTrend|{'period': 48, 'factor': 2}",BASE SuperTrend,"{'period': 48, 'factor': 2}",7,5.916666666666666,0.20971877290591776,4.0
"BASE SuperTrend|{'period': 48, 'factor': 2}",BASE SuperTrend,"{'period': 48, 'factor': 2}",8,6.2,0.22790218639359497,4.0
"BASE SuperTrend|{'period': 48, 'factor': 2}",BASE SuperTrend,"{'period': 48, 'factor': 2}",9,8.25,0.17826157101648157,4.5
"BASE SuperTrend|{'period': 48, 'factor': 2}",BASE SuperTrend,"{'period': 48, 'factor': 2}",10,6.4,0.2045278550389266,4.0
"BASE SuperTrend|{'period': 48, 'factor': 2}",BASE SuperTrend,"{'period': 48, 'factor': 2}",11,6.6,0.22578838172016802,4.5
"BASE SuperTrend|{'period': 48, 'factor': 2}",BASE SuperTrend,"{'period': 48, 'factor': 2}",12,7.4,0.18158884173310522,4.0
"BASE SuperTrend|{'period': 48, 'factor': 2}",BASE SuperTrend,"{'period': 48, 'factor': 2}",13,8.0,0.2000335647808228,4.75
"BASE SuperTrend|{'period': 48, 'factor': 2}",BASE SuperTrend,"{'period': 48, 'factor': 2}",14,6.2,0.2338670145922343,4.0
"BASE SuperTrend|{'period': 48, 'factor': 3}",BASE SuperTrend,"{'period': 48, 'factor': 3}",0,3.5,0.27861833237422373,7.0
"BASE SuperTrend|{'period': 48, 'factor': 3}",BASE SuperTrend,"{'period': 48, 'factor': 3}",1,3.6,0.2701181094099169,8.0
"BASE SuperTrend|{'period': 48, 'factor': 3}",BASE SuperTrend,"{'period': 48, 'factor': 3}",2,4.45,0.2592526280536416,7.0
"BASE SuperTrend|{'period': 48, 'factor': 3}",BASE SuperTrend,"{'period': 48, 'factor': 3}",3,3.375,0.2871647596944436,8.0
"BASE SuperTrend|{'period': 48, 'factor': 3}",BASE SuperTrend,"{'period': 48, 'factor': 3}",4,3.5,0.30410287666329966,8.0
"BASE SuperTrend|{'period': 48, 'factor': 3}",BASE SuperTrend,"{'period': 48, 'factor': 3}",5,3.6125,0.2769802774440452,7.0
"BASE SuperTrend|{'period': 48, 'factor': 3}",BASE SuperTrend,"{'period': 48, 'factor': 3}",6,4.2,0.26963922946222435,7.0
"BASE SuperTrend|{'period': 48, 'factor': 3}",BASE SuperTrend,"{'period': 48, 'factor': 3}",7,3.3333333333333335,0.2948099272511485,7.0
"BASE SuperTrend|{'period': 48, 'factor': 3}",BASE SuperTrend,"{'period': 48, 'factor': 3}",8,3.5,0.3075928078642385,7.0
"BASE SuperTrend|{'period': 48, 'factor': 3}",BASE SuperTrend,"{'period': 48, 'factor': 3}",9,4.5,0.25998012569936085,7.0
"BASE SuperTrend|{'period': 48, 'factor': 3}",BASE SuperTrend,"{'period': 48, 'factor': 3}",10,3.5,0.27920763676291716,8.0
"BASE SuperTrend|{'period': 48, 'factor': 3}",BASE SuperTrend,"{'period': 48, 'factor': 3}",11,3.6666666666666665,0.297569686184813,8.0
"BASE SuperTrend|{'period': 48, 'factor': 3}",BASE SuperTrend,"{'period': 48, 'factor': 3}",12,4.0,0.2710299757233485,7.0
"BASE SuperTrend|{'period': 48, 'factor': 3}",BASE SuperTrend,"{'period': 48, 'factor': 3}",13,4.291666666666666,0.28718530562224376,7.25
"BASE SuperTrend|{'period': 48, 'factor': 3}",BASE SuperTrend,"{'period': 48, 'factor': 3}",14,3.4,0.31544346462499717,8.0
"BASE SuperTrend|{'period': 48, 'factor': 4}",BASE SuperTrend,"{'period': 48, 'factor': 4}",0,2.2,0.3651205509176443,11.0
"BASE SuperTrend|{'period': 48, 'factor': 4}",BASE SuperTrend,"{'period': 48, 'factor': 4}",1,2.375,0.35094283198487664,12.0
"BASE SuperTrend|{'period': 48, 'factor': 4}",BASE SuperTrend,"{'period': 48, 'factor': 4}",2,3.0,0.3319650451623209,11.0
"BASE SuperTrend|{'period': 48, 'factor': 4}",BASE SuperTrend,"{'period': 48, 'factor': 4}",3,2.25,0.3779194248296215,12.0
"BASE SuperTrend|{'period': 48, 'factor': 4}",BASE SuperTrend,"{'period': 48, 'factor': 4}",4,2.225,0.37787353744040375,11.25
"BASE SuperTrend|{'period': 48, 'factor': 4}",BASE SuperTrend,"{'period': 48, 'factor': 4}",5,2.2,0.3568252282024772,11.0
"BASE SuperTrend|{'period': 48, 'factor': 4}",BASE SuperTrend,"{'period': 48, 'factor': 4}",6,2.5,0.3361303677498757,11.0
"BASE SuperTrend|{'period': 48, 'factor': 4}",BASE SuperTrend,"{'period': 48, 'factor': 4}",7,2.0625,0.3744807479181682,11.0
"BASE SuperTrend|{'period': 48, 'factor': 4}",BASE SuperTrend,"{'period': 48, 'factor': 4}",8,2.0,0.37752822221754045,11.0
"BASE SuperTrend|{'period': 48, 'factor': 4}",BASE SuperTrend,"{'period': 48, 'factor': 4}",9,3.0,0.3331131593333075,11.0
"BASE SuperTrend|{'period': 48, 'factor': 4}",BASE SuperTrend,"{'period': 48, 'factor': 4}",10,2.2,0.36587460121224447,11.75
"BASE SuperTrend|{'period': 48, 'factor': 4}",BASE SuperTrend,"{'period': 48, 'factor': 4}",11,2.2,0.3672502188939587,11.0
"BASE SuperTrend|{'period': 48, 'factor': 4}",BASE SuperTrend,"{'period': 48, 'factor': 4}",12,2.5,0.3429506693758072,11.0
"BASE SuperTrend|{'period': 48, 'factor': 4}",BASE SuperTrend,"{'period': 48, 'factor': 4}",13,2.6,0.3425791363299562,11.0
"BASE SuperTrend|{'period': 48, 'factor': 4}",BASE SuperTrend,"{'period': 48, 'factor': 4}",14,2.0,0.3900040378683674,11.5
"BASE SuperTrend|{'period': 48, 'factor': 5}",BASE SuperTrend,"{'period': 48, 'factor': 5}",0,1.5,0.43267672154796977,14.5
"BASE SuperTrend|{'period': 48, 'factor': 5}",BASE SuperTrend,"{'period': 48, 'factor': 5}",1,1.6666666666666667,0.4466018372794438,16.0
"BASE SuperTrend|{'period': 48, 'factor': 5}",BASE SuperTrend,"{'period': 48, 'factor': 5}",2,2.0,0.39221644342010253,14.0
"BASE SuperTrend|{'period': 48, 'factor': 5}",BASE SuperTrend,"{'period': 48, 'factor': 5}",3,1.5,0.44281416772727694,15.0
"BASE SuperTrend|{'period': 48, 'factor': 5}",BASE SuperTrend,"{'period': 48, 'factor': 5}",4,1.5,0.4099042725149055,13.5
"BASE SuperTrend|{'period': 48, 'factor': 5}",BASE SuperTrend,"{'period': 48, 'factor': 5}",5,1.6,0.439127747081203,16.0
"BASE SuperTrend|{'period': 48, 'factor': 5}",BASE SuperTrend,"{'period': 48, 'factor': 5}",6,1.7142857142857142,0.39066861253513463,14.0
"BASE SuperTrend|{'period': 48, 'factor': 5}",BASE SuperTrend,"{'period': 48, 'factor': 5}",7,1.5,0.42941907117594896,15.0
"BASE SuperTrend|{'period': 48, 'factor': 5}",BASE SuperTrend,"{'period': 48, 'factor': 5}",8,1.5,0.40694952596630546,14.0
"BASE SuperTrend|{'period': 48, 'factor': 5}",BASE SuperTrend,"{'period': 48, 'factor': 5}",9,2.0,0.3999302043450155,15.0
"BASE SuperTrend|{'period': 48, 'factor': 5}",BASE SuperTrend,"{'period': 48, 'factor': 5}",10,1.6,0.44679576256678716,16.0
"BASE SuperTrend|{'period': 48, 'factor': 5}",BASE SuperTrend,"{'period': 48, 'factor': 5}",11,1.6,0.41417515820424833,15.0
"BASE SuperTrend|{'period': 48, 'factor': 5}",BASE SuperTrend,"{'period': 48, 'factor': 5}",12,1.75,0.39066861253513463,15.0
"BASE SuperTrend|{'period': 48, 'factor': 5}",BASE SuperTrend,"{'period': 48, 'factor': 5}",13,1.75,0.37647049429115453,13.0
"BASE SuperTrend|{'period': 48, 'factor': 5}",BASE SuperTrend,"{'period': 48, 'factor': 5}",14,1.5,0.4062855008362376,14.0
BASE Online directional-change|{'k': 0.25},BASE Online directional-change,{'k': 0.25},0,16.857142857142858,0.0947890988005372,1.0
BASE Online directional-change|{'k': 0.25},BASE Online directional-change,{'k': 0.25},1,17.5,0.10119435641209998,1.5
BASE Online directional-change|{'k': 0.25},BASE Online directional-change,{'k': 0.25},2,17.6,0.10076412971771231,2.0
BASE Online directional-change|{'k': 0.25},BASE Online directional-change,{'k': 0.25},3,15.714285714285714,0.11675627670549289,1.5
BASE Online directional-change|{'k': 0.25},BASE Online directional-change,{'k': 0.25},4,18.35,0.10662644866043994,1.0
BASE Online directional-change|{'k': 0.25},BASE Online directional-change,{'k': 0.25},5,21.875,0.09583527795837289,1.5
BASE Online directional-change|{'k': 0.25},BASE Online directional-change,{'k': 0.25},6,20.333333333333332,0.08972147236656579,2.0
BASE Online directional-change|{'k': 0.25},BASE Online directional-change,{'k': 0.25},7,18.514285714285712,0.10642487689546448,1.5
BASE Online directional-change|{'k': 0.25},BASE Online directional-change,{'k': 0.25},8,21.5,0.09685943262380761,1.0
BASE Online directional-change|{'k': 0.25},BASE Online directional-change,{'k': 0.25},9,20.666666666666668,0.10114519350401484,2.0
BASE Online directional-change|{'k': 0.25},BASE Online directional-change,{'k': 0.25},10,18.514285714285712,0.11120264720361872,1.75
BASE Online directional-change|{'k': 0.25},BASE Online directional-change,{'k': 0.25},11,21.5,0.10678391082394266,1.0
BASE Online directional-change|{'k': 0.25},BASE Online directional-change,{'k': 0.25},12,18.25,0.11250497431577053,2.0
BASE Online directional-change|{'k': 0.25},BASE Online directional-change,{'k': 0.25},13,21.1,0.10576098046963342,1.0
BASE Online directional-change|{'k': 0.25},BASE Online directional-change,{'k': 0.25},14,19.0,0.11322455321345072,1.0
BASE Online directional-change|{'k': 0.5},BASE Online directional-change,{'k': 0.5},0,8.75,0.14618094691703343,2.0
BASE Online directional-change|{'k': 0.5},BASE Online directional-change,{'k': 0.5},1,8.5,0.15855781640759667,3.0
BASE Online directional-change|{'k': 0.5},BASE Online directional-change,{'k': 0.5},2,7.333333333333333,0.17804247383336336,3.0
BASE Online directional-change|{'k': 0.5},BASE Online directional-change,{'k': 0.5},3,6.857142857142857,0.17978274417848086,3.0
BASE Online directional-change|{'k': 0.5},BASE Online directional-change,{'k': 0.5},4,9.30952380952381,0.15014561358010314,2.0
BASE Online directional-change|{'k': 0.5},BASE Online directional-change,{'k': 0.5},5,10.761904761904763,0.14768023409719896,3.0
BASE Online directional-change|{'k': 0.5},BASE Online directional-change,{'k': 0.5},6,9.333333333333334,0.16499188696379505,3.0
BASE Online directional-change|{'k': 0.5},BASE Online directional-change,{'k': 0.5},7,8.619047619047619,0.16575383712637656,3.0
BASE Online directional-change|{'k': 0.5},BASE Online directional-change,{'k': 0.5},8,11.0,0.14589727426757812,2.0
BASE Online directional-change|{'k': 0.5},BASE Online directional-change,{'k': 0.5},9,8.666666666666666,0.17826157101648157,3.5
BASE Online directional-change|{'k': 0.5},BASE Online directional-change,{'k': 0.5},10,8.45,0.17983074028921037,3.0
BASE Online directional-change|{'k': 0.5},BASE Online directional-change,{'k': 0.5},11,10.2,0.15080539745980678,2.0
BASE Online directional-change|{'k': 0.5},BASE Online directional-change,{'k': 0.5},12,7.5,0.18742231688985916,4.0
BASE Online directional-change|{'k': 0.5},BASE Online directional-change,{'k': 0.5},13,9.45,0.16970337410483344,3.0
BASE Online directional-change|{'k': 0.5},BASE Online directional-change,{'k': 0.5},14,9.0,0.1711844819850399,3.0
BASE Online directional-change|{'k': 0.75},BASE Online directional-change,{'k': 0.75},0,5.5,0.20164287641750245,3.5
BASE Online directional-change|{'k': 0.75},BASE Online directional-change,{'k': 0.75},1,4.75,0.21902691443263014,4.5
BASE Online directional-change|{'k': 0.75},BASE Online directional-change,{'k': 0.75},2,4.5,0.23508526080586045,5.75
BASE Online directional-change|{'k': 0.75},BASE Online directional-change,{'k': 0.75},3,4.0,0.23510613688638998,5.0
BASE Online directional-change|{'k': 0.75},BASE Online directional-change,{'k': 0.75},4,5.4222222222222225,0.20159897956833003,3.0
BASE Online directional-change|{'k': 0.75},BASE Online directional-change,{'k': 0.75},5,6.0,0.20897742190143692,4.0
BASE Online directional-change|{'k': 0.75},BASE Online directional-change,{'k': 0.75},6,5.666666666666667,0.218615608596487,5.0
BASE Online directional-change|{'k': 0.75},BASE Online directional-change,{'k': 0.75},7,4.708333333333334,0.22439003472041363,4.5
BASE Online directional-change|{'k': 0.75},BASE Online directional-change,{'k': 0.75},8,6.4,0.19418195852237685,3.0
BASE Online directional-change|{'k': 0.75},BASE Online directional-change,{'k': 0.75},9,5.0,0.2367587369847723,6.0
BASE Online directional-change|{'k': 0.75},BASE Online directional-change,{'k': 0.75},10,4.325,0.24041474088192805,5.5
BASE Online directional-change|{'k': 0.75},BASE Online directional-change,{'k': 0.75},11,5.8,0.21036980052564425,3.5
BASE Online directional-change|{'k': 0.75},BASE Online directional-change,{'k': 0.75},12,4.166666666666667,0.26641900829486836,7.0
BASE Online directional-change|{'k': 0.75},BASE Online directional-change,{'k': 0.75},13,5.5,0.22683339840633845,4.0
BASE Online directional-change|{'k': 0.75},BASE Online directional-change,{'k': 0.75},14,4.714285714285714,0.23024228092798904,4.0
BASE Online directional-change|{'k': 1.0},BASE Online directional-change,{'k': 1.0},0,3.5,0.24962399240815755,5.5
BASE Online directional-change|{'k': 1.0},BASE Online directional-change,{'k': 1.0},1,3.0,0.2701181094099169,6.5
BASE Online directional-change|{'k': 1.0},BASE Online directional-change,{'k': 1.0},2,2.6666666666666665,0.2997045603815184,7.75
BASE Online directional-change|{'k': 1.0},BASE Online directional-change,{'k': 1.0},3,2.4285714285714284,0.3191732430355952,7.0
BASE Online directional-change|{'k': 1.0},BASE Online directional-change,{'k': 1.0},4,3.4,0.24666182914244045,5.0
BASE Online directional-change|{'k': 1.0},BASE Online directional-change,{'k': 1.0},5,4.0,0.25546244041149235,6.0
BASE Online directional-change|{'k': 1.0},BASE Online directional-change,{'k': 1.0},6,3.6666666666666665,0.26560082701049803,7.0
BASE Online directional-change|{'k': 1.0},BASE Online directional-change,{'k': 1.0},7,3.0,0.2876516988545278,6.0
BASE Online directional-change|{'k': 1.0},BASE Online directional-change,{'k': 1.0},8,4.166666666666667,0.24057359463538744,5.0
BASE Online directional-change|{'k': 1.0},BASE Online directional-change,{'k': 1.0},9,3.0,0.3003876987329872,9.0
BASE Online directional-change|{'k': 1.0},BASE Online directional-change,{'k': 1.0},10,2.763888888888889,0.3215115425485089,8.0
BASE Online directional-change|{'k': 1.0},BASE Online directional-change,{'k': 1.0},11,3.8,0.2593394967151944,6.0
BASE Online directional-change|{'k': 1.0},BASE Online directional-change,{'k': 1.0},12,2.3333333333333335,0.33768917777055074,10.0
BASE Online directional-change|{'k': 1.0},BASE Online directional-change,{'k': 1.0},13,3.5,0.27028573628505137,6.0
BASE Online directional-change|{'k': 1.0},BASE Online directional-change,{'k': 1.0},14,3.0,0.28884773237938016,6.0
BASE Online directional-change|{'k': 1.5},BASE Online directional-change,{'k': 1.5},0,1.8333333333333333,0.3507068323309651,9.0
BASE Online directional-change|{'k': 1.5},BASE Online directional-change,{'k': 1.5},1,1.75,0.38009316362687817,12.0
BASE Online directional-change|{'k': 1.5},BASE Online directional-change,{'k': 1.5},2,1.25,0.40388756092152944,12.0
BASE Online directional-change|{'k': 1.5},BASE Online directional-change,{'k': 1.5},3,1.3333333333333333,0.4350422633390018,12.0
BASE Online directional-change|{'k': 1.5},BASE Online directional-change,{'k': 1.5},4,1.8571428571428572,0.35487579049622764,7.5
BASE Online directional-change|{'k': 1.5},BASE Online directional-change,{'k': 1.5},5,2.0,0.36075138696385445,11.25
BASE Online directional-change|{'k': 1.5},BASE Online directional-change,{'k': 1.5},6,1.6666666666666667,0.3960619100163057,11.5
BASE Online directional-change|{'k': 1.5},BASE Online directional-change,{'k': 1.5},7,1.5857142857142859,0.40215856351906687,11.5
BASE Online directional-change|{'k': 1.5},BASE Online directional-change,{'k': 1.5},8,2.25,0.3370032884492684,8.0
BASE Online directional-change|{'k': 1.5},BASE Online directional-change,{'k': 1.5},9,1.5,0.40948447109955843,16.5
BASE Online directional-change|{'k': 1.5},BASE Online directional-change,{'k': 1.5},10,1.5,0.43517492808183933,15.0
BASE Online directional-change|{'k': 1.5},BASE Online directional-change,{'k': 1.5},11,2.0,0.35987048831925245,12.0
BASE Online directional-change|{'k': 1.5},BASE Online directional-change,{'k': 1.5},12,1.2857142857142858,0.45667468490078267,18.0
BASE Online directional-change|{'k': 1.5},BASE Online directional-change,{'k': 1.5},13,1.75,0.3912746436699882,12.0
BASE Online directional-change|{'k': 1.5},BASE Online directional-change,{'k': 1.5},14,1.6666666666666667,0.405414194025534,12.0
BASE Online directional-change|{'k': 2.0},BASE Online directional-change,{'k': 2.0},0,1.2,0.4488337135327533,13.0
BASE Online directional-change|{'k': 2.0},BASE Online directional-change,{'k': 2.0},1,1.1666666666666667,0.5,17.5
BASE Online directional-change|{'k': 2.0},BASE Online directional-change,{'k': 2.0},2,0.8285714285714285,0.5,16.0
BASE Online directional-change|{'k': 2.0},BASE Online directional-change,{'k': 2.0},3,1.0,0.5,17.0
BASE Online directional-change|{'k': 2.0},BASE Online directional-change,{'k': 2.0},4,1.2,0.4544235674426222,12.25
BASE Online directional-change|{'k': 2.0},BASE Online directional-change,{'k': 2.0},5,1.3333333333333333,0.462834755002599,18.25
BASE Online directional-change|{'k': 2.0},BASE Online directional-change,{'k': 2.0},6,1.0,0.48062889600318953,18.0
BASE Online directional-change|{'k': 2.0},BASE Online directional-change,{'k': 2.0},7,1.0,0.5,19.0
BASE Online directional-change|{'k': 2.0},BASE Online directional-change,{'k': 2.0},8,1.3333333333333333,0.43623944197926146,13.0
BASE Online directional-change|{'k': 2.0},BASE Online directional-change,{'k': 2.0},9,1.0,0.5,26.0
BASE Online directional-change|{'k': 2.0},BASE Online directional-change,{'k': 2.0},10,1.0,0.5298638644350855,23.75
BASE Online directional-change|{'k': 2.0},BASE Online directional-change,{'k': 2.0},11,1.3333333333333333,0.4710215031145759,16.0
BASE Online directional-change|{'k': 2.0},BASE Online directional-change,{'k': 2.0},12,1.0,0.5253850516408698,25.0
BASE Online directional-change|{'k': 2.0},BASE Online directional-change,{'k': 2.0},13,1.0,0.4837221726508015,15.0
BASE Online directional-change|{'k': 2.0},BASE Online directional-change,{'k': 2.0},14,1.0,0.5,15.5
"BASE CUSUM|{'kappa': 0.1, 'h': 2}",BASE CUSUM,"{'kappa': 0.1, 'h': 2}",0,8.333333333333334,0.1862902884377367,3.0
"BASE CUSUM|{'kappa': 0.1, 'h': 2}",BASE CUSUM,"{'kappa': 0.1, 'h': 2}",1,9.0,0.17782337665024514,3.0
"BASE CUSUM|{'kappa': 0.1, 'h': 2}",BASE CUSUM,"{'kappa': 0.1, 'h': 2}",2,10.45,0.15840053184345,3.0
"BASE CUSUM|{'kappa': 0.1, 'h': 2}",BASE CUSUM,"{'kappa': 0.1, 'h': 2}",3,8.166666666666666,0.18175603811157257,3.0
"BASE CUSUM|{'kappa': 0.1, 'h': 2}",BASE CUSUM,"{'kappa': 0.1, 'h': 2}",4,9.0,0.17990295100507347,2.0
"BASE CUSUM|{'kappa': 0.1, 'h': 2}",BASE CUSUM,"{'kappa': 0.1, 'h': 2}",5,8.6,0.17611987343158209,3.0
"BASE CUSUM|{'kappa': 0.1, 'h': 2}",BASE CUSUM,"{'kappa': 0.1, 'h': 2}",6,9.5,0.16520148429077017,3.0
"BASE CUSUM|{'kappa': 0.1, 'h': 2}",BASE CUSUM,"{'kappa': 0.1, 'h': 2}",7,8.166666666666666,0.1823397649596734,3.0
"BASE CUSUM|{'kappa': 0.1, 'h': 2}",BASE CUSUM,"{'kappa': 0.1, 'h': 2}",8,8.6,0.1810648126626842,2.5
"BASE CUSUM|{'kappa': 0.1, 'h': 2}",BASE CUSUM,"{'kappa': 0.1, 'h': 2}",9,10.75,0.15837684309554986,3.0
"BASE CUSUM|{'kappa': 0.1, 'h': 2}",BASE CUSUM,"{'kappa': 0.1, 'h': 2}",10,8.6,0.17442840341518656,3.0
"BASE CUSUM|{'kappa': 0.1, 'h': 2}",BASE CUSUM,"{'kappa': 0.1, 'h': 2}",11,9.4,0.17007827507374373,2.0
"BASE CUSUM|{'kappa': 0.1, 'h': 2}",BASE CUSUM,"{'kappa': 0.1, 'h': 2}",12,9.75,0.16635484237948728,3.0
"BASE CUSUM|{'kappa': 0.1, 'h': 2}",BASE CUSUM,"{'kappa': 0.1, 'h': 2}",13,10.75,0.15972633617222404,2.0
"BASE CUSUM|{'kappa': 0.1, 'h': 2}",BASE CUSUM,"{'kappa': 0.1, 'h': 2}",14,8.6,0.17790883091406326,2.0
"BASE CUSUM|{'kappa': 0.1, 'h': 4}",BASE CUSUM,"{'kappa': 0.1, 'h': 4}",0,2.6,0.35857527059365973,8.0
"BASE CUSUM|{'kappa': 0.1, 'h': 4}",BASE CUSUM,"{'kappa': 0.1, 'h': 4}",1,2.8,0.32694592468257,8.0
"BASE CUSUM|{'kappa': 0.1, 'h': 4}",BASE CUSUM,"{'kappa': 0.1, 'h': 4}",2,3.4,0.30102602227552544,8.75
"BASE CUSUM|{'kappa': 0.1, 'h': 4}",BASE CUSUM,"{'kappa': 0.1, 'h': 4}",3,2.75,0.3554746983760618,8.0
"BASE CUSUM|{'kappa': 0.1, 'h': 4}",BASE CUSUM,"{'kappa': 0.1, 'h': 4}",4,2.775,0.35316011333131764,7.5
"BASE CUSUM|{'kappa': 0.1, 'h': 4}",BASE CUSUM,"{'kappa': 0.1, 'h': 4}",5,2.732142857142857,0.3232661397028982,8.0
"BASE CUSUM|{'kappa': 0.1, 'h': 4}",BASE CUSUM,"{'kappa': 0.1, 'h': 4}",6,3.25,0.3112707881529536,8.0
"BASE CUSUM|{'kappa': 0.1, 'h': 4}",BASE CUSUM,"{'kappa': 0.1, 'h': 4}",7,2.6,0.35027904841920454,8.0
"BASE CUSUM|{'kappa': 0.1, 'h': 4}",BASE CUSUM,"{'kappa': 0.1, 'h': 4}",8,2.6,0.35074814325211257,7.0
"BASE CUSUM|{'kappa': 0.1, 'h': 4}",BASE CUSUM,"{'kappa': 0.1, 'h': 4}",9,3.6,0.29885874641501636,8.0
"BASE CUSUM|{'kappa': 0.1, 'h': 4}",BASE CUSUM,"{'kappa': 0.1, 'h': 4}",10,2.8,0.3315948946411716,8.0
"BASE CUSUM|{'kappa': 0.1, 'h': 4}",BASE CUSUM,"{'kappa': 0.1, 'h': 4}",11,2.8333333333333335,0.32032363012802323,7.0
"BASE CUSUM|{'kappa': 0.1, 'h': 4}",BASE CUSUM,"{'kappa': 0.1, 'h': 4}",12,3.3333333333333335,0.31212646516296383,8.0
"BASE CUSUM|{'kappa': 0.1, 'h': 4}",BASE CUSUM,"{'kappa': 0.1, 'h': 4}",13,3.55,0.3004120894987095,7.0
"BASE CUSUM|{'kappa': 0.1, 'h': 4}",BASE CUSUM,"{'kappa': 0.1, 'h': 4}",14,2.8,0.3486579248899304,7.0
"BASE CUSUM|{'kappa': 0.1, 'h': 8}",BASE CUSUM,"{'kappa': 0.1, 'h': 8}",0,0.6,0.588068012257181,21.0
"BASE CUSUM|{'kappa': 0.1, 'h': 8}",BASE CUSUM,"{'kappa': 0.1, 'h': 8}",1,0.7142857142857143,0.5560944251077219,24.0
"BASE CUSUM|{'kappa': 0.1, 'h': 8}",BASE CUSUM,"{'kappa': 0.1, 'h': 8}",2,0.75,0.5231133958313856,21.25
"BASE CUSUM|{'kappa': 0.1, 'h': 8}",BASE CUSUM,"{'kappa': 0.1, 'h': 8}",3,0.6,0.570711706232859,23.5
"BASE CUSUM|{'kappa': 0.1, 'h': 8}",BASE CUSUM,"{'kappa': 0.1, 'h': 8}",4,0.6,0.5061183213008473,15.75
"BASE CUSUM|{'kappa': 0.1, 'h': 8}",BASE CUSUM,"{'kappa': 0.1, 'h': 8}",5,0.75,0.5579309522406088,22.0
"BASE CUSUM|{'kappa': 0.1, 'h': 8}",BASE CUSUM,"{'kappa': 0.1, 'h': 8}",6,0.8,0.5400259686872018,21.0
"BASE CUSUM|{'kappa': 0.1, 'h': 8}",BASE CUSUM,"{'kappa': 0.1, 'h': 8}",7,0.6333333333333333,0.5840527653812209,22.0
"BASE CUSUM|{'kappa': 0.1, 'h': 8}",BASE CUSUM,"{'kappa': 0.1, 'h': 8}",8,0.6,0.5108592604305014,17.0
"BASE CUSUM|{'kappa': 0.1, 'h': 8}",BASE CUSUM,"{'kappa': 0.1, 'h': 8}",9,1.0,0.5053221936855677,23.5
"BASE CUSUM|{'kappa': 0.1, 'h': 8}",BASE CUSUM,"{'kappa': 0.1, 'h': 8}",10,0.7142857142857143,0.5554222859682791,24.0
"BASE CUSUM|{'kappa': 0.1, 'h': 8}",BASE CUSUM,"{'kappa': 0.1, 'h': 8}",11,0.6666666666666666,0.5,18.0
"BASE CUSUM|{'kappa': 0.1, 'h': 8}",BASE CUSUM,"{'kappa': 0.1, 'h': 8}",12,0.8,0.5403711416967109,23.0
"BASE CUSUM|{'kappa': 0.1, 'h': 8}",BASE CUSUM,"{'kappa': 0.1, 'h': 8}",13,0.775,0.4500848493002759,15.5
"BASE CUSUM|{'kappa': 0.1, 'h': 8}",BASE CUSUM,"{'kappa': 0.1, 'h': 8}",14,0.6,0.520321719806767,18.0
"BASE CUSUM|{'kappa': 0.1, 'h': 16}",BASE CUSUM,"{'kappa': 0.1, 'h': 16}",0,0.0,0.6848733253193502,23.5
"BASE CUSUM|{'kappa': 0.1, 'h': 16}",BASE CUSUM,"{'kappa': 0.1, 'h': 16}",1,0.0,0.5790452568431408,27.0
"BASE CUSUM|{'kappa': 0.1, 'h': 16}",BASE CUSUM,"{'kappa': 0.1, 'h': 16}",2,0.0,0.6223184825404342,27.75
"BASE CUSUM|{'kappa': 0.1, 'h': 16}",BASE CUSUM,"{'kappa': 0.1, 'h': 16}",3,0.0,0.5,17.0
"BASE CUSUM|{'kappa': 0.1, 'h': 16}",BASE CUSUM,"{'kappa': 0.1, 'h': 16}",4,0.0,0.5,14.0
"BASE CUSUM|{'kappa': 0.1, 'h': 16}",BASE CUSUM,"{'kappa': 0.1, 'h': 16}",5,0.0,0.5898943289911348,28.75
"BASE CUSUM|{'kappa': 0.1, 'h': 16}",BASE CUSUM,"{'kappa': 0.1, 'h': 16}",6,0.1,0.629715903068394,31.5
"BASE CUSUM|{'kappa': 0.1, 'h': 16}",BASE CUSUM,"{'kappa': 0.1, 'h': 16}",7,0.09545454545454546,0.5,19.0
"BASE CUSUM|{'kappa': 0.1, 'h': 16}",BASE CUSUM,"{'kappa': 0.1, 'h': 16}",8,0.1,0.5,15.5
"BASE CUSUM|{'kappa': 0.1, 'h': 16}",BASE CUSUM,"{'kappa': 0.1, 'h': 16}",9,0.0,0.5188902649725188,37.0
"BASE CUSUM|{'kappa': 0.1, 'h': 16}",BASE CUSUM,"{'kappa': 0.1, 'h': 16}",10,0.0,0.5,21.0
"BASE CUSUM|{'kappa': 0.1, 'h': 16}",BASE CUSUM,"{'kappa': 0.1, 'h': 16}",11,0.0,0.5,19.5
"BASE CUSUM|{'kappa': 0.1, 'h': 16}",BASE CUSUM,"{'kappa': 0.1, 'h': 16}",12,0.0,0.5,21.0
"BASE CUSUM|{'kappa': 0.1, 'h': 16}",BASE CUSUM,"{'kappa': 0.1, 'h': 16}",13,0.05555555555555555,0.5,17.5
"BASE CUSUM|{'kappa': 0.1, 'h': 16}",BASE CUSUM,"{'kappa': 0.1, 'h': 16}",14,0.09090909090909091,0.5,15.0
"BASE CUSUM|{'kappa': 0.1, 'h': 32}",BASE CUSUM,"{'kappa': 0.1, 'h': 32}",0,0.0,1.0,62.0
"BASE CUSUM|{'kappa': 0.1, 'h': 32}",BASE CUSUM,"{'kappa': 0.1, 'h': 32}",1,0.0,1.0,70.5
"BASE CUSUM|{'kappa': 0.1, 'h': 32}",BASE CUSUM,"{'kappa': 0.1, 'h': 32}",2,0.0,1.0,85.25
"BASE CUSUM|{'kappa': 0.1, 'h': 32}",BASE CUSUM,"{'kappa': 0.1, 'h': 32}",3,0.0,1.0,64.0
"BASE CUSUM|{'kappa': 0.1, 'h': 32}",BASE CUSUM,"{'kappa': 0.1, 'h': 32}",4,0.0,1.0,50.75
"BASE CUSUM|{'kappa': 0.1, 'h': 32}",BASE CUSUM,"{'kappa': 0.1, 'h': 32}",5,0.0,1.0,66.5
"BASE CUSUM|{'kappa': 0.1, 'h': 32}",BASE CUSUM,"{'kappa': 0.1, 'h': 32}",6,0.0,1.0,73.0
"BASE CUSUM|{'kappa': 0.1, 'h': 32}",BASE CUSUM,"{'kappa': 0.1, 'h': 32}",7,0.0,1.0,62.0
"BASE CUSUM|{'kappa': 0.1, 'h': 32}",BASE CUSUM,"{'kappa': 0.1, 'h': 32}",8,0.0,1.0,53.0
"BASE CUSUM|{'kappa': 0.1, 'h': 32}",BASE CUSUM,"{'kappa': 0.1, 'h': 32}",9,0.0,1.0,90.5
"BASE CUSUM|{'kappa': 0.1, 'h': 32}",BASE CUSUM,"{'kappa': 0.1, 'h': 32}",10,0.0,1.0,68.5
"BASE CUSUM|{'kappa': 0.1, 'h': 32}",BASE CUSUM,"{'kappa': 0.1, 'h': 32}",11,0.0,1.0,60.0
"BASE CUSUM|{'kappa': 0.1, 'h': 32}",BASE CUSUM,"{'kappa': 0.1, 'h': 32}",12,0.0,1.0,79.0
"BASE CUSUM|{'kappa': 0.1, 'h': 32}",BASE CUSUM,"{'kappa': 0.1, 'h': 32}",13,0.0,1.0,72.5
"BASE CUSUM|{'kappa': 0.1, 'h': 32}",BASE CUSUM,"{'kappa': 0.1, 'h': 32}",14,0.0,1.0,53.0
"BASE CUSUM|{'kappa': 0.25, 'h': 2}",BASE CUSUM,"{'kappa': 0.25, 'h': 2}",0,5.5,0.22686978079170575,4.0
"BASE CUSUM|{'kappa': 0.25, 'h': 2}",BASE CUSUM,"{'kappa': 0.25, 'h': 2}",1,6.0,0.23326323864322415,4.0
"BASE CUSUM|{'kappa': 0.25, 'h': 2}",BASE CUSUM,"{'kappa': 0.25, 'h': 2}",2,7.0,0.21877470378658992,4.0
"BASE CUSUM|{'kappa': 0.25, 'h': 2}",BASE CUSUM,"{'kappa': 0.25, 'h': 2}",3,5.8,0.2355490487977179,4.0
"BASE CUSUM|{'kappa': 0.25, 'h': 2}",BASE CUSUM,"{'kappa': 0.25, 'h': 2}",4,6.2,0.2365311728058724,3.0
"BASE CUSUM|{'kappa': 0.25, 'h': 2}",BASE CUSUM,"{'kappa': 0.25, 'h': 2}",5,5.928571428571429,0.211025191040924,3.5
"BASE CUSUM|{'kappa': 0.25, 'h': 2}",BASE CUSUM,"{'kappa': 0.25, 'h': 2}",6,6.5,0.19696214369131237,3.5
"BASE CUSUM|{'kappa': 0.25, 'h': 2}",BASE CUSUM,"{'kappa': 0.25, 'h': 2}",7,5.5,0.21858315838427028,3.5
"BASE CUSUM|{'kappa': 0.25, 'h': 2}",BASE CUSUM,"{'kappa': 0.25, 'h': 2}",8,5.833333333333333,0.21098052804293402,3.0
"BASE CUSUM|{'kappa': 0.25, 'h': 2}",BASE CUSUM,"{'kappa': 0.25, 'h': 2}",9,7.25,0.19752647445267119,3.5
"BASE CUSUM|{'kappa': 0.25, 'h': 2}",BASE CUSUM,"{'kappa': 0.25, 'h': 2}",10,6.0,0.22317591315537985,3.5
"BASE CUSUM|{'kappa': 0.25, 'h': 2}",BASE CUSUM,"{'kappa': 0.25, 'h': 2}",11,6.25,0.21635146551727252,3.0
"BASE CUSUM|{'kappa': 0.25, 'h': 2}",BASE CUSUM,"{'kappa': 0.25, 'h': 2}",12,6.8,0.2080711577608297,4.0
"BASE CUSUM|{'kappa': 0.25, 'h': 2}",BASE CUSUM,"{'kappa': 0.25, 'h': 2}",13,7.225,0.19760939118597085,3.0
"BASE CUSUM|{'kappa': 0.25, 'h': 2}",BASE CUSUM,"{'kappa': 0.25, 'h': 2}",14,6.2,0.22512287613241994,3.0
"BASE CUSUM|{'kappa': 0.25, 'h': 4}",BASE CUSUM,"{'kappa': 0.25, 'h': 4}",0,1.5,0.4122129688116826,9.5
"BASE CUSUM|{'kappa': 0.25, 'h': 4}",BASE CUSUM,"{'kappa': 0.25, 'h': 4}",1,1.6,0.42840922091604033,10.0
"BASE CUSUM|{'kappa': 0.25, 'h': 4}",BASE CUSUM,"{'kappa': 0.25, 'h': 4}",2,1.8,0.37939783714539255,9.25
"BASE CUSUM|{'kappa': 0.25, 'h': 4}",BASE CUSUM,"{'kappa': 0.25, 'h': 4}",3,1.5,0.4211652346351338,10.0
"BASE CUSUM|{'kappa': 0.25, 'h': 4}",BASE CUSUM,"{'kappa': 0.25, 'h': 4}",4,1.5,0.3812606213618105,9.0
"BASE CUSUM|{'kappa': 0.25, 'h': 4}",BASE CUSUM,"{'kappa': 0.25, 'h': 4}",5,1.5,0.404967131371312,10.5
"BASE CUSUM|{'kappa': 0.25, 'h': 4}",BASE CUSUM,"{'kappa': 0.25, 'h': 4}",6,1.6666666666666667,0.37807465132914786,10.0
"BASE CUSUM|{'kappa': 0.25, 'h': 4}",BASE CUSUM,"{'kappa': 0.25, 'h': 4}",7,1.4285714285714286,0.4010375406155485,10.0
"BASE CUSUM|{'kappa': 0.25, 'h': 4}",BASE CUSUM,"{'kappa': 0.25, 'h': 4}",8,1.4,0.3787516258948558,9.0
"BASE CUSUM|{'kappa': 0.25, 'h': 4}",BASE CUSUM,"{'kappa': 0.25, 'h': 4}",9,1.8,0.3710235513789946,11.0
"BASE CUSUM|{'kappa': 0.25, 'h': 4}",BASE CUSUM,"{'kappa': 0.25, 'h': 4}",10,1.5,0.41312751486771737,10.5
"BASE CUSUM|{'kappa': 0.25, 'h': 4}",BASE CUSUM,"{'kappa': 0.25, 'h': 4}",11,1.5,0.37765981163208334,9.0
"BASE CUSUM|{'kappa': 0.25, 'h': 4}",BASE CUSUM,"{'kappa': 0.25, 'h': 4}",12,1.6666666666666667,0.3704638680858129,10.5
"BASE CUSUM|{'kappa': 0.25, 'h': 4}",BASE CUSUM,"{'kappa': 0.25, 'h': 4}",13,1.6666666666666667,0.3466968409600121,9.0
"BASE CUSUM|{'kappa': 0.25, 'h': 4}",BASE CUSUM,"{'kappa': 0.25, 'h': 4}",14,1.4,0.3787516258948558,9.0
"BASE CUSUM|{'kappa': 0.25, 'h': 8}",BASE CUSUM,"{'kappa': 0.25, 'h': 8}",0,0.25,0.5081186863718001,16.0
"BASE CUSUM|{'kappa': 0.25, 'h': 8}",BASE CUSUM,"{'kappa': 0.25, 'h': 8}",1,0.25,0.5,21.0
"BASE CUSUM|{'kappa': 0.25, 'h': 8}",BASE CUSUM,"{'kappa': 0.25, 'h': 8}",2,0.25,0.5785154213223065,26.25
"BASE CUSUM|{'kappa': 0.25, 'h': 8}",BASE CUSUM,"{'kappa': 0.25, 'h': 8}",3,0.2,0.6178802932441425,19.0
"BASE CUSUM|{'kappa': 0.25, 'h': 8}",BASE CUSUM,"{'kappa': 0.25, 'h': 8}",4,0.14285714285714285,0.5,10.0
"BASE CUSUM|{'kappa': 0.25, 'h': 8}",BASE CUSUM,"{'kappa': 0.25, 'h': 8}",5,0.225,0.5,22.5
"BASE CUSUM|{'kappa': 0.25, 'h': 8}",BASE CUSUM,"{'kappa': 0.25, 'h': 8}",6,0.25,0.5345018205925395,25.0
"BASE CUSUM|{'kappa': 0.25, 'h': 8}",BASE CUSUM,"{'kappa': 0.25, 'h': 8}",7,0.2,0.5695116410687857,17.0
"BASE CUSUM|{'kappa': 0.25, 'h': 8}",BASE CUSUM,"{'kappa': 0.25, 'h': 8}",8,0.18181818181818182,0.5,10.0
"BASE CUSUM|{'kappa': 0.25, 'h': 8}",BASE CUSUM,"{'kappa': 0.25, 'h': 8}",9,0.25,0.5770215390717025,35.0
"BASE CUSUM|{'kappa': 0.25, 'h': 8}",BASE CUSUM,"{'kappa': 0.25, 'h': 8}",10,0.2,0.6160563864093824,23.0
"BASE CUSUM|{'kappa': 0.25, 'h': 8}",BASE CUSUM,"{'kappa': 0.25, 'h': 8}",11,0.14285714285714285,0.5,16.0
"BASE CUSUM|{'kappa': 0.25, 'h': 8}",BASE CUSUM,"{'kappa': 0.25, 'h': 8}",12,0.25,0.6078194454707814,26.5
"BASE CUSUM|{'kappa': 0.25, 'h': 8}",BASE CUSUM,"{'kappa': 0.25, 'h': 8}",13,0.18333333333333335,0.5,14.5
"BASE CUSUM|{'kappa': 0.25, 'h': 8}",BASE CUSUM,"{'kappa': 0.25, 'h': 8}",14,0.14285714285714285,0.5,13.5
"BASE CUSUM|{'kappa': 0.25, 'h': 16}",BASE CUSUM,"{'kappa': 0.25, 'h': 16}",0,0.0,1.0,48.5
"BASE CUSUM|{'kappa': 0.25, 'h': 16}",BASE CUSUM,"{'kappa': 0.25, 'h': 16}",1,0.0,1.0,55.0
"BASE CUSUM|{'kappa': 0.25, 'h': 16}",BASE CUSUM,"{'kappa': 0.25, 'h': 16}",2,0.0,1.0,62.25
"BASE CUSUM|{'kappa': 0.25, 'h': 16}",BASE CUSUM,"{'kappa': 0.25, 'h': 16}",3,0.0,1.0,49.0
"BASE CUSUM|{'kappa': 0.25, 'h': 16}",BASE CUSUM,"{'kappa': 0.25, 'h': 16}",4,0.0,1.0,30.75
"BASE CUSUM|{'kappa': 0.25, 'h': 16}",BASE CUSUM,"{'kappa': 0.25, 'h': 16}",5,0.0,1.0,51.25
"BASE CUSUM|{'kappa': 0.25, 'h': 16}",BASE CUSUM,"{'kappa': 0.25, 'h': 16}",6,0.0,1.0,58.0
"BASE CUSUM|{'kappa': 0.25, 'h': 16}",BASE CUSUM,"{'kappa': 0.25, 'h': 16}",7,0.0,1.0,43.5
"BASE CUSUM|{'kappa': 0.25, 'h': 16}",BASE CUSUM,"{'kappa': 0.25, 'h': 16}",8,0.0,1.0,30.0
"BASE CUSUM|{'kappa': 0.25, 'h': 16}",BASE CUSUM,"{'kappa': 0.25, 'h': 16}",9,0.0,1.0,64.0
"BASE CUSUM|{'kappa': 0.25, 'h': 16}",BASE CUSUM,"{'kappa': 0.25, 'h': 16}",10,0.0,1.0,53.0
"BASE CUSUM|{'kappa': 0.25, 'h': 16}",BASE CUSUM,"{'kappa': 0.25, 'h': 16}",11,0.0,1.0,40.0
"BASE CUSUM|{'kappa': 0.25, 'h': 16}",BASE CUSUM,"{'kappa': 0.25, 'h': 16}",12,0.0,1.0,57.0
"BASE CUSUM|{'kappa': 0.25, 'h': 16}",BASE CUSUM,"{'kappa': 0.25, 'h': 16}",13,0.0,1.0,39.0
"BASE CUSUM|{'kappa': 0.25, 'h': 16}",BASE CUSUM,"{'kappa': 0.25, 'h': 16}",14,0.0,1.0,35.0
"BASE CUSUM|{'kappa': 0.25, 'h': 32}",BASE CUSUM,"{'kappa': 0.25, 'h': 32}",0,0.0,1.0,67.0
"BASE CUSUM|{'kappa': 0.25, 'h': 32}",BASE CUSUM,"{'kappa': 0.25, 'h': 32}",1,0.0,1.0,77.0
"BASE CUSUM|{'kappa': 0.25, 'h': 32}",BASE CUSUM,"{'kappa': 0.25, 'h': 32}",2,0.0,1.0,88.5
"BASE CUSUM|{'kappa': 0.25, 'h': 32}",BASE CUSUM,"{'kappa': 0.25, 'h': 32}",3,0.0,1.0,70.5
"BASE CUSUM|{'kappa': 0.25, 'h': 32}",BASE CUSUM,"{'kappa': 0.25, 'h': 32}",4,0.0,1.0,60.25
"BASE CUSUM|{'kappa': 0.25, 'h': 32}",BASE CUSUM,"{'kappa': 0.25, 'h': 32}",5,0.0,1.0,72.5
"BASE CUSUM|{'kappa': 0.25, 'h': 32}",BASE CUSUM,"{'kappa': 0.25, 'h': 32}",6,0.0,1.0,84.0
"BASE CUSUM|{'kappa': 0.25, 'h': 32}",BASE CUSUM,"{'kappa': 0.25, 'h': 32}",7,0.0,1.0,70.0
"BASE CUSUM|{'kappa': 0.25, 'h': 32}",BASE CUSUM,"{'kappa': 0.25, 'h': 32}",8,0.0,1.0,61.0
"BASE CUSUM|{'kappa': 0.25, 'h': 32}",BASE CUSUM,"{'kappa': 0.25, 'h': 32}",9,0.0,1.0,101.0
"BASE CUSUM|{'kappa': 0.25, 'h': 32}",BASE CUSUM,"{'kappa': 0.25, 'h': 32}",10,0.0,1.0,81.0
"BASE CUSUM|{'kappa': 0.25, 'h': 32}",BASE CUSUM,"{'kappa': 0.25, 'h': 32}",11,0.0,1.0,70.0
"BASE CUSUM|{'kappa': 0.25, 'h': 32}",BASE CUSUM,"{'kappa': 0.25, 'h': 32}",12,0.0,1.0,87.0
"BASE CUSUM|{'kappa': 0.25, 'h': 32}",BASE CUSUM,"{'kappa': 0.25, 'h': 32}",13,0.0,1.0,80.75
"BASE CUSUM|{'kappa': 0.25, 'h': 32}",BASE CUSUM,"{'kappa': 0.25, 'h': 32}",14,0.0,1.0,65.0
"BASE CUSUM|{'kappa': 0.5, 'h': 2}",BASE CUSUM,"{'kappa': 0.5, 'h': 2}",0,3.0,0.28270279173729157,6.0
"BASE CUSUM|{'kappa': 0.5, 'h': 2}",BASE CUSUM,"{'kappa': 0.5, 'h': 2}",1,3.2,0.29705178207958216,7.0
"BASE CUSUM|{'kappa': 0.5, 'h': 2}",BASE CUSUM,"{'kappa': 0.5, 'h': 2}",2,3.55,0.2580178169613164,7.0
"BASE CUSUM|{'kappa': 0.5, 'h': 2}",BASE CUSUM,"{'kappa': 0.5, 'h': 2}",3,3.0,0.29850586160518044,5.5
"BASE CUSUM|{'kappa': 0.5, 'h': 2}",BASE CUSUM,"{'kappa': 0.5, 'h': 2}",4,3.083333333333333,0.28627893637829666,5.0
"BASE CUSUM|{'kappa': 0.5, 'h': 2}",BASE CUSUM,"{'kappa': 0.5, 'h': 2}",5,3.0,0.27207776990298493,5.0
"BASE CUSUM|{'kappa': 0.5, 'h': 2}",BASE CUSUM,"{'kappa': 0.5, 'h': 2}",6,3.5,0.24593666032037162,5.0
"BASE CUSUM|{'kappa': 0.5, 'h': 2}",BASE CUSUM,"{'kappa': 0.5, 'h': 2}",7,2.9375,0.28081276160390367,5.0
"BASE CUSUM|{'kappa': 0.5, 'h': 2}",BASE CUSUM,"{'kappa': 0.5, 'h': 2}",8,3.0,0.26594660837624273,4.0
"BASE CUSUM|{'kappa': 0.5, 'h': 2}",BASE CUSUM,"{'kappa': 0.5, 'h': 2}",9,4.0,0.25289917671623,6.5
"BASE CUSUM|{'kappa': 0.5, 'h': 2}",BASE CUSUM,"{'kappa': 0.5, 'h': 2}",10,3.071428571428571,0.28627649021134227,5.0
"BASE CUSUM|{'kappa': 0.5, 'h': 2}",BASE CUSUM,"{'kappa': 0.5, 'h': 2}",11,3.4,0.26594660837624273,4.0
"BASE CUSUM|{'kappa': 0.5, 'h': 2}",BASE CUSUM,"{'kappa': 0.5, 'h': 2}",12,3.6,0.2718062233474593,5.0
"BASE CUSUM|{'kappa': 0.5, 'h': 2}",BASE CUSUM,"{'kappa': 0.5, 'h': 2}",13,3.75,0.24429482463345187,4.0
"BASE CUSUM|{'kappa': 0.5, 'h': 2}",BASE CUSUM,"{'kappa': 0.5, 'h': 2}",14,3.0,0.27976732227749823,4.0
"BASE CUSUM|{'kappa': 0.5, 'h': 4}",BASE CUSUM,"{'kappa': 0.5, 'h': 4}",0,0.625,0.4893289160237418,14.0
"BASE CUSUM|{'kappa': 0.5, 'h': 4}",BASE CUSUM,"{'kappa': 0.5, 'h': 4}",1,0.6,0.48659081019199696,15.5
"BASE CUSUM|{'kappa': 0.5, 'h': 4}",BASE CUSUM,"{'kappa': 0.5, 'h': 4}",2,0.75,0.45239089292001855,17.75
"BASE CUSUM|{'kappa': 0.5, 'h': 4}",BASE CUSUM,"{'kappa': 0.5, 'h': 4}",3,0.6,0.5,16.0
"BASE CUSUM|{'kappa': 0.5, 'h': 4}",BASE CUSUM,"{'kappa': 0.5, 'h': 4}",4,0.5714285714285714,0.4145256711054638,9.25
"BASE CUSUM|{'kappa': 0.5, 'h': 4}",BASE CUSUM,"{'kappa': 0.5, 'h': 4}",5,0.6,0.47634201662489517,15.5
"BASE CUSUM|{'kappa': 0.5, 'h': 4}",BASE CUSUM,"{'kappa': 0.5, 'h': 4}",6,0.75,0.4424817473988094,17.0
"BASE CUSUM|{'kappa': 0.5, 'h': 4}",BASE CUSUM,"{'kappa': 0.5, 'h': 4}",7,0.6,0.5,16.0
"BASE CUSUM|{'kappa': 0.5, 'h': 4}",BASE CUSUM,"{'kappa': 0.5, 'h': 4}",8,0.6,0.4012744656524819,9.0
"BASE CUSUM|{'kappa': 0.5, 'h': 4}",BASE CUSUM,"{'kappa': 0.5, 'h': 4}",9,0.75,0.44652973672093255,17.5
"BASE CUSUM|{'kappa': 0.5, 'h': 4}",BASE CUSUM,"{'kappa': 0.5, 'h': 4}",10,0.6,0.5,16.75
"BASE CUSUM|{'kappa': 0.5, 'h': 4}",BASE CUSUM,"{'kappa': 0.5, 'h': 4}",11,0.5,0.40016796099962687,10.0
"BASE CUSUM|{'kappa': 0.5, 'h': 4}",BASE CUSUM,"{'kappa': 0.5, 'h': 4}",12,0.75,0.45878651031125073,18.5
"BASE CUSUM|{'kappa': 0.5, 'h': 4}",BASE CUSUM,"{'kappa': 0.5, 'h': 4}",13,0.6,0.36800589995129895,9.5
"BASE CUSUM|{'kappa': 0.5, 'h': 4}",BASE CUSUM,"{'kappa': 0.5, 'h': 4}",14,0.5714285714285714,0.4253741434279652,12.0
"BASE CUSUM|{'kappa': 0.5, 'h': 8}",BASE CUSUM,"{'kappa': 0.5, 'h': 8}",0,0.0,0.5,16.0
"BASE CUSUM|{'kappa': 0.5, 'h': 8}",BASE CUSUM,"{'kappa': 0.5, 'h': 8}",1,0.0,0.5,19.0
"BASE CUSUM|{'kappa': 0.5, 'h': 8}",BASE CUSUM,"{'kappa': 0.5, 'h': 8}",2,0.0,0.5,23.5
"BASE CUSUM|{'kappa': 0.5, 'h': 8}",BASE CUSUM,"{'kappa': 0.5, 'h': 8}",3,0.0,0.5481947485871105,19.0
"BASE CUSUM|{'kappa': 0.5, 'h': 8}",BASE CUSUM,"{'kappa': 0.5, 'h': 8}",4,0.0,0.5,7.0
"BASE CUSUM|{'kappa': 0.5, 'h': 8}",BASE CUSUM,"{'kappa': 0.5, 'h': 8}",5,0.0,0.5,20.25
"BASE CUSUM|{'kappa': 0.5, 'h': 8}",BASE CUSUM,"{'kappa': 0.5, 'h': 8}",6,0.0,0.5,24.0
"BASE CUSUM|{'kappa': 0.5, 'h': 8}",BASE CUSUM,"{'kappa': 0.5, 'h': 8}",7,0.0,0.5,19.5
"BASE CUSUM|{'kappa': 0.5, 'h': 8}",BASE CUSUM,"{'kappa': 0.5, 'h': 8}",8,0.0,0.5,7.0
"BASE CUSUM|{'kappa': 0.5, 'h': 8}",BASE CUSUM,"{'kappa': 0.5, 'h': 8}",9,0.0,0.5,35.0
"BASE CUSUM|{'kappa': 0.5, 'h': 8}",BASE CUSUM,"{'kappa': 0.5, 'h': 8}",10,0.0,0.5,24.25
"BASE CUSUM|{'kappa': 0.5, 'h': 8}",BASE CUSUM,"{'kappa': 0.5, 'h': 8}",11,0.0,0.5,8.0
"BASE CUSUM|{'kappa': 0.5, 'h': 8}",BASE CUSUM,"{'kappa': 0.5, 'h': 8}",12,0.0,0.5,32.0
"BASE CUSUM|{'kappa': 0.5, 'h': 8}",BASE CUSUM,"{'kappa': 0.5, 'h': 8}",13,0.0,0.5,11.75
"BASE CUSUM|{'kappa': 0.5, 'h': 8}",BASE CUSUM,"{'kappa': 0.5, 'h': 8}",14,0.0,0.5,14.0
"BASE CUSUM|{'kappa': 0.5, 'h': 16}",BASE CUSUM,"{'kappa': 0.5, 'h': 16}",0,0.0,1.0,62.5
"BASE CUSUM|{'kappa': 0.5, 'h': 16}",BASE CUSUM,"{'kappa': 0.5, 'h': 16}",1,0.0,1.0,67.5
"BASE CUSUM|{'kappa': 0.5, 'h': 16}",BASE CUSUM,"{'kappa': 0.5, 'h': 16}",2,0.0,1.0,79.75
"BASE CUSUM|{'kappa': 0.5, 'h': 16}",BASE CUSUM,"{'kappa': 0.5, 'h': 16}",3,0.0,1.0,65.0
"BASE CUSUM|{'kappa': 0.5, 'h': 16}",BASE CUSUM,"{'kappa': 0.5, 'h': 16}",4,0.0,1.0,50.0
"BASE CUSUM|{'kappa': 0.5, 'h': 16}",BASE CUSUM,"{'kappa': 0.5, 'h': 16}",5,0.0,1.0,65.75
"BASE CUSUM|{'kappa': 0.5, 'h': 16}",BASE CUSUM,"{'kappa': 0.5, 'h': 16}",6,0.0,1.0,72.5
"BASE CUSUM|{'kappa': 0.5, 'h': 16}",BASE CUSUM,"{'kappa': 0.5, 'h': 16}",7,0.0,1.0,65.0
"BASE CUSUM|{'kappa': 0.5, 'h': 16}",BASE CUSUM,"{'kappa': 0.5, 'h': 16}",8,0.0,1.0,50.0
"BASE CUSUM|{'kappa': 0.5, 'h': 16}",BASE CUSUM,"{'kappa': 0.5, 'h': 16}",9,0.0,1.0,89.0
"BASE CUSUM|{'kappa': 0.5, 'h': 16}",BASE CUSUM,"{'kappa': 0.5, 'h': 16}",10,0.0,1.0,70.0
"BASE CUSUM|{'kappa': 0.5, 'h': 16}",BASE CUSUM,"{'kappa': 0.5, 'h': 16}",11,0.0,1.0,57.0
"BASE CUSUM|{'kappa': 0.5, 'h': 16}",BASE CUSUM,"{'kappa': 0.5, 'h': 16}",12,0.0,1.0,82.0
"BASE CUSUM|{'kappa': 0.5, 'h': 16}",BASE CUSUM,"{'kappa': 0.5, 'h': 16}",13,0.0,1.0,67.5
"BASE CUSUM|{'kappa': 0.5, 'h': 16}",BASE CUSUM,"{'kappa': 0.5, 'h': 16}",14,0.0,1.0,53.0
"BASE CUSUM|{'kappa': 0.5, 'h': 32}",BASE CUSUM,"{'kappa': 0.5, 'h': 32}",0,0.0,1.0,68.0
"BASE CUSUM|{'kappa': 0.5, 'h': 32}",BASE CUSUM,"{'kappa': 0.5, 'h': 32}",1,0.0,1.0,77.0
"BASE CUSUM|{'kappa': 0.5, 'h': 32}",BASE CUSUM,"{'kappa': 0.5, 'h': 32}",2,0.0,1.0,88.5
"BASE CUSUM|{'kappa': 0.5, 'h': 32}",BASE CUSUM,"{'kappa': 0.5, 'h': 32}",3,0.0,1.0,72.0
"BASE CUSUM|{'kappa': 0.5, 'h': 32}",BASE CUSUM,"{'kappa': 0.5, 'h': 32}",4,0.0,1.0,62.0
"BASE CUSUM|{'kappa': 0.5, 'h': 32}",BASE CUSUM,"{'kappa': 0.5, 'h': 32}",5,0.0,1.0,77.5
"BASE CUSUM|{'kappa': 0.5, 'h': 32}",BASE CUSUM,"{'kappa': 0.5, 'h': 32}",6,0.0,1.0,85.0
"BASE CUSUM|{'kappa': 0.5, 'h': 32}",BASE CUSUM,"{'kappa': 0.5, 'h': 32}",7,0.0,1.0,70.5
"BASE CUSUM|{'kappa': 0.5, 'h': 32}",BASE CUSUM,"{'kappa': 0.5, 'h': 32}",8,0.0,1.0,62.0
"BASE CUSUM|{'kappa': 0.5, 'h': 32}",BASE CUSUM,"{'kappa': 0.5, 'h': 32}",9,0.0,1.0,101.0
"BASE CUSUM|{'kappa': 0.5, 'h': 32}",BASE CUSUM,"{'kappa': 0.5, 'h': 32}",10,0.0,1.0,82.0
"BASE CUSUM|{'kappa': 0.5, 'h': 32}",BASE CUSUM,"{'kappa': 0.5, 'h': 32}",11,0.0,1.0,71.0
"BASE CUSUM|{'kappa': 0.5, 'h': 32}",BASE CUSUM,"{'kappa': 0.5, 'h': 32}",12,0.0,1.0,87.0
"BASE CUSUM|{'kappa': 0.5, 'h': 32}",BASE CUSUM,"{'kappa': 0.5, 'h': 32}",13,0.0,1.0,80.75
"BASE CUSUM|{'kappa': 0.5, 'h': 32}",BASE CUSUM,"{'kappa': 0.5, 'h': 32}",14,0.0,1.0,66.0
"BASE CUSUM|{'kappa': 1.0, 'h': 2}",BASE CUSUM,"{'kappa': 1.0, 'h': 2}",0,1.0,0.41119745387407564,12.0
"BASE CUSUM|{'kappa': 1.0, 'h': 2}",BASE CUSUM,"{'kappa': 1.0, 'h': 2}",1,1.2,0.35513772719800724,10.5
"BASE CUSUM|{'kappa': 1.0, 'h': 2}",BASE CUSUM,"{'kappa': 1.0, 'h': 2}",2,1.2916666666666665,0.3349975152140877,10.75
"BASE CUSUM|{'kappa': 1.0, 'h': 2}",BASE CUSUM,"{'kappa': 1.0, 'h': 2}",3,1.1111111111111112,0.3715272180272624,11.0
"BASE CUSUM|{'kappa': 1.0, 'h': 2}",BASE CUSUM,"{'kappa': 1.0, 'h': 2}",4,1.0,0.3670926518995732,9.0
"BASE CUSUM|{'kappa': 1.0, 'h': 2}",BASE CUSUM,"{'kappa': 1.0, 'h': 2}",5,1.0,0.370346777773678,10.75
"BASE CUSUM|{'kappa': 1.0, 'h': 2}",BASE CUSUM,"{'kappa': 1.0, 'h': 2}",6,1.2,0.34671104982812573,12.0
"BASE CUSUM|{'kappa': 1.0, 'h': 2}",BASE CUSUM,"{'kappa': 1.0, 'h': 2}",7,1.0,0.3838759904558953,11.5
"BASE CUSUM|{'kappa': 1.0, 'h': 2}",BASE CUSUM,"{'kappa': 1.0, 'h': 2}",8,1.0,0.37523568217018927,9.0
"BASE CUSUM|{'kappa': 1.0, 'h': 2}",BASE CUSUM,"{'kappa': 1.0, 'h': 2}",9,1.25,0.3360992837966677,9.5
"BASE CUSUM|{'kappa': 1.0, 'h': 2}",BASE CUSUM,"{'kappa': 1.0, 'h': 2}",10,1.1428571428571428,0.35688927776635493,10.0
"BASE CUSUM|{'kappa': 1.0, 'h': 2}",BASE CUSUM,"{'kappa': 1.0, 'h': 2}",11,1.0,0.3476279351759336,8.0
"BASE CUSUM|{'kappa': 1.0, 'h': 2}",BASE CUSUM,"{'kappa': 1.0, 'h': 2}",12,1.25,0.34515893015745736,10.0
"BASE CUSUM|{'kappa': 1.0, 'h': 2}",BASE CUSUM,"{'kappa': 1.0, 'h': 2}",13,1.25,0.32779600571545586,7.25
"BASE CUSUM|{'kappa': 1.0, 'h': 2}",BASE CUSUM,"{'kappa': 1.0, 'h': 2}",14,1.0,0.3649696609717818,8.0
"BASE CUSUM|{'kappa': 1.0, 'h': 4}",BASE CUSUM,"{'kappa': 1.0, 'h': 4}",0,0.2,0.5,12.5
"BASE CUSUM|{'kappa': 1.0, 'h': 4}",BASE CUSUM,"{'kappa': 1.0, 'h': 4}",1,0.2,0.5,19.0
"BASE CUSUM|{'kappa': 1.0, 'h': 4}",BASE CUSUM,"{'kappa': 1.0, 'h': 4}",2,0.25,0.5,22.0
"BASE CUSUM|{'kappa': 1.0, 'h': 4}",BASE CUSUM,"{'kappa': 1.0, 'h': 4}",3,0.2,0.5,16.0
"BASE CUSUM|{'kappa': 1.0, 'h': 4}",BASE CUSUM,"{'kappa': 1.0, 'h': 4}",4,0.14285714285714285,0.5,12.0
"BASE CUSUM|{'kappa': 1.0, 'h': 4}",BASE CUSUM,"{'kappa': 1.0, 'h': 4}",5,0.2,0.5,17.0
"BASE CUSUM|{'kappa': 1.0, 'h': 4}",BASE CUSUM,"{'kappa': 1.0, 'h': 4}",6,0.2,0.5,18.5
"BASE CUSUM|{'kappa': 1.0, 'h': 4}",BASE CUSUM,"{'kappa': 1.0, 'h': 4}",7,0.2,0.5,16.0
"BASE CUSUM|{'kappa': 1.0, 'h': 4}",BASE CUSUM,"{'kappa': 1.0, 'h': 4}",8,0.14285714285714285,0.45295868207064705,10.0
"BASE CUSUM|{'kappa': 1.0, 'h': 4}",BASE CUSUM,"{'kappa': 1.0, 'h': 4}",9,0.25,0.5,28.0
"BASE CUSUM|{'kappa': 1.0, 'h': 4}",BASE CUSUM,"{'kappa': 1.0, 'h': 4}",10,0.2,0.5,19.0
"BASE CUSUM|{'kappa': 1.0, 'h': 4}",BASE CUSUM,"{'kappa': 1.0, 'h': 4}",11,0.14285714285714285,0.5,14.0
"BASE CUSUM|{'kappa': 1.0, 'h': 4}",BASE CUSUM,"{'kappa': 1.0, 'h': 4}",12,0.25,0.5,22.0
"BASE CUSUM|{'kappa': 1.0, 'h': 4}",BASE CUSUM,"{'kappa': 1.0, 'h': 4}",13,0.14285714285714285,0.5,15.5
"BASE CUSUM|{'kappa': 1.0, 'h': 4}",BASE CUSUM,"{'kappa': 1.0, 'h': 4}",14,0.16666666666666666,0.5,14.0
"BASE CUSUM|{'kappa': 1.0, 'h': 8}",BASE CUSUM,"{'kappa': 1.0, 'h': 8}",0,0.0,0.5,22.0
"BASE CUSUM|{'kappa': 1.0, 'h': 8}",BASE CUSUM,"{'kappa': 1.0, 'h': 8}",1,0.0,0.5,27.5
"BASE CUSUM|{'kappa': 1.0, 'h': 8}",BASE CUSUM,"{'kappa': 1.0, 'h': 8}",2,0.0,0.5,29.5
"BASE CUSUM|{'kappa': 1.0, 'h': 8}",BASE CUSUM,"{'kappa': 1.0, 'h': 8}",3,0.0,0.5,18.0
"BASE CUSUM|{'kappa': 1.0, 'h': 8}",BASE CUSUM,"{'kappa': 1.0, 'h': 8}",4,0.0,0.5,14.0
"BASE CUSUM|{'kappa': 1.0, 'h': 8}",BASE CUSUM,"{'kappa': 1.0, 'h': 8}",5,0.0,0.5,35.0
"BASE CUSUM|{'kappa': 1.0, 'h': 8}",BASE CUSUM,"{'kappa': 1.0, 'h': 8}",6,0.0,0.5,38.0
"BASE CUSUM|{'kappa': 1.0, 'h': 8}",BASE CUSUM,"{'kappa': 1.0, 'h': 8}",7,0.0,0.5,19.5
"BASE CUSUM|{'kappa': 1.0, 'h': 8}",BASE CUSUM,"{'kappa': 1.0, 'h': 8}",8,0.0,0.5,14.5
"BASE CUSUM|{'kappa': 1.0, 'h': 8}",BASE CUSUM,"{'kappa': 1.0, 'h': 8}",9,0.0,0.5,46.5
"BASE CUSUM|{'kappa': 1.0, 'h': 8}",BASE CUSUM,"{'kappa': 1.0, 'h': 8}",10,0.0,0.5,23.0
"BASE CUSUM|{'kappa': 1.0, 'h': 8}",BASE CUSUM,"{'kappa': 1.0, 'h': 8}",11,0.0,0.5,17.0
"BASE CUSUM|{'kappa': 1.0, 'h': 8}",BASE CUSUM,"{'kappa': 1.0, 'h': 8}",12,0.0,0.5,27.0
"BASE CUSUM|{'kappa': 1.0, 'h': 8}",BASE CUSUM,"{'kappa': 1.0, 'h': 8}",13,0.0,0.5,20.0
"BASE CUSUM|{'kappa': 1.0, 'h': 8}",BASE CUSUM,"{'kappa': 1.0, 'h': 8}",14,0.0,0.5,14.0
"BASE CUSUM|{'kappa': 1.0, 'h': 16}",BASE CUSUM,"{'kappa': 1.0, 'h': 16}",0,0.0,1.0,65.0
"BASE CUSUM|{'kappa': 1.0, 'h': 16}",BASE CUSUM,"{'kappa': 1.0, 'h': 16}",1,0.0,1.0,74.0
"BASE CUSUM|{'kappa': 1.0, 'h': 16}",BASE CUSUM,"{'kappa': 1.0, 'h': 16}",2,0.0,1.0,87.75
"BASE CUSUM|{'kappa': 1.0, 'h': 16}",BASE CUSUM,"{'kappa': 1.0, 'h': 16}",3,0.0,1.0,70.0
"BASE CUSUM|{'kappa': 1.0, 'h': 16}",BASE CUSUM,"{'kappa': 1.0, 'h': 16}",4,0.0,1.0,56.25
"BASE CUSUM|{'kappa': 1.0, 'h': 16}",BASE CUSUM,"{'kappa': 1.0, 'h': 16}",5,0.0,1.0,71.0
"BASE CUSUM|{'kappa': 1.0, 'h': 16}",BASE CUSUM,"{'kappa': 1.0, 'h': 16}",6,0.0,1.0,83.0
"BASE CUSUM|{'kappa': 1.0, 'h': 16}",BASE CUSUM,"{'kappa': 1.0, 'h': 16}",7,0.0,1.0,68.5
"BASE CUSUM|{'kappa': 1.0, 'h': 16}",BASE CUSUM,"{'kappa': 1.0, 'h': 16}",8,0.0,1.0,59.5
"BASE CUSUM|{'kappa': 1.0, 'h': 16}",BASE CUSUM,"{'kappa': 1.0, 'h': 16}",9,0.0,1.0,95.0
"BASE CUSUM|{'kappa': 1.0, 'h': 16}",BASE CUSUM,"{'kappa': 1.0, 'h': 16}",10,0.0,1.0,77.0
"BASE CUSUM|{'kappa': 1.0, 'h': 16}",BASE CUSUM,"{'kappa': 1.0, 'h': 16}",11,0.0,1.0,66.0
"BASE CUSUM|{'kappa': 1.0, 'h': 16}",BASE CUSUM,"{'kappa': 1.0, 'h': 16}",12,0.0,1.0,86.0
"BASE CUSUM|{'kappa': 1.0, 'h': 16}",BASE CUSUM,"{'kappa': 1.0, 'h': 16}",13,0.0,1.0,79.5
"BASE CUSUM|{'kappa': 1.0, 'h': 16}",BASE CUSUM,"{'kappa': 1.0, 'h': 16}",14,0.0,1.0,63.0
"BASE CUSUM|{'kappa': 1.0, 'h': 32}",BASE CUSUM,"{'kappa': 1.0, 'h': 32}",0,0.0,1.0,69.0
"BASE CUSUM|{'kappa': 1.0, 'h': 32}",BASE CUSUM,"{'kappa': 1.0, 'h': 32}",1,0.0,1.0,77.0
"BASE CUSUM|{'kappa': 1.0, 'h': 32}",BASE CUSUM,"{'kappa': 1.0, 'h': 32}",2,0.0,1.0,89.75
"BASE CUSUM|{'kappa': 1.0, 'h': 32}",BASE CUSUM,"{'kappa': 1.0, 'h': 32}",3,0.0,1.0,72.0
"BASE CUSUM|{'kappa': 1.0, 'h': 32}",BASE CUSUM,"{'kappa': 1.0, 'h': 32}",4,0.0,1.0,62.75
"BASE CUSUM|{'kappa': 1.0, 'h': 32}",BASE CUSUM,"{'kappa': 1.0, 'h': 32}",5,0.0,1.0,77.5
"BASE CUSUM|{'kappa': 1.0, 'h': 32}",BASE CUSUM,"{'kappa': 1.0, 'h': 32}",6,0.0,1.0,85.0
"BASE CUSUM|{'kappa': 1.0, 'h': 32}",BASE CUSUM,"{'kappa': 1.0, 'h': 32}",7,0.0,1.0,70.5
"BASE CUSUM|{'kappa': 1.0, 'h': 32}",BASE CUSUM,"{'kappa': 1.0, 'h': 32}",8,0.0,1.0,63.0
"BASE CUSUM|{'kappa': 1.0, 'h': 32}",BASE CUSUM,"{'kappa': 1.0, 'h': 32}",9,0.0,1.0,102.0
"BASE CUSUM|{'kappa': 1.0, 'h': 32}",BASE CUSUM,"{'kappa': 1.0, 'h': 32}",10,0.0,1.0,82.0
"BASE CUSUM|{'kappa': 1.0, 'h': 32}",BASE CUSUM,"{'kappa': 1.0, 'h': 32}",11,0.0,1.0,71.0
"BASE CUSUM|{'kappa': 1.0, 'h': 32}",BASE CUSUM,"{'kappa': 1.0, 'h': 32}",12,0.0,1.0,87.0
"BASE CUSUM|{'kappa': 1.0, 'h': 32}",BASE CUSUM,"{'kappa': 1.0, 'h': 32}",13,0.0,1.0,81.0
"BASE CUSUM|{'kappa': 1.0, 'h': 32}",BASE CUSUM,"{'kappa': 1.0, 'h': 32}",14,0.0,1.0,68.0
BASE Stage-10 calm model|None,BASE Stage-10 calm model,None,0,1.8,0.3978511777660714,13.5
BASE Stage-10 calm model|None,BASE Stage-10 calm model,None,1,2.0,0.4068480723010677,16.0
BASE Stage-10 calm model|None,BASE Stage-10 calm model,None,2,2.0,0.37915992017418687,15.0
BASE Stage-10 calm model|None,BASE Stage-10 calm model,None,3,1.8,0.3978511777660714,14.5
BASE Stage-10 calm model|None,BASE Stage-10 calm model,None,4,1.75,0.4100570097286603,12.0
BASE Stage-10 calm model|None,BASE Stage-10 calm model,None,5,2.0,0.40366296049347405,15.0
BASE Stage-10 calm model|None,BASE Stage-10 calm model,None,6,2.0,0.3796537143445891,14.0
BASE Stage-10 calm model|None,BASE Stage-10 calm model,None,7,1.8,0.39876301204962916,14.0
BASE Stage-10 calm model|None,BASE Stage-10 calm model,None,8,1.75,0.4027412153440606,12.0
BASE Stage-10 calm model|None,BASE Stage-10 calm model,None,9,2.142857142857143,0.39453679008297904,17.0
BASE Stage-10 calm model|None,BASE Stage-10 calm model,None,10,2.0,0.4061333883206193,16.0
BASE Stage-10 calm model|None,BASE Stage-10 calm model,None,11,2.0,0.40917306839442524,14.5
BASE Stage-10 calm model|None,BASE Stage-10 calm model,None,12,1.8571428571428572,0.39453679008297904,15.0
BASE Stage-10 calm model|None,BASE Stage-10 calm model,None,13,1.8,0.393989484925962,13.0
BASE Stage-10 calm model|None,BASE Stage-10 calm model,None,14,1.8,0.4062855008362376,13.0
