n,acc,bal_acc,mcc,capture,flips_per_oracle_flip,flip_precision,entry_lag_frac,missed_move_frac,exit_giveback_frac,ls_sharpe,lf_sharpe,bh_sharpe,set,ticker,clf
3913,0.8042422693585485,0.6713863482879082,0.38232806514545803,0.1753567764087893,2.076923076923077,0.7037037037037037,0.284020618556701,0.3931531894244023,0.37403649975688563,0.4406104628128926,0.7339705359087568,0.7659870564387473,A,AAPL,MODEL calm
3913,0.7222080245336059,0.6641714373203189,0.29622576387309385,0.05662588372121888,2.5384615384615383,0.696969696969697,0.2565818830879072,0.3654699191367734,0.47474287816835326,0.13113625160435355,0.6362299207926113,0.7659870564387473,A,AAPL,Crypto model C
3913,0.7319192435471505,0.6282533988301824,0.24844018618834546,0.12374628185336951,1.6153846153846154,0.7380952380952381,0.4524617996604414,0.44689232833216663,0.5389353082826113,0.30997256277386726,0.6691593410605148,0.7659870564387473,A,AAPL,EMA cross (calm-tuned)
3913,0.6693074367492973,0.7149242316866399,0.357919441041955,-0.019152100758900857,3.6153846153846154,0.6382978723404256,0.10335621662852784,0.3062576122536703,0.38631028038869253,-0.07088283417693832,0.5751152421471194,0.7659870564387473,A,AAPL,SuperTrend (calm-tuned)
3913,0.7308970099667774,0.6424747849510858,0.2690312018496278,0.14332116622335006,1.4615384615384615,0.8157894736842105,0.3706690561529271,0.4358704467698584,0.4157186741431542,0.3613621377862175,0.7475312592054998,0.7659870564387473,A,AAPL,Online directional-change (calm-tuned)
3936,0.764989837398374,0.6634153538598175,0.3676148662319471,0.10215172803622455,2.0,0.7115384615384616,0.26773182021800807,0.46324181788913876,0.3925040233821403,0.2227455867321568,0.5673928270489883,0.704329844517358,A,MSFT,MODEL calm
3936,0.7469512195121951,0.7004125696807362,0.38992994525454727,-0.062113477835784366,2.3076923076923075,0.7166666666666667,0.2564522494080505,0.41531704606687675,0.5338052438318721,-0.1577024162295876,0.37065373416591196,0.704329844517358,A,MSFT,Crypto model C
3936,0.7398373983739838,0.6714296218544733,0.3464377875493896,-0.026582328360043508,1.9230769230769231,0.66,0.29169297553275453,0.506609844214797,0.5753935370744191,-0.07341577751768126,0.3965648734006169,0.704329844517358,A,MSFT,EMA cross (calm-tuned)
3936,0.6702235772357723,0.6799462365418769,0.3248943253515171,-0.015572972394263526,2.6923076923076925,0.6714285714285714,0.15315231541751906,0.33173232176323386,0.4338220992102947,-0.0529014184068174,0.5230418020902438,0.704329844517358,A,MSFT,SuperTrend (calm-tuned)
3936,0.7334857723577236,0.6969513704640695,0.37551789150788245,-0.008950404844335912,1.6153846153846154,0.7857142857142857,0.29298029556650246,0.47205561555629916,0.5000326178991743,-0.030827556392176755,0.4508295030153178,0.704329844517358,A,MSFT,Online directional-change (calm-tuned)
3863,0.8325135904737251,0.7096509289645866,0.478522283001665,0.2742011142477159,2.1,0.6904761904761905,0.17251131221719457,0.3946007194973492,0.39054180525394744,0.640000057441047,0.9057602322438199,0.9133841245360707,A,NVDA,MODEL calm
3863,0.7853999482267667,0.7130002726520799,0.41152362209767324,0.17136427614182112,2.4,0.7083333333333334,0.14960407239819007,0.3680393458334714,0.45870044361763723,0.3966986470452385,0.8360177173586927,0.9133841245360707,A,NVDA,Crypto model C
3863,0.7815169557338856,0.6988109085271366,0.3900291003918652,0.21749381849558347,2.4,0.6666666666666666,0.2092911877394636,0.4247034589474841,0.41597950013465573,0.5054397576183902,0.8669226256524494,0.9133841245360707,A,NVDA,EMA cross (calm-tuned)
3863,0.6769350245922858,0.6823019014618581,0.31050914786613626,0.017468186968898507,3.7,0.6216216216216216,0.1228448275862069,0.3231648531415033,0.34978329248031725,0.030490243329904028,0.6819220799382668,0.9133841245360707,A,NVDA,SuperTrend (calm-tuned)
3863,0.8255242039865389,0.7474109508378515,0.49889449673722436,0.3151115591459624,1.4,0.7857142857142857,0.19732070910556004,0.41379601433753344,0.467659904654172,0.7386246117696788,1.0260700207989202,0.9133841245360707,A,NVDA,Online directional-change (calm-tuned)
3910,0.8043478260869565,0.6860910997845421,0.39856183588543703,0.08873291109276157,1.793103448275862,0.7307692307692307,0.24358974358974358,0.44103490642331694,0.41842493382411317,0.20980967439036244,0.5567166743599222,0.7255241547536339,A,GOOGL,MODEL calm
3910,0.7557544757033248,0.7227607088280797,0.39754998351841775,0.028409650211193047,2.0344827586206895,0.7457627118644068,0.2727272727272727,0.4722674263210331,0.49442423681473574,0.057329614281572426,0.508203912378401,0.7255241547536339,A,GOOGL,Crypto model C
3910,0.7514066496163683,0.6641020530197329,0.3138084702610871,0.05598126978896163,1.7241379310344827,0.68,0.32941176470588235,0.535364603460171,0.588287508275353,0.1283693397710454,0.5418735780910532,0.7255241547536339,A,GOOGL,EMA cross (calm-tuned)
3910,0.7053708439897698,0.7313818730601669,0.38948113113220273,0.09364039887109375,2.689655172413793,0.6794871794871795,0.16111111111111112,0.3288782266853086,0.38607026559073765,0.21607694569038507,0.6762888128308788,0.7255241547536339,A,GOOGL,SuperTrend (calm-tuned)
3910,0.7460358056265984,0.6743102024545118,0.32437764535082425,-0.03670466939097929,1.6896551724137931,0.7959183673469388,0.36,0.4878223376353789,0.47803292382734214,-0.10317573610305326,0.3985171160210189,0.7255241547536339,A,GOOGL,Online directional-change (calm-tuned)
3917,0.7806995149348992,0.6490391314154451,0.31684854809232094,0.004444236580473469,2.5,0.6615384615384615,0.27978494623655914,0.4446281289325743,0.4315559331146676,-0.002083506991617134,0.4008576566758968,0.6619251454587456,A,AMZN,MODEL calm
3917,0.7510850140413582,0.6990934795343922,0.35916243037591605,-0.09491088771926671,2.3846153846153846,0.7096774193548387,0.20010526315789473,0.43598501116854393,0.5207860955411124,-0.2389224496095839,0.2843562760407881,0.6619251454587456,A,AMZN,Crypto model C
3917,0.7375542507020679,0.652782492823508,0.2852634212978903,-0.012007105104643383,2.3076923076923075,0.65,0.21754427577482605,0.4898160047282877,0.5400204531827015,-0.04041829256581709,0.3940498504346177,0.6619251454587456,A,AMZN,EMA cross (calm-tuned)
3917,0.660709726831759,0.6778547966063988,0.29573376432323745,-0.06003414570804148,3.1538461538461537,0.6463414634146342,0.14690026954177898,0.3645759513916509,0.4685060039080704,-0.15948934416244887,0.3782281558278697,0.6619251454587456,A,AMZN,SuperTrend (calm-tuned)
3917,0.7342353842226194,0.6570889654073453,0.28955678315282746,0.02604312387683186,1.4615384615384615,0.8157894736842105,0.33345428156748913,0.46732309310802667,0.5215247789003747,0.05480574379529286,0.4668540258716598,0.6619251454587456,A,AMZN,Online directional-change (calm-tuned)
3604,0.8296337402885683,0.7385562280833153,0.5142686260958836,0.1804544187027291,2.4210526315789473,0.6739130434782609,0.21348314606741572,0.4267484398878784,0.32654127610936934,0.4065386199818662,0.5739155313243202,0.5015545261146971,A,META,MODEL calm
3604,0.8066037735849056,0.781751417750943,0.5257666331139185,0.1698266722893478,2.263157894736842,0.6744186046511628,0.13513513513513514,0.3827671490419308,0.43316952263184977,0.3825963860487524,0.6433418358795919,0.5015545261146971,A,META,Crypto model C
3604,0.8201997780244173,0.7896297021675293,0.5483635444474201,0.17075803153890118,1.8421052631578947,0.7142857142857143,0.23076923076923078,0.4798738867596432,0.5295014561495559,0.386173474396804,0.6564711016973964,0.5015545261146971,A,META,EMA cross (calm-tuned)
3604,0.7366814650388457,0.728922326709071,0.40882703738843573,-0.029110009049974232,3.789473684210526,0.5972222222222222,0.12359550561797752,0.3566338603470055,0.3958446939991479,-0.07949726166396644,0.29812959269006784,0.5015545261146971,A,META,SuperTrend (calm-tuned)
3604,0.7724750277469479,0.69457202739111,0.3882634781366767,0.08494704365292095,2.1052631578947367,0.65,0.25301204819277107,0.3827671490419308,0.4394037384054539,0.18808858942982082,0.4345434378233715,0.5015545261146971,A,META,Online directional-change (calm-tuned)
3922,0.8054563997960225,0.6768197049319284,0.3778530197822734,0.13900736026731578,1.9166666666666667,0.7391304347826086,0.3043181818181818,0.41351983434854633,0.43838601111961045,0.27852113053364747,0.5757295022341785,0.6327921585501818,A,BRK-B,MODEL calm
3922,0.7850586435492096,0.7194447510350871,0.4072916059489037,0.0047478010044166045,2.1666666666666665,0.7307692307692307,0.2575,0.5067719076879321,0.5414257461315768,-0.007536963740903746,0.42891778107988227,0.6327921585501818,A,BRK-B,Crypto model C
3922,0.760326364099949,0.6823114307160356,0.3382639739564627,0.18399069785914027,1.7916666666666667,0.6976744186046512,0.2898454157782516,0.3351921896845885,0.4982982425888,0.3747075685029414,0.6906000603731629,0.6327921585501818,A,BRK-B,EMA cross (calm-tuned)
3922,0.698368179500255,0.7295511133299108,0.37840601131251167,-0.0776927252618946,3.375,0.6296296296296297,0.15404040404040403,0.39260027008406084,0.44047113655683434,-0.19171274779450503,0.3454680720937638,0.6327921585501818,A,BRK-B,SuperTrend (calm-tuned)
3922,0.7822539520652728,0.6872224236337263,0.36327453388791137,0.019752554436019355,1.5833333333333333,0.7894736842105263,0.35,0.5361893769133227,0.5054284454813696,0.02891380724171081,0.43267805428253286,0.6327921585501818,A,BRK-B,Online directional-change (calm-tuned)
3947,0.78616670889283,0.6410272532631688,0.3322955938358391,0.12983875455422392,1.6896551724137931,0.7755102040816326,0.3918918918918919,0.4966790956805986,0.4723100290175103,0.31737321157463944,0.6525839839453222,0.8008778704713809,A,AVGO,MODEL calm
3947,0.8087154801114771,0.7257472900078534,0.4584000477448812,0.11370934682562242,1.6896551724137931,0.7959183673469388,0.2714285714285714,0.4765321289695612,0.5666901608284134,0.2768869490167075,0.6702569106650865,0.8008778704713809,A,AVGO,Crypto model C
3947,0.7109196858373448,0.5828872809506612,0.17069844593596242,0.05056475915768144,1.6896551724137931,0.7346938775510204,0.4306930693069307,0.5881972767688121,0.6117612650260902,0.11859443652947087,0.5542516980609501,0.8008778704713809,A,AVGO,EMA cross (calm-tuned)
3947,0.6739295667595643,0.6532154106978051,0.26728457110644255,-0.037224860081818474,2.7241379310344827,0.6835443037974683,0.2714285714285714,0.3927118983051088,0.46960750265556195,-0.10639306259953273,0.4865885533016076,0.8008778704713809,A,AVGO,SuperTrend (calm-tuned)
3947,0.8165695464910059,0.7429167239906677,0.48693744544780887,0.11815741429166447,1.6206896551724137,0.8085106382978723,0.18181818181818182,0.4058823561895558,0.43961289597388553,0.28837460049181984,0.6750372971777968,0.8008778704713809,A,AVGO,Online directional-change (calm-tuned)
3914,0.671691364333163,0.643417191931443,0.31697318755888815,0.07681102275173146,2.34375,0.72,0.18642109064644274,0.4103910753536223,0.39169217017139524,0.20226012687313727,0.48280391745231943,0.5862151345903199,A,TSLA,MODEL calm
3914,0.6371997956055186,0.6287051174598305,0.25809121556704057,-0.012266603744787505,2.21875,0.7183098591549296,0.24187192118226603,0.44347853102182927,0.47673370293883766,-0.04173041412862138,0.3648809422380967,0.5862151345903199,A,TSLA,Crypto model C
3914,0.6282575370464998,0.6142204868310281,0.23256386029206524,0.012685128738863918,1.90625,0.7540983606557377,0.3523065476190476,0.5931935733041471,0.5381780194080787,0.027877414338936292,0.3870378120650992,0.5862151345903199,A,TSLA,EMA cross (calm-tuned)
3914,0.6561062851303014,0.6604681561308766,0.31782307777647356,0.06438168379689337,2.4375,0.7051282051282052,0.11739380022962112,0.33237794795033593,0.4330777377503414,0.1678116510830732,0.5654048158620604,0.5862151345903199,A,TSLA,SuperTrend (calm-tuned)
3914,0.698773633111906,0.6908168616318483,0.38326285950775646,0.09182057265758646,1.65625,0.7358490566037735,0.18512851897184823,0.3745948970664955,0.36974375145235905,0.24596703155109007,0.5443840996260575,0.5862151345903199,A,TSLA,Online directional-change (calm-tuned)
3929,0.7597353016034615,0.6153340409409628,0.26909157719106835,0.09824811446860547,1.588235294117647,0.7592592592592593,0.2363970588235294,0.5268649903678819,0.4444045473580519,0.2426237862281729,0.61174307648726,0.8412177884707351,A,LLY,MODEL calm
3929,0.7182489182998218,0.6530980078938504,0.2876600807066805,-0.01233445099142399,1.7352941176470589,0.7796610169491526,0.3270676691729323,0.5134584003696967,0.5319331665816273,-0.04599827029263078,0.49114163524782645,0.8412177884707351,A,LLY,Crypto model C
3929,0.707050139984729,0.6149341578868943,0.22386644305359213,0.1066162581194312,1.2058823529411764,0.7560975609756098,0.36875,0.5227192601995734,0.47254674921768913,0.2674671166655294,0.6563838655537922,0.8412177884707351,A,LLY,EMA cross (calm-tuned)
3929,0.6691270043268007,0.6439548981348677,0.254463684584479,-0.07864680805883541,2.3823529411764706,0.6666666666666666,0.23926868044515104,0.4540571370383862,0.4870033887945304,-0.2235676683211004,0.3909186178261535,0.8412177884707351,A,LLY,SuperTrend (calm-tuned)
3929,0.7024688215831,0.6366046415388277,0.254913483913754,-0.06250202038382476,1.6470588235294117,0.7678571428571429,0.29380053908355797,0.5478324980894089,0.5238873306214042,-0.17566814642501097,0.4262200854220319,0.8412177884707351,A,LLY,Online directional-change (calm-tuned)
3924,0.795361875637105,0.6575710674570564,0.35731203986869625,0.06500598485318031,2.1818181818181817,0.6875,0.2462160842575155,0.3323445215079266,0.4573223542316685,0.12638826163398326,0.40718749103950524,0.49920052780500984,A,JPM,MODEL calm
3924,0.7696228338430173,0.7029098685276194,0.38350305566996906,0.02366173421809952,2.1818181818181817,0.7291666666666666,0.2367837923393479,0.40400099162150005,0.4852911543600332,0.038800279277572944,0.3743461128370017,0.49920052780500984,A,JPM,Crypto model C
3924,0.737512742099898,0.6665822085041692,0.3104733854356156,0.04299986527503438,2.4545454545454546,0.6851851851851852,0.2984567697685155,0.4371402268046366,0.49715854475831084,0.07834095263985384,0.4258592382225834,0.49920052780500984,A,JPM,EMA cross (calm-tuned)
3924,0.6811926605504587,0.6929706784046175,0.3274183813289305,-0.08387850597741382,3.8181818181818183,0.5952380952380952,0.1278329513623631,0.31977099113341634,0.4169576454844401,-0.19744173679858448,0.2410908629166416,0.49920052780500984,A,JPM,SuperTrend (calm-tuned)
3924,0.7484709480122325,0.6324847640942345,0.26927821814173963,0.028670822184354267,1.4090909090909092,0.7419354838709677,0.3815850815850816,0.42348423917213907,0.44759210979823594,0.053412361795826646,0.37407403440867687,0.49920052780500984,A,JPM,Online directional-change (calm-tuned)
3933,0.8146453089244852,0.6274738431043434,0.31966992082518453,0.07273022518595429,2.15,0.6976744186046512,0.20515367535351176,0.4388640757533868,0.4673237288015969,0.1337025107588061,0.5522806633477649,0.8159617072434994,A,V,MODEL calm
3933,0.813628273582507,0.7366654121588746,0.44788627045096463,0.09037689220769363,2.15,0.7209302325581395,0.1892950993499608,0.4593199957299181,0.4795318314804914,0.16894837940095903,0.6344806513572694,0.8159617072434994,A,V,Crypto model C
3933,0.7841342486651411,0.6653248059458772,0.3267450628850275,-0.021948398687150383,3.05,0.6229508196721312,0.1885939765943813,0.45850982944282037,0.5063680739027719,-0.05994298745388817,0.48490555452056916,0.8159617072434994,A,V,EMA cross (calm-tuned)
3933,0.7129417747266718,0.7264304246168717,0.37033815919708046,-0.18115379045214855,3.55,0.647887323943662,0.12505076485718153,0.41276170389662314,0.5086145825442292,-0.3803028920626678,0.33600524078368577,0.8159617072434994,A,V,SuperTrend (calm-tuned)
3933,0.8151538265954742,0.6880486090474776,0.39285216441034715,0.21129565299647712,1.35,0.8518518518518519,0.20341522484247687,0.4758584577884464,0.4920365702364449,0.4146525446872835,0.7464447051128639,0.8159617072434994,A,V,Online directional-change (calm-tuned)
3935,0.7740787801778908,0.6868159084143342,0.42050117855389485,0.12675625976900728,1.6896551724137931,0.7551020408163265,0.2672413793103448,0.49615705894194007,0.4097300873191034,0.28988513535643634,0.4753669030410007,0.5496957445521001,A,WMT,MODEL calm
3935,0.7682337992376111,0.7290832107357216,0.4528110385912179,-0.011275758882829907,2.0344827586206895,0.7288135593220338,0.24,0.4740111951923655,0.5222493212283731,-0.04570033433288643,0.32365083418985374,0.5496957445521001,A,WMT,Crypto model C
3935,0.7303684879288437,0.6819757732296226,0.3609291837358985,-0.034258265887318784,2.0344827586206895,0.7457627118644068,0.32,0.5758286686480159,0.4877718084603585,-0.10105274508231614,0.28709872085027954,0.5496957445521001,A,WMT,EMA cross (calm-tuned)
3935,0.7707750952986023,0.7647937024972855,0.49942864265821346,0.10280853733275805,2.3793103448275863,0.6811594202898551,0.13513513513513514,0.31710896184346277,0.3807888199951983,0.2258988814014601,0.5163109514205795,0.5496957445521001,A,WMT,SuperTrend (calm-tuned)
3935,0.7466327827191868,0.7051033340374204,0.4040649143443522,-0.016835473476361808,1.5517241379310345,0.7555555555555555,0.24444444444444444,0.5520237050584542,0.4674302969810919,-0.05468205088370678,0.31963849095468916,0.5496957445521001,A,WMT,Online directional-change (calm-tuned)
3947,0.7593108690144413,0.7233894292540773,0.47278600811295796,-0.033424714823775584,2.5714285714285716,0.6805555555555556,0.14907407407407408,0.3907101351711569,0.4002980610300551,-0.09509285898556473,0.06683588121727883,0.19875741066589175,A,XOM,MODEL calm
3947,0.7856599949328604,0.7797714337264422,0.5518747635430649,0.0005063726510981707,2.142857142857143,0.7333333333333333,0.141439205955335,0.4348701802867861,0.42842474946747505,-0.013832488464491711,0.12627472316952632,0.19875741066589175,A,XOM,Crypto model C
3947,0.7372688117557639,0.7365614458094816,0.46199384560269796,-0.03237880944640197,1.8571428571428572,0.7115384615384616,0.2415550821667681,0.4691424269337426,0.49252669871978294,-0.08769017673949825,0.08170328500256425,0.19875741066589175,A,XOM,EMA cross (calm-tuned)
3947,0.7230808208766152,0.7299671680307926,0.4464791409386565,0.028836267437042314,2.7857142857142856,0.6666666666666666,0.10918355662429864,0.3706132047885431,0.3454948563723585,0.04703630307134447,0.18251239170114003,0.19875741066589175,A,XOM,SuperTrend (calm-tuned)
3947,0.7712186470737269,0.764196204504076,0.5213042689441706,0.06545415925817796,1.5,0.8095238095238095,0.1633657495256167,0.5025749239611189,0.5202478618111379,0.14049138034308487,0.2338690438746871,0.19875741066589175,A,XOM,Online directional-change (calm-tuned)
3908,0.8180655066530195,0.6813713226260415,0.4257942068374871,0.1335155435887853,1.6153846153846154,0.7857142857142857,0.26343101343101344,0.5082127917362044,0.5119938611527695,0.29789900780219464,0.501015220914318,0.5528559951125913,A,UNH,MODEL calm
3908,0.8211361310133061,0.7483239141927462,0.49412525167960214,0.09948918705545762,1.5384615384615385,0.825,0.20162107396149948,0.5040845239525656,0.5531572712081103,0.21992438882558493,0.5018959578798469,0.5528559951125913,A,UNH,Crypto model C
3908,0.7709825997952917,0.7023838243944572,0.38517771416628566,-0.2005215613635136,2.5384615384615383,0.6666666666666666,0.26423097974822113,0.5925109997252678,0.6261639176800622,-0.4767532896594554,0.048440736102702074,0.5528559951125913,A,UNH,EMA cross (calm-tuned)
3908,0.7218526100307062,0.7339546987736503,0.4014374203370241,-0.19642666363007216,3.230769230769231,0.6547619047619048,0.15384615384615385,0.4191557856519409,0.47981549034219245,-0.47140553791115225,0.05981905831954854,0.5528559951125913,A,UNH,SuperTrend (calm-tuned)
3908,0.8257420675537359,0.6978291300883835,0.4556605549424904,0.13189495522285177,1.2307692307692308,0.875,0.2254305977710233,0.576757329108921,0.5645001269548764,0.29631661481960236,0.5326428090019629,0.5528559951125913,A,UNH,Online directional-change (calm-tuned)
3932,0.8626653102746694,0.7058864104082573,0.4686354553730185,0.16194537113542035,2.625,0.6904761904761905,0.1562416466185512,0.4552039185435429,0.3936800445739843,0.2931395941737538,0.6390744135965153,0.7953737026204586,A,MA,MODEL calm
3932,0.8382502543234995,0.7595781515541367,0.48136040188067175,0.09214346415068969,2.6875,0.6976744186046512,0.12791239515377448,0.45045310316451825,0.44412421474716685,0.16212069172390425,0.5963544264955559,0.7953737026204586,A,MA,Crypto model C
3932,0.8324008138351984,0.7355721342236805,0.4464811211118037,0.014432900221111876,2.8125,0.6666666666666666,0.1352904628766698,0.4960779329244318,0.43558509923902405,0.0160946302705846,0.5056277570369616,0.7953737026204586,A,MA,EMA cross (calm-tuned)
3932,0.7367751780264497,0.7515176061371325,0.3962405190857972,-0.11246024154788457,4.3125,0.6231884057971014,0.12117568812033153,0.3033914155781555,0.3930430530748944,-0.227395467043785,0.40775717282636803,0.7953737026204586,A,MA,SuperTrend (calm-tuned)
3932,0.8242624618514751,0.7136932840511246,0.4102685434488182,0.11753510879007827,1.9375,0.7741935483870968,0.154524089306698,0.5046615921927702,0.4747197599746373,0.21263175897035053,0.6192894061051724,0.7953737026204586,A,MA,Online directional-change (calm-tuned)
3942,0.7054794520547946,0.6279896440189005,0.29272900872819324,0.08050762232216414,1.8666666666666667,0.7321428571428571,0.28155172413793106,0.4502781111497938,0.4560457464741693,0.18603755358510093,0.31415905764415103,0.32324830629299445,A,ORCL,MODEL calm
3942,0.7554540842212075,0.7202280639151739,0.4467338081233993,0.03136975617903942,2.0,0.75,0.13969722455845246,0.40577269165253516,0.4937025240514721,0.0648255422852173,0.2568791236999544,0.32324830629299445,A,ORCL,Crypto model C
3942,0.6656519533231862,0.6235844127762489,0.24866975092922003,-0.0770656441852028,1.9666666666666666,0.7288135593220338,0.294439048081593,0.4599155152929203,0.5454311046939304,-0.20060932990979444,0.08072989333339727,0.32324830629299445,A,ORCL,EMA cross (calm-tuned)
3942,0.6745306950786403,0.6719349921803947,0.32802740809094866,-0.20035307646458597,3.2,0.6354166666666666,0.1203448275862069,0.3683874407465121,0.43229968819718834,-0.5102382412100319,-0.14058014120884846,0.32324830629299445,A,ORCL,SuperTrend (calm-tuned)
3942,0.7295788939624556,0.6850871399336994,0.38119813103997896,0.09798567902936961,1.3333333333333333,0.8,0.24328291649633954,0.47180093785712557,0.45792298558692857,0.23203939514615182,0.353675324424167,0.32324830629299445,A,ORCL,Online directional-change (calm-tuned)
3948,0.7917933130699089,0.6628045157456922,0.38489948017300746,0.1677509746552203,1.6206896551724137,0.723404255319149,0.21621621621621623,0.42377521930211803,0.39072041054072676,0.4269812664828969,0.6826431636508087,0.7789607215061057,A,COST,MODEL calm
3948,0.7350557244174265,0.6854242219353781,0.3481817535153197,-0.043174523801718614,2.310344827586207,0.7164179104477612,0.23728813559322035,0.4372672346438739,0.46302144906113046,-0.13429342918894194,0.4277885483528621,0.7789607215061057,A,COST,Crypto model C
3948,0.7383485309017224,0.6402432028192677,0.28746996338667774,0.028438650279356867,1.5517241379310345,0.7111111111111111,0.2885375494071146,0.5258309032598318,0.5334607436662983,0.060941980638075995,0.4921896559271116,0.7789607215061057,A,COST,EMA cross (calm-tuned)
3948,0.7226443768996961,0.704695023254861,0.3692527713032638,0.018632472057599526,2.6551724137931036,0.6883116883116883,0.18018018018018017,0.3474308813985089,0.38445657379470277,0.025272289908356702,0.5424366315120542,0.7789607215061057,A,COST,SuperTrend (calm-tuned)
3948,0.756838905775076,0.6771118896879547,0.35374959952416235,0.08519011093157665,1.4137931034482758,0.8048780487804879,0.25,0.4545051427241896,0.49192422179498757,0.21151053004090326,0.6189167853956,0.7789607215061057,A,COST,Online directional-change (calm-tuned)
3950,0.800253164556962,0.6900878576418404,0.40616782225658643,0.10057411305675956,1.7096774193548387,0.7735849056603774,0.3055555555555556,0.4933814271614315,0.4435857656141178,0.255360713655746,0.5277004043498836,0.5823902111291058,A,HD,MODEL calm
3950,0.739240506329114,0.6848813519711798,0.34031722935752884,0.03603473077212447,1.967741935483871,0.7540983606557377,0.2518518518518518,0.46734945044675047,0.5288728239959829,0.08010109803064523,0.46645959518560864,0.5823902111291058,A,HD,Crypto model C
3950,0.7078481012658228,0.6253995537332375,0.23566890370363053,0.017586995900164368,1.903225806451613,0.7457627118644068,0.4444444444444444,0.47714825104213054,0.5696454089927048,0.031184383175933517,0.42463872256824675,0.5823902111291058,A,HD,EMA cross (calm-tuned)
3950,0.6967088607594937,0.6897782406904837,0.32881818834217613,0.02284275026685592,2.4838709677419355,0.7012987012987013,0.2361111111111111,0.3804473962484325,0.48280167819346165,0.04040535905171742,0.46552745091249825,0.5823902111291058,A,HD,SuperTrend (calm-tuned)
3950,0.780253164556962,0.6778476194117026,0.36565934749899076,0.15529878766427907,1.1290322580645162,0.9428571428571428,0.2916666666666667,0.5305407928923902,0.5457292910845448,0.4070599749059562,0.6553931600863913,0.5823902111291058,A,HD,Online directional-change (calm-tuned)
3876,0.7706398348813209,0.6937792894935753,0.42446614391065723,-0.028186657835724636,2.111111111111111,0.7192982456140351,0.17647058823529413,0.4236038055460397,0.4566015307101085,-0.08301330334220419,0.11746304417855805,0.28630800068297374,A,PG,MODEL calm
3876,0.7458720330237358,0.709599395313681,0.41135063694612245,-0.19601732884729214,2.4074074074074074,0.7076923076923077,0.19823788546255505,0.43209235890180486,0.5490692282323456,-0.45528388016718896,-0.11269590474536473,0.28630800068297374,A,PG,Crypto model C
3876,0.7092363261093911,0.6835430839002268,0.3510581244535761,-0.11292532640072132,2.4074074074074074,0.6923076923076923,0.45390070921985815,0.4962735133147828,0.5579676207219199,-0.27239243591681317,0.009910833571973405,0.28630800068297374,A,PG,EMA cross (calm-tuned)
3876,0.6885964912280702,0.697526455026455,0.3654483903294018,-0.14830872026501798,3.0,0.6666666666666666,0.19823788546255505,0.3426117795261679,0.4635054612290266,-0.3561091688466776,-0.054106771999190166,0.28630800068297374,A,PG,SuperTrend (calm-tuned)
3876,0.7058823529411765,0.6628968253968255,0.3193677456984166,-0.24842326525135655,1.8888888888888888,0.7450980392156863,0.28378378378378377,0.4947777963810089,0.5023290934159443,-0.5656255220462094,-0.1825101880914238,0.28630800068297374,A,PG,Online directional-change (calm-tuned)
3940,0.750761421319797,0.6826834969611968,0.37849651032569925,-0.07959920055284335,1.8918918918918919,0.7714285714285715,0.272,0.5522606659267612,0.4998725208964326,-0.23679364216111318,0.19062277684033063,0.5441936682623263,A,JNJ,MODEL calm
3940,0.7073604060913705,0.6801511609786505,0.3413300562873944,-0.07201020112913084,1.7297297297297298,0.796875,0.288,0.5133194678127994,0.5286308335199581,-0.2144758707940934,0.22893500139724113,0.5441936682623263,A,JNJ,Crypto model C
3940,0.6631979695431472,0.6213666822502727,0.23151837400015576,-0.1412941659643137,1.5135135135135136,0.7857142857142857,0.352,0.5892641262887055,0.5600998644307879,-0.3952610101648971,0.1003831587487863,0.5441936682623263,A,JNJ,EMA cross (calm-tuned)
3940,0.683248730964467,0.6881720430107527,0.34525906437822007,-0.1318663668175366,2.135135135135135,0.7341772151898734,0.21105527638190955,0.44277993015602,0.49136378023292354,-0.37882506152561946,0.12581253989276567,0.5441936682623263,A,JNJ,SuperTrend (calm-tuned)
3940,0.7093908629441624,0.6667617266635499,0.3229246277228095,-0.0941919074195239,1.3513513513513513,0.88,0.30434782608695654,0.6381777554785131,0.5726441116660668,-0.2681066275288915,0.1877311410509908,0.5441936682623263,A,JNJ,Online directional-change (calm-tuned)
3907,0.8024059380598925,0.7233794762881687,0.4724860398674341,0.2932963833419378,1.6956521739130435,0.7692307692307693,0.21052631578947367,0.36643738610910176,0.4010775139171548,0.7226963015685353,0.7345333090096118,0.43778429961321547,A,NFLX,MODEL calm
3907,0.7609418991553621,0.7185174367642119,0.41922026256546985,0.16068942831142355,2.0434782608695654,0.7446808510638298,0.23255813953488372,0.43058186233720064,0.41871404450818317,0.392243372539143,0.556929402517278,0.43778429961321547,A,NFLX,Crypto model C
3907,0.7489122088558997,0.6920521503714321,0.3751679560994419,0.30120594856995764,1.3478260869565217,0.8064516129032258,0.38047138047138046,0.4679022248327557,0.4471815289879041,0.7434933907768165,0.817029259937761,0.43778429961321547,A,NFLX,EMA cross (calm-tuned)
3907,0.7542871768620425,0.7617495245857104,0.47404255603377304,0.19345764955659608,3.1739130434782608,0.6575342465753424,0.11764705882352941,0.2710406461776386,0.2694751241641683,0.4701869612062641,0.6600174038951035,0.43778429961321547,A,NFLX,SuperTrend (calm-tuned)
3907,0.7798822626055797,0.7147052565229784,0.43317431408854407,0.2180646708982792,1.434782608695652,0.8181818181818182,0.23404255319148937,0.42694532827510073,0.43552639433930496,0.5365451640946854,0.6386945300438512,0.43778429961321547,A,NFLX,Online directional-change (calm-tuned)
3924,0.7449031600407747,0.665395845688814,0.37194368696824653,0.05603161249684589,2.0,0.7068965517241379,0.2653061224489796,0.39375187166272957,0.4296887740050241,0.12741672988299949,0.286272165558756,0.2962642768252398,A,BAC,MODEL calm
3924,0.7189092762487258,0.6772953693252473,0.3540676984460845,0.11193479141542709,1.5862068965517242,0.8043478260869565,0.3779527559055118,0.44194135674438173,0.4423373634920207,0.268326060889429,0.40594173226536906,0.2962642768252398,A,BAC,Crypto model C
3924,0.6992864424057085,0.6692537449063534,0.3295774048532759,0.06095436279784862,1.793103448275862,0.7307692307692307,0.4090909090909091,0.43441178709742795,0.5494099803499921,0.14078012316700872,0.3568345586613346,0.2962642768252398,A,BAC,EMA cross (calm-tuned)
3924,0.6748216106014271,0.6759089648179679,0.330413960572001,0.0062991312398871825,2.8275862068965516,0.6463414634146342,0.21739130434782608,0.39375187166272957,0.4154850866210137,-0.000520062901743292,0.2509554413936499,0.2962642768252398,A,BAC,SuperTrend (calm-tuned)
3924,0.7173802242609582,0.6451862648504907,0.3134259093645967,0.057728262453320744,1.0689655172413792,0.8064516129032258,0.40816326530612246,0.49416695841650216,0.5021290244162895,0.13691851164693214,0.3102082160664698,0.2962642768252398,A,BAC,Online directional-change (calm-tuned)
3427,0.7011963816749344,0.6295052338789516,0.29291789598053103,-0.10935273876895113,1.7222222222222223,0.7258064516129032,0.2318861693861694,0.5151235141785837,0.5005035984459876,-0.3391852092211876,0.12705755983018766,0.5512462776044168,A,ABBV,MODEL calm
3427,0.6725999416399183,0.6446270460685399,0.2855296652222874,-0.12163383452487182,1.5833333333333333,0.7719298245614035,0.33522488440521225,0.5009483287653053,0.5268518507211919,-0.374051479325906,0.1209905870601666,0.5512462776044168,A,ABBV,Crypto model C
3427,0.65304931426904,0.6150567421393796,0.2305339089098948,-0.032072119949209964,1.1388888888888888,0.7804878048780488,0.4431818181818182,0.573082780300493,0.5311492454263294,-0.10575576471252304,0.2905194431270482,0.5512462776044168,A,ABBV,EMA cross (calm-tuned)
3427,0.6311642836299971,0.6168295805583055,0.22517104978026536,-0.06028138160443587,1.8333333333333333,0.7424242424242424,0.36467236467236464,0.43157659108483865,0.47793837566089786,-0.19570796380982125,0.2554557249693759,0.5512462776044168,A,ABBV,SuperTrend (calm-tuned)
3427,0.7715202801283921,0.7397682435535033,0.4872268662009375,0.040654428491720795,1.3333333333333333,0.7916666666666666,0.20775729646697388,0.42350654240206587,0.4911335961876208,0.10646649427782509,0.4331629499751556,0.5512462776044168,A,ABBV,Online directional-change (calm-tuned)
3940,0.783502538071066,0.7090653859729407,0.44279862877811205,-0.07001406209484745,2.909090909090909,0.65625,0.15728021978021978,0.3359343274029032,0.38074232657197826,-0.15733270121587162,0.12876542744827787,0.35706479768486465,A,CRM,MODEL calm
3940,0.7530456852791878,0.7302816327449639,0.4358574524231393,-0.0587140734972893,2.6363636363636362,0.6724137931034483,0.16584249084249086,0.35474839575671546,0.4115103828064739,-0.13268860317467582,0.15896385179593217,0.35706479768486465,A,CRM,Crypto model C
3940,0.7116751269035533,0.6951898825703051,0.36296526479012403,-0.08023680497914963,2.727272727272727,0.65,0.15895909645909645,0.3897459221243669,0.46354944002210374,-0.17794880359947918,0.12669267928954592,0.35706479768486465,A,CRM,EMA cross (calm-tuned)
3940,0.6593908629441624,0.6549167203407488,0.28269133453706397,-0.08270908694364136,3.4545454545454546,0.631578947368421,0.147726411519515,0.3453356772386425,0.2986159540370325,-0.18591618955777447,0.13002868728049355,0.35706479768486465,A,CRM,SuperTrend (calm-tuned)
3940,0.7390862944162436,0.7078262044321314,0.39608305229042956,-0.07863941765698382,1.9090909090909092,0.7142857142857143,0.17227656736327257,0.37700614206909844,0.4469173708419513,-0.1714301857202646,0.12663065676140586,0.35706479768486465,A,CRM,Online directional-change (calm-tuned)
3932,0.731943031536114,0.6401668531770572,0.3146096054508483,-0.092897188775207,2.5384615384615383,0.6666666666666666,0.221887222946545,0.4525267954606451,0.38652423830698573,-0.21297400759368354,0.09766511562463763,0.3784035090884788,A,KO,MODEL calm
3932,0.7367751780264497,0.6975660394027741,0.38808438510200116,-0.2814044209525857,2.6153846153846154,0.6911764705882353,0.22688724319159104,0.45654211435249004,0.47233340825629183,-0.5966522599736191,-0.13530353026677616,0.3784035090884788,A,KO,Crypto model C
3932,0.6742115971515769,0.6193286116755505,0.2361026737855206,-0.14093264918055165,2.076923076923077,0.7222222222222222,0.2714574898785425,0.48598985084180335,0.5155540358309816,-0.30602368370278266,0.04536080177125504,0.3784035090884788,A,KO,EMA cross (calm-tuned)
3932,0.6660732451678535,0.6800837578898804,0.3316203031779667,-0.3822064081604858,3.3076923076923075,0.6511627906976745,0.17864372469635625,0.3941235276968764,0.4355421171368185,-0.8088171202250101,-0.30910762008004095,0.3784035090884788,A,KO,SuperTrend (calm-tuned)
3932,0.7128687690742624,0.6735166288737717,0.33840446045880235,-0.14947102205576404,1.6923076923076923,0.7954545454545454,0.2916688847484695,0.5070192175776667,0.5220385731660595,-0.31973476347014484,0.03660272216546652,0.3784035090884788,A,KO,Online directional-change (calm-tuned)
3947,0.6936914111983785,0.6446806413102781,0.32696933777945086,-0.13110006229039334,2.235294117647059,0.6842105263157895,0.20294117647058824,0.48017936940969297,0.4247134736598657,-0.33627025953408546,-0.09264156399799478,0.1967662733039078,A,CVX,MODEL calm
3947,0.718267038256904,0.6997270704026015,0.4028545009354325,-0.07666676183344659,1.8823529411764706,0.765625,0.22323107372587828,0.5093225007271103,0.5033625997583311,-0.2012335023949097,-0.0032243194988069487,0.1967662733039078,A,CVX,Crypto model C
3947,0.6607550038003547,0.6519600693600403,0.29956357157049013,-0.2374540526645886,2.2941176470588234,0.6666666666666666,0.3574193548387097,0.5097486316663784,0.5789894465682078,-0.5954132843213309,-0.3123778297226554,0.1967662733039078,A,CVX,EMA cross (calm-tuned)
3947,0.6506207246009628,0.6482872013439858,0.2902588461137958,-0.040949335282128844,2.3529411764705883,0.675,0.178544061302682,0.39451069613236356,0.4201578485694139,-0.11826360285342445,0.06426604368437193,0.1967662733039078,A,CVX,SuperTrend (calm-tuned)
3947,0.6762097795794274,0.6602230433068101,0.3199245115788549,-0.04352728201947781,1.2941176470588236,0.8181818181818182,0.307420872540633,0.5477710043516457,0.5321058803026739,-0.11606591463621635,0.05805619774847909,0.1967662733039078,A,CVX,Online directional-change (calm-tuned)
3933,0.7729468599033816,0.672957723299138,0.3881083736791239,-0.012621922579828295,1.9259259259259258,0.7307692307692307,0.28,0.4333819417284038,0.4671470425111079,-0.04301142235564064,0.22882972712652694,0.42983937665657146,A,MRK,MODEL calm
3933,0.7200610221205187,0.6725808117152381,0.33214282400940426,-0.1190618292930537,2.2222222222222223,0.7333333333333333,0.2765957446808511,0.5423477571439613,0.5801428740119895,-0.2806034544983226,0.0967142790322261,0.42983937665657146,A,MRK,Crypto model C
3933,0.7159928807526061,0.6856062048424103,0.348553071261897,-0.0053787442658874305,1.9259259259259258,0.7115384615384616,0.2698412698412698,0.41143791483585435,0.5239355983664101,-0.027011056584327276,0.27178983090983777,0.42983937665657146,A,MRK,EMA cross (calm-tuned)
3933,0.6803966437833715,0.6821977043244796,0.33015320825246436,-0.19652868540624252,2.962962962962963,0.675,0.18272425249169436,0.3619661339711051,0.40508652171249354,-0.4575205832762476,-0.02024316804699598,0.42983937665657146,A,MRK,SuperTrend (calm-tuned)
3933,0.7042969743198576,0.6543228660769893,0.2963703858997194,-0.2423432979675896,1.8518518518518519,0.76,0.36507936507936506,0.6005184690123153,0.5935598663132174,-0.5500874862977946,-0.07737582406732905,0.42983937665657146,A,MRK,Online directional-change (calm-tuned)
3951,0.7210832700582132,0.6778998409217096,0.3870987119522438,0.08647884253749465,3.0,0.6515151515151515,0.1712998712998713,0.2907552460999173,0.34742141655015146,0.1919759364643682,0.3938113446546198,0.4698859221979191,A,AMD,MODEL calm
3951,0.7041255378385219,0.6941846057154208,0.3833632143262329,0.08210468367100199,2.6363636363636362,0.6896551724137931,0.19078659070990361,0.32022301802973707,0.3970354812410335,0.18278639297205282,0.4305884498269057,0.4698859221979191,A,AMD,Crypto model C
3951,0.6767906859023032,0.661817383984382,0.3211853044982244,0.14812418272283157,2.1818181818181817,0.6458333333333334,0.21951412449241478,0.3965037906578365,0.40776304592984774,0.33619203674667714,0.5171476987927973,0.4698859221979191,A,AMD,EMA cross (calm-tuned)
3951,0.7043786383194128,0.6979340175165225,0.38895942724991184,0.08291694757162106,3.4545454545454546,0.6447368421052632,0.12027826468010516,0.26613341046704897,0.34739426100514914,0.18265584531229753,0.43499073977770764,0.4698859221979191,A,AMD,SuperTrend (calm-tuned)
3951,0.6532523411794482,0.6418894495435251,0.27950276611942804,0.023041600657830605,2.1363636363636362,0.7021276595744681,0.23511855413695903,0.38490172030869263,0.431807719126032,0.04785113219515269,0.34680524784770494,0.4698859221979191,A,AMD,Online directional-change (calm-tuned)
3950,0.710632911392405,0.6379624864184823,0.31060542844264943,-0.07510977410797673,2.032258064516129,0.7301587301587301,0.30303030303030304,0.4023183367284299,0.4801544884684087,-0.18488377559630015,0.0436251464839046,0.25106851554928517,A,PEP,MODEL calm
3950,0.690632911392405,0.6595042031223195,0.3162622799386445,-0.16308936559480355,2.161290322580645,0.7313432835820896,0.3333333333333333,0.48659977443780794,0.564091421794993,-0.37670914073371836,-0.09061605226649468,0.25106851554928517,A,PEP,Crypto model C
3950,0.6025316455696202,0.5590667352890719,0.11759098048360914,-0.17265012610434857,2.161290322580645,0.7014925373134329,0.44285714285714284,0.48519656745317913,0.5304995536320629,-0.39754834919201576,-0.10697429458692419,0.25106851554928517,A,PEP,EMA cross (calm-tuned)
3950,0.6308860759493671,0.6293632412649397,0.24604741927330692,-0.13555179398016776,2.3870967741935485,0.7027027027027027,0.2857142857142857,0.4254741772458856,0.4595459469345104,-0.31952525931344167,-0.05693545427348645,0.25106851554928517,A,PEP,SuperTrend (calm-tuned)
3950,0.6650632911392405,0.6154629153085149,0.2366913923286157,-0.2987685423233339,1.7741935483870968,0.7272727272727273,0.3691275167785235,0.5528504186642864,0.525928225335749,-0.6660521625654922,-0.2757989576255323,0.25106851554928517,A,PEP,Online directional-change (calm-tuned)
3949,0.7715877437325905,0.6774238004160147,0.3879777112168273,0.11381776556527588,1.7142857142857142,0.7708333333333334,0.16290588882773804,0.425963970436774,0.39426898482526435,0.25807850893374523,0.5445692213294117,0.613980262884405,A,TMO,MODEL calm
3949,0.7328437579133958,0.6902915966332439,0.3641429284789985,0.02771813966521198,2.0,0.7321428571428571,0.16064516129032258,0.4673159854603855,0.46839431885454486,0.05171587867537776,0.46424373150122494,0.613980262884405,A,TMO,Crypto model C
3949,0.7417067612053685,0.6700202211446198,0.34409963262268345,0.007311376254568676,1.6428571428571428,0.7608695652173914,0.2109282700421941,0.5442915645543607,0.5931564407906695,0.005789594218947322,0.41365094983929396,0.613980262884405,A,TMO,EMA cross (calm-tuned)
3949,0.6882755127880477,0.6945576785610788,0.35114243371499015,-0.014127831567570304,2.7857142857142856,0.6538461538461539,0.1358506636382994,0.3706227077868112,0.379444989774274,-0.05314204423993208,0.4267188528133611,0.613980262884405,A,TMO,SuperTrend (calm-tuned)
3949,0.7004304887313244,0.6427203879368637,0.2759977701727792,-0.020400239493409477,1.6428571428571428,0.782608695652174,0.28063868034260336,0.4673159854603855,0.5782109665903191,-0.059977146966242734,0.3798133925123063,0.613980262884405,A,TMO,Online directional-change (calm-tuned)
3937,0.83997967995936,0.7558250606055046,0.5543113143828533,0.10343859886513054,2.5,0.68,0.11772486772486772,0.3427284924312405,0.4525546646607219,0.20868749543985582,0.39832506734293616,0.44208176932590615,A,ADBE,MODEL calm
3937,0.856743713487427,0.827768908679551,0.6360490274191568,0.1868719618191372,2.15,0.7209302325581395,0.12660988782717075,0.4138450670957852,0.47161525359616036,0.3864521893074418,0.5723215431926281,0.44208176932590615,A,ADBE,Crypto model C
3937,0.8288036576073152,0.8106636124346795,0.5850362204426091,0.17090000896591068,1.8,0.6944444444444444,0.15102074966532797,0.34208640285419645,0.44581862009000567,0.35405453115349694,0.5391327042965525,0.44208176932590615,A,ADBE,EMA cross (calm-tuned)
3937,0.6863093726187453,0.7137479857632284,0.37433779999331596,-0.16556308512315135,4.5,0.6,0.12058579144162859,0.33634593939118634,0.39495583787076916,-0.3678110664331155,0.0591711584623717,0.44208176932590615,A,ADBE,SuperTrend (calm-tuned)
3937,0.8209296418592837,0.7784774510823358,0.5423673900004192,0.07444497647381217,1.95,0.717948717948718,0.12463054187192119,0.46164580787628506,0.4808352509895871,0.14955697841903373,0.39816902292410594,0.44208176932590615,A,ADBE,Online directional-change (calm-tuned)
3949,0.8386933400860977,0.6942490361571324,0.43079671965373006,0.08699637982000571,1.6666666666666667,0.7333333333333333,0.140625,0.3880254149221982,0.4502686339460543,0.1727103014658815,0.3860922444221137,0.4733627409875151,A,LIN,MODEL calm
3949,0.7834894910103823,0.7306066479108054,0.40667293352102585,-0.08820348703125513,2.185185185185185,0.7288135593220338,0.22857142857142856,0.4874091901206617,0.5432489081483493,-0.20640119908646362,0.17465647823474495,0.4733627409875151,A,LIN,Crypto model C
3949,0.7680425424158015,0.7083132228821507,0.3661909704354145,-0.0990063003793789,2.185185185185185,0.6779661016949152,0.32608695652173914,0.44327084681515344,0.5491199719194583,-0.22963241554221742,0.1598263290168303,0.4733627409875151,A,LIN,EMA cross (calm-tuned)
3949,0.6973917447455051,0.7239085130770033,0.3579767166317708,-0.15434388861929457,2.7777777777777777,0.6666666666666666,0.203125,0.3923776501271452,0.5197477063715112,-0.35291730489278567,0.09405197522846888,0.4733627409875151,A,LIN,SuperTrend (calm-tuned)
3949,0.7857685489997468,0.6993497968115037,0.36774438857725217,-0.062193104673467454,1.4444444444444444,0.7692307692307693,0.3559322033898305,0.5764101137214589,0.5925975760519622,-0.14476861290361592,0.20613070970555386,0.4733627409875151,A,LIN,Online directional-change (calm-tuned)
3944,0.7984279918864098,0.7464407001044933,0.5434073318903136,0.05993385588370781,2.25,0.6851851851851852,0.12182116488925349,0.36703656089774406,0.3751472653472454,0.12167056515021252,0.3293512056433197,0.4093909153683918,A,CSCO,MODEL calm
3944,0.8192190669371197,0.8054467084639498,0.6069863801061482,0.03910985523441177,2.0833333333333335,0.74,0.11529982363315697,0.38252896954054827,0.4291552752272042,0.07578942283016321,0.3310514329477159,0.4093909153683918,A,CSCO,Crypto model C
3944,0.765973630831643,0.7455263845350053,0.4894078866092525,0.029448102536016374,1.875,0.7333333333333333,0.1793242988895163,0.43627432133504146,0.4824719581844632,0.055274328841982814,0.31789447062474674,0.4093909153683918,A,CSCO,EMA cross (calm-tuned)
3944,0.7570993914807302,0.7587513061650992,0.4996024242303045,-0.08680577603071696,3.4166666666666665,0.6341463414634146,0.06918812181970077,0.29875723674654203,0.3226972711351397,-0.21537336404056998,0.14161454973212637,0.4093909153683918,A,CSCO,SuperTrend (calm-tuned)
3944,0.7603955375253549,0.7240726227795193,0.4628135844262883,0.09945794027254047,1.3333333333333333,0.84375,0.15666579418051738,0.4285571692614297,0.4677137121246638,0.21602432767590005,0.41747539282842117,0.4093909153683918,A,CSCO,Online directional-change (calm-tuned)
3946,0.8073998986315256,0.7075924192589726,0.4464041990473121,0.06050372157407158,2.230769230769231,0.6724137931034483,0.1324561403508772,0.3422230011285356,0.38516128005893707,0.12585571403299795,0.289109176792648,0.3213342397699137,A,ACN,MODEL calm
3946,0.7678661936137862,0.7266185244641522,0.4231796934156915,-0.006365647295313619,2.3846153846153846,0.7096774193548387,0.1871951219512195,0.42368097696589346,0.41940347931331173,-0.029679070980801116,0.20220232199052468,0.3213342397699137,A,ACN,Crypto model C
3946,0.7602635580334516,0.7272379936449505,0.4185025466285071,-0.016951082716437763,2.0,0.7115384615384616,0.19797229037379133,0.397481783334038,0.5128095427733956,-0.051730140513466104,0.1936914388083038,0.3213342397699137,A,ACN,EMA cross (calm-tuned)
3946,0.6837303598580842,0.6900576416595638,0.33114094746664174,-0.10331601180576931,3.230769230769231,0.6428571428571429,0.17028985507246375,0.31868540982546295,0.3503740324590935,-0.2591487669955244,0.04854136517285492,0.3213342397699137,A,ACN,SuperTrend (calm-tuned)
3946,0.7805372529143436,0.7226461826998328,0.42904810184849207,0.03793783265133593,1.6923076923076923,0.7727272727272727,0.2003623188405797,0.42368097696589346,0.43584004538498444,0.07706797030375169,0.2718019700289317,0.3213342397699137,A,ACN,Online directional-change (calm-tuned)
3951,0.7350037965072134,0.6517861808073736,0.35324586511776085,0.12643998823933658,1.6451612903225807,0.7843137254901961,0.4,0.42982919913068984,0.40522703266597393,0.28163287152719063,0.4185846018203033,0.3977854899660998,A,MCD,MODEL calm
3951,0.7471526195899773,0.7081622131887042,0.42108416474083826,0.06782462143280475,1.6451612903225807,0.803921568627451,0.32,0.43521794157084226,0.4662635817832812,0.14306001652124528,0.3604398886123033,0.3977854899660998,A,MCD,Crypto model C
3951,0.6499620349278664,0.608075216229679,0.21425010844547424,-0.10262663528570377,2.032258064516129,0.7301587301587301,0.4117647058823529,0.5568220683086222,0.5779471573343251,-0.26391768337390775,0.09426719923451679,0.3977854899660998,A,MCD,EMA cross (calm-tuned)
3951,0.7056441407238674,0.6984506007057291,0.37895055269534766,0.042832706685659354,2.129032258064516,0.7272727272727273,0.20833333333333334,0.3856942917865241,0.434420107406564,0.0789138593896048,0.3608555797331569,0.3977854899660998,A,MCD,SuperTrend (calm-tuned)
3951,0.6983042267780308,0.6535117511207716,0.3100647671502532,-0.0212067904573555,1.3225806451612903,0.8536585365853658,0.4,0.5314427698230837,0.5478938018840162,-0.06398524999581842,0.22377712640873929,0.3977854899660998,A,MCD,Online directional-change (calm-tuned)
3945,0.7343472750316857,0.6681860436663547,0.37433415509212403,-0.08295875477809765,2.3076923076923075,0.65,0.20173745173745172,0.5052313733428199,0.40960363017983414,-0.1916005269442947,0.022043881326609595,0.22510586721506978,A,WFC,MODEL calm
3945,0.743979721166033,0.7184779893055221,0.43424520440120634,0.015389110817496677,1.7692307692307692,0.782608695652174,0.22089006299532615,0.4688933327744509,0.5326025130024313,0.023199303984408365,0.1852296339256692,0.22510586721506978,A,WFC,Crypto model C
3945,0.7259822560202789,0.7146688033516149,0.41617331816639835,0.039116500899693936,1.6923076923076923,0.75,0.2554358870148344,0.4807185332190178,0.48548805991675636,0.07472614101667657,0.2354046572817183,0.22510586721506978,A,WFC,EMA cross (calm-tuned)
3945,0.691001267427123,0.6974327764650594,0.3757763368763725,-0.01963740976458112,3.0,0.6538461538461539,0.13976308345120225,0.35347805977345126,0.3881489349183366,-0.059166823123266675,0.1391586556533439,0.22510586721506978,A,WFC,SuperTrend (calm-tuned)
3945,0.7229404309252218,0.6931976637488302,0.3853738293510993,-0.0418544065336832,1.3076923076923077,0.8823529411764706,0.3155025284450063,0.5579953493592433,0.5674360167070172,-0.09747596203564696,0.09302357361622564,0.22510586721506978,A,WFC,Online directional-change (calm-tuned)
3932,0.7632248219735503,0.6919975525140196,0.4240635899430437,0.056952588450834674,1.606060606060606,0.7547169811320755,0.2602739726027397,0.39863293168687136,0.43551878982383424,0.13203056545696207,0.37767457393975196,0.4661827477907506,A,ABT,MODEL calm
3932,0.7484740590030519,0.714486503184108,0.4262713479278769,0.01901611030378111,1.6666666666666667,0.7636363636363637,0.23846153846153847,0.4544536838814851,0.4576813122663648,0.033390799830844746,0.3460588297668108,0.4661827477907506,A,ABT,Crypto model C
3932,0.70676500508647,0.6533914314228686,0.3135213013334545,-0.026597664137919082,1.4848484848484849,0.7551020408163265,0.3333333333333333,0.5887962586050121,0.5301733299418546,-0.08278495738144598,0.2602254605041696,0.4661827477907506,A,ABT,EMA cross (calm-tuned)
3932,0.7479654120040692,0.7531163862750689,0.4781023491592411,-0.010498237597103397,2.0303030303030303,0.7014925373134329,0.17567567567567569,0.4011919864193665,0.46382762586252546,-0.04634806734784051,0.31843876383130154,0.4661827477907506,A,ABT,SuperTrend (calm-tuned)
3932,0.7484740590030519,0.7107119095143046,0.42186794692692936,0.01118634256142527,1.3636363636363635,0.8222222222222222,0.25,0.5327020071295671,0.4805103947179192,0.016022635253431526,0.3245977987032903,0.4661827477907506,A,ABT,Online directional-change (calm-tuned)
3909,0.6495267331798414,0.6286993071652306,0.2792685185409257,-0.11137770031025644,2.0256410256410255,0.7088607594936709,0.30357142857142855,0.4325151857685896,0.4224370949063645,-0.31655698689041023,-0.13131716450041186,0.1003520327751647,A,IBM,MODEL calm
3909,0.6687132258889742,0.6609003776978035,0.32483962497047114,-0.12957066478084497,1.7692307692307692,0.782608695652174,0.28431372549019607,0.5159643024580499,0.5287627991947694,-0.3626719404054083,-0.17186555782244328,0.1003520327751647,A,IBM,Crypto model C
3909,0.6234331030954208,0.6158870596618322,0.23336218966494215,-0.22898834650112512,1.7179487179487178,0.7014925373134329,0.29411764705882354,0.5179892853932173,0.5503151976666697,-0.6273820492845719,-0.3482456573573425,0.1003520327751647,A,IBM,EMA cross (calm-tuned)
3909,0.6745970836531082,0.6769081320606267,0.3515989243013669,-0.05689515218121998,2.1794871794871793,0.7294117647058823,0.1794871794871795,0.40312570462514413,0.41606961648114266,-0.17295374548658018,-0.05145363325594957,0.1003520327751647,A,IBM,SuperTrend (calm-tuned)
3909,0.6203632642619595,0.6109827936489085,0.22478417625161534,-0.11129818217027454,1.4102564102564104,0.8545454545454545,0.4,0.5429505612493128,0.5402470550650484,-0.31043036584948547,-0.13698137849643835,0.1003520327751647,A,IBM,Online directional-change (calm-tuned)
3947,0.7114263997973144,0.6853901189265639,0.41174990618689067,0.12444850677013616,1.7428571428571429,0.7704918032786885,0.3,0.3988670041895443,0.4862961775550193,0.33901288643039784,0.3988395978005191,0.25836431411476574,A,GE,MODEL calm
3947,0.7365087408158095,0.7212083181221605,0.45892452716935694,0.10232167424508488,1.4,0.8367346938775511,0.296875,0.5209009643242561,0.5372265367827463,0.27894757598766506,0.37471783115802487,0.25836431411476574,A,GE,Crypto model C
3947,0.7033189764378008,0.6916895030111594,0.3905574583124384,0.11797409468304002,1.2285714285714286,0.7674418604651163,0.4,0.5396935033623055,0.5579380238020908,0.32433591284577984,0.4438784966121438,0.25836431411476574,A,GE,EMA cross (calm-tuned)
3947,0.7499366607550038,0.7470415900885303,0.49284471650507555,0.1323175557097517,1.9714285714285715,0.7391304347826086,0.2,0.36721682439235576,0.47346965019150333,0.35965555932365284,0.46552871409541946,0.25836431411476574,A,GE,SuperTrend (calm-tuned)
3947,0.7197871801368128,0.7026671388005814,0.423771611664186,0.16101698742524215,1.1142857142857143,0.8461538461538461,0.3125,0.5586108891466822,0.5242057527605186,0.4467509863993299,0.4932662688192326,0.25836431411476574,A,GE,Online directional-change (calm-tuned)
3933,0.7142130689041444,0.6780366518104805,0.39229248447731535,0.13300437041812257,1.8666666666666667,0.7678571428571429,0.30471628592483424,0.3865188323177926,0.36590169948426016,0.3326307667483684,0.3774902263573112,0.25869734889486995,A,DIS,MODEL calm
3933,0.7594711416221713,0.7446934471086717,0.49640758376285304,0.15594666616533076,1.6,0.8125,0.2640382317801673,0.4383329590834251,0.4441477255013064,0.3942583165592486,0.46165287511837577,0.25869734889486995,A,DIS,Crypto model C
3933,0.6816679379608441,0.6730458040430625,0.3442230395109385,-0.014701494057810523,1.9333333333333333,0.7413793103448276,0.4140499194847021,0.4283045013194858,0.5497300722732396,-0.052225519144066694,0.15847979830004932,0.25869734889486995,A,DIS,EMA cross (calm-tuned)
3933,0.7096364098652428,0.7139818777754849,0.42062330367664186,0.05221761343167372,2.3333333333333335,0.6857142857142857,0.19806763285024154,0.3518701997704659,0.3874220810399648,0.11897706509430728,0.2947026372478878,0.25869734889486995,A,DIS,SuperTrend (calm-tuned)
3933,0.7480294940249174,0.7351562311561829,0.4741981374112552,0.12459600083950145,1.2666666666666666,0.8947368421052632,0.3637566137566137,0.47938349653470014,0.4910190660663514,0.315068116348648,0.4153176154062905,0.25869734889486995,A,DIS,Online directional-change (calm-tuned)
3916,0.708120531154239,0.6864164704457905,0.3988656838782051,-0.010795784541822733,2.096774193548387,0.7230769230769231,0.2391304347826087,0.4008959717601586,0.4435521798333659,-0.03757086532722145,0.10312400855364628,0.20132679123371383,A,QCOM,MODEL calm
3916,0.7548518896833504,0.7496922598166198,0.500176949032196,0.0029437202450892396,1.6451612903225807,0.803921568627451,0.24663677130044842,0.43431437647130994,0.473103462314078,-0.0022670063246929047,0.13852351868144416,0.20132679123371383,A,QCOM,Crypto model C
3916,0.6843718079673136,0.6818821485203512,0.36187746527739967,-0.023494008349518113,1.4516129032258065,0.7777777777777778,0.348993288590604,0.4409681642771008,0.5235774087053483,-0.06421673144088243,0.09664684108515025,0.20132679123371383,A,QCOM,EMA cross (calm-tuned)
3916,0.6726251276813074,0.6798657732377029,0.35721740683031067,-0.0694442842646787,2.6129032258064515,0.6790123456790124,0.2420091324200913,0.31792001185290814,0.40136547672122114,-0.18034240895064593,0.0160064292490831,0.20132679123371383,A,QCOM,SuperTrend (calm-tuned)
3916,0.7270173646578141,0.7160768888449892,0.439305485918285,0.01757793702677159,1.3225806451612903,0.8536585365853658,0.3333333333333333,0.4767694246306279,0.46640309800917373,0.03444438140649868,0.16302719584205225,0.20132679123371383,A,QCOM,Online directional-change (calm-tuned)
3938,0.7714575926866429,0.6761922438689179,0.3967833210706811,0.09797746440611803,1.7407407407407407,0.7446808510638298,0.19801980198019803,0.3852013561897578,0.40138868842122166,0.20692403578405835,0.40983349889140575,0.4556636167465533,A,TXN,MODEL calm
3938,0.744286439817166,0.6821434805651647,0.36800419236404336,0.02346414217060878,1.8148148148148149,0.7755102040816326,0.34146341463414637,0.4272715653400582,0.47642525785280043,0.0412792755856567,0.32618983877167873,0.4556636167465533,A,TXN,Crypto model C
3938,0.7270187912646013,0.6671245269487314,0.33345661429983464,0.03204055862851073,1.8148148148148149,0.7551020408163265,0.3,0.41154818826059064,0.48928690016416165,0.06029402833831648,0.3436739002376672,0.4556636167465533,A,TXN,EMA cross (calm-tuned)
3938,0.7122905027932961,0.7354797053153774,0.4275766687543139,-0.1107428009067846,2.7777777777777777,0.68,0.12987012987012986,0.3531646696950935,0.400274893841284,-0.26205200591410027,0.14488754502409498,0.4556636167465533,A,TXN,SuperTrend (calm-tuned)
3938,0.7168613509395633,0.6395443240634382,0.2877500084889307,0.005641043747043385,1.5185185185185186,0.8048780487804879,0.24691358024691357,0.46777368040077594,0.47642525785280043,0.0035126776797010525,0.2903855650907069,0.4556636167465533,A,TXN,Online directional-change (calm-tuned)
3932,0.8237538148524923,0.7012834531970672,0.40278904413525185,0.040831315096356575,2.7,0.6296296296296297,0.24438048245614036,0.3483931512667978,0.4568635660567861,0.07631075492185446,0.3199274274015051,0.4125084700388415,A,INTU,MODEL calm
3932,0.796795523906409,0.733894625057829,0.4139806511769027,0.035390816452420086,2.6,0.6730769230769231,0.22341008771929824,0.33398016837194033,0.4422835692351037,0.06506695109087918,0.3367101172249349,0.4125084700388415,A,INTU,Crypto model C
3932,0.7906917599186165,0.7246612622842803,0.3971081699180398,0.14083929012695634,1.55,0.7419354838709677,0.27039188881294146,0.36953088175277643,0.47383650689585255,0.29536243244253557,0.502271315574285,0.4125084700388415,A,INTU,EMA cross (calm-tuned)
3932,0.6675991861648016,0.6716443411700382,0.2696507946035239,-0.0718709874105735,3.8,0.631578947368421,0.1238603398259428,0.3423067789869264,0.3981317236146173,-0.1696524089443291,0.19754979683471882,0.4125084700388415,A,INTU,SuperTrend (calm-tuned)
3932,0.8151068158697864,0.7279759151000267,0.4243460243826,0.15197456982440327,1.7,0.7647058823529411,0.20599937343358396,0.32306122756545896,0.4059681938885039,0.318604817384937,0.4937736181034692,0.4125084700388415,A,INTU,Online directional-change (calm-tuned)
3940,0.7197969543147208,0.6180211688909343,0.2456191897425491,-0.03602619173490661,2.2758620689655173,0.7121212121212122,0.304,0.42198492841258395,0.3879573658633587,-0.09973808463899085,0.2625864149547356,0.5393092445127231,A,AMGN,MODEL calm
3940,0.6733502538071066,0.6328084340877714,0.24403088918228175,-0.20885861053516366,2.413793103448276,0.7142857142857143,0.24285714285714285,0.48119113920936624,0.49311554851684336,-0.4972712432816527,0.027443389931309403,0.5393092445127231,A,AMGN,Crypto model C
3940,0.6588832487309645,0.5898221980504539,0.16996880469805625,-0.11705580338956467,2.206896551724138,0.71875,0.49056603773584906,0.48119113920936624,0.4846675771143722,-0.28509468160833445,0.16091721378231041,0.5393092445127231,A,AMGN,EMA cross (calm-tuned)
3940,0.6761421319796954,0.6792904656319291,0.31867954841171403,-0.08348239968169206,2.6206896551724137,0.6973684210526315,0.1717171717171717,0.38047445308344235,0.37970388903470875,-0.21117535285746705,0.22645326015629563,0.5393092445127231,A,AMGN,SuperTrend (calm-tuned)
3940,0.6715736040609137,0.6230682341128728,0.22797998057638638,-0.20811154725332348,1.8275862068965518,0.7735849056603774,0.36428571428571427,0.4945769076528807,0.5061400730512924,-0.491142843993232,0.03030051595525055,0.5393092445127231,A,AMGN,Online directional-change (calm-tuned)
3938,0.7221940071102082,0.6751939349995153,0.38851454456217915,0.06288963071329803,1.9714285714285715,0.7391304347826086,0.2222222222222222,0.44619748650400515,0.46301199772148416,0.16561470083092186,0.38914961210170335,0.4590210038022975,A,CAT,MODEL calm
3938,0.7188928390045708,0.6982461530478621,0.400033724455037,0.045669901162966244,1.9142857142857144,0.7611940298507462,0.22857142857142856,0.45579535685775546,0.4952021523739267,0.11664898200785517,0.37784129540741823,0.4590210038022975,A,CAT,Crypto model C
3938,0.6302691721686136,0.6097971824293047,0.219051843699235,-0.006071722559692333,1.5142857142857142,0.7735849056603774,0.36363636363636365,0.5277427417154313,0.5366797605922516,-0.028802151715210656,0.297214143486184,0.4590210038022975,A,CAT,EMA cross (calm-tuned)
3938,0.7346368715083799,0.7297419343386138,0.4516412860070906,0.04588867978822743,2.3714285714285714,0.6987951807228916,0.17307692307692307,0.3534994701410033,0.43492985911819027,0.11385033338386433,0.4184207850143948,0.4590210038022975,A,CAT,SuperTrend (calm-tuned)
3938,0.6749619095987811,0.6642139573117694,0.3238148177187766,0.02654788539195354,1.457142857142857,0.8235294117647058,0.2912621359223301,0.5535612497741079,0.5414165996990874,0.06521713857015418,0.3604298452066118,0.4590210038022975,A,CAT,Online directional-change (calm-tuned)
3913,0.6900076667518528,0.6396439184000534,0.30783965213970566,-0.1565859138213788,2.3529411764705883,0.7,0.27236652236652237,0.4794546602789336,0.42881267742793455,-0.42526040647821667,-0.04825438345190078,0.3429770688868109,A,PM,MODEL calm
3913,0.6841298236647074,0.6623739608026443,0.32555189743229307,-0.11451797620849037,2.1176470588235294,0.7361111111111112,0.2960948236371965,0.49701012846761145,0.48251247610171377,-0.31484979842513156,0.019000875688715804,0.3429770688868109,A,PM,Crypto model C
3913,0.615895732174802,0.5997238545179349,0.19647676113304888,-0.1378732625829927,1.7058823529411764,0.7586206896551724,0.4588637435172089,0.5345772598934337,0.5698603790880702,-0.3708378162126929,-0.019859839075452846,0.3429770688868109,A,PM,EMA cross (calm-tuned)
3913,0.6739074878609762,0.677315587682103,0.3442531773848973,-0.07269481379192136,2.5294117647058822,0.6976744186046512,0.21778656126482213,0.41723109749740783,0.41546519499222667,-0.21129820335134178,0.10593618966167012,0.3429770688868109,A,PM,SuperTrend (calm-tuned)
3913,0.6726296958855098,0.6522109723659755,0.3038980754377122,-0.08039658595018014,1.7058823529411764,0.7931034482758621,0.3002537511032657,0.4771910362902275,0.5089023342773438,-0.22322529198079505,0.08321664432390986,0.3429770688868109,A,PM,Online directional-change (calm-tuned)
3947,0.644033443121358,0.6377996720569943,0.3018189503796214,-0.25656331590153686,2.3333333333333335,0.6904761904761905,0.23333333333333334,0.4511191223345418,0.4806666971513777,-0.6476209185949529,-0.3446764509636577,0.11241526920400072,A,VZ,MODEL calm
3947,0.6696224980998227,0.6683213738653069,0.33797559033062996,-0.2115533961443388,1.8888888888888888,0.7647058823529411,0.2493939393939394,0.5087680775083199,0.5342848191826839,-0.533223157361623,-0.3092542455100373,0.11241526920400072,A,VZ,Crypto model C
3947,0.6095768938434254,0.608114661828051,0.2172259231271575,-0.21058947998631922,1.8333333333333333,0.7121212121212122,0.4294610507246377,0.5456756775451936,0.5289299307599546,-0.5303669187787721,-0.30982643127772913,0.11241526920400072,A,VZ,EMA cross (calm-tuned)
3947,0.6171776032429693,0.6188049355936385,0.23862054288240142,-0.27327001290035824,2.388888888888889,0.7093023255813954,0.20800000000000002,0.4793689431331766,0.45355766641279294,-0.6884884117562178,-0.45134495345341147,0.11241526920400072,A,VZ,SuperTrend (calm-tuned)
3947,0.5553585001266785,0.5540174303249616,0.10841685334983345,-0.3160607017250617,1.6111111111111112,0.7931034482758621,0.407190635451505,0.5513600321559529,0.5869422090770319,-0.7827293985493119,-0.48786225604921735,0.11241526920400072,A,VZ,Online directional-change (calm-tuned)
3561,0.8034260039314799,0.7007624027148698,0.454088880709714,0.07207764370502204,2.0833333333333335,0.72,0.207581102580065,0.32650468243578495,0.4144372219157415,0.1658925355222412,0.44771614935809395,0.569370037604432,A,NOW,MODEL calm
3561,0.7899466442010671,0.7462122899868517,0.4782404839059235,0.023986582529115175,1.875,0.7333333333333333,0.21424968474148803,0.37437249164695624,0.467315922257878,0.0504415595591128,0.4238811049030465,0.569370037604432,A,NOW,Crypto model C
3561,0.7627071047458579,0.7076717026345871,0.4058422334912924,0.06548138143476272,1.9583333333333333,0.723404255319149,0.23958333333333334,0.4204514347129872,0.46217919745331126,0.15047477443189575,0.4849855177172653,0.569370037604432,A,NOW,EMA cross (calm-tuned)
3561,0.7379949452401011,0.7353050542495991,0.4270309050680264,-0.01564288859109688,2.6666666666666665,0.671875,0.19375,0.3168482757818569,0.3934195874305829,-0.048600671422613775,0.3827075975199067,0.569370037604432,A,NOW,SuperTrend (calm-tuned)
3561,0.7840494243190115,0.6794427112404781,0.40108318360585204,0.06463529583021156,1.8333333333333333,0.7045454545454546,0.21041666666666667,0.3621113676083157,0.4169881370333395,0.14891069953141908,0.4296399450557853,0.569370037604432,A,NOW,Online directional-change (calm-tuned)
3948,0.7218844984802432,0.6625806158295335,0.36726788554865547,0.11659147055571252,1.6875,0.7962962962962963,0.3940476190476191,0.39816614433481956,0.3806813889530009,0.3083247996066172,0.4496037032383956,0.3818688168060547,A,GS,MODEL calm
3948,0.7348024316109423,0.701069407235243,0.41423411477126887,0.10116490905356336,1.59375,0.803921568627451,0.33483586477217053,0.4356541288812956,0.4476033703087594,0.2665645397913829,0.44217077832761964,0.3818688168060547,A,GS,Crypto model C
3948,0.7026342451874367,0.6804142345155509,0.3596742921724569,0.04334299100713377,1.625,0.7307692307692307,0.2944209348703731,0.46236283366887393,0.4675535892268877,0.10754107454767539,0.3570371302486312,0.3818688168060547,A,GS,EMA cross (calm-tuned)
3948,0.7044072948328267,0.7137245400351294,0.41174448312085743,-0.015259716974894892,2.46875,0.6835443037974683,0.16767723880597013,0.33119498722834995,0.39261950162966874,-0.05932476947446482,0.2567583265101481,0.3818688168060547,A,GS,SuperTrend (calm-tuned)
3948,0.7147922998986829,0.6711761261820699,0.36174608996841573,0.075493907223826,1.09375,0.8571428571428571,0.4464285714285714,0.5476272950144366,0.46728486384523116,0.19954900116091198,0.3816336969675404,0.3818688168060547,A,GS,Online directional-change (calm-tuned)
3772,0.8024920466595971,0.758992942265561,0.5487163669926411,0.2371507976876577,1.8,0.7555555555555555,0.16379310344827586,0.3475511191702002,0.4247338149631906,0.5727777726821854,0.5325494434182736,0.25494472729637313,B,FBIN,MODEL calm
3772,0.7738600212089077,0.7640713755349915,0.5155441996649214,0.08799486330432564,2.08,0.75,0.18181818181818182,0.40776163140238997,0.3296451844342558,0.20548587948870167,0.31796873742078324,0.25494472729637313,B,FBIN,Crypto model C
3772,0.7497348886532343,0.7283703878130044,0.4522269256483303,0.024955402219295028,1.84,0.7391304347826086,0.23529411764705882,0.4450038647320733,0.45809787083139125,0.052143248525336375,0.218063340213373,0.25494472729637313,B,FBIN,EMA cross (calm-tuned)
3772,0.7725344644750796,0.7705205129696641,0.522974927662777,0.2170598650629366,2.12,0.7358490566037735,0.10526315789473684,0.36066300667783496,0.35572169964842404,0.5219057665677398,0.5615673958437594,0.25494472729637313,B,FBIN,SuperTrend (calm-tuned)
3772,0.8170731707317073,0.7941424132543189,0.5925304341426406,0.19897049948647802,1.8,0.7555555555555555,0.11538461538461539,0.3976804771344625,0.3840796095857897,0.4791424696791857,0.48193685462691355,0.25494472729637313,B,FBIN,Online directional-change (calm-tuned)
3888,0.7127057613168725,0.647584037384219,0.3385403478700437,0.02286309560804675,2.230769230769231,0.6896551724137931,0.16683715220949263,0.3778752162875737,0.4352769757978763,0.043036909503703626,0.1693666098460882,0.2065957680111228,B,C,MODEL calm
3888,0.7111625514403292,0.6770555275233903,0.3618054547858308,0.0027734179906760527,2.0,0.75,0.16559389713332143,0.40721906285848397,0.4622221300782198,-0.0034484367586413377,0.14714482851627203,0.2065957680111228,B,C,Crypto model C
3888,0.7211934156378601,0.7119669648670017,0.41405485392068314,0.06586627260676325,2.0,0.6923076923076923,0.19316012002182215,0.4197559883195282,0.48797785535879334,0.14618329594860516,0.3063544088347536,0.2065957680111228,B,C,EMA cross (calm-tuned)
3888,0.7008744855967078,0.7017316507141789,0.38951963048342736,0.009901715920289133,3.076923076923077,0.6625,0.1458966565349544,0.38270927112145525,0.36899638615098546,0.00805828671613218,0.18307109321242426,0.2065957680111228,B,C,SuperTrend (calm-tuned)
3888,0.7590020576131687,0.7234977575384587,0.46357884281232326,-0.04414644961940266,1.2307692307692308,0.84375,0.29537724180581326,0.46723653922253316,0.4710954762334163,-0.11085147821958384,0.07042647021957114,0.2065957680111228,B,C,Online directional-change (calm-tuned)
3702,0.7190707725553754,0.7151490106115941,0.4550746487279579,0.08834986729825953,2.04,0.7058823529411765,0.19023809523809523,0.4340655943754046,0.3961693336169851,0.20015256323353076,0.08305578178574502,-0.07672011062750635,B,KORS,MODEL calm
3702,0.7474338195569962,0.7464649680133524,0.4947956103146272,-0.0066910571663557575,1.68,0.7619047619047619,0.20344827586206898,0.47679198810631374,0.47798857911916837,-0.020890495545182575,-0.07143649429810472,-0.07672011062750635,B,KORS,Crypto model C
3702,0.7034035656401945,0.7036770407276689,0.4072570388424861,0.0394246660680431,1.6,0.725,0.28735632183908044,0.4943601327055595,0.506630982558169,0.08714252565228119,0.008363552561360753,-0.07672011062750635,B,KORS,EMA cross (calm-tuned)
3702,0.6828741220961643,0.6836319775940142,0.36764531784354887,-0.09002568855736366,2.92,0.6438356164383562,0.15662323561346364,0.38795213959265606,0.36098710838430026,-0.21958868642278315,-0.2277184917001747,-0.07672011062750635,B,KORS,SuperTrend (calm-tuned)
3702,0.7558076715289033,0.7534132476267383,0.5176967724157743,0.07049592119048971,1.64,0.7560975609756098,0.18482758620689654,0.4314875556827594,0.4175392162980255,0.15966159546545497,0.0573932836951585,-0.07672011062750635,B,KORS,Online directional-change (calm-tuned)
3784,0.766384778012685,0.7053789731051345,0.46347246950810256,0.21205736161977692,2.3,0.6956521739130435,0.20552147239263804,0.2919696720096468,0.3449706643994397,0.4323505055570061,0.39232736814786806,0.13773471634965173,B,CMA,MODEL calm
3784,0.7626849894291755,0.7268053998075874,0.467503634792059,0.11309933142671207,2.4,0.7083333333333334,0.18421052631578946,0.3675560839241118,0.3520882791561172,0.2264308314168,0.2668972097149682,0.13773471634965173,B,CMA,Crypto model C
3784,0.6974101479915433,0.6861220900662414,0.3617958105315555,0.09781728002941138,2.5,0.68,0.2804878048780488,0.406916036340164,0.4296129249797475,0.19434455626760883,0.2782497394622489,0.13773471634965173,B,CMA,EMA cross (calm-tuned)
3784,0.7026955602536998,0.7060386295812882,0.39545619546815347,0.14612535671180854,3.2,0.65625,0.15476190476190477,0.27699910641410197,0.3320358233570827,0.2921942878830134,0.3697893876686879,0.13773471634965173,B,CMA,SuperTrend (calm-tuned)
3784,0.7328224101479915,0.6950000306389446,0.4009319218887294,0.1598889052220068,1.6,0.8125,0.25625,0.389899775510576,0.4036763549589006,0.32653005545562247,0.34154109392197085,0.13773471634965173,B,CMA,Online directional-change (calm-tuned)
2769,0.7053087757313109,0.6610084613111201,0.35820529349383345,0.04972914286124401,1.896551724137931,0.7454545454545455,0.19402985074626866,0.3962343833107277,0.46682972652581134,0.13416925344825445,0.43173316413624,0.5812517725608326,B,LITE,MODEL calm
2769,0.7215601300108342,0.7069890648773494,0.4147403777567717,-0.023919782190074363,1.793103448275862,0.75,0.20238095238095238,0.5045233176761527,0.4576347324278123,-0.07702414786463366,0.3367970289355039,0.5812517725608326,B,LITE,Crypto model C
2769,0.6424702058504875,0.6180333745635256,0.23986261440376985,-0.040657352859518124,1.6896551724137931,0.673469387755102,0.3968253968253968,0.5441706998420842,0.5260215646168125,-0.12465563478665187,0.28190314398703126,0.5812517725608326,B,LITE,EMA cross (calm-tuned)
2769,0.7345612134344529,0.7317747955821667,0.45621165094921773,0.06547764255594142,1.896551724137931,0.7636363636363637,0.14835164835164835,0.42430695899800186,0.39741291430871456,0.17942068797756228,0.524501005207288,0.5812517725608326,B,LITE,SuperTrend (calm-tuned)
2769,0.7547851209823041,0.7346328141248071,0.47839929252916985,0.047898085646656846,1.5517241379310345,0.7555555555555555,0.15730337078651685,0.428750756985925,0.45098269050955747,0.13047956241215342,0.45398072846804505,0.5812517725608326,B,LITE,Online directional-change (calm-tuned)
2458,0.7477624084621644,0.7022404453457528,0.4455341541082827,0.03837958138591047,1.6363636363636365,0.7777777777777778,0.280982905982906,0.4273907227386589,0.38219410321606656,0.09117544237784884,0.164021633907537,0.16435840674109103,B,LW,MODEL calm
2458,0.7131814483319772,0.7010295173803158,0.3979163848028561,0.0514442927819964,1.5,0.8181818181818182,0.26690042075736325,0.44618384335900346,0.4033135980710041,0.1264735323931492,0.21572051884587415,0.16435840674109103,B,LW,Crypto model C
2458,0.6720911310008136,0.6541233803003157,0.30676916496713186,-0.019550900585898666,1.1363636363636365,0.8,0.36275527864312906,0.49027368997702586,0.5844827908869004,-0.05848592897834848,0.07816955121152815,0.16435840674109103,B,LW,EMA cross (calm-tuned)
2458,0.7200976403580146,0.7080633101136224,0.41204731553290946,0.04971887880681359,1.9090909090909092,0.7380952380952381,0.237123745819398,0.36467378978222476,0.332750182854307,0.11939537057448425,0.23620065837115795,0.16435840674109103,B,LW,SuperTrend (calm-tuned)
2458,0.7119609438567941,0.6709103660076376,0.3656886709228171,0.12598376039298534,1.6363636363636365,0.7222222222222222,0.15892477098177107,0.3507930256253645,0.3237123444682123,0.32222576120283014,0.35648310185195725,0.16435840674109103,B,LW,Online directional-change (calm-tuned)
2814,0.7910447761194029,0.6346236635883294,0.306064443890692,0.01704297950124961,1.7857142857142858,0.72,0.45905612244897964,0.5074601298185508,0.4821216018691997,0.025887384148929056,0.36237104810175835,0.5288945450964214,B,XT,MODEL calm
2814,0.7565742714996446,0.6931326985322535,0.35138351265226764,0.03266004395019524,1.6785714285714286,0.723404255319149,0.22663139329805995,0.44076035702595856,0.5481434142311656,0.07150029112838735,0.4321407043187061,0.5288945450964214,B,XT,Crypto model C
2814,0.7700781805259417,0.6948888920946993,0.36364387937781795,0.02069621789645721,1.3928571428571428,0.717948717948718,0.336986301369863,0.5034561151920685,0.5656182186190486,0.04115215253383168,0.4126223411541625,0.5288945450964214,B,XT,EMA cross (calm-tuned)
2814,0.701137171286425,0.7451579397336325,0.4034320991041813,-0.025713453787187965,2.357142857142857,0.6666666666666666,0.13664596273291924,0.3766956410386506,0.48572189002925004,-0.10244191707263534,0.37577749789534876,0.5288945450964214,B,XT,SuperTrend (calm-tuned)
2814,0.7661691542288557,0.6713989490172377,0.32874627232718073,0.0669900658416122,1.5,0.7142857142857143,0.13517987199293754,0.41972558036635643,0.5574253416833831,0.17105166731395355,0.4730493948284784,0.5288945450964214,B,XT,Online directional-change (calm-tuned)
3918,0.7955589586523737,0.6351390539227988,0.3522641796477673,0.17875815202038348,1.75,0.7619047619047619,0.2748742816091954,0.36941208893466826,0.398885396273298,0.3984360604788549,0.6105494558913974,0.5423416316448416,B,IYJ,MODEL calm
3918,0.8083205717202654,0.6892616238668451,0.4268310345481029,0.17608135864167979,1.8333333333333333,0.7727272727272727,0.20412660256410256,0.37774261798079745,0.4520942065185463,0.39159421265022143,0.6247113025964002,0.5423416316448416,B,IYJ,Crypto model C
3918,0.7649310872894334,0.6644065921594503,0.3377460077033001,-0.018003855676045014,2.1666666666666665,0.7307692307692307,0.2873263888888889,0.49206929023717993,0.5864376114621279,-0.05893689454949719,0.3595558443726805,0.5423416316448416,B,IYJ,EMA cross (calm-tuned)
3918,0.7154160285860133,0.7248029766607941,0.3913667845504236,-0.020979647403756685,3.8333333333333335,0.6195652173913043,0.10558759913482335,0.3008925507393829,0.4213803085353389,-0.07920173960183599,0.395307105217383,0.5423416316448416,B,IYJ,SuperTrend (calm-tuned)
3918,0.7761613067891782,0.6498333271874487,0.3329507035105205,0.20788860317510283,1.25,0.9,0.30332056194125157,0.4312461665201027,0.5216980430846914,0.46982397846302254,0.6753303390809212,0.5423416316448416,B,IYJ,Online directional-change (calm-tuned)
3950,0.7741772151898734,0.6421638379230004,0.31991762134991836,-0.10956357481041792,1.7741935483870968,0.7090909090909091,0.15517241379310345,0.4906619710969561,0.42630051454367535,-0.26926668976453433,0.060736090480031535,0.36926886086524724,B,IDU,MODEL calm
3950,0.7377215189873417,0.6591359467470772,0.30663078883776995,-0.17298052489881935,2.096774193548387,0.7076923076923077,0.2450592885375494,0.44725083968353335,0.4749749537325028,-0.4173402972218086,-0.032210962985490824,0.36926886086524724,B,IDU,Crypto model C
3950,0.6663291139240506,0.5816012818787704,0.15238451994155072,-0.24255233185848477,2.096774193548387,0.6461538461538462,0.41964285714285715,0.5601944198334985,0.5234519841973355,-0.5755529024148293,-0.14225426295693389,0.36926886086524724,B,IDU,EMA cross (calm-tuned)
3950,0.6744303797468354,0.6683541299586893,0.29275964416092537,-0.18454190168005863,2.7419354838709675,0.6588235294117647,0.233201581027668,0.38990046171477943,0.4689773452529185,-0.4510017427042736,-0.0633627366690311,0.36926886086524724,B,IDU,SuperTrend (calm-tuned)
3950,0.7622784810126583,0.698625872294558,0.37924423231803767,-0.1665817571752337,1.5161290322580645,0.7659574468085106,0.2648221343873518,0.46576069753655075,0.46372867708333754,-0.3962156300087023,-0.01820296452337481,0.36926886086524724,B,IDU,Online directional-change (calm-tuned)
3926,0.7962302598064187,0.6298834785903751,0.33704516856448496,0.059914941178574016,2.0,0.7272727272727273,0.20960108181203516,0.43078131942383624,0.44222703609639313,0.10232263192451868,0.35726906983591433,0.45788721283232214,B,DVY,MODEL calm
3926,0.8140601120733572,0.7312665782493368,0.4699405641544494,0.051736102125189844,2.1818181818181817,0.7291666666666666,0.19457013574660634,0.42248436140929724,0.5115623934716261,0.08449154978699867,0.3648112433149033,0.45788721283232214,B,DVY,Crypto model C
3926,0.7463066734589914,0.6457322849564229,0.2903579576410565,-0.01659754833527482,2.1818181818181817,0.7291666666666666,0.3079822616407982,0.4438003347163885,0.5943012350494046,-0.05152621080005817,0.30318005017484867,0.45788721283232214,B,DVY,EMA cross (calm-tuned)
3926,0.6673458991339786,0.6637836301629405,0.281523657168497,-0.18793624224306105,4.181818181818182,0.6195652173913043,0.12896742896742897,0.36816684477873574,0.4677656946203047,-0.4096293266358089,0.04219410350817103,0.45788721283232214,B,DVY,SuperTrend (calm-tuned)
3926,0.8053998981151299,0.6845774914740432,0.40927601850067663,0.1478075658793847,1.2727272727272727,0.8214285714285714,0.19457013574660634,0.522896210066951,0.5279046222207995,0.28329511966877424,0.471219415608897,0.45788721283232214,B,DVY,Online directional-change (calm-tuned)
3924,0.7647808358817533,0.7175396508063441,0.48050911774671545,0.06006820539845998,1.9285714285714286,0.7407407407407407,0.15084033613445377,0.3929094721111145,0.39176648285294796,0.14154693311935246,0.358023648681034,0.43233176895225117,B,TSCO,MODEL calm
3924,0.7999490316004078,0.7820938291350126,0.5691273121287029,0.15272448030362143,1.6428571428571428,0.8043478260869565,0.15328467153284672,0.4178550517819243,0.4200945282262717,0.3800871575689463,0.5588214430712877,0.43233176895225117,B,TSCO,Crypto model C
3924,0.7408256880733946,0.7213881114220979,0.4442240148215799,0.03642532892744505,1.6785714285714286,0.723404255319149,0.2478907953360508,0.4688816440497453,0.5376486991850116,0.0827358384687336,0.35601696352407963,0.43233176895225117,B,TSCO,EMA cross (calm-tuned)
3924,0.7423547400611621,0.7409986005597761,0.4703928589998709,0.08732611874083632,2.2142857142857144,0.7096774193548387,0.13912466843501325,0.3803348268525384,0.382171498387106,0.20943186752559856,0.48514867295981784,0.43233176895225117,B,TSCO,SuperTrend (calm-tuned)
3924,0.7930682976554536,0.7788184726109556,0.5576369452219112,0.14902080268062431,1.2142857142857142,0.9117647058823529,0.18846153846153846,0.42407224683953487,0.46542426824071603,0.373344444436309,0.5579637242209986,0.43233176895225117,B,TSCO,Online directional-change (calm-tuned)
3950,0.6924050632911393,0.7067353053043813,0.427956873583293,0.02470902749532857,2.392857142857143,0.6865671641791045,0.2403846153846154,0.38258439584591436,0.3738841642180745,0.04966613239810001,-0.0844238538835667,-0.17203373629894625,B,WHR,MODEL calm
3950,0.7541772151898735,0.7577894614636169,0.5136301616758258,0.07713777346594092,2.107142857142857,0.7457627118644068,0.19413919413919412,0.4735128121872898,0.40392929152147944,0.18067089319752022,0.006526993198493376,-0.17203373629894625,B,WHR,Crypto model C
3950,0.7070886075949367,0.7056387315736958,0.41051631226957414,0.00847692477772085,1.8928571428571428,0.7169811320754716,0.21784881784881785,0.5600286517490515,0.49169083674844055,0.011912799799639877,-0.1349681437644914,-0.17203373629894625,B,WHR,EMA cross (calm-tuned)
3950,0.6989873417721519,0.697279845564358,0.39394396973757717,-0.06172594542877406,3.107142857142857,0.6666666666666666,0.15659834591873428,0.38322207470304837,0.34984715077320794,-0.1675002195079295,-0.2666703885329351,-0.17203373629894625,B,WHR,SuperTrend (calm-tuned)
3950,0.699746835443038,0.7065870183356127,0.41394538390650254,0.03586077284518545,1.6071428571428572,0.7777777777777778,0.2911840411840412,0.45051250099899975,0.4498564450695298,0.08098883004705856,-0.0685604804296517,-0.17203373629894625,B,WHR,Online directional-change (calm-tuned)
3892,0.6700924974306269,0.6335672538711807,0.30415805259700524,0.018944435792531633,2.2758620689655173,0.7121212121212122,0.2727272727272727,0.4093500870967983,0.4105304776375829,0.034764288648358045,0.17051718841503938,0.22354357873214226,B,UAL,MODEL calm
3892,0.6639260020554985,0.6485478532469349,0.30204027781871357,-0.08119578693313247,2.0,0.7586206896551724,0.2727272727272727,0.4605091143332565,0.4501944005980089,-0.1943995307240545,0.020826585427238344,0.22354357873214226,B,UAL,Crypto model C
3892,0.6302672147995889,0.6215693852837132,0.24264684941233283,-0.14666305392237328,2.4482758620689653,0.676056338028169,0.33043478260869563,0.5181239898907856,0.51549129326659,-0.3467458904699922,-0.10168799490728593,0.22354357873214226,B,UAL,EMA cross (calm-tuned)
3892,0.6559609455292909,0.6552133960253385,0.3069474457535866,-0.07933419186943337,3.0,0.6436781609195402,0.1826086956521739,0.33768338762947653,0.41728032379065483,-0.19397796438950665,0.024029811135702923,0.22354357873214226,B,UAL,SuperTrend (calm-tuned)
3892,0.6449126413155191,0.6262422850130043,0.25908810919296316,-0.03308848274729258,1.1724137931034482,0.9117647058823529,0.34285714285714286,0.5844002134396734,0.5335709623842426,-0.08060220164986598,0.10125068038936372,0.22354357873214226,B,UAL,Online directional-change (calm-tuned)
2563,0.6952789699570815,0.6813145985392383,0.3702474243760378,0.003761590685890828,2.25,0.7222222222222222,0.2696221780325184,0.43091713163207535,0.46317964786265575,0.002527687795349427,-0.23534666358343523,-0.290450884964382,B,QEP,MODEL calm
2563,0.6644557159578619,0.6613687210934944,0.3206575828651648,0.02323903419912846,2.0,0.75,0.2729457364341085,0.5113747566488321,0.5001423900061812,0.0538812026081027,-0.2006750443246256,-0.290450884964382,B,QEP,Crypto model C
2563,0.6437768240343348,0.6657783039692775,0.3395902475675293,0.0030914152600336436,1.9166666666666667,0.6086956521739131,0.22904116465863453,0.44698223211526333,0.5696372707223188,0.0018602347042293577,-0.40127091942816917,-0.290450884964382,B,QEP,EMA cross (calm-tuned)
2563,0.6714787358564183,0.6749649608693435,0.34628493207735755,0.06403525693858766,2.0833333333333335,0.74,0.2141051567239636,0.4431215258462201,0.4416821468110381,0.15949465002872637,-0.11032690965040852,-0.290450884964382,B,QEP,SuperTrend (calm-tuned)
2563,0.6312914553257901,0.6211352802695185,0.2435467608205485,0.010056933165928485,2.25,0.6851851851851852,0.1920289855072464,0.3440746676614267,0.41028196627140356,0.018865303953135685,-0.20689352985032286,-0.290450884964382,B,QEP,Online directional-change (calm-tuned)
3947,0.7058525462376488,0.6486595805685262,0.33189215871343974,0.0008540430422980224,2.357142857142857,0.696969696969697,0.20236513420143504,0.44430617956040236,0.38339408624299964,-0.013259116657023179,0.0878135606781403,0.14580232491496528,B,XLE,MODEL calm
3947,0.7164935393970104,0.6875846877843683,0.3808683190638661,-0.012961227416555268,2.142857142857143,0.7333333333333333,0.2033458579352299,0.4324938783711863,0.4615126532194811,-0.04455399369366541,0.07061025390644833,0.14580232491496528,B,XLE,Crypto model C
3947,0.6627818596402331,0.6522997715090366,0.29721068305206116,-0.09527679253598173,2.2142857142857144,0.6935483870967742,0.3056632213608958,0.4445214921803976,0.45229493865783954,-0.23972467838798123,-0.07529184488430887,0.14580232491496528,B,XLE,EMA cross (calm-tuned)
3947,0.6863440587788193,0.699353107100711,0.3840516486447084,0.03601404972512894,2.7857142857142856,0.6794871794871795,0.17697440174504395,0.36002239822382653,0.3887901497119245,0.06712931303402572,0.1767518558407363,0.14580232491496528,B,XLE,SuperTrend (calm-tuned)
3947,0.6850772738788954,0.6541619341140108,0.3126755500786736,0.10316429930117871,1.3571428571428572,0.868421052631579,0.272887323943662,0.47267303070716726,0.48639370859974973,0.23527256637570532,0.2710247649260419,0.14580232491496528,B,XLE,Online directional-change (calm-tuned)
3883,0.7903682719546742,0.6989375059990558,0.44609878958202476,0.1698488304173664,2.0,0.7083333333333334,0.17602108036890646,0.3910965186955627,0.3705395836480989,0.38571837405734755,0.4251483543268795,0.31319342009697665,B,R,MODEL calm
3883,0.7957764614988411,0.7526536231685331,0.5014012601764634,0.12478819136170928,2.0,0.75,0.16166916541729137,0.4114924189588156,0.3882453465749214,0.28096231285566325,0.391554477821796,0.31319342009697665,B,R,Crypto model C
3883,0.723152201905743,0.6808414153266327,0.3483334176604637,0.00926460825366538,2.1666666666666665,0.6923076923076923,0.25284090909090906,0.4718386389774035,0.5125595408286878,0.011793714400208696,0.22910210312809576,0.31319342009697665,B,R,EMA cross (calm-tuned)
3883,0.7146536183363379,0.7267731250134672,0.4129303708305211,0.0016385131429368584,3.25,0.6410256410256411,0.11897610465892405,0.3211241889561993,0.3060347946343962,-0.010783274157546619,0.2184473433866311,0.31319342009697665,B,R,SuperTrend (calm-tuned)
3883,0.7746587689930466,0.7200796478725634,0.4424986149768696,0.14408042729700338,1.5833333333333333,0.7894736842105263,0.16166916541729137,0.4029184566098333,0.39855168638017946,0.32767596903864404,0.4202478633786648,0.31319342009697665,B,R,Online directional-change (calm-tuned)
3903,0.7645400973610044,0.6528326240631424,0.37322365806075936,0.17673149221713993,1.6666666666666667,0.7714285714285715,0.16494845360824742,0.37441889968078784,0.4742898889775814,0.35174523382391365,0.4614927134534068,0.40291189442458336,B,BSX,MODEL calm
3903,0.7460927491673072,0.6720199879859177,0.3617511555650044,0.038826658631577304,2.3333333333333335,0.6938775510204082,0.2090032154340836,0.47481224577338893,0.5141049531203541,0.0678697377399272,0.3066456532207348,0.40291189442458336,B,BSX,Crypto model C
3903,0.722521137586472,0.6663483082702002,0.33193744446770646,0.005561556713193455,2.8095238095238093,0.6610169491525424,0.2894736842105263,0.4068077539107976,0.5355040309068824,-0.002102519935181399,0.28014936548784836,0.40291189442458336,B,BSX,EMA cross (calm-tuned)
3903,0.7320010248526774,0.7311288294887426,0.429107181021382,-0.01255600047086312,3.0952380952380953,0.6615384615384615,0.10526315789473684,0.37630404519421806,0.4633639338322744,-0.04033266151820626,0.2720227087857922,0.40291189442458336,B,BSX,SuperTrend (calm-tuned)
3903,0.7107353317960543,0.6293581147015362,0.27203494211859847,0.07233198426892717,1.5714285714285714,0.8181818181818182,0.29838709677419356,0.48108446233037294,0.535297525134562,0.13969255380449994,0.3550699090624043,0.40291189442458336,B,BSX,Online directional-change (calm-tuned)
3923,0.7272495539128219,0.6683517495395949,0.3855385044131934,0.021869962410228493,2.1333333333333333,0.734375,0.21468002453485996,0.3773498754987781,0.44130504037550566,0.03575279466674413,0.17932747896648885,0.23935542955103897,B,EMR,MODEL calm
3923,0.7535049706856998,0.7295658239857135,0.46499087491363444,-0.020128468445509074,2.066666666666667,0.7419354838709677,0.18273809523809526,0.3829345107240693,0.47187220931011387,-0.061276011573897005,0.12448162700526928,0.23935542955103897,B,EMR,Crypto model C
3923,0.7004843232220239,0.6783754673809923,0.35680211212655816,-0.12657416405402633,2.2,0.6818181818181818,0.27543800539083557,0.44397921751207614,0.5371059889107667,-0.30931505516404306,-0.05211179921282182,0.23935542955103897,B,EMR,EMA cross (calm-tuned)
3923,0.6803466734641855,0.696230816451811,0.3788401327954444,-0.02174328722034481,2.6666666666666665,0.6875,0.125,0.37703377086911194,0.43442100785026094,-0.06925282938322336,0.14592184696071536,0.23935542955103897,B,EMR,SuperTrend (calm-tuned)
3923,0.7484068315065001,0.7243791506222446,0.45417718634116044,0.017317371475538676,1.4,0.8333333333333334,0.25357142857142856,0.4303734433669896,0.47227711713719467,0.03033780537406114,0.18879748686710957,0.23935542955103897,B,EMR,Online directional-change (calm-tuned)
3611,0.7687621157574079,0.682155923175271,0.4265495952159588,0.1355080187062627,2.2,0.6818181818181818,0.12273876677689166,0.41372392685678805,0.348399404648421,0.2704821737765801,0.4622975896691779,0.4542418665579788,B,DFS,MODEL calm
3611,0.7867626696206037,0.7458626844739107,0.5001620511871094,0.1066928435417542,2.0,0.75,0.1276163698844111,0.3672385997822767,0.45780922815269964,0.2119515827908398,0.450868130572856,0.4542418665579788,B,DFS,Crypto model C
3611,0.7358072556078649,0.7013036687597616,0.3978164355948569,0.03623406345568621,2.4,0.6875,0.2602843024002054,0.4308350983114937,0.4935298693955968,0.06538804884395713,0.393948332060768,0.4542418665579788,B,DFS,EMA cross (calm-tuned)
3611,0.6693436721129881,0.6874965026544411,0.34925106887647944,-0.04750661302631992,3.9,0.6282051282051282,0.10633014267653965,0.32599629870134084,0.39185820017405365,-0.11267969278412004,0.2909441754199488,0.4542418665579788,B,DFS,SuperTrend (calm-tuned)
3611,0.8022708391027417,0.7726560701523248,0.5443006501319141,0.10660748901058151,1.5,0.8,0.2884419921591404,0.5041041895333422,0.49354511211683166,0.21368644532508754,0.46128950975552746,0.4542418665579788,B,DFS,Online directional-change (calm-tuned)
3892,0.722764645426516,0.6642544004194991,0.3546179395796696,-0.01638421018316352,1.8823529411764706,0.734375,0.22999999999999998,0.4765977265302136,0.4428573041614745,-0.054262961622388244,0.10361189581458045,0.21163703874490455,B,ALK,MODEL calm
3892,0.7009249743062693,0.6787776522991158,0.35092193471708955,-0.08422892504952983,2.0588235294117645,0.7428571428571429,0.19813084112149532,0.4592870700370367,0.4537577595878303,-0.23692360176837812,-0.018124651895246254,0.21163703874490455,B,ALK,Crypto model C
3892,0.6205035971223022,0.6147092727754757,0.21912112664850972,-0.06097442709389603,1.7647058823529411,0.7666666666666667,0.3647798742138365,0.5277807254770972,0.541616363195556,-0.17302861328871358,0.03177067894980812,0.21163703874490455,B,ALK,EMA cross (calm-tuned)
3892,0.6667523124357657,0.6549184950177159,0.2986541155049167,-0.010269732478899476,2.3529411764705883,0.7125,0.19372759856630825,0.35057876657775344,0.40557467075996756,-0.04048644394825554,0.12524378381437468,0.21163703874490455,B,ALK,SuperTrend (calm-tuned)
3892,0.7145426515930113,0.6784019486787389,0.3605321639527489,0.0037658093040499933,1.3529411764705883,0.8043478260869565,0.2669234030525721,0.49764835287881815,0.49773197427564975,0.0026163549676953926,0.1420404306436255,0.21163703874490455,B,ALK,Online directional-change (calm-tuned)
3914,0.845426673479816,0.752673350974349,0.5533329694958892,0.2341325681380535,2.375,0.6842105263157895,0.12562639543537585,0.29850521379644657,0.35971185383999793,0.48341654863916783,0.611193001675755,0.5080243363826884,B,BRO,MODEL calm
3914,0.8334184977005621,0.8087803211600403,0.5820196964415641,0.17282416272781306,3.0,0.6458333333333334,0.12533177205308355,0.23071225322803668,0.38837019835035225,0.35105203292561077,0.5896469062071016,0.5080243363826884,B,BRO,Crypto model C
3914,0.8147675012774656,0.7651432597180627,0.514305093193495,0.13894112307622508,2.625,0.6904761904761905,0.20119363395225465,0.3664263872959505,0.50895750105231,0.2813946128099539,0.5309352195035949,0.5080243363826884,B,BRO,EMA cross (calm-tuned)
3914,0.7026060296371998,0.7418918837507393,0.417154161271408,-0.0702414442236506,4.625,0.5945945945945946,0.08638064688585939,0.22551331164398325,0.31693122440362165,-0.16918333879459263,0.27179198515351005,0.5080243363826884,B,BRO,SuperTrend (calm-tuned)
3914,0.7999489013796628,0.7631768074156053,0.49618797150095983,0.15251791845609658,2.25,0.7222222222222222,0.18620689655172415,0.2875155881842468,0.3415992971262462,0.3115804784590593,0.5695112161261668,0.5080243363826884,B,BRO,Online directional-change (calm-tuned)
3809,0.6902074035179837,0.6575471122352797,0.3523359815883684,-0.13498188634514047,2.6956521739130435,0.6451612903225806,0.21881115459882583,0.3845282376344237,0.47627857984458377,-0.2739605493813254,-0.14599266158888471,0.055449263612172235,B,TGNA,MODEL calm
3809,0.7167235494880546,0.7013514040429385,0.4119804276405945,-0.13856056714187143,2.260869565217391,0.7115384615384616,0.29591563142371974,0.453760193113612,0.4234560388905315,-0.27912060532400457,-0.159770686897476,0.055449263612172235,B,TGNA,Crypto model C
3809,0.6886321869257023,0.687600022377888,0.3715808230016092,-0.15107661782466797,2.782608695652174,0.625,0.33876751990524445,0.4398647517491072,0.45566856970626807,-0.30561895848200343,-0.19691801285112,0.055449263612172235,B,TGNA,EMA cross (calm-tuned)
3809,0.6405880808611184,0.6373153259147244,0.2722627325818373,-0.13596572506144328,3.3043478260869565,0.6578947368421053,0.17832681017612523,0.35113300762299693,0.37185417844114443,-0.2784077523639019,-0.17555247519623893,0.055449263612172235,B,TGNA,SuperTrend (calm-tuned)
3809,0.7054344972433709,0.6939288394465655,0.39171162230936557,-0.08787810207355566,1.4782608695652173,0.8529411764705882,0.3483896307934014,0.5260500992379384,0.4938158320650837,-0.17720583932746653,-0.08977696811334354,0.055449263612172235,B,TGNA,Online directional-change (calm-tuned)
3940,0.8434010152284264,0.7453247616305863,0.5137620987994547,0.3054610281724118,1.6363636363636365,0.75,0.27648867766284596,0.31104655448521235,0.3186509206909587,0.7267300034092622,0.8370139891066831,0.6252929910372136,B,TYL,MODEL calm
3940,0.8126903553299493,0.7671123045009511,0.4942175641629792,0.23375059758437314,1.7272727272727273,0.7631578947368421,0.22445046193055113,0.3565601604101152,0.3784780274076594,0.5535553930608208,0.7814915085329787,0.6252929910372136,B,TYL,Crypto model C
3940,0.8063451776649746,0.7522136155855756,0.47026011369312454,0.20396791967342576,1.5454545454545454,0.7058823529411765,0.3019238517324738,0.37659612589130675,0.46349017883252874,0.4827957922340248,0.7363552781157455,0.6252929910372136,B,TYL,EMA cross (calm-tuned)
3940,0.7568527918781726,0.7829355673263152,0.47655420406964005,0.139431739972057,2.590909090909091,0.6491228070175439,0.19883966244725737,0.27970389331145906,0.3101157967666832,0.3226213663035965,0.6938076153694334,0.6252929910372136,B,TYL,SuperTrend (calm-tuned)
3940,0.8243654822335026,0.7532285136979535,0.4921523411245215,0.26418379971289,1.3636363636363635,0.8,0.27865296803652967,0.3999851006150688,0.39856498739247714,0.6285365798906265,0.7857570738741546,0.6252929910372136,B,TYL,Online directional-change (calm-tuned)
3660,0.6882513661202185,0.6820784181552635,0.3741309319415238,-0.04596525888669353,2.303030303030303,0.7105263157894737,0.193717277486911,0.44794383764409057,0.41703787618340377,-0.13863703404450203,-0.021870319780764532,0.10488949044970622,B,RING,MODEL calm
3660,0.6879781420765028,0.6908796764408494,0.3823325009023298,-0.09547043128245346,2.1515151515151514,0.7183098591549296,0.16875,0.46342108193649884,0.47428138285884863,-0.2723690889548401,-0.12375045783863765,0.10488949044970622,B,RING,Crypto model C
3660,0.6360655737704918,0.6390472980563981,0.27871720989721505,0.026705009445114444,1.3636363636363635,0.7777777777777778,0.2903225806451613,0.5328431550997845,0.5396702043686761,0.06449617169194438,0.12536941337393434,0.10488949044970622,B,RING,EMA cross (calm-tuned)
3660,0.6978142076502732,0.6991439164138862,0.397741501528617,0.021385393619451153,2.484848484848485,0.6951219512195121,0.15706806282722513,0.38031010617741867,0.34759487766128516,0.043374619252921603,0.10982467646783006,0.10488949044970622,B,RING,SuperTrend (calm-tuned)
3660,0.5885245901639344,0.5842399730367374,0.17037018894287748,-0.11809293758565069,1.6363636363636365,0.7407407407407407,0.20202020202020202,0.40973744525385286,0.5108740251642523,-0.33079394741505147,-0.14841567964452645,0.10488949044970622,B,RING,Online directional-change (calm-tuned)
3950,0.6010126582278481,0.6247826626272225,0.2556173141128386,-0.22456996349986,2.5757575757575757,0.6941176470588235,0.26666666666666666,0.4730844721373269,0.4250641727102627,-0.5122657587008372,-0.3780169840651003,-0.11619781285162835,B,MBI,MODEL calm
3950,0.6043037974683544,0.6027795531522592,0.20329894842488525,-0.3766421535087956,2.0303030303030303,0.746268656716418,0.39215686274509803,0.5522521362282129,0.5644394233719437,-0.8513885121711054,-0.712119164213697,-0.11619781285162835,B,MBI,Crypto model C
3950,0.5751898734177215,0.5635558076120115,0.1273697531378715,-0.30309160352234066,1.9696969696969697,0.7538461538461538,0.4528301886792453,0.5692237987332017,0.538464617622676,-0.685987279014141,-0.6374150097372941,-0.11619781285162835,B,MBI,EMA cross (calm-tuned)
3950,0.6475949367088608,0.6424876430432067,0.28318029925356325,-0.09372738179627585,2.272727272727273,0.72,0.18571428571428572,0.41837640717684066,0.39002757303803753,-0.21815008253672957,-0.23328848706840755,-0.11619781285162835,B,MBI,SuperTrend (calm-tuned)
3950,0.5151898734177215,0.5077752642212752,0.015432119335187495,-0.43684441808009034,1.4848484848484849,0.8163265306122449,0.4772727272727273,0.5998322594310963,0.6759783399027485,-0.9846902723105915,-0.8363161507188673,-0.11619781285162835,B,MBI,Online directional-change (calm-tuned)
3934,0.7737671581087952,0.7460966531581718,0.5116912650028405,0.10358320146390658,2.6363636363636362,0.6551724137931034,0.13238866396761134,0.2728492832457352,0.33715276783549863,0.19901556002970722,0.19185500765735705,0.11013267991579626,B,URBN,MODEL calm
3934,0.7712252160650738,0.7695660356177412,0.5296081982557312,0.019947022357637605,2.272727272727273,0.72,0.1659148873384904,0.3436476547224432,0.37241036646491943,0.032698621478861135,0.09628467524604258,0.11013267991579626,B,URBN,Crypto model C
3934,0.7079308591764107,0.7098385399353702,0.4095843437474497,0.0572684159201029,2.090909090909091,0.717391304347826,0.3077686202686203,0.3835342236303045,0.40681927200341916,0.10802144632135352,0.15228228112527104,0.11013267991579626,B,URBN,EMA cross (calm-tuned)
3934,0.7076766649720386,0.7169806888704187,0.4222264880903744,0.13084084500365717,2.8181818181818183,0.6774193548387096,0.0891053391053391,0.2753439870902136,0.3293121565320444,0.2531002628567162,0.25280749700789407,0.11013267991579626,B,URBN,SuperTrend (calm-tuned)
3934,0.7524148449415353,0.7470717558102598,0.4870073818015984,0.058312822063543476,1.6363636363636365,0.7777777777777778,0.19720506713319141,0.3950088961151747,0.420942415479842,0.1115616814062097,0.14478205628179555,0.11013267991579626,B,URBN,Online directional-change (calm-tuned)
3945,0.7997465145754119,0.7710233600917686,0.5583432428005346,0.14512971291603227,1.875,0.75,0.18566308243727597,0.36822613608365273,0.39742733200809455,0.36886749042565165,0.2857905116427071,0.09367330764622184,B,HPQ,MODEL calm
3945,0.791381495564005,0.7886391601660194,0.5642134461272579,0.016872437842165244,1.75,0.7857142857142857,0.18548827059465356,0.4325797195587214,0.48471677111390665,0.03407808065108954,0.08539494799294427,0.09367330764622184,B,HPQ,Crypto model C
3945,0.7153358681875792,0.7149812594619709,0.4165359359515855,0.1034148187385783,1.40625,0.8,0.2915027537372148,0.43361004942212633,0.47740357637249053,0.26239882822278554,0.25615265800747244,0.09367330764622184,B,HPQ,EMA cross (calm-tuned)
3945,0.7333333333333333,0.7420247117225067,0.46664093342849083,0.010813395726784586,2.53125,0.7037037037037037,0.14982578397212543,0.35479732773586325,0.3628286500058864,0.013755468888624754,0.0780552108199323,0.09367330764622184,B,HPQ,SuperTrend (calm-tuned)
3945,0.7746514575411914,0.7699501697319191,0.5280802156314771,0.04640203840463258,1.46875,0.8297872340425532,0.18548827059465356,0.4700901649286833,0.48887826462016404,0.11289620408098855,0.13867682133738388,0.09367330764622184,B,HPQ,Online directional-change (calm-tuned)
3933,0.7742181540808543,0.6703515729377798,0.3837665528115888,0.08846495459659495,1.6666666666666667,0.76,0.2597741826761038,0.41372653595781006,0.4470962147576981,0.20778456894454683,0.41948410805399955,0.4975367730960845,B,JKHY,MODEL calm
3933,0.7800661072972286,0.7433770097563202,0.4693301743191237,0.07718560937478532,1.6666666666666667,0.8,0.2192753623188406,0.3907731966306888,0.4720463120651711,0.17946128169694991,0.4503962740100948,0.4975367730960845,B,JKHY,Crypto model C
3933,0.7274345283498601,0.6684641779469366,0.3295060002855541,-0.0078096158632626495,1.7333333333333334,0.7307692307692307,0.3016439541423318,0.4714022082908869,0.5180505340894229,-0.0343945987373756,0.295657354581263,0.4975367730960845,B,JKHY,EMA cross (calm-tuned)
3933,0.7419272819730486,0.7451044063113028,0.44652379256284525,0.0636292853133586,2.0,0.75,0.15947557660264844,0.39489754056837634,0.36877172013753784,0.14265021439680067,0.45652153990783123,0.4975367730960845,B,JKHY,SuperTrend (calm-tuned)
3933,0.7726926010678871,0.70365927176272,0.41595705301286234,0.09921839210240355,1.1333333333333333,0.7941176470588235,0.28302999662959216,0.4538117789601455,0.4760077010859194,0.23937926213092794,0.48039212918024804,0.4975367730960845,B,JKHY,Online directional-change (calm-tuned)
1105,0.8398190045248869,0.7431125212815354,0.4571951751899373,-0.27046285905237993,2.4,0.6666666666666666,0.24096385542168675,0.15415227045960161,0.344767077867954,-0.32641390800749864,-0.19065035954169002,-0.05011119829076335,B,LO-201506,MODEL calm
1105,0.7665158371040725,0.8139219934994583,0.4851064408159895,0.3349922563224367,1.8,0.7777777777777778,0.06962025316455696,0.35645278255095925,0.33911440686348504,0.3949694665093417,0.5257731359364327,-0.05011119829076335,B,LO-201506,Crypto model C
1105,0.7719457013574661,0.7929113140380746,0.46042421436741926,0.37103241585891317,1.6,0.75,0.3076923076923077,0.4078930274080542,0.2517401873038599,0.4382659132348074,0.5681237103455282,-0.05011119829076335,B,LO-201506,EMA cross (calm-tuned)
1105,0.7058823529411765,0.7136666150750658,0.3286081225792131,-0.4246393131979028,4.2,0.6190476190476191,0.03164556962025317,0.15415227045960161,0.22325472708273436,-0.5135157672950312,-0.29279292844377347,-0.05011119829076335,B,LO-201506,SuperTrend (calm-tuned)
1105,0.7565610859728507,0.7925243770314192,0.45279422704971417,0.23422728155228104,2.0,0.8,0.3076923076923077,0.4301023065292764,0.35605979537052435,0.2746483596732229,0.3397963997261244,-0.05011119829076335,B,LO-201506,Online directional-change (calm-tuned)
3948,0.7862208713272543,0.725805152979066,0.4731959113500547,0.11431930367148388,2.1666666666666665,0.7307692307692307,0.20078740157480315,0.3678140157028631,0.38717992613184465,0.23718773231280021,0.22009976086212454,0.09473605308526224,B,SIG,MODEL calm
3948,0.7814083080040527,0.7602382520860782,0.5027973549426287,0.14780322139728638,2.1666666666666665,0.7307692307692307,0.18894243822970405,0.34162305703470586,0.36499492435576786,0.30842305455302954,0.28487756132296427,0.09473605308526224,B,SIG,Crypto model C
3948,0.71403242147923,0.715166154296589,0.40027789368940725,0.08836595543463113,1.5833333333333333,0.7894736842105263,0.3069073783359498,0.4753792253248341,0.5597664717599797,0.18359541474316676,0.21820145919271663,0.09473605308526224,B,SIG,EMA cross (calm-tuned)
3948,0.7130192502532928,0.7240301566388523,0.4141597206626241,0.023257853982114166,3.25,0.6410256410256411,0.10386728655959425,0.29037213212639645,0.3927291287510187,0.0405608567313753,0.10255127361567229,0.09473605308526224,B,SIG,SuperTrend (calm-tuned)
3948,0.7667173252279635,0.7243211096471966,0.4472620687343617,0.13995623449677247,1.5833333333333333,0.7894736842105263,0.2782357283464567,0.3884807025676561,0.3699671497779505,0.2933178049350565,0.2559592263977022,0.09473605308526224,B,SIG,Online directional-change (calm-tuned)
3653,0.7443197372022995,0.6186827561471804,0.2856764462798659,0.0653665880160282,1.3333333333333333,0.825,0.2594891382191454,0.4628122642642546,0.5000132860949165,0.14661502095068576,0.3868477955760175,0.4817283596420452,B,ANSS,MODEL calm
3653,0.714207500684369,0.6509890073686047,0.2974409748320368,-0.14542897843300448,1.6666666666666667,0.74,0.37898936170212766,0.5695926127246018,0.5862161133312914,-0.35973438511653283,0.08286987875940839,0.4817283596420452,B,ANSS,Crypto model C
3653,0.7046263345195729,0.6452811653192625,0.2830817295712417,-0.124342807142654,1.6,0.7083333333333334,0.3296722254169063,0.5074084210169434,0.5301846861482257,-0.30882637804258034,0.11820386275215074,0.4817283596420452,B,ANSS,EMA cross (calm-tuned)
3653,0.647960580344922,0.6476283590571841,0.26657298946734886,-0.13982719863300697,2.3333333333333335,0.6857142857142857,0.23728813559322035,0.4246395497302289,0.4809389710836727,-0.35122395835215275,0.09656676898062691,0.4817283596420452,B,ANSS,SuperTrend (calm-tuned)
3653,0.6630166986038872,0.5746877084844905,0.150739970908668,-0.008265995421257409,0.9333333333333333,0.8214285714285714,0.4581560283687943,0.594409937252252,0.5746761220476632,-0.026523320028984658,0.2830449405408618,0.4817283596420452,B,ANSS,Online directional-change (calm-tuned)
3944,0.7614097363083164,0.6123839783718954,0.2926487611335539,0.04445145787693208,2.3333333333333335,0.673469387755102,0.20270270270270271,0.3048705081801893,0.3807815768357516,0.07495618877928144,0.2961682415382552,0.4209335004589538,B,SYK,MODEL calm
3944,0.7753549695740365,0.6991291441028793,0.40808135878232377,-0.1260443118235315,3.0,0.6666666666666666,0.09259259259259259,0.30587402239351125,0.3725964721862242,-0.2651271773844697,0.09859596621953783,0.4209335004589538,B,SYK,Crypto model C
3944,0.7142494929006086,0.6279739057978097,0.2579761012594975,-0.046577383900600004,2.5238095238095237,0.6415094339622641,0.29292929292929293,0.3662028104976158,0.4036006235395437,-0.10570265125472758,0.2255259780566729,0.4209335004589538,B,SYK,EMA cross (calm-tuned)
3944,0.6980223123732252,0.709383774614476,0.3731602112170575,-0.36217581209687394,4.428571428571429,0.6129032258064516,0.09090909090909091,0.3286595361649044,0.4103678312962263,-0.7397728086777343,-0.23826029646491045,0.4209335004589538,B,SYK,SuperTrend (calm-tuned)
3944,0.7910750507099391,0.6958902294176017,0.42661567256002275,0.11885493347404555,1.5714285714285714,0.7878787878787878,0.13580246913580246,0.3515683710296788,0.3575638789103519,0.22594107644228217,0.40209325711102667,0.4209335004589538,B,SYK,Online directional-change (calm-tuned)
3940,0.8200507614213198,0.6667195431472082,0.3794348446025712,0.12080850153361244,2.4444444444444446,0.6818181818181818,0.16449468085106383,0.3476423388095272,0.37955094317884575,0.21797202233378302,0.4252960058804938,0.4364835242420369,B,XLF,MODEL calm
3940,0.8274111675126904,0.746510152284264,0.4782191374271613,0.11622261512911412,2.3333333333333335,0.7142857142857143,0.16705659044760307,0.34281094170724347,0.39996063021560824,0.20981379223869212,0.44763529717375716,0.4364835242420369,B,XLF,Crypto model C
3940,0.7639593908629442,0.6973350253807107,0.3553598848252909,0.037957151856621,2.3333333333333335,0.6904761904761905,0.2362828227571116,0.37608254945351405,0.5067442513029693,0.06010722737326354,0.3849911242731329,0.4364835242420369,B,XLF,EMA cross (calm-tuned)
3940,0.6611675126903553,0.7130393401015229,0.3420357591153889,-0.13580234621601234,4.777777777777778,0.5813953488372093,0.11073146187060462,0.291175556664803,0.448972606740327,-0.2852176107417441,0.1378916708095595,0.4364835242420369,B,XLF,SuperTrend (calm-tuned)
3940,0.7908629441624365,0.7089149746192893,0.39241808686835933,0.05714635211554205,1.4444444444444444,0.7692307692307693,0.1818442659133045,0.40890547902305174,0.4083844317378008,0.10153928325415207,0.35880703138418646,0.4364835242420369,B,XLF,Online directional-change (calm-tuned)
3932,0.6810783316378434,0.6798378249710217,0.38409987542709206,-0.07832166703403996,2.6296296296296298,0.6619718309859155,0.19047619047619047,0.4123425142864558,0.4007772534071967,-0.18402305770012128,-0.04180688816808693,0.11636491277087423,B,IPGP,MODEL calm
3932,0.7166836215666328,0.7164591612849809,0.4338568824391899,-0.04744555670107923,2.259259259259259,0.7049180327868853,0.18181818181818182,0.4314030583785166,0.4383200835673347,-0.11399356961864694,0.001724698203214197,0.11636491277087423,B,IPGP,Crypto model C
3932,0.6711597151576806,0.6709782248716675,0.3424365124238909,-0.04131550074031888,2.3333333333333335,0.6984126984126984,0.232,0.4953890692910706,0.4681942421744696,-0.10065715709147673,0.011050453695312277,0.11636491277087423,B,IPGP,EMA cross (calm-tuned)
3932,0.7098168870803663,0.7099343848319257,0.42004731598227024,0.02824974640271911,2.6296296296296298,0.676056338028169,0.128,0.3745110704798459,0.3778133287064903,0.05278139683880249,0.13597785589113506,0.11636491277087423,B,IPGP,SuperTrend (calm-tuned)
3932,0.6767548321464903,0.6765192912733896,0.35386488961682694,0.006110811856439115,1.7407407407407407,0.7659574468085106,0.1875,0.4314030583785166,0.43320242573938417,0.006967122561919205,0.08774456942512368,0.11636491277087423,B,IPGP,Online directional-change (calm-tuned)
3950,0.7683544303797468,0.7099775721160559,0.4550576080865093,0.05242919302972215,2.230769230769231,0.7241379310344828,0.1783804224515153,0.37345334144542447,0.4122414012609957,0.09878268565449988,0.2561214286179234,0.30404158724275626,B,ETR,MODEL calm
3950,0.7731645569620254,0.7501241754390915,0.4956098048114912,0.07837383131288314,1.6923076923076923,0.7954545454545454,0.3042056074766355,0.49812077576159075,0.4590848243540536,0.15990415450768797,0.30953182496045883,0.30404158724275626,B,ETR,Crypto model C
3950,0.6979746835443038,0.681586675608258,0.35122890299068654,-0.02460009346436988,1.9230769230769231,0.72,0.3748699812773039,0.4976683943689537,0.49407861569854616,-0.06859417934611582,0.16670941849672383,0.30404158724275626,B,ETR,EMA cross (calm-tuned)
3950,0.6488607594936708,0.6542945697684563,0.29188221201540643,-0.09758713443992643,2.8461538461538463,0.6621621621621622,0.19047996198320927,0.3571966124724989,0.3679853722249505,-0.2362572455340372,0.051812589971961295,0.30404158724275626,B,ETR,SuperTrend (calm-tuned)
3950,0.7668354430379747,0.7434863683442324,0.4820490804454196,0.05126104969828297,1.3846153846153846,0.8611111111111112,0.338678844519966,0.4938154391001134,0.5015997975190244,0.10251177589875837,0.2637288813197429,0.30404158724275626,B,ETR,Online directional-change (calm-tuned)
3918,0.7501276161306789,0.6747752035824812,0.39268135522811626,0.11486900401287103,2.0,0.6875,0.2223676556137289,0.4095385576987206,0.37513691896633455,0.2334931705839879,0.19968475548663542,0.06719667496898414,B,LNC,MODEL calm
3918,0.740684022460439,0.7037081604130122,0.4079183905399861,0.1276431983747243,1.75,0.7619047619047619,0.22622671374649944,0.428149405457642,0.5200881319764865,0.26114331678935715,0.24398995044193675,0.06719667496898414,B,LNC,Crypto model C
3918,0.6947422154160285,0.6886774625992955,0.35841840931710217,-0.04304299366558702,2.3333333333333335,0.6428571428571429,0.36136164099289647,0.4187474813721628,0.4906506103927308,-0.0984240044656773,-0.025862258102739275,0.06719667496898414,B,LNC,EMA cross (calm-tuned)
3918,0.6730474732006125,0.6897613343031133,0.3556737632737619,-0.012318660357707234,3.1666666666666665,0.6578947368421053,0.1535742340926944,0.3270314071962879,0.3966341449476897,-0.0370561440941492,0.023379906873209965,0.06719667496898414,B,LNC,SuperTrend (calm-tuned)
3918,0.7302194997447677,0.6904494502203398,0.3824054316873643,0.09308538796226874,1.125,0.8518518518518519,0.24948252769998783,0.5369515384157815,0.5575248086794425,0.19091745646476643,0.18313094520860196,0.06719667496898414,B,LNC,Online directional-change (calm-tuned)
3913,0.6994633273703041,0.6822007941009642,0.392923666671057,-0.0758873080013325,2.6153846153846154,0.6911764705882353,0.20921052631578946,0.43728876089854657,0.3781590174195052,-0.1803349733818885,0.08157022395086105,0.3151211520524228,B,INCY,MODEL calm
3913,0.7630973677485305,0.765173000567215,0.5277748287942781,-0.015547743151171951,2.1538461538461537,0.7321428571428571,0.16858064516129034,0.40424622237210917,0.430612047720908,-0.04366443727806853,0.18992777657738077,0.3151211520524228,B,INCY,Crypto model C
3913,0.6823409148990545,0.6785649461145774,0.35761610780038283,-0.06005161467230159,2.3846153846153846,0.7096774193548387,0.28157894736842104,0.5038923860912587,0.46781272874528523,-0.14402012666575478,0.11234124660299409,0.3151211520524228,B,INCY,EMA cross (calm-tuned)
3913,0.7130079223102479,0.716069200226886,0.4300987514482947,-0.06729177099439944,2.769230769230769,0.6805555555555556,0.13085138615361308,0.39524446432268134,0.35463189587104305,-0.1617846217190695,0.10862493963753592,0.3151211520524228,B,INCY,SuperTrend (calm-tuned)
3913,0.7153079478660874,0.7141293250141805,0.42709560665488727,0.04947842296640442,1.1538461538461537,0.9333333333333333,0.24434075579783793,0.4614648936717418,0.4818175760220299,0.10570912741361016,0.28340013782759116,0.3151211520524228,B,INCY,Online directional-change (calm-tuned)
3926,0.7768721344880285,0.665647650320379,0.3584121592617398,0.12027157923792495,2.9411764705882355,0.68,0.23333333333333334,0.317082500779189,0.38139472807436087,0.2023029382957899,0.23572670540198237,0.13412167256653354,B,FHN,MODEL calm
3926,0.761079979623026,0.7097610535664755,0.39696190460473435,-0.025597487116906813,2.7058823529411766,0.6956521739130435,0.16312056737588654,0.36014932198607397,0.3333681498023421,-0.05302629862338731,0.05865057116626068,0.13412167256653354,B,FHN,Crypto model C
3926,0.7249108507386653,0.7218270989938951,0.3931938404266287,0.16169648682267218,2.4705882352941178,0.6904761904761905,0.19151846785225718,0.3528012645731964,0.4659516551363393,0.2764003229478152,0.3439562756898244,0.13412167256653354,B,FHN,EMA cross (calm-tuned)
3926,0.6653082017320427,0.6812771593714015,0.3144320728843022,0.06771800479592503,3.8823529411764706,0.6212121212121212,0.15602836879432624,0.33976768886168013,0.34666519717581784,0.10720643460722849,0.20073987313184918,0.13412167256653354,B,FHN,SuperTrend (calm-tuned)
3926,0.7134488028527763,0.6211661684238249,0.23868691794554442,-0.023167262799174467,2.0588235294117645,0.7428571428571429,0.26666666666666666,0.3916631376696873,0.3863104339026775,-0.046839168352556255,0.06263635947071071,0.13412167256653354,B,FHN,Online directional-change (calm-tuned)
3063,0.7639569049951028,0.6833169612496823,0.41887312317505226,0.07550858785804186,2.5,0.7,0.1673669467787115,0.42503536618042526,0.3746411318584064,0.17035285076120224,0.5189143811104355,0.7283287957249208,B,ANET,MODEL calm
3063,0.7492654260528894,0.728034584513808,0.44316510876263315,-0.0650881248825437,2.35,0.7021276595744681,0.18181818181818182,0.4633375637709236,0.4901577696399523,-0.16300918545824614,0.3806525002454792,0.7283287957249208,B,ANET,Crypto model C
3063,0.6950701926216128,0.624035216499135,0.26395501413308087,0.07996871351218894,1.85,0.7837837837837838,0.4254449254449254,0.4957198911398892,0.5207763941185259,0.18326774348504687,0.5484820925768578,0.7283287957249208,B,ANET,EMA cross (calm-tuned)
3063,0.74273587985635,0.7338517444855845,0.4467578051624453,-0.10519998581076165,3.5,0.6428571428571429,0.10101010101010101,0.36986528040535527,0.3927491833807674,-0.2624280746357891,0.30663634557223934,0.7283287957249208,B,ANET,SuperTrend (calm-tuned)
3063,0.7518772445315051,0.6864197246153378,0.40039790456275137,-0.05086598795174651,2.2,0.6590909090909091,0.10198739994521715,0.3775953049742007,0.38731266281862164,-0.128692163570406,0.3572581157700057,0.7283287957249208,B,ANET,Online directional-change (calm-tuned)
3914,0.7401635155850792,0.7073488361324805,0.43660126077142447,-0.0380532232470075,2.4193548387096775,0.68,0.21818181818181817,0.37160920875607917,0.42327303329838306,-0.10083627863006465,0.08413787960858905,0.23618348121735686,B,INTC,MODEL calm
3914,0.7404190086867655,0.7362669255243853,0.4648145047115162,-0.03983896958829248,2.2903225806451615,0.7183098591549296,0.20930232558139536,0.42363362269087246,0.4579047301732481,-0.10431478758479551,0.08936529762010907,0.23618348121735686,B,INTC,Crypto model C
3914,0.6918753193663771,0.6894809836593309,0.371015753153458,-0.05720722259338433,1.935483870967742,0.6833333333333333,0.3333333333333333,0.4527667043820031,0.5577345007562606,-0.1428324290956713,0.0629567551442031,0.23618348121735686,B,INTC,EMA cross (calm-tuned)
3914,0.6806336228921819,0.6818221907653501,0.3548927075810334,-0.0897458316855575,2.806451612903226,0.6436781609195402,0.17275747508305647,0.37374590584962275,0.34607912107915684,-0.22292040049935435,0.009113587778612008,0.23618348121735686,B,INTC,SuperTrend (calm-tuned)
3914,0.7256004087889627,0.7117148552138663,0.4223096144558522,-0.11590983091772304,1.903225806451613,0.711864406779661,0.22727272727272727,0.44184106213175356,0.43634426544684124,-0.2789248810675916,-0.028566230728942887,0.23618348121735686,B,INTC,Online directional-change (calm-tuned)
3948,0.6919959473150963,0.6544243296355898,0.3469575280949922,0.0252828466622756,1.8387096774193548,0.7543859649122807,0.291970802919708,0.4299711935378514,0.42998020551760474,0.04589240887238824,0.09872442020665476,0.10377059869293796,B,TROW,MODEL calm
3948,0.7036474164133738,0.6865711561179333,0.38040204629922625,-0.0156406657898381,1.5806451612903225,0.8163265306122449,0.28,0.48698950007881103,0.5150343529266398,-0.047386156332038,0.04124787227371825,0.10377059869293796,B,TROW,Crypto model C
3948,0.668693009118541,0.6559236939549031,0.31332847287220583,-0.014752185414275724,1.6129032258064515,0.72,0.33088235294117646,0.429646921826046,0.5122097818819857,-0.04554975414029449,0.044944684591781,0.10377059869293796,B,TROW,EMA cross (calm-tuned)
3948,0.7036474164133738,0.708165233019805,0.4099448674304144,-0.051390081942720725,2.225806451612903,0.7246376811594203,0.2,0.41141822986174265,0.4319423667517031,-0.13496734119549925,-0.025223486355299845,0.10377059869293796,B,TROW,SuperTrend (calm-tuned)
3948,0.6514690982776089,0.6211509938253836,0.25874928411235704,-0.09224556866037686,1.2580645161290323,0.8461538461538461,0.4331983805668016,0.5535382494131396,0.5688437007198431,-0.22314405113386854,-0.08197771842199808,0.10377059869293796,B,TROW,Online directional-change (calm-tuned)
3950,0.7415189873417721,0.6812962003334476,0.3995058670088386,-0.08454500294032488,1.7027027027027026,0.746031746031746,0.2898550724637681,0.42355204831560245,0.4399444190258862,-0.23528816461923657,-0.05784074937925915,0.1391862190966257,B,CCI,MODEL calm
3950,0.6883544303797469,0.6646252365646692,0.3241437306852463,-0.19064146342850757,1.864864864864865,0.7681159420289855,0.325,0.5161422816884249,0.5440757343019118,-0.5114991445550657,-0.25211410048938604,0.1391862190966257,B,CCI,Crypto model C
3950,0.6265822784810127,0.603807704161642,0.20220339299237522,-0.26879315622243505,2.081081081081081,0.6883116883116883,0.4722222222222222,0.605210028669469,0.5860770103363554,-0.7163785898726202,-0.3951308611649916,0.1391862190966257,B,CCI,EMA cross (calm-tuned)
3950,0.6845569620253165,0.700994427729299,0.38264818075445717,-0.21753456218872128,2.3513513513513513,0.7126436781609196,0.2076271186440678,0.4164399071967643,0.4399444190258862,-0.585821232181296,-0.3300080265513337,0.1391862190966257,B,CCI,SuperTrend (calm-tuned)
3950,0.6643037974683544,0.6110626370320392,0.23238698679063333,-0.041036689260602,1.0,0.8378378378378378,0.36666666666666664,0.5006770613310331,0.5440757343019118,-0.11585828701900823,0.014785744300752393,0.1391862190966257,B,CCI,Online directional-change (calm-tuned)
3905,0.7385403329065301,0.648861443787733,0.3422031842855285,0.030617519167564996,1.9259259259259258,0.75,0.22535211267605634,0.42091567012287856,0.3719564286033993,0.05239206442446453,0.12760034762714081,0.1418064757027231,B,TFC,MODEL calm
3905,0.7106274007682458,0.6677623492279998,0.33279157513257923,-0.17600999315890453,2.3703703703703702,0.71875,0.1956521739130435,0.44945144135520326,0.5143665524442425,-0.37736871737896,-0.16853278975049082,0.1418064757027231,B,TFC,Crypto model C
3905,0.6596670934699104,0.6371383927291493,0.26093061539133805,-0.14903001130968646,2.888888888888889,0.6410256410256411,0.30111524163568776,0.5065237058272043,0.543683261101018,-0.32457860354107776,-0.152959186930111,0.1418064757027231,B,TFC,EMA cross (calm-tuned)
3905,0.6740076824583867,0.6874568798026979,0.3485008304678533,-0.08392193936663188,2.888888888888889,0.6666666666666666,0.18604651162790697,0.3689138085731489,0.44959677263281667,-0.18992085419433521,-0.041977070359534324,0.1418064757027231,B,TFC,SuperTrend (calm-tuned)
3905,0.665044814340589,0.5987186400644661,0.20263699872905466,-0.03853912076904924,1.3333333333333333,0.8333333333333334,0.37058823529411766,0.4930456603031429,0.5143665524442425,-0.08725209571211041,0.03843990239361629,0.1418064757027231,B,TFC,Online directional-change (calm-tuned)
3940,0.7761421319796954,0.7007123537429596,0.40601580079700006,-0.003491507462399242,1.6875,0.7962962962962963,0.3095588235294118,0.44176011694745165,0.441662204003218,-0.022179629161579593,0.1947243832010399,0.3353711591821044,B,HSIC,MODEL calm
3940,0.7631979695431472,0.7342557379355166,0.43611676493919316,-0.1276110738825931,1.8125,0.7758620689655172,0.3038845726970033,0.4890028904459849,0.4980957524906175,-0.31685006649984115,0.012415436391492158,0.3353711591821044,B,HSIC,Crypto model C
3940,0.7048223350253807,0.6673992410171303,0.3081267880089478,-0.2203424064758537,2.0625,0.696969696969697,0.34419306184012066,0.5417018171837888,0.5513350706399582,-0.5383577441224321,-0.14240659362621155,0.3353711591821044,B,HSIC,EMA cross (calm-tuned)
3940,0.6893401015228426,0.6872135766163214,0.33300932556406193,-0.21481927137081538,2.25,0.7222222222222222,0.24377334993773347,0.45135244004548725,0.45848741607118254,-0.5270037208527119,-0.1464203393662659,0.3353711591821044,B,HSIC,SuperTrend (calm-tuned)
3940,0.7629441624365483,0.7454583940712367,0.4509301246524941,-0.05826518592362999,1.4375,0.8478260869565217,0.32153163152053277,0.5000065625755081,0.5083980370851877,-0.1496998700629332,0.12580617261686974,0.3353711591821044,B,HSIC,Online directional-change (calm-tuned)
3948,0.7011144883485309,0.7063954234904617,0.4481477023045358,0.021669872650200043,2.5,0.6666666666666666,0.1525096525096525,0.3381890687858201,0.33629713128519856,-0.02901391812994609,-0.10059135780338341,-0.12842510674269164,B,AGG,MODEL calm
3948,0.745694022289767,0.7481214554187858,0.5035065948694971,0.07325268150399888,2.0833333333333335,0.72,0.22599720460165573,0.36936648555105916,0.43868556598090486,0.10369300532180947,-0.018493509990979016,-0.12842510674269164,B,AGG,Crypto model C
3948,0.7201114488348531,0.7210722110996175,0.44282368280773576,0.036078620335441174,1.8333333333333333,0.7045454545454546,0.18477591726175818,0.362624092960076,0.41948939931208246,0.0254451682920434,-0.07518144229053685,-0.12842510674269164,B,AGG,EMA cross (calm-tuned)
3948,0.6940222897669707,0.6936095072075505,0.38741904496565344,0.1051927863905237,3.25,0.6538461538461539,0.10457920792079209,0.29217656193294395,0.28544563218490776,0.14062820515010277,0.010322291677615166,-0.12842510674269164,B,AGG,SuperTrend (calm-tuned)
3948,0.7418946301925026,0.7438720668767007,0.49223554356962873,0.16000455214565235,1.5,0.8055555555555556,0.22414101792021354,0.3614467775434969,0.35604849401264466,0.32396138536187574,0.14673657184624184,-0.12842510674269164,B,AGG,Online directional-change (calm-tuned)
1826,0.8170865279299014,0.720030342096194,0.4417912398401368,0.06289456035027029,1.625,0.7307692307692307,0.3067465321563682,0.463276692046335,0.4618435966083837,0.18664902475574793,0.5321202485907349,0.6889351486589943,B,CRWD,MODEL calm
1826,0.7710843373493976,0.7426118636866741,0.42571027549811197,0.16408071489553488,1.3125,0.8571428571428571,0.381190727081138,0.4358941480147256,0.4216842700871437,0.4986952885205768,0.846715256041412,0.6889351486589943,B,CRWD,Crypto model C
1826,0.7349397590361446,0.6886470597888817,0.3306964345101325,0.08715396546451519,1.4375,0.8260869565217391,0.49122604479335025,0.44406815779671516,0.5572370727336736,0.26189408612370796,0.6252826549142854,0.6889351486589943,B,CRWD,EMA cross (calm-tuned)
1826,0.7546549835706462,0.7380879009067984,0.4099444337903379,0.10318348444680717,2.0,0.75,0.2687830687830688,0.40785169725074105,0.4587999662224126,0.30888862535354383,0.6985881174121246,0.6889351486589943,B,CRWD,SuperTrend (calm-tuned)
1826,0.8253012048192772,0.6960019182623315,0.429048407004152,0.2420112261967056,1.0,0.8125,0.20600059559261463,0.4003888343101214,0.42287665969142807,0.739617705627859,0.8064225155102743,0.6889351486589943,B,CRWD,Online directional-change (calm-tuned)
3914,0.7268778742973939,0.6942958771672916,0.42830543430240453,0.06114760403399901,2.161290322580645,0.7014925373134329,0.2222222222222222,0.4619853339118081,0.46781246946308946,0.14373911760356411,0.3117733856848282,0.3605478892252473,B,GLW,MODEL calm
3914,0.7669902912621359,0.7607181574986157,0.5207063826970969,0.13453032779894616,1.6451612903225807,0.7843137254901961,0.2542372881355932,0.40709253701086934,0.4459401451953113,0.3348269946638566,0.46892930089863527,0.3605478892252473,B,GLW,Crypto model C
3914,0.7391415431783341,0.73046193508688,0.4617350389292079,0.047966999119534406,1.935483870967742,0.6833333333333333,0.25842696629213485,0.4354055779665998,0.4793542630548329,0.11133765998450329,0.31376489379747063,0.3605478892252473,B,GLW,EMA cross (calm-tuned)
3914,0.7368421052631579,0.7340669495384038,0.4642081614228871,0.01916624082546285,2.6129032258064515,0.6790123456790124,0.16265060240963855,0.317736658253211,0.37983072304076426,0.033565535059759684,0.26951722024049707,0.3605478892252473,B,GLW,SuperTrend (calm-tuned)
3914,0.7112927950945325,0.6910434438598572,0.3949869026458452,0.04120217084252568,1.3548387096774193,0.8571428571428571,0.3170731707317073,0.500469026343646,0.5372707823517842,0.09744777576848172,0.2996343177288749,0.3605478892252473,B,GLW,Online directional-change (calm-tuned)
3925,0.8672611464968153,0.680739600360523,0.40567528269592185,0.22870379445396255,1.5454545454545454,0.7647058823529411,0.35673076923076924,0.4014689439185889,0.4676765703822736,0.49527142105546607,0.7744972727003162,0.676276679174744,B,SPY,MODEL calm
3925,0.849936305732484,0.7075954957877353,0.40497105324984023,0.1984153261061094,1.8181818181818181,0.775,0.32426470588235295,0.42489237737931096,0.5585464168291281,0.42575692825051964,0.7719571263426388,0.676276679174744,B,SPY,Crypto model C
3925,0.8170700636942675,0.6891498653322106,0.3409745262051902,0.05406110233994475,1.9090909090909092,0.7142857142857143,0.29814814814814816,0.3930464196243869,0.61826808325863,0.10435685013459002,0.5715132776785922,0.676276679174744,B,SPY,EMA cross (calm-tuned)
3925,0.6639490445859872,0.6781426622696674,0.2557094499298777,-0.10095633940621943,4.2727272727272725,0.6063829787234043,0.19592760180995478,0.3015002593637267,0.5445145181231447,-0.2593853150323353,0.37666830665464024,0.676276679174744,B,SPY,SuperTrend (calm-tuned)
3925,0.8596178343949045,0.7006774598136312,0.4129649456665708,0.16853701638967114,1.4545454545454546,0.8125,0.36617647058823527,0.466413806130369,0.5445145181231447,0.36215249984586034,0.6781157362916759,0.676276679174744,B,SPY,Online directional-change (calm-tuned)
1359,0.919793966151582,0.8196045260413778,0.6098941533263058,0.3310631549418436,5.0,0.6,0.05704697986577181,0.21630628721580122,0.2628461545329299,0.3805042677646805,0.5526684869949755,0.6740779923062652,B,ARG-201605,MODEL calm
1359,0.7814569536423841,0.8213655776804039,0.43812176794234503,-0.021581914829411235,7.0,0.5714285714285714,0.04697986577181208,0.17066879685259753,0.24345038496845334,-0.036979758460954006,0.36705302941497586,0.6740779923062652,B,ARG-201605,Crypto model C
1359,0.7615894039735099,0.8219784791169782,0.42923295652123655,-0.6144782488262414,10.5,0.5714285714285714,0.07904370444109052,0.2351276065390514,0.8363359985384737,-0.7396153000774199,-0.04812236136842916,0.6740779923062652,B,ARG-201605,EMA cross (calm-tuned)
1359,0.6681383370125092,0.7018220644517167,0.2591048713411638,-0.26605441635680865,13.5,0.5185185185185185,0.07377412414501783,0.19698909690597088,0.240880762598362,-0.3349930856612907,0.20857296358093713,0.6740779923062652,B,ARG-201605,SuperTrend (calm-tuned)
1359,0.9036055923473142,0.8222835431804315,0.5732394248789214,0.2832580167701669,2.0,0.75,0.14093959731543623,0.26618119682354935,0.3707570018346015,0.32932718343734285,0.5565910969418545,0.6740779923062652,B,ARG-201605,Online directional-change (calm-tuned)
726,0.6556473829201102,0.6397048016152365,0.2874187680483426,-0.46311984128605643,3.75,0.6666666666666666,0.059063722107200366,0.3891333529740304,0.3966946785130285,-0.8909738551989002,-0.6886225938850498,-0.1605126151358304,B,JNY-201404,MODEL calm
726,0.6652892561983471,0.6884055728751672,0.38921655347547823,-0.20165319292203998,2.5,0.7,0.09981554677206851,0.5240571716479225,0.5470644481310065,-0.39010753776502866,-0.5453998125347294,-0.1605126151358304,B,JNY-201404,Crypto model C
726,0.6432506887052342,0.6547238703788225,0.3088807686579511,-0.27243721244203484,3.5,0.6428571428571429,0.1269828722002635,0.5400936798706036,0.5292364688953128,-0.5276424104387062,-0.6243860740929605,-0.1605126151358304,B,JNY-201404,EMA cross (calm-tuned)
726,0.6336088154269972,0.6323248419961476,0.26252588267079974,-0.3238666772192463,4.25,0.6470588235294118,0.04712301587301587,0.3068620003173952,0.3631787076516047,-0.6277286508378215,-0.6118625942408421,-0.1605126151358304,B,JNY-201404,SuperTrend (calm-tuned)
726,0.7369146005509641,0.735887954575343,0.46877742369952424,-0.2666723931228885,1.5,0.8333333333333334,0.11436100131752305,0.6074301828549512,0.6129238616271098,-0.5103343803818949,-0.5308567398295821,-0.1605126151358304,B,JNY-201404,Online directional-change (calm-tuned)
3905,0.7856594110115237,0.6928249033378048,0.4437815499990791,-0.11387916062457484,1.8571428571428572,0.7307692307692307,0.15143160127253447,0.48551799303282306,0.45387478691995214,-0.2538782050593579,-0.060728554652312604,0.15340958341674493,B,D,MODEL calm
3905,0.7759282970550576,0.7259488676714274,0.4560477856471726,-0.18161718066755156,2.2142857142857144,0.7096774193548387,0.21673189823874756,0.4985640135895645,0.4621386352796363,-0.39873119285725755,-0.16406586419685687,0.15340958341674493,B,D,Crypto model C
3905,0.704225352112676,0.6718393434861516,0.3283114079403508,-0.18689717155541968,2.3214285714285716,0.6923076923076923,0.24848329488165427,0.5488817290377928,0.5549730316614699,-0.41057555271608087,-0.1775739698796166,0.15340958341674493,B,D,EMA cross (calm-tuned)
3905,0.6717029449423816,0.6738664878087273,0.3198191939594412,-0.29379984244300045,2.6785714285714284,0.68,0.197736748064324,0.43061917159526575,0.3993632822804659,-0.6374500048308671,-0.3685168996664954,0.15340958341674493,B,D,SuperTrend (calm-tuned)
3905,0.753393085787452,0.7125108498382388,0.41771321034228,-0.18497524443147256,1.7142857142857142,0.7708333333333334,0.2253136933987998,0.4907592068979153,0.5108946465856338,-0.40147507211683553,-0.16697372273223418,0.15340958341674493,B,D,Online directional-change (calm-tuned)
3821,0.7597487568699294,0.7140231164472285,0.44803571865957437,-0.21060748583489636,2.111111111111111,0.6842105263157895,0.22328086164043082,0.5038042788118635,0.37472079646405654,-0.5680236254297358,-0.16599792318728115,0.2876579767078204,B,ED,MODEL calm
3821,0.7427375032713949,0.7396292358868792,0.46125340263783154,-0.19377408463674345,1.8888888888888888,0.75,0.2375,0.4798668113004765,0.4855118641691428,-0.5218734310974522,-0.16050219942408864,0.2876579767078204,B,ED,Crypto model C
3821,0.7050510337607956,0.6956668700627927,0.37742858078858366,-0.14422494265957703,1.6666666666666667,0.7166666666666667,0.29964539007092195,0.5302731347752654,0.49598711323361633,-0.39158298780189943,-0.07740846211216205,0.2876579767078204,B,ED,EMA cross (calm-tuned)
3821,0.6848992410363779,0.6946342435767159,0.36978858953192956,-0.12053886044665917,2.138888888888889,0.7142857142857143,0.18181818181818182,0.39752062143937417,0.480528154979781,-0.33657623395542297,-0.03397000686948211,0.2876579767078204,B,ED,SuperTrend (calm-tuned)
3821,0.7110704004187386,0.7174538259298973,0.41433511259043077,-0.17548108946479116,1.5555555555555556,0.8035714285714286,0.2638888888888889,0.4785118149169445,0.5017622836649847,-0.47063972365793644,-0.12969799212401278,0.2876579767078204,B,ED,Online directional-change (calm-tuned)
3944,0.7540567951318459,0.7174847148860555,0.4659083476161048,0.028218818013920476,3.4705882352941178,0.6271186440677966,0.2,0.4327393890785776,0.38717903480179,0.042932777932089786,-0.021166131588543715,-0.07369604980647569,B,VFC,MODEL calm
3944,0.7814401622718052,0.7668652183688565,0.536354642863952,0.014391213223488457,3.235294117647059,0.6545454545454545,0.2079646017699115,0.3465790101213573,0.33285774859480566,0.017855971469683242,-0.0423739508201801,-0.07369604980647569,B,VFC,Crypto model C
3944,0.7834685598377282,0.7841706067448926,0.5574286261438142,0.16678888353839336,2.411764705882353,0.6341463414634146,0.2222222222222222,0.38683155770586813,0.41260554916435666,0.3037811012329376,0.19464508207876388,-0.07369604980647569,B,VFC,EMA cross (calm-tuned)
3944,0.7053752535496958,0.714527619649667,0.4176074426180724,0.020666439019583805,4.176470588235294,0.6197183098591549,0.18505338078291814,0.29558150246469256,0.26845370990740486,0.026938634604311885,-0.04166979625785834,-0.07369604980647569,B,VFC,SuperTrend (calm-tuned)
3944,0.7748478701825557,0.7640954872934513,0.52631212466095,-0.016175679031514945,3.0,0.6666666666666666,0.12790697674418605,0.3330446539952397,0.34922932680446767,-0.03838271183108976,-0.08159982935992366,-0.07369604980647569,B,VFC,Online directional-change (calm-tuned)
3929,0.759480783914482,0.6140327505773937,0.26150810280414494,-0.035588678818423446,1.875,0.7666666666666667,0.3633603238866397,0.5415917480377643,0.5244718183323444,-0.11112459989638412,0.2788770976371823,0.5594560612663667,B,IHE,MODEL calm
3929,0.7383558157291932,0.6407718619655517,0.2796923845550905,-0.0013598940738015419,1.875,0.7666666666666667,0.3404605263157895,0.4930771827503927,0.514424093117755,-0.024565565424772742,0.3560441513892709,0.5594560612663667,B,IHE,Crypto model C
3929,0.6813438533978111,0.6142442461708166,0.20936777723287572,-0.011017789646518237,1.625,0.7115384615384616,0.47820512820512817,0.5393594497200742,0.567588516892406,-0.04616845430808057,0.35855265596129016,0.5594560612663667,B,IHE,EMA cross (calm-tuned)
3929,0.6523288368541613,0.6268860451688518,0.22153207840025496,-0.15941635317269245,3.3125,0.6415094339622641,0.2298611111111111,0.3789530433755972,0.4164252536393512,-0.44056391578797566,0.09147302835635115,0.5594560612663667,B,IHE,SuperTrend (calm-tuned)
3929,0.7187579536777806,0.6182660736651002,0.23291017437743688,-0.038115714827470795,1.5625,0.82,0.5051020408163265,0.4878834018147602,0.5227332044241799,-0.11399519977979923,0.2919738683491955,0.5594560612663667,B,IHE,Online directional-change (calm-tuned)
3947,0.7648847225741069,0.6570963551710413,0.3792765431313771,0.07255816172745712,2.391304347826087,0.6909090909090909,0.2054794520547945,0.31256032319831856,0.3658159627178661,0.14477541892330142,0.371334094361372,0.46702339862983117,B,HUBB,MODEL calm
3947,0.7752723587534837,0.7118621240778394,0.4414824013865682,0.005024491918648306,2.652173913043478,0.6885245901639344,0.24358974358974358,0.3095713070336434,0.35655608194645133,-0.0034238274840286665,0.30046784036008134,0.46702339862983117,B,HUBB,Crypto model C
3947,0.7486698758550798,0.6912446043387441,0.3879275016925392,-0.10853251683340903,2.3043478260869565,0.7169811320754716,0.3013698630136986,0.40992549309747917,0.5144590285809438,-0.24840408091840843,0.14546274073286194,0.46702339862983117,B,HUBB,EMA cross (calm-tuned)
3947,0.720800608056752,0.720617828282984,0.40931870360888817,-0.10904674904285101,3.1739130434782608,0.6438356164383562,0.11185682326621924,0.3108515756058236,0.367306886419902,-0.2542406275777592,0.1572399439423735,0.46702339862983117,B,HUBB,SuperTrend (calm-tuned)
3947,0.734481884975931,0.664216776765411,0.3410090872573537,-0.003952578645663771,1.9565217391304348,0.7555555555555555,0.2571428571428571,0.3589376039781979,0.37057741153707113,-0.019173971962749756,0.2920552823545239,0.46702339862983117,B,HUBB,Online directional-change (calm-tuned)
3894,0.7429378531073446,0.6772046041813484,0.41908721254339143,0.07405527830728971,1.72,0.7441860465116279,0.2619047619047619,0.4054550333435619,0.4515564913386804,0.149356857701959,0.30235187996762136,0.3500657843019633,B,TMUS,MODEL calm
3894,0.7475603492552645,0.7077519379844961,0.43768155003889675,-0.003698232714318011,1.72,0.7674418604651163,0.25882352941176473,0.46723749150457666,0.537811313665431,-0.015794803603943475,0.21343380453612346,0.3500657843019633,B,TMUS,Crypto model C
3894,0.7234206471494607,0.6801926239135541,0.3815570723419812,-0.048365844510921956,2.44,0.639344262295082,0.25112107623318386,0.4883464655771712,0.4846820532676054,-0.11398971449593487,0.14558790713603842,0.3500657843019633,B,TMUS,EMA cross (calm-tuned)
3894,0.6915767847971238,0.6772421893352126,0.3483713768599961,-0.011830321005250038,2.52,0.6666666666666666,0.15709969788519637,0.3595630091536853,0.37162686938735906,-0.03675211127742046,0.20583638168004495,0.3500657843019633,B,TMUS,SuperTrend (calm-tuned)
3894,0.711864406779661,0.6701996711299036,0.35741847931290727,-0.03377761010072403,1.16,0.8620689655172413,0.3088235294117647,0.4844154836633794,0.52769814378303,-0.0770967397139594,0.17224685573382645,0.3500657843019633,B,TMUS,Online directional-change (calm-tuned)
3950,0.7222784810126582,0.6860131172446572,0.41309509701557523,-0.03764110360233421,2.5384615384615383,0.6818181818181818,0.21534749034749034,0.4200812604443128,0.38438157946202794,-0.15570102962586868,-0.11030357047591194,-0.014172997636637855,B,TIP,MODEL calm
3950,0.719240506329114,0.7007750568654411,0.4106710012241531,-0.05250704782841736,2.1538461538461537,0.7321428571428571,0.23928571428571427,0.46222751853254906,0.4773225839193237,-0.17752469406775662,-0.13244279166816292,-0.014172997636637855,B,TIP,Crypto model C
3950,0.7048101265822785,0.7039901822240329,0.40251426094265763,0.05602726423962064,2.0,0.7115384615384616,0.2748548199767712,0.45832076652997483,0.44484679000152694,0.06546897286582326,0.038057803066186766,-0.014172997636637855,B,TIP,EMA cross (calm-tuned)
3950,0.7091139240506329,0.7147142511585273,0.42225647188733423,-0.00535299209171245,3.076923076923077,0.65,0.11121951219512194,0.347002107692554,0.3746906720460298,-0.10040694601831206,-0.08811680039203126,-0.014172997636637855,B,TIP,SuperTrend (calm-tuned)
3950,0.6660759493670886,0.6482623151873165,0.3010189297921953,-0.011152073975111684,1.4615384615384615,0.8157894736842105,0.32707641196013293,0.4797653231590946,0.5065343382553007,-0.06664796179406778,-0.05801979470774754,-0.014172997636637855,B,TIP,Online directional-change (calm-tuned)
3929,0.6996691270043268,0.6586473232772327,0.35286070646319107,0.06460591758026735,1.8823529411764706,0.71875,0.15643731532292107,0.4234004728527081,0.4117740753172549,0.16780031956167235,0.2788167102794464,0.2822589519398527,B,LDOS,MODEL calm
3929,0.7279205904810384,0.705872285471024,0.42324559602926504,0.061328060445610406,1.6764705882352942,0.7894736842105263,0.2373225850902577,0.42321250949240125,0.47978380265184606,0.160113503129843,0.2930109053017045,0.2822589519398527,B,LDOS,Crypto model C
3929,0.6721812165945533,0.6598595244921065,0.31886861414505124,-0.09291540699597008,1.3529411764705883,0.8043478260869565,0.3553289726818007,0.5290336932844005,0.5993357243147583,-0.2716440039482107,0.007184690991012049,0.2822589519398527,B,LDOS,EMA cross (calm-tuned)
3929,0.7098498345635021,0.7064321574941057,0.4072858189805901,-0.015140851310701099,2.6176470588235294,0.6853932584269663,0.16570959803117308,0.3624458909755036,0.37803951685681514,-0.06212080774137727,0.17397571343900153,0.2822589519398527,B,LDOS,SuperTrend (calm-tuned)
3929,0.705777551539832,0.6793513852918326,0.3730847976059621,0.04396987446733569,1.5588235294117647,0.7924528301886793,0.21902990216342844,0.42321250949240125,0.40060943246278546,0.11215325455746492,0.25544234073958605,0.2822589519398527,B,LDOS,Online directional-change (calm-tuned)
3912,0.7285276073619632,0.6778977637566654,0.39512434052028894,-0.00907638246030023,1.5714285714285714,0.7818181818181819,0.3125,0.506632872879497,0.4628463295642229,-0.03915117474091862,0.19997956090280952,0.35859677061310685,B,SBAC,MODEL calm
3912,0.7497443762781186,0.7276604595326503,0.46032502367560746,0.08005141702455136,1.3428571428571427,0.851063829787234,0.20491803278688525,0.4864079784967206,0.503137029530767,0.21337112218382542,0.39550931390903155,0.35859677061310685,B,SBAC,Crypto model C
3912,0.7111451942740287,0.6914654233786538,0.3829308467573076,0.08180123948437307,1.1714285714285715,0.7804878048780488,0.38235294117647056,0.5101965279289854,0.5098431227061456,0.21976607950354624,0.3929577215535013,0.35859677061310685,B,SBAC,EMA cross (calm-tuned)
3912,0.7328732106339468,0.731154694435914,0.4511728047158739,-0.01558912862182501,1.9142857142857144,0.746268656716418,0.1875,0.3957904241686202,0.47594682699201324,-0.06043343931951593,0.21713068807238936,0.35859677061310685,B,SBAC,SuperTrend (calm-tuned)
3912,0.685838445807771,0.6428507216840225,0.30347205540213273,0.08257281991781167,0.8285714285714286,0.9310344827586207,0.36283185840707965,0.5058322654580841,0.510548830176147,0.22490831857894025,0.3889782647342868,0.35859677061310685,B,SBAC,Online directional-change (calm-tuned)
3666,0.7250409165302782,0.65770921386306,0.36274263170235876,-0.03701945825172695,2.2666666666666666,0.6764705882352942,0.2430300807043287,0.4613347188337278,0.45902119898732174,-0.11594113510645472,0.08299630902183637,0.24504804130633676,B,VEGI,MODEL calm
3666,0.7236770321876704,0.703960270498732,0.40355327702505006,-0.06542923002783742,2.1666666666666665,0.7076923076923077,0.2474365547295565,0.5225101104310783,0.5018035842782944,-0.18383695963005126,0.044315448541170116,0.24504804130633676,B,VEGI,Crypto model C
3666,0.6696672122204037,0.6499873203719357,0.2943982524812094,-0.17152600398099813,2.2333333333333334,0.7014925373134329,0.36623416743898674,0.5916545984809483,0.6060748185381979,-0.4426446342798293,-0.1460710432968642,0.24504804130633676,B,VEGI,EMA cross (calm-tuned)
3666,0.6633933442444081,0.6697337278106509,0.32529322102022595,0.009827110583236024,3.1333333333333333,0.6595744680851063,0.183446519524618,0.3671364756745895,0.38507062635482225,-0.012001155455135958,0.1885781161334693,0.24504804130633676,B,VEGI,SuperTrend (calm-tuned)
3666,0.7419530823786143,0.7040828402366864,0.42204218799242743,0.04804677582169719,1.6,0.75,0.18654573926660578,0.45162634962912207,0.43887588595774585,0.09847663194460131,0.22947239070794595,0.24504804130633676,B,VEGI,Online directional-change (calm-tuned)
3950,0.7377215189873417,0.6676070158223967,0.37302833318939943,-0.03400191348713663,2.413793103448276,0.6857142857142857,0.18796992481203006,0.4134709771316887,0.40967667725404294,-0.09003656117067908,0.14927128853013624,0.33677722710435604,B,AN,MODEL calm
3950,0.720253164556962,0.7093707837605789,0.4032375393473464,-0.12043404762257194,2.2413793103448274,0.7230769230769231,0.2,0.4830017380777841,0.5012529543176663,-0.28504341755519746,0.034596482341748606,0.33677722710435604,B,AN,Crypto model C
3950,0.7169620253164557,0.6926183793767722,0.3775862783109032,-0.07976810090781995,2.0,0.7241379310344828,0.2,0.41806222820873873,0.5114150229705059,-0.19156557257524864,0.09763437464435412,0.33677722710435604,B,AN,EMA cross (calm-tuned)
3950,0.6713924050632911,0.6632246520587874,0.31159445922586365,-0.3014059763505237,3.1379310344827585,0.6263736263736264,0.10802469135802469,0.42380306522592504,0.43896198197527064,-0.7005452773622692,-0.24998758633834034,0.33677722710435604,B,AN,SuperTrend (calm-tuned)
3950,0.6845569620253165,0.6727108751019113,0.33136663979618824,-0.12643715995157523,1.5517241379310345,0.8,0.24571428571428572,0.5409934571394789,0.572103821361216,-0.2949739204401408,0.028373042641491694,0.33677722710435604,B,AN,Online directional-change (calm-tuned)
3835,0.7616688396349414,0.6744129006297239,0.3673239626207959,-0.08859413790555645,2.4166666666666665,0.7068965517241379,0.2072063492063492,0.41248625423123303,0.41126169468083307,-0.21005414495930577,0.07823860148072777,0.33229931961808207,B,HOLX,MODEL calm
3835,0.7627118644067796,0.7332884271281876,0.4405555725597658,-0.0033438471541339995,2.0,0.75,0.21493930905695613,0.47338901356194774,0.47221935588302455,-0.018994435746589752,0.21816541621418964,0.33229931961808207,B,HOLX,Crypto model C
3835,0.6917861799217732,0.6553818652219245,0.2890640275841059,-0.1642303364988699,2.5833333333333335,0.6774193548387096,0.2894870636086318,0.5002913545338223,0.48418721080276217,-0.3784593772503589,-0.03257325880965473,0.33229931961808207,B,HOLX,EMA cross (calm-tuned)
3835,0.7079530638852672,0.7405214720108854,0.42808759504782296,-0.021613693610606312,2.6666666666666665,0.6875,0.12288603957112855,0.41123162696191284,0.41836351860571686,-0.06327601482093816,0.21249677904772854,0.33229931961808207,B,HOLX,SuperTrend (calm-tuned)
3835,0.6422425032594524,0.5930208359260704,0.17293190793476096,-0.006930613035225752,1.1666666666666667,0.9285714285714286,0.3834398444012226,0.5649957426870225,0.5642649382064563,-0.022097835232536066,0.21951565521287492,0.33229931961808207,B,HOLX,Online directional-change (calm-tuned)
3702,0.7193408968125338,0.7154260189218433,0.45557076653206807,0.08168488748776441,2.12,0.6981132075471698,0.19023809523809523,0.4340655699993045,0.39616929217105923,0.18469037974044705,0.07245185928818788,-0.07687327518596049,B,CPRI,MODEL calm
3702,0.7495948136142626,0.748681034495347,0.49905305844083453,-0.00813316343223009,1.68,0.7619047619047619,0.20344827586206898,0.47679199666063915,0.4779886783013732,-0.024309791905488,-0.07394206239683161,-0.07687327518596049,B,CPRI,Crypto model C
3702,0.7034035656401945,0.7036770407276689,0.4072570388424861,0.039424664181957704,1.6,0.725,0.28735632183908044,0.4943601696449641,0.5066308840848713,0.08731647990764149,0.008363549243362809,-0.07687327518596049,B,CPRI,EMA cross (calm-tuned)
3702,0.6834143706104808,0.6841725599685755,0.36872760526167836,-0.09372267843438936,2.92,0.6438356164383562,0.15662323561346364,0.38795221216019077,0.3609871453290956,-0.22868855355825454,-0.23531381413946378,-0.07687327518596049,B,CPRI,SuperTrend (calm-tuned)
3702,0.7558076715289033,0.7534132476267383,0.5176967724157743,0.0704958931931814,1.64,0.7560975609756098,0.18482758620689654,0.4314875730388333,0.4175392169116667,0.1599803551371546,0.057393238354169526,-0.07687327518596049,B,CPRI,Online directional-change (calm-tuned)
3930,0.721882951653944,0.6651380030196696,0.35622348476574633,0.10783011357577243,1.875,0.7666666666666667,0.24603174603174602,0.45502037070391155,0.39513232423015743,0.2543628731346227,0.24336654857616116,0.11338608046415526,B,LYB,MODEL calm
3930,0.7236641221374046,0.7089965733413912,0.40811993967068416,0.03695838199889985,1.6875,0.7962962962962963,0.24099883855981416,0.5021256525490907,0.5051908224560704,0.08133367553196671,0.1398987324449906,0.11338608046415526,B,LYB,Crypto model C
3930,0.6483460559796438,0.6444766616262572,0.27676842482319786,0.00478178781904759,1.53125,0.7346938775510204,0.34650305007802523,0.5358380472452129,0.49735134570008943,0.0031701083753451656,0.09204003905792511,0.11338608046415526,B,LYB,EMA cross (calm-tuned)
3930,0.6643765903307888,0.6804048096203847,0.34334930435166255,0.07666513892710142,1.9375,0.7580645161290323,0.1983366935483871,0.4095321401534826,0.4368312560761949,0.17749173582728675,0.2468469260268139,0.11338608046415526,B,LYB,SuperTrend (calm-tuned)
3930,0.6391857506361324,0.6029203105243123,0.20528150391548214,0.016843341061834827,1.4375,0.8260869565217391,0.4692562592047128,0.5329572963133171,0.5001460692487691,0.03332232094903272,0.09581408879412362,0.11338608046415526,B,LYB,Online directional-change (calm-tuned)
3905,0.6857874519846351,0.6387541831949867,0.31449432035860375,-0.005025467356770952,2.357142857142857,0.696969696969697,0.22995307794663494,0.4194380556846079,0.4575257392470237,-0.027949362533190726,0.32611714483239856,0.5565708469242043,B,GWW,MODEL calm
3905,0.6998719590268886,0.6747262295450891,0.359676105898973,-0.022176853559536847,2.0714285714285716,0.7413793103448276,0.23724358313575922,0.4806130021477545,0.4628018044298756,-0.06654078984156495,0.32359699553618637,0.5565708469242043,B,GWW,Crypto model C
3905,0.6983354673495519,0.6732313393963245,0.35647254195735245,-0.08006684676234707,2.5,0.6714285714285714,0.31456801470588236,0.4789885678658322,0.4964231821512832,-0.2062914055094768,0.23706715216519286,0.5565708469242043,B,GWW,EMA cross (calm-tuned)
3905,0.6967989756722152,0.6894238786128342,0.37460757197425953,-0.025809598589519755,2.857142857142857,0.675,0.15843891943581162,0.37195876894628094,0.41181068921197406,-0.08049955216147898,0.3416087587696457,0.5565708469242043,B,GWW,SuperTrend (calm-tuned)
3905,0.6640204865556978,0.6369914368345104,0.28219965149272325,-0.028007260278462058,1.5714285714285714,0.8181818181818182,0.29541666666666666,0.5103005227698924,0.47443581836930726,-0.0769141430900744,0.31736115611243193,0.5565708469242043,B,GWW,Online directional-change (calm-tuned)
919,0.8596300326441785,0.6139910813823857,0.22472212490819113,0.11811203926193257,2.0,0.75,0.3717465753424658,0.4592226499241643,0.7837091601106718,0.1896847104011742,0.8687861400186864,1.0270889917619477,B,HSH-201408,MODEL calm
919,0.7845484221980413,0.6945904337208686,0.27548324754176867,0.06617824558539391,2.0,0.75,0.18271555197421435,0.4672629431410934,0.8914306202531048,0.10345749369483839,0.8533716095412068,1.0270889917619477,B,HSH-201408,Crypto model C
919,0.8433079434167573,0.7027459255720125,0.32860903398961594,0.021394434989164483,2.0,0.75,0.23609991941982272,0.5795552210465433,0.9775522419174099,0.02911377019231685,0.7858197816157896,1.0270889917619477,B,HSH-201408,EMA cross (calm-tuned)
919,0.6920565832426551,0.7264028242289112,0.28155264255584955,-0.15456924779114528,3.5,0.6428571428571429,0.16310770883695944,0.36529477491823864,0.6174156632197416,-0.2677749284760667,0.7143895864648222,1.0270889917619477,B,HSH-201408,SuperTrend (calm-tuned)
919,0.6387377584330794,0.6087819185645272,0.13420141054932402,-0.239353203239673,2.5,0.7,0.19641418211120065,0.5691764083776991,0.9601221959302333,-0.405396608580347,0.5103681472485903,1.0270889917619477,B,HSH-201408,Online directional-change (calm-tuned)
2989,0.7527601204416192,0.6903921135322004,0.4140588924925178,0.14132097548010455,1.5172413793103448,0.7727272727272727,0.23684210526315788,0.44542905534973587,0.4228336341237906,0.36124108934184235,0.42006738641628266,0.2673974582139094,B,CFG,MODEL calm
2989,0.747072599531616,0.7311718098836142,0.4498093920829087,0.040981175960438807,1.4827586206896552,0.813953488372093,0.20930232558139536,0.4144531360128353,0.5164322259825137,0.0977966646848668,0.26086089664006257,0.2673974582139094,B,CFG,Crypto model C
2989,0.6487119437939111,0.6208360830422173,0.2349537127342656,0.018147852779421762,1.3448275862068966,0.7692307692307693,0.36231884057971014,0.5649051909390351,0.6166971865889452,0.03873704667498726,0.2428264314674177,0.2673974582139094,B,CFG,EMA cross (calm-tuned)
2989,0.6637671462027434,0.6655077526654518,0.31341562544012325,-0.02097919053040479,2.0,0.7241379310344828,0.22093023255813954,0.45959772498310597,0.47387021512134436,-0.06839149660118939,0.16560534215935646,0.2673974582139094,B,CFG,SuperTrend (calm-tuned)
2989,0.725660756105721,0.6814875975515986,0.370500596614999,0.009248750239206089,1.3793103448275863,0.75,0.19428571428571428,0.4216387854877595,0.515762603395649,0.015128576518095595,0.19862926340853002,0.2673974582139094,B,CFG,Online directional-change (calm-tuned)
3933,0.6809051614543605,0.6345053087965571,0.32258275809104686,-0.0848819092511361,2.6153846153846154,0.6911764705882353,0.2391304347826087,0.38056931721388243,0.3828912288743647,-0.21411383990885854,-0.04714640796939691,0.14113533909700354,B,MXI,MODEL calm
3933,0.7236206458174421,0.6997260837179997,0.41810643072079084,-0.13797681449816113,2.6923076923076925,0.6857142857142857,0.23369565217391303,0.42168143583524087,0.43383581124937176,-0.3356693161592925,-0.13893151436263146,0.14113533909700354,B,MXI,Crypto model C
3933,0.699720315280956,0.6873321728822881,0.3768324801424649,-0.04877058914787783,2.3076923076923075,0.6833333333333333,0.258558871154291,0.42977623130738285,0.4891141579795356,-0.12931734528139663,0.009491172787854614,0.14113533909700354,B,MXI,EMA cross (calm-tuned)
3933,0.680650902618866,0.6818331566849188,0.35837835548100916,-0.10260774420063279,4.384615384615385,0.6052631578947368,0.08301599390708302,0.26912046929019245,0.3145254828547296,-0.26839468409199163,-0.10522420161496189,0.14113533909700354,B,MXI,SuperTrend (calm-tuned)
3933,0.7465039410119502,0.7268869120878241,0.4684345776255598,-0.0379004807854457,1.5384615384615385,0.825,0.2695884881986488,0.508320631634481,0.5066128999674321,-0.09849807990698468,0.030277658703794775,0.14113533909700354,B,MXI,Online directional-change (calm-tuned)
3943,0.7192493025615014,0.6520782259861823,0.3442558076760813,-0.03917133983947692,2.5,0.6714285714285714,0.2515873015873016,0.44710839114226697,0.3885705721325328,-0.11332433906486426,0.004141797484438671,0.11968567566693068,B,IGE,MODEL calm
3943,0.7040324625919351,0.6718816287096734,0.34573400311003527,-0.03152407350622554,2.2857142857142856,0.71875,0.22,0.4031414002718769,0.4511093099712108,-0.09321883968084771,0.018497278896627726,0.11968567566693068,B,IGE,Crypto model C
3943,0.6469693127060614,0.6388971693748098,0.2674820071664043,-0.06279069181698595,2.0714285714285716,0.7068965517241379,0.3426666666666667,0.460069169464977,0.5541675180995655,-0.16758740302194122,-0.03883671805503557,0.11968567566693068,B,IGE,EMA cross (calm-tuned)
3943,0.645194014709612,0.6581436897794983,0.3016777882501074,0.0441728143174204,2.9285714285714284,0.6585365853658537,0.14359649122807017,0.3588245425520102,0.3561672716892931,0.08588049473804643,0.17509535960029368,0.11968567566693068,B,IGE,SuperTrend (calm-tuned)
3943,0.6992137966015725,0.6472297579357852,0.31180968532908054,0.12650735148710213,1.2142857142857142,0.9117647058823529,0.35808510638297875,0.5144662734549774,0.49552833345743036,0.29836324159414435,0.2880979560277872,0.11968567566693068,B,IGE,Online directional-change (calm-tuned)
3918,0.6822358346094947,0.6808284079181912,0.37520133033733466,-0.07600768320749138,2.466666666666667,0.6891891891891891,0.25623321825853473,0.4031605105657097,0.46586164538716085,-0.19293708529859674,-0.1454771506167436,-0.01413658743438971,B,BEN,MODEL calm
3918,0.7011230219499744,0.7008177752759797,0.4023680787950375,-0.044219753413486114,1.9333333333333333,0.7586206896551724,0.26238474761681513,0.4638594993842079,0.4827860164038452,-0.11534495455729087,-0.10002235371712892,-0.01413658743438971,B,BEN,Crypto model C
3918,0.6562021439509954,0.6562693498452012,0.31253393504293836,-0.12294109174543608,2.0,0.7166666666666667,0.3562537947783849,0.5664567017280171,0.5626906340820161,-0.2996965347002574,-0.2617892019889014,-0.01413658743438971,B,BEN,EMA cross (calm-tuned)
3918,0.6993363961204696,0.6996794571097977,0.40005009407545555,0.0328808867476482,2.3666666666666667,0.7183098591549296,0.2488716956802063,0.39639691845398334,0.37002079727263903,0.0620766295907367,0.04054825297556503,-0.01413658743438971,B,BEN,SuperTrend (calm-tuned)
3918,0.6373149566105155,0.6368053601025737,0.2749185918742766,-0.10739837963527568,1.5333333333333334,0.782608695652174,0.3334523036988968,0.54302365021536,0.5623608606660524,-0.26044622636302966,-0.2036341327500914,-0.01413658743438971,B,BEN,Online directional-change (calm-tuned)
3950,0.7526582278481012,0.617437390723028,0.2573144315386542,-0.026360277555251003,1.7741935483870968,0.7090909090909091,0.25842696629213485,0.53217539900325,0.44837647771127276,-0.07849793666167788,0.19736299847616598,0.4116907027096394,B,CMS,MODEL calm
3950,0.719746835443038,0.6607507113716617,0.2962268355019854,-0.13936986164143444,1.967741935483871,0.7213114754098361,0.27631578947368424,0.4967642550414418,0.4673123230728561,-0.340276720251948,0.046600560597779145,0.4116907027096394,B,CMS,Crypto model C
3950,0.6843037974683545,0.5967697584193264,0.1818640085106475,-0.15737949402381307,1.967741935483871,0.6885245901639344,0.5,0.4572012119954709,0.5541224758245389,-0.38177834318039,0.0191753716521039,0.4116907027096394,B,CMS,EMA cross (calm-tuned)
3950,0.6260759493670887,0.6051926560160901,0.18157717573316978,-0.19667717932626264,2.4838709677419355,0.6753246753246753,0.30434782608695654,0.4344782376931166,0.453857324525043,-0.4772755194292896,-0.04935596728064249,0.4116907027096394,B,CMS,SuperTrend (calm-tuned)
3950,0.7215189873417721,0.6544158610168329,0.28785130001352804,-0.23645353031101182,1.5161290322580645,0.723404255319149,0.4032258064516129,0.5299239788361342,0.5040747256940216,-0.5589697078045622,-0.09526345389200687,0.4116907027096394,B,CMS,Online directional-change (calm-tuned)
3910,0.7744245524296676,0.6955111723293541,0.4374924196229079,0.011149797521335833,2.2222222222222223,0.6666666666666666,0.14772727272727273,0.4298968573620546,0.4579932416161402,0.0024293864191519466,0.16475689747905103,0.24678362953964494,B,IXP,MODEL calm
3910,0.7378516624040921,0.7087082950719314,0.40619955787988105,-0.005222135305570196,2.111111111111111,0.7192982456140351,0.15,0.46510192653029464,0.4342699796484744,-0.032231157942577755,0.15685066211938303,0.24678362953964494,B,IXP,Crypto model C
3910,0.7104859335038363,0.7016636057545149,0.3805832870795096,-0.017885447308214484,2.3333333333333335,0.6825396825396826,0.22727272727272727,0.5114519131655354,0.5403569245491486,-0.062074554330541286,0.13871384037541903,0.24678362953964494,B,IXP,EMA cross (calm-tuned)
3910,0.6974424552429668,0.7131986531986532,0.39548436735540826,-0.06211342661242199,3.6666666666666665,0.6363636363636364,0.12631578947368421,0.372702158215544,0.41898614729767303,-0.17176644064681976,0.06151184907725067,0.24678362953964494,B,IXP,SuperTrend (calm-tuned)
3910,0.7107416879795396,0.6603458830731559,0.32150521833805,-0.06392697971841649,1.5185185185185186,0.7804878048780488,0.20136518771331058,0.59779591414188,0.5158318766194395,-0.15455900348636736,0.06397144614405448,0.24678362953964494,B,IXP,Online directional-change (calm-tuned)
2732,0.859809663250366,0.739424901342754,0.535946045495878,0.15371972184225371,2.1666666666666665,0.6923076923076923,0.1483141002524342,0.3510111350291367,0.39553357506403797,0.2902940868593201,0.5006664619700316,0.5490355708851793,B,KSU,MODEL calm
2732,0.8275988286969254,0.7835817473244417,0.5240469192394823,0.22393485358136325,1.6666666666666667,0.8,0.24606918238993714,0.3452493678357038,0.43114902389541265,0.42821980092588996,0.6450282105462537,0.5490355708851793,B,KSU,Crypto model C
2732,0.8151537335285505,0.7678530922157611,0.492729833522468,0.10532033348686033,2.3333333333333335,0.7142857142857143,0.21167557932263814,0.4740382716986922,0.48135120104661944,0.1958862363734824,0.48330198349765985,0.5490355708851793,B,KSU,EMA cross (calm-tuned)
2732,0.7016837481698389,0.7457099759488415,0.401447078124796,-0.06813712170640135,4.166666666666667,0.6,0.09021274019053771,0.24925331974117407,0.3334377333078379,-0.14691958931480273,0.3067717452532245,0.5490355708851793,B,KSU,SuperTrend (calm-tuned)
2732,0.777086383601757,0.6978484162840346,0.37017186988296746,0.19196342747678918,1.1666666666666667,0.9285714285714286,0.2983757062146893,0.4551643993648095,0.5260126296710228,0.36801931810662963,0.5716980068048007,0.5490355708851793,B,KSU,Online directional-change (calm-tuned)
3914,0.696729688298416,0.658043476203801,0.35337708790578015,0.09516480296784446,2.44,0.6885245901639344,0.2823529411764706,0.37988335208755947,0.3602394777178139,0.20437197551111463,0.2566041924502891,0.21139838659050622,B,EWY,MODEL calm
3914,0.7069494123658662,0.6903522894556484,0.38639150011059215,0.04791966349103164,2.28,0.7192982456140351,0.19047619047619047,0.38926585259576896,0.41129355530106804,0.09670230206957865,0.20896777209982537,0.21139838659050622,B,EWY,Crypto model C
3914,0.6647930505876342,0.6573212159062184,0.31224322303437535,0.08250256306987404,1.76,0.75,0.29850746268656714,0.45144047938798093,0.5160333077670367,0.17929506368080164,0.2654783990033341,0.21139838659050622,B,EWY,EMA cross (calm-tuned)
3914,0.6959632089933572,0.7028080690925853,0.39861656743061447,-0.011281511955570573,4.44,0.6126126126126126,0.11764705882352941,0.2888260321483775,0.2821842558129364,-0.052083200202360944,0.12679262715508835,0.21139838659050622,B,EWY,SuperTrend (calm-tuned)
3914,0.6982626469085335,0.6784216794343038,0.3653561951932681,0.03277724326616681,1.56,0.8205128205128205,0.19230769230769232,0.5129916663111772,0.4754046065700837,0.06614656219942044,0.18717407977325842,0.21139838659050622,B,EWY,Online directional-change (calm-tuned)
3854,0.742086144265698,0.6931857271312174,0.41435561991765335,0.16411063847953541,1.6666666666666667,0.7272727272727273,0.21875,0.40331042435305003,0.41788220940492,0.4543371413537394,0.5959789911119303,0.44166990239682996,B,HII,MODEL calm
3854,0.7740010378827192,0.7525796862868821,0.5060784257066929,0.22763250281903916,1.2727272727272727,0.8809523809523809,0.24,0.4489450082313438,0.4568106208969489,0.6380552304083886,0.7725841207958516,0.44166990239682996,B,HII,Crypto model C
3854,0.683445770627919,0.6507794945821227,0.3040558554375885,0.13209005101616694,1.2727272727272727,0.8333333333333334,0.34375,0.4411048908677725,0.5408839978475088,0.36610525072228617,0.5882480377008884,0.44166990239682996,B,HII,EMA cross (calm-tuned)
3854,0.7322262584327971,0.7230991309834666,0.43532154070828377,0.04249009165600337,2.0303030303030303,0.7014925373134329,0.2018348623853211,0.33833174821227985,0.3949018979570721,0.1057891816310249,0.39924051018051304,0.44166990239682996,B,HII,SuperTrend (calm-tuned)
3854,0.7151011935651271,0.6795930783007896,0.36709711020662505,0.11133851714914235,1.4242424242424243,0.8297872340425532,0.26200873362445415,0.4284155843802854,0.4568106208969489,0.3061064388181182,0.5185016418493452,0.44166990239682996,B,HII,Online directional-change (calm-tuned)
3925,0.8680254777070063,0.6821025308241402,0.4144515955350885,0.21538239470110163,1.5,0.7777777777777778,0.2782051282051282,0.40094499864477845,0.43563873531711556,0.48099543211674434,0.7439244454004507,0.64267467336144,B,IWV,MODEL calm
3925,0.8588535031847134,0.715626216742375,0.4331325031760704,0.20764954301973335,1.5833333333333333,0.8157894736842105,0.34509803921568627,0.45392122114629607,0.5281556561298131,0.4623929676652991,0.7672624046618254,0.64267467336144,B,IWV,Crypto model C
3925,0.8198726114649681,0.7064763140817651,0.3695412359474279,0.06412397599456494,1.8333333333333333,0.7272727272727273,0.2792207792207792,0.35857517947769224,0.5646084701455306,0.13100405784453947,0.5755516735608602,0.64267467336144,B,IWV,EMA cross (calm-tuned)
3925,0.7047133757961783,0.7434587929915639,0.35424205017661226,-0.040508421650169185,3.8333333333333335,0.6086956521739131,0.14875201288244766,0.29891816597974735,0.48803259530900245,-0.12646022367758183,0.4640490986799675,0.64267467336144,B,IWV,SuperTrend (calm-tuned)
3925,0.8384713375796178,0.6842375081116159,0.3633153715742961,0.1308932127070427,1.4166666666666667,0.8235294117647058,0.38284313725490193,0.482200276524881,0.5312322181430064,0.2875831167916552,0.6126653798172771,0.64267467336144,B,IWV,Online directional-change (calm-tuned)
3936,0.7898882113821138,0.650192739614818,0.338032368470849,0.05800638553732728,2.272727272727273,0.72,0.28800828800828804,0.392907398437666,0.48661214120540575,0.10591859157334779,0.36308004379099984,0.47446977447563826,B,ROP,MODEL calm
3936,0.7728658536585366,0.6771909617660337,0.3515793666092602,-0.0933820784184217,2.727272727272727,0.6833333333333333,0.28564491064491065,0.4624462153385315,0.543541256977581,-0.2096502204414505,0.1740175784273056,0.47446977447563826,B,ROP,Crypto model C
3936,0.7266260162601627,0.6352876046599331,0.2571422889294191,-0.11571579706842632,2.727272727272727,0.6666666666666666,0.30700694654183025,0.49163208396135905,0.6212252148594133,-0.2557683242317151,0.15053133974503752,0.47446977447563826,B,ROP,EMA cross (calm-tuned)
3936,0.7007113821138211,0.7143110325084387,0.3637596285609957,0.0020236432217209483,3.0,0.6666666666666666,0.22273972602739725,0.40959929506955745,0.5357774947535189,-0.01421157793648626,0.36033090402031787,0.47446977447563826,B,ROP,SuperTrend (calm-tuned)
3936,0.7858231707317073,0.6956347031624159,0.3883267557888855,0.055057130274341004,1.6363636363636365,0.8055555555555556,0.31986013986013984,0.5965218176466949,0.5780072565300014,0.10370655657572424,0.3818464436049793,0.47446977447563826,B,ROP,Online directional-change (calm-tuned)
3932,0.7398270600203459,0.6860314883678557,0.39998372686163747,-0.011622399013187746,2.142857142857143,0.7,0.21841575770411945,0.4849108025282883,0.441386370944832,-0.03954657977329707,0.23135688515946082,0.3860650735800598,B,CRL,MODEL calm
3932,0.7891658189216684,0.7785520228630374,0.5462282319588562,0.0613007021094008,2.0,0.75,0.18823845327604727,0.40638980339069647,0.4594455265620979,0.14042435084657623,0.39537851310455935,0.3860650735800598,B,CRL,Crypto model C
3932,0.7108341810783316,0.6888142583835088,0.37216776568740156,-0.0677307690340334,2.142857142857143,0.6833333333333333,0.29094643826059996,0.4378892014216358,0.4909398614766702,-0.1774559415116578,0.1532802604043522,0.3860650735800598,B,CRL,EMA cross (calm-tuned)
3932,0.7009155645981688,0.7036110039362602,0.3898463263416172,-0.07343968010029156,2.857142857142857,0.675,0.14695314745616556,0.37160257332502755,0.38643525745862195,-0.19512677562828692,0.15493128992843264,0.3860650735800598,B,CRL,SuperTrend (calm-tuned)
3932,0.7583926754832147,0.7291705637536781,0.4623321247697104,-0.019807253227053175,1.9285714285714286,0.7407407407407407,0.17006802721088435,0.4008259047069091,0.4694004261473464,-0.058561024244059554,0.23364443215649372,0.3860650735800598,B,CRL,Online directional-change (calm-tuned)
3348,0.7765830346475507,0.724338641759866,0.4723013468750308,0.11542444914034869,2.090909090909091,0.7391304347826086,0.17354196301564723,0.3330435168990554,0.3463795021365009,0.24879122200064316,0.3054181752162913,0.20755635794280355,B,PXD,MODEL calm
3348,0.7724014336917563,0.7514405189160712,0.49323130910889235,0.05445770470931948,1.9090909090909092,0.7619047619047619,0.1766178266178266,0.3713397318874705,0.4365029582520558,0.11365924848186991,0.2318971880249927,0.20755635794280355,B,PXD,Crypto model C
3348,0.6418757467144564,0.6309363098569908,0.24832872597656297,0.02122177577902992,1.7272727272727273,0.7894736842105263,0.30204021289178,0.37737997852360594,0.4734539890227589,0.040343915430563766,0.19811354608125095,0.20755635794280355,B,PXD,EMA cross (calm-tuned)
3348,0.6923536439665472,0.705676833529061,0.38629910396156636,0.030598503968979816,2.727272727272727,0.6833333333333333,0.14914529914529914,0.328204343646759,0.3875329788961682,0.05721681935744981,0.22133870727820482,0.20755635794280355,B,PXD,SuperTrend (calm-tuned)
3348,0.7574671445639187,0.7251544785047139,0.44904249798360923,0.1307535187764054,1.3636363636363635,0.8666666666666667,0.27155172413793105,0.42395344183406813,0.4637244172181204,0.2858638604897889,0.3537220976310213,0.20755635794280355,B,PXD,Online directional-change (calm-tuned)
3932,0.7833163784333672,0.7078650139718267,0.46810215591944515,0.1467983534951335,1.9230769230769231,0.76,0.19642286809326093,0.4081840620201627,0.4491033019085629,0.33875512679543085,0.4625797340620294,0.40964539071931044,B,NSC,MODEL calm
3932,0.7660223804679552,0.72954706400245,0.4590941280048997,0.07281034593175144,2.076923076923077,0.7407407407407407,0.21886514369933677,0.3805773257381593,0.47860514234886875,0.16093476729522874,0.38326144152117475,0.40964539071931044,B,NSC,Crypto model C
3932,0.724059003051882,0.680718041838922,0.3616709197211609,-0.046378324138377114,2.0,0.75,0.25357142857142856,0.481274597214311,0.5816709819231018,-0.12327356461223526,0.19722074568170925,0.40964539071931044,B,NSC,EMA cross (calm-tuned)
3932,0.7306714140386572,0.7153509464477109,0.41283726418970323,0.07086206728163234,2.769230769230769,0.6666666666666666,0.16274961597542242,0.3497418099020553,0.3945990007216753,0.15198365104591965,0.4106756967334551,0.40964539071931044,B,NSC,SuperTrend (calm-tuned)
3932,0.8067141403865717,0.7685934150589496,0.5464436847285864,0.12686051520388328,1.3846153846153846,0.8611111111111112,0.21886514369933677,0.4517442054774904,0.47719353980622353,0.294439520272982,0.4658596322651232,0.40964539071931044,B,NSC,Online directional-change (calm-tuned)
3940,0.7611675126903553,0.7191124304279541,0.4671499856312808,0.026455258261916918,1.9666666666666666,0.711864406779661,0.22168803418803418,0.44293834891615264,0.4484338192788011,0.05023476215130907,0.30827425132125463,0.48912734976650635,B,GILD,MODEL calm
3940,0.7152284263959391,0.710814941346654,0.4103441253525665,-0.04423294448265225,1.8,0.7777777777777778,0.26873249299719887,0.47033189295438915,0.519852948917976,-0.11950734475153833,0.2336807267942353,0.48912734976650635,B,GILD,Crypto model C
3940,0.6875634517766498,0.6734814534319429,0.3407668279268115,0.10568055856289538,1.5,0.7777777777777778,0.3385391346621293,0.3972354545783925,0.4692548437143495,0.24507451887592308,0.4443736220068034,0.48912734976650635,B,GILD,EMA cross (calm-tuned)
3940,0.6692893401015229,0.6810303627296513,0.3485788901694987,-0.017553005143759418,2.1666666666666665,0.7384615384615385,0.1929590017825312,0.38610877969395013,0.4279313465647437,-0.057560279418585734,0.2857429909621725,0.48912734976650635,B,GILD,SuperTrend (calm-tuned)
3940,0.7477157360406091,0.7356433240445495,0.4647580970946193,0.04141160038062665,1.1333333333333333,0.9117647058823529,0.32275227164036346,0.5174004102331036,0.5234638074915283,0.0922173850408466,0.3601427492668339,0.48912734976650635,B,GILD,Online directional-change (calm-tuned)
2182,0.8373052245646196,0.6297752987541316,0.3032564325400543,0.38149485251890825,1.5,0.7777777777777778,0.2843035343035343,0.4077507995903072,0.37832786359207676,0.9101539093239734,1.1306294197703999,1.110961351301116,B,TSS,MODEL calm
2182,0.8249312557286893,0.7117070302568014,0.39259606232432664,0.2200517718159333,2.1666666666666665,0.7307692307692307,0.22902813299232735,0.3708030148515239,0.3848781440965823,0.5163260630539604,0.9722018905940922,1.110961351301116,B,TSS,Crypto model C
2182,0.7772685609532539,0.595367721840834,0.18478784883543264,0.19907521148462104,1.8333333333333333,0.7272727272727273,0.3909110723626853,0.5393790187876281,0.5162246904422693,0.467787974643135,0.9285389518321707,1.110961351301116,B,TSS,EMA cross (calm-tuned)
2182,0.6741521539871678,0.6127828629544877,0.1739788167840997,0.05044763201625153,3.25,0.6410256410256411,0.2640926640926641,0.41938956425542895,0.4343955781900006,0.10142989769862741,0.8110848421527814,1.110961351301116,B,TSS,SuperTrend (calm-tuned)
2182,0.8735105407882676,0.8047848334604628,0.5641613077566444,0.3275206027829426,0.9166666666666666,0.9090909090909091,0.24406921952012134,0.4273516034035729,0.4296956125395579,0.7832357905756184,1.1003698804849515,1.110961351301116,B,TSS,Online directional-change (calm-tuned)
3932,0.7606815869786369,0.7296679578815433,0.4896080597660966,0.0703983164511424,2.5217391304347827,0.7068965517241379,0.21705426356589147,0.40442500928490666,0.3688456651243107,0.1407369928321663,0.23180252490946476,0.2163016940958243,B,TGT,MODEL calm
3932,0.767293997965412,0.7591622230506168,0.5162375337381659,0.05490944003359923,2.1739130434782608,0.72,0.19745222929936307,0.39403255325640113,0.42728522208793884,0.10870957748826993,0.23219310584766314,0.2163016940958243,B,TGT,Crypto model C
3932,0.7477110885045778,0.746627984246098,0.4857802323727776,0.038806388555194506,2.0869565217391304,0.7291666666666666,0.20392156862745098,0.36690819156716475,0.42841484743765673,0.0740976142069491,0.21520266469017652,0.2163016940958243,B,TGT,EMA cross (calm-tuned)
3932,0.7009155645981688,0.7118473016850624,0.41472980430061024,-0.013155581164931863,3.391304347826087,0.6538461538461539,0.1111111111111111,0.2524932986924894,0.33255834540635154,-0.04547356156682888,0.13961834897630174,0.2163016940958243,B,TGT,SuperTrend (calm-tuned)
3932,0.7507629704984741,0.7385738288573018,0.4783288061416709,0.019306305585044595,1.826086956521739,0.7619047619047619,0.22727272727272727,0.4120076378198351,0.41859988320114916,0.032952117312274654,0.17598802321254053,0.2163016940958243,B,TGT,Online directional-change (calm-tuned)
2096,0.5815839694656488,0.600378350647685,0.22602798606555,-0.5524836803608975,3.4285714285714284,0.625,0.21101287524792417,0.43100973737840287,0.37678299451962977,-1.1484402011800636,-0.47826219669516834,0.36975562572855986,B,BMS,MODEL calm
2096,0.6059160305343512,0.6123527364004471,0.22647509040854114,-0.3099090409767356,2.2857142857142856,0.71875,0.2797719764724841,0.45176127998858795,0.5745592049028465,-0.6464710252837657,-0.19898242588128442,0.36975562572855986,B,BMS,Crypto model C
2096,0.6030534351145038,0.6101485919492845,0.22264080420093665,-0.24132486674201084,2.5714285714285716,0.6666666666666666,0.3780700174142797,0.4729344329059231,0.5150568641846027,-0.5102892015488564,-0.10210660071226335,0.36975562572855986,B,BMS,EMA cross (calm-tuned)
2096,0.6168893129770993,0.6179473790285641,0.2351802284088451,-0.0464384784963368,2.5714285714285716,0.6944444444444444,0.18198473795676873,0.31154436454765566,0.43392302493184326,-0.11655923109990403,0.1874149095602354,0.36975562572855986,B,BMS,SuperTrend (calm-tuned)
2096,0.7132633587786259,0.7167179684494036,0.4327476670402885,-0.12525937452848893,1.1428571428571428,0.8125,0.2347614542505744,0.4974679779858462,0.5656521661115712,-0.2631221132254034,0.07972351983574018,0.36975562572855986,B,BMS,Online directional-change (calm-tuned)
3923,0.7264848330359419,0.6695437946366503,0.3725799736754142,0.05841858449796489,2.48,0.7096774193548387,0.18072289156626506,0.37012290898069716,0.37014425617708546,0.11861336658710539,0.16701579980498368,0.1478190193353874,B,HAS,MODEL calm
3923,0.7789956665816977,0.7589706011707322,0.5176913986470174,0.0284496008906909,2.08,0.7307692307692307,0.23148148148148148,0.3953431415117518,0.38667029894519034,0.05319593590178971,0.13892284982688974,0.1478190193353874,B,HAS,Crypto model C
3923,0.6688758603109864,0.660206452930945,0.31029875175884297,-0.017668630278946874,2.16,0.7037037037037037,0.36752136752136755,0.44655292413701464,0.5228563617586047,-0.05109975522960763,0.07518170645497067,0.1478190193353874,B,HAS,EMA cross (calm-tuned)
3923,0.6859546265613051,0.6957082135692578,0.3750155664924026,-0.035302199661401024,2.88,0.6527777777777778,0.13953488372093023,0.3486157747186153,0.29309941156055175,-0.09456969699525714,0.04093956599922094,0.1478190193353874,B,HAS,SuperTrend (calm-tuned)
3923,0.7178179964313026,0.6958927897533971,0.38885550651411876,-0.07622796586484744,1.84,0.717391304347826,0.31,0.4087600429150159,0.38667029894519034,-0.181311831377665,-0.024024794329665377,0.1478190193353874,B,HAS,Online directional-change (calm-tuned)
3919,0.8384792038785405,0.637622497827329,0.3239700584912442,0.17019076713233655,1.5833333333333333,0.7368421052631579,0.293040293040293,0.4234075560785152,0.4407171590462257,0.36151263940843664,0.6431210774755558,0.5966470164999184,B,DIA,MODEL calm
3919,0.8239346772135749,0.6722243828894363,0.3466705460359112,0.09864524175314639,2.0,0.7291666666666666,0.349640685461581,0.38769577027851715,0.5135470930166722,0.199401666716109,0.5499761343596221,0.5966470164999184,B,DIA,Crypto model C
3919,0.7996937994386323,0.6711298849084597,0.3186176122085384,-0.020918045030652577,2.0833333333333335,0.7,0.3138227513227513,0.421503885274904,0.6357673933089103,-0.06565580429453659,0.3862101130738206,0.5966470164999184,B,DIA,EMA cross (calm-tuned)
3919,0.6909926001531003,0.6947543801525911,0.2964650171669343,-0.05636842452332743,3.75,0.6111111111111112,0.1335978835978836,0.3438006528669968,0.4587252453036922,-0.159541036556409,0.38548351229753747,0.5966470164999184,B,DIA,SuperTrend (calm-tuned)
3919,0.8282725184996172,0.6569916790304846,0.33262669832785713,0.14318497037446332,1.3333333333333333,0.8125,0.41277985074626866,0.4923483617522272,0.5268920078872528,0.30403876564254995,0.5832236350881931,0.5966470164999184,B,DIA,Online directional-change (calm-tuned)
3950,0.6774683544303798,0.5905297532656023,0.20720351697334632,-0.1685530178391172,1.903225806451613,0.711864406779661,0.2716049382716049,0.4837100628174712,0.46951730511252493,-0.3820391025770313,-0.18000078768881417,0.09494058647040472,B,UDR,MODEL calm
3950,0.6751898734177215,0.6244920174165457,0.2531666610237452,-0.25487050209544804,1.967741935483871,0.7540983606557377,0.2654320987654321,0.5069407756007361,0.5671535026294845,-0.5707205825709618,-0.3247968891854675,0.09494058647040472,B,UDR,Crypto model C
3950,0.6265822784810127,0.5955152394775036,0.18527191373025012,-0.17219860739664322,2.032258064516129,0.6825396825396826,0.27927927927927926,0.5335324051295306,0.5551516476538784,-0.39105744007376586,-0.22360521090047547,0.09494058647040472,B,UDR,EMA cross (calm-tuned)
3950,0.660759493670886,0.6705587808417997,0.3211404391121795,-0.15844420696510925,2.3225806451612905,0.7222222222222222,0.2014388489208633,0.44565333492683884,0.48930159936290135,-0.36353477111842947,-0.2172150406107838,0.09494058647040472,B,UDR,SuperTrend (calm-tuned)
3950,0.6425316455696203,0.5952539912917272,0.19050798258345428,-0.2157396225741855,1.1290322580645162,0.8,0.3798076923076923,0.5799734499076823,0.6048134038600244,-0.4784679280250073,-0.26590072552440547,0.09494058647040472,B,UDR,Online directional-change (calm-tuned)
3896,0.6909650924024641,0.6586868311958092,0.3408037635573013,-0.05046248855174112,2.4814814814814814,0.7014925373134329,0.24489795918367346,0.37831774405734625,0.39978036478776535,-0.12747845685163411,-0.09482945513425868,-0.01030162835754224,B,BKR,MODEL calm
3896,0.7204825462012321,0.7066735873672907,0.41669621347504365,-0.003924008264361703,2.037037037037037,0.7454545454545455,0.16326530612244897,0.36153068505020963,0.43953474333275083,-0.018123520231461365,-0.021448746695409544,-0.01030162835754224,B,BKR,Crypto model C
3896,0.688911704312115,0.6875612286728943,0.3698076734108679,0.012683503008005833,1.6666666666666667,0.7111111111111111,0.2679738562091503,0.32311020774348853,0.4514288864408269,0.021845619726432043,0.009683023046590938,-0.01030162835754224,B,BKR,EMA cross (calm-tuned)
3896,0.6542607802874744,0.6593752142235418,0.3131091944958214,0.014511454153066027,2.7037037037037037,0.6712328767123288,0.1782178217821782,0.3667469923546254,0.36832886977893153,0.02144924317359492,0.009521853370452298,-0.01030162835754224,B,BKR,SuperTrend (calm-tuned)
3896,0.6547741273100616,0.643658341342392,0.2865223792181945,-0.10549038310130099,1.8148148148148149,0.7755102040816326,0.2702702702702703,0.41214870032225825,0.46267977241177644,-0.2515311175243537,-0.19744597093678098,-0.01030162835754224,B,BKR,Online directional-change (calm-tuned)
3950,0.7751898734177215,0.711808812909583,0.48522828609280766,-0.014714439719152003,2.2,0.6909090909090909,0.14473684210526316,0.3233151724506854,0.40277311082366096,-0.044798257336776184,0.00875405492586966,0.058558470783300356,B,FIS,MODEL calm
3950,0.7736708860759494,0.7408457572096727,0.4938097676724688,-0.022929249782563537,2.04,0.7058823529411765,0.25,0.4291541925600917,0.45177324742826075,-0.06195583060837934,-0.002377602346667343,0.058558470783300356,B,FIS,Crypto model C
3950,0.7870886075949367,0.7723182649542077,0.5387366892826293,0.18945651598278215,1.56,0.717948717948718,0.25,0.37531487934583346,0.45491914833696734,0.4077971716709724,0.39171643664880657,0.058558470783300356,B,FIS,EMA cross (calm-tuned)
3950,0.7116455696202532,0.7204332552693209,0.4220362389794663,-0.10463970927129772,2.96,0.6486486486486487,0.1951219512195122,0.3788804854131692,0.38525897485396554,-0.24678307075613645,-0.14574808752521085,0.058558470783300356,B,FIS,SuperTrend (calm-tuned)
3950,0.7650632911392405,0.7099449502482525,0.4616202053514443,0.08255208660587664,1.32,0.7878787878787878,0.2786885245901639,0.3606525507001177,0.5305632389282049,0.17398274419788656,0.15484392008654688,0.058558470783300356,B,FIS,Online directional-change (calm-tuned)
3927,0.7792207792207793,0.7046183253175484,0.45403107439597395,0.13042719454585144,2.0,0.7333333333333333,0.21546732837055416,0.3466175595107933,0.3693148698392102,0.348123739862668,0.5771770526392311,0.5696034783167563,B,URI,MODEL calm
3927,0.8013750954927426,0.7656384880996423,0.5344468852024279,0.14618097275378983,1.7333333333333334,0.7884615384615384,0.19535835650293482,0.37585760283052005,0.41001482785148724,0.39242668086354426,0.649332018667564,0.5696034783167563,B,URI,Crypto model C
3927,0.7270180799592564,0.6924019607843137,0.3774491714662341,0.004533742607015519,1.8,0.7407407407407407,0.24932385851407965,0.4369282643745133,0.5382676477523474,0.004561400555542979,0.41427568731718184,0.5696034783167563,B,URI,EMA cross (calm-tuned)
3927,0.7598675833969951,0.7518035516093229,0.4796685779115879,0.05756882023130806,2.6,0.6666666666666666,0.14568099638409,0.31088070318961,0.41147658690195077,0.14615490762852248,0.5394525056978179,0.5696034783167563,B,URI,SuperTrend (calm-tuned)
3927,0.7728545963840081,0.732627327660624,0.4678119022697131,0.13062577395356656,1.2666666666666666,0.868421052631579,0.27513278609367453,0.4286497172886985,0.45577588450387013,0.35187533336068705,0.6154469961286373,0.5696034783167563,B,URI,Online directional-change (calm-tuned)
3929,0.7879867650801731,0.6227552906498603,0.27281244907728386,0.09509597958304739,1.6428571428571428,0.782608695652174,0.3333333333333333,0.5037868144209959,0.4709249376509204,0.21050267096503716,0.5276052248597208,0.6588751080327144,B,XLV,MODEL calm
3929,0.7638075846271316,0.6640938108149921,0.3084414022090847,0.03703042636275794,1.8571428571428572,0.7692307692307693,0.33270046906410544,0.47862387288832803,0.5010562049282583,0.06856268999087449,0.4797508231638599,0.6588751080327144,B,XLV,Crypto model C
3929,0.7108679053194197,0.5968280528617144,0.17781034172111088,0.0013529147917977463,1.7857142857142858,0.76,0.39488636363636365,0.5065997465693846,0.524368189465694,-0.016391760570228894,0.43498368330300746,0.6588751080327144,B,XLV,EMA cross (calm-tuned)
3929,0.6899974548231103,0.6802570616638575,0.2970170804002665,-0.14889975664274432,3.0714285714285716,0.6511627906976745,0.22305140961857378,0.40012509106380856,0.44573100202759514,-0.3918344028661928,0.20346488367464455,0.6588751080327144,B,XLV,SuperTrend (calm-tuned)
3929,0.744209722575719,0.6075011603195153,0.2111322781300067,0.048810867676326294,1.5,0.8095238095238095,0.35972749609113247,0.5404975275288066,0.5229445182224673,0.10084786159687813,0.4854046515635007,0.6588751080327144,B,XLV,Online directional-change (calm-tuned)
3662,0.6649371927908246,0.6866647490115916,0.3773333820795486,0.03885794757694261,2.057142857142857,0.75,0.28,0.4668350967352168,0.4289293413776507,0.09588275751447865,0.11129683491666201,0.07664768698930212,B,SLVP,MODEL calm
3662,0.7304751501911524,0.7295016952886887,0.4548231949007273,-0.018308962263142638,1.8,0.7619047619047619,0.2857142857142857,0.4757675570498218,0.46810761660687483,-0.06101767761362112,0.011191873105015347,0.07664768698930212,B,SLVP,Crypto model C
3662,0.6914254505734572,0.6879707945212187,0.3731566296434064,0.06309032871840356,1.3428571428571427,0.7872340425531915,0.4528301886792453,0.5289251779466677,0.5028641300951529,0.16712131961880883,0.1776656627203228,0.07664768698930212,B,SLVP,EMA cross (calm-tuned)
3662,0.6993446204259968,0.7010373697932605,0.39732502308142015,-0.015833486868147808,2.5142857142857142,0.7045454545454546,0.16666666666666666,0.4386591126192545,0.38303131246869065,-0.05826298378887963,0.013544128774665652,0.07664768698930212,B,SLVP,SuperTrend (calm-tuned)
3662,0.6641179683233206,0.6742034591233461,0.3448624094107664,-0.14577341631499668,1.6571428571428573,0.7413793103448276,0.2463768115942029,0.4747395579381612,0.4636190479756471,-0.41341562632092993,-0.22650516876777896,0.07664768698930212,B,SLVP,Online directional-change (calm-tuned)
2433,0.789560213727908,0.6691141219476944,0.3952227843841456,-0.12150111534883674,2.4285714285714284,0.6176470588235294,0.1663372859025033,0.46860090723524267,0.42594723030204507,-0.262800929874208,0.03553099961558754,0.3224992248356943,B,ETFC,MODEL calm
2433,0.7673653925195232,0.7167952157191755,0.41811252382743486,-0.011260789959490447,1.8571428571428572,0.7692307692307693,0.27593582887700535,0.4212465627350534,0.49802194896453433,-0.030459023309972303,0.2006299818666996,0.3224992248356943,B,ETFC,Crypto model C
2433,0.7163995067817509,0.695370912193007,0.3559587529103447,0.06632005553905483,2.142857142857143,0.6666666666666666,0.487566468564279,0.3873944986646013,0.5671876823275968,0.13046075542899735,0.363590006503777,0.3224992248356943,B,ETFC,EMA cross (calm-tuned)
2433,0.6884504726674887,0.6951629306363883,0.3462905950083649,-0.06762380644828424,3.5714285714285716,0.62,0.16049088526152747,0.26845443386663304,0.4261021132971614,-0.1545677538771556,0.13478825491527674,0.3224992248356943,B,ETFC,SuperTrend (calm-tuned)
2433,0.7069461570078093,0.6843364330810529,0.3354460998554038,0.06997001469585212,0.5714285714285714,1.0,0.32661451208390335,0.4862996456655596,0.5956951636889141,0.1439532711772962,0.3263483005313853,0.3224992248356943,B,ETFC,Online directional-change (calm-tuned)
3903,0.7294388931591084,0.6771956387858419,0.3968892425409079,-0.01700920130944396,1.8181818181818181,0.7333333333333333,0.168141592920354,0.4324002185266678,0.3981438942452341,-0.057566501089273685,0.13972323688144433,0.2949250132166604,B,DLR,MODEL calm
3903,0.7373815014091725,0.7182052759047348,0.437582592983956,-0.0381211496475812,1.696969696969697,0.8035714285714286,0.22123893805309736,0.5112200998544059,0.4741816669240589,-0.11023565693104037,0.1275376389588158,0.2949250132166604,B,DLR,Crypto model C
3903,0.6910069177555727,0.6684689757910998,0.33798953821303623,-0.02054204808427501,1.3333333333333333,0.7954545454545454,0.29357798165137616,0.46554168572349797,0.5105618700318846,-0.0627025283710148,0.15798412144116356,0.2949250132166604,B,DLR,EMA cross (calm-tuned)
3903,0.703561363054061,0.7061170913871686,0.4002978934117737,-0.10782713583812857,2.3636363636363638,0.7051282051282052,0.15862068965517243,0.38601018343873034,0.3749166707543483,-0.292521846131001,0.0017699451427146957,0.2949250132166604,B,DLR,SuperTrend (calm-tuned)
3903,0.7027927235459903,0.6763604816428085,0.3576057467102341,-0.08342128171337626,1.2727272727272727,0.8333333333333334,0.3055555555555556,0.5756707212192397,0.5167112841547227,-0.22183118887525877,0.050827079619329384,0.2949250132166604,B,DLR,Online directional-change (calm-tuned)
3917,0.7725299974470258,0.6977185045577865,0.42884482448656674,0.11452861914984479,1.7333333333333334,0.7884615384615384,0.2890625,0.41345880259295387,0.4277720131438282,0.27657113313359133,0.49216114760124796,0.5036698915565218,B,MTD,MODEL calm
3917,0.7646157773806485,0.7258636808874068,0.44693508584825103,0.023253148406609535,1.8666666666666667,0.7678571428571429,0.15935768926404642,0.4046242416970731,0.44078088406158417,0.045848982014921845,0.3714441883519145,0.5036698915565218,B,MTD,Crypto model C
3917,0.7161092672964003,0.6701586566967215,0.3355279652989725,0.0024100029409745666,1.5333333333333334,0.8043478260869565,0.40009469696969696,0.5041316834288755,0.4801182149838539,-0.004347139712765365,0.35637768617989757,0.5036698915565218,B,MTD,EMA cross (calm-tuned)
3917,0.7278529486852183,0.7191264402425945,0.41197948339042,-0.016669990848587737,2.466666666666667,0.7027027027027027,0.154873384331311,0.3270291864420216,0.46460173005779787,-0.058708699456077595,0.3348051889809778,0.5036698915565218,B,MTD,SuperTrend (calm-tuned)
3917,0.7510850140413582,0.6922792402470554,0.39472485320771034,0.02218426367849281,1.6,0.75,0.295479302832244,0.43366449001017526,0.4246442364183857,0.04497247788126656,0.34850968311624886,0.5036698915565218,B,MTD,Online directional-change (calm-tuned)
3896,0.6871149897330595,0.6230942138779001,0.2737763026832437,-0.15731166520313722,1.9473684210526316,0.7027027027027027,0.3085858585858586,0.4758779226641212,0.4700102357356524,-0.41707948974926384,-0.0728036073685351,0.29502959374500626,B,CL,MODEL calm
3896,0.6719712525667351,0.6538324023183325,0.30123011727716886,-0.18015998497823893,1.6842105263157894,0.796875,0.281524926686217,0.5275629024141792,0.5841174027889017,-0.4707309828961774,-0.12503700712593985,0.29502959374500626,B,CL,Crypto model C
3896,0.6383470225872689,0.613383308224883,0.22324664191258112,-0.1771732489690054,1.5789473684210527,0.7333333333333333,0.3955007256894049,0.5352202188042441,0.5596066272464251,-0.46174689612342934,-0.11062085608402933,0.29502959374500626,B,CL,EMA cross (calm-tuned)
3896,0.6958418891170431,0.7091915655198026,0.4003271616216007,-0.07612045607147412,1.9473684210526316,0.7297297297297297,0.22593619972260748,0.42400213726849856,0.4700102357356524,-0.21522971644231645,0.062212678726336436,0.29502959374500626,B,CL,SuperTrend (calm-tuned)
3896,0.6319301848049281,0.6182530223054656,0.22924765507624137,-0.257502460345074,1.4473684210526316,0.8181818181818182,0.43421658986175116,0.6223814545902812,0.5841174027889017,-0.6601482515690358,-0.2552049170121584,0.29502959374500626,B,CL,Online directional-change (calm-tuned)
3924,0.7724260958205912,0.6172258866032768,0.2995047192172657,0.10040992461666706,1.8461538461538463,0.75,0.24067084460903004,0.43322969421970037,0.4490586950839593,0.21285151000941804,0.5052047341132355,0.5956737963091642,B,AME,MODEL calm
3924,0.7910295616717635,0.6911905624407174,0.4094757326939088,0.0855329563377299,2.0,0.75,0.1748358528019545,0.4053845871580518,0.4628691609811869,0.1783900592507929,0.5119065267801358,0.5956737963091642,B,AME,Crypto model C
3924,0.7387869520897044,0.6468304425609862,0.2960268072930854,-0.010638514154443817,1.9230769230769231,0.72,0.20955315870570107,0.4120418687781583,0.5885051327697552,-0.03698245597544165,0.38559051138884903,0.5956737963091642,B,AME,EMA cross (calm-tuned)
3924,0.699796126401631,0.6523456534567187,0.280419921068796,-0.12352196788593123,3.076923076923077,0.6375,0.13256756756756757,0.3442795654061539,0.48257350017401157,-0.2982878335367742,0.22299000409311362,0.5956737963091642,B,AME,SuperTrend (calm-tuned)
3924,0.7785423037716616,0.6732980367245424,0.37236174390592663,0.12261289799403788,1.3076923076923077,0.8823529411764706,0.29320191599115697,0.4992103377490969,0.4721599937318736,0.2663726390764721,0.5550158107549225,0.5956737963091642,B,AME,Online directional-change (calm-tuned)
3874,0.8133711925658235,0.7349600670158432,0.5016078181713785,0.17909033804411564,1.5517241379310345,0.8,0.2222222222222222,0.37559006179844323,0.4172391269966038,0.4556201198894727,0.5350310222150474,0.4301645018863254,B,AOS,MODEL calm
3874,0.8107898812596799,0.7783851540388431,0.5381173500798491,0.12742216700278577,1.6896551724137931,0.7959183673469388,0.18,0.42951158944495693,0.45355977791238106,0.32002993374127203,0.48213301311005125,0.4301645018863254,B,AOS,Crypto model C
3874,0.7325761486835313,0.6915271858767906,0.3633322810256705,-0.008433809386057508,1.6206896551724137,0.7446808510638298,0.359375,0.45601054700255733,0.5704555563219051,-0.033301783131441665,0.26948513493964504,0.4301645018863254,B,AOS,EMA cross (calm-tuned)
3874,0.756582343830666,0.7695151110966525,0.4872076939311873,-0.002660347789831758,2.6206896551724137,0.6842105263157895,0.16666666666666666,0.40288350811394147,0.3844250754011618,-0.025250070945572203,0.28942539489651564,0.4301645018863254,B,AOS,SuperTrend (calm-tuned)
3874,0.7684563758389261,0.7133385113373889,0.4204062506379243,0.10659061839629057,1.2758620689655173,0.8918918918918919,0.27058823529411763,0.4905581074548803,0.5177460539227876,0.2686419220654816,0.4389156815211824,0.4301645018863254,B,AOS,Online directional-change (calm-tuned)
3830,0.7571801566579635,0.6695324049490359,0.3803545622671295,0.09089606131274908,1.5789473684210527,0.7666666666666667,0.2990915443745632,0.450536089121234,0.44375714496439256,0.265612962301116,0.4913525440577996,0.5207437439801489,B,MPC,MODEL calm
3830,0.7725848563968668,0.7365928514430692,0.46711158933580815,0.10923056406648837,1.5,0.8070175438596491,0.28583933086948066,0.4664101587800213,0.5215961097661875,0.3217368774282492,0.5784755403639888,0.5207437439801489,B,MPC,Crypto model C
3830,0.7140992167101827,0.6769799658586637,0.3436744428410028,0.047698749264865066,1.1842105263157894,0.7777777777777778,0.37151722391084097,0.516383987986393,0.587325924580966,0.13712765878717229,0.4919254544065266,0.5207437439801489,B,MPC,EMA cross (calm-tuned)
3830,0.729242819843342,0.7369411332474346,0.43971718456197045,0.13012984077205203,1.7894736842105263,0.7352941176470589,0.21606060606060606,0.43921087077516996,0.43512779099256904,0.3833370139168985,0.7052959095454366,0.5207437439801489,B,MPC,SuperTrend (calm-tuned)
3830,0.760313315926893,0.696708105181753,0.4104665009073325,0.1747602698088158,1.1578947368421053,0.8636363636363636,0.2913887204366282,0.4560387153764788,0.49015688221704723,0.5228193221513026,0.6619360776283598,0.5207437439801489,B,MPC,Online directional-change (calm-tuned)
3949,0.746771334515067,0.712231095570644,0.45472519875688494,0.01928421968064564,2.2142857142857144,0.7258064516129032,0.1392210033279921,0.33911911672589135,0.3636123881896132,0.032796267834301916,0.15972217936591218,0.2207826199096044,B,FFIV,MODEL calm
3949,0.7870346923271714,0.7802265582708324,0.5567379463146123,0.056703055567793974,1.6428571428571428,0.8043478260869565,0.22284533648170013,0.38613381278592707,0.43956528653875726,0.12263243227936052,0.23900055711936494,0.2207826199096044,B,FFIV,Crypto model C
3949,0.7528488224867055,0.7532607806609435,0.49734445197054805,-0.024040828051575727,1.7857142857142858,0.72,0.23149374540103018,0.35862471701696214,0.4097239644845942,-0.06534655227621212,0.11212489603759837,0.2207826199096044,B,FFIV,EMA cross (calm-tuned)
3949,0.724233983286908,0.7251388848531028,0.44139484102399756,0.042245154285098875,2.5714285714285716,0.6944444444444444,0.13725490196078433,0.3438119642093962,0.3214033954374482,0.0841051753969668,0.2224338095008838,0.2207826199096044,B,FFIV,SuperTrend (calm-tuned)
3949,0.7619650544441631,0.7518070904995442,0.5021637257791125,0.07313153583790344,1.0,0.9285714285714286,0.2711021505376344,0.4319956546069317,0.4176970033296073,0.16419178800922127,0.26533114481682435,0.2207826199096044,B,FFIV,Online directional-change (calm-tuned)
3950,0.7577215189873417,0.7156382477882812,0.46836760868186483,0.06282226214911958,1.8888888888888888,0.7647058823529411,0.2,0.443992010037701,0.37521662560267416,0.12971901799406493,0.11929262740350628,0.04331607236303048,B,KIM,MODEL calm
3950,0.7546835443037975,0.7406580048910927,0.47990237823232723,-0.008104920749017175,1.8148148148148149,0.7755102040816326,0.18,0.43591006324310777,0.4211609764405655,-0.028429356997382405,0.011121015593555463,0.04331607236303048,B,KIM,Crypto model C
3950,0.7088607594936709,0.7068465755672722,0.40398101218815763,0.007277799206946486,1.8148148148148149,0.7346938775510204,0.2830188679245283,0.427059348171046,0.436327758572721,0.005965613063132243,0.04408196402787816,0.04331607236303048,B,KIM,EMA cross (calm-tuned)
3950,0.7075949367088608,0.7138442292494536,0.415343618322157,0.006194377749595226,2.7037037037037037,0.6712328767123288,0.14,0.32449063026819625,0.3727856752853107,-0.0015056968733264248,0.03523259015757976,0.04331607236303048,B,KIM,SuperTrend (calm-tuned)
3950,0.6762025316455696,0.6499797862825325,0.30376937969177437,-0.18001531255380165,1.4444444444444444,0.7948717948717948,0.29545454545454547,0.4989930890234512,0.5160644854222675,-0.4108890495146777,-0.2634895868274001,0.04331607236303048,B,KIM,Online directional-change (calm-tuned)
3926,0.825522159959246,0.6962810258783091,0.4157420167125428,0.1274154636629622,2.272727272727273,0.7,0.2043135435992579,0.3262967027149395,0.3959286893188636,0.254591380562387,0.41363664033407105,0.3882183060443751,B,IWM,MODEL calm
3926,0.8099847172694855,0.7415201440988862,0.44792104140479344,0.10102166095709422,2.3636363636363638,0.7115384615384616,0.1760770975056689,0.33294874820839304,0.3673814123559409,0.19823351348833587,0.39870438477339104,0.3882183060443751,B,IWM,Crypto model C
3926,0.7501273560876209,0.6845560531447268,0.3258025395968017,-0.007930332843512179,2.3636363636363638,0.6730769230769231,0.2359355801298929,0.33430321926850903,0.5653137524314997,-0.03182572997187312,0.26367750865480344,0.3882183060443751,B,IWM,EMA cross (calm-tuned)
3926,0.7086092715231788,0.7354145321743728,0.3807953970241728,-0.10323568258182528,3.727272727272727,0.6341463414634146,0.15046296296296297,0.31857378266281405,0.425311879054068,-0.24174567607719633,0.11531808474579859,0.3882183060443751,B,IWM,SuperTrend (calm-tuned)
3926,0.7694854814060113,0.6763063092838021,0.32733225061279414,0.07297624859029253,1.6363636363636365,0.7777777777777778,0.33974358974358976,0.5100466009458169,0.47662275514281355,0.14365779717429852,0.36230305255692474,0.3882183060443751,B,IWM,Online directional-change (calm-tuned)
3908,0.7773797338792221,0.7428493491569399,0.5191641955575247,0.1638649273527449,2.0,0.7272727272727273,0.14329710144927538,0.33587045595394716,0.37940781237443405,0.2660724040507527,0.22038182558702282,0.12698933578357272,B,ODP,MODEL calm
3908,0.7704708290685772,0.7506923818238751,0.5096228619086868,0.18623261195561355,1.6363636363636365,0.8055555555555556,0.17166416791604197,0.41941725558904996,0.4406606939456926,0.3035326861527035,0.24852690783258427,0.12698933578357272,B,ODP,Crypto model C
3908,0.6985670419651996,0.6956341736618812,0.3834434383723774,0.09309459593647486,2.0,0.75,0.24758522727272725,0.4941356010104405,0.54146322281169,0.149604847352362,0.16061611393938752,0.12698933578357272,B,ODP,EMA cross (calm-tuned)
3908,0.7336233367451381,0.7370119506166835,0.4628938284642307,0.0421617357098878,2.6363636363636362,0.6896551724137931,0.08655043586550436,0.2838296178943223,0.3050498950592621,0.06466856933643918,0.21680174107750785,0.12698933578357272,B,ODP,SuperTrend (calm-tuned)
3908,0.789150460593654,0.7614469971729872,0.5460226972528237,0.008384657134490853,1.1818181818181819,0.8846153846153846,0.15259603208104686,0.39490890218485064,0.4525284269679327,0.011689875538962531,0.1382566644651981,0.12698933578357272,B,ODP,Online directional-change (calm-tuned)
3901,0.7395539605229429,0.7137547222412799,0.4497105127697896,-0.13350629097980773,2.259259259259259,0.6885245901639344,0.23076923076923078,0.524879320019636,0.42402316492906433,-0.2946884641653619,-0.2160637513580897,-0.035188916438981505,B,CNX,MODEL calm
3901,0.7226352217380159,0.7226801530283873,0.439090397952748,-0.14807548023898687,2.3333333333333335,0.7142857142857143,0.22627737226277372,0.428169705599506,0.4882752922440584,-0.3262388943064337,-0.2572526835394389,-0.035188916438981505,B,CNX,Crypto model C
3901,0.7195590874134837,0.7243298746217034,0.44106976910927054,-0.06420101564210079,1.8148148148148149,0.6938775510204082,0.16371681415929204,0.4788485783518097,0.45316631101227606,-0.14427527285237007,-0.14442743326089788,-0.035188916438981505,B,CNX,EMA cross (calm-tuned)
3901,0.6993078697769802,0.7001466630946975,0.3941625046786349,-0.1571222232164307,2.8518518518518516,0.6623376623376623,0.13157894736842105,0.41766037203632245,0.38949721582283703,-0.34752522839613104,-0.26875670651914263,-0.035188916438981505,B,CNX,SuperTrend (calm-tuned)
3901,0.6536785439630863,0.6463712386783278,0.29022235947578806,-0.16018299878685938,1.7407407407407407,0.7659574468085106,0.375,0.5500583320740285,0.5507186232571437,-0.3502115764937385,-0.26874967522993976,-0.035188916438981505,B,CNX,Online directional-change (calm-tuned)
3317,0.7018390111546579,0.6628396507706853,0.34995487083311905,-0.03781352440729165,2.2962962962962963,0.7096774193548387,0.25,0.4380772778947689,0.4295899907146914,-0.11243474074008147,0.04444926560305159,0.17856366621476025,B,NWSA,MODEL calm
3317,0.7033463973470003,0.6945009013974531,0.38445860121948916,0.05614272651014671,1.6666666666666667,0.8,0.23487544483985764,0.4362001917355782,0.4680333079379017,0.13056556552993392,0.23039770602785686,0.17856366621476025,B,NWSA,Crypto model C
3317,0.688574012662044,0.6879775397016776,0.36787959465597936,0.0138691781410188,1.6666666666666667,0.7555555555555555,0.2714285714285714,0.49910283142977047,0.5792024199413645,0.023253653274314414,0.16036714339186647,0.17856366621476025,B,NWSA,EMA cross (calm-tuned)
3317,0.6949050346698824,0.6959938528904046,0.38319712194221833,0.014608385864642004,2.074074074074074,0.7321428571428571,0.16806722689075632,0.4392006858540274,0.43604437368588345,0.02220991826897394,0.15438247052440232,0.17856366621476025,B,NWSA,SuperTrend (calm-tuned)
3317,0.7374133252939403,0.71820975958907,0.4416356249386064,0.1064189616964621,1.4814814814814814,0.775,0.16666666666666666,0.37206510630089823,0.4099623390519198,0.2595543534835432,0.3051256688314924,0.17856366621476025,B,NWSA,Online directional-change (calm-tuned)
3947,0.7334684570559918,0.6410187310873121,0.297275112958519,-0.047174049698816806,2.1,0.7301587301587301,0.3251336898395722,0.46730764263375135,0.47189406106515774,-0.12451323276364029,-0.018648801287279748,0.09470858397956858,B,PPL,MODEL calm
3947,0.6947048391183177,0.669573410039376,0.3132236056197569,-0.05316980475551548,2.0,0.75,0.28796791443850267,0.43897682376170155,0.4885648595916038,-0.1370283097622124,-0.02856371749128612,0.09470858397956858,B,PPL,Crypto model C
3947,0.6161641753230301,0.5926334878071835,0.16798680841666397,-0.19598994688760538,2.2,0.7121212121212122,0.42967914438502675,0.5071778512308757,0.6164404706175742,-0.4579340629951249,-0.2787458152241124,0.09470858397956858,B,PPL,EMA cross (calm-tuned)
3947,0.6179376741829238,0.6409182194978889,0.25109749846156776,-0.15248413198095245,2.466666666666667,0.6891891891891891,0.23401360544217686,0.39999894773378053,0.48439509465397645,-0.36307670460528685,-0.22006031887376734,0.09470858397956858,B,PPL,SuperTrend (calm-tuned)
3947,0.6645553585001267,0.616890770284566,0.21944722281676846,-0.043740709599601926,1.3,0.8461538461538461,0.45233789718419015,0.5516776694805294,0.5513556711145541,-0.1095550047200365,-0.00995255032836445,0.09470858397956858,B,PPL,Online directional-change (calm-tuned)
3937,0.7574295148590298,0.6816383440923167,0.3899069727675001,0.1100812688823059,2.0,0.75,0.2661290322580645,0.3819685435750536,0.4359257854869547,0.2399120194714974,0.4142685536168447,0.38689567511304696,B,PAYX,MODEL calm
3937,0.7493014986029972,0.7269467083673564,0.4345730415019093,0.11102456303366644,1.7142857142857142,0.7916666666666666,0.282258064516129,0.38589122914117224,0.47556796664333056,0.24431717153051444,0.44755894774241856,0.38689567511304696,B,PAYX,Crypto model C
3937,0.714757429514859,0.6771429891999322,0.3433965345421348,2.8258766581120497e-05,2.0,0.7142857142857143,0.32938508064516125,0.4266365230415136,0.552438012661453,-0.015426594845625514,0.27359123500528165,0.38689567511304696,B,PAYX,EMA cross (calm-tuned)
3937,0.6504953009906019,0.6770650315066171,0.32410374787458235,-0.02768053659617478,2.5,0.6857142857142857,0.1887184633027523,0.36520116339000674,0.44092987201572237,-0.08355872989149564,0.25850734325851604,0.38689567511304696,B,PAYX,SuperTrend (calm-tuned)
3937,0.7165354330708661,0.6693635509267105,0.33375216446434713,0.08053882711919283,1.3571428571428572,0.868421052631579,0.3624379652605459,0.5203874236794909,0.517450992175005,0.1763146788614088,0.3830283007424726,0.38689567511304696,B,PAYX,Online directional-change (calm-tuned)
3914,0.8602452733776188,0.6941803959204502,0.4388119156470713,0.2914191298275421,2.0,0.7222222222222222,0.19040895813047712,0.30737206737374184,0.3310143727275593,0.6245029931761252,0.8895810846477681,0.8883730438670354,B,CTAS,MODEL calm
3914,0.8428717424629535,0.7426336174393895,0.4601147935690146,0.26536328885903754,2.2222222222222223,0.725,0.19,0.26996746683488543,0.3540306146609513,0.5668056857251713,0.9335665698163835,0.8883730438670354,B,CTAS,Crypto model C
3914,0.8352069494123658,0.7080010511162398,0.40921286368554344,0.13928403226964597,1.6666666666666667,0.7333333333333333,0.24025316455696202,0.4421341017159282,0.5256432062200322,0.2949688037679326,0.7489098817504711,0.8883730438670354,B,CTAS,EMA cross (calm-tuned)
3914,0.7606029637199796,0.7184684170037094,0.3563892919886937,0.003966010260737643,4.111111111111111,0.6216216216216216,0.11727140783744558,0.30280965769484797,0.3486692871264805,-0.010543300141744033,0.6098935346360062,0.8883730438670354,B,CTAS,SuperTrend (calm-tuned)
3914,0.832396525293817,0.7107021532649346,0.4085690455120774,0.15778991170321433,1.8888888888888888,0.7058823529411765,0.2170886075949367,0.3104014393628769,0.3460261188105867,0.3341573748853395,0.7719523936632982,0.8883730438670354,B,CTAS,Online directional-change (calm-tuned)
3947,0.8175829744109451,0.7545215539000836,0.5617438298237163,0.08868045227661453,2.391304347826087,0.6909090909090909,0.1836734693877551,0.3552629612509236,0.45834404196131345,0.19692078506279648,0.28481530789333437,0.2602455026566893,B,DECK,MODEL calm
3947,0.8261971117304282,0.7951683596201116,0.5968353134536413,0.07374801409386993,2.130434782608696,0.7346938775510204,0.17,0.390299452628218,0.5391093897392722,0.1632667816299327,0.2829139998124463,0.2602455026566893,B,DECK,Crypto model C
3947,0.8064352672916139,0.7823060809503815,0.5596423027926287,0.08125005055076655,1.8695652173913044,0.6744186046511628,0.1986754966887417,0.432407132234447,0.45252711353347846,0.18153492944304572,0.3114376831064274,0.2602455026566893,B,DECK,EMA cross (calm-tuned)
3947,0.7418292373954902,0.7540320678250777,0.4772485520779161,-0.05815716141471133,3.4347826086956523,0.6455696202531646,0.13,0.3552629612509236,0.4387029980998984,-0.1459178255981508,0.0881796136839361,0.2602455026566893,B,DECK,SuperTrend (calm-tuned)
3947,0.8254370407904738,0.7881237409002769,0.5909411251871338,0.18800214650579405,1.2608695652173914,0.8620689655172413,0.29333333333333333,0.4886284228991983,0.5088745099021452,0.430390124997127,0.43952996500733443,0.2602455026566893,B,DECK,Online directional-change (calm-tuned)
3940,0.7868020304568528,0.6579279107872003,0.39043206064839614,0.1339093233709498,1.75,0.7380952380952381,0.17714851663440329,0.39204639613696535,0.42835962991855514,0.2800339445369993,0.3957305635148321,0.3296549211773364,B,IXG,MODEL calm
3940,0.7779187817258884,0.717168827751488,0.4331611026698164,0.03477341546277309,2.0833333333333335,0.72,0.16974944809996356,0.40960122364923957,0.5000219465663064,0.060483295518955114,0.2782706063861669,0.3296549211773364,B,IXG,Crypto model C
3940,0.7385786802030457,0.6955242907296864,0.3716131736558766,0.11027027385249401,1.9166666666666667,0.7391304347826086,0.2777498323272971,0.4673067913201051,0.532764046247667,0.22704231477884323,0.4566963762856328,0.3296549211773364,B,IXG,EMA cross (calm-tuned)
3940,0.7017766497461929,0.7114451377487545,0.37848364613587177,-0.01603782301865098,4.166666666666667,0.62,0.11468463790010386,0.3364751727573796,0.3120631472326543,-0.06631572124219078,0.22740097998377426,0.3296549211773364,B,IXG,SuperTrend (calm-tuned)
3940,0.7474619289340102,0.6627047419442806,0.3355163128399324,0.015285817389941996,1.3333333333333333,0.8125,0.21539027982326953,0.4651131743436908,0.5270147626139848,0.02346793572588998,0.24755535613829652,0.3296549211773364,B,IXG,Online directional-change (calm-tuned)
2286,0.6872265966754155,0.6532656597767823,0.3206942500384775,0.045949792364842125,1.84,0.717391304347826,0.2589928057553957,0.415530381887515,0.47197117595211335,0.12259332859900615,0.000685386279942167,-0.121718946160195,B,WPX,MODEL calm
2286,0.6824146981627297,0.6836407996413005,0.3584718240769674,0.13025787333595804,1.32,0.8181818181818182,0.25,0.415530381887515,0.43431024846254374,0.3642551167796426,0.20187173556327032,-0.121718946160195,B,WPX,Crypto model C
2286,0.6163604549431321,0.6371007549654428,0.268782052072966,0.08631430623702882,1.0,0.88,0.3237410071942446,0.4270719224804206,0.5449656785560812,0.2407911519305024,0.12738557735686584,-0.121718946160195,B,WPX,EMA cross (calm-tuned)
2286,0.6093613298337708,0.6248451896704247,0.24378235387770525,0.012624450685523194,1.6,0.8,0.2589928057553957,0.4624262719566325,0.46745865873757003,0.02901451772231922,-0.09105129949064629,-0.121718946160195,B,WPX,SuperTrend (calm-tuned)
2286,0.6509186351706037,0.6139917030550046,0.23932509540246827,0.05398624797365087,1.68,0.7142857142857143,0.2589928057553957,0.3321936730931247,0.30378208460343387,0.1460932205954771,0.01803866412777086,-0.121718946160195,B,WPX,Online directional-change (calm-tuned)
3913,0.8632762586250958,0.6811244055836785,0.40290539602890363,0.005054526613648176,2.1666666666666665,0.6538461538461539,0.19020314547837486,0.3745917610068026,0.5227657567659978,-0.006424607560961481,0.2940541709680132,0.4854401127952019,B,IAK,MODEL calm
3913,0.8236647073856376,0.7488020365378856,0.42621566583596177,-0.011898381614119427,2.0,0.75,0.259375,0.4945604060988914,0.6269862971030473,-0.038529241175476084,0.2957466314066446,0.4854401127952019,B,IAK,Crypto model C
3913,0.7786864298492205,0.6871014397475511,0.3108009492892103,-0.011153825446551415,2.3333333333333335,0.6607142857142857,0.2075892857142857,0.43714428168764136,0.5383120969252511,-0.039586882128333764,0.31787531758364396,0.4854401127952019,B,IAK,EMA cross (calm-tuned)
3913,0.7040633784819831,0.7263292646403553,0.3314159426194302,-0.0385953023608398,3.8333333333333335,0.6086956521739131,0.16515151515151516,0.3610971750516898,0.43219419567036443,-0.10494038933638357,0.3062672849673473,0.4854401127952019,B,IAK,SuperTrend (calm-tuned)
3913,0.8106312292358804,0.6820155735250075,0.3287206647795776,0.0522751728065614,1.1666666666666667,0.75,0.36615334207077327,0.693010792062672,0.6685384702196193,0.09406737152686849,0.37275625571039683,0.4854401127952019,B,IAK,Online directional-change (calm-tuned)
2855,0.7295971978984238,0.7192543083496264,0.45994224613985213,0.05895966289388126,1.7391304347826086,0.725,0.176056338028169,0.39345024438236914,0.40745944457042593,0.15622153362716304,0.18775819146450198,0.15156735316873649,B,ETSY,MODEL calm
2855,0.7877408056042031,0.7867629714362415,0.5732940030978539,0.08360233030039356,1.6956521739130435,0.7692307692307693,0.21052631578947367,0.4437970450958331,0.40359043163267927,0.22420716224820728,0.271924813995042,0.15156735316873649,B,ETSY,Crypto model C
2855,0.7285464098073555,0.7284723161209901,0.4559679998778702,0.10778630995026638,1.2608695652173914,0.7931034482758621,0.25316455696202533,0.4555769097034469,0.4415110707610935,0.29237543919458203,0.32251187078744514,0.15156735316873649,B,ETSY,EMA cross (calm-tuned)
2855,0.7106830122591944,0.7096943171533556,0.41892003334995065,-0.0346714193855864,2.260869565217391,0.7307692307692307,0.22794117647058823,0.3989075450345961,0.38497770681248406,-0.10338919538919583,0.03293615417641072,0.15156735316873649,B,ETSY,SuperTrend (calm-tuned)
2855,0.7274956217162872,0.7176139722682532,0.45457955914063514,-0.053488205369982104,1.565217391304348,0.75,0.23529411764705882,0.4101126587593519,0.40359043163267927,-0.15274666166022874,-0.0007388232186120018,0.15156735316873649,B,ETSY,Online directional-change (calm-tuned)
1944,0.7772633744855967,0.6587226113415637,0.3288174555977319,0.006409271689833833,2.0,0.7142857142857143,0.32246464646464645,0.5162836368729679,0.4143776478896937,0.006340950474163121,0.431271597628915,0.7370676182454378,B,ANDV-201809,MODEL calm
1944,0.7505144032921811,0.701320244103131,0.36397715477083714,-0.06872106063803542,2.142857142857143,0.7333333333333333,0.28121212121212125,0.5001373882723061,0.5076918568896189,-0.18348865176945559,0.3537508199150684,0.7370676182454378,B,ANDV-201809,Crypto model C
1944,0.7319958847736625,0.6625311265455208,0.29813364281946,-0.04866735080177546,1.7142857142857142,0.7083333333333334,0.2441860465116279,0.4251358362696295,0.5981141770844253,-0.1308878902381968,0.366752395606228,0.7370676182454378,B,ANDV-201809,EMA cross (calm-tuned)
1944,0.6666666666666666,0.6618989469849126,0.273557770833689,-0.08299565173709272,3.0,0.6666666666666666,0.22647527910685805,0.4025040698180066,0.4322835510898292,-0.22359719113262697,0.35504953357605556,0.7370676182454378,B,ANDV-201809,SuperTrend (calm-tuned)
1944,0.7402263374485597,0.6341502009234916,0.2617495280716924,-0.003100053409436848,1.0,0.9285714285714286,0.384,0.6011834225698137,0.6655626835543297,-0.012696165757703453,0.44887934565446025,0.7370676182454378,B,ANDV-201809,Online directional-change (calm-tuned)
3937,0.7637795275590551,0.6939133444416654,0.43095182142605226,0.05698775109578604,2.0,0.7333333333333333,0.1674107142857143,0.3884583765778403,0.4134825046902141,0.1271622108709634,0.21781871401179892,0.21271295298120044,B,TFX,MODEL calm
3937,0.7576835153670307,0.7279710678441969,0.45276415745003395,-0.01665793902289545,1.8666666666666667,0.7678571428571429,0.17267080745341615,0.4585740008751432,0.48887154428650326,-0.05365685414693984,0.11067050646885547,0.21271295298120044,B,TFX,Crypto model C
3937,0.7244094488188977,0.6978565968344776,0.38771857333863935,-0.009234003216824526,1.8333333333333333,0.7454545454545455,0.30817162186220404,0.49604668895571935,0.5390689443901869,-0.035111131417063575,0.1334706563058977,0.21271295298120044,B,TFX,EMA cross (calm-tuned)
3937,0.7183134366268733,0.7180493076080332,0.4137663001477427,0.004200162904484695,2.466666666666667,0.6891891891891891,0.13404315999619737,0.4178531938749811,0.39777270083378025,-0.006227562099071347,0.156319438547058,0.21271295298120044,B,TFX,SuperTrend (calm-tuned)
3937,0.8008636017272035,0.7700573793495402,0.5439366744544715,0.11763849405397836,1.3,0.8974358974358975,0.2175728500355366,0.4357864344732161,0.46120147494526736,0.2815271035455241,0.3406812693798395,0.21271295298120044,B,TFX,Online directional-change (calm-tuned)
3895,0.7214377406931964,0.7044162504162504,0.43915547233849916,0.03903539117349266,1.967741935483871,0.7377049180327869,0.1864406779661017,0.41780769724447503,0.400733954155489,0.0884692037491009,-0.0012358975374822379,-0.09032644951998824,B,MUR,MODEL calm
3895,0.7496790757381258,0.741000999000999,0.4915632489562347,0.08102120953700002,1.7096774193548387,0.7924528301886793,0.1864406779661017,0.46240382806653846,0.42398462131056325,0.1931100770939314,0.07206449738733296,-0.09032644951998824,B,MUR,Crypto model C
3895,0.7011553273427471,0.701890775890776,0.40184038550591156,0.04194511872947807,1.3870967741935485,0.7906976744186046,0.275,0.4425731140625133,0.517285390458187,0.09796662913450546,0.006245807799778826,-0.09032644951998824,B,MUR,EMA cross (calm-tuned)
3895,0.7196405648267009,0.7228305028305029,0.44343298833117173,0.05946465672086972,2.3548387096774195,0.6986301369863014,0.14814814814814814,0.35353603160544544,0.34682130779226306,0.13734616526690469,0.036408402393142844,-0.09032644951998824,B,MUR,SuperTrend (calm-tuned)
3895,0.7522464698331194,0.7411222111222111,0.4980167811714849,0.2320982804505152,1.1935483870967742,0.918918918918919,0.2,0.46240382806653846,0.467752305492479,0.5682685522274042,0.32987277808254656,-0.09032644951998824,B,MUR,Online directional-change (calm-tuned)
1640,0.8213414634146341,0.7487957794938451,0.5305436318327134,0.017167835945839434,2.0,0.7,0.19202319663885437,0.3290207387423995,0.46009166486362985,0.02329132893505859,0.1526682996656805,0.22470111078767815,B,MJN-201706,MODEL calm
1640,0.7792682926829269,0.7328541937456992,0.4573086239397365,-0.025789079033412866,2.2,0.7272727272727273,0.26381155147941915,0.36428029763272496,0.3476974333403007,-0.06681023987060875,0.10538763208936051,0.22470111078767815,B,MJN-201706,Crypto model C
1640,0.7792682926829269,0.7713892499426562,0.5048011668470027,0.06644935463134356,1.2,0.75,0.2483175974286862,0.364217233465684,0.4704194593507642,0.1301510256727179,0.2438860368394691,0.22470111078767815,B,MJN-201706,EMA cross (calm-tuned)
1640,0.7378048780487805,0.7503631776129673,0.4537292626070626,-0.09972827159003075,2.8,0.6071428571428571,0.16858287605609268,0.3398109373426683,0.34242985949783744,-0.22340179997753154,0.0009500582028422815,0.22470111078767815,B,MJN-201706,SuperTrend (calm-tuned)
1640,0.7676829268292683,0.7283049162780029,0.4409297356135303,-0.025349514060436368,2.4,0.7083333333333334,0.19637256642404877,0.329517455637269,0.34340489943236546,-0.06711855745268187,0.10870752284719114,0.22470111078767815,B,MJN-201706,Online directional-change (calm-tuned)
3841,0.7675084613381932,0.6594001599413147,0.3724050715019397,0.18910103530209715,1.375,0.8181818181818182,0.3425766283524904,0.4090320372488988,0.4874971000864467,0.49607396408176274,0.6382066686826854,0.5379507236757882,B,ITT,MODEL calm
3841,0.7568341577714137,0.6797991914746069,0.3769059295839753,0.09142372397982954,1.4375,0.8478260869565217,0.3333333333333333,0.46349260224956557,0.545765968208648,0.23447509522816232,0.5121983228032639,0.5379507236757882,B,ITT,Crypto model C
3841,0.7011195001301744,0.632315360980332,0.2643371963594034,0.029992212534126487,1.4375,0.8043478260869565,0.425,0.4764175464253054,0.5675816151887392,0.07035524098844402,0.4271211258787593,0.5379507236757882,B,ITT,EMA cross (calm-tuned)
3841,0.693569382973184,0.6832926465076473,0.33753302933281615,-0.0691172357972008,2.5,0.6875,0.22514071294559101,0.42537897043266215,0.5049860366174213,-0.201622735100804,0.25653934882481444,0.5379507236757882,B,ITT,SuperTrend (calm-tuned)
3841,0.7498047383493882,0.6648738407762165,0.3514954142365324,0.06671540469063389,1.3125,0.8809523809523809,0.3380295375048581,0.5073376924409848,0.5313339883126071,0.16931999410296944,0.4635387450440257,0.5379507236757882,B,ITT,Online directional-change (calm-tuned)
3932,0.7505086469989827,0.7201379138245201,0.4672510455700826,0.04498291145880306,2.142857142857143,0.7166666666666667,0.14746376811594203,0.3492453141833851,0.3539195631033627,0.09790304332408095,0.2556858830890748,0.29540199701445635,B,DLTR,MODEL calm
3932,0.7583926754832147,0.7519312013486203,0.5001294959377712,0.0384226891897774,1.8571428571428572,0.7692307692307693,0.19867149758454106,0.3851973695151681,0.40919799513812427,0.08348141838204975,0.2718060387457103,0.29540199701445635,B,DLTR,Crypto model C
3932,0.6795523906408952,0.6652793183007102,0.33070335528821104,0.008576190172344659,1.5,0.7857142857142857,0.29718887093050106,0.4500065434842804,0.5011626940709752,0.012793197580194772,0.21889849654010565,0.29540199701445635,B,DLTR,EMA cross (calm-tuned)
3932,0.771617497456765,0.7650830586048682,0.5267987631969439,0.10817018241938275,2.5714285714285716,0.6944444444444444,0.11339231699939503,0.2919020333980756,0.29970527802539726,0.24937582793319746,0.40575758580283794,0.29540199701445635,B,DLTR,SuperTrend (calm-tuned)
3932,0.7334689725330621,0.7238463767575802,0.44593882117672173,-0.01586613495438183,1.5714285714285714,0.8181818181818182,0.2252116515999426,0.4182626456733719,0.4243248361960115,-0.04704770349914235,0.17262447016958443,0.29540199701445635,B,DLTR,Online directional-change (calm-tuned)
1084,0.7666051660516605,0.5989611991272176,0.2477353711993861,0.10224914829758967,1.2222222222222223,0.9090909090909091,0.17391304347826086,0.35237335861372676,0.44350325678294134,0.23632781893331217,0.4272942948971876,0.5184021234504979,B,MWV-201507,MODEL calm
1084,0.6632841328413284,0.5711080542643013,0.13292459248017835,-0.035361626647814205,1.4444444444444444,0.8461538461538461,0.2919254658385093,0.4105444197961939,0.5233780700608965,-0.09705264533364415,0.2574863453959662,0.5184021234504979,B,MWV-201507,Crypto model C
1084,0.6614391143911439,0.5261882174366759,0.052593548875633486,-0.2076737682979096,1.7777777777777777,0.75,0.24113475177304963,0.5768161708694882,0.5621341396073943,-0.5150399504929213,0.0020377947195385823,0.5184021234504979,B,MWV-201507,EMA cross (calm-tuned)
1084,0.7232472324723247,0.7332131676311545,0.4041710138707255,-0.02583034592226031,2.111111111111111,0.7368421052631579,0.17391304347826086,0.3179175134766571,0.4288945864405246,-0.0795828517878948,0.2823821995481447,0.5184021234504979,B,MWV-201507,SuperTrend (calm-tuned)
1084,0.6051660516605166,0.4744141922018784,-0.048963875289344067,-0.14091326917764502,1.0,0.8888888888888888,0.594059405940594,0.5768161708694882,0.5486378759835122,-0.34765633145353253,0.10228802574798325,0.5184021234504979,B,MWV-201507,Online directional-change (calm-tuned)
3950,0.7468354430379747,0.6318879842058099,0.2939570598769694,-0.06969411528541276,1.6666666666666667,0.7272727272727273,0.24,0.45256446461765576,0.43953497846709344,-0.1835660044726485,0.10350576487867498,0.3521831524456899,B,XLU,MODEL calm
3950,0.6992405063291139,0.6401274273986057,0.2674577038000505,-0.18158875473293787,2.0303030303030303,0.7164179104477612,0.31521739130434784,0.4576385381831526,0.504760420328338,-0.45109847712507345,-0.06759849306206203,0.3521831524456899,B,XLU,Crypto model C
3950,0.6465822784810127,0.5708464476100107,0.13553300773440358,-0.22537178880614728,1.9090909090909092,0.6984126984126984,0.46153846153846156,0.5067122748828494,0.5314237049575903,-0.5525540129236509,-0.13995117418387665,0.3521831524456899,B,XLU,EMA cross (calm-tuned)
3950,0.6392405063291139,0.6362502848778744,0.24268459256293318,-0.28360178814639414,2.606060606060606,0.6744186046511628,0.25,0.39281628879232805,0.47829974934442926,-0.6980390374505347,-0.2729741718030741,0.3521831524456899,B,XLU,SuperTrend (calm-tuned)
3950,0.7035443037974684,0.6452031183367024,0.2773349265041588,-0.2209879554161919,1.5454545454545454,0.7647058823529411,0.3333333333333333,0.511445703771133,0.5229020347833905,-0.5379259990824136,-0.12814810047735495,0.3521831524456899,B,XLU,Online directional-change (calm-tuned)
2312,0.6466262975778547,0.6712938281082781,0.3366236684794537,-0.20851843302219553,3.388888888888889,0.6557377049180327,0.19033377837116155,0.3549379157102633,0.33484807275499107,-0.5783900163616628,-0.6442073477000716,-0.3913703620209025,B,AKS,MODEL calm
2312,0.6695501730103807,0.6602217341133597,0.31571804131706815,-0.0749896799735952,2.388888888888889,0.7209302325581395,0.24264873489856392,0.3647694407201487,0.39270445464679743,-0.21157820066844413,-0.47023170645857604,-0.3913703620209025,B,AKS,Crypto model C
2312,0.6587370242214533,0.6317506916850102,0.26850395147481926,0.05319271987927471,1.7222222222222223,0.7096774193548387,0.2440086126193597,0.3723301740568991,0.3816534620629899,0.13928255998881492,-0.21832606042788905,-0.3913703620209025,B,AKS,EMA cross (calm-tuned)
2312,0.6846885813148789,0.6760951448964585,0.3470444719799621,-0.11319788680387714,2.8333333333333335,0.6862745098039216,0.17043956043956043,0.3184354351199715,0.37317692516457435,-0.31695977841311923,-0.5386213893764157,-0.3913703620209025,B,AKS,SuperTrend (calm-tuned)
2312,0.6133217993079585,0.5981537163803174,0.19415711647850986,0.009634649746778209,1.6111111111111112,0.8275862068965517,0.38407242596286634,0.4107611920465386,0.41567359170496365,0.021115499829648596,-0.2820873568478922,-0.3913703620209025,B,AKS,Online directional-change (calm-tuned)
3941,0.8155290535397107,0.7167610032840437,0.4573408486430378,0.10455459636648019,1.6923076923076923,0.7272727272727273,0.255,0.42286488916848997,0.5911194796540177,0.22366783108284674,0.39334198832205386,0.400486461740489,B,BNY,MODEL calm
3941,0.7746764780512561,0.7170067997660047,0.40943508992722233,0.039061990517564364,1.8461538461538463,0.75,0.3077295353982301,0.4959720917848597,0.4918467826627082,0.07601752701272081,0.3235924846827899,0.400486461740489,B,BNY,Crypto model C
3941,0.7361075869068764,0.6995795033969869,0.35947241310640654,0.10010964456389711,1.6923076923076923,0.7045454545454546,0.3075032765399738,0.44425252088844014,0.5136551507114192,0.21368445664623245,0.4485452624854677,0.400486461740489,B,BNY,EMA cross (calm-tuned)
3941,0.6967774676478051,0.7253389023069394,0.38368591867555396,-0.07862765861191,3.0,0.6666666666666666,0.23236129314110965,0.4338995820530498,0.43487683376284203,-0.19479910971263203,0.16460234790906592,0.400486461740489,B,BNY,SuperTrend (calm-tuned)
3941,0.7292565338746511,0.6725152835456089,0.3170220614863215,-0.03111905014639943,1.3076923076923077,0.7058823529411765,0.3210038716814159,0.5877360465992681,0.5078655691659949,-0.07781400154083999,0.22178713031579642,0.400486461740489,B,BNY,Online directional-change (calm-tuned)
3950,0.7167088607594937,0.6699288160821177,0.38866569677220264,-0.04637987436729921,2.3214285714285716,0.7076923076923077,0.23683353683353683,0.41749701125810823,0.3932469574401582,-0.1259252520692806,0.08934837597433383,0.26904229852740674,B,PCAR,MODEL calm
3950,0.7336708860759493,0.7118592857587125,0.43396117827838276,-0.06575877759059592,2.0357142857142856,0.7543859649122807,0.21963260619977037,0.4571182450027406,0.45156250976005374,-0.17006366760613403,0.06785949841438578,0.26904229852740674,B,PCAR,Crypto model C
3950,0.6807594936708861,0.656583708126634,0.32068476872591994,-0.08308646609907125,2.0714285714285716,0.7241379310344828,0.35118215699976707,0.4772011878485821,0.500789861317291,-0.21147392341194324,0.04075014648464033,0.26904229852740674,B,PCAR,EMA cross (calm-tuned)
3950,0.6643037974683544,0.6611324334004638,0.31665558237472125,-0.14456311332928123,2.8214285714285716,0.6835443037974683,0.18582089552238806,0.3898881479999012,0.3951026959152853,-0.3627427870006333,-0.0704020826853203,0.26904229852740674,B,PCAR,SuperTrend (calm-tuned)
3950,0.7417721518987341,0.7185594532629,0.4501346414186439,0.02784247539993444,1.25,0.9142857142857143,0.27264534437797205,0.48981907404697356,0.47461978635736946,0.057711509659360914,0.22547789811417365,0.26904229852740674,B,PCAR,Online directional-change (calm-tuned)
3946,0.7904206791687786,0.762424910883246,0.5420734592766882,0.04969993274618563,2.4782608695652173,0.7017543859649122,0.18181818181818182,0.378202882093025,0.35127570218799686,0.10041314402019447,0.1646421948733459,0.1555170124288074,B,BBY,MODEL calm
3946,0.8106943740496706,0.803655162170488,0.600414412546486,0.10666418306025595,1.9565217391304348,0.7555555555555555,0.22727272727272727,0.3958728070158027,0.40129539157077715,0.2279286539246243,0.26374459924918586,0.1555170124288074,B,BBY,Crypto model C
3946,0.7415103902686264,0.7486148395898429,0.4817996635632148,-0.024977338781442978,2.130434782608696,0.7142857142857143,0.24545454545454545,0.4180883662357984,0.46966568138207254,-0.06292769952025803,0.06705322538006844,0.1555170124288074,B,BBY,EMA cross (calm-tuned)
3946,0.6920932589964521,0.7129260550983585,0.41212478181206613,0.004693062560182014,3.4347826086956523,0.6329113924050633,0.0979381443298969,0.2840405465246035,0.32988162458425346,-0.002339115909358424,0.11804795006508406,0.1555170124288074,B,BBY,SuperTrend (calm-tuned)
3946,0.7916877850988343,0.7758441336971351,0.5529428949718219,0.03333569462832482,1.6956521739130435,0.7948717948717948,0.2727272727272727,0.4211238513925355,0.36713077353612117,0.06722161697046253,0.14900280483557946,0.1555170124288074,B,BBY,Online directional-change (calm-tuned)
3921,0.8265748533537363,0.6476056193780834,0.34415124379607853,0.13230572663798676,2.3,0.6739130434782609,0.24200536414276874,0.38497509561412924,0.43575711552737745,0.2535172344411449,0.5368912813020983,0.6598041240742216,B,TDY,MODEL calm
3921,0.8102524866105585,0.7026594794836152,0.38918527620512877,0.1090651919544038,2.4,0.7083333333333334,0.24440298507462688,0.38589950264485484,0.4447439490596986,0.20659603366569468,0.5431453345676336,0.6598041240742216,B,TDY,Crypto model C
3921,0.7768426421831166,0.6762373468580292,0.3229884038132108,0.06246997983416542,2.2,0.6818181818181818,0.27007728494623656,0.4805954948754515,0.48807315607188545,0.11431219872277795,0.4929492461984825,0.6598041240742216,B,TDY,EMA cross (calm-tuned)
3921,0.6375924509053813,0.620125192138683,0.18937051901625282,-0.23722168813619843,4.1,0.6097560975609756,0.22424169475204622,0.4058516386321106,0.35281055812774753,-0.49451819848877815,0.12394635944883743,0.6598041240742216,B,TDY,SuperTrend (calm-tuned)
3921,0.7985207855138995,0.6851098648113978,0.354154314390744,0.2059630105873673,1.3,0.8076923076923077,0.26537918515530456,0.4180302438526232,0.4621109710858148,0.4057434876460187,0.6456367383679993,0.6598041240742216,B,TDY,Online directional-change (calm-tuned)
3947,0.6807702052191538,0.621662221269891,0.3196184297073329,-0.10130777607044072,2.04,0.7450980392156863,0.23140495867768596,0.4955974473254812,0.42159181078005775,-0.25537724083017976,-0.24181866154190523,-0.10817908995916294,B,HYG,MODEL calm
3947,0.7126931846972384,0.6682790557849323,0.3892007700719782,-0.016109857316362095,1.88,0.7659574468085106,0.30275229357798167,0.4047488648298913,0.42690897309749004,-0.07061025234854888,-0.1272659145533058,-0.10817908995916294,B,HYG,Crypto model C
3947,0.7542437294147454,0.7471234178598346,0.49219923495759244,-0.021971976367301027,2.12,0.6792452830188679,0.13903743315508021,0.4776946734303411,0.5447693081281706,-0.0876250803688528,-0.20124254033957228,-0.10817908995916294,B,HYG,EMA cross (calm-tuned)
3947,0.6295920952622245,0.6279995767811704,0.2518147659426383,-0.20253550615275598,4.4,0.6181818181818182,0.07,0.3909023279981187,0.38892246049092166,-0.5166391113811789,-0.5749809270554109,-0.10817908995916294,B,HYG,SuperTrend (calm-tuned)
3947,0.6668355713199898,0.6321993840407057,0.2849141920284222,-0.0688254809244976,1.28,0.84375,0.47058823529411764,0.49914377812565336,0.4728445787773206,-0.1716669767719905,-0.20331267898917238,-0.10817908995916294,B,HYG,Online directional-change (calm-tuned)
3923,0.7675248534284986,0.6945669864592077,0.4294532005080061,-0.017710937374889005,1.8125,0.7413793103448276,0.24673597678916825,0.46585988196605643,0.460886051351523,-0.05446915144873218,0.016370683886737302,0.07868010273227476,B,SWK,MODEL calm
3923,0.7234259495284221,0.6993527435071284,0.385752919302527,0.03656760426689207,1.625,0.8076923076923077,0.323489010989011,0.5496404299475997,0.522442844340712,0.07956764690213783,0.1171613174483574,0.07868010273227476,B,SWK,Crypto model C
3923,0.6793270456283457,0.6690956459478404,0.3195776274466817,-0.07520242133184618,1.5625,0.72,0.40866920935985984,0.5260036597675897,0.5797429538571408,-0.19370259476986051,-0.10013908240327084,0.07868010273227476,B,SWK,EMA cross (calm-tuned)
3923,0.7308182513382615,0.7273894940779716,0.43024736901655014,0.017929101838616984,2.25,0.7222222222222222,0.19567609197931565,0.45285334518712395,0.4601610878811212,0.03009626791349989,0.08464952532917884,0.07868010273227476,B,SWK,SuperTrend (calm-tuned)
3923,0.7343869487637013,0.6999598379076002,0.39439535307361334,0.08494693161648464,1.25,0.875,0.3482142857142857,0.5528753642222918,0.5192055997297043,0.20031320678664233,0.20236665143212879,0.07868010273227476,B,SWK,Online directional-change (calm-tuned)
3066,0.7097195042400521,0.6290686107918422,0.29782204932996914,-0.02636850425442679,1.896551724137931,0.7454545454545455,0.25663716814159293,0.40309018858435397,0.4455242606084442,-0.09073522828354345,-0.04577959639596069,0.023311805090704244,B,REET,MODEL calm
3066,0.700587084148728,0.6689614255220843,0.33483653536945135,0.04393380037979203,1.5862068965517242,0.8043478260869565,0.28,0.4143113471561837,0.4734258361966862,0.08945934631916735,0.08315761077116389,0.023311805090704244,B,REET,Crypto model C
3066,0.6304631441617743,0.6169367618363926,0.22367092490899337,-0.21416867757544172,2.0,0.6896551724137931,0.24721603563474387,0.507911721531704,0.5576277100494699,-0.5628493000572248,-0.4881119207243086,0.023311805090704244,B,REET,EMA cross (calm-tuned)
3066,0.6386170906718852,0.662360195201674,0.3068078495861591,-0.02061881849963036,2.5172413793103448,0.6986301369863014,0.20481927710843373,0.37764404797933004,0.4362038597857429,-0.0844250467861823,-0.058077718499010125,0.023311805090704244,B,REET,SuperTrend (calm-tuned)
3066,0.680365296803653,0.6219327905973278,0.25572834601781086,0.019018927497305195,1.4137931034482758,0.7560975609756098,0.2375,0.39618738697868583,0.3913442066317965,0.029259485292910243,0.0385769508327677,0.023311805090704244,B,REET,Online directional-change (calm-tuned)
3925,0.8690445859872612,0.6852045744529062,0.4239266487727731,0.19691945972524688,1.5,0.7777777777777778,0.2782051282051282,0.39942193234009926,0.43309986034238046,0.4407893718799399,0.715614032764745,0.6466939831830961,B,VTI,MODEL calm
3925,0.855796178343949,0.7177820514004924,0.4331247905771164,0.19866524568700566,1.6666666666666667,0.8,0.32426470588235295,0.4538237228433917,0.5416680848733891,0.443348566573226,0.7586220965341477,0.6466939831830961,B,VTI,Crypto model C
3925,0.8231847133757961,0.7135003023014946,0.3841098323891349,0.061020349846105104,1.9166666666666667,0.717391304347826,0.25765306122448983,0.3629921092202789,0.5590043827802706,0.1237850179366957,0.5721372956912553,0.6466939831830961,B,VTI,EMA cross (calm-tuned)
3925,0.7014012738853503,0.7418173298309473,0.35303932043750963,-0.06333674393523046,3.8333333333333335,0.6086956521739131,0.14392109500805153,0.3143053960824741,0.48280534820485266,-0.1797082646747586,0.41944106544601883,0.6466939831830961,B,VTI,SuperTrend (calm-tuned)
3925,0.8435668789808917,0.6914841309678883,0.3824275027047951,0.13293588321851807,1.4166666666666667,0.8235294117647058,0.35367647058823526,0.47079989079737217,0.5333594993340013,0.2938012283838699,0.6187196186614728,0.6466939831830961,B,VTI,Online directional-change (calm-tuned)
3913,0.7362637362637363,0.6945284423302822,0.4215923385127116,-0.022493734384345966,2.4615384615384617,0.703125,0.24995890185763603,0.4028188574728945,0.41083724341103955,-0.0650297196834485,-0.11098794756741526,-0.09546131786318186,B,DOC,MODEL calm
3913,0.7477638640429338,0.739009199706912,0.4726583531337584,-0.09106281039080355,2.230769230769231,0.7241379310344828,0.2903064623584277,0.39020143019977616,0.4065621834372973,-0.21683648293922037,-0.23472472842430847,-0.09546131786318186,B,DOC,Crypto model C
3913,0.6877076411960132,0.6962962747583769,0.3814045006362953,-0.016533776810073397,2.1538461538461537,0.7142857142857143,0.28707304256437205,0.3892966833099846,0.5250810142826992,-0.049859449977029846,-0.13322208960978868,-0.09546131786318186,B,DOC,EMA cross (calm-tuned)
3913,0.6912854587273192,0.6999598748560729,0.388531522770334,-0.08862477938263598,3.076923076923077,0.6625,0.14632840933418967,0.3189777642717254,0.3757325996640872,-0.21645083834580298,-0.2670257392749583,-0.09546131786318186,B,DOC,SuperTrend (calm-tuned)
3913,0.7521083567595196,0.7338820979828877,0.47111032567315214,-0.010339238134473254,1.3076923076923077,0.8823529411764706,0.3168859649122807,0.49916770727558946,0.4727628221395775,-0.030943700866505424,-0.08334515286589748,-0.09546131786318186,B,DOC,Online directional-change (calm-tuned)
3940,0.8076142131979696,0.7071404199055266,0.4639871194660717,0.12234423147218298,2.3333333333333335,0.6785714285714286,0.25321637426900584,0.35706867309854856,0.4034149692752117,0.27730526987432114,0.5291751165866339,0.5236529732830953,B,IAI,MODEL calm
3940,0.7926395939086295,0.7357530149387416,0.46791232625055384,0.06948631751544455,2.25,0.7037037037037037,0.173430564362714,0.3526771736660498,0.45371512712080786,0.1512851013595033,0.4720135615480968,0.5236529732830953,B,IAI,Crypto model C
3940,0.7545685279187817,0.6952719309469733,0.3814137802539356,0.08201439759537352,1.9166666666666667,0.7391304347826086,0.36744651314715004,0.4173854110718783,0.5015857250571713,0.1835533900156103,0.524281218792824,0.5236529732830953,B,IAI,EMA cross (calm-tuned)
3940,0.7205583756345177,0.7516214292569016,0.44519511392022637,-0.0027651522859283816,3.6666666666666665,0.6363636363636364,0.10414012738853504,0.32483474017182984,0.372215183547152,-0.03125807584876615,0.4201427764184628,0.5236529732830953,B,IAI,SuperTrend (calm-tuned)
3940,0.7763959390862945,0.6906802138980412,0.39893891733178416,0.1136994944800188,1.4166666666666667,0.7941176470588235,0.24521531100478466,0.40093925288286814,0.4672246168107196,0.2628028098576952,0.525159865059554,0.5236529732830953,B,IAI,Online directional-change (calm-tuned)
3947,0.7676716493539397,0.6678742787089683,0.4055063328649345,-0.061328171432492896,2.28,0.7192982456140351,0.2897727272727273,0.454565286669785,0.44835937049043195,-0.1472661373848459,0.11243968386185497,0.32431556040264253,B,SRE,MODEL calm
3947,0.7892069926526476,0.7357351204944789,0.4893030360788148,-0.05097182085064775,2.28,0.7192982456140351,0.23958333333333334,0.41166442820177135,0.4806224814825569,-0.12511782331652999,0.13398510217584259,0.32431556040264253,B,SRE,Crypto model C
3947,0.7187737522168736,0.6881771681004418,0.3642619000039225,-0.0919711093516898,2.6,0.676923076923077,0.3064516129032258,0.45421361376791763,0.5377231670277451,-0.21510748162253152,0.08781543562281462,0.32431556040264253,B,SRE,EMA cross (calm-tuned)
3947,0.701798834557892,0.7065994921144887,0.3845462312092089,-0.14040408281190686,2.88,0.6805555555555556,0.1875,0.35965219396739406,0.4297035332999008,-0.32069862347211026,0.0028557578685692157,0.32431556040264253,B,SRE,SuperTrend (calm-tuned)
3947,0.7210539650367368,0.6342608333308171,0.29708770967578046,-0.06215194418218753,1.64,0.8048780487804879,0.39285714285714285,0.49688687859757097,0.5046722066353231,-0.14453329765588738,0.11614649555522397,0.32431556040264253,B,SRE,Online directional-change (calm-tuned)
3905,0.7152368758002561,0.620997758321702,0.2921807945138415,0.05394491341349299,1.8620689655172413,0.7222222222222222,0.23255813953488372,0.4916338259657167,0.4150176898655842,0.11401356915777429,0.24446484224601472,0.26923045390007,B,RF,MODEL calm
3905,0.6862996158770807,0.6366577845451085,0.2775142107329325,0.011019590290956767,1.8620689655172413,0.7777777777777778,0.2764227642276423,0.522533010655547,0.48169695719671823,0.01554873028388631,0.1965944031635935,0.26923045390007,B,RF,Crypto model C
3905,0.6043533930857875,0.5665101721439749,0.1294610436306157,-0.05883582154049267,2.3793103448275863,0.6666666666666666,0.3275862068965517,0.4986583852516452,0.5714070258309449,-0.147410829977116,0.09504050097919071,0.26923045390007,B,RF,EMA cross (calm-tuned)
3905,0.6852752880921895,0.6835109757644968,0.34770510224551693,0.07484342720915886,2.2758620689655173,0.696969696969697,0.1896551724137931,0.429785966055017,0.46044195672553173,0.15980679471319356,0.3426390603540599,0.26923045390007,B,RF,SuperTrend (calm-tuned)
3905,0.5961587708066581,0.5256629869305925,0.053234752586054174,-0.0513730501304047,1.1379310344827587,0.7878787878787878,0.4634146341463415,0.5540891019836872,0.5219871873783627,-0.12379494534837747,0.10012476808071827,0.26923045390007,B,RF,Online directional-change (calm-tuned)
3907,0.6821090350652674,0.6610373500075543,0.354557789209967,-0.01091734918041441,1.8108108108108107,0.7611940298507462,0.30666666666666664,0.418720378033617,0.454786055071703,-0.03587955516097404,0.16942526625279172,0.3024061030067819,B,SMCI,MODEL calm
3907,0.6844125927821858,0.676824626460165,0.35746340236432805,-0.0218649399058997,1.6486486486486487,0.8032786885245902,0.2463768115942029,0.4864750809517628,0.4884941559307151,-0.06451532077592227,0.16489152804927415,0.3024061030067819,B,SMCI,Crypto model C
3907,0.632966470437676,0.6237080173563161,0.2510701661854517,-0.026241025853927416,1.3783783783783783,0.7843137254901961,0.5111111111111111,0.5386905287388423,0.5304849667270383,-0.07519921990711911,0.1616071171687525,0.3024061030067819,B,SMCI,EMA cross (calm-tuned)
3907,0.7356027642692603,0.7344075447492373,0.467364834182029,0.036163207774151905,1.8108108108108107,0.7611940298507462,0.18,0.4602984906617096,0.42485221685905666,0.08985228855370857,0.2663188106853893,0.3024061030067819,B,SMCI,SuperTrend (calm-tuned)
3907,0.6815971333503967,0.6732306391460734,0.35113628641091355,-0.02123921065854026,1.5405405405405406,0.8245614035087719,0.1925925925925926,0.4468587502853515,0.4720958675759244,-0.06243795789097771,0.16985140023697837,0.3024061030067819,B,SMCI,Online directional-change (calm-tuned)
3939,0.8113734450368114,0.7013649817037169,0.42420323477771,0.1862898516201174,2.0,0.75,0.3019471083987213,0.37625144798279186,0.4333826818445768,0.3907319560415046,0.6130160913516333,0.6066838573348156,B,MCK,MODEL calm
3939,0.8098502157908098,0.7506500539674541,0.47682387237297635,0.1854263883235961,2.1,0.7380952380952381,0.20612627073301232,0.4087018793966616,0.4709670264183796,0.3883879383696886,0.6642220655225927,0.6066838573348156,B,MCK,Crypto model C
3939,0.7654226961157654,0.7084779673637933,0.3837877903827734,0.10869663628939741,1.8,0.7777777777777778,0.503030303030303,0.5580620981641884,0.5180375108865255,0.22492527195424375,0.5618449459932899,0.6066838573348156,B,MCK,EMA cross (calm-tuned)
3939,0.7237877633917238,0.7274944434206716,0.38824211500265554,-0.04008858706539459,3.3,0.6515151515151515,0.17082538970505776,0.3481368781875461,0.36248208747030325,-0.10185428872889142,0.37668503571821715,0.6066838573348156,B,MCK,SuperTrend (calm-tuned)
3939,0.8202589489718203,0.747765145674518,0.4861388646593142,0.2313283160406213,1.4,0.8571428571428571,0.24107142857142858,0.39262953742287476,0.4395973935566354,0.49049771142628945,0.7205845611282857,0.6066838573348156,B,MCK,Online directional-change (calm-tuned)
3915,0.7813537675606641,0.6493588156219047,0.3449673237773307,-0.05433121287608685,2.5454545454545454,0.6785714285714286,0.17085346215781,0.5162959708707271,0.4126149158675143,-0.1196382891073785,0.14734849537361858,0.3644116533394341,B,CCEP,MODEL calm
3915,0.7154533844189016,0.6575553629545776,0.2935866160173298,-0.04118937651231054,2.227272727272727,0.7346938775510204,0.1991758241758242,0.4897243183122972,0.505120148289961,-0.09229945394939901,0.1782124075314309,0.3644116533394341,B,CCEP,Crypto model C
3915,0.6781609195402298,0.625445733691807,0.22865180743789132,-0.08887787425765169,2.590909090909091,0.7017543859649122,0.3733737433471319,0.46659480889283417,0.505120148289961,-0.18715402581982912,0.12588279035866132,0.3644116533394341,B,CCEP,EMA cross (calm-tuned)
3915,0.6827586206896552,0.7029609452384322,0.3515860906551213,-0.025653460150577248,3.227272727272727,0.6619718309859155,0.09500446030330062,0.3740103125288375,0.4175092189465798,-0.06749254444272647,0.24427708091021566,0.3644116533394341,B,CCEP,SuperTrend (calm-tuned)
3915,0.7003831417624521,0.6355313428611857,0.2530815842298308,-0.06182955024671166,1.5909090909090908,0.8285714285714286,0.2779043626200024,0.5566054603419518,0.5545641791281327,-0.12904918588310557,0.15387642021465817,0.3644116533394341,B,CCEP,Online directional-change (calm-tuned)
3923,0.7731328065256181,0.6788763845261558,0.3983250760725845,0.17467700018255147,2.1818181818181817,0.7291666666666666,0.2124682856107285,0.39438464127823913,0.3970467978249891,0.3754335323130961,0.5635461931852918,0.5351105272253273,B,PKG,MODEL calm
3923,0.7532500637267397,0.6973724478011826,0.39325095576101055,0.019183718438028612,2.3636363636363638,0.7115384615384616,0.19020227560050568,0.3892518736403471,0.43504985678889563,0.03019200140256256,0.37105461887798075,0.5351105272253273,B,PKG,Crypto model C
3923,0.7022686719347438,0.6525411957481317,0.2944937698998523,0.07605397168858886,2.1818181818181817,0.6875,0.3309486394839136,0.45397461094951536,0.5402417125571524,0.1570153398176479,0.4838745180275117,0.5351105272253273,B,PKG,EMA cross (calm-tuned)
3923,0.737190925312261,0.7421056987558512,0.4437950715630257,0.05602054928052217,3.0,0.6363636363636364,0.11561398753049607,0.31410350335013126,0.3796533338616487,0.10842983352966874,0.4803912985237775,0.5351105272253273,B,PKG,SuperTrend (calm-tuned)
3923,0.7323476930920214,0.6622542113205223,0.32958009542156524,0.014152083216526392,1.7272727272727273,0.7894736842105263,0.3547280501143482,0.4207870439384078,0.49588886668078047,0.022357772647023686,0.35775137482036506,0.5351105272253273,B,PKG,Online directional-change (calm-tuned)
3934,0.8169801728520589,0.6714472166065103,0.36746762933806054,0.08486649969124285,2.1666666666666665,0.7307692307692307,0.3128040689960194,0.5143993249374752,0.4726527853270661,0.18223497183238366,0.49497580575325656,0.6371525493802945,B,NDAQ,MODEL calm
3934,0.7803762074224707,0.722792576720342,0.3939326770845043,0.0715696195650816,1.9166666666666667,0.7608695652173914,0.40152464494569756,0.5005267384093389,0.5504135922872311,0.15316084750256428,0.5292855069597533,0.6371525493802945,B,NDAQ,Crypto model C
3934,0.7763091001525165,0.6899923809459737,0.3472989403168253,0.08610621949231828,1.8333333333333333,0.75,0.39097744360902253,0.42667919366120177,0.48527067764801723,0.1871743199917005,0.5325263314513747,0.6371525493802945,B,NDAQ,EMA cross (calm-tuned)
3934,0.6659888154550077,0.6429741557650842,0.23164246472146885,-0.24411875671880667,3.5833333333333335,0.627906976744186,0.29520697167755994,0.4117158452442182,0.5152600969845529,-0.5842527738785264,0.037454750900220025,0.6371525493802945,B,NDAQ,SuperTrend (calm-tuned)
3934,0.8055414336553126,0.7116225894019463,0.4022839335548549,0.12319880965334501,1.1666666666666667,0.8928571428571429,0.42669172932330823,0.5669990633768482,0.5449942716226411,0.27668347977680413,0.5884855334558615,0.6371525493802945,B,NDAQ,Online directional-change (calm-tuned)
3950,0.7488607594936709,0.6730861464674415,0.3682390156397485,-0.07294474510158053,1.6857142857142857,0.7288135593220338,0.26373626373626374,0.45518244710799,0.444344199014623,-0.192686073886529,0.04569508470866063,0.2668434208494262,B,SO,MODEL calm
3950,0.72,0.6845093156244235,0.3562598148527064,-0.12557316272583577,1.7428571428571429,0.7704918032786885,0.38461538461538464,0.510038761804132,0.5434050404346289,-0.318587661094329,-0.034819216692435186,0.2668434208494262,B,SO,Crypto model C
3950,0.6503797468354431,0.6102994527454959,0.21026203002356336,-0.12624817719317905,1.5142857142857142,0.7735849056603774,0.46153846153846156,0.5258165701590946,0.5752352513662646,-0.3175063654631688,-0.036071771792892005,0.2668434208494262,B,SO,EMA cross (calm-tuned)
3950,0.6875949367088607,0.7107391010268709,0.3855323561150687,-0.057324826929991086,1.8571428571428572,0.7384615384615385,0.20408163265306123,0.40703090285911536,0.4429677791052691,-0.1575586661741921,0.088696667902777,0.2668434208494262,B,SO,SuperTrend (calm-tuned)
3950,0.6886075949367089,0.6443875668695813,0.27983674266315245,-0.1485587516426766,1.457142857142857,0.803921568627451,0.45454545454545453,0.5719923491851139,0.5561905158748843,-0.36993331655763706,-0.06935024498022176,0.2668434208494262,B,SO,Online directional-change (calm-tuned)
3933,0.7739638952453598,0.6265344451643544,0.2799005412836192,0.08416695534247189,1.8461538461538463,0.7083333333333334,0.19259049773755657,0.45144279089273187,0.4278632425680412,0.17367426726258794,0.46422604745447615,0.5790024664893819,B,IXJ,MODEL calm
3933,0.7490465293668955,0.649325792486871,0.2890886993952771,0.045308640745331114,2.076923076923077,0.7407407407407407,0.19188861985472155,0.40875649545879167,0.4658092715943458,0.08188676277653574,0.4497601066862331,0.5790024664893819,B,IXJ,Crypto model C
3933,0.7312484108822782,0.6451023696840674,0.27130891023376685,0.014912541083407546,1.6923076923076923,0.75,0.375,0.477013105975724,0.5021910909646421,0.016183162692909224,0.4133747521852075,0.5790024664893819,B,IXJ,EMA cross (calm-tuned)
3933,0.6803966437833715,0.6824589967421966,0.3074120994357634,-0.08560034759070104,3.5384615384615383,0.6304347826086957,0.12417461482024944,0.3293530259662726,0.41264150336522515,-0.2344032029832855,0.27277507835352927,0.5790024664893819,B,IXJ,SuperTrend (calm-tuned)
3933,0.745486905669972,0.6281104284610938,0.2554716661502375,0.0028228392533679266,1.6923076923076923,0.7727272727272727,0.26559934318555006,0.4558460948047345,0.4820932288146227,-0.011584682249782421,0.36378199631112373,0.5790024664893819,B,IXJ,Online directional-change (calm-tuned)
3894,0.7966101694915254,0.6586522956316303,0.35657874420579627,0.1031531979369382,1.6,0.7708333333333334,0.4072037914691943,0.4123506494455513,0.5471311454736892,0.25139719662739507,0.6382192151025438,0.77298859946518,B,APH,MODEL calm
3894,0.8020030816640986,0.7158040674252935,0.42967060282122754,0.08665667588023973,1.6,0.8125,0.28424938474159145,0.4919141806267756,0.5422580829438453,0.2093821648499334,0.6545372291821135,0.77298859946518,B,APH,Crypto model C
3894,0.765793528505393,0.6594919630470004,0.32004694246974663,0.058686782479900175,1.4,0.7857142857142857,0.4048341232227488,0.5118440506871409,0.63016305713539,0.13948061160773736,0.6064762092283525,0.77298859946518,B,APH,EMA cross (calm-tuned)
3894,0.7205957883923986,0.7250081581322743,0.38483117214435086,-0.02740548937535207,2.6,0.6794871794871795,0.16462264150943395,0.4094505270877492,0.5115007207794408,-0.08858227908776549,0.5165268971243652,0.77298859946518,B,APH,SuperTrend (calm-tuned)
3894,0.7812018489984591,0.6702221492814164,0.35010437493398944,0.0727490991036602,1.2666666666666666,0.8157894736842105,0.4722222222222222,0.5318965602052441,0.5704566114203073,0.17631371675988397,0.6240654414836252,0.77298859946518,B,APH,Online directional-change (calm-tuned)
3950,0.8230379746835443,0.7491245050136073,0.5538500491150598,0.07508933813222643,2.142857142857143,0.6888888888888889,0.16939890710382513,0.4220987180981481,0.35102058603920216,0.12809600016671369,0.1500061287440667,0.08253012112262327,B,FRT,MODEL calm
3950,0.8162025316455697,0.7881092461024748,0.56803090336264,-0.014755164193970483,2.0476190476190474,0.7441860465116279,0.1778846153846154,0.4215048075012095,0.4014397278433906,-0.037978896657051814,0.033523853146372205,0.08253012112262327,B,FRT,Crypto model C
3950,0.7463291139240507,0.7478099999112338,0.4622194210041116,0.02319012730642573,2.4761904761904763,0.6730769230769231,0.26851851851851855,0.42369990133120466,0.4382953616847607,0.03015199973411956,0.09854824596268724,0.08253012112262327,B,FRT,EMA cross (calm-tuned)
3950,0.6959493670886076,0.717993583733623,0.39988879053760934,-0.05600759916668004,3.142857142857143,0.6515151515151515,0.1590909090909091,0.4090762803233748,0.3858113109984707,-0.12011762248551323,-0.033115237012425955,0.08253012112262327,B,FRT,SuperTrend (calm-tuned)
3950,0.8081012658227849,0.7813605655815457,0.5518880388541669,0.005152745999370717,1.380952380952381,0.8620689655172413,0.2803738317757009,0.4478749956313396,0.45976232898654784,0.002391992603775321,0.06340520879884926,0.08253012112262327,B,FRT,Online directional-change (calm-tuned)
3932,0.7527975584944049,0.6836803364633789,0.40961787071100847,0.0355919695681852,2.1538461538461537,0.7142857142857143,0.20413916391639164,0.364841512531734,0.3818927977559739,0.064203961407553,0.27488157926109463,0.3580413290827584,B,AVY,MODEL calm
3932,0.7624618514750763,0.7224766121328825,0.45467165567410583,0.05398115744912466,1.8461538461538463,0.7708333333333334,0.15739073907390738,0.36943966229169056,0.45930951411811566,0.10633551050871141,0.32906249676309646,0.3580413290827584,B,AVY,Crypto model C
3932,0.7304170905391658,0.701372422552657,0.39878976490992807,0.009167265885103547,2.0,0.7307692307692307,0.20575396825396824,0.35593051579463814,0.5516265318528086,0.007450885043305211,0.27403664042916825,0.3580413290827584,B,AVY,EMA cross (calm-tuned)
3932,0.7151576805696847,0.716120687342618,0.41116969387029717,0.026263291130399824,2.3076923076923075,0.6833333333333333,0.10191317144959529,0.360522743918244,0.3869889606519287,0.042867551590817045,0.3260621048781676,0.3580413290827584,B,AVY,SuperTrend (calm-tuned)
3932,0.7451678535096643,0.6879753530777746,0.40047147273762546,0.07888661232311894,1.3076923076923077,0.8529411764705882,0.23221793221793222,0.4101802329672798,0.4182277082078955,0.16413081344174163,0.3567490963523773,0.3580413290827584,B,AVY,Online directional-change (calm-tuned)
3866,0.7710812209001552,0.6718494894969964,0.39548235260649883,0.07265938928234562,1.96,0.7346938775510204,0.2878787878787879,0.45777272995661605,0.3865831816290627,0.15474510906417904,0.3584993294090796,0.413383241243802,B,TEL,MODEL calm
3866,0.7938437661665805,0.7451608976311932,0.49448306100197603,-0.02841991560749156,2.36,0.6949152542372882,0.16666666666666666,0.39821399059448226,0.416505267830281,-0.07940401871783948,0.21910002343704574,0.413383241243802,B,TEL,Crypto model C
3866,0.727884117951371,0.6690525293399265,0.338105058679853,-0.048149121417963736,2.2,0.7090909090909091,0.29508196721311475,0.42839178476041134,0.5328521708651424,-0.12365856432205428,0.20415316457576257,0.413383241243802,B,TEL,EMA cross (calm-tuned)
3866,0.7387480600103467,0.7586649454604162,0.4727268007233291,-0.13196171047560948,3.4,0.6352941176470588,0.11475409836065574,0.30493550391909974,0.3784485159222453,-0.32307684075498033,0.07204387260879187,0.413383241243802,B,TEL,SuperTrend (calm-tuned)
3866,0.7410760475944128,0.6719653649556159,0.35393166714516366,-0.026747589204757827,1.72,0.7674418604651163,0.3114754098360656,0.4678750599374642,0.4834987470299644,-0.07171693639978431,0.22407208889528257,0.413383241243802,B,TEL,Online directional-change (calm-tuned)
3932,0.7505086469989827,0.6485639759333962,0.32863636396555845,0.009126888974444622,1.8,0.7777777777777778,0.23971861471861472,0.48873493969240234,0.4536102378777712,0.007340248070462204,0.24590438522154737,0.3824674779574036,B,LH,MODEL calm
3932,0.7334689725330621,0.6877579465994728,0.361811303435412,-0.07972193848343062,2.066666666666667,0.7419354838709677,0.23627787307032588,0.49604284285198147,0.5149125940710954,-0.2024467512412704,0.12493041801345794,0.3824674779574036,B,LH,Crypto model C
3932,0.6823499491353001,0.6199871487752511,0.2326270435217775,-0.06113151132406358,1.8666666666666667,0.75,0.36106346483704976,0.5141543973788285,0.5568416633057461,-0.15751355088047167,0.15671632262922675,0.3824674779574036,B,LH,EMA cross (calm-tuned)
3932,0.6856561546286877,0.691173292230121,0.3456341463654238,-0.02531204038094474,2.2666666666666666,0.7205882352941176,0.1893939393939394,0.38171450509924476,0.4248192549556492,-0.07682129543029878,0.2402433689941727,0.3824674779574036,B,LH,SuperTrend (calm-tuned)
3932,0.6497965412004069,0.5778537678160295,0.1512921000233219,-0.10651751129294722,1.4666666666666666,0.8181818181818182,0.3678181818181818,0.584977561206653,0.5890592832027355,-0.2605285216733263,0.08282035859997836,0.3824674779574036,B,LH,Online directional-change (calm-tuned)
3914,0.7662238119570771,0.661244708897455,0.3630265823802914,0.08688253178678336,2.6,0.6730769230769231,0.1760154738878143,0.414952296421936,0.36720328740288805,0.14951388436860027,0.3097396465057307,0.35882824183811896,B,GHC,MODEL calm
3914,0.7171691364333163,0.6663907328242671,0.32018315683707316,0.03504186637645087,2.2,0.7272727272727273,0.23931079894644425,0.5613202275728326,0.576134120803389,0.054872066241614524,0.26920083413765866,0.35882824183811896,B,GHC,Crypto model C
3914,0.7061829330608074,0.6742213676515383,0.32566869584087177,0.08036555292121783,2.5,0.66,0.29939855544694255,0.42510261277459116,0.4201803069172535,0.13785842391637068,0.3578271319106887,0.35882824183811896,B,GHC,EMA cross (calm-tuned)
3914,0.6814001021972407,0.6963714590313737,0.352483157691205,-0.08578354560486486,3.7,0.6351351351351351,0.14430596285434993,0.3786799992563816,0.4136282021374682,-0.17726291566335128,0.1426507598250022,0.35882824183811896,B,GHC,SuperTrend (calm-tuned)
3914,0.6670924885028104,0.6374271981051813,0.2535594278406054,-0.17496647430038487,2.2,0.7045454545454546,0.25811567164179106,0.5731042110532,0.6013344704040076,-0.3361995034372542,0.01552539481111827,0.35882824183811896,B,GHC,Online directional-change (calm-tuned)
3338,0.7702216896345117,0.736066429996387,0.48620599711688883,0.1682529049142308,1.7692307692307692,0.782608695652174,0.24488591660110148,0.4382389264552239,0.3730297780431048,0.4344039028519342,0.2717527394820746,-0.0367301180252414,B,MRO,MODEL calm
3338,0.7423606950269622,0.7318016525031024,0.453160717478029,0.12612023165354722,1.6923076923076923,0.7954545454545454,0.2530487804878049,0.450144184121722,0.4240436039506378,0.3241809945224943,0.2044242942297241,-0.0367301180252414,B,MRO,Crypto model C
3338,0.6965248651887358,0.7072980317619892,0.39685791352391253,0.08048838335059842,1.4615384615384615,0.7631578947368421,0.3139478764478765,0.43931891919511457,0.44069567397023707,0.20540525709121427,0.13589141817925765,-0.0367301180252414,B,MRO,EMA cross (calm-tuned)
3338,0.7291791491911325,0.7415784389186473,0.46270398048906114,0.14444116186427336,2.1538461538461537,0.7142857142857143,0.19948219247284668,0.39994878084282126,0.3570721831563982,0.3704800762483059,0.2524639956953535,-0.0367301180252414,B,MRO,SuperTrend (calm-tuned)
3338,0.706710605152786,0.6861787436578124,0.36761925422357017,0.1118747717048136,1.4615384615384615,0.8421052631578947,0.257183908045977,0.43096663374713307,0.4240436039506378,0.28769852636732707,0.17529716669171458,-0.0367301180252414,B,MRO,Online directional-change (calm-tuned)
3950,0.710632911392405,0.7066841895675449,0.4311501562748766,-0.2408345986416273,2.40625,0.7012987012987013,0.2558441558441558,0.5353225604625742,0.48996445688884355,-0.5835498731234798,-0.4183369875556884,-0.05824509720434236,B,TAP,MODEL calm
3950,0.7240506329113924,0.7240984703554392,0.44803097342431575,-0.17097198028701577,1.90625,0.7704918032786885,0.25822510822510825,0.555048272936662,0.5704251109370879,-0.4156797179632906,-0.33993583708206937,-0.05824509720434236,B,TAP,Crypto model C
3950,0.7554430379746836,0.7564091840253545,0.5133032708878267,-0.04340601109273343,1.65625,0.7169811320754716,0.23009404388714733,0.5687518516299823,0.5369385118138313,-0.11444263041137724,-0.13375894792129442,-0.05824509720434236,B,TAP,EMA cross (calm-tuned)
3950,0.7015189873417722,0.7018624838865944,0.4035865923567133,-0.202053035725582,2.75,0.6590909090909091,0.11284486657620986,0.4027601857826415,0.4086464205121128,-0.4951686253358725,-0.4188050193593297,-0.05824509720434236,B,TAP,SuperTrend (calm-tuned)
3950,0.7131645569620253,0.7125817473089586,0.42557683741201646,-0.18228242158892924,1.59375,0.8235294117647058,0.3232600732600733,0.5552959408344249,0.5866255630047015,-0.43991820206282595,-0.3504910987909374,-0.05824509720434236,B,TAP,Online directional-change (calm-tuned)
3947,0.7177603242969344,0.6625721261455733,0.36691088773145797,0.05099034311444589,2.107142857142857,0.6949152542372882,0.22412016487000636,0.43158436831067437,0.373909454655145,0.12590455930368674,0.42692649782870545,0.5960793139850443,B,AXON,MODEL calm
3947,0.731948315176083,0.7059568437790942,0.4187535539154731,0.07170506496126147,1.9642857142857142,0.7636363636363637,0.2697707542051004,0.41897088095438817,0.40330870724037593,0.1806951490814696,0.4935431086759466,0.5960793139850443,B,AXON,Crypto model C
3947,0.694451482138333,0.6575526132940055,0.3279019991125485,0.0413608405669107,1.9285714285714286,0.7037037037037037,0.2769125281614262,0.472789892858548,0.4767479518679438,0.10131844082435393,0.4379798232345971,0.5960793139850443,B,AXON,EMA cross (calm-tuned)
3947,0.7240942487965544,0.71408028693916,0.4214856369455914,0.06288115459074606,2.6785714285714284,0.68,0.15821566110397944,0.36043708237575867,0.3365195760768806,0.15498293693857274,0.5156324573441453,0.5960793139850443,B,AXON,SuperTrend (calm-tuned)
3947,0.7324550291360526,0.7146572961037463,0.4286124256275584,0.08168784228046971,1.4642857142857142,0.8536585365853658,0.2880116959064327,0.430191262031853,0.446833895673414,0.20865842113485802,0.520926029094279,0.5960793139850443,B,AXON,Online directional-change (calm-tuned)
2125,0.824,0.6609008683496618,0.357892060343754,0.11566802521904097,1.7058823529411764,0.7586206896551724,0.2727272727272727,0.45293219975044824,0.43795165498197475,0.26629715193319586,0.4548251649565061,0.44270777527638583,B,IFRA,MODEL calm
2125,0.7355294117647059,0.6536278476064112,0.2665863377180882,0.058284315956919866,1.8823529411764706,0.75,0.1951219512195122,0.414612539596197,0.4236993137080036,0.1245341832005749,0.3923574087216483,0.44270777527638583,B,IFRA,Crypto model C
2125,0.7270588235294118,0.605558385556727,0.19077927533880254,-0.14696291879199555,1.8823529411764706,0.71875,0.32222222222222224,0.5136456408405448,0.6307107048946462,-0.37658102814837735,0.04830102258513693,0.44270777527638583,B,IFRA,EMA cross (calm-tuned)
2125,0.6494117647058824,0.640813618755405,0.2225760998425667,-0.19209480696356038,3.823529411764706,0.6153846153846154,0.13636363636363635,0.297343780540522,0.44021055706388895,-0.5053666605429497,-0.04896362500818283,0.44270777527638583,B,IFRA,SuperTrend (calm-tuned)
2125,0.7745882352941177,0.6176936609290038,0.23803475729201956,-0.06395600250440525,1.2352941176470589,0.7142857142857143,0.17777777777777778,0.47547832054377903,0.5287916926459018,-0.16778762291078736,0.15343130622850795,0.44270777527638583,B,IFRA,Online directional-change (calm-tuned)
1839,0.7770527460576401,0.7263544471453103,0.49817921066246607,-0.30825741756064945,3.857142857142857,0.5925925925925926,0.15942028985507245,0.47167447973791743,0.5203359922835532,-0.4308727655870362,-0.19056755762223693,0.11122864554508459,B,GGP-201808,MODEL calm
1839,0.7765089722675367,0.7560031520558951,0.5135628487975078,-0.44127836592596503,3.0,0.6190476190476191,0.13043478260869565,0.5628026426770709,0.5072851061219448,-0.6075085613183493,-0.3453204162474197,0.11122864554508459,B,GGP-201808,Crypto model C
1839,0.7368134855899946,0.7322626268330309,0.45195202863307915,-0.4732187825591825,4.714285714285714,0.5454545454545454,0.17391304347826086,0.4688673267146324,0.5541647145803583,-0.6571585813152799,-0.40322288768391373,0.11122864554508459,B,GGP-201808,EMA cross (calm-tuned)
1839,0.679173463839043,0.6935119755022626,0.3715447286818752,-0.1213416337452182,4.571428571428571,0.625,0.07737512242899118,0.5829814320658618,0.4460301940395186,-0.18089554250227197,-0.05726044003542442,0.11122864554508459,B,GGP-201808,SuperTrend (calm-tuned)
1839,0.8036976617727025,0.7289937805932949,0.5864473624132809,0.24813017039590082,0.14285714285714285,1.0,0.39814814814814814,0.5548172146478036,1.0880351644898838,0.3346916292080007,0.24968231745354613,0.11122864554508459,B,GGP-201808,Online directional-change (calm-tuned)
3626,0.6867071152785439,0.6769900058788948,0.37517746301687627,0.015051970291741604,2.323529411764706,0.7215189873417721,0.2305194805194805,0.3728592542655731,0.3518459859292269,0.02497108271393916,0.03099844508201564,0.021411661078449593,B,PICK,MODEL calm
3626,0.722007722007722,0.720429693763027,0.44137325227289653,0.0594916327274812,1.7647058823529411,0.7666666666666667,0.21567478912839738,0.45054949978180203,0.4968954932540595,0.15993632290756846,0.13652176790929063,0.021411661078449593,B,PICK,Crypto model C
3626,0.6596800882515168,0.6593340815563038,0.31821135235858405,0.0859404914360778,1.3235294117647058,0.8,0.2761941448382126,0.4734756687358038,0.5095345467869669,0.2411535078928816,0.204784398010813,0.021411661078449593,B,PICK,EMA cross (calm-tuned)
3626,0.7027027027027027,0.7031713965047299,0.4055866825887307,-0.019049984246384485,2.7941176470588234,0.6842105263157895,0.14359351988217967,0.3568043024111147,0.3482593100811523,-0.07891971716866482,-0.04488805948110064,0.021411661078449593,B,PICK,SuperTrend (calm-tuned)
3626,0.726696083838941,0.718825289936401,0.455272562625193,0.11784348582347386,1.2647058823529411,0.813953488372093,0.19867149758454106,0.433438441100905,0.47372464494000976,0.3352015792254104,0.24446165127541994,0.021411661078449593,B,PICK,Online directional-change (calm-tuned)
3865,0.7322121604139715,0.7210013303037998,0.4532563426274454,0.04221397590504716,2.25,0.6805555555555556,0.19675925925925924,0.4110362331409825,0.3593354820217686,0.1119596252046975,-0.0738605882851318,-0.2160029282079384,B,NBR,MODEL calm
3865,0.7417852522639069,0.74365026790539,0.48426965320570103,0.0010019018787785958,2.0,0.71875,0.23345153664302598,0.48633245932866875,0.43089310362088795,-0.002934083276321236,-0.17056564238278968,-0.2160029282079384,B,NBR,Crypto model C
3865,0.6639068564036222,0.675382543723158,0.35317330949287834,0.04892346900016999,1.625,0.7307692307692307,0.25870406189555123,0.38302683915778746,0.4792688414431244,0.13257867301733395,-0.08160478561416012,-0.2160029282079384,B,NBR,EMA cross (calm-tuned)
3865,0.6701164294954722,0.6745280459725216,0.34704826513236225,0.08914802979643949,2.375,0.6710526315789473,0.12245714000099964,0.3298869969706042,0.325436153516078,0.24329769230517895,0.021684064762523002,-0.2160029282079384,B,NBR,SuperTrend (calm-tuned)
3865,0.7071151358344114,0.7075743223154665,0.4127771358420792,0.04264076910267055,1.875,0.75,0.2416586073500967,0.43968597709035956,0.39748654284842366,0.11422812234400544,-0.07667081516447039,-0.2160029282079384,B,NBR,Online directional-change (calm-tuned)
3914,0.7636688809402146,0.7406167764220464,0.5058627468518649,0.1561972132628091,2.6,0.6923076923076923,0.18181818181818182,0.33778498510910954,0.37118526383784806,0.36830066886203466,0.2264862000473433,-0.03979406523059327,B,HAL,MODEL calm
3914,0.7501277465508431,0.7432192494713221,0.4856625665516033,0.17829410651976696,2.04,0.7450980392156863,0.1836734693877551,0.35010700755615054,0.40587883738509556,0.42393088533610085,0.2858211470500446,-0.03979406523059327,B,HAL,Crypto model C
3914,0.7273888605007665,0.7344231166795158,0.46175840166387144,0.1605615644296128,1.56,0.7692307692307693,0.27631578947368424,0.42417460935941315,0.40389743566159847,0.3827902898267884,0.3020285304649358,-0.03979406523059327,B,HAL,EMA cross (calm-tuned)
3914,0.7230454777721002,0.7321810813022487,0.4574855446830101,0.021376191495852105,3.24,0.654320987654321,0.14444444444444443,0.28357014765353067,0.37079693717633244,0.039602635981039774,-0.00016342468918999157,-0.03979406523059327,B,HAL,SuperTrend (calm-tuned)
3914,0.752938170669392,0.747987309579082,0.4935545156931772,0.13246615165012673,1.64,0.8048780487804879,0.20408163265306123,0.4085097900860545,0.4153490254139782,0.31439061601615187,0.20566354932173525,-0.03979406523059327,B,HAL,Online directional-change (calm-tuned)
3914,0.7217680122636689,0.6405436322228548,0.3363683734765645,0.15436935099428334,1.7407407407407407,0.7872340425531915,0.16901408450704225,0.3797072242833562,0.3933907329419947,0.3652702925779974,0.5082669888248648,0.46984354108697696,B,JBL,MODEL calm
3914,0.78717424629535,0.7568522517393176,0.521947562246755,0.05476176816286962,1.8888888888888888,0.7647058823529411,0.15454545454545454,0.4276448137425585,0.4136702875610626,0.12352860687221733,0.3894248233846396,0.46984354108697696,B,JBL,Crypto model C
3914,0.7133367399080225,0.6703556285382326,0.3501954456514955,-0.007644911297955062,1.7777777777777777,0.75,0.3106796116504854,0.46880571029545626,0.5148384082160209,-0.02692274812498135,0.2991603136733191,0.46984354108697696,B,JBL,EMA cross (calm-tuned)
3914,0.71486969851814,0.7185438682978988,0.4179120205995154,0.02566353828362064,3.0,0.654320987654321,0.1,0.29809908902383836,0.33798821776059,0.047854641091087204,0.38494943693779493,0.46984354108697696,B,JBL,SuperTrend (calm-tuned)
3914,0.7089933571793562,0.6608588155513277,0.33489590666966795,0.06329224590551631,1.2222222222222223,0.8787878787878788,0.3135593220338983,0.5138279180393941,0.5180822585495006,0.14732677424825164,0.4064694529150798,0.46984354108697696,B,JBL,Online directional-change (calm-tuned)
3913,0.7572195246613851,0.6964949129249816,0.4360918618272668,-0.011683407377460722,2.2857142857142856,0.71875,0.24514374514374515,0.44350528771121933,0.4262996631531032,-0.04525636535899758,0.169715679124678,0.330311298249398,B,PSA,MODEL calm
3913,0.7940199335548173,0.7852542671378419,0.5580229087038878,-0.17776123816322284,2.357142857142857,0.7121212121212122,0.19560469560469562,0.39655970678233377,0.44861835705566755,-0.4258436339274146,-0.06643649711818599,0.330311298249398,B,PSA,Crypto model C
3913,0.6749297214413493,0.6538157393292683,0.3008234186019561,-0.19352486263826982,2.4285714285714284,0.6911764705882353,0.39221883173496075,0.542648498903433,0.5037993941377632,-0.46268778378830655,-0.09114317803902701,0.330311298249398,B,PSA,EMA cross (calm-tuned)
3913,0.6733963710707896,0.6913244006374722,0.3639905267294011,-0.13147088681699307,2.75,0.6883116883116883,0.16866866866866867,0.3993301007311832,0.3951807624295149,-0.32323352234394104,0.0056866091204405165,0.330311298249398,B,PSA,SuperTrend (calm-tuned)
3913,0.7239969332992588,0.6892248995288248,0.38312502976724333,-0.008877773544505724,1.2857142857142858,0.8333333333333334,0.2948291366906475,0.4771417910467061,0.47683799186175146,-0.030728389242003055,0.19933909392248508,0.330311298249398,B,PSA,Online directional-change (calm-tuned)
3942,0.7617960426179604,0.6425870080712278,0.332661612918778,0.09288374044833374,2.0384615384615383,0.6981132075471698,0.34098613251155624,0.3334008550524184,0.35724030797071604,0.2057801096506938,0.40019292838558884,0.44948468716925866,B,MAR,MODEL calm
3942,0.7643328259766616,0.6953553434756568,0.395162127508286,0.010812744792693656,2.1923076923076925,0.7192982456140351,0.35982142857142857,0.40325895723818495,0.3948221959687104,0.01328605689065922,0.2950555088449506,0.44948468716925866,B,MAR,Crypto model C
3942,0.7011669203450025,0.6331226512289172,0.2601338110827023,-0.056563555833883276,2.5,0.676923076923077,0.37850361663652804,0.4116012097537658,0.5371440670105379,-0.14573037085568832,0.2164697388224622,0.44948468716925866,B,MAR,EMA cross (calm-tuned)
3942,0.6806189751395231,0.6905588755895107,0.3412726553395181,-0.15083755102784707,3.1923076923076925,0.6506024096385542,0.1695860702742154,0.3231055268346169,0.40857919736527953,-0.36970536340732124,0.06276701234831535,0.44948468716925866,B,MAR,SuperTrend (calm-tuned)
3942,0.7338914256722476,0.642768358277428,0.298234733721027,-0.0034841219897280415,1.6538461538461537,0.7674418604651163,0.3630681818181818,0.4835273833837344,0.4462035890149362,-0.017160549078664152,0.27905502905335516,0.44948468716925866,B,MAR,Online directional-change (calm-tuned)
2638,0.7043214556482184,0.7137860817480167,0.4294927836720799,-0.0935023361812264,2.36,0.6610169491525424,0.1774193548387097,0.4220006544226946,0.44589748212005126,-0.26757539149248416,-0.4789484174669533,-0.40539216530163863,B,UA,MODEL calm
2638,0.769901440485216,0.7630437498002922,0.532707216393053,0.001705830864373567,1.6,0.75,0.19642857142857142,0.4844269333439353,0.5080831776940226,-0.0028624980052494625,-0.32816812152918867,-0.40539216530163863,B,UA,Crypto model C
2638,0.6618650492797574,0.6526217636447613,0.3105936050626979,-0.03822856793269935,1.28,0.8125,0.35294117647058826,0.5166510742478532,0.5800157561627752,-0.11085921558721462,-0.44681060781832216,-0.40539216530163863,B,UA,EMA cross (calm-tuned)
2638,0.7240333586050038,0.7203568305868068,0.44138345086084213,0.023864715384935307,2.04,0.7254901960784313,0.1956521739130435,0.40464905963418285,0.4074004873805433,0.05583577448213649,-0.2747709856923427,-0.40539216530163863,B,UA,SuperTrend (calm-tuned)
2638,0.678923426838514,0.690208945165329,0.3846505653174196,-0.14212884667405626,1.56,0.717948717948718,0.1411764705882353,0.4341260084925331,0.4718137568834673,-0.39720910249711583,-0.52960486454242,-0.40539216530163863,B,UA,Online directional-change (calm-tuned)
3934,0.8256227758007118,0.6597684767289024,0.34585071771817544,-0.05650928174535198,1.7142857142857142,0.7291666666666666,0.22876447876447875,0.46350259738581345,0.4992613813813834,-0.13722627077007693,0.2097439841143306,0.4780546489282971,B,ECL,MODEL calm
3934,0.7915607524148449,0.6852233676975945,0.3400044593149698,-0.011240402059174526,1.7857142857142858,0.76,0.2530657748049052,0.48122012729919894,0.5401520266511572,-0.03836893396241689,0.2915691136863582,0.4780546489282971,B,ECL,Crypto model C
3934,0.7526690391459074,0.6535623228340222,0.26872066053859633,-0.16667462921949722,2.2142857142857144,0.6612903225806451,0.2873015873015873,0.5059407249988896,0.6064501642077524,-0.38298896303933394,0.06586475025803662,0.4780546489282971,B,ECL,EMA cross (calm-tuned)
3934,0.6893746822572445,0.6893249085467243,0.29541891567147915,-0.15909356433045785,2.7142857142857144,0.6578947368421053,0.21149068322981365,0.4225098918704927,0.5132136924401614,-0.3701053943024,0.08083435682198524,0.4780546489282971,B,ECL,SuperTrend (calm-tuned)
3934,0.7816471784443315,0.6611668012732197,0.29881340171385723,-0.0027353679622885672,1.4285714285714286,0.8,0.34483590733590735,0.5665133713573199,0.5415020994371043,-0.016955808515877576,0.30509216539199774,0.4780546489282971,B,ECL,Online directional-change (calm-tuned)
3914,0.8076136944302503,0.6289998042604862,0.30638238077134616,0.126934882048678,1.7037037037037037,0.7391304347826086,0.18055555555555555,0.3581937378563212,0.4397675102142652,0.2977313545015872,0.6498605532527534,0.725940884422436,B,IXN,MODEL calm
3914,0.7973939703628002,0.6730254361839421,0.3497296385929357,0.08453395945680586,2.037037037037037,0.7454545454545455,0.17391304347826086,0.3908187216219902,0.5021090872067565,0.19125327708179965,0.6175982100280327,0.725940884422436,B,IXN,Crypto model C
3914,0.7769545222278998,0.643525998520342,0.288341456975545,0.0856857551928919,1.4074074074074074,0.7631578947368421,0.2903225806451613,0.39612546192276515,0.5628132372618752,0.19893290245171785,0.6113240042674395,0.725940884422436,B,IXN,EMA cross (calm-tuned)
3914,0.7066939192641799,0.7094956058137953,0.34298618764703,0.0032025140225469062,3.5185185185185186,0.631578947368421,0.1262135922330097,0.31247332843927894,0.4530490594663164,-0.01946007477022158,0.6016899086454961,0.725940884422436,B,IXN,SuperTrend (calm-tuned)
3914,0.7805314256515075,0.67884163678045,0.34033623146195535,0.10978864568466377,1.5925925925925926,0.7906976744186046,0.17391304347826086,0.45876950031400854,0.48328376200328216,0.2564764500016577,0.6585971213913743,0.725940884422436,B,IXN,Online directional-change (calm-tuned)
3896,0.7618069815195072,0.647311061486114,0.3234790841506758,0.02023586028240902,1.588235294117647,0.7777777777777778,0.2690258751902588,0.4788388907991334,0.49408935414124977,0.03154003427869701,0.25751260334769643,0.37750832294498476,B,EVRG,MODEL calm
3896,0.7197125256673511,0.6742449977445996,0.3245269837379689,-0.10663956607806471,1.7647058823529411,0.7666666666666667,0.26944444444444443,0.47979637839792655,0.5312220912207929,-0.2726845913985045,0.07103638956193631,0.37750832294498476,B,EVRG,Crypto model C
3896,0.6786447638603696,0.6296938781192745,0.23878771165225537,-0.127372585740258,1.7058823529411764,0.7241379310344828,0.58003663003663,0.6161042367338904,0.56292915821389,-0.3214431133264185,0.03854754014486929,0.37750832294498476,B,EVRG,EMA cross (calm-tuned)
3896,0.6899383983572895,0.7057565615445873,0.36156186141365804,-0.002901855040740942,1.8823529411764706,0.734375,0.2585523282618718,0.3837028869320044,0.4894546897444575,-0.026708289130113402,0.2864712446843032,0.37750832294498476,B,EVRG,SuperTrend (calm-tuned)
3896,0.7348562628336756,0.673028891401077,0.3320479921134348,-0.10604048987200118,1.2352941176470589,0.8571428571428571,0.4275210084033613,0.5754127678349334,0.5706090446940522,-0.2657838920815574,0.07311836708564345,0.37750832294498476,B,EVRG,Online directional-change (calm-tuned)
3947,0.7357486698758551,0.6752649909483981,0.39572220816551523,0.014104143210004413,2.1724137931034484,0.7301587301587301,0.24528301886792453,0.4477434359584353,0.4617043536860833,0.023464016758861585,0.20000911882888045,0.3010517897860903,B,LPX,MODEL calm
3947,0.7722320749936661,0.7555127157707702,0.5080596412848979,-0.01534935396990972,1.9655172413793103,0.7368421052631579,0.2696629213483146,0.4933227962301125,0.5164415109413909,-0.04517217960713233,0.1738621918790194,0.3010517897860903,B,LPX,Crypto model C
3947,0.7243476057765391,0.7054200233488919,0.4070380759287839,-0.06692364620334543,2.0344827586206895,0.6949152542372882,0.32857142857142857,0.46875479491872196,0.5961635346542471,-0.16734497611293753,0.0941860574917558,0.3010517897860903,B,LPX,EMA cross (calm-tuned)
3947,0.7159868254370408,0.709167620935429,0.40697388399168694,-0.06224059818195562,2.6551724137931036,0.6883116883116883,0.16071428571428573,0.3804279346777407,0.39163781786284374,-0.15908195538832934,0.1019320729644703,0.3010517897860903,B,LPX,SuperTrend (calm-tuned)
3947,0.7628578667342285,0.740269946449339,0.48254118052625794,0.037265836967998074,1.206896551724138,0.8857142857142857,0.30833333333333335,0.5411324313012118,0.6010462020604896,0.0825591250300986,0.2567364644839392,0.3010517897860903,B,LPX,Online directional-change (calm-tuned)
3948,0.7307497467071935,0.6979511130671656,0.4250198252114729,0.0706353732568861,1.7096774193548387,0.7924528301886793,0.22330097087378642,0.41411072720144015,0.3989686862395414,0.1807776720435254,0.2114955921026825,0.1551428169496955,B,LULU,MODEL calm
3948,0.7330293819655522,0.7214858959651566,0.44344366210191993,-0.006534122476043496,1.7096774193548387,0.7924528301886793,0.2542372881355932,0.3935330632446054,0.5106323857477664,-0.0256054036064683,0.09191271301183794,0.1551428169496955,B,LULU,Crypto model C
3948,0.668693009118541,0.655229359416198,0.3103290491858341,0.009907617397587954,1.5161290322580645,0.8085106382978723,0.43609022556390975,0.5112645906884244,0.5089099807168297,0.019283060553062698,0.12588716893761936,0.1551428169496955,B,LULU,EMA cross (calm-tuned)
3948,0.7436676798378926,0.7413847422938267,0.47649376910121016,0.06731863838524177,2.2903225806451615,0.704225352112676,0.13559322033898305,0.3754360004221987,0.3915494160314373,0.16914966553724126,0.24268999284235152,0.1551428169496955,B,LULU,SuperTrend (calm-tuned)
3948,0.747467071935157,0.7383572669429193,0.4755073571487078,0.08043234028273791,1.2580645161290323,0.8974358974358975,0.3050847457627119,0.5008480775496069,0.4644770525427006,0.20915529893354953,0.2583328339554734,0.1551428169496955,B,LULU,Online directional-change (calm-tuned)
3934,0.7890188103711235,0.7284347534545106,0.4891198754719642,0.009976681671465001,1.9285714285714286,0.7407407407407407,0.2123717404091236,0.423431473055053,0.5066058242750401,0.009643213083444388,0.1619007845325257,0.2432700245786687,B,CMCSA,MODEL calm
3934,0.7780884595831215,0.7644149483918864,0.5102558382572765,-0.04008179692329281,2.0714285714285716,0.7241379310344828,0.2811490736019038,0.43302340984447346,0.49528613726876897,-0.10914386396132783,0.0944153866909703,0.2432700245786687,B,CMCSA,Crypto model C
3934,0.7338586680223691,0.7090523744521877,0.40578585066764383,0.039474940327527026,1.5714285714285714,0.7727272727272727,0.36596736596736595,0.4525490310223821,0.550276677900648,0.08162919689134165,0.23850360279571434,0.2432700245786687,B,CMCSA,EMA cross (calm-tuned)
3934,0.762582613116421,0.7722447733314175,0.5116432374309172,0.029014346461563513,2.2142857142857144,0.7258064516129032,0.14955962059620598,0.3913914196126084,0.4689481505824812,0.05238779067992639,0.2240198548302128,0.2432700245786687,B,CMCSA,SuperTrend (calm-tuned)
3934,0.7491103202846975,0.714747527360682,0.4251366137927468,-0.02786980577669318,1.4285714285714286,0.775,0.34825174825174826,0.5242781969529305,0.5119942092630884,-0.07578797120896219,0.11204531176902215,0.2432700245786687,B,CMCSA,Online directional-change (calm-tuned)
3931,0.7110150089035868,0.65998172284892,0.3561898800449865,-0.06683071116463533,2.2666666666666666,0.7058823529411765,0.19997061416397297,0.4191253896036168,0.43476852745126454,-0.17247432714446587,0.1245933316831115,0.36642626508108406,B,A,MODEL calm
3931,0.7295853472398881,0.7055228423037481,0.41704393003109236,0.014081148505144817,1.7333333333333334,0.7884615384615384,0.28344268270457446,0.4439686778636775,0.5310558042347433,0.021642304767347686,0.2683453419798813,0.36642626508108406,B,A,Crypto model C
3931,0.6692953446960062,0.6463342320288464,0.29355374248202637,-0.010743643695851988,1.6,0.7708333333333334,0.35308464849354376,0.5504735985652123,0.5327215907505707,-0.035957779112966784,0.2450083559039232,0.36642626508108406,B,A,EMA cross (calm-tuned)
3931,0.7099974561180361,0.7104262463197593,0.4098859454121888,-0.028055715585758874,2.466666666666667,0.7027027027027027,0.17012987012987013,0.4034429483523242,0.42759851759358714,-0.08249752820306756,0.22192058606090298,0.36642626508108406,B,A,SuperTrend (calm-tuned)
3931,0.6832866954973289,0.6583571790885132,0.3196956503463741,-0.10594401015930847,1.4,0.8095238095238095,0.30260438197602313,0.5311780245399269,0.5866359752968658,-0.2588876374938651,0.07442575534087185,0.36642626508108406,B,A,Online directional-change (calm-tuned)
2782,0.6621135873472322,0.697920545989976,0.3938367388262348,-0.07375013067095214,2.25,0.6481481481481481,0.17777777777777778,0.37622896106243,0.45480362802995666,-0.1930309599031023,-0.33373139584146816,-0.3235865915935957,B,KHC,MODEL calm
2782,0.6897915168943206,0.6932451240153013,0.37642956381791814,-0.04995439177613139,1.7916666666666667,0.6976744186046512,0.20588235294117646,0.4232720419858252,0.47328392778946315,-0.13285696662157187,-0.3266943892384781,-0.3235865915935957,B,KHC,Crypto model C
2782,0.6976994967649173,0.6800410695584886,0.360146449515,-0.02149990550637304,1.4583333333333333,0.7428571428571429,0.2857142857142857,0.5127665296981153,0.4838969468710854,-0.06259840659773341,-0.37710582258781333,-0.3235865915935957,B,KHC,EMA cross (calm-tuned)
2782,0.6790079079798707,0.6837958443731698,0.3577209653801086,-0.05475548247339367,2.1666666666666665,0.6923076923076923,0.18382352941176472,0.38811718212929086,0.40961614686162157,-0.14723557922196417,-0.3391436569044142,-0.3235865915935957,B,KHC,SuperTrend (calm-tuned)
2782,0.6718188353702372,0.6943733064275773,0.37987628342041696,0.015735627453884557,1.4166666666666667,0.7058823529411765,0.22058823529411764,0.39969775392318324,0.42510613561839683,0.026194819938520623,-0.19780745126172963,-0.3235865915935957,B,KHC,Online directional-change (calm-tuned)
3933,0.7248919399949149,0.7085395275500803,0.43153072145276566,0.02539081343950883,2.121212121212121,0.7285714285714285,0.1888111888111888,0.4094327093477157,0.3936401877596446,0.0552630124381975,0.11713403398292259,0.1337491804175618,B,NEM,MODEL calm
3933,0.6895499618611747,0.6911863647445091,0.3787257547558404,-0.014826080023441794,1.878787878787879,0.7741935483870968,0.2,0.41672580978524876,0.4248776857492171,-0.050154220719535084,0.058080931002500655,0.1337491804175618,B,NEM,Crypto model C
3933,0.6473429951690821,0.6524416403086344,0.30196154702074585,0.042802963297894736,1.696969696969697,0.7678571428571429,0.3404255319148936,0.42049162933983947,0.46588732617743434,0.10393772896919203,0.16667002420739427,0.1337491804175618,B,NEM,EMA cross (calm-tuned)
3933,0.7050597508263412,0.710855155884411,0.4175973602808838,-0.02524132499116221,2.393939393939394,0.6835443037974683,0.15217391304347827,0.37980443607993936,0.37785164544146865,-0.08077125135474389,0.03793294599860531,0.1337491804175618,B,NEM,SuperTrend (calm-tuned)
3933,0.6826849733028223,0.6815094841424378,0.3602174018032528,-0.0024943238834061795,1.4545454545454546,0.8541666666666666,0.3170731707317073,0.5155640447412699,0.473108197447897,-0.014971490181796589,0.08261348451054903,0.1337491804175618,B,NEM,Online directional-change (calm-tuned)
3950,0.7622784810126583,0.7349416450353696,0.5046663171952425,0.12867024608477673,2.4166666666666665,0.6896551724137931,0.19774649519175067,0.3280520346290459,0.3937057385892978,0.3026275472494872,0.4308914332644793,0.4001550507790222,B,MKTX,MODEL calm
3950,0.7559493670886076,0.7452619203307772,0.49407035653600706,0.10446433417007629,2.0833333333333335,0.74,0.18349810588561397,0.42086848175631386,0.43133185826521825,0.24513912342441435,0.41542159075222873,0.4001550507790222,B,MKTX,Crypto model C
3950,0.7665822784810127,0.7539738839241484,0.5146431584646188,0.190093412018171,1.75,0.7380952380952381,0.20317460317460317,0.4078099266519631,0.411578121935767,0.4556850992036001,0.567620414426405,0.4001550507790222,B,MKTX,EMA cross (calm-tuned)
3950,0.7465822784810127,0.7459838442282416,0.4866708773416748,0.06492588075113062,2.8333333333333335,0.6764705882352942,0.10762867647058824,0.3143926146595354,0.29664873164073297,0.14520865183883855,0.398805351934589,0.4001550507790222,B,MKTX,SuperTrend (calm-tuned)
3950,0.7311392405063292,0.7093638747432316,0.43616336334569056,0.11371233375200838,1.3333333333333333,0.84375,0.20122563793449869,0.46661137487896787,0.47376860611625277,0.2711426947886614,0.42434016745743225,0.4001550507790222,B,MKTX,Online directional-change (calm-tuned)
3948,0.8105369807497467,0.6892479095775683,0.4018018919126939,0.11574583222639993,1.7586206896551724,0.7450980392156863,0.3194444444444444,0.443773362465284,0.482548843052275,0.28560962930994516,0.5409047864616107,0.6155730595905573,B,TT,MODEL calm
3948,0.8031914893617021,0.732790442244326,0.4428896195455207,0.06451851276974814,1.8275862068965518,0.7547169811320755,0.2777777777777778,0.4747932005912182,0.5870986330447605,0.15352127396661183,0.486807876866831,0.6155730595905573,B,TT,Crypto model C
3948,0.7758358662613982,0.682579909246717,0.352731245221842,0.09059105501501466,1.4137931034482758,0.7804878048780488,0.30973451327433627,0.4524992131211565,0.6017029083333081,0.22332049366181264,0.5505845064250481,0.6155730595905573,B,TT,EMA cross (calm-tuned)
3948,0.7358156028368794,0.7216157469833863,0.38011361436105284,-0.09759178092763078,2.586206896551724,0.68,0.2,0.47768209102751746,0.5056517553269093,-0.26808207615518437,0.24271746418349238,0.6155730595905573,B,TT,SuperTrend (calm-tuned)
3948,0.7976190476190477,0.6902583525528448,0.38551023645505705,0.004979440778481899,1.5517241379310345,0.7555555555555555,0.43820224719101125,0.5566444617874201,0.5970081167940862,0.002392909821986371,0.3843276995191624,0.6155730595905573,B,TT,Online directional-change (calm-tuned)
1862,0.7250268528464017,0.6955431535274592,0.44058603834048743,-1.3907193063113603e-05,2.2142857142857144,0.7096774193548387,0.24212121212121213,0.30770895138154386,0.5477093016995657,-0.014930274004342147,0.08570415043121554,0.14560645822770146,B,IDRV,MODEL calm
1862,0.738453276047261,0.7282808600465253,0.46234412487808446,0.1323660883911927,1.7142857142857142,0.75,0.18888888888888888,0.3108208295767392,0.5095477066003226,0.33789995783743904,0.3656224890992419,0.14560645822770146,B,IDRV,Crypto model C
1862,0.7422126745435016,0.7422872681532627,0.4808947395149388,-0.011735614672826715,2.142857142857143,0.7,0.224,0.3704536155131086,0.6004025246772771,-0.045369302634029544,0.08016249644641939,0.14560645822770146,B,IDRV,EMA cross (calm-tuned)
1862,0.6611170784103115,0.6682216268307406,0.3336481293891026,-0.14654403877500574,4.214285714285714,0.6101694915254238,0.191,0.3447251483462057,0.3859647613845002,-0.41518537504956143,-0.22572430119002848,0.14560645822770146,B,IDRV,SuperTrend (calm-tuned)
1862,0.757250268528464,0.7349848975303019,0.5041271962914581,0.0658978844084202,1.7857142857142858,0.68,0.24726190476190474,0.42587413977490235,0.4437448749047394,0.16188027317258644,0.19213835830723605,0.14560645822770146,B,IDRV,Online directional-change (calm-tuned)
3894,0.7074987159732923,0.6791049850409916,0.39303407328992646,-0.05743592532115058,2.46875,0.6962025316455697,0.23911483253588517,0.39133536955506715,0.40709940471935613,-0.18307984057471802,-0.10180088468782385,0.027932880545723265,B,EWH,MODEL calm
3894,0.7498715973292245,0.741722358213208,0.48607014718229496,0.0012250508967948332,1.96875,0.7619047619047619,0.18602314915920506,0.3946971846260558,0.4380740508761761,-0.017441193974202674,0.0076902412233802245,0.027932880545723265,B,EWH,Crypto model C
3894,0.6535695942475603,0.651660708966339,0.30067060519444766,-0.05630512517386054,1.65625,0.7735849056603774,0.4832589285714286,0.5033585605755015,0.48009999987198176,-0.1713802021695993,-0.113946297773048,0.027932880545723265,B,EWH,EMA cross (calm-tuned)
3894,0.7026194144838213,0.7019490422349147,0.4003248425858271,0.0058321938851268575,3.4375,0.6454545454545455,0.09168742216687423,0.29219470742244497,0.31923942220738877,-0.020365257586272868,0.005915138796446606,0.027932880545723265,B,EWH,SuperTrend (calm-tuned)
3894,0.7257318952234206,0.7143614575643367,0.4341789745101506,0.08528041998243742,1.03125,0.9696969696969697,0.28110572146572377,0.4833568386331738,0.4646527606964691,0.2222155057499228,0.17483751737033834,0.027932880545723265,B,EWH,Online directional-change (calm-tuned)
3926,0.7521650534895568,0.6549072904904234,0.3515994887611005,0.003806114793417645,1.9285714285714286,0.7037037037037037,0.1924342105263158,0.39687096911239916,0.42720884692371774,-0.00460678623098919,0.13089747919928765,0.2058804239799274,B,USB,MODEL calm
3926,0.7664289353031075,0.72392066123162,0.44271598629152026,0.03466287097250043,1.7857142857142858,0.78,0.22652519893899203,0.4857624060385318,0.5360809240107391,0.061001294986377574,0.18878309989286637,0.2058804239799274,B,USB,Crypto model C
3926,0.6752419765664799,0.6303800050959438,0.2508594741340758,-0.1124341047240602,2.2857142857142856,0.6875,0.32352941176470584,0.47917269848261623,0.5666851366677472,-0.2505664751030339,-0.035325123819349186,0.2058804239799274,B,USB,EMA cross (calm-tuned)
3926,0.6688741721854304,0.6929728313483912,0.3515369685853968,-0.11879823305642326,3.0,0.6428571428571429,0.1579130737740615,0.39495769411486836,0.38291115752479277,-0.2685752443729364,-0.05344650850449297,0.2058804239799274,B,USB,SuperTrend (calm-tuned)
3926,0.6729495669893021,0.6027382706322261,0.20643721543918972,-0.09905006252735095,1.3571428571428572,0.7631578947368421,0.42794486215538846,0.48412585136042285,0.5491030176892058,-0.21635931476162984,-0.007566812466046413,0.2058804239799274,B,USB,Online directional-change (calm-tuned)
3950,0.7425316455696203,0.6581382967085063,0.3483549191688054,-0.1010181581110006,1.6153846153846154,0.7777777777777778,0.2653061224489796,0.48562290074314607,0.4510849000486792,-0.286323042323723,-0.01960168062523107,0.2554243105653126,B,PNW,MODEL calm
3950,0.7562025316455696,0.7154027272307352,0.4271587756636515,-0.12616482522074093,1.6666666666666667,0.7846153846153846,0.32,0.4618680553237665,0.5179971894987871,-0.35337095212695413,-0.06655174875644586,0.2554243105653126,B,PNW,Crypto model C
3950,0.6559493670886076,0.6105694777710517,0.21415630899363103,-0.19771748376400203,1.5128205128205128,0.7796610169491526,0.3972602739726027,0.5964459217729164,0.5596181586762925,-0.5407743988729271,-0.19378741772557342,0.2554243105653126,B,PNW,EMA cross (calm-tuned)
3950,0.6865822784810126,0.6811758964148269,0.3377701921184436,-0.1624375401099304,2.076923076923077,0.7283950617283951,0.25384615384615383,0.4891145979173393,0.4809592712038023,-0.4542306311054511,-0.14980570206626967,0.2554243105653126,B,PNW,SuperTrend (calm-tuned)
3950,0.7002531645569621,0.6660522010147496,0.3202212190456643,-0.15137995817666236,1.4102564102564104,0.8363636363636363,0.3283582089552239,0.5027371394379139,0.5256697346084369,-0.41699497167966093,-0.11173718778223497,0.2554243105653126,B,PNW,Online directional-change (calm-tuned)
1998,0.7137137137137137,0.7012471969563354,0.4298787523937267,0.039814820600986546,3.7777777777777777,0.6470588235294118,0.20454545454545456,0.35580865892557567,0.36715319261052753,0.05039426669039583,0.11808448416486685,0.16946912008617043,B,SVU,MODEL calm
1998,0.7987987987987988,0.792342462647081,0.5968452619417068,-0.29413278578345253,3.0,0.6666666666666666,0.09717868338557993,0.3258530831470758,0.4784004652081749,-0.41111204773799565,-0.2328729334310655,0.16946912008617043,B,SVU,Crypto model C
1998,0.7777777777777778,0.7859054145985034,0.5785926837534148,-0.04584887252131855,2.111111111111111,0.6842105263157895,0.10135135135135136,0.2990689764072931,0.4426386387155634,-0.06612082521073714,0.1472201179932922,0.16946912008617043,B,SVU,EMA cross (calm-tuned)
1998,0.6896896896896897,0.6881130791907077,0.37606018995275037,0.05072677842715709,4.555555555555555,0.6097560975609756,0.06752411575562701,0.2418719614987249,0.33977599997604746,0.0645257473862904,0.12996533248090295,0.16946912008617043,B,SVU,SuperTrend (calm-tuned)
1998,0.6626626626626627,0.6601627655017763,0.32070132621742214,-0.10840117527608722,3.2222222222222223,0.6551724137931034,0.09717868338557993,0.3588545213978007,0.37232166468212724,-0.15411871453248263,0.008480460187031429,0.16946912008617043,B,SVU,Online directional-change (calm-tuned)
2728,0.7547653958944281,0.6611835072834972,0.3416707525700432,-0.12349058870447892,3.4615384615384617,0.6222222222222222,0.11864406779661017,0.3997141344683259,0.40347338848140124,-0.1913675261100327,-0.10769938436926096,0.0288416488777664,B,FCPT,MODEL calm
2728,0.7056451612903226,0.6859386675300589,0.34036238782541534,-0.278555709749654,3.230769230769231,0.6428571428571429,0.1783783783783784,0.45075251791565296,0.42695449996699336,-0.41584116314297603,-0.33116176067176106,0.0288416488777664,B,FCPT,Crypto model C
2728,0.6495601173020528,0.6450804858918546,0.25970171291545163,-0.45913292058585764,4.0,0.6153846153846154,0.16898608349900596,0.45075251791565296,0.44720471355045965,-0.6809789242382019,-0.5007974579828772,0.0288416488777664,B,FCPT,EMA cross (calm-tuned)
2728,0.6187683284457478,0.6635004368517254,0.289369925061168,-0.29638582370994515,3.6153846153846154,0.6170212765957447,0.15637860082304528,0.3088915845425035,0.38490101499429885,-0.44299087778121415,-0.32144645959279555,0.0288416488777664,B,FCPT,SuperTrend (calm-tuned)
2728,0.7096774193548387,0.6505914855502097,0.28971924830844586,-0.20114617591217376,1.7692307692307692,0.7391304347826086,0.19047619047619047,0.4556652229350604,0.44047562918966227,-0.29815062588807745,-0.15608467139107743,0.0288416488777664,B,FCPT,Online directional-change (calm-tuned)
3535,0.74992927864215,0.6405817029664533,0.30394310929639473,0.11427342015875949,1.6666666666666667,0.78,0.2903409090909091,0.46975361845028635,0.4359346877705944,0.3045057220048529,0.5636161605217513,0.6753157976846106,B,PANW,MODEL calm
3535,0.691937765205092,0.6398571574388905,0.2612514099885107,-0.06425189978493222,1.8333333333333333,0.7454545454545455,0.38720899116938723,0.5188785489282515,0.5281297962873504,-0.18601452446396352,0.313997118658051,0.6753157976846106,B,PANW,Crypto model C
3535,0.6763790664780763,0.6186280153141817,0.22184756242487016,0.03993390911334635,1.4333333333333333,0.7906976744186046,0.48125,0.5314680532546283,0.5634018640271142,0.10183165738736556,0.48075569867021695,0.6753157976846106,B,PANW,EMA cross (calm-tuned)
3535,0.6874115983026874,0.6597394899065621,0.29015997099182944,-0.042513384802596525,2.4,0.6805555555555556,0.27560754031342266,0.4435239079818011,0.47646062743828216,-0.12945160662091962,0.35666582650596124,0.6753157976846106,B,PANW,SuperTrend (calm-tuned)
3535,0.708062234794908,0.6048562120157426,0.2159435040364995,0.05455999686107368,1.4666666666666666,0.75,0.3179271708683473,0.4435239079818011,0.46283471895969097,0.14177464191899453,0.47982757558940664,0.6753157976846106,B,PANW,Online directional-change (calm-tuned)
3947,0.749683303775019,0.7118253127357236,0.45238493063428387,0.1443502970082141,1.7272727272727273,0.7894736842105263,0.27692307692307694,0.4553731700475986,0.45879830153141105,0.4024198500506743,0.49873258887022776,0.38458233638100786,B,WDC,MODEL calm
3947,0.7846465670129212,0.766648898830157,0.5388853040024606,0.150903295896545,1.606060606060606,0.8113207547169812,0.2765957446808511,0.469631027712744,0.5427713342103043,0.4216091416233437,0.5437179146935223,0.38458233638100786,B,WDC,Crypto model C
3947,0.6949581960983026,0.6864572296563722,0.366721819498902,-0.009001451737003304,1.5454545454545454,0.7647058823529411,0.375,0.5903916779125732,0.530191295797972,-0.032557394611668566,0.24610832543169098,0.38458233638100786,B,WDC,EMA cross (calm-tuned)
3947,0.7370154547757791,0.729801894073173,0.45275139079081334,0.20874708977886383,2.090909090909091,0.7246376811594203,0.224,0.3386767290001899,0.3485856578059963,0.583970655293636,0.6933759912209635,0.38458233638100786,B,WDC,SuperTrend (calm-tuned)
3947,0.7661515074740309,0.7455320158973084,0.49799702487318404,0.15340115185227526,1.2424242424242424,0.8780487804878049,0.3385416666666667,0.45714935598578094,0.5466433072196104,0.43032180499840794,0.5456947532978197,0.38458233638100786,B,WDC,Online directional-change (calm-tuned)
3913,0.7186302070023001,0.690645690226782,0.39964332833895927,0.03947943268291278,1.5909090909090908,0.7857142857142857,0.3080718809839446,0.49903940639422806,0.43655976112151296,0.10319605636010683,0.17170710393858848,0.15920592681971138,B,GM,MODEL calm
3913,0.7124968055200613,0.7061565894612607,0.40830158912538533,-0.02008609331538188,1.4772727272727273,0.8,0.2906931464174455,0.5031336090007003,0.5147373282122065,-0.07126821076940032,0.0621198116384027,0.15920592681971138,B,GM,Crypto model C
3913,0.6519294658829543,0.647055829383783,0.2898147920564063,-0.006056884357267946,1.2272727272727273,0.8148148148148148,0.3808325934694683,0.5860157894016262,0.5902603997981409,-0.027900872949127062,0.0985869610638605,0.15920592681971138,B,GM,EMA cross (calm-tuned)
3913,0.6974188602095579,0.7020381421489691,0.39610446319567155,-0.0544500534328568,1.8636363636363635,0.7439024390243902,0.274281130445514,0.45963783639611744,0.46399679814193445,-0.17559891498542657,-0.012695334578657189,0.15920592681971138,B,GM,SuperTrend (calm-tuned)
3913,0.6685407615640174,0.6434771448698309,0.2954287021433157,-0.0056843218314883365,1.1818181818181819,0.8076923076923077,0.2655536529680365,0.47350516665603515,0.49377023078042015,-0.026434054957669924,0.08671376261273427,0.15920592681971138,B,GM,Online directional-change (calm-tuned)
3922,0.7725650178480367,0.6388414994768209,0.2970207054081343,-0.017800411843068062,2.0,0.7,0.3173076923076923,0.4636211010558764,0.43597392251840555,-0.0492052089039169,0.25912131804154864,0.480645430726465,B,STE,MODEL calm
3922,0.712646608873024,0.6387743960693326,0.25318339703181825,-0.15912621603461594,2.4,0.7166666666666667,0.3076923076923077,0.4551744144116703,0.5122068381579684,-0.33989239139126387,0.09198854229560824,0.480645430726465,B,STE,Crypto model C
3922,0.7281998980112188,0.6483250686198687,0.2753184502075774,-0.16759930541517554,2.56,0.640625,0.20192307692307693,0.45651999390503123,0.46191194346803777,-0.35806769751600437,0.07988726721364432,0.480645430726465,B,STE,EMA cross (calm-tuned)
3922,0.6710861805201428,0.6550551233641175,0.26397400346014327,-0.21839394713651894,3.12,0.6666666666666666,0.22784810126582278,0.4434566336642486,0.4349779700102002,-0.46538699930818095,0.010671635368225029,0.480645430726465,B,STE,SuperTrend (calm-tuned)
3922,0.6899541050484447,0.5800672550536069,0.15135773591210297,-0.10701167230564879,1.6,0.75,0.3333333333333333,0.565954142465091,0.5123871251644678,-0.22843175509931835,0.160411229244515,0.480645430726465,B,STE,Online directional-change (calm-tuned)
3941,0.7604668865770109,0.6613979617970531,0.3778880381000356,0.040663673602418536,1.9333333333333333,0.7068965517241379,0.27768479776847976,0.3972108739637318,0.42750362296831557,0.08494685545141056,0.2665054234415511,0.35605344958659063,B,EWT,MODEL calm
3941,0.7619893428063943,0.7016167864001882,0.41651481672236457,-0.05685351364550228,2.1333333333333333,0.734375,0.23668005354752342,0.4734606436130292,0.5137407341936943,-0.16000443400213984,0.12663940222818942,0.35605344958659063,B,EWT,Crypto model C
3941,0.6934788124841411,0.6617323803785655,0.30932930761985417,0.013960453764189112,1.8666666666666667,0.6964285714285714,0.2859832635983264,0.37409959632676754,0.5270387691401263,0.01891715670362472,0.25274008245294444,0.35605344958659063,B,EWT,EMA cross (calm-tuned)
3941,0.6648058868307536,0.6757907049445431,0.3231841525624579,-0.1479547745904429,3.8666666666666667,0.6206896551724138,0.16581196581196583,0.32135139264035706,0.3922595433355303,-0.40208619269961227,-0.034806627630116535,0.35605344958659063,B,EWT,SuperTrend (calm-tuned)
3941,0.7538695762496829,0.7050601615650176,0.41133093632346457,0.027180145293367788,1.2666666666666666,0.868421052631579,0.2943215892053973,0.538236001925428,0.5581280476256757,0.05701081563137197,0.2681985728115734,0.35605344958659063,B,EWT,Online directional-change (calm-tuned)
1407,0.8287135749822317,0.7786281533313897,0.593488588935298,0.24927087862476913,1.1666666666666667,0.9285714285714286,0.2771855010660981,0.4417987798746074,0.500361433537887,0.7399706567390082,0.7614233121741761,0.4468408545165198,B,STJ-201701,MODEL calm
1407,0.8237384506041222,0.802202646229886,0.5996932766429942,0.2303244129936416,1.3333333333333333,0.875,0.19080996884735202,0.4673126532674035,0.46105713865178444,0.6815592243828072,0.7603483408992145,0.4468408545165198,B,STJ-201701,Crypto model C
1407,0.7526652452025586,0.7405174448470713,0.46298266662249066,0.2029852405454161,0.8333333333333334,1.0,0.316171562082777,0.4086802955024399,0.5397366621133772,0.6032632195426492,0.7462938252848599,0.4468408545165198,B,STJ-201701,EMA cross (calm-tuned)
1407,0.6943852167732765,0.7294209116025935,0.4290072418388113,0.05374832541788041,2.3333333333333335,0.7142857142857143,0.14152202937249664,0.36958293121512265,0.4372807443116603,0.14296739830949157,0.4530653166169826,0.4468408545165198,B,STJ-201701,SuperTrend (calm-tuned)
1407,0.7036247334754797,0.6434913296402738,0.29862496397248756,0.10568775125208643,1.0,1.0,0.5022066458982347,0.5348183831462423,0.6544283104419564,0.3093989733369258,0.49506060407068675,0.4468408545165198,B,STJ-201701,Online directional-change (calm-tuned)
1225,0.9510204081632653,0.5511410866772463,0.07299494986852467,0.42128650424678743,2.0,0.75,0.4318181818181818,0.2815433670127012,0.9089314754679204,0.5075552322215681,0.6444920762642103,0.6756951557166795,B,SIAL-201511,MODEL calm
1225,0.9085714285714286,0.618775032116678,0.11318264276999593,0.34776772502632175,2.0,0.75,0.3409090909090909,0.20205651366603736,0.8151002111218759,0.4183197359354036,0.634307179414804,0.6756951557166795,B,SIAL-201511,Crypto model C
1225,0.8702040816326531,0.46537066424846973,-0.028999866465648387,0.14271055651220904,5.0,0.6,0.4772727272727273,0.3744382597624825,1.2741696445381012,0.16390319318012564,0.49171100956552927,0.6756951557166795,B,SIAL-201511,EMA cross (calm-tuned)
1225,0.6302040816326531,0.521669311569561,0.011944424583845223,-0.2598661573946093,10.5,0.5238095238095238,0.29545454545454547,0.13316893819974865,0.6465473575422733,-0.33461000232218746,0.21366749594884762,0.6756951557166795,B,SIAL-201511,SuperTrend (calm-tuned)
1225,0.9093877551020408,0.5522557243255498,0.05140053090298625,0.1879628236126863,2.0,0.75,0.4090909090909091,0.2933203325723311,1.0384028459018693,0.22424274293973598,0.5196293908237642,0.6756951557166795,B,SIAL-201511,Online directional-change (calm-tuned)
3913,0.7674418604651163,0.6551606288448394,0.3391585933527451,-0.019512171081416816,2.0,0.7307692307692307,0.2566666666666667,0.427863720727154,0.4409362260937792,-0.05849777209583313,0.0830322219652367,0.1859817077610893,B,VNQ,MODEL calm
3913,0.771786353181702,0.7325918762088974,0.43854065993192576,-0.03239676558616028,1.9230769230769231,0.76,0.18523809523809523,0.4778057568233358,0.4847896985406451,-0.08542332759758113,0.073543328007413,0.1859817077610893,B,VNQ,Crypto model C
3913,0.6547406082289803,0.6304930605042587,0.23277759358140096,-0.2663040241454343,2.923076923076923,0.6578947368421053,0.2723593804588331,0.4822029707015253,0.5263500720834903,-0.594571025155589,-0.33137560395378374,0.1859817077610893,B,VNQ,EMA cross (calm-tuned)
3913,0.6394071045233836,0.6699243272591537,0.29549232146337007,-0.14014298818131182,3.269230769230769,0.6588235294117647,0.10551948051948051,0.3220605473152416,0.4287595739611768,-0.3272993206505757,-0.1259579069349021,0.1859817077610893,B,VNQ,SuperTrend (calm-tuned)
3913,0.6634295936621518,0.6453670443032145,0.2586917702317377,-0.08582388604211377,1.2307692307692308,0.8125,0.2366666666666667,0.45451099458389654,0.4582679400821138,-0.19398037832619952,-0.005903024650067758,0.1859817077610893,B,VNQ,Online directional-change (calm-tuned)
3948,0.7350557244174265,0.688313992136161,0.4024415551035428,-0.03753537873331694,2.066666666666667,0.7258064516129032,0.2728003214142226,0.43293922729327605,0.44203546245582326,-0.1027810629566215,0.11185555728215715,0.2728868745621058,B,UHS,MODEL calm
3948,0.7507598784194529,0.7272238153069996,0.45661962638961645,0.026034361949835178,1.8,0.7777777777777778,0.31481481481481477,0.4131429252149888,0.4491887046695091,0.05245149645562292,0.22542675300132575,0.2728868745621058,B,UHS,Crypto model C
3948,0.6735055724417427,0.652861412021108,0.30178961986321,0.03250379427328147,1.6666666666666667,0.74,0.34318429661941113,0.4457686669331029,0.4882345133477681,0.06886655337054812,0.2604141522659567,0.2728868745621058,B,UHS,EMA cross (calm-tuned)
3948,0.7213779128672746,0.7307600086552913,0.44390269076187033,-0.061717591615536235,2.533333333333333,0.6842105263157895,0.18767208455457857,0.32111224734118216,0.42283739552978783,-0.16396661132719753,0.08633370077844273,0.2728868745621058,B,UHS,SuperTrend (calm-tuned)
3948,0.6757852077001013,0.6489441129398554,0.2974346585097997,-0.11786447692039842,1.8,0.7777777777777778,0.3508771929824561,0.4542465796110554,0.4774599983786562,-0.29546144747192116,-0.01570118859254837,0.2728868745621058,B,UHS,Online directional-change (calm-tuned)
2778,0.714902807775378,0.693174878821419,0.40769634443439884,-0.09231983511929706,2.4,0.7083333333333334,0.18930618217290573,0.5032506261687983,0.4628452940607216,-0.22097716635385906,-0.16315945812683139,-0.05754181476543916,B,DISCK,MODEL calm
2778,0.7350611951043916,0.7392481839115554,0.4732070673961418,-0.14234948340808753,2.6,0.6923076923076923,0.24486373165618447,0.4951090601162623,0.5650159198336976,-0.3359371402731566,-0.2614536851027912,-0.05754181476543916,B,DISCK,Crypto model C
2778,0.6969042476601872,0.6995661743190463,0.39478665745943464,-0.1808993462027087,2.3,0.6956521739130435,0.2980952380952381,0.5688458774713272,0.5959263676794441,-0.4224446374740564,-0.31005483329227634,-0.05754181476543916,B,DISCK,EMA cross (calm-tuned)
2778,0.6706263498920086,0.6766965001335827,0.34959163766789364,-0.047530323363045954,3.05,0.6721311475409836,0.2094150766343447,0.3862397114869779,0.36066182064409125,-0.12186346804208839,-0.12198440562435309,-0.05754181476543916,B,DISCK,SuperTrend (calm-tuned)
2778,0.7138228941684666,0.713412656005496,0.4230706122488653,-0.03963597989604945,1.8,0.7777777777777778,0.291723635037827,0.5581006368246394,0.5713159401108828,-0.09831130451146834,-0.10280877667271394,-0.05754181476543916,B,DISCK,Online directional-change (calm-tuned)
3932,0.6780264496439471,0.7170369303621877,0.41986921510911945,0.10350751117924988,3.2083333333333335,0.6493506493506493,0.15648625429553265,0.3420240993113612,0.304775612271567,0.21151945636456349,-0.021690496733425314,-0.24497687475025262,B,LUMN,MODEL calm
3932,0.7403357070193286,0.7362789239833456,0.4586040095279929,0.08486865938477259,2.7083333333333335,0.6923076923076923,0.11669092673459486,0.3548245081966266,0.34981548691508213,0.17318972097330954,-0.05187217573811993,-0.24497687475025262,B,LUMN,Crypto model C
3932,0.6922685656154629,0.6686339705116204,0.33441917848826863,0.04831347057640767,2.375,0.6842105263157895,0.2530402930402931,0.37704384241156297,0.40066296489439385,0.0962196562285244,-0.1067987412805633,-0.24497687475025262,B,LUMN,EMA cross (calm-tuned)
3932,0.7301627670396744,0.714410987760473,0.4220823963912582,0.04956031680161263,3.625,0.6436781609195402,0.10702614379084967,0.2902455733994328,0.29180996315588564,0.09530874402158866,-0.10756663530568522,-0.24497687475025262,B,LUMN,SuperTrend (calm-tuned)
3932,0.7316887080366226,0.7366423400947931,0.45543950892090684,0.0618071561463548,2.4583333333333335,0.711864406779661,0.12199008498583569,0.33832414570851,0.35581930439020015,0.12474130711619627,-0.08604364939637504,-0.24497687475025262,B,LUMN,Online directional-change (calm-tuned)
3313,0.7787503773015394,0.7346574944097963,0.5071357367206903,0.43375484708180223,2.2857142857142856,0.6875,0.2125,0.4558732051928279,0.41921964048912874,0.32484970090397486,0.14119025039774616,-0.23699584523038447,B,SIVB,MODEL calm
3313,0.778146694838515,0.7527815438786778,0.5147001849178346,0.27506143422437757,2.2857142857142856,0.6875,0.175,0.3416907188823835,0.39440622149650406,0.20533710375581882,-0.05863455512488235,-0.23699584523038447,B,SIVB,Crypto model C
3313,0.7383036522789013,0.7313994568955016,0.4527347709919314,0.4449875775410887,1.9523809523809523,0.6585365853658537,0.24,0.4266835375977184,0.5305599130189902,0.3335660576120108,0.4121434038653579,-0.23699584523038447,B,SIVB,EMA cross (calm-tuned)
3313,0.6966495623302144,0.698238250747653,0.38353969293884965,0.3158293781140776,2.857142857142857,0.6666666666666666,0.16853932584269662,0.3551059249608549,0.4407982559725695,0.23560031816313137,-0.003010705112856842,-0.23699584523038447,B,SIVB,SuperTrend (calm-tuned)
3313,0.7564141261696348,0.7210993346773402,0.4606168384595436,0.19610985750649285,1.7142857142857142,0.7222222222222222,0.22,0.4558732051928279,0.4902958975847903,0.14632081007531214,-0.11914265751479329,-0.23699584523038447,B,SIVB,Online directional-change (calm-tuned)
3948,0.8391590678824722,0.7800588831201722,0.6022115701774807,0.24939706332992478,2.0434782608695654,0.7446808510638298,0.155,0.3180820659276282,0.445237365937854,0.586367164351628,0.6941002236713046,0.5499585326560623,B,AMAT,MODEL calm
3948,0.8662613981762918,0.8463650996970612,0.6860872581936831,0.28284773892344733,1.9565217391304348,0.7555555555555555,0.11643835616438356,0.2849141188422875,0.41011223970192007,0.6664416612080961,0.7892074510651189,0.5499585326560623,B,AMAT,Crypto model C
3948,0.7993920972644377,0.7668101810814234,0.5287372292457472,0.1822759181523163,1.434782608695652,0.8181818181818182,0.155,0.35514078148616646,0.44964958781256265,0.42860846963618743,0.6273712586195537,0.5499585326560623,B,AMAT,EMA cross (calm-tuned)
3948,0.7545592705167173,0.7682621686911291,0.4977709847692057,-0.05295064416099611,3.869565217391304,0.6179775280898876,0.11643835616438356,0.24706008807892224,0.3842423262866286,-0.14042288094513972,0.29300885574572527,0.5499585326560623,B,AMAT,SuperTrend (calm-tuned)
3948,0.8300405268490375,0.7906666114688148,0.5909345420140157,0.17698997848979672,1.7826086956521738,0.7804878048780488,0.15789473684210525,0.292503599396305,0.45088747316959304,0.4146657779912768,0.6135155311575734,0.5499585326560623,B,AMAT,Online directional-change (calm-tuned)
3913,0.7886532072578584,0.7824232891490854,0.5822770958501144,0.16041893228648044,1.8461538461538463,0.7291666666666666,0.13688261298222182,0.3256898539115095,0.42593825974043675,0.38591146891932887,0.21496227789793076,-0.09400115085643616,B,MAC,MODEL calm
3913,0.8297981088678763,0.8303834939699667,0.6597763126683995,0.10632283029328876,1.4615384615384615,0.8157894736842105,0.1355737704918033,0.5372044811851872,0.46965959501093824,0.2548225940911869,0.12264717339331747,-0.09400115085643616,B,MAC,Crypto model C
3913,0.7848198313314593,0.785580367767551,0.5702273708132347,0.11117876453592339,1.6153846153846154,0.7142857142857143,0.20660883628611335,0.44905874834859916,0.5151160037545095,0.26608649098262893,0.1445777850905374,-0.09400115085643616,B,MAC,EMA cross (calm-tuned)
3913,0.7319192435471505,0.7377677291784833,0.48228391902959966,0.07131803449670782,2.423076923076923,0.6825396825396826,0.12940355772584583,0.30977784019476007,0.4183432900641605,0.16511015413800395,0.06197213085449525,-0.09400115085643616,B,MAC,SuperTrend (calm-tuned)
3913,0.7661640684896499,0.7687646321223641,0.5375938035661294,0.04801852815410885,1.3076923076923077,0.8529411764705882,0.21917269581629442,0.47996858565646583,0.468448013187073,0.11247438247835097,0.014547423334330225,-0.09400115085643616,B,MAC,Online directional-change (calm-tuned)
1494,0.5977242302543507,0.6092721459469626,0.22313413446821864,-0.18376818448226478,2.4615384615384617,0.6875,0.3826086956521739,0.4180571112587176,0.47576169368373505,-0.5061001373556286,-0.40326492706574624,-0.0619152655174241,B,AMCC-201701,MODEL calm
1494,0.6867469879518072,0.6827357098421609,0.3664268882730577,0.04192025503283113,1.3846153846153846,0.8888888888888888,0.391304347826087,0.4892130436650321,0.49547477166789844,0.10685811759560282,0.03811882627862256,-0.0619152655174241,B,AMCC-201701,Crypto model C
1494,0.6298527443105756,0.627312972902591,0.25424071654107067,-0.10681097274864032,2.0,0.7307692307692307,0.5739130434782609,0.5944598898968271,0.5668976445829683,-0.2965932720129983,-0.3061298523063893,-0.0619152655174241,B,AMCC-201701,EMA cross (calm-tuned)
1494,0.6800535475234271,0.6807319772572735,0.3599001015475255,-0.011696640319295806,1.8461538461538463,0.75,0.22727272727272727,0.4150915641329122,0.40421486899464787,-0.03961856956628198,-0.08176255178645873,-0.0619152655174241,B,AMCC-201701,SuperTrend (calm-tuned)
1494,0.7295850066934404,0.7230110964829791,0.4514362865591492,0.09112946802572003,1.0,1.0,0.33070866141732286,0.48983099096348015,0.5472013944567312,0.2411560993031248,0.15067991258943442,-0.0619152655174241,B,AMCC-201701,Online directional-change (calm-tuned)
2714,0.7675018422991894,0.6484193131807445,0.33713606892156056,0.06740994597382176,1.44,0.7777777777777778,0.363607793840352,0.43712206125103814,0.4446808636385806,0.14613838696171463,0.22003027217842341,0.18819521217393176,B,XLRE,MODEL calm
2714,0.7700810611643331,0.7271400089491541,0.4335212199611304,-0.01204609105949271,1.56,0.7692307692307693,0.29717804945307474,0.4607020988978036,0.4685450518508305,-0.04668682868486215,0.1012464450860071,0.18819521217393176,B,XLRE,Crypto model C
2714,0.6374355195283714,0.5996499634670609,0.18040403442098546,-0.26472919473815504,2.28,0.6491228070175439,0.4291666666666667,0.5284274371728761,0.5826456891041678,-0.6643543459439302,-0.37545217965110445,0.18819521217393176,B,XLRE,EMA cross (calm-tuned)
2714,0.5987472365512159,0.626886827185038,0.22225768031906593,-0.16072491115418847,2.4,0.7,0.20809943865276664,0.36660359140686344,0.5364965034761127,-0.414638726048904,-0.19537752024946778,0.18819521217393176,B,XLRE,SuperTrend (calm-tuned)
2714,0.7103905674281503,0.6228851959468262,0.24554310758699177,-0.1776636283165436,1.6,0.725,0.2482882882882883,0.40807675398136045,0.45423772038452725,-0.4462207895259806,-0.16992210318707224,0.18819521217393176,B,XLRE,Online directional-change (calm-tuned)
3949,0.7880476069891111,0.7116708080852114,0.41390984950183046,0.148153552481615,1.7692307692307692,0.782608695652174,0.2844517184942717,0.4009608063061317,0.3868039621086429,0.32199524783078215,0.5397415937139852,0.5754926535705636,B,WST,MODEL calm
3949,0.7515826791592808,0.7164147303718558,0.39054764079984067,0.04396234828903189,1.7692307692307692,0.782608695652174,0.25419715884631944,0.36963263212584846,0.5192686968358318,0.08898694915357899,0.42895630586865646,0.5754926535705636,B,WST,Crypto model C
3949,0.7287920992656368,0.6771361000915471,0.32220461890761276,0.06822307733579233,1.4615384615384615,0.8157894736842105,0.29800221975582686,0.4366348008455312,0.46332232826769976,0.14481737654786087,0.46266583916727955,0.5754926535705636,B,WST,EMA cross (calm-tuned)
3949,0.6895416561154722,0.7170186872429778,0.36802717624718495,0.05698166131656893,2.423076923076923,0.6984126984126984,0.149375807145932,0.32128077107790687,0.43031879065246925,0.1146441856280137,0.47898333875422605,0.5754926535705636,B,WST,SuperTrend (calm-tuned)
3949,0.762471511775133,0.7269755293023525,0.4118411495134153,0.08092036785531762,1.6153846153846154,0.8095238095238095,0.23532988750380054,0.4401480189253927,0.4380707975055028,0.17239505951015963,0.4646371170731501,0.5754926535705636,B,WST,Online directional-change (calm-tuned)
3947,0.7940207752723587,0.6641765524525624,0.3687374293870559,-0.012393983475482916,1.8275862068965518,0.7358490566037735,0.2,0.4094945275430793,0.43891990752808446,-0.03936239502939074,0.29407227718861834,0.5365786359414929,B,SNPS,MODEL calm
3947,0.7889536356726627,0.7101823414360344,0.41494124339122707,-0.012177779568466046,1.7586206896551724,0.7647058823529411,0.21428571428571427,0.4021551519727284,0.47881123568908335,-0.03845304645196642,0.3124613556134024,0.5365786359414929,B,SNPS,Crypto model C
3947,0.7588041550544717,0.6752770941957937,0.3413606906596296,-0.05820171156257891,1.8275862068965518,0.7169811320754716,0.3142857142857143,0.5459581172484786,0.605622987302958,-0.1451970748265941,0.24811890230681025,0.5365786359414929,B,SNPS,EMA cross (calm-tuned)
3947,0.7565239422346086,0.7513785269403448,0.44307789793990865,-0.03360242082749026,2.4482758620689653,0.704225352112676,0.1746987951807229,0.3519058530236468,0.47843379023253796,-0.09198585214415744,0.2989514382664602,0.5365786359414929,B,SNPS,SuperTrend (calm-tuned)
3947,0.7783126425133012,0.6917927235132724,0.38113682857442854,0.005319945147855169,1.5517241379310345,0.7555555555555555,0.23478260869565218,0.4639658239084095,0.46145147139114795,0.0031763749999434076,0.3366080826662666,0.5365786359414929,B,SNPS,Online directional-change (calm-tuned)
3940,0.7748730964467005,0.6903680048661801,0.4306593282785584,0.2798833446387033,1.68,0.7619047619047619,0.3389830508474576,0.38417393204085254,0.40316677614738583,0.5505116433946982,0.5466823499991997,0.11940727308765003,B,MTG,MODEL calm
3940,0.7697969543147208,0.7068582725060827,0.4351048351704752,0.06595980747411043,1.76,0.7727272727272727,0.39166666666666666,0.5003570827116413,0.48993017980626374,0.12581330877594998,0.19492937453109366,0.11940727308765003,B,MTG,Crypto model C
3940,0.734263959390863,0.7140967153284672,0.4093992998738119,0.13471798858081177,1.68,0.7619047619047619,0.29069767441860467,0.477543257242443,0.4675149223716929,0.2623992434288198,0.3917274842742543,0.11940727308765003,B,MTG,EMA cross (calm-tuned)
3940,0.733248730964467,0.7496654501216544,0.46247514057277817,0.20464448203664945,2.72,0.6617647058823529,0.13432835820895522,0.3704749963389544,0.38859971610676336,0.39820346044772714,0.4886327706533668,0.11940727308765003,B,MTG,SuperTrend (calm-tuned)
3940,0.6687817258883249,0.5508607055961071,0.1222726342515996,0.07673146992438695,0.92,0.7391304347826086,0.6666666666666666,0.5393046085236185,0.5017267241623291,0.14954149611223744,0.20365199265743347,0.11940727308765003,B,MTG,Online directional-change (calm-tuned)
3948,0.7358156028368794,0.6302366767302978,0.32896488084906217,0.09643374426453488,2.142857142857143,0.7111111111111111,0.140625,0.3996225576460954,0.3984223090888468,0.16803677230173159,0.25513576218576,0.2205686169773879,B,IGF,MODEL calm
3948,0.7421479229989868,0.6792619793490502,0.37979171582143006,0.028051658502316928,2.4285714285714284,0.7058823529411765,0.12072892938496584,0.3332059350738972,0.3445139614342397,0.03450051425524606,0.1783326528915211,0.2205686169773879,B,IGF,Crypto model C
3948,0.7039007092198581,0.666293026755378,0.3279196255269363,-0.04406400050004621,2.7142857142857144,0.6666666666666666,0.22981366459627328,0.4195602827246549,0.44821223782912156,-0.10618309404486184,0.09252714216543464,0.2205686169773879,B,IGF,EMA cross (calm-tuned)
3948,0.6950354609929078,0.7079965644845307,0.3887469391512215,-0.13863545743324507,4.285714285714286,0.6222222222222222,0.08823529411764706,0.2911863589330929,0.35910294647846985,-0.3002994741116019,-0.0678131301161231,0.2205686169773879,B,IGF,SuperTrend (calm-tuned)
3948,0.7122593718338399,0.655434005924608,0.31999250729390877,-0.007292788285393922,1.5714285714285714,0.8181818181818182,0.19536423841059603,0.3962978810919516,0.3948081478995716,-0.026523367232608907,0.136304457664679,0.2205686169773879,B,IGF,Online directional-change (calm-tuned)
3941,0.7460035523978685,0.6957218476101666,0.4245671111914444,-0.014631792233777679,3.0952380952380953,0.6615384615384615,0.17687074829931973,0.3695798734929126,0.3912399510056137,-0.046587056745564195,0.134173629880976,0.265447001520472,B,TSN,MODEL calm
3941,0.7556457751839635,0.7477833458058905,0.4847604254102347,0.059084117990626246,2.4285714285714284,0.7058823529411765,0.1461187214611872,0.3738876848906688,0.3921503832720753,0.11569307245927293,0.26316026180418906,0.265447001520472,B,TSN,Crypto model C
3941,0.6965237249429079,0.6896889827486904,0.36841834950276536,0.15622521142670673,2.142857142857143,0.6888888888888889,0.210727969348659,0.3300857600341705,0.4709891554751142,0.32673033315143757,0.43087095450846613,0.265447001520472,B,TSN,EMA cross (calm-tuned)
3941,0.6708957117482872,0.6779592284515352,0.3418658886232857,-0.1037645543790161,3.9523809523809526,0.6144578313253012,0.08092485549132948,0.2966987364760515,0.39306143754937495,-0.24312450378004094,0.01635836249724532,0.265447001520472,B,TSN,SuperTrend (calm-tuned)
3941,0.7315402182187262,0.7023541788290424,0.40992495536074297,0.08684141508628382,1.619047619047619,0.8235294117647058,0.2545454545454545,0.47197817659748675,0.476367158164276,0.17948201398806346,0.2985090276791163,0.265447001520472,B,TSN,Online directional-change (calm-tuned)
3830,0.6953002610966057,0.7057754345418652,0.4377006288934545,-0.20855201372345686,3.1818181818181817,0.6142857142857143,0.14382763975155277,0.3669078931031666,0.40947840648788325,-0.3802173831135452,-0.24959838458494182,-0.010531424083666932,B,CTRA,MODEL calm
3830,0.739686684073107,0.7411217658310681,0.48158885347429436,-0.19553257783892028,2.5454545454545454,0.6785714285714286,0.16674375578168363,0.47979889504640194,0.45534122590190057,-0.3550488151878631,-0.2579275036525884,-0.010531424083666932,B,CTRA,Crypto model C
3830,0.72088772845953,0.7214864045627443,0.4422585190419871,-0.04742069366650665,2.4545454545454546,0.6851851851851852,0.200781102955016,0.5425335187151259,0.5182158185142408,-0.09201214346434358,-0.07347344923874857,-0.010531424083666932,B,CTRA,EMA cross (calm-tuned)
3830,0.7590078328981723,0.7625334305061302,0.5265468063727056,-0.1493897116183397,3.1818181818181817,0.6142857142857143,0.06811417748917749,0.36079027146471965,0.3065964408889019,-0.2752405311057206,-0.19577779435865766,-0.010531424083666932,B,CTRA,SuperTrend (calm-tuned)
3830,0.7164490861618799,0.7153783611063692,0.43089112611725444,-0.15694006652679082,1.5454545454545454,0.7941176470588235,0.2548850232336471,0.6318164693404269,0.6075470454751022,-0.2833449705562729,-0.21189376297680837,-0.010531424083666932,B,CTRA,Online directional-change (calm-tuned)
796,0.7286432160804021,0.6823474615742897,0.35428685517162667,0.149302360274266,2.6666666666666665,0.6875,0.18200146627565983,0.28510898796813144,0.33363091805028483,0.3996277401480382,0.5738237731949395,0.5446598047954344,B,SWY-201501,MODEL calm
796,0.6884422110552764,0.7050147492625369,0.37164490293805963,0.09822270392736968,2.1666666666666665,0.7692307692307693,0.24121173585248434,0.3123992496355312,0.3796825464156085,0.26042152795545004,0.5374992800300283,0.5446598047954344,B,SWY-201501,Crypto model C
796,0.664572864321608,0.6416162086632511,0.2623680751251675,0.1185548324074046,2.0,0.6666666666666666,0.38018893632482514,0.29182428963952933,0.35709821523341206,0.31810926752289187,0.5461348596542027,0.5446598047954344,B,SWY-201501,EMA cross (calm-tuned)
796,0.7185929648241206,0.7647880763856545,0.47762423114924996,0.29783625732242175,2.1666666666666665,0.7692307692307693,0.14446444644464446,0.21109665699843078,0.3291528111724216,0.8173892974496271,0.9369805030126164,0.5446598047954344,B,SWY-201501,SuperTrend (calm-tuned)
796,0.6432160804020101,0.6467318739326191,0.26627680751057164,0.09032096377763893,1.6666666666666667,0.8,0.25038604777908985,0.36222292317039856,0.3910007030003656,0.2414599919251692,0.5248802828410933,0.5446598047954344,B,SWY-201501,Online directional-change (calm-tuned)
3897,0.7998460354118553,0.6828263738120929,0.37209473705147883,0.03376056341192991,2.3636363636363638,0.6923076923076923,0.3017211703958692,0.40582870203420895,0.4066670577124589,0.0587679908902022,0.25883818359163285,0.3849274696847899,B,EW,MODEL calm
3897,0.7549396972029766,0.7255215578320615,0.3903663243249388,-0.20587361855402855,2.8181818181818183,0.6612903225806451,0.28156858202038926,0.4347186604320923,0.4622611277736815,-0.43278364350794524,-0.029946124323973613,0.3849274696847899,B,EW,Crypto model C
3897,0.7159353348729792,0.6982204144511901,0.3340595054567625,-0.0797134077320126,2.272727272727273,0.62,0.34169369786839665,0.41146289015079274,0.45764310074975906,-0.17258729244311988,0.13847682991709814,0.3849274696847899,B,EW,EMA cross (calm-tuned)
3897,0.6548627149089042,0.6598827855852107,0.26139876470690093,-0.12339414552513821,3.727272727272727,0.6341463414634146,0.20417841579082285,0.35998662409315463,0.40670481717600815,-0.2681411603332285,0.0856038414857418,0.3849274696847899,B,EW,SuperTrend (calm-tuned)
3897,0.8039517577623814,0.7337554520222046,0.43883695923359134,0.06796145360467364,1.6363636363636365,0.7777777777777778,0.29189560439560436,0.4077121604413774,0.3993712730647233,0.13174744277317546,0.31415873175109177,0.3849274696847899,B,EW,Online directional-change (calm-tuned)
3945,0.776679340937896,0.704528767854759,0.4475259572785797,-0.03648048025267822,1.9375,0.7096774193548387,0.19719827586206895,0.45712936971944684,0.5125954535173192,-0.1062419850734073,0.16892158894058265,0.3862190187246358,B,HUM,MODEL calm
3945,0.7503168567807351,0.7218166304069388,0.43272867258251885,-0.17787985800212314,2.1875,0.7285714285714285,0.2302726513252829,0.5328387375206659,0.5698767505994092,-0.47301381598552755,-0.058432268099919075,0.3862190187246358,B,HUM,Crypto model C
3945,0.7133079847908745,0.6792015283204711,0.34921872560017175,-0.11978364635246924,1.8125,0.7068965517241379,0.3118181818181818,0.6118479968276429,0.5240828687226229,-0.32057637697315156,0.04305390428412569,0.3862190187246358,B,HUM,EMA cross (calm-tuned)
3945,0.6930291508238277,0.716485007233906,0.40066590609140995,-0.2768267530499441,3.03125,0.6597938144329897,0.13862099545504933,0.42900794176290796,0.4277832108641121,-0.7343244150030037,-0.2588455736919128,0.3862190187246358,B,HUM,SuperTrend (calm-tuned)
3945,0.782256020278834,0.739521660226506,0.48485485416502444,-0.030404235508213983,1.375,0.8181818181818182,0.24986709197235513,0.5483505658359964,0.5378631649980965,-0.08704880651800857,0.19463645965584145,0.3862190187246358,B,HUM,Online directional-change (calm-tuned)
3874,0.752194114610222,0.5805886784610188,0.1812869073590054,-0.003330332220940761,2.347826086956522,0.6851851851851852,0.29411764705882354,0.450843837813866,0.41369510216462024,-0.018610289101571125,0.3435067755781342,0.5972517012398709,B,MSCI,MODEL calm
3874,0.6982447083118224,0.6013431013431014,0.185633676179344,-0.1200135289823623,2.4347826086956523,0.7142857142857143,0.28640776699029125,0.450843837813866,0.5130763412604026,-0.26394321839269214,0.21652546239121565,0.5972517012398709,B,MSCI,Crypto model C
3874,0.7057305110996386,0.6118982672174161,0.20514928046364175,-0.02784141516822008,2.260869565217391,0.6538461538461539,0.37662337662337664,0.5418082256249704,0.4684088117586769,-0.06962487471638976,0.3270398297236255,0.5972517012398709,B,MSCI,EMA cross (calm-tuned)
3874,0.6672689726381001,0.6625802093887201,0.2712306548326357,-0.06603150468563937,2.9565217391304346,0.6764705882352942,0.17898832684824903,0.3199812851132201,0.38278259264584774,-0.15319512505546537,0.3215413514674235,0.5972517012398709,B,MSCI,SuperTrend (calm-tuned)
3874,0.7367062467733608,0.6158989946223989,0.22708108451033382,0.016900470630545453,1.565217391304348,0.8055555555555556,0.33766233766233766,0.5201424214764466,0.4925945036289824,0.02772422344169254,0.40991655660983467,0.5972517012398709,B,MSCI,Online directional-change (calm-tuned)
3940,0.7654822335025381,0.664658997537461,0.38679627098679786,0.07507089985672284,2.5,0.68,0.1925925925925926,0.3564924902811867,0.3497102857951457,0.12852644223473078,0.23231634938213,0.2496806882567651,B,UNM,MODEL calm
3940,0.7416243654822335,0.6893971770262333,0.3793616947149899,0.031145568010587373,2.4,0.6875,0.1686868686868687,0.3942728791615677,0.39708701480730707,0.04816587239004303,0.19431065604456604,0.2496806882567651,B,UNM,Crypto model C
3940,0.7360406091370558,0.7191772419255207,0.4147067677692832,0.0021919871949731373,2.9,0.6379310344827587,0.2314681970349115,0.4461919879674403,0.4795313439249743,-0.0069524433691455405,0.1850193191697185,0.2496806882567651,B,UNM,EMA cross (calm-tuned)
3940,0.6890862944162437,0.6910307837449565,0.3526701896970209,-0.12915905099815525,4.0,0.6125,0.09343339587242026,0.2579225979238185,0.3848319879469837,-0.2526341728619568,-0.0022907461603446444,0.2496806882567651,B,UNM,SuperTrend (calm-tuned)
3940,0.716751269035533,0.6781783948597242,0.3453017360305174,0.037799161017918755,1.55,0.7741935483870968,0.2162570888468809,0.43504985366088106,0.5193647267767314,0.06361201740133125,0.214703615341337,0.2496806882567651,B,UNM,Online directional-change (calm-tuned)
1950,0.838974358974359,0.6911527121450786,0.4335611533339322,0.037036770654778846,1.8333333333333333,0.7272727272727273,0.18032345013477089,0.5617905239321153,0.5215293086336489,0.056982332352590585,0.266106510135556,0.40812274986349606,B,PX-201810,MODEL calm
1950,0.7538461538461538,0.6875833030413183,0.3314285440615485,-0.21746600748944833,2.0,0.75,0.46923707957342087,0.5606921464055677,0.6276084220277773,-0.4437116475420632,-0.023287898401227677,0.40812274986349606,B,PX-201810,Crypto model C
1950,0.737948717948718,0.7018356961105052,0.3428197161717773,-0.1571978633727659,2.5,0.6333333333333333,0.3821446018563752,0.4171706623134013,0.5491199222787122,-0.3297178045296976,0.051116595079704896,0.40812274986349606,B,PX-201810,EMA cross (calm-tuned)
1950,0.6856410256410257,0.7216365765984087,0.3546829927920666,-0.18353664304322861,2.8333333333333335,0.6470588235294118,0.3099378881987578,0.384029495045465,0.5787023833140618,-0.38439126383001315,0.018158340540759897,0.40812274986349606,B,PX-201810,SuperTrend (calm-tuned)
1950,0.8051282051282052,0.7284320853023143,0.42603190119402445,-0.09514953651263248,1.0,0.8333333333333334,0.5928571428571429,0.7368792126329111,0.732724271873745,-0.19521506804733546,0.13212231383544554,0.40812274986349606,B,PX-201810,Online directional-change (calm-tuned)
3317,0.688574012662044,0.6612191668529697,0.3477195078869965,0.00319394111301298,2.3076923076923075,0.7166666666666667,0.24166666666666667,0.3896032231101073,0.40606464398379066,-0.008090649027022431,0.13987483387841795,0.21762965529860473,B,NWS,MODEL calm
3317,0.6725957190232138,0.6622285565243312,0.3260339997635596,0.02946726457490029,1.8076923076923077,0.7872340425531915,0.2554347826086957,0.4663658545114633,0.5088921310288356,0.05990590965205113,0.20260794744069274,0.21762965529860473,B,NWS,Crypto model C
3317,0.6765149231233042,0.6700499292048587,0.3390923413109414,-0.03628180266846493,2.0384615384615383,0.7169811320754716,0.2647826086956522,0.45706171823890057,0.5783487559523124,-0.10317946517699264,0.08811331551125158,0.21762965529860473,B,NWS,EMA cross (calm-tuned)
3317,0.6997286704853783,0.7043885535434831,0.4037843660723587,-0.0239650920629155,2.3076923076923075,0.7166666666666667,0.14852941176470588,0.3628887005642061,0.4318854615472449,-0.0747942037752226,0.11273659147711997,0.21762965529860473,B,NWS,SuperTrend (calm-tuned)
3317,0.7048537835393428,0.6873435054773083,0.3858930643653865,0.06890406496304133,1.6153846153846154,0.7619047619047619,0.16666666666666666,0.40115284740794677,0.4356482071148571,0.15809722737758258,0.25841755539006933,0.21762965529860473,B,NWS,Online directional-change (calm-tuned)
3936,0.7075711382113821,0.6646515966795554,0.36547104219354803,-0.059257168655897224,1.75,0.75,0.1968124536693847,0.40924299067464015,0.4269741482332482,-0.1507158264327695,-0.029503298449415512,0.10188704205261227,B,IFF,MODEL calm
3936,0.6923272357723578,0.6706143363166861,0.347014714947774,-0.18711811618186852,1.875,0.75,0.23673925181462868,0.4451846622018723,0.48627353366176007,-0.44925329716991835,-0.2267560689622522,0.10188704205261227,B,IFF,Crypto model C
3936,0.6791158536585366,0.6677422058783765,0.3331716426170158,-0.0841438738746826,1.625,0.7692307692307693,0.3865826538176427,0.4904397419050992,0.5044580403393935,-0.20767271587614292,-0.0784465338878236,0.10188704205261227,B,IFF,EMA cross (calm-tuned)
3936,0.7116361788617886,0.7064329556823405,0.40726811799749313,-0.15479958766681184,2.375,0.7105263157894737,0.1621933621933622,0.42068632074441104,0.430349107859509,-0.3776282723005465,-0.197604344797063,0.10188704205261227,B,IFF,SuperTrend (calm-tuned)
3936,0.6996951219512195,0.6735267555363276,0.3579726783276599,-0.1824027928173591,1.5625,0.8,0.2111111111111111,0.4798606607847854,0.5629183770045678,-0.43597469910039577,-0.21304483455480552,0.10188704205261227,B,IFF,Online directional-change (calm-tuned)
2189,0.680219278209228,0.6421532397142153,0.3196037189798105,0.02682270202456739,2.6,0.6666666666666666,0.16428571428571428,0.46805997166653834,0.46069034614098553,0.037771733769051,0.07866210479742665,0.06965951742662059,B,VICI,MODEL calm
2189,0.6893558702603929,0.6855752648435576,0.3675253650680449,-0.015624617183213077,2.1333333333333333,0.71875,0.2,0.5562719444731131,0.5122034413627157,-0.04295779869599738,0.021411871580609452,0.06965951742662059,B,VICI,Crypto model C
2189,0.6614892645043399,0.6542488676635018,0.30656207574061006,-0.117819540547545,2.1333333333333333,0.75,0.2376237623762376,0.5415002258114503,0.5541631824256964,-0.2438697309438565,-0.1408752368981737,0.06965951742662059,B,VICI,EMA cross (calm-tuned)
2189,0.6532663316582915,0.6588634942293479,0.3127836042232068,-0.11925818380213936,2.7333333333333334,0.6829268292682927,0.16666666666666666,0.438165704754832,0.4408003520492562,-0.25012250164896194,-0.16192272938560143,0.06965951742662059,B,VICI,SuperTrend (calm-tuned)
2189,0.6386477843764276,0.6185731612560881,0.242453326321452,0.003377134804299627,1.4,0.7142857142857143,0.20714285714285716,0.5663052334190719,0.6074014286840272,-0.0014052758588136763,0.0510298784317832,0.06965951742662059,B,VICI,Online directional-change (calm-tuned)
3905,0.7554417413572343,0.603969415761692,0.2411166365258698,0.05204580944511159,1.4375,0.8260869565217391,0.35519125683060104,0.4488126822603755,0.4931523013557106,0.12139715872610396,0.2931590868843247,0.36153245768076625,B,PLD,MODEL calm
3905,0.7385403329065301,0.6378167046307419,0.2749108055057336,0.06323931946310365,1.3125,0.8809523809523809,0.3572649572649573,0.508545706098688,0.5238321773711239,0.15088382745671355,0.34057345524746097,0.36153245768076625,B,PLD,Crypto model C
3905,0.6343149807938541,0.5579927689559624,0.10499064955816845,-0.1332586113683553,1.9375,0.7096774193548387,0.454518779342723,0.5086286366998309,0.5633772823479282,-0.35452055647831265,0.005139763990036259,0.36153245768076625,B,PLD,EMA cross (calm-tuned)
3905,0.6583866837387964,0.6431453509871754,0.2482987617639709,-0.05371564483685729,2.21875,0.6901408450704225,0.23907766990291263,0.3871815039762957,0.46177781029849696,-0.15398428982177637,0.155375924426754,0.36153245768076625,B,PLD,SuperTrend (calm-tuned)
3905,0.698079385403329,0.5974097632952672,0.18872375702707436,0.025917600082263417,0.8125,0.9230769230769231,0.5131455399061033,0.5945607444723754,0.5404877348685648,0.059697631504512357,0.2697776689329933,0.36153245768076625,B,PLD,Online directional-change (calm-tuned)
3949,0.7460116485186123,0.6882462589965308,0.38482187013167907,0.143733320455168,1.625,0.7884615384615384,0.2964817668207499,0.38616342016931726,0.42400297073195775,0.3742601780438795,0.3573028609062307,0.1910845242592224,B,ILMN,MODEL calm
3949,0.713345150671056,0.6885235790582996,0.35985859992303076,0.11504875365906425,1.5,0.8333333333333334,0.2537878787878788,0.5013123233744545,0.49168241469135077,0.29861298078014253,0.3284518036059308,0.1910845242592224,B,ILMN,Crypto model C
3949,0.69815143074196,0.6855351926925174,0.3483630718605907,0.04208365917259437,1.75,0.7142857142857143,0.3646179401993356,0.48342671338727,0.5328341325431865,0.10353492175814379,0.21670653542852908,0.1910845242592224,B,ILMN,EMA cross (calm-tuned)
3949,0.6758673081792859,0.7011278596251839,0.36933992955076056,0.057983457223842655,2.3125,0.7162162162162162,0.12448009506833037,0.4097199227004395,0.38573443533447604,0.1431355365510162,0.24700873083198296,0.1910845242592224,B,ILMN,SuperTrend (calm-tuned)
3949,0.7229678399594834,0.6977995620140045,0.3786090280534187,0.05270695821667029,1.3125,0.8809523809523809,0.29093523002421307,0.5551714357789066,0.5608366460367018,0.13382774807761613,0.21856128017570814,0.1910845242592224,B,ILMN,Online directional-change (calm-tuned)
3926,0.8548140601120734,0.6946233785627499,0.4417298611422632,0.16009940525897295,1.9,0.7368421052631579,0.26969696969696966,0.3575402364449257,0.42553611364426885,0.3133072549567181,0.5058022297306995,0.46366759960351245,B,MDY,MODEL calm
3926,0.8420784513499745,0.7542144358540983,0.48179028610749736,0.1769218024343243,2.2,0.7272727272727273,0.1463808703145196,0.33442042109586806,0.4380302460866634,0.3456209852354903,0.556171134348331,0.46366759960351245,B,MDY,Crypto model C
3926,0.8015792154865002,0.7291350750844516,0.40662459903607096,0.01890788541892039,2.2,0.7045454545454546,0.21930202498922877,0.3876864214400328,0.5811864533108371,0.024414778609067243,0.37035611446699107,0.46366759960351245,B,MDY,EMA cross (calm-tuned)
3926,0.6726948548140601,0.7091820919566756,0.321035504404821,-0.14522264149458075,4.5,0.6,0.10124552074904636,0.3241681826334097,0.42928295716984755,-0.3237952291178452,0.11845631370466206,0.46366759960351245,B,MDY,SuperTrend (calm-tuned)
3926,0.8318899643402955,0.7231054666730019,0.4326733143759175,0.1875292880360353,1.4,0.8214285714285714,0.22859025032938077,0.48051114970700465,0.4358411014419167,0.3723203181619122,0.5583296091232401,0.46366759960351245,B,MDY,Online directional-change (calm-tuned)
3931,0.7575680488425337,0.6672837162305219,0.3664475331834072,0.07600736263459133,2.0,0.7307692307692307,0.18857352325094262,0.3567147604158216,0.35459514046249796,0.17903811235615136,0.38302338113613243,0.4381195699563899,B,DXCM,MODEL calm
3931,0.7720681760366319,0.7169105388536792,0.43739788824625664,0.10417461773025137,1.8461538461538463,0.7708333333333334,0.18473193473193472,0.3520323638357038,0.37833152755796484,0.24851898094187194,0.46535907928636,0.4381195699563899,B,DXCM,Crypto model C
3931,0.6977868226914271,0.6664979962397006,0.3143201248075308,0.07623224308940624,1.7692307692307692,0.7391304347826086,0.245693248124479,0.35342312555933275,0.445836726905958,0.1804085589629522,0.43273134488550186,0.4381195699563899,B,DXCM,EMA cross (calm-tuned)
3931,0.6990587636733655,0.6887257263551847,0.3488781816425018,0.06509708102700121,2.923076923076923,0.6578947368421053,0.1299576943416182,0.26657892234880054,0.33400627465290367,0.1491305242896439,0.4434651608098482,0.4381195699563899,B,DXCM,SuperTrend (calm-tuned)
3931,0.7878402442126685,0.7348889152309871,0.4749944171370603,0.14261769986969222,1.3076923076923077,0.8823529411764706,0.22048496818082072,0.39198325486041996,0.406383755673577,0.3445347009315902,0.5216485023430665,0.4381195699563899,B,DXCM,Online directional-change (calm-tuned)
2516,0.6637519872813991,0.6801435581923387,0.35385087945953014,-0.10573385034232284,2.3333333333333335,0.7142857142857143,0.25,0.3670391486856511,0.4103650056582,-0.1681634346448024,-0.38044749988847687,-0.15205790449939013,B,CHK,MODEL calm
2516,0.7420508744038156,0.7370419199687492,0.4689709218015581,-0.012730509291685147,1.8571428571428572,0.7692307692307693,0.17857142857142858,0.3670391486856511,0.3893996937032669,-0.02206220489747999,-0.22797895821452452,-0.15205790449939013,B,CHK,Crypto model C
2516,0.6629570747217806,0.6371005151492957,0.2820022595697971,-0.021430307793474348,1.380952380952381,0.7241379310344828,0.27848101265822783,0.42886035705988623,0.43948379066488297,-0.03512832584046692,-0.23735199248593786,-0.15205790449939013,B,CHK,EMA cross (calm-tuned)
2516,0.6621621621621622,0.6432774237652286,0.28903960483944174,-0.024801215621737153,2.3333333333333335,0.7142857142857143,0.17857142857142858,0.36284805295101885,0.3680004245408245,-0.04150316362460335,-0.27947260694864695,-0.15205790449939013,B,CHK,SuperTrend (calm-tuned)
2516,0.7321144674085851,0.7310237066334627,0.45469717032955065,-0.14701318223521057,1.7619047619047619,0.7567567567567568,0.18181818181818182,0.3670391486856511,0.3893996937032669,-0.23210752148839364,-0.6028519755257745,-0.15205790449939013,B,CHK,Online directional-change (calm-tuned)
3948,0.8272543059777102,0.647705276409118,0.35267444788995456,0.19692366598812197,2.2941176470588234,0.6410256410256411,0.08759124087591241,0.33387363610493537,0.37861195632648936,0.35136122790428337,0.5696717112674281,0.6319920193111791,B,TJX,MODEL calm
3948,0.8006585612968592,0.7114836008988034,0.39435990073058647,0.06554525658761214,3.1176470588235294,0.660377358490566,0.08759124087591241,0.33387363610493537,0.3789276530155519,0.10652422968382717,0.459424379778373,0.6319920193111791,B,TJX,Crypto model C
3948,0.7626646403242148,0.6294813268179111,0.24917519704616034,-0.022737850786158503,3.4705882352941178,0.5932203389830508,0.12413793103448276,0.46649336143343584,0.4339757327921108,-0.057040279675697095,0.37072929148687067,0.6319920193111791,B,TJX,EMA cross (calm-tuned)
3948,0.6968085106382979,0.6879839189994044,0.3036052577880513,-0.03623402735865608,4.117647058823529,0.6285714285714286,0.09312638580931264,0.30305639952316543,0.4095370957812295,-0.08467342177531538,0.4131592815868738,0.6319920193111791,B,TJX,SuperTrend (calm-tuned)
3948,0.7907801418439716,0.7106494328333965,0.38410695346943813,-0.03354319202634251,2.2941176470588234,0.6666666666666666,0.27807486631016043,0.45714823960987994,0.3287164565130872,-0.07169647102510604,0.35967262490532076,0.6319920193111791,B,TJX,Online directional-change (calm-tuned)
3888,0.7309670781893004,0.6949062404923333,0.42808442522915147,-0.10141783606189764,2.2413793103448274,0.7230769230769231,0.24352331606217617,0.46624941334264186,0.4803729690994864,-0.2617784078336293,-0.17366949065878895,-0.005295979419192684,B,DLX,MODEL calm
3888,0.7330246913580247,0.7170378212406119,0.43983102390710377,-0.039827556171916606,1.9655172413793103,0.7543859649122807,0.18699186991869918,0.4463096623185326,0.47690225505601896,-0.108251460593107,-0.07835158100875349,-0.005295979419192684,B,DLX,Crypto model C
3888,0.7037037037037037,0.7023524183381609,0.3987979240301231,0.02419395484113529,1.6896551724137931,0.7142857142857143,0.208955223880597,0.4254098930193146,0.5104892005015715,0.05122859754857041,0.0381417113093888,-0.005295979419192684,B,DLX,EMA cross (calm-tuned)
3888,0.7121913580246914,0.7136931838326173,0.4203001007307385,0.0009821796639238015,2.586206896551724,0.68,0.11940298507462686,0.34449600438480854,0.3750495577337971,-0.010605014521785876,-0.012498892362421465,-0.005295979419192684,B,DLX,SuperTrend (calm-tuned)
3888,0.7507716049382716,0.7245973696382944,0.4720491841850183,0.06977625151570815,1.3448275862068966,0.8461538461538461,0.25,0.4864414992129993,0.5108660226521753,0.16555671674248018,0.10876046374835181,-0.005295979419192684,B,DLX,Online directional-change (calm-tuned)
3933,0.6788710907704043,0.6579682970054552,0.34038448769156743,0.002576688863026556,2.6666666666666665,0.6875,0.2936157151626765,0.4248072296413688,0.356256216889864,-0.023741927326993557,0.2445228754139206,0.4307765008529341,B,GLD,MODEL calm
3933,0.6864988558352403,0.6851445595273196,0.3684717011434042,0.02596921832860026,2.0,0.75,0.2606060606060606,0.4743908312731301,0.4954449564481786,0.04533595365939851,0.3235918706970595,0.4307765008529341,B,GLD,Crypto model C
3933,0.6595474192728197,0.6496844810200697,0.303432920781385,0.1202180990576429,1.5333333333333334,0.782608695652174,0.34942989005022396,0.5280913297122831,0.5227721318067089,0.29833229419427376,0.4529914878119859,0.4307765008529341,B,GLD,EMA cross (calm-tuned)
3933,0.7241291634884313,0.7257167380353041,0.4483782694432506,0.15267825710980676,2.933333333333333,0.6590909090909091,0.11636341283501353,0.35171436425114,0.3086567580311081,0.36759877091240084,0.5577758782272488,0.4307765008529341,B,GLD,SuperTrend (calm-tuned)
3933,0.6618357487922706,0.6552968260280598,0.31175059360577406,0.007436249081227945,1.6666666666666667,0.8,0.3024390243902439,0.5168176083389904,0.4954449564481786,0.00045901179637769106,0.2865696159796097,0.4307765008529341,B,GLD,Online directional-change (calm-tuned)
2613,0.7252200535782626,0.6457096160014194,0.31896219820337074,0.1424527756264458,1.8,0.7777777777777778,0.42633647798742136,0.4021183362386177,0.4048652917316101,0.3689483019405088,0.43460729645743656,0.273659842047739,B,CTLT,MODEL calm
2613,0.6915422885572139,0.6765806588097204,0.3348586334297279,0.02547623339254863,1.85,0.7567567567567568,0.43046055631554947,0.4756309508570541,0.4816195186718068,0.05872863990207414,0.2488648299606499,0.273659842047739,B,CTLT,Crypto model C
2613,0.653272101033295,0.6088581723387267,0.2127694430003184,-0.0020244152874001184,1.65,0.7272727272727273,0.445,0.4843463383699404,0.4960878608661725,-0.013176152060148574,0.1933187619564508,0.273659842047739,B,CTLT,EMA cross (calm-tuned)
2613,0.7428243398392652,0.7289377426861475,0.43769917153301174,0.1855245970599282,2.3,0.717391304347826,0.24095238095238097,0.2976410720689643,0.3692709017162348,0.4807955304085853,0.6014299137917187,0.273659842047739,B,CTLT,SuperTrend (calm-tuned)
2613,0.7064676616915423,0.6294000832554235,0.2782097895566093,0.1602956636228466,1.4,0.75,0.29841682932118846,0.32958806743930735,0.4816195186718068,0.41816951684018777,0.4598627999299046,0.273659842047739,B,CTLT,Online directional-change (calm-tuned)
3916,0.7617466802860061,0.7300645208435423,0.5076792538015759,-0.0030155495757038585,2.739130434782609,0.6825396825396826,0.16455696202531644,0.3764519874362756,0.3943598019516883,-0.018670208770166098,0.07305944551728118,0.1318324737439018,B,LKQ,MODEL calm
3916,0.7755362614913177,0.7625726450536885,0.5332416795077124,0.07190112574650102,2.130434782608696,0.7346938775510204,0.16842105263157894,0.41108736656280087,0.39479345603315724,0.1400293528817753,0.19519013121029136,0.1318324737439018,B,LKQ,Crypto model C
3916,0.7471910112359551,0.7431137647331907,0.4832493485597503,-0.08322317768915775,2.130434782608696,0.7346938775510204,0.20253164556962025,0.5537500645248713,0.4338235268865505,-0.1828892316811027,-0.04070987498888565,0.1318324737439018,B,LKQ,EMA cross (calm-tuned)
3916,0.7374872318692544,0.7356316465925601,0.46679777502592207,0.054656288800042856,2.739130434782609,0.6507936507936508,0.09302325581395349,0.2989002185500169,0.26626163922214996,0.10136706330456433,0.19191318186250667,0.1318324737439018,B,LKQ,SuperTrend (calm-tuned)
3916,0.7334014300306435,0.7160792733775221,0.4431408582775643,0.0016100934566865642,1.7826086956521738,0.7804878048780488,0.19262295081967212,0.5358644499044665,0.4877364062857242,-0.004716339113090633,0.08933107943795317,0.1318324737439018,B,LKQ,Online directional-change (calm-tuned)
3933,0.6737859140605136,0.6670011421112743,0.3580035829067866,0.05126660962144683,1.7777777777777777,0.75,0.26794871794871794,0.3962675242179562,0.4131777156456235,0.1320574608603805,0.1062964620785863,0.03380546371114229,B,FCX,MODEL calm
3933,0.669209255021612,0.6670733981306669,0.3364405255517337,-0.10173300680943151,2.0,0.7361111111111112,0.2758486149044089,0.5072211614939984,0.5000444078558719,-0.2876371343173117,-0.17828026740479613,0.03380546371114229,B,FCX,Crypto model C
3933,0.6211543351131452,0.6211348856723307,0.24209953946356122,-0.027263343517657652,1.4444444444444444,0.7692307692307693,0.36090909090909096,0.5009595499636,0.5008981779649436,-0.08125870465706347,-0.03719571281803036,0.03380546371114229,B,FCX,EMA cross (calm-tuned)
3933,0.7096364098652428,0.710404866792532,0.42060379949554955,-0.13878758140748468,2.5555555555555554,0.6956521739130435,0.20341659488946312,0.3699607856457079,0.38850137796495154,-0.39164202470128345,-0.27408571827932754,0.03380546371114229,B,FCX,SuperTrend (calm-tuned)
3933,0.6364098652428172,0.6338379600494137,0.2702365378191944,0.032548931735568394,1.2777777777777777,0.8478260869565217,0.2871685606060606,0.5217771235614299,0.5006437768829404,0.08315498094858303,0.08201619289614545,0.03380546371114229,B,FCX,Online directional-change (calm-tuned)
3833,0.8502478476389251,0.7250189851479254,0.4842863357174502,0.20347803061085287,1.56,0.7692307692307693,0.1744186046511628,0.4079173496602638,0.36253028017789524,0.47988266921567996,0.580817658151793,0.48881285684386794,B,HCA,MODEL calm
3833,0.8272893295069137,0.7761856125653896,0.5034961257688151,0.15657254514911914,1.44,0.7777777777777778,0.19112627986348124,0.4251643732513615,0.4222834386138632,0.36804363848435173,0.5571110414660525,0.48881285684386794,B,HCA,Crypto model C
3833,0.751891468823376,0.6684342037836231,0.30138149407845005,0.10494509749825522,1.92,0.7083333333333334,0.3237410071942446,0.43664826862633216,0.5145533902278889,0.24194982664050393,0.49237139683721687,0.48881285684386794,B,HCA,EMA cross (calm-tuned)
3833,0.7302374119488652,0.7235436120379509,0.3680319431847239,-0.08568662796601881,2.92,0.6301369863013698,0.21212121212121213,0.39679140640745375,0.4042840116130571,-0.21960925671024328,0.19231889864845292,0.48881285684386794,B,HCA,SuperTrend (calm-tuned)
3833,0.8171145316984085,0.7254606489260271,0.43314826045393623,0.18086337344710776,1.32,0.7878787878787878,0.12601626016260162,0.454175205360503,0.42061142603650864,0.4268702540663379,0.5374815839353165,0.48881285684386794,B,HCA,Online directional-change (calm-tuned)
3950,0.7627848101265823,0.6368701064043365,0.3164358047294635,-0.05619043926028786,2.5652173913043477,0.6779661016949152,0.23404255319148937,0.47555196855290094,0.44606872438538214,-0.1379336758804859,0.23565721698903208,0.5298322305937457,B,AON,MODEL calm
3950,0.7756962025316456,0.7503847955564478,0.4673434619461155,-0.0013465557015004135,2.391304347826087,0.7090909090909091,0.1276595744680851,0.4000109290209819,0.4876441331684954,-0.018462328699684935,0.352551584627053,0.5298322305937457,B,AON,Crypto model C
3950,0.7453164556962025,0.6723884092886301,0.34156888770055555,-0.1372678904276231,2.391304347826087,0.6909090909090909,0.25984251968503935,0.4624300324885046,0.5454559129290059,-0.3119192191575546,0.14351732139696832,0.5298322305937457,B,AON,EMA cross (calm-tuned)
3950,0.7278481012658228,0.7369855450712708,0.4226903442369585,-0.03811874935151459,3.347826086956522,0.6493506493506493,0.08187134502923976,0.30172901725673207,0.39755206273920085,-0.10406322298038038,0.33729272088693246,0.5298322305937457,B,AON,SuperTrend (calm-tuned)
3950,0.7227848101265822,0.6418624104932076,0.2816868392071269,-0.04818111659444497,1.8695652173913044,0.7674418604651163,0.21164021164021163,0.46258839231655835,0.5047924295157181,-0.1161493455666885,0.2724290579531135,0.5298322305937457,B,AON,Online directional-change (calm-tuned)
3446,0.7527568195008706,0.6600999956912695,0.35051937218214885,-0.0002538708155360961,2.269230769230769,0.6610169491525424,0.23816445182724252,0.4080902960233741,0.39192832660104465,-0.009594596927412052,0.22560899344956586,0.3513585236041079,B,FANG,MODEL calm
3446,0.720545560069646,0.67928047515354,0.3445820599641483,0.042801006384550117,2.076923076923077,0.7037037037037037,0.21205094599590013,0.3803613613138208,0.39077455735330857,0.09482187683498879,0.3185254978066325,0.3513585236041079,B,FANG,Crypto model C
3446,0.6741149158444574,0.6505694153052736,0.2796459146867359,0.053431442193601277,1.8846153846153846,0.6938775510204082,0.3463455149501661,0.3949416240699124,0.5335565764167791,0.12119188770361831,0.37647196441377,0.3513585236041079,B,FANG,EMA cross (calm-tuned)
3446,0.6706326175275682,0.6450517544819083,0.2697190948543632,-0.05364360540791846,2.6538461538461537,0.6521739130434783,0.22600775847529095,0.42222738887583156,0.4491967543771061,-0.13967809481525287,0.16102162863389866,0.3513585236041079,B,FANG,SuperTrend (calm-tuned)
3446,0.7379570516540918,0.680941822195265,0.35959300214756007,0.18772847631455322,1.3846153846153846,0.7777777777777778,0.22029270423765834,0.3922660395502497,0.3788812141910801,0.4466977042745612,0.5408269633928127,0.3513585236041079,B,FANG,Online directional-change (calm-tuned)
3932,0.806968463886063,0.7162942039417934,0.4434636917200199,0.16545825310951165,2.272727272727273,0.7,0.29931972789115646,0.3739475276311085,0.4458726683375329,0.34066924792704734,0.4684174349855058,0.3597656879705683,B,IT,MODEL calm
3932,0.7642421159715158,0.7356150054215604,0.4255771013591293,0.00994062284789283,2.727272727272727,0.6666666666666666,0.21398046398046397,0.3911003579891943,0.4213872356914426,0.00884678930595568,0.2646319402819055,0.3597656879705683,B,IT,Crypto model C
3932,0.7545778229908443,0.6980697422253,0.3683698546371362,0.051506192380483685,2.090909090909091,0.6956521739130435,0.3627155172413793,0.47799496989010093,0.6157703501409912,0.09982921957555904,0.3472659564009303,0.3597656879705683,B,IT,EMA cross (calm-tuned)
3932,0.6828585961342828,0.7143726935588217,0.36359647214746554,-0.1344543263025682,3.727272727272727,0.6219512195121951,0.16227781435154706,0.3665427935188464,0.4448616587436029,-0.30176016628660635,0.04647162987896482,0.3597656879705683,B,IT,SuperTrend (calm-tuned)
3932,0.7375381485249237,0.6395199868789123,0.27412058648044435,0.08616308884034563,1.6363636363636365,0.7777777777777778,0.31934731934731936,0.4734013412693959,0.5776249626524541,0.1753131424247577,0.3637560250897366,0.3597656879705683,B,IT,Online directional-change (calm-tuned)
3950,0.7741772151898734,0.6923767972303432,0.421182168504186,0.14261350039360324,1.7096774193548387,0.7358490566037735,0.34210526315789475,0.499249139803905,0.4203847610063228,0.3654136574612236,0.5715324818485663,0.6354894842530777,B,DPZ,MODEL calm
3950,0.7529113924050633,0.7209692562281882,0.42749344701762526,0.16822423759260802,1.3870967741935485,0.8604651162790697,0.2857142857142857,0.5185070316259592,0.5196083088820591,0.4352822637905056,0.6820979983219687,0.6354894842530777,B,DPZ,Crypto model C
3950,0.7762025316455696,0.7414869500727872,0.4729353610272503,0.09564328660266273,1.6451612903225807,0.7058823529411765,0.33884297520661155,0.6185457629249781,0.4649360665054956,0.24164442465018796,0.5297579755273117,0.6354894842530777,B,DPZ,EMA cross (calm-tuned)
3950,0.7501265822784811,0.7613781695076217,0.48238530691194337,0.04161388891711461,2.161290322580645,0.7014925373134329,0.14186851211072665,0.37849019590575,0.42148899662372086,0.09531369826573391,0.5022885798548382,0.6354894842530777,B,DPZ,SuperTrend (calm-tuned)
3950,0.7458227848101265,0.7015743628061231,0.39703713653505335,0.0731076610548793,1.1935483870967742,0.8648648648648649,0.4050632911392405,0.5889133603400727,0.5522725973247178,0.18512398150773374,0.5097068423550771,0.6354894842530777,B,DPZ,Online directional-change (calm-tuned)
3940,0.7309644670050761,0.6810267851395275,0.3807695156852726,-0.012061014421477372,1.6470588235294117,0.7857142857142857,0.23511971358245692,0.41150074466232944,0.44101002163036507,-0.042999797316329795,0.04435970958621099,0.11119101096407022,B,CTSH,MODEL calm
3940,0.7012690355329949,0.6819009692843936,0.35542901114183295,-0.016633254898462086,1.5294117647058822,0.8269230769230769,0.25597834260791097,0.46261752704865583,0.5010977415368675,-0.05391232429821895,0.04096911127201897,0.11119101096407022,B,CTSH,Crypto model C
3940,0.6538071065989848,0.6420834621983664,0.27337851571459704,-0.10909827173332635,1.6470588235294117,0.75,0.2918637653736992,0.4545650526062224,0.5652496839070702,-0.29269119830025475,-0.14051907853063375,0.11119101096407022,B,CTSH,EMA cross (calm-tuned)
3940,0.6675126903553299,0.6768448346746264,0.33611682023238504,-0.17751688158730153,2.588235294117647,0.6818181818181818,0.2125993883792049,0.3429478907954047,0.4551833448354895,-0.47574952011574795,-0.29595147265956623,0.11119101096407022,B,CTSH,SuperTrend (calm-tuned)
3940,0.6604060913705584,0.6103232979301392,0.22712422686146794,-0.07971429946913608,1.1764705882352942,0.925,0.42070773263433814,0.5564542330683786,0.5744232887303589,-0.2136166822150743,-0.07016237030933126,0.11119101096407022,B,CTSH,Online directional-change (calm-tuned)
3933,0.7101449275362319,0.6490287366205604,0.3628960907951728,-0.17628348890861234,2.6666666666666665,0.6875,0.17907188946099198,0.4043870404563779,0.42399950322861,-0.3691063839531614,-0.21907796710601196,0.04464238421663444,B,EWA,MODEL calm
3933,0.7536231884057971,0.7197614426455052,0.4658397703705366,-0.08618645063641404,2.3333333333333335,0.7142857142857143,0.18273719508185943,0.42125431410343256,0.4718352428149141,-0.18729700347496983,-0.10382191436811883,0.04464238421663444,B,EWA,Crypto model C
3933,0.7251461988304093,0.7110221195816853,0.42108002251713855,-0.05456379006866813,2.4166666666666665,0.6896551724137931,0.179860608850023,0.4826409138292461,0.4907820648212459,-0.12483039208303306,-0.06964680405799609,0.04464238421663444,B,EWA,EMA cross (calm-tuned)
3933,0.6844647851512841,0.6791694305907017,0.3516772817442946,-0.22413156951372976,4.708333333333333,0.6106194690265486,0.10555444255233898,0.2968020399528173,0.3399393738581021,-0.4781416016979088,-0.3773383842586491,0.04464238421663444,B,EWA,SuperTrend (calm-tuned)
3933,0.7554030002542589,0.7308224618987953,0.47426871932896786,-0.09464124215770303,1.3333333333333333,0.84375,0.25,0.5150205993530765,0.511039826932311,-0.19750135928803558,-0.10755343261075301,0.04464238421663444,B,EWA,Online directional-change (calm-tuned)
3950,0.7860759493670886,0.6425679235342816,0.3167847168406351,0.06781984028276297,1.7586206896551724,0.7647058823529411,0.3387096774193548,0.4317698437946168,0.49043838175545795,0.12848481142234813,0.3132966404994634,0.37799197005916196,B,DTE,MODEL calm
3950,0.7589873417721519,0.6852543839843457,0.34654752931858507,-0.02054937688011506,2.0344827586206895,0.7457627118644068,0.24444444444444444,0.46447811001220124,0.5726298758707785,-0.062121536502956314,0.20975673480829543,0.37799197005916196,B,DTE,Crypto model C
3950,0.730632911392405,0.6604180778204259,0.2932987605718642,-0.07975577450270181,1.9310344827586208,0.6964285714285714,0.4444444444444444,0.47378150906260963,0.5276412713174714,-0.18721373786434406,0.1377918388185501,0.37799197005916196,B,DTE,EMA cross (calm-tuned)
3950,0.6673417721518987,0.656049145781591,0.26384439762171835,-0.1013753890854769,2.413793103448276,0.7142857142857143,0.20930232558139536,0.3898835374558376,0.4586042686981121,-0.2376445084472562,0.10993127503593196,0.37799197005916196,B,DTE,SuperTrend (calm-tuned)
3950,0.690632911392405,0.5991871754346354,0.18193584630386148,-0.14164171644361828,1.5517241379310345,0.8222222222222222,0.3387096774193548,0.5352031026824168,0.6443519873710338,-0.3156518577024688,0.04254948274287057,0.37799197005916196,B,DTE,Online directional-change (calm-tuned)
3922,0.8207547169811321,0.758602665034275,0.5396018750997251,0.17608517157199222,2.7777777777777777,0.68,0.11437908496732026,0.3155773396520245,0.34593165248470725,0.3656082767604146,0.5512478761021686,0.5258161979182671,B,GRMN,MODEL calm
3922,0.77766445690974,0.7641697790588953,0.49612445006920686,0.10826678220262483,2.5,0.7111111111111111,0.1678388746803069,0.3076003688263111,0.35810155528755305,0.22153410515009095,0.5139967681016505,0.5258161979182671,B,GRMN,Crypto model C
3922,0.7855685874553799,0.7503845289568708,0.48595558228226526,0.10367806831403295,2.4444444444444446,0.7045454545454546,0.22198600407476304,0.33307546002927507,0.423868265380644,0.2119339673591552,0.4960212298449317,0.5258161979182671,B,GRMN,EMA cross (calm-tuned)
3922,0.6945436002039775,0.7028604950899107,0.36780510084150936,-0.09972602965058407,4.444444444444445,0.6,0.12582345191040845,0.3021394771912572,0.316435595698909,-0.23184849597380444,0.21799601595258106,0.5258161979182671,B,GRMN,SuperTrend (calm-tuned)
3922,0.7600713921468638,0.7438627112164933,0.45716926401948316,0.21811063262492564,1.4444444444444444,0.8076923076923077,0.24234345091605142,0.3548370109168889,0.41686735603773806,0.4612241300764653,0.6465432032160261,0.5258161979182671,B,GRMN,Online directional-change (calm-tuned)
3918,0.7595712098009189,0.7391590276073292,0.5027524199790804,0.06264355110545526,3.0,0.6666666666666666,0.15894814220796577,0.3119738631988592,0.3301774260531362,0.1287044219664088,0.087588481731043,0.0026443275201353473,B,M,MODEL calm
3918,0.7884124553343542,0.7883514572017032,0.5722075990191016,0.19533750545787304,1.6363636363636365,0.8055555555555556,0.18973119044232684,0.3532195076681614,0.37526570868015463,0.4240811314673081,0.3209549021295026,0.0026443275201353473,B,M,Crypto model C
3918,0.7355793772332823,0.7386854770721505,0.47202202240144425,0.12920398038328454,2.5454545454545454,0.6607142857142857,0.22703864487572353,0.32437469608442226,0.3730026856583141,0.27616240935592995,0.2169583913340673,0.0026443275201353473,B,M,EMA cross (calm-tuned)
3918,0.6944869831546707,0.6950574663579028,0.3860678521883493,0.02040245925802711,3.272727272727273,0.6388888888888888,0.1447811447811448,0.28961651036149605,0.24314535817440108,0.035184074154975264,0.028622521352955444,0.0026443275201353473,B,M,SuperTrend (calm-tuned)
3918,0.7741194486983155,0.7721221466912824,0.5411059606322356,0.19138691535376798,1.5454545454545454,0.8235294117647058,0.2281002913025385,0.3425499424149558,0.38153571760507643,0.4156974940855461,0.3085508473131219,0.0026443275201353473,B,M,Online directional-change (calm-tuned)
3950,0.8189873417721519,0.6698359424104336,0.3742790246128434,-0.005007480312493305,1.72,0.7441860465116279,0.2608695652173913,0.45358881814073027,0.43053273200049164,-0.02278672442388603,0.28571911916235504,0.5139348995240054,B,NI,MODEL calm
3950,0.8073417721518987,0.7292853354808297,0.4298491770050683,-0.1163992857246629,2.2,0.7090909090909091,0.25333333333333335,0.44557357126158975,0.5425067689648475,-0.2547963303333987,0.1656910324326006,0.5139348995240054,B,NI,Crypto model C
3950,0.7658227848101266,0.6847468835114184,0.33574699468033764,0.007306018205154442,1.96,0.673469387755102,0.3933333333333333,0.5480971100011774,0.5087317126618078,0.0007262339659451934,0.334383649501456,0.5139348995240054,B,NI,EMA cross (calm-tuned)
3950,0.6883544303797469,0.7013658371307354,0.32558735758282326,-0.18774806651970952,2.84,0.6619718309859155,0.23684210526315788,0.3902231187121056,0.4498203701600253,-0.4060273067495914,0.08111878065711738,0.5139348995240054,B,NI,SuperTrend (calm-tuned)
3950,0.8063291139240506,0.6970467014980096,0.38936416424522047,-0.07302643787042848,1.56,0.7948717948717948,0.21428571428571427,0.5242794820473773,0.5733583353638453,-0.16116882240090463,0.21960365624352607,0.5139348995240054,B,NI,Online directional-change (calm-tuned)
3917,0.786060760786316,0.6955438173589549,0.45845338012337206,0.14407691544188406,1.6153846153846154,0.8095238095238095,0.15430404562466582,0.44515850766903303,0.49202570797633494,0.3316972548691104,0.5121994447573994,0.5317397046234521,B,EA,MODEL calm
3917,0.7896349246872607,0.7373414437818087,0.4908524533266011,0.04827402243052617,2.0384615384615383,0.7547169811320755,0.1727931982995749,0.4684571247228072,0.49302673552442666,0.10299405449768642,0.40343746605857145,0.5317397046234521,B,EA,Crypto model C
3917,0.7230022976767935,0.6767384159328929,0.3514648861963903,-0.05475130812652418,2.230769230769231,0.7068965517241379,0.2129032258064516,0.5514275905907484,0.5426078602779935,-0.14143822731108588,0.26254802651183273,0.5317397046234521,B,EA,EMA cross (calm-tuned)
3917,0.7224917028338014,0.7148933707705807,0.40474443236625013,-0.08448736288362561,2.923076923076923,0.6710526315789473,0.14745269286754004,0.3629310041905296,0.39486757672936723,-0.21545593208473626,0.2368744576170576,0.5317397046234521,B,EA,SuperTrend (calm-tuned)
3917,0.7653816696451365,0.7259420353034143,0.4499174876351684,0.15840914912617018,1.1153846153846154,0.9310344827586207,0.2743109358125557,0.5796715969511425,0.5730609279498702,0.36830276032243175,0.5750114547348291,0.5317397046234521,B,EA,Online directional-change (calm-tuned)
3936,0.7970020325203252,0.6691524245119377,0.36103820010154836,0.13017785572681076,1.7142857142857142,0.6875,0.315955766192733,0.3889729523881872,0.3990556356391549,0.29704970331705416,0.5242211884881663,0.5506623714823274,B,ADP,MODEL calm
3936,0.7502540650406504,0.6965803461146147,0.3538319946038085,0.08146079086463338,1.7857142857142858,0.78,0.2897765741367637,0.42633823545625,0.4827846302011606,0.18018851674294234,0.49301803226608354,0.5506623714823274,B,ADP,Crypto model C
3936,0.7134146341463414,0.6242287914034181,0.22856904792190103,0.0078055584043769536,1.8571428571428572,0.6923076923076923,0.4187290969899666,0.4855605185213506,0.549142373898218,0.0038087368377914556,0.37968199654696777,0.5506623714823274,B,ADP,EMA cross (calm-tuned)
3936,0.6613313008130082,0.711046162061858,0.3468324769701617,0.0037671070318746765,2.5,0.7,0.2517482517482518,0.3788931291492172,0.420643730895398,-0.010964302471582936,0.4394187770645155,0.5506623714823274,B,ADP,SuperTrend (calm-tuned)
3936,0.7588922764227642,0.6605070508030482,0.30975367867746784,0.08390165607573209,1.4285714285714286,0.825,0.35139685707158896,0.5156250141867194,0.4735655719287273,0.18886442473333068,0.4637143602149965,0.5506623714823274,B,ADP,Online directional-change (calm-tuned)
3918,0.8062787136294027,0.7618721500093446,0.5759872417609799,0.11250000925210055,2.1666666666666665,0.7115384615384616,0.17048891129032256,0.37786836679207814,0.3568859581813463,0.2446917771649525,0.3190100056952193,0.2560759333707636,B,AMG,MODEL calm
3918,0.7914752424706483,0.7709784314914138,0.5484424741702846,0.042804962849762686,2.0833333333333335,0.74,0.1620405101275319,0.39641087634685823,0.4367569417879531,0.08729234214458408,0.24057796626433442,0.2560759333707636,B,AMG,Crypto model C
3918,0.7559979581419092,0.7494765501448899,0.4898578762876844,0.017536358938919628,2.75,0.6515151515151515,0.16177070583435332,0.45616430529365415,0.44148501017017217,0.026997681569735105,0.21990033541846343,0.2560759333707636,B,AMG,EMA cross (calm-tuned)
3918,0.774885145482389,0.7813623636271702,0.5459953920762208,0.020818143080608593,2.9166666666666665,0.6428571428571429,0.10331384015594541,0.3376016738412303,0.28962338012826255,0.0336645218468756,0.2288299864308073,0.2560759333707636,B,AMG,SuperTrend (calm-tuned)
3918,0.7605921388463501,0.7376560118023799,0.4812423972769085,0.01237333029232293,1.5,0.7777777777777778,0.18778801843317972,0.4702071755016445,0.5055564058647302,0.021086857859208177,0.18567443298163175,0.2560759333707636,B,AMG,Online directional-change (calm-tuned)
3810,0.6687664041994751,0.6679498569293376,0.3752215341842901,-0.010947537149369274,1.875,0.7166666666666667,0.28853797400365233,0.3858290396330371,0.39888599189676444,-0.03998386311981988,0.007479022634842998,0.051831617739531925,B,AES,MODEL calm
3810,0.7435695538057743,0.7433992398957723,0.48898291136944966,0.028951975741751883,1.5,0.8333333333333334,0.2624981456757157,0.4567321198105543,0.4660544559837449,0.06440373812290683,0.08635325737188017,0.051831617739531925,B,AES,Crypto model C
3810,0.6874015748031496,0.6873443086975499,0.37488468641335976,-0.0019123323689253918,1.5625,0.76,0.33629152595617684,0.42973125509867427,0.5346197486522748,-0.01488784221119525,0.030669240596672597,0.051831617739531925,B,AES,EMA cross (calm-tuned)
3810,0.7215223097112861,0.7215870262024329,0.44342137105309304,0.05185030014983177,1.9375,0.7419354838709677,0.21458773784355178,0.3819904506687886,0.4292832919333421,0.12014786764633736,0.14122800596793145,0.051831617739531925,B,AES,SuperTrend (calm-tuned)
3810,0.662992125984252,0.6627985415169458,0.3274594079951348,-0.02132852688149348,1.25,0.825,0.3138655462184874,0.5760715668629655,0.559171217827325,-0.06251974033487312,-0.007952615153798347,0.051831617739531925,B,AES,Online directional-change (calm-tuned)
3929,0.7281751081700178,0.6265435750671414,0.29305858849433164,-0.006643260793271747,2.0714285714285716,0.7413793103448276,0.320778116363121,0.4846020363003972,0.45993709407285216,-0.031693504140084865,0.287393382722558,0.5018815761583896,B,IBB,MODEL calm
3929,0.734283532705523,0.671227446456325,0.3522130735236009,0.015084967159420887,2.0714285714285716,0.7413793103448276,0.27716524009865084,0.432198909924728,0.5160793948562888,0.02101120608460263,0.3468635515168393,0.5018815761583896,B,IBB,Crypto model C
3929,0.7274115551030796,0.6960093831615819,0.37861796965969025,0.014339692507963436,1.5,0.7857142857142857,0.366305904822537,0.5247847175885372,0.4877083036870397,0.023500692135678215,0.3586762866151719,0.5018815761583896,B,IBB,EMA cross (calm-tuned)
3929,0.6551285314329346,0.6479567312136485,0.2746355584408072,-0.0550063559808326,2.7142857142857144,0.6447368421052632,0.19962714392244596,0.36634577856559225,0.36177201902337286,-0.15382723531010048,0.2736132144266967,0.5018815761583896,B,IBB,SuperTrend (calm-tuned)
3929,0.7841689997454823,0.7459997078931702,0.4894430439920249,0.08187103139868739,1.4285714285714286,0.85,0.2618071727992548,0.515492154926621,0.47357737112602116,0.18785056005728507,0.45272814284199353,0.5018815761583896,B,IBB,Online directional-change (calm-tuned)
3914,0.7874297393970363,0.6596008861382656,0.36865246717352723,0.14062033581661834,1.7407407407407407,0.7872340425531915,0.2962962962962963,0.5021370812178461,0.4414896798593603,0.32911843631485627,0.5657343580535057,0.6427552984724456,B,PWR,MODEL calm
3914,0.7818088911599387,0.7145344257683381,0.42221878580797895,0.10342703880139184,1.7037037037037037,0.8043478260869565,0.24444444444444444,0.518239801794883,0.4748209383340317,0.23984732624612248,0.5502761165533878,0.6427552984724456,B,PWR,Crypto model C
3914,0.7373530914665304,0.6612986145298544,0.3137104612582619,0.12199081848874373,1.3333333333333333,0.8055555555555556,0.2857142857142857,0.5021370812178461,0.5346074051798104,0.28639759663605396,0.6156848139450071,0.6427552984724456,B,PWR,EMA cross (calm-tuned)
3914,0.7261113949923352,0.7170426893593079,0.3869484006325756,-0.03198129295340323,2.7777777777777777,0.68,0.17880794701986755,0.3250490338044738,0.46066933206833166,-0.09111446978111003,0.379588198638186,0.6427552984724456,B,PWR,SuperTrend (calm-tuned)
3914,0.7537046499744506,0.6784313242844082,0.3500467317294642,0.022853651453684856,1.3333333333333333,0.8055555555555556,0.3125,0.5687110414743504,0.5322045152998731,0.04808059433710484,0.4308879154144982,0.6427552984724456,B,PWR,Online directional-change (calm-tuned)
2706,0.7376201034737621,0.6909653465346535,0.41728912206901747,0.05543343156364592,1.6521739130434783,0.8157894736842105,0.26666666666666666,0.40672244280043324,0.39594584358000773,0.15352260822758834,0.2969550509558272,0.30195122533344126,B,XYZ,MODEL calm
2706,0.7032520325203252,0.6887779049131328,0.3735438375347678,-0.008956305660657521,1.8695652173913044,0.7674418604651163,0.1881720430107527,0.4901391287570213,0.4920367223691825,-0.03282311584680234,0.19230497314180803,0.30195122533344126,B,XYZ,Crypto model C
2706,0.6903178122690318,0.6802616523444798,0.3539426817142073,0.05575518450488428,1.2608695652173914,0.8275862068965517,0.41509433962264153,0.538135684329848,0.5159654847402709,0.15592334489070284,0.3257583776233558,0.30195122533344126,B,XYZ,EMA cross (calm-tuned)
2706,0.729120473022912,0.7208282738651224,0.4341130227115466,0.1146935338301153,2.0869565217391304,0.75,0.2413793103448276,0.36225284658293483,0.3837817013085191,0.3227199028668806,0.46998772191291227,0.30195122533344126,B,XYZ,SuperTrend (calm-tuned)
2706,0.721359940872136,0.688806510368018,0.39033992468892703,0.08825380404038177,1.7391304347826086,0.75,0.1827956989247312,0.4474180344860814,0.47478957461987514,0.24780242530610666,0.3748582988995302,0.30195122533344126,B,XYZ,Online directional-change (calm-tuned)
2495,0.7350701402805612,0.6985150630004395,0.4183081838191729,0.059616056719056745,1.95,0.6923076923076923,0.30343364197530864,0.4575868534391023,0.42146721845440166,0.14800990775980544,0.22657384732555125,0.22031329962628682,B,TTD,MODEL calm
2495,0.7414829659318637,0.7252688525443249,0.44987837180493245,0.05200715385116934,1.5,0.8,0.2609567901234568,0.4721438579043443,0.4735687414626847,0.129713465631028,0.23319403273376266,0.22031329962628682,B,TTD,Crypto model C
2495,0.6913827655310621,0.6751673780834337,0.3477163841745275,0.004539264412194503,1.3,0.7692307692307693,0.35096636546184734,0.4703493860929166,0.6063214320800119,0.00784588122770155,0.1604996947281955,0.22031329962628682,B,TTD,EMA cross (calm-tuned)
2495,0.6945891783567134,0.6940541580564011,0.37789137265752387,-0.2113494179009777,2.75,0.6545454545454545,0.22395928846506508,0.44197101167587716,0.41603511700733353,-0.5537371931803263,-0.2541198646266664,0.22031329962628682,B,TTD,SuperTrend (calm-tuned)
2495,0.7478957915831663,0.7181156562357494,0.45082116063015126,0.11687292360707288,1.45,0.7586206896551724,0.25028195488721805,0.401407020952638,0.42945715945150337,0.2972656789922866,0.3380819835094223,0.22031329962628682,B,TTD,Online directional-change (calm-tuned)
3950,0.7511392405063291,0.6437709876187157,0.3333900142132574,0.10706309015472733,1.6666666666666667,0.8,0.23529411764705882,0.45218446149773867,0.4215826211328823,0.2673533111493069,0.4072429233647391,0.3766205663451434,B,DOV,MODEL calm
3950,0.7435443037974684,0.6815233092662767,0.36672961958880934,0.0158773782050902,1.8484848484848484,0.7704918032786885,0.2459016393442623,0.4278384792404025,0.43602775442265734,0.02691016590845399,0.27291876101676893,0.3766205663451434,B,DOV,Crypto model C
3950,0.6817721518987342,0.6239598667826968,0.24203109968661785,0.025052549985571194,1.3636363636363635,0.8222222222222222,0.29508196721311475,0.4799910262136067,0.48911144800225187,0.0548081165196076,0.3112803617860183,0.3766205663451434,B,DOV,EMA cross (calm-tuned)
3950,0.7334177215189873,0.7439278540026634,0.44686607563510383,0.0022603805387745287,2.3333333333333335,0.7012987012987013,0.21428571428571427,0.3749623587460454,0.45244061779658507,-0.01261690939605175,0.286378077232813,0.3766205663451434,B,DOV,SuperTrend (calm-tuned)
3950,0.7275949367088608,0.6558105766312976,0.3191473869351389,0.003521684335550388,1.303030303030303,0.8837209302325582,0.36363636363636365,0.5031434184471801,0.5522512724747841,-0.0011270430415030537,0.2500951368120252,0.3766205663451434,B,DOV,Online directional-change (calm-tuned)
3921,0.7799030859474624,0.6590433071267603,0.3675136667869252,0.15637300366880869,1.375,0.8636363636363636,0.255,0.5375342242282652,0.4628764417931885,0.39600263101704014,0.6393464079866026,0.6504896161678358,B,SHW,MODEL calm
3921,0.7898495281815864,0.7264191828035934,0.4519667687179013,0.022717859882940908,1.8125,0.7758620689655172,0.23356009070294784,0.42456258625081744,0.5205409237971275,0.044390568033833455,0.46210530352826684,0.6504896161678358,B,SHW,Crypto model C
3921,0.7477684264218312,0.6864500800473146,0.3620951684315813,0.12520495853543218,1.25,0.85,0.32166666666666666,0.4492693926493512,0.5645858213186814,0.31592669681578966,0.6852738727442483,0.6504896161678358,B,SHW,EMA cross (calm-tuned)
3921,0.7135934710533027,0.7057047732672561,0.3700201576588472,-0.04457004307513908,2.3125,0.6891891891891891,0.19311263318112631,0.3914220320980983,0.5076518800486596,-0.13486202026865618,0.3881450875920064,0.6504896161678358,B,SHW,SuperTrend (calm-tuned)
3921,0.7661310890079062,0.685911672631976,0.378538577589426,0.03272859700228553,1.3125,0.8809523809523809,0.32429410120212465,0.5069060822413168,0.5447892779904386,0.07451653518393367,0.47608038644135764,0.6504896161678358,B,SHW,Online directional-change (calm-tuned)
3934,0.7877478393492628,0.7222186661789807,0.4755888397513661,0.021863273323521313,2.3076923076923075,0.7166666666666667,0.18953252032520326,0.3731538987013074,0.47651648915651007,0.032704978203359894,0.16971910379962987,0.23962668532165932,B,GPC,MODEL calm
3934,0.7905439755973563,0.7831440502316508,0.5398501567024839,0.04415444424757275,2.230769230769231,0.7241379310344828,0.20993589743589744,0.4164311225494388,0.461471862895633,0.08165842430542206,0.21968395192040435,0.23962668532165932,B,GPC,Crypto model C
3934,0.7226741230299949,0.7100009144111192,0.3972921133912063,-0.13057568104899128,2.076923076923077,0.7222222222222222,0.32871120528480613,0.49904353488654063,0.6264067061279754,-0.2972161534892446,-0.04321083108302579,0.23962668532165932,B,GPC,EMA cross (calm-tuned)
3934,0.6804778851042196,0.6873573518653986,0.347192222404792,-0.21708659802460784,3.3076923076923075,0.6511627906976745,0.12653814602132896,0.3570499797424143,0.41690649546763986,-0.49343118158104354,-0.18394205990126883,0.23962668532165932,B,GPC,SuperTrend (calm-tuned)
3934,0.7206405693950177,0.6949783589368447,0.37447264374520406,-0.09831965223312096,2.0,0.75,0.22115384615384615,0.45454375585438345,0.48223451484606317,-0.22658407937068956,0.009117726843446715,0.23962668532165932,B,GPC,Online directional-change (calm-tuned)
1173,0.7092924126172208,0.6598853868194843,0.38557233289697185,0.30573098573706387,2.0,0.7857142857142857,0.22972972972972974,0.4695313379129179,0.430463515679235,0.681652072531807,0.648005707888276,0.34795166691637375,B,HSP-201509,MODEL calm
1173,0.6939471440750213,0.661115970441864,0.34627928096526883,0.1893697175527544,1.7142857142857142,0.8333333333333334,0.35135135135135137,0.5666556137107045,0.5937388983424783,0.4197277930011711,0.5114266506966211,0.34795166691637375,B,HSP-201509,Crypto model C
1173,0.7459505541346974,0.7327250791735787,0.46928032811484,0.1617148532863812,2.142857142857143,0.6666666666666666,0.6351351351351351,0.747839831260447,0.5303884700010135,0.35493064892902704,0.48783252111976044,0.34795166691637375,B,HSP-201509,EMA cross (calm-tuned)
1173,0.7348678601875532,0.7193771678479868,0.4444532784781738,0.24884634834069924,2.7142857142857144,0.6842105263157895,0.2972972972972973,0.4008183620410604,0.31709213205316733,0.5493550150843857,0.6222678364293234,0.34795166691637375,B,HSP-201509,SuperTrend (calm-tuned)
1173,0.6760443307757886,0.6373292112803499,0.30359941062478124,0.024454377870652286,2.0,0.7857142857142857,0.21621621621621623,0.5496168785833657,0.5937388983424783,0.04536635258592695,0.2524304866816347,0.34795166691637375,B,HSP-201509,Online directional-change (calm-tuned)
3941,0.6993148946967774,0.6497768408472929,0.3455046606289154,-0.12458980821816096,2.642857142857143,0.6756756756756757,0.24066666666666667,0.4233077547427063,0.4128530652935611,-0.30806800247617916,-0.15584854757441952,0.07117836724582555,B,VWO,MODEL calm
3941,0.7023598071555442,0.6843739247859818,0.37198807628504665,-0.07129099531828274,2.142857142857143,0.7333333333333333,0.20627272727272727,0.43622941029068824,0.47077742675747447,-0.18182258197151058,-0.08265197121514506,0.07117836724582555,B,VWO,Crypto model C
3941,0.653387465110378,0.6426126123211033,0.2824876996777908,-0.04073365784786491,1.8571428571428572,0.75,0.3248762820053073,0.43614191634475863,0.5245801505799427,-0.10947110520810319,-0.03094962892831246,0.07117836724582555,B,VWO,EMA cross (calm-tuned)
3941,0.6675970565846232,0.6793300587505029,0.3507293467432581,-0.12399843926578673,3.892857142857143,0.6330275229357798,0.16229898749255509,0.3374454305021759,0.33730218025522857,-0.3177018286745046,-0.2161792144335251,0.07117836724582555,B,VWO,SuperTrend (calm-tuned)
3941,0.6642984014209592,0.6529668896101024,0.3034997076226552,-0.07563808179629973,1.2857142857142858,0.8888888888888888,0.4650300247262451,0.5866559554310291,0.567714907567952,-0.1842535740916168,-0.08587293865921965,0.07117836724582555,B,VWO,Online directional-change (calm-tuned)
3894,0.7773497688751926,0.6836423538774445,0.3952466499116415,0.13865555435619512,1.6875,0.7407407407407407,0.2796979006656426,0.4718549753544633,0.4528675485839263,0.337718038448847,0.5257884473407228,0.5483763752931693,B,TER,MODEL calm
3894,0.748587570621469,0.7116952859042036,0.4000364280391041,0.005665857074887799,1.9375,0.7580645161290323,0.29819694868238555,0.5109453674023792,0.4989515868841084,0.004487487450854062,0.36536972987449323,0.5483763752931693,B,TER,Crypto model C
3894,0.7057010785824345,0.666428008538908,0.310609979583493,0.014131772698974353,1.8125,0.7241379310344828,0.2964247187548158,0.49010479401652723,0.5494694948885233,0.02623373665092273,0.3665805431157957,0.5483763752931693,B,TER,EMA cross (calm-tuned)
3894,0.6882383153569595,0.7080465572831953,0.36967733545408665,0.03245889996946269,2.375,0.6842105263157895,0.16567267683772538,0.3891262026956649,0.3985238471480179,0.06917535582895373,0.4468786909373584,0.5483763752931693,B,TER,SuperTrend (calm-tuned)
3894,0.6992809450436569,0.6413382833465238,0.26978166223923566,-0.09714667534376092,1.5625,0.78,0.38626126126126126,0.5423685697826088,0.5097834607611569,-0.25023897661955274,0.2001941340653958,0.5483763752931693,B,TER,Online directional-change (calm-tuned)
3927,0.8683473389355743,0.6942823776337699,0.45859182491837325,0.22492814927380508,1.8,0.75,0.2523860021208908,0.3277357199433194,0.3935647499756294,0.4564856622089529,0.6070983345344594,0.49127106983679875,B,IJK,MODEL calm
3927,0.8798064680417622,0.7955618740564081,0.574436712142801,0.2237025598534905,2.0,0.75,0.1344069837447321,0.2964898704962451,0.39016899161419966,0.45257434253752327,0.64428038643152,0.49127106983679875,B,IJK,Crypto model C
3927,0.8186911128087598,0.7390098180915812,0.426464156799311,0.033734047776842274,2.2,0.7045454545454546,0.21697324414715718,0.4467475995050275,0.6044061856304335,0.05611289163261393,0.4027416928339392,0.49127106983679875,B,IJK,EMA cross (calm-tuned)
3927,0.6460402342755284,0.6951904516549442,0.29088786952504897,-0.16953524336871342,4.4,0.6022727272727273,0.11167971101745937,0.3089715456141469,0.40587699636130237,-0.3805749448067968,0.09777745678818642,0.49127106983679875,B,IJK,SuperTrend (calm-tuned)
3927,0.8747135217723453,0.7424886768970815,0.5167155148308464,0.22442890545437016,1.3,0.8076923076923077,0.17023601398601398,0.41232781672242486,0.40198102460774027,0.45859681805989894,0.6112551001740676,0.49127106983679875,B,IJK,Online directional-change (calm-tuned)
3901,0.766982824916688,0.7322678994274499,0.5003979178976871,0.02532027325911691,2.3333333333333335,0.6825396825396826,0.21568627450980393,0.43320553710322174,0.33660928815153074,0.04713942430211624,0.09130586650000806,0.10708755147602131,B,EQT,MODEL calm
3901,0.7457062291720071,0.7381797482102641,0.47223858877230424,-0.020835926101654863,2.037037037037037,0.7272727272727273,0.26582278481012656,0.44564947826323326,0.4705169370753661,-0.054715359355376705,0.03419600237275294,0.10708755147602131,B,EQT,Crypto model C
3901,0.7339143809279672,0.7294065271265262,0.45252777853867177,0.1298299996554551,1.3703703703703705,0.7567567567567568,0.224,0.3052889886842809,0.47376509367854924,0.2843850168944385,0.27578464603747177,0.10708755147602131,B,EQT,EMA cross (calm-tuned)
3901,0.6844398872084081,0.6868517461813912,0.3655352165031444,-0.11296481440953336,2.7777777777777777,0.6533333333333333,0.17721518987341772,0.44564947826323326,0.41200137758061117,-0.26337416645070066,-0.10754448890305354,0.10708755147602131,B,EQT,SuperTrend (calm-tuned)
3901,0.7590361445783133,0.7355834249909721,0.48547546775509387,0.012279529879490842,1.8888888888888888,0.7647058823529411,0.25,0.45278612805291624,0.48029080290256015,0.019817020654759324,0.0812371085791635,0.10708755147602131,B,EQT,Online directional-change (calm-tuned)
3943,0.7813847324372305,0.7406072121635765,0.5102372017261907,-0.01762412783358476,2.4814814814814814,0.7014925373134329,0.14423076923076922,0.4113042065585814,0.4091856402758708,-0.049905261080073884,-0.0210317270076543,0.017257148485797184,B,PVH,MODEL calm
3943,0.7674359624651281,0.7617882001775745,0.5115047822778183,-0.05065924131118369,2.259259259259259,0.7213114754098361,0.15294117647058825,0.3645037668878511,0.4228840594380643,-0.12436975920689455,-0.0752609495000053,0.017257148485797184,B,PVH,Crypto model C
3943,0.691858990616282,0.6949009063677067,0.37552336222886756,-0.059632839084102975,2.185185185185185,0.6949152542372882,0.21176470588235294,0.4064569394216525,0.5284156660990544,-0.14455685485321834,-0.09957161448262491,0.017257148485797184,B,PVH,EMA cross (calm-tuned)
3943,0.7156987065686026,0.7334916585227117,0.4481374355938205,-0.047991052779983355,2.925925925925926,0.6329113924050633,0.10256410256410256,0.31425238711819925,0.32549081743371466,-0.12087846918363068,-0.08158813546982155,0.017257148485797184,B,PVH,SuperTrend (calm-tuned)
3943,0.690844534618311,0.683419885554384,0.3563930189504989,-0.0804433228588325,1.962962962962963,0.7547169811320755,0.19791666666666666,0.3645037668878511,0.3894569017979637,-0.1911616383541794,-0.1252505699307899,0.017257148485797184,B,PVH,Online directional-change (calm-tuned)
1946,0.6988694758478932,0.6579168435200906,0.3467704995257994,0.02798956404105179,2.2857142857142856,0.71875,0.15441746318780675,0.39765988169746996,0.4057638115016755,0.05638538517546553,0.19417349662781527,0.23369950203495765,B,DAY,MODEL calm
1946,0.6659815005138746,0.6520519418505942,0.303176374432424,-0.06770253995278434,2.0714285714285716,0.7241379310344828,0.1598449435640178,0.3952467344986104,0.39095640325017916,-0.16755204837214288,0.05034344203967611,0.23369950203495765,B,DAY,Crypto model C
1946,0.6366906474820144,0.617208501344086,0.23571798710543881,-0.060498216636409016,1.6428571428571428,0.782608695652174,0.23609377785701552,0.4057015106988586,0.6410824674376651,-0.1489002471929378,0.059240365549457386,0.23369950203495765,B,DAY,EMA cross (calm-tuned)
1946,0.671634121274409,0.6700898857526881,0.33379003433550175,0.052059204877720554,2.2857142857142856,0.6875,0.1089703425229741,0.2996062687759473,0.2935182722074232,0.1129208697813076,0.274004207075921,0.23369950203495765,B,DAY,SuperTrend (calm-tuned)
1946,0.6947584789311408,0.6597329071165817,0.3407082653567045,-0.043610806338878275,1.7142857142857142,0.625,0.14783254366735027,0.3903857275872873,0.3824530832445346,-0.10947287978447978,0.07769180198248792,0.23369950203495765,B,DAY,Online directional-change (calm-tuned)
3914,0.7726111394992335,0.6886269946888514,0.43909205067788515,0.021704939526543534,1.96,0.7346938775510204,0.25984251968503935,0.4268081629324783,0.40941794338707466,0.03947369365243582,0.24656915258427362,0.38257988840361046,B,SANM,MODEL calm
3914,0.7726111394992335,0.7508654380674831,0.49034042628523744,-0.030435901453759788,2.16,0.7407407407407407,0.2348993288590604,0.47973013548641014,0.4715398428713208,-0.07304921192635808,0.19722429627969407,0.38257988840361046,B,SANM,Crypto model C
3914,0.6888094021461421,0.6508981664865802,0.29660476552005155,-0.12843053801073362,2.36,0.711864406779661,0.35294117647058826,0.4888499358429248,0.5250094294777753,-0.2839264466825029,0.06608329278783454,0.38257988840361046,B,SANM,EMA cross (calm-tuned)
3914,0.6816555952989269,0.671743883275056,0.32529136520631124,-0.21877232267337288,3.4,0.6352941176470588,0.175,0.38566182135549587,0.3887674395095133,-0.48148863610964715,-0.06772255205414794,0.38257988840361046,B,SANM,SuperTrend (calm-tuned)
3914,0.7411854879918243,0.6989409588945494,0.40024406321338507,-0.00474528654641396,1.16,0.8620689655172413,0.28125,0.5725946129728875,0.5773589118527231,-0.014357261632134114,0.23513410045693844,0.38257988840361046,B,SANM,Online directional-change (calm-tuned)
2894,0.7508638562543193,0.6848645626675021,0.40204662774346817,-0.11794494786363208,1.8,0.7777777777777778,0.23390126692878987,0.41560752364001985,0.3720858720702376,-0.21580691944417976,-0.11874464964547658,-0.0023619784940992795,B,CERN,MODEL calm
2894,0.6793365583966828,0.6521652352859281,0.295511769647567,-0.2237198085646915,1.5,0.8333333333333334,0.3056577086280057,0.48740862450311967,0.4335094710016191,-0.40057144475349865,-0.22764731152364345,-0.0023619784940992795,B,CERN,Crypto model C
2894,0.6340704906703525,0.6238280298284083,0.23456770179478237,-0.27701569684366845,1.7,0.7941176470588235,0.3363914373088685,0.5333883618026771,0.47287662065587466,-0.495380847270948,-0.286405955797917,-0.0023619784940992795,B,CERN,EMA cross (calm-tuned)
2894,0.7107809260539046,0.6925022188576798,0.3715756867940742,-0.15840526244447686,2.3,0.717391304347826,0.22676461194506548,0.4026174436450396,0.3735443835173041,-0.28929003008286497,-0.16431595650648162,-0.0023619784940992795,B,CERN,SuperTrend (calm-tuned)
2894,0.6161022805805114,0.5695872924715464,0.13742605240657185,-0.36857941241153336,1.1,0.9090909090909091,0.5000320636142106,0.6159530561690247,0.5843073280081417,-0.6540423073698438,-0.3684992259426309,-0.0023619784940992795,B,CERN,Online directional-change (calm-tuned)
3707,0.7232263285675748,0.6490590267415466,0.343204560351766,-0.037275423634351726,2.6363636363636362,0.6724137931034483,0.1418653589613513,0.396462726466707,0.4621814475402824,-0.08196997710573806,0.0714849757723053,0.19717474276713634,B,IPG,MODEL calm
3707,0.732398165632587,0.694041256319126,0.3958992752776843,-0.09570712660519914,2.1818181818181817,0.7291666666666666,0.1540382834872855,0.4960464282641764,0.44200830525225454,-0.1889463445677929,0.005274716234154183,0.19717474276713634,B,IPG,Crypto model C
3707,0.6603722686808741,0.6401789832295273,0.27262629227619206,-0.19186407190626475,2.4545454545454546,0.6851851851851852,0.31749407840672883,0.5031167861091156,0.5084243030410509,-0.36983067379440754,-0.12910727705865307,0.19717474276713634,B,IPG,EMA cross (calm-tuned)
3707,0.6603722686808741,0.6544773583759991,0.29599503672882577,-0.26404145450707206,3.4545454545454546,0.631578947368421,0.16323809523809524,0.3805077832949588,0.44014504672236615,-0.50942341989166,-0.23645341088768046,0.19717474276713634,B,IPG,SuperTrend (calm-tuned)
3707,0.7086592932290262,0.6607398012244861,0.33395194304378023,-0.14772320680236364,1.5454545454545454,0.7941176470588235,0.3363421828908555,0.5464506273679308,0.466320103678921,-0.2830737154554382,-0.055415428620765685,0.19717474276713634,B,IPG,Online directional-change (calm-tuned)
3941,0.7391524993656432,0.6675738070628471,0.3790897689973706,0.08041591084089116,1.8571428571428572,0.75,0.2687002652519894,0.35846960746780493,0.4442597852105725,0.16819581736872305,0.26833331987403397,0.2597792417325826,B,MDT,MODEL calm
3941,0.7361075869068764,0.6898549209125677,0.3931988819790431,0.07397530020369643,1.7857142857142858,0.78,0.2641025641025641,0.3947849212453383,0.4595388196378462,0.1541410199986842,0.27302006178757326,0.2597792417325826,B,MDT,Crypto model C
3941,0.6696269982238011,0.6323098404423872,0.26366212301491615,0.025679097632221863,1.5,0.8095238095238095,0.44156778137360664,0.5146800756627328,0.5526409962319923,0.04646672762085669,0.2292191093459783,0.2597792417325826,B,MDT,EMA cross (calm-tuned)
3941,0.679269221009896,0.6793156433754265,0.3414180874883109,0.018392207077722707,2.5714285714285716,0.6805555555555556,0.17733170677608961,0.32528626564079477,0.4118906535607366,0.021342904077867028,0.215415879335122,0.2597792417325826,B,MDT,SuperTrend (calm-tuned)
3941,0.7043897487947222,0.6455990583485147,0.30936770234463606,0.03334521378959277,1.3571428571428572,0.8421052631578947,0.3333333333333333,0.49692725887161215,0.4803667238292206,0.06506936017123138,0.21235695074058203,0.2597792417325826,B,MDT,Online directional-change (calm-tuned)
3810,0.7543307086614173,0.6575499054334537,0.33744518432924037,-0.13107611189491533,1.8235294117647058,0.7096774193548387,0.3130952380952381,0.528627973606391,0.4689587957810813,-0.32332740751192135,-0.0413194827064207,0.25443652388578575,B,ES,MODEL calm
3810,0.7291338582677165,0.6811621822421642,0.34597197392546947,-0.19213092474290613,1.8823529411764706,0.734375,0.30952380952380953,0.5085601457759663,0.5364862086392571,-0.46602826500288314,-0.1437212368501315,0.25443652388578575,B,ES,Crypto model C
3810,0.6698162729658793,0.6313290054355986,0.2427833855843754,-0.2538674323273016,1.9411764705882353,0.6818181818181818,0.375,0.5503390882187753,0.6465462734314045,-0.6104384273142388,-0.24315092358807258,0.25443652388578575,B,ES,EMA cross (calm-tuned)
3810,0.6356955380577428,0.6335853115421819,0.23864693212191088,-0.23110659802516273,2.3529411764705883,0.675,0.23333333333333334,0.41148097968801234,0.4767115307577905,-0.5615198048979725,-0.24352936531540909,0.25443652388578575,B,ES,SuperTrend (calm-tuned)
3810,0.6795275590551181,0.6270539083813843,0.23955765100511636,-0.24676008370450353,1.588235294117647,0.7407407407407407,0.4642857142857143,0.5801448686983621,0.5846869123069232,-0.5902325524322038,-0.22586638098660733,0.25443652388578575,B,ES,Online directional-change (calm-tuned)
1341,0.7867263236390754,0.6236850433571746,0.3048929618086729,0.06728024970550629,1.625,0.6923076923076923,0.11612953814788678,0.5464933320885502,0.4633939270275913,0.10937879415518147,0.3542020575005044,0.5563624335459912,B,GAS-201606,MODEL calm
1341,0.7307979120059657,0.6106225077536552,0.22415905469099745,-0.2318742502519849,2.125,0.7647058823529411,0.16954879745577423,0.5405685495256223,0.6443388063586053,-0.4352063587038434,0.0877038277826172,0.5563624335459912,B,GAS-201606,Crypto model C
1341,0.7643549589858315,0.6901765934552819,0.3633693627850706,-0.460753667116155,2.625,0.6190476190476191,0.19497190811464335,0.6467619587140999,0.6728940375278326,-0.8532109543243245,-0.21516358563310709,0.5563624335459912,B,GAS-201606,EMA cross (calm-tuned)
1341,0.7039522744220731,0.6765317425153491,0.30958783104053406,-0.22548215454640344,3.125,0.68,0.19051878354203935,0.5122723477426757,0.5100699363882464,-0.43120900532464274,0.07574120180312076,0.5563624335459912,B,GAS-201606,SuperTrend (calm-tuned)
1341,0.715137956748695,0.5831365909234761,0.17037176238192167,-0.37571884733646405,1.625,0.7692307692307693,0.2486583184257603,0.5975291960552584,0.6803460691530734,-0.6914051350374761,-0.09440402353093343,0.5563624335459912,B,GAS-201606,Online directional-change (calm-tuned)
3913,0.7945310503450038,0.6453238580795531,0.31682400148165357,0.11263133073260595,2.076923076923077,0.7037037037037037,0.2633043057571359,0.45831399629162806,0.39712599126193904,0.2258950817032218,0.5218762518547629,0.6402008303392176,B,WRB,MODEL calm
3913,0.756197291081012,0.6973229406505831,0.3520890145801773,0.022284765694311946,2.076923076923077,0.7407407407407407,0.22418478260869565,0.4393129904936799,0.5225255431946807,0.03222991990052109,0.4328674053356602,0.6402008303392176,B,WRB,Crypto model C
3913,0.7375415282392026,0.6053504845171747,0.20628890376150463,-0.04381612111164075,2.6153846153846154,0.6470588235294118,0.2558411214953271,0.4430522266092961,0.5443114919176205,-0.11346493973817899,0.3408576064231602,0.6402008303392176,B,WRB,EMA cross (calm-tuned)
3913,0.6726296958855098,0.6763531067811408,0.28936733950557275,-0.034417226185566675,2.9615384615384617,0.6753246753246753,0.14804864253393665,0.33754922119478853,0.46083482739552106,-0.09593344492811577,0.4010018215908963,0.6402008303392176,B,WRB,SuperTrend (calm-tuned)
3913,0.7068745208280092,0.6461986863644698,0.25403068049074073,-0.010090257540303831,1.3846153846153846,0.7222222222222222,0.2753623188405797,0.6030597297546267,0.5024487904277184,-0.031988373634776274,0.4028834290800273,0.6402008303392176,B,WRB,Online directional-change (calm-tuned)
3949,0.7146112939984807,0.7004721976824083,0.4302346568384047,-0.010730636440789667,2.2666666666666666,0.6764705882352942,0.25498633879781424,0.3279646518133503,0.3767424508386143,-0.03699931187668845,0.0795859038095101,0.1600009950827111,B,SWKS,MODEL calm
3949,0.7409470752089137,0.7366987750758152,0.47649533855608606,0.12408178687206477,1.6,0.8125,0.24313380281690142,0.41253147303286447,0.44028909311076464,0.3023573365192505,0.3352175521058502,0.1600009950827111,B,SWKS,Crypto model C
3949,0.7077741200303874,0.7063478040741258,0.4122151270531136,0.060401268090950345,1.6,0.7916666666666666,0.29168344744260977,0.5351476262171803,0.5379703172712099,0.1434634231350446,0.23104986394799254,0.1600009950827111,B,SWKS,EMA cross (calm-tuned)
3949,0.7143580653329957,0.7155433889741325,0.4295830296161453,-0.03718061271168292,2.6666666666666665,0.675,0.1412280701754386,0.36130529424939606,0.35183371683817954,-0.10478795628776816,0.04377277048155725,0.1600009950827111,B,SWKS,SuperTrend (calm-tuned)
3949,0.7475310205115219,0.746236367487588,0.49202276568748105,0.15371745602286446,1.0666666666666667,0.875,0.30831600831600836,0.44034697518098886,0.4413548712513155,0.37873911467194643,0.39725684110294707,0.1600009950827111,B,SWKS,Online directional-change (calm-tuned)
3929,0.7584627131585645,0.6013765558860522,0.23787774437675877,0.14257425678255617,1.7692307692307692,0.782608695652174,0.31474688187820987,0.4668523596725228,0.43035776083565047,0.3180714388637096,0.5979900257847062,0.6577999727979668,B,IYH,MODEL calm
3929,0.7398829218630695,0.6310485058911078,0.2641484939728305,0.05195870778022064,2.076923076923077,0.7407407407407407,0.3511385401149181,0.39461223693939074,0.4903416909364712,0.10139740909497098,0.5055493336499697,0.6577999727979668,B,IYH,Crypto model C
3929,0.6978875031814711,0.5956658512154297,0.18453021380991075,0.040108368025196205,1.8461538461538463,0.7291666666666666,0.39841960604672466,0.5316001701666262,0.5603650071700899,0.0758127991663699,0.501012737157797,0.6577999727979668,B,IYH,EMA cross (calm-tuned)
3929,0.6701450750827183,0.659606939410009,0.27560605047409686,-0.11860623621853586,3.5384615384615383,0.6195652173913043,0.16455202030060512,0.3201759823356022,0.42528580665531,-0.3151494364300543,0.2704815929183126,0.6577999727979668,B,IYH,SuperTrend (calm-tuned)
3929,0.7218121659455332,0.5943793877787065,0.1949816278486671,0.012003716248812473,1.7692307692307692,0.782608695652174,0.36465205362843156,0.5133586806828153,0.5025651799558609,0.010399263146064828,0.4290737146897508,0.6577999727979668,B,IYH,Online directional-change (calm-tuned)
3950,0.7534177215189873,0.6912342193322958,0.4207716304327742,0.11933216072603268,1.7878787878787878,0.7796610169491526,0.21782178217821782,0.3687202233344395,0.44277476414043854,0.3085227893387568,0.5112053073810886,0.4717864448500181,B,LOW,MODEL calm
3950,0.7422784810126583,0.7221020734646806,0.43655457552550264,0.16242793447900897,1.4242424242424243,0.851063829787234,0.25136612021857924,0.4258074910475753,0.4347069516700894,0.427742385794934,0.6570075220764481,0.4717864448500181,B,LOW,Crypto model C
3950,0.669620253164557,0.6314868530308807,0.26292591771146395,0.015752347143933917,1.4848484848484849,0.8163265306122449,0.3488372093023256,0.5039584920572922,0.5271622075159255,0.03121188577556408,0.35988217246222587,0.4717864448500181,B,LOW,EMA cross (calm-tuned)
3950,0.7227848101265822,0.7299142851994306,0.4376982357662205,0.11902681997690782,2.090909090909091,0.7391304347826086,0.17297297297297298,0.3245352131523126,0.3713293188701148,0.3054092041887693,0.6388082410833349,0.4717864448500181,B,LOW,SuperTrend (calm-tuned)
3950,0.6837974683544303,0.6605841775289184,0.31383163205656006,0.06346636504195825,1.2424242424242424,0.8780487804878049,0.28125,0.47967922823562276,0.5146939651102079,0.16187328980144622,0.454960137756028,0.4717864448500181,B,LOW,Online directional-change (calm-tuned)
3914,0.8477261113949923,0.6622777017783859,0.3784363463391888,0.15512839609559556,1.3448275862068966,0.7435897435897436,0.3090909090909091,0.40278409176863633,0.442408696475627,0.3854102400280145,0.6954448627552504,0.6949583724046285,B,IWF,MODEL calm
3914,0.8247317322432295,0.6950824393404853,0.38052137324808255,0.17737974867683842,1.4137931034482758,0.8536585365853658,0.3090909090909091,0.4259242973417884,0.503425725999443,0.4420265536923792,0.797514102464685,0.6949583724046285,B,IWF,Crypto model C
3914,0.8025038323965253,0.6612787097703219,0.3109046263346261,0.09578752259135213,1.103448275862069,0.8125,0.33962264150943394,0.4432730818691021,0.5844403953831766,0.23546380715012938,0.6435285556760005,0.6949583724046285,B,IWF,EMA cross (calm-tuned)
3914,0.6949412365866121,0.7229282165742674,0.3389618234447003,-0.01142021950656762,3.0,0.6436781609195402,0.21052631578947367,0.35579884196569844,0.4761203056789547,-0.05825930909233049,0.570900098167926,0.6949583724046285,B,IWF,SuperTrend (calm-tuned)
3914,0.8188553909044456,0.6611347109223126,0.3291723768944947,0.09548775729320715,1.4137931034482758,0.8292682926829268,0.3090909090909091,0.4634400024833604,0.5100167597096832,0.23145911059968666,0.610566947808525,0.6949583724046285,B,IWF,Online directional-change (calm-tuned)
3926,0.804635761589404,0.6697647379677609,0.38938498859396825,0.1786912555547236,1.75,0.7619047619047619,0.3047842087654734,0.4327829893920315,0.41778115585706116,0.36552600059007356,0.4690198100695799,0.3853550200305035,B,IJS,MODEL calm
3926,0.7883341823739175,0.7168745604088018,0.42020922489927914,0.05165829484644171,2.1666666666666665,0.7307692307692307,0.2747899159663866,0.45819374919680067,0.4708601575577963,0.09416559653935322,0.31482748956165835,0.3853550200305035,B,IJS,Crypto model C
3926,0.7315333672949567,0.6620159712154488,0.30169341144481987,-0.08791556849756817,2.75,0.6666666666666666,0.3200234192037471,0.3809747991802209,0.6162422563207353,-0.20471635657800683,0.13441102750957057,0.3853550200305035,B,IJS,EMA cross (calm-tuned)
3926,0.6411105450840551,0.6740374447969149,0.29295260771147086,-0.09576124086501903,3.5833333333333335,0.6395348837209303,0.14523809523809522,0.36874121757412215,0.4154439286860082,-0.22697172174247726,0.12945731173465616,0.3853550200305035,B,IJS,SuperTrend (calm-tuned)
3926,0.7498726439123791,0.6621308032018987,0.31424581172054133,0.03191647008636913,1.5833333333333333,0.7894736842105263,0.3830065359477124,0.5187258734024067,0.5239578851387282,0.056500545835924273,0.29531427019286194,0.3853550200305035,B,IJS,Online directional-change (calm-tuned)
2943,0.6826367652055726,0.6497636079850114,0.3166030961177527,0.03280203622975591,1.6551724137931034,0.7708333333333334,0.3024523160762943,0.4879848585290606,0.522607046195213,0.07448715726298416,0.11817859623655776,0.09468087802391545,B,QRVO,MODEL calm
2943,0.6619096160380564,0.6497032792755921,0.2977321976227433,-0.0044779536724503435,1.3448275862068966,0.8205128205128205,0.3088235294117647,0.4693940998372615,0.5640989056083382,-0.019122174497045435,0.05744642253393674,0.09468087802391545,B,QRVO,Crypto model C
2943,0.6194359497111791,0.6123199911968347,0.22121789877189985,-0.06296367802860214,1.5517241379310345,0.6888888888888889,0.35294117647058826,0.5741830852691626,0.6900300837429533,-0.16994229757924087,-0.05820941660201377,0.09468087802391545,B,QRVO,EMA cross (calm-tuned)
2943,0.6343866802582399,0.6418038380642304,0.27745019159064693,-0.0677848597198585,2.0689655172413794,0.7166666666666667,0.21153846153846154,0.42547900568736574,0.49949440544601786,-0.18522370105729752,-0.0738459757531203,0.09468087802391545,B,QRVO,SuperTrend (calm-tuned)
2943,0.7138973836221543,0.696439447833041,0.39689560351607034,0.04812336667352522,0.9655172413793104,0.8571428571428571,0.27631578947368424,0.5741830852691626,0.5679948404801922,0.11763663843908143,0.13988694992139564,0.09468087802391545,B,QRVO,Online directional-change (calm-tuned)
3918,0.8455844818785094,0.7037684763409873,0.4371817750035689,0.1418126687824702,2.0,0.7045454545454546,0.2706349206349206,0.3669257652331712,0.4343945838065549,0.28102391897339457,0.4756443906980488,0.45935263203741783,B,IJT,MODEL calm
3918,0.8361408882082695,0.7619175527920996,0.48604453520566115,0.16651760218349315,2.090909090909091,0.7391304347826086,0.22645211930926218,0.3193759199679103,0.3931487763769893,0.3316119684224034,0.5265465903670344,0.45935263203741783,B,IJT,Crypto model C
3918,0.7692700357325166,0.6856662209223332,0.32711945632854833,-0.06372788839308899,2.272727272727273,0.7,0.2984126984126984,0.465918911398446,0.5814675723241747,-0.14678910835961223,0.22704460313190414,0.45935263203741783,B,IJT,EMA cross (calm-tuned)
3918,0.7113323124042878,0.7533596191388792,0.3946470494068306,-0.03186710445811004,3.4545454545454546,0.618421052631579,0.12756539235412476,0.3448697912086799,0.4558922846487876,-0.08837496403085808,0.303132700149199,0.45935263203741783,B,IJT,SuperTrend (calm-tuned)
3918,0.8062787136294027,0.6974117032915954,0.3741097837852549,0.09741752387917534,1.5454545454545454,0.7941176470588235,0.3141025641025641,0.44341469181836674,0.4283840923740203,0.1919059960686433,0.4397911951305792,0.45935263203741783,B,IJT,Online directional-change (calm-tuned)
3926,0.7302598064187468,0.6325304076075055,0.2872813981094219,0.0029097106492237544,1.6666666666666667,0.76,0.39375000000000004,0.4704990273526463,0.4511760337521608,-0.0037365462446944564,0.09478147936353087,0.14804924945064044,B,PRU,MODEL calm
3926,0.6935812531839022,0.6449562403547147,0.2776486344450807,-1.4591291486891207e-05,1.6,0.8125,0.3370755750273823,0.5218674586866582,0.5401880365540237,-0.009897248147729491,0.09591892217180303,0.14804924945064044,B,PRU,Crypto model C
3926,0.6245542536933265,0.6037282006889213,0.18953430946235206,-0.12879481904999898,2.0,0.7,0.48088578088578093,0.5757410633275544,0.5845226450255322,-0.3016704503169381,-0.12945223705558956,0.14804924945064044,B,PRU,EMA cross (calm-tuned)
3926,0.6395822720326032,0.6654164831003007,0.2971023899679624,-0.06479945360235231,2.6,0.6794871794871795,0.16336256195196341,0.39527139990764937,0.4198672007262594,-0.1616168852802565,-0.01160470197727337,0.14804924945064044,B,PRU,SuperTrend (calm-tuned)
3926,0.6490066225165563,0.6012014257631852,0.19085780952417267,-0.020842751603033616,0.9333333333333333,0.8214285714285714,0.5917508417508417,0.589153324477897,0.5820798534391113,-0.05257210953214877,0.06764034178218747,0.14804924945064044,B,PRU,Online directional-change (calm-tuned)
3914,0.8168114460909556,0.6326508339413621,0.33142959858469523,0.2197546384679865,1.2413793103448276,0.7777777777777778,0.2631578947368421,0.353049552012264,0.44442513384090415,0.5542128828368335,0.8342532712211653,0.7670480663626381,B,IGM,MODEL calm
3914,0.8035258048032703,0.68315880339948,0.3720387730550308,0.052771094921544325,1.896551724137931,0.7636363636363637,0.23809523809523808,0.4409993410026531,0.5327538750820489,0.1197452474055005,0.6129352068404293,0.7670480663626381,B,IGM,Crypto model C
3914,0.7746550843127236,0.6335775724753105,0.2737485417015972,0.13379308860692568,1.1724137931034482,0.7941176470588235,0.2903225806451613,0.4301509227782424,0.5726294764065001,0.33380452819742845,0.7409504108435296,0.7670480663626381,B,IGM,EMA cross (calm-tuned)
3914,0.7041389882473174,0.7261453719594282,0.3679302790376467,-0.02031451880398901,3.5517241379310347,0.6407766990291263,0.13636363636363635,0.327777061143852,0.48146268891255223,-0.08154370488715557,0.5862559285762928,0.7670480663626381,B,IGM,SuperTrend (calm-tuned)
3914,0.7894736842105263,0.6389291843508822,0.29698738386528806,0.15375367498941278,1.4137931034482758,0.8048780487804879,0.2727272727272727,0.45846050556010254,0.5023283598008289,0.3829569045247811,0.7539604233379988,0.7670480663626381,B,IGM,Online directional-change (calm-tuned)
3911,0.7969828688315009,0.748048804191294,0.5260212569138273,-0.17807882843777115,2.6666666666666665,0.6875,0.1749090909090909,0.39268787795114135,0.38285470665723714,-0.37001527466831435,-0.18187681522036891,0.07391684756463957,B,FE,MODEL calm
3911,0.8146254154947584,0.8086834177069805,0.5996037474227754,-0.08145318017480059,2.125,0.7450980392156863,0.16233830354497877,0.40868121623591025,0.38747968680459666,-0.17511650975166698,-0.07189978529776572,0.07391684756463957,B,FE,Crypto model C
3911,0.7611863973408336,0.7705725922588282,0.5139683249203622,-0.06583901137658467,2.2083333333333335,0.6981132075471698,0.16557579847053533,0.44155014957879946,0.4616721200485221,-0.14472041370119273,-0.05680247456206423,0.07391684756463957,B,FE,EMA cross (calm-tuned)
3911,0.7271797494246995,0.7483703958935213,0.4684597085691705,-0.1184333240852528,3.1666666666666665,0.6447368421052632,0.08818961442366129,0.32190791660293916,0.2946686116082568,-0.25505569861262645,-0.1496861849119718,0.07391684756463957,B,FE,SuperTrend (calm-tuned)
3911,0.8189721298900537,0.8129038670518699,0.6083663382400736,-0.091844838503065,1.5833333333333333,0.7894736842105263,0.13861154571995418,0.4615951802644379,0.4503902897045263,-0.192170034655126,-0.08330231130115005,0.07391684756463957,B,FE,Online directional-change (calm-tuned)
2043,0.6382770435633872,0.6434925224039727,0.29294884737424587,-0.22976459654261114,2.4,0.7083333333333334,0.2996794871794872,0.504406939255787,0.48664270304148544,-0.6740846842377879,-0.6738982230858014,-0.29454157034565737,B,RDC,MODEL calm
2043,0.6661771904062653,0.6657956411906523,0.33138508827013013,-0.09157043471266335,1.8,0.7777777777777778,0.25802420415680083,0.5035873240863018,0.5007160760168108,-0.27335586837860815,-0.4295043970739172,-0.29454157034565737,B,RDC,Crypto model C
2043,0.6162506118453255,0.6121226383379278,0.22790635078330737,-0.05070528772120764,1.45,0.7586206896551724,0.37170851194121246,0.5335930107485574,0.5599955451215005,-0.1539617641681498,-0.38019190187513097,-0.29454157034565737,B,RDC,EMA cross (calm-tuned)
2043,0.6886930983847284,0.6885953453525564,0.3768567349137121,0.08408696722581557,1.6,0.8125,0.19615384615384618,0.38418924420230127,0.43643187117659243,0.2322537836465608,-0.048345655158124834,-0.29454157034565737,B,RDC,SuperTrend (calm-tuned)
2043,0.6647087616250612,0.6676547146795248,0.3369082715457256,0.07963602711634415,1.1,0.9545454545454546,0.34700122399020805,0.4816372184180456,0.5027513814387253,0.2223548211621692,-0.05217904656927354,-0.29454157034565737,B,RDC,Online directional-change (calm-tuned)
3948,0.6993414387031408,0.6546334059121232,0.3536400657925144,-0.003150561910675534,2.68,0.6716417910447762,0.2,0.41424060691212095,0.3883356033822212,-0.01578826345363656,0.15622758520014843,0.268015730718476,B,ON,MODEL calm
3948,0.7026342451874367,0.6843882622608538,0.3741989711021945,-0.07661559867987483,2.68,0.6865671641791045,0.18604651162790697,0.36507553910310064,0.4434722069188164,-0.17504032453678867,0.06318858371793536,0.268015730718476,B,ON,Crypto model C
3948,0.6707193515704154,0.6553384125136336,0.3120428422490655,-0.0903315179168521,2.52,0.6825396825396826,0.2808988764044944,0.4237916346807052,0.500633919749469,-0.2042499112624339,0.0457443055504259,0.268015730718476,B,ON,EMA cross (calm-tuned)
3948,0.6919959473150963,0.6930539294673002,0.3793475765683541,-0.0903735479221643,3.16,0.6455696202531646,0.15503875968992248,0.33444613386047756,0.408967968023991,-0.20648556899033024,0.04595505615167268,0.268015730718476,B,ON,SuperTrend (calm-tuned)
3948,0.6426038500506586,0.6131561627669473,0.23624653137553928,-0.04817246136205662,1.8,0.7555555555555555,0.29545454545454547,0.527173087357072,0.5761486890110133,-0.11045109015127424,0.10578535484638288,0.268015730718476,B,ON,Online directional-change (calm-tuned)
3932,0.7675483214649034,0.6883497266150327,0.41401249957425484,0.06795221428530078,1.8666666666666667,0.7321428571428571,0.23041666666666666,0.39370203085231226,0.39934397877994676,0.16964144600660205,0.3464423366213065,0.37394860501745714,B,EFX,MODEL calm
3932,0.7512716174974567,0.7069976980691266,0.41243960184829365,0.05569092832195681,1.8666666666666667,0.7678571428571429,0.25,0.3806911537323403,0.45941684050154385,0.1367739950800431,0.3607589411831196,0.37394860501745714,B,EFX,Crypto model C
3932,0.7087995930824008,0.6684532398818113,0.3286564325543215,-0.021647239606949472,1.7333333333333334,0.75,0.3012345679012346,0.4520130179256405,0.4718979884079929,-0.06966099787932394,0.2165347685152475,0.37394860501745714,B,EFX,EMA cross (calm-tuned)
3932,0.6854018311291964,0.6712594850349952,0.32152368937655174,0.008981556818043157,2.533333333333333,0.6973684210526315,0.2113095238095238,0.35654342471922784,0.46330337842630875,0.007067581453185406,0.28602872170482646,0.37394860501745714,B,EFX,SuperTrend (calm-tuned)
3932,0.7606815869786369,0.710875764447193,0.42649070166815045,0.07884071172421213,1.5333333333333334,0.8260869565217391,0.2339863184079602,0.37545254963586716,0.43812350015322854,0.2010534239745063,0.4046060368052395,0.37394860501745714,B,EFX,Online directional-change (calm-tuned)
3908,0.7523029682702149,0.7170570707729784,0.47750009136966376,-0.05494376500908789,2.2666666666666666,0.7058823529411765,0.18037265340431494,0.4600004524767034,0.4193801580802812,-0.14323286680527503,0.0809965220908549,0.26432195617809057,B,BCO,MODEL calm
3908,0.7433469805527124,0.7305874548697203,0.46418904458487176,-0.08236816179564949,1.8666666666666667,0.7678571428571429,0.17447257383966244,0.45060377906546145,0.4964398464618691,-0.20644802912441274,0.04130941028264509,0.26432195617809057,B,BCO,Crypto model C
3908,0.7259467758444217,0.7190330157901605,0.43530250533742665,0.041658861614550964,1.4,0.7857142857142857,0.20145699075371254,0.4394589653820851,0.5064092779811297,0.09178426905998763,0.27366554840679763,0.26432195617809057,B,BCO,EMA cross (calm-tuned)
3908,0.6893551688843398,0.6825242507286093,0.3619280072888486,-0.15702295594180382,2.8666666666666667,0.6627906976744186,0.1387329591018444,0.39549144410096726,0.417771036688135,-0.389930326294606,-0.09458299316687457,0.26432195617809057,B,BCO,SuperTrend (calm-tuned)
3908,0.736949846468782,0.7246079646787593,0.4514629784643572,-0.018953648462211793,1.4666666666666666,0.8409090909090909,0.18010818785345462,0.4703944350978599,0.5167990915867691,-0.05310800875611851,0.14558111947143287,0.26432195617809057,B,BCO,Online directional-change (calm-tuned)
3905,0.7743918053777209,0.693307116901179,0.44348515556795104,0.08489903286798091,2.076923076923077,0.7037037037037037,0.1679062429569529,0.3585838160935518,0.4167879701678445,0.17196962809419783,0.2840257383375332,0.26144778709935623,B,FITB,MODEL calm
3905,0.7800256081946223,0.7562925797441717,0.5030223728859974,0.08700599624234709,1.6153846153846154,0.8095238095238095,0.19892205638474295,0.474604542508045,0.5719677312087615,0.1787523558567489,0.30658993123273465,0.26144778709935623,B,FITB,Crypto model C
3905,0.7221510883482715,0.7076472569361786,0.39725598269614004,-0.008250305570948042,2.3076923076923075,0.65,0.23957621326042378,0.4361868516096352,0.5682572260847802,-0.02919380967245277,0.18308913468447507,0.26144778709935623,B,FITB,EMA cross (calm-tuned)
3905,0.7403329065300897,0.7510377842511204,0.4709577600509123,0.04284935373606005,2.4615384615384617,0.6875,0.1819121447028424,0.3745042773114913,0.4651356062971062,0.07974753237891732,0.2786075683438783,0.26144778709935623,B,FITB,SuperTrend (calm-tuned)
3905,0.6663252240717029,0.6033719734952355,0.21197911052741153,-0.049553107354249414,1.1538461538461537,0.7333333333333333,0.43439440993788814,0.4614420495867341,0.5190977509744263,-0.11212446138504724,0.10365036594396078,0.26144778709935623,B,FITB,Online directional-change (calm-tuned)
3948,0.6978216818642351,0.6846280053006879,0.4151055632844419,0.013374136805865338,2.096774193548387,0.7384615384615385,0.2545454545454545,0.4728464704766336,0.42903132707647257,0.019909750251665942,0.07145958543409697,0.0891827945241091,B,EMN,MODEL calm
3948,0.7383485309017224,0.731340767517962,0.47834046680237857,0.05492988614282925,1.7741935483870968,0.7818181818181819,0.2916666666666667,0.49081729194299356,0.47655397963524576,0.12530860899730445,0.15416409386914312,0.0891827945241091,B,EMN,Crypto model C
3948,0.682370820668693,0.6788828890551615,0.3605287231871063,0.0007301220735571246,1.5806451612903225,0.7755102040816326,0.39195979899497485,0.5271495189681557,0.5570249285565368,-0.008248824998001933,0.06375961490665881,0.0891827945241091,B,EMN,EMA cross (calm-tuned)
3948,0.7345491388044579,0.7318951761937816,0.4660937906648453,0.0692957565837947,2.032258064516129,0.746031746031746,0.24324324324324326,0.39082875143824825,0.4116030326099459,0.15940484582832862,0.1972799314919958,0.0891827945241091,B,EMN,SuperTrend (calm-tuned)
3948,0.6940222897669707,0.6829755970034888,0.3964346319639681,0.060741398923441305,1.3225806451612903,0.8780487804878049,0.3157894736842105,0.5254477298533324,0.5437573630072686,0.14265743035319048,0.15761079751757054,0.0891827945241091,B,EMN,Online directional-change (calm-tuned)
2221,0.7280504277352544,0.7054425165499927,0.4640930152943413,-0.02609283931034097,1.9333333333333333,0.7241379310344828,0.2,0.4503916872149977,0.4931660383542747,-0.07344551005749571,-0.18026970559598027,-0.22057229956986668,B,VIAB,MODEL calm
2221,0.719945970283656,0.703074600824179,0.43370298428347404,-0.027541505265121433,1.9333333333333333,0.7586206896551724,0.23214285714285715,0.5160806234303131,0.5073594323714075,-0.07694569402718433,-0.1930771793174756,-0.22057229956986668,B,VIAB,Crypto model C
2221,0.7190454750112562,0.7216501945659286,0.4408564307745352,0.13111536623007694,1.4,0.8095238095238095,0.3,0.4726945920475209,0.5567741312359253,0.3086587017699541,0.07541800314464957,-0.22057229956986668,B,VIAB,EMA cross (calm-tuned)
2221,0.780279153534444,0.7806041628745579,0.5588875734214189,0.06503614000483632,2.2,0.696969696969697,0.15833333333333333,0.40850962035685406,0.3946528564047369,0.1448862669275861,-0.057924322013987825,-0.22057229956986668,B,VIAB,SuperTrend (calm-tuned)
2221,0.7379558757316524,0.7233863654625389,0.46974824182653574,-0.08150908845748178,1.8,0.7777777777777778,0.19642857142857142,0.43259141803069995,0.5357920872484649,-0.20637252891909783,-0.28631580840418835,-0.22057229956986668,B,VIAB,Online directional-change (calm-tuned)
2258,0.7338352524357838,0.7312566470313524,0.47788575471050065,0.0203592823081847,2.0,0.7222222222222222,0.2593984962406015,0.377533689358045,0.38319758194123704,0.04513683798834769,0.04788714413885257,0.03538966357866201,B,TWTR,MODEL calm
2258,0.6820194862710364,0.6831755051743829,0.3681498270737411,-0.10049714178956502,1.7222222222222223,0.7741935483870968,0.3004807692307692,0.5455951175210634,0.4759742236057045,-0.2656805156109625,-0.16518006636470436,0.03538966357866201,B,TWTR,Crypto model C
2258,0.6895482728077945,0.6897375722588721,0.3794074026998856,-0.12297209310166271,2.1666666666666665,0.7435897435897436,0.33306824754193176,0.5401598549239929,0.5041217501188775,-0.32533035303339064,-0.19512000917793398,0.03538966357866201,B,TWTR,EMA cross (calm-tuned)
2258,0.6744906997342781,0.675803432320957,0.35391795424867406,-0.012194410929871174,2.7777777777777777,0.68,0.20483216409223898,0.39952097267901376,0.37886161180131267,-0.04172787324596636,-0.004332985085494199,0.03538966357866201,B,TWTR,SuperTrend (calm-tuned)
2258,0.6390611160318866,0.635987567353314,0.284573708151847,-0.06296839125516994,1.5555555555555556,0.75,0.24060150375939848,0.45054489892316085,0.4523304961260373,-0.16823916170103034,-0.07906923331775777,0.03538966357866201,B,TWTR,Online directional-change (calm-tuned)
3933,0.7388761759471142,0.6938645189876718,0.40013492486772356,-0.022691341440998894,2.1333333333333333,0.734375,0.19320843091334894,0.43610173463789986,0.4426394981686389,-0.06441529552996166,0.03149012138221073,0.11127736776789958,B,KMX,MODEL calm
3933,0.7312484108822782,0.7194255479969766,0.4247030580903425,-0.08858512185936392,2.1333333333333333,0.734375,0.21904761904761905,0.5006453280175868,0.485753010352749,-0.22020577674044892,-0.0803617041045318,0.11127736776789958,B,KMX,Crypto model C
3933,0.6720061022120518,0.6686397164229676,0.3214782620797077,-0.0745974300357136,1.8666666666666667,0.75,0.30495169082125606,0.5252728908799511,0.5217786865676681,-0.18577897636086607,-0.0620799520170675,0.11127736776789958,B,KMX,EMA cross (calm-tuned)
3933,0.6732773963895246,0.6925196132092684,0.36385344323182206,-0.03972199518122495,2.7666666666666666,0.6867469879518072,0.15739022881880024,0.36229211913432907,0.3942160018513562,-0.10787719565993571,0.0027372597936262196,0.11127736776789958,B,KMX,SuperTrend (calm-tuned)
3933,0.7048054919908466,0.6730393306747986,0.3436650803184442,-0.07305077368319526,1.6,0.7916666666666666,0.3100651509107831,0.5682163159787316,0.5524168764054417,-0.1808162333801141,-0.0497199761812231,0.11127736776789958,B,KMX,Online directional-change (calm-tuned)
3949,0.7634844264370727,0.6941647682635972,0.427092549726591,0.039581780455278694,2.2857142857142856,0.6875,0.21601479915433403,0.4022998133222919,0.41010156783446566,0.08111389595986582,0.29700775045176425,0.3775490283007505,B,RVTY,MODEL calm
3949,0.743226133198278,0.7187049943327013,0.4275325721906648,0.09853550480578162,1.9285714285714286,0.7592592592592593,0.24355165917982902,0.4112336423307551,0.45964759312290143,0.2249348147257496,0.4245480975768805,0.3775490283007505,B,RVTY,Crypto model C
3949,0.7300582425930615,0.7098229946018172,0.40642593830661705,-0.021888731576845104,2.4285714285714284,0.6764705882352942,0.3336352657004831,0.4748121485543747,0.5450586490819137,-0.06744586304369868,0.22888016255435525,0.3775490283007505,B,RVTY,EMA cross (calm-tuned)
3949,0.7039756900481134,0.7135342085671694,0.4009920290941234,-0.031814280133475384,2.857142857142857,0.6625,0.20406001765225065,0.3328490556164081,0.41856672831587616,-0.09389615995334906,0.21727161645877394,0.3775490283007505,B,RVTY,SuperTrend (calm-tuned)
3949,0.7143580653329957,0.6856394352326765,0.362894800309466,-0.04763936943771668,1.7142857142857142,0.7708333333333334,0.2919370538611291,0.4380682528848002,0.45820164404048225,-0.12491130063160681,0.17568637876474047,0.3775490283007505,B,RVTY,Online directional-change (calm-tuned)
3951,0.6899519109086307,0.6633091822617054,0.36936397246542146,-0.009303008002486797,2.269230769230769,0.6949152542372882,0.16024301019074993,0.45312802353786674,0.39109263531561733,-0.02462760269682763,-0.15108304623416371,-0.1628811484352917,B,PCG,MODEL calm
3951,0.7172867628448494,0.7022630577025102,0.420501553091733,0.02048911295878165,1.8846153846153846,0.7755102040816326,0.1982947200954559,0.4025782987558688,0.40558663787830573,0.0314382995216215,-0.10954625878555461,-0.1628811484352917,B,PCG,Crypto model C
3951,0.6545178435839029,0.6535684378608357,0.3052988206608665,-0.14909668060401376,2.423076923076923,0.6507936507936508,0.22842809364548494,0.4764603317628663,0.463687120686097,-0.28227718128000695,-0.4774342432911849,-0.1628811484352917,B,PCG,EMA cross (calm-tuned)
3951,0.7253859782333586,0.7259297209016862,0.44899783956819667,0.10147183159818027,2.5,0.6923076923076923,0.14104439406128866,0.3359756991526971,0.2733062327716436,0.1783480477714002,0.0164361589707285,-0.1628811484352917,B,PCG,SuperTrend (calm-tuned)
3951,0.674765882055176,0.6569902008717272,0.330320086397013,0.08478679738656518,1.2692307692307692,0.8787878787878788,0.30203240058910164,0.5398345090777579,0.49603211727132035,0.15172011743625197,-0.010064002414836244,-0.1628811484352917,B,PCG,Online directional-change (calm-tuned)
3867,0.7486423584173778,0.6873959844732653,0.4209782811890957,0.01474628413360026,2.1666666666666665,0.6730769230769231,0.2446319018404908,0.38196507491483433,0.3676541290468879,0.020342486755975744,0.2933465626035924,0.478206237023617,B,EBAY,MODEL calm
3867,0.7245927075252133,0.7042630543881074,0.40405387620672417,-0.137917047797323,2.6666666666666665,0.671875,0.18161610878661089,0.4217915872582154,0.4715499438678082,-0.30735540283456375,0.11225846999609194,0.478206237023617,B,EBAY,Crypto model C
3867,0.6811481768813034,0.6461445985762472,0.2951473169614092,-0.05464610477178506,2.4166666666666665,0.6724137931034483,0.3086890243902439,0.4852409113531082,0.40686204692038064,-0.12869664258076588,0.22186651302784563,0.478206237023617,B,EBAY,EMA cross (calm-tuned)
3867,0.6638220843030773,0.6646930575056431,0.3160408853134071,-0.17175029707302644,3.375,0.6419753086419753,0.1924342105263158,0.3919171295445969,0.40425519896807427,-0.3830831562982984,0.06721174426263178,0.478206237023617,B,EBAY,SuperTrend (calm-tuned)
3867,0.6793379881044738,0.6449139923444572,0.292174580711587,-0.07203871720668965,1.75,0.7380952380952381,0.20886479591836735,0.45117448160743423,0.491806596135776,-0.16233728997207802,0.2050051915146757,0.478206237023617,B,EBAY,Online directional-change (calm-tuned)
3950,0.769113924050633,0.7156007287916764,0.46596471066783246,-0.003546165542971382,2.5185185185185186,0.6911764705882353,0.21686746987951808,0.4564754678184405,0.40033997324684567,-0.019815865477713083,0.16285265667873924,0.28041251857513055,B,NRG,MODEL calm
3950,0.7501265822784811,0.7438175338001154,0.47201338084584565,-0.03930402874486569,2.2962962962962963,0.7258064516129032,0.19402985074626866,0.4538308932982269,0.4992333930728058,-0.10408366071547834,0.12160914965069822,0.28041251857513055,B,NRG,Crypto model C
3950,0.7283544303797468,0.7152913816774997,0.41906014923952745,0.06183721949774417,2.074074074074074,0.6964285714285714,0.3118279569892473,0.5127381701968801,0.4553653362866433,0.138114520778623,0.2948298248727657,0.28041251857513055,B,NRG,EMA cross (calm-tuned)
3950,0.710632911392405,0.7188299034217457,0.4171756009663937,-0.029698594757041372,3.0,0.654320987654321,0.16,0.3464888420194845,0.38936201200687365,-0.08436217868620843,0.1488056697773427,0.28041251857513055,B,NRG,SuperTrend (calm-tuned)
3950,0.7741772151898734,0.7612579187603608,0.5120206598901037,0.001423253555767019,1.7777777777777777,0.7708333333333334,0.22058823529411764,0.5127381701968801,0.5300807514156254,-0.004624141872966551,0.18254259620680283,0.28041251857513055,B,NRG,Online directional-change (calm-tuned)
2677,0.7669032499066119,0.623911175657783,0.27387730335427624,0.02193081059764032,1.6363636363636365,0.8055555555555556,0.3537037037037037,0.5197928885193652,0.5330104211369887,0.04050902075306924,0.3124852323837688,0.48140381255283304,B,MXIM,MODEL calm
2677,0.7317893163989541,0.65683478723643,0.29228105319392034,-0.09134139759284056,1.8181818181818181,0.775,0.2909821102592187,0.48700663647988773,0.5674096121670744,-0.23134898868979997,0.15930276909889188,0.48140381255283304,B,MXIM,Crypto model C
2677,0.6791184161374673,0.5767695299100086,0.1439786769080393,-0.1031579495932153,2.0,0.7045454545454546,0.3348779734321903,0.5141394313853762,0.5957910454009157,-0.2609349803280881,0.14175721241545136,0.48140381255283304,B,MXIM,EMA cross (calm-tuned)
2677,0.5917071348524467,0.5753833527293944,0.12711057070158296,-0.18238761439265302,2.5,0.6727272727272727,0.27367534654748027,0.4257342532249348,0.5091173550497886,-0.4541060675240218,0.020657119260076687,0.48140381255283304,B,MXIM,SuperTrend (calm-tuned)
2677,0.6316772506537168,0.5390886736620726,0.07050427976601134,-0.05947083955031375,1.0909090909090908,0.9583333333333334,0.5141414141414141,0.6081028473179377,0.6639957094506077,-0.14995644918855203,0.21088329802994488,0.48140381255283304,B,MXIM,Online directional-change (calm-tuned)
3905,0.7323943661971831,0.6658843746572987,0.3798226096569849,0.11001257596586902,3.1578947368421053,0.65,0.2032520325203252,0.3917660638950386,0.3426261916571303,0.20984524984152686,0.25086691100004144,0.183345304975902,B,ZION,MODEL calm
3905,0.7500640204865557,0.720373094437143,0.4465760643967195,0.04344592794308415,2.526315789473684,0.7083333333333334,0.19791666666666666,0.385265509968878,0.4375969690475821,0.07859544022901314,0.17949324891650234,0.183345304975902,B,ZION,Crypto model C
3905,0.7060179257362356,0.6932420592337155,0.3770945045708241,-0.037343373943815,2.9473684210526314,0.6428571428571429,0.25949367088607594,0.4141737319533901,0.5073814983536237,-0.08462421303324077,0.07678861364134396,0.183345304975902,B,ZION,EMA cross (calm-tuned)
3905,0.7124199743918054,0.7210755783075737,0.4237150732152947,-0.012374332516495131,3.789473684210526,0.6388888888888888,0.18181818181818182,0.3157404998079704,0.370974621354054,-0.0374204829778942,0.11046033353115019,0.183345304975902,B,ZION,SuperTrend (calm-tuned)
3905,0.6937259923175416,0.6438979500791479,0.30372794367052885,-0.02048377669654839,1.7894736842105263,0.7941176470588235,0.39473684210526316,0.5107655039359733,0.4763179637497722,-0.04699399370730987,0.0915930438703541,0.183345304975902,B,ZION,Online directional-change (calm-tuned)
3946,0.7270653826659909,0.626730819236381,0.29887572607387713,0.001354149016001332,2.111111111111111,0.7192982456140351,0.27586206896551724,0.4094891755966487,0.41012599818578843,-0.01271380767904386,0.23272852408456704,0.37989348565681197,B,HON,MODEL calm
3946,0.7516472377090725,0.6938171441091352,0.4011608630316927,0.0619130954194431,1.7407407407407407,0.7872340425531915,0.2647058823529412,0.46090427850389604,0.4252018703690017,0.12474065985458212,0.34426372056465565,0.37989348565681197,B,HON,Crypto model C
3946,0.7029903699949316,0.6493103207508102,0.3002888958443904,-0.07540714832588674,1.8888888888888888,0.7647058823529411,0.3235294117647059,0.49053999710119883,0.5701850266866835,-0.18179658734801613,0.14445307205485217,0.37989348565681197,B,HON,EMA cross (calm-tuned)
3946,0.7245311708058794,0.7180600498870799,0.4112951164314253,-0.10386994645468818,2.7777777777777777,0.6533333333333333,0.1297709923664122,0.367709729324767,0.3979085341048685,-0.2516868928363216,0.10233400067942872,0.37989348565681197,B,HON,SuperTrend (calm-tuned)
3946,0.7116066903193107,0.6519063991255315,0.31061816353180977,-0.0436264555789763,1.5925925925925926,0.7906976744186046,0.3275862068965517,0.46140346593004766,0.478968195645938,-0.10891232386250596,0.18401075078753562,0.37989348565681197,B,HON,Online directional-change (calm-tuned)
3947,0.6959716240182418,0.6871861050364864,0.39627207869960235,0.004184407427333708,1.8235294117647058,0.7741935483870968,0.25515239477503626,0.4682828476939782,0.4283038681658994,-0.007583743426747086,0.027353318126517798,0.04967437851028004,B,T,MODEL calm
3947,0.71066632885736,0.7063507947669792,0.4185825975403165,-0.043197136893137804,1.7647058823529411,0.7833333333333333,0.24190177638453503,0.4682828476939782,0.47670253609760993,-0.12862831083763882,-0.055278228147288784,0.04967437851028004,B,T,Crypto model C
3947,0.6437800861413732,0.6437020093914128,0.28699675928796653,-0.05723338727889278,1.8823529411764706,0.734375,0.32774720397656665,0.4627175127166611,0.5335274065938627,-0.16584974310109674,-0.09004351071023126,0.04967437851028004,B,T,EMA cross (calm-tuned)
3947,0.7281479604763111,0.7296468303337995,0.4587286135758515,-0.024451615353243188,2.235294117647059,0.7236842105263158,0.16515426497277677,0.3749019647583104,0.3955027146713829,-0.08525560909711426,-0.026998342606673883,0.04967437851028004,B,T,SuperTrend (calm-tuned)
3947,0.6503673676209779,0.6476968371597029,0.29676313378951025,-0.06866086453026356,1.411764705882353,0.8541666666666666,0.25,0.534450568934849,0.5452339344407552,-0.1904603261007458,-0.09922925417360429,0.04967437851028004,B,T,Online directional-change (calm-tuned)
3947,0.7892069926526476,0.7092556441263127,0.47301251449516357,0.03794851376122539,2.4285714285714284,0.7058823529411765,0.16883116883116883,0.43645087453815146,0.4969399623433039,0.06832799601886737,0.3015837647742811,0.42891963380624115,B,POOL,MODEL calm
3947,0.815049404611097,0.7717965403177702,0.5570351516350406,0.033340553658945456,2.3333333333333335,0.7142857142857143,0.2112676056338028,0.44133842231117043,0.48048948429139715,0.059122177720130675,0.32929755318843434,0.42891963380624115,B,POOL,Crypto model C
3947,0.7950342031922979,0.7605373593863914,0.5200127112464432,0.1668204337475749,1.7619047619047619,0.7567567567567568,0.28378378378378377,0.5071229810800347,0.5126840311568438,0.3406236981874161,0.5290575885388031,0.42891963380624115,B,POOL,EMA cross (calm-tuned)
3947,0.7327083861160375,0.7162009170387241,0.4125118819290728,-0.09459046046684055,3.1904761904761907,0.6567164179104478,0.13852813852813853,0.37664961612948256,0.4151008303776292,-0.21195269970702768,0.15483623251376952,0.42891963380624115,B,POOL,SuperTrend (calm-tuned)
3947,0.7785659994932861,0.7118517614735282,0.4547463191212679,0.04182025312038185,1.8571428571428572,0.7692307692307693,0.2112676056338028,0.4492427376796801,0.5092413808525492,0.07898994504317211,0.32459084398744126,0.42891963380624115,B,POOL,Online directional-change (calm-tuned)
2596,0.6640986132511556,0.6165099171533174,0.2665679223382914,0.016480444953751165,2.3,0.717391304347826,0.3464285714285714,0.43082500214586367,0.475558105429393,0.02726064593810272,0.15863355082052166,0.22312118538585848,B,FLIR,MODEL calm
2596,0.6926040061633282,0.6721183930776444,0.35029945690424463,0.00972198039295117,1.7,0.7941176470588235,0.3488311688311688,0.43434399865523254,0.49289295203080397,0.013888965253784276,0.15967877075561573,0.22312118538585848,B,FLIR,Crypto model C
2596,0.7083975346687211,0.703808409696497,0.40246671646227855,-0.07097587779874003,2.0,0.65,0.33671005523021846,0.4335178859845249,0.5688263242217715,-0.19335000372053715,0.022865932940887967,0.22312118538585848,B,FLIR,EMA cross (calm-tuned)
2596,0.6979969183359014,0.7063922234910731,0.40422241117404706,-0.13370393211734277,2.8,0.6607142857142857,0.16622947080291972,0.40424913152364156,0.365020370280268,-0.35811422989116204,-0.10688926808773752,0.22312118538585848,B,FLIR,SuperTrend (calm-tuned)
2596,0.6332819722650231,0.5931642976291056,0.2025043142769993,0.13371380702429164,0.75,0.9333333333333333,0.42545035217852023,0.5380752147697285,0.5877392633639114,0.33546173972266075,0.3664617145150642,0.22312118538585848,B,FLIR,Online directional-change (calm-tuned)
3934,0.7867310625317743,0.6851092359577955,0.4035032366394976,0.048252952288553363,1.8571428571428572,0.7692307692307693,0.2088888888888889,0.4033011026085598,0.46246829199846007,0.09713411080933461,0.3301958147268995,0.43284676390099824,B,NDSN,MODEL calm
3934,0.7839349262836808,0.7435017133724316,0.46493559717568317,0.03848785381072815,1.7142857142857142,0.7916666666666666,0.2425713445130921,0.4422400909226595,0.48804864649908236,0.07602887017126266,0.33337326776048104,0.43284676390099824,B,NDSN,Crypto model C
3934,0.7089476359938993,0.6486621473364846,0.2824228293725551,-0.16706379566518595,2.2857142857142856,0.703125,0.26723923325865073,0.5330947434264,0.5442566488634197,-0.3906220271409836,0.028741661536123016,0.43284676390099824,B,NDSN,EMA cross (calm-tuned)
3934,0.7099644128113879,0.7011942815348566,0.3613982624784124,-0.0951997783422454,2.7142857142857144,0.6842105263157895,0.16752136752136754,0.3685499713693932,0.4568893843773088,-0.23133485913297222,0.14275553108137448,0.43284676390099824,B,NDSN,SuperTrend (calm-tuned)
3934,0.7180986273512964,0.6392636561877802,0.27398950705934894,0.024876524761832653,1.2857142857142858,0.8888888888888888,0.34498866213151924,0.5238762235536474,0.5059941696786293,0.04804794753223568,0.3094567230487478,0.43284676390099824,B,NDSN,Online directional-change (calm-tuned)
3862,0.7136198860693941,0.6697413213002008,0.38831354332180623,0.011890336608789978,2.2,0.7121212121212122,0.2574671445639187,0.4208717056814235,0.40416226284779677,0.018983973332892184,0.1722394178769098,0.22875487053146287,B,BA,MODEL calm
3862,0.7446918694976696,0.7284047946987584,0.46339212699400223,0.06230188513301998,1.8333333333333333,0.7818181818181819,0.32061305534872175,0.45577194475520166,0.45072656512129694,0.15180529835640258,0.276593842752205,0.22875487053146287,B,BA,Crypto model C
3862,0.672449508026929,0.6606100822755493,0.3204677084982277,-0.0039481180537252495,2.1,0.7301587301587301,0.403125,0.5224888923717911,0.5650099786774124,-0.02157528869434192,0.18893931914682385,0.22875487053146287,B,BA,EMA cross (calm-tuned)
3862,0.7169860176074573,0.7083969974430244,0.4147200160214789,0.028901785072319417,2.566666666666667,0.7012987012987013,0.21544256120527305,0.35595935299480097,0.38241701093401176,0.06115520041466284,0.24094621063458885,0.22875487053146287,B,BA,SuperTrend (calm-tuned)
3862,0.7573795960642155,0.7433374039321483,0.49147033082237945,0.11674334090397608,1.4,0.8571428571428571,0.3115079365079365,0.5071244512476882,0.4761673537073223,0.29550663551561857,0.4004237257472143,0.22875487053146287,B,BA,Online directional-change (calm-tuned)
3914,0.6791006642820644,0.6316164276082716,0.28245482505369596,0.07066901318637116,2.037037037037037,0.7454545454545455,0.26222222222222225,0.4032731328056463,0.3771483302312075,0.15472457624410874,0.22848259495778353,0.2196013992665963,B,VIAV,MODEL calm
3914,0.6663260091977516,0.6475179311284613,0.2922812668396587,0.014146941583415519,1.962962962962963,0.7547169811320755,0.2701612903225806,0.42709992812610365,0.46174339128156605,0.024471043659358045,0.1611807577339932,0.2196013992665963,B,VIAV,Crypto model C
3914,0.6188042922841084,0.6022550704247815,0.20086951272487175,0.026058701291662226,1.7777777777777777,0.75,0.37168141592920356,0.4369045147437582,0.48937849431593045,0.052761865648154514,0.17984503593979398,0.2196013992665963,B,VIAV,EMA cross (calm-tuned)
3914,0.6543178334184977,0.6576571018125459,0.3050656465593612,-0.04907514543923439,2.8518518518518516,0.6753246753246753,0.1532258064516129,0.3306536857865653,0.3517811047045506,-0.12527599481537532,0.06600778526176122,0.2196013992665963,B,VIAV,SuperTrend (calm-tuned)
3914,0.6663260091977516,0.6405802430065591,0.2822281422331958,-0.011011806520084298,1.3703703703703705,0.8108108108108109,0.3442622950819672,0.4987382978990209,0.5071785129047277,-0.031164861438298764,0.1232300593779839,0.2196013992665963,B,VIAV,Online directional-change (calm-tuned)
3935,0.749428208386277,0.6838100387741992,0.4079660135191158,0.024799026300959003,1.8,0.7222222222222222,0.25,0.4946489830580784,0.39679210093149925,0.052633676543308645,0.37502464747975645,0.5935833861160857,B,FTNT,MODEL calm
3935,0.7573062261753494,0.7309469465895804,0.45981671685139447,-0.026051261363771522,1.6,0.8125,0.18256929637526653,0.4537138922996346,0.5205323772552443,-0.07137038808870269,0.3473712817468058,0.5935833861160857,B,FTNT,Crypto model C
3935,0.6960609911054638,0.6625594726431618,0.3235999874038538,-0.06511382841329764,1.7333333333333334,0.7884615384615384,0.365492850623669,0.6064745192898966,0.5433090186488045,-0.16798331842169967,0.27598569701979103,0.5935833861160857,B,FTNT,EMA cross (calm-tuned)
3935,0.71715374841169,0.6962107636530009,0.38395115692475035,-0.011620957160405175,2.2,0.6666666666666666,0.17678571428571427,0.42219330058701676,0.39033406735887854,-0.038685756317118,0.3766157867016083,0.5935833861160857,B,FTNT,SuperTrend (calm-tuned)
3935,0.7720457433290978,0.7276630977303922,0.47474646981211754,0.05201704385823154,1.3333333333333333,0.85,0.16598837209302325,0.48551507315419934,0.4827941070449428,0.12165309335666383,0.44035571712194865,0.5935833861160857,B,FTNT,Online directional-change (calm-tuned)
3947,0.7762857866734229,0.6677608864719169,0.38918987088989415,0.03025343084613195,2.2083333333333335,0.6792452830188679,0.1509469696969697,0.38295547050659773,0.3904529118360301,0.05098001315809332,0.3770990075170812,0.6186151430138843,B,CASY,MODEL calm
3947,0.7843932100329364,0.747320176622464,0.4800611101863085,0.012585156611803624,2.125,0.7450980392156863,0.19543650793650794,0.46596374157017184,0.5116374072464284,0.01452664928292584,0.40543788131576985,0.6186151430138843,B,CASY,Crypto model C
3947,0.7638712946541677,0.6953062137793475,0.3988931889633557,0.08628638926542963,1.9583333333333333,0.723404255319149,0.18712121212121213,0.4517313747651083,0.46117146338711046,0.16947309846391004,0.45676087941727816,0.6186151430138843,B,CASY,EMA cross (calm-tuned)
3947,0.7235875348365848,0.700193176812884,0.37365778302664887,-0.2331443322245489,3.2916666666666665,0.6582278481012658,0.1324575807334428,0.40509299419780975,0.44799709546003,-0.5055464952629872,0.07651003922035338,0.6186151430138843,B,CASY,SuperTrend (calm-tuned)
3947,0.7557638712946542,0.7244184980422654,0.42725990961116683,0.08141338563257888,1.375,0.8787878787878788,0.3954930429522081,0.5103185455346144,0.5127945058728228,0.16253399321465772,0.49434724790333173,0.6186151430138843,B,CASY,Online directional-change (calm-tuned)
3926,0.7819663779928681,0.6575351083691858,0.3707981551992384,0.11794945602284089,1.9230769230769231,0.74,0.3074074074074074,0.33525898815092625,0.41319303459842177,0.2627832122770768,0.43334190887761276,0.40952342853467005,B,IWO,MODEL calm
3926,0.8150789607743251,0.7519404307708959,0.5113082895635459,0.050628756732649875,2.230769230769231,0.7241379310344828,0.20784313725490197,0.33945091175733666,0.41194212391539103,0.10267473707787887,0.352412079642501,0.40952342853467005,B,IWO,Crypto model C
3926,0.7045338767193072,0.6264415401683037,0.24745286030107583,-0.03441916533691347,2.3076923076923075,0.6833333333333333,0.29563492063492064,0.41818343093104815,0.5453939655140596,-0.09722117018831586,0.22680579964005582,0.40952342853467005,B,IWO,EMA cross (calm-tuned)
3926,0.7096281202241467,0.7243678464161052,0.39789655160418447,-0.0233330893448864,3.076923076923077,0.65,0.14760348583877997,0.37028440694289644,0.435108751795284,-0.076730975233402,0.2777439237858991,0.40952342853467005,B,IWO,SuperTrend (calm-tuned)
3926,0.7027508914926134,0.616270260031929,0.23086644853417354,0.02488569720827973,1.6923076923076923,0.7727272727272727,0.43137254901960786,0.5048098803762897,0.41319303459842177,0.046207708254050295,0.31076489457378376,0.40952342853467005,B,IWO,Online directional-change (calm-tuned)
3933,0.7292143401983219,0.6973399286176252,0.434342090276494,0.03359893752828383,2.066666666666667,0.7419354838709677,0.2727272727272727,0.41617713364701336,0.3954905173694507,0.07170380214268579,0.02207384766362032,-0.039464679339413423,B,SLG,MODEL calm
3933,0.7393846936181032,0.7243067366118124,0.4572509783706547,0.05977229986571,1.6,0.8125,0.27463549522373054,0.43164274501559496,0.4829044710625447,0.13845483725136257,0.07309027572603607,-0.039464679339413423,B,SLG,Crypto model C
3933,0.707348080345792,0.7096849274598573,0.4137504320681033,0.03572601014205983,1.8,0.7037037037037037,0.3494043186895011,0.37841521599951716,0.524871941661879,0.07831828507185422,0.03483841637188351,-0.039464679339413423,B,SLG,EMA cross (calm-tuned)
3933,0.6870073735062293,0.6845142565134421,0.3652893953276285,0.09035784855898667,2.2333333333333334,0.7164179104477612,0.21340811965811968,0.35851813952352585,0.417641573208964,0.21025670844824784,0.1348982283515811,-0.039464679339413423,B,SLG,SuperTrend (calm-tuned)
3933,0.7076023391812866,0.696756253942399,0.3954740970787824,0.01277814926541454,1.2,0.8611111111111112,0.3410275502606106,0.5248467413025044,0.557646233717161,0.025095155333118558,-0.011096576388585501,-0.039464679339413423,B,SLG,Online directional-change (calm-tuned)
1515,0.6059405940594059,0.5393495934959349,0.11184437713876504,-0.054512936450004684,2.0,0.75,0.3680711354309166,0.47285367506036513,0.47886653912103605,-0.12655254114726952,0.2327219142859333,0.5137604145664524,B,ACAS-201701,MODEL calm
1515,0.6957095709570957,0.6620189701897019,0.35052912223128724,-0.02670914874401873,1.75,0.7857142857142857,0.19796437659033078,0.5456035534606897,0.5914421621569674,-0.06582403995527204,0.3147098421045843,0.5137604145664524,B,ACAS-201701,Crypto model C
1515,0.6580858085808581,0.6288075880758808,0.2711694590526927,-0.037728049375139204,2.25,0.7222222222222222,0.5382755842062853,0.4641313951399848,0.6011898118131417,-0.09191744077339528,0.2937849177481609,0.5137604145664524,B,ACAS-201701,EMA cross (calm-tuned)
1515,0.7148514851485148,0.6879132791327913,0.39517115971256933,-0.1060247345283966,3.25,0.6538461538461539,0.10723878592532904,0.34589644268667497,0.44697635632153276,-0.24298277882418812,0.1891597094910019,0.5137604145664524,B,ACAS-201701,SuperTrend (calm-tuned)
1515,0.49174917491749176,0.41672086720867213,-0.2546304352912538,-0.13408209564105333,0.75,0.8333333333333334,0.9571363429092568,0.7813813351429622,0.7640241010301848,-0.2905357239360031,0.12848399293384538,0.5137604145664524,B,ACAS-201701,Online directional-change (calm-tuned)
2529,0.7694741004349546,0.6739345784033917,0.3890521868033618,0.1443560186908396,1.3333333333333333,0.8125,0.2765936580581889,0.3446291404066809,0.43633355568926346,0.3563705599120916,0.40405816325021443,0.2706974365398131,B,FTV,MODEL calm
2529,0.7738236457097667,0.7245894409192091,0.44658534985660686,0.11331610938517558,1.2083333333333333,0.7931034482758621,0.25769859431186665,0.43307719805779843,0.42486400157037074,0.27817542445206755,0.3774387765983811,0.2706974365398131,B,FTV,Crypto model C
2529,0.7200474495848161,0.6798978451421024,0.34503186590201695,-0.0639505848696343,1.5416666666666667,0.7297297297297297,0.3952493629413906,0.5251520596019388,0.6097196363396173,-0.17702931973787275,0.07052077660634025,0.2706974365398131,B,FTV,EMA cross (calm-tuned)
2529,0.7046263345195729,0.6977922635706171,0.3641523338785361,-0.1156079645161542,2.0833333333333335,0.68,0.2126810929763433,0.345395745550855,0.4258337623388225,-0.3137171389842605,-0.033577673253581755,0.2706974365398131,B,FTV,SuperTrend (calm-tuned)
2529,0.7184657967576117,0.6273818430361975,0.2710167763695145,0.11292803542879583,1.3333333333333333,0.75,0.23299293008641006,0.3776555231951607,0.40736263051524557,0.27615978807866737,0.3641520322347274,0.2706974365398131,B,FTV,Online directional-change (calm-tuned)
3902,0.7754997437211686,0.6678287850657443,0.3739439082338552,0.2131325244815509,1.5,0.8095238095238095,0.2785953177257525,0.39756504435182694,0.3754035489378486,0.4740266768044329,0.6734559666179128,0.6864087937357961,B,PGR,MODEL calm
3902,0.7283444387493593,0.6958274625499122,0.364242019136266,-0.07823527763163035,2.0714285714285716,0.7413793103448276,0.1843220338983051,0.47277864340654935,0.49583313020934866,-0.194465031030231,0.33092479507435024,0.6864087937357961,B,PGR,Crypto model C
3902,0.7206560738083034,0.6519901319972532,0.29692712912404534,0.11055493471393804,1.6071428571428572,0.7777777777777778,0.4340579710144927,0.43940946695470057,0.48746825101412117,0.23927166985391174,0.5699036287147211,0.6864087937357961,B,PGR,EMA cross (calm-tuned)
3902,0.7450025627883137,0.7407233144281391,0.4372598093029216,-0.028752801143458448,2.607142857142857,0.6986301369863014,0.14313725490196078,0.40515281712443374,0.36976199154471806,-0.08602171604629687,0.4409006279424924,0.6864087937357961,B,PGR,SuperTrend (calm-tuned)
3902,0.7152742183495643,0.6577608789643684,0.3018936298741255,-0.07587847572133816,1.4285714285714286,0.8,0.2889595103578154,0.5546578849887851,0.572766038645597,-0.18410664348181666,0.31879124246139423,0.6864087937357961,B,PGR,Online directional-change (calm-tuned)
1802,0.7685904550499445,0.7139188069594036,0.45515019711212246,-0.09359198184782432,2.6,0.6923076923076923,0.22930693069306932,0.45815345255828394,0.4889780706370681,-0.20657442277295274,0.06611443092273762,0.30993261137270117,B,SNI-201803,MODEL calm
1802,0.732519422863485,0.7057403242987336,0.4053707636112594,-0.1512957447782471,2.8,0.6785714285714286,0.21405940594059406,0.3952768741017677,0.6049260585083316,-0.3260822049284576,-0.01115157665780917,0.30993261137270117,B,SNI-201803,Crypto model C
1802,0.7297447280799112,0.7151733933009824,0.41611765820120916,-0.0274611791811417,2.4,0.6666666666666666,0.12338494487746648,0.2797915448802675,0.5237349906841479,-0.06985392575480835,0.17550387233335168,0.30993261137270117,B,SNI-201803,EMA cross (calm-tuned)
1802,0.6403995560488346,0.6454965084625399,0.27434721830989434,-0.27348576816652764,3.8,0.631578947368421,0.15947368421052632,0.3720545667979272,0.4922591862497904,-0.5825558107318668,-0.2046636539839159,0.30993261137270117,B,SNI-201803,SuperTrend (calm-tuned)
1802,0.7253052164261932,0.6760681737483726,0.36304904319690395,-0.27803771964266527,2.6,0.6923076923076923,0.21735973597359737,0.42476705580525376,0.6143198380769834,-0.5852587938765168,-0.17597963036402672,0.30993261137270117,B,SNI-201803,Online directional-change (calm-tuned)
3941,0.7891398122303984,0.7165370366899688,0.46305935197883596,0.17656034522497666,1.7241379310344827,0.78,0.20512820512820512,0.3858941561757419,0.38625510193665935,0.41740892881398733,0.4645025569095037,0.3092595286727476,B,DG,MODEL calm
3941,0.786602385181426,0.7503326648799595,0.49211749465621835,0.1296715466228659,1.6551724137931034,0.8125,0.1794871794871795,0.3632650095406316,0.3892086305332,0.3040322062987726,0.42732395984636934,0.3092595286727476,B,DG,Crypto model C
3941,0.7084496320730779,0.6666321507331122,0.32168805519693777,0.026960476550123503,1.5172413793103448,0.7727272727272727,0.3181818181818182,0.4965692687192603,0.41633531236407734,0.05596785230822159,0.25611140681300804,0.3092595286727476,B,DG,EMA cross (calm-tuned)
3941,0.749809692971327,0.7481253631201155,0.4614926976976925,0.1389995165874064,2.413793103448276,0.7,0.16129032258064516,0.3243517018102921,0.34513234515448615,0.32195200256626527,0.4845913168684576,0.3092595286727476,B,DG,SuperTrend (calm-tuned)
3941,0.780005074854098,0.7415574963609899,0.47551947361636665,0.1333125317249626,1.5172413793103448,0.8181818181818182,0.1588785046728972,0.39593000836009445,0.40314974806945414,0.3137173376844962,0.43282079479054014,0.3092595286727476,B,DG,Online directional-change (calm-tuned)
3923,0.8067805251083354,0.7330042524465148,0.5201797392369047,0.15425484218851987,2.3636363636363638,0.6923076923076923,0.1784509600415153,0.3276136721204975,0.3794951828368423,0.3519771822629595,0.45632747475240465,0.3867077424750587,B,ZBRA,MODEL calm
3923,0.8146826408360949,0.7723718849013429,0.5566813825333464,0.23599803822223633,1.9090909090909092,0.7619047619047619,0.16670991177996886,0.317545340271682,0.3467996680536265,0.5449933614743194,0.6289406039843171,0.3867077424750587,B,ZBRA,Crypto model C
3923,0.7772113178689778,0.7450894222300349,0.48399439379838055,0.0831145087296906,2.090909090909091,0.717391304347826,0.2584373227453205,0.39218904380553427,0.4654380376821647,0.18658270090026138,0.40220761644671293,0.3867077424750587,B,ZBRA,EMA cross (calm-tuned)
3923,0.7598776446596992,0.7473319209375768,0.47219350108142355,-0.017786614658805464,3.5454545454545454,0.6410256410256411,0.09231315462453399,0.26606892134504023,0.2593602680270417,-0.05473842832571857,0.2407698804739485,0.3867077424750587,B,ZBRA,SuperTrend (calm-tuned)
3923,0.8128982921233749,0.7613998770715189,0.5461958036153434,0.13370114664580357,1.9090909090909092,0.7619047619047619,0.1606123508043591,0.36988526703742874,0.39010935795897694,0.30558320137201817,0.44570347525755677,0.3867077424750587,B,ZBRA,Online directional-change (calm-tuned)
3921,0.7967355266513645,0.6915364372687957,0.4079817536845685,0.15324568492715357,2.1818181818181817,0.7083333333333334,0.22258064516129034,0.37985225985226023,0.40367271054108744,0.32579844383078044,0.57963057345316,0.6100846860893686,B,ROST,MODEL calm
3921,0.7663861259882683,0.7086900486405452,0.39516960338209345,0.09033633657441284,2.1818181818181817,0.7291666666666666,0.16365914786967417,0.37526514660833377,0.42266757031465896,0.1877099517969476,0.5372145420221601,0.6100846860893686,B,ROST,Crypto model C
3921,0.7419025758735016,0.6774527884729458,0.3347331333951015,0.0021117400775495765,2.4545454545454546,0.6666666666666666,0.18975497358660223,0.3948315460569509,0.5274585866418513,-0.007259294422574433,0.42953725884756955,0.6100846860893686,B,ROST,EMA cross (calm-tuned)
3921,0.7347615404233614,0.7168575619331111,0.3862890268936764,0.018943144925316617,3.1818181818181817,0.6571428571428571,0.09765266825600587,0.27633565862404774,0.3826927681617336,0.026153655065651954,0.4733423311842593,0.6100846860893686,B,ROST,SuperTrend (calm-tuned)
3921,0.7755674572813058,0.6950733922196698,0.386214995778045,0.14967794951670155,1.5454545454545454,0.8235294117647058,0.16818181818181818,0.39031561413739924,0.4492553574558874,0.3210774817181201,0.6061485165965927,0.6100846860893686,B,ROST,Online directional-change (calm-tuned)
3926,0.8217014773306164,0.6907413853115211,0.43810308619189897,0.12483201241035187,2.0,0.75,0.2755208333333333,0.3758191832515625,0.4325802312169667,0.26750102929485814,0.47627821584820645,0.4652586694699446,B,EXI,MODEL calm
3926,0.8334182373917474,0.7492603550295858,0.5113337275397345,0.15297847866601788,2.0,0.75,0.17934027777777778,0.3400958550291403,0.4355193672077613,0.33180458884522396,0.5382096301397412,0.4652586694699446,B,EXI,Crypto model C
3926,0.7740703005603667,0.6977220868623584,0.38023320353851564,0.02718507257440826,1.75,0.7380952380952381,0.23214285714285715,0.41732336552835186,0.4936704364204194,0.04723996304362149,0.37744359406951417,0.4652586694699446,B,EXI,EMA cross (calm-tuned)
3926,0.7134488028527763,0.7031413156978767,0.3515707100667251,0.03731677620423326,4.083333333333333,0.6122448979591837,0.0926640050812086,0.27202649642922827,0.3693856154464157,0.05077131129180309,0.41236660910282863,0.4652586694699446,B,EXI,SuperTrend (calm-tuned)
3926,0.7834946510443199,0.67451270449008,0.36059445673454965,0.10682715419682659,1.5,0.8333333333333334,0.30991285403050106,0.4327900954170423,0.583009608545257,0.23071681501099095,0.4705265909552309,0.4652586694699446,B,EXI,Online directional-change (calm-tuned)
2372,0.6749578414839797,0.6752420033670034,0.3721776395225256,0.042333776632212286,1.8,0.75,0.29447115384615385,0.4705231669253477,0.49100632747366035,0.0949463686805633,-0.2234676887892435,-0.4178214651647143,B,NBL,MODEL calm
2372,0.7306070826306914,0.7307179338429339,0.4654271347858843,0.06629447916250494,1.5,0.8333333333333334,0.2716239316239316,0.4957136957229322,0.5456931540435338,0.15414344418469214,-0.18539916353595792,-0.4178214651647143,B,NBL,Crypto model C
2372,0.6462900505902193,0.6461560992810993,0.2960956878715569,-0.09435774569378172,1.85,0.7027027027027027,0.3539955604883463,0.5103930576014235,0.5917976845275699,-0.2358993263495142,-0.5591031761882211,-0.4178214651647143,B,NBL,EMA cross (calm-tuned)
2372,0.6884485666104553,0.688466875966876,0.37701698623181157,0.07918356216359146,1.8,0.7777777777777778,0.16091954022988506,0.4615469504767244,0.5232491688673366,0.18406731234473084,-0.17827874595467197,-0.4178214651647143,B,NBL,SuperTrend (calm-tuned)
2372,0.7069983136593592,0.7071588634088635,0.4219805035434157,0.07772232896238629,1.3,0.8846153846153846,0.33162393162393167,0.5573231428050377,0.5773228016834139,0.18261806161696073,-0.1580895144180895,-0.4178214651647143,B,NBL,Online directional-change (calm-tuned)
3950,0.7037974683544304,0.6797044116486137,0.4039360079552077,-0.13592159109090915,2.48,0.6612903225806451,0.1951219512195122,0.3852785188671016,0.4224299150099839,-0.29158757899633164,-0.1598826943756032,0.04890835987588225,B,VMRK,MODEL calm
3950,0.7531645569620253,0.7433464835196796,0.4967651555386412,-0.22716244763888155,2.2,0.7090909090909091,0.22,0.4746663949502822,0.5121196104125847,-0.4745393251854991,-0.3087618834255344,0.04890835987588225,B,VMRK,Crypto model C
3950,0.7518987341772152,0.7492739352088449,0.4979972722572358,-0.018292711375110873,2.2,0.6545454545454545,0.17050691244239632,0.3722296207839094,0.3513818065243318,-0.051770863792028186,-0.0023704118287161064,0.04890835987588225,B,VMRK,EMA cross (calm-tuned)
3950,0.7372151898734177,0.7333584184044442,0.46716542664593097,-0.18671505740656658,2.84,0.6197183098591549,0.12345679012345678,0.35696973572762203,0.3958501720984607,-0.3968955994924722,-0.27262631927373177,0.04890835987588225,B,VMRK,SuperTrend (calm-tuned)
3950,0.6339240506329114,0.6198154922906254,0.247791966492622,-0.16395821851254355,1.28,0.78125,0.3698630136986301,0.5600768379778012,0.5480594883957552,-0.34042735126786644,-0.2088564258826315,0.04890835987588225,B,VMRK,Online directional-change (calm-tuned)
3950,0.6759493670886076,0.6820240080959503,0.3886281753863908,-0.07176719452275596,2.5172413793103448,0.6986301369863014,0.22580645161290322,0.40011573490974506,0.47576270978578883,-0.17922964486461784,0.021314979258799004,0.21385498503586214,B,NC,MODEL calm
3950,0.7448101265822785,0.7445756440327914,0.48910383952340036,-0.027833347474905196,1.8275862068965518,0.7735849056603774,0.20588235294117646,0.5124662064546435,0.4975473628734782,-0.07299645156766615,0.09687550223168466,0.21385498503586214,B,NC,Crypto model C
3950,0.6954430379746835,0.6972284254500909,0.3959775632288312,0.0012300762712571702,2.0344827586206895,0.7288135593220338,0.23529411764705882,0.4501544008690707,0.4690911217556148,-0.005452710206310382,0.13773341769668368,0.21385498503586214,B,NC,EMA cross (calm-tuned)
3950,0.7263291139240506,0.7260316215333182,0.4520556436437577,-0.061981912983784374,2.4482758620689653,0.704225352112676,0.128099173553719,0.3454910371081886,0.3799206646212687,-0.15590510564262075,0.04052630653211373,0.21385498503586214,B,NC,SuperTrend (calm-tuned)
3950,0.7782278481012658,0.7790979010946113,0.5581958021892226,0.07707480230996694,1.1379310344827587,0.9393939393939394,0.22580645161290322,0.45856005028485985,0.4975473628734782,0.17672468120165044,0.26648014442738877,0.21385498503586214,B,NC,Online directional-change (calm-tuned)
3932,0.7558494404883012,0.7149470051252734,0.45526768925961436,0.0076651476812967505,1.9375,0.7258064516129032,0.2547846889952153,0.4092079692455124,0.39562597184843296,0.002266723504672546,-0.0098585091730497,-0.01803982346763924,B,CAG,MODEL calm
3932,0.7192268565615463,0.7066380994771903,0.4063076860390728,-0.0970318556453315,1.96875,0.746031746031746,0.2597444317532838,0.45162677225679454,0.5018039741444646,-0.25327018812027635,-0.1822782678312758,-0.01803982346763924,B,CAG,Crypto model C
3932,0.6589521871820956,0.6589580799406303,0.3070686476566192,-0.12635243988023903,2.09375,0.7014925373134329,0.32943349753694584,0.46801448652918853,0.4929374874925715,-0.3259824937816267,-0.24644732293672034,-0.01803982346763924,B,CAG,EMA cross (calm-tuned)
3932,0.6762461851475077,0.684212548383861,0.35483009182339253,-0.1587676720373727,2.46875,0.6962025316455697,0.20144927536231885,0.3774857244946559,0.4233519748163247,-0.4082653159768142,-0.3199119292053201,-0.01803982346763924,B,CAG,SuperTrend (calm-tuned)
3932,0.6976093591047813,0.7001089152040092,0.3867024720039029,-0.1691689340923083,1.78125,0.7894736842105263,0.2597444317532838,0.48395124802636336,0.5151756169077856,-0.42783119642115014,-0.3249682252022983,-0.01803982346763924,B,CAG,Online directional-change (calm-tuned)
3947,0.7101596148973904,0.6414928869803004,0.32300240105708555,-0.08806967655774557,2.0689655172413794,0.75,0.3026315789473684,0.5025142560968678,0.4768115462817024,-0.20518555508984576,0.06983474743517662,0.3223482637004769,B,EXPD,MODEL calm
3947,0.7215606789967064,0.6884542121696722,0.3821026152670988,-0.14406804653723845,1.9310344827586208,0.7678571428571429,0.3684210526315789,0.5748245672931659,0.5762331376621572,-0.3248106069707228,-0.0015933440773662113,0.3223482637004769,B,EXPD,Crypto model C
3947,0.6987585507980745,0.6687237655858524,0.33817958961498895,-0.18659600500564308,2.2758620689655173,0.696969696969697,0.3939393939393939,0.6047673787690893,0.598622566455848,-0.4190531371564938,-0.06408214591596846,0.3223482637004769,B,EXPD,EMA cross (calm-tuned)
3947,0.6655687864200659,0.6664776747492727,0.3193855171420938,-0.1653359527949939,2.4827586206896552,0.7083333333333334,0.2,0.3882713673187987,0.4882296726061707,-0.37476732673348717,-0.03815341704219777,0.3223482637004769,B,EXPD,SuperTrend (calm-tuned)
3947,0.6513807955409171,0.6071668605839132,0.21961621367257306,-0.2075725104533622,1.4482758620689655,0.8333333333333334,0.51,0.6823995057057568,0.6829529157592517,-0.45803391691184214,-0.08843596394882315,0.3223482637004769,B,EXPD,Online directional-change (calm-tuned)
3950,0.7058227848101266,0.665985131348628,0.37087588991713577,0.04544672289670079,2.1724137931034484,0.7142857142857143,0.192975924547034,0.43663172448830945,0.44214168111965346,0.08923831591494945,-0.1562038889053874,-0.29166810029339457,B,REM,MODEL calm
3950,0.7088607594936709,0.6885636510059967,0.3859193652601263,0.045011340058441825,1.7586206896551724,0.7647058823529411,0.22956928129341925,0.4768372567798379,0.4468350787229363,0.09128050596310122,-0.15683366016312913,-0.29166810029339457,B,REM,Crypto model C
3950,0.6374683544303797,0.6482159615039036,0.2913291735669899,0.0263610917390376,1.8275862068965518,0.7358490566037735,0.3218462514539494,0.3929453815516966,0.4490669878612644,0.04760517968029867,-0.27721433838341664,-0.29166810029339457,B,REM,EMA cross (calm-tuned)
3950,0.6248101265822785,0.6486272787173293,0.2971349752220458,-0.007380898980422978,3.0,0.6551724137931034,0.11223880597014925,0.2664605890228493,0.3415568721570962,-0.039052180540134,-0.3530502486579569,-0.29166810029339457,B,REM,SuperTrend (calm-tuned)
3950,0.6275949367088608,0.6135315376475051,0.22694906221482822,0.03365092538409324,1.3103448275862069,0.8947368421052632,0.47661870503597126,0.5809443353642414,0.5542485955324494,0.06829746155786166,-0.17362198510821142,-0.29166810029339457,B,REM,Online directional-change (calm-tuned)
3937,0.7508255016510033,0.6427000817624904,0.2907448039464836,-0.1039233617872229,1.935483870967742,0.7166666666666667,0.22641509433962265,0.5145603812000485,0.4275028524728488,-0.2555511940664697,-0.06646486426090258,0.15113470040382015,B,EIX,MODEL calm
3937,0.6870713741427483,0.631832634419194,0.2378234563935031,-0.12168175932951512,1.967741935483871,0.7540983606557377,0.17391304347826086,0.4854045930582286,0.5251288536864703,-0.2969028199092499,-0.09886056683767926,0.15113470040382015,B,EIX,Crypto model C
3937,0.6240792481584964,0.5793880947174792,0.13876371079232527,-0.19316794284990188,2.2580645161290325,0.6714285714285714,0.3191489361702128,0.5313621233085924,0.5446040117025891,-0.46454759266789697,-0.23789307226241996,0.15113470040382015,B,EIX,EMA cross (calm-tuned)
3937,0.6553213106426213,0.669503276633608,0.2890675594879741,-0.09282645265738979,2.4193548387096775,0.6933333333333334,0.17391304347826086,0.3964163565094866,0.48272166057653265,-0.2336846504550697,-0.06726470396615754,0.15113470040382015,B,EIX,SuperTrend (calm-tuned)
3937,0.6845313690627381,0.6286602786563817,0.23200750423790142,-0.08168716143676348,1.3870967741935485,0.8372093023255814,0.2413793103448276,0.5236633811839112,0.5656990400497648,-0.19982581857886017,-0.03415350226509956,0.15113470040382015,B,EIX,Online directional-change (calm-tuned)
3949,0.8022284122562674,0.748723088163945,0.5354164498842074,0.08692332434082681,1.962962962962963,0.7358490566037735,0.20967741935483872,0.3975545669335112,0.3999618745033389,0.19936465062943057,0.3349001736929795,0.33984124182957176,B,CMI,MODEL calm
3949,0.796150924284629,0.7736992926180543,0.543443375653381,0.029238131395185468,1.8888888888888888,0.7647058823529411,0.20496894409937888,0.446188291359929,0.4867904342295123,0.0597921604101968,0.27126512702684835,0.33984124182957176,B,CMI,Crypto model C
3949,0.7493036211699164,0.7326935168427305,0.45311185074933386,0.04589840683413814,1.8148148148148149,0.7755102040816326,0.2903225806451613,0.4516669934020194,0.4685970547404968,0.10065451683174398,0.3094739946912264,0.33984124182957176,B,CMI,EMA cross (calm-tuned)
3949,0.7536085084831603,0.7521190194150811,0.4824370822058971,0.05482218213284675,2.4814814814814814,0.7014925373134329,0.18181818181818182,0.37869048724285276,0.42893777999817534,0.11838536423705115,0.32940779658308517,0.33984124182957176,B,CMI,SuperTrend (calm-tuned)
3949,0.765763484426437,0.7228112729517013,0.4587573827810034,0.1519796247516359,1.0740740740740742,0.9310344827586207,0.27419354838709675,0.5120136087266671,0.5220516752322211,0.3625468913850782,0.4655031945040841,0.33984124182957176,B,CMI,Online directional-change (calm-tuned)
3914,0.7818088911599387,0.7390563121517136,0.5196337186500837,0.06238405274820742,2.9047619047619047,0.639344262295082,0.12177121771217712,0.29084618822702357,0.3152309788748362,0.1264243489877664,0.26901737107508367,0.30580770383888933,B,MRVL,MODEL calm
3914,0.786152273888605,0.7757574411658146,0.5468921333253817,0.044988590873963175,2.9047619047619047,0.6721311475409836,0.14726027397260275,0.27502875333898413,0.3246311467886026,0.08883928076154834,0.26647746213327506,0.30580770383888933,B,MRVL,Crypto model C
3914,0.7353091466530404,0.7201764655436584,0.43756904958012205,0.12575930776763106,2.4761904761904763,0.6730769230769231,0.19718309859154928,0.32818863381577923,0.35939076419541155,0.26454786708794087,0.3817422535700805,0.30580770383888933,B,MRVL,EMA cross (calm-tuned)
3914,0.7537046499744506,0.7656957039249421,0.5142065840328586,0.017295073420297936,3.5238095238095237,0.6486486486486487,0.08372093023255814,0.25023975058683584,0.2822856069123161,0.027260457028819764,0.23812642171422008,0.30580770383888933,B,MRVL,SuperTrend (calm-tuned)
3914,0.7595809913132345,0.7396486555717853,0.4824767007454261,0.0031972528211492456,2.3333333333333335,0.7142857142857143,0.08900523560209424,0.29084618822702357,0.31247616060624733,0.00022264290384575128,0.2005687494550235,0.30580770383888933,B,MRVL,Online directional-change (calm-tuned)
3941,0.7396599847754377,0.6881843093278803,0.42201490309513634,-0.02138853374946595,2.357142857142857,0.696969696969697,0.22158306488725266,0.3773769043633982,0.39671238777035317,-0.07219544741825336,-0.000353082467407819,0.07164961394416634,B,EWS,MODEL calm
3941,0.7211367673179396,0.6970259788804785,0.3987019626717918,-0.16500646683024975,2.4285714285714284,0.7058823529411765,0.2137735849056604,0.5053573689424653,0.5339811010172506,-0.404409872563978,-0.24260210366737994,0.07164961394416634,B,EWS,Crypto model C
3941,0.6625222024866785,0.6539755767740233,0.3012982801521027,-0.01858703816192488,1.7857142857142858,0.72,0.2852167182662539,0.4875496451722823,0.48557357554518193,-0.06021643493218317,0.00921354395881815,0.07164961394416634,B,EWS,EMA cross (calm-tuned)
3941,0.6478051256026389,0.6492783797006327,0.28958141554591904,-0.030240392806445665,4.0,0.625,0.13854489164086686,0.3048946494154816,0.3297060385422949,-0.10860597252134278,-0.031345128065268776,0.07164961394416634,B,EWS,SuperTrend (calm-tuned)
3941,0.7033747779751333,0.6928848046086952,0.3796544835972442,-0.17922829741895188,1.5714285714285714,0.7727272727272727,0.36217757566721337,0.5393557818216244,0.5288474838735591,-0.42885520318255876,-0.2659310043066507,0.07164961394416634,B,EWS,Online directional-change (calm-tuned)
3940,0.8474619289340102,0.6528403704846486,0.3413668313281314,0.13586172154389564,1.7272727272727273,0.7368421052631579,0.29130122214234366,0.35467201260339254,0.41963953440215906,0.2752457846350175,0.48778496353857026,0.4827591349239746,B,IYF,MODEL calm
3940,0.8124365482233502,0.7001191646919882,0.35712596006150527,0.13209273436957406,1.7272727272727273,0.7894736842105263,0.25551401869158874,0.4434336703572094,0.5196304000893082,0.2672433844352372,0.5187383210426975,0.4827591349239746,B,IYF,Crypto model C
3940,0.7769035532994923,0.6771308161818761,0.2985874814603968,0.06221601765102682,1.7272727272727273,0.7105263157894737,0.3143054375531011,0.40332046090633134,0.5397033082556172,0.11950770752863298,0.4595994604584847,0.4827591349239746,B,IYF,EMA cross (calm-tuned)
3940,0.6530456852791878,0.7295607473936523,0.32919055605569164,-0.12687325524717497,4.181818181818182,0.6086956521739131,0.14312997926443305,0.30149198790390985,0.47700461286949014,-0.29699754185465554,0.16963744773356082,0.4827591349239746,B,IYF,SuperTrend (calm-tuned)
3940,0.7789340101522843,0.64683856376147,0.2577157856041678,0.13802299779373678,1.1818181818181819,0.7692307692307693,0.33745506829618976,0.5034866212054028,0.43810389604818256,0.2835040584384,0.5061175097369389,0.4827591349239746,B,IYF,Online directional-change (calm-tuned)
3950,0.740253164556962,0.6542997242887312,0.346584891851939,-0.10349005795088652,1.9090909090909092,0.7142857142857143,0.35555555555555557,0.3944953654691678,0.43193856664141805,-0.26232666994661497,0.003859717822756012,0.2687855568128441,B,DUK,MODEL calm
3950,0.719493670886076,0.6872479261632798,0.3643033602111698,-0.13144333489004914,1.9696969696969697,0.7384615384615385,0.3387096774193548,0.445751215588865,0.4661583869204879,-0.32829560316892464,-0.04141318226569397,0.2687855568128441,B,DUK,Crypto model C
3950,0.6812658227848101,0.6503045068453643,0.289151169795368,-0.14042474273800365,1.7878787878787878,0.7457627118644068,0.5454545454545454,0.4684519875016038,0.5237383789236807,-0.34692940145391443,-0.0549678799951929,0.2687855568128441,B,DUK,EMA cross (calm-tuned)
3950,0.6546835443037975,0.6559578333121756,0.2901287734347127,-0.24494841597127973,2.484848484848485,0.6951219512195121,0.23809523809523808,0.3818236336976137,0.4470965161586682,-0.5985784559667091,-0.24521893083468296,0.2687855568128441,B,DUK,SuperTrend (calm-tuned)
3950,0.660759493670886,0.623923467089462,0.2391789319027823,-0.21931921813376865,1.5454545454545454,0.7254901960784313,0.38461538461538464,0.5374906788909364,0.5135945290579531,-0.5284316762977253,-0.17805236889534926,0.2687855568128441,B,DUK,Online directional-change (calm-tuned)
3938,0.7562214321990859,0.6635605131865276,0.3588767986349952,-0.08387455757562319,3.1578947368421053,0.6666666666666666,0.17307692307692307,0.4023897415825212,0.3378617610850896,-0.17059917314823927,0.13814491888039626,0.39768754638833165,B,CME,MODEL calm
3938,0.7615540883697308,0.7367716610648427,0.45052186543568,-0.1044082204448236,2.9473684210526314,0.6785714285714286,0.18584070796460178,0.38615792676019645,0.45974503688703655,-0.20744360852797541,0.13673732838850938,0.39768754638833165,B,CME,Crypto model C
3938,0.7389537836465211,0.7082889963589996,0.39668587420223766,-0.006080340353339139,2.6315789473684212,0.68,0.26548672566371684,0.349423605779181,0.5050909044167363,-0.024414188754741172,0.2709024397439127,0.39768754638833165,B,CME,EMA cross (calm-tuned)
3938,0.7145759268664297,0.7445396893804206,0.4421058876804622,-0.10989633814380745,3.6842105263157894,0.6142857142857143,0.10619469026548672,0.2616587162447009,0.3602869961374957,-0.22120955101806852,0.14238547639480406,0.39768754638833165,B,CME,SuperTrend (calm-tuned)
3938,0.7536820721178263,0.6850412417166685,0.3797056954002872,0.08679018185326426,1.263157894736842,0.875,0.2743362831858407,0.42457624106785846,0.4618455672989637,0.15384612992112637,0.37360580381342084,0.39768754638833165,B,CME,Online directional-change (calm-tuned)
3491,0.7313090804926955,0.6707970260977316,0.3752390694975274,0.06750362829258544,1.8571428571428572,0.7115384615384616,0.28940523669152074,0.419096183436769,0.4076701043419732,0.15567745982152018,0.2632891787635036,0.2583048311358811,B,WDAY,MODEL calm
3491,0.7272987682612432,0.7096367404465926,0.4114677905331298,-0.06318618558719816,1.8928571428571428,0.7358490566037735,0.27466620426564936,0.4336588057667472,0.535927847577845,-0.1642377681386086,0.06554503212412446,0.2583048311358811,B,WDAY,Crypto model C
3491,0.7167000859352621,0.6960936735736465,0.38600079605919874,-0.003655984953754289,1.6071428571428572,0.7333333333333333,0.309049398090494,0.432013197289576,0.5209399734458873,-0.017146258710194155,0.17275705123803137,0.2583048311358811,B,WDAY,EMA cross (calm-tuned)
3491,0.6820395302205672,0.688196238419426,0.35926289124837785,0.029740358495118267,2.142857142857143,0.7,0.19112850619699934,0.363578240713336,0.46007882049554744,0.06182797063939867,0.24299827162991136,0.2583048311358811,B,WDAY,SuperTrend (calm-tuned)
3491,0.7347464909767975,0.7067990695685885,0.4139207018812098,0.01289038824137544,1.6428571428571428,0.7391304347826086,0.26833709034159875,0.45373651731458275,0.5559462611663079,0.023154161734350868,0.18649147592909693,0.2583048311358811,B,WDAY,Online directional-change (calm-tuned)
3924,0.7194189602446484,0.6717566411188609,0.35560557762954753,0.02193457317654034,2.3076923076923075,0.7166666666666667,0.23779243209295023,0.4613056929929047,0.4458529783748625,0.0380920997055386,0.1875232158292663,0.2516408911366127,B,HRB,MODEL calm
3924,0.7158511722731906,0.6990955885276009,0.3873668347781384,0.008892908470693399,1.8461538461538463,0.7708333333333334,0.19417388167388167,0.5134355968991521,0.5658964394124479,0.01092573946747151,0.18783317598662005,0.2516408911366127,B,HRB,Crypto model C
3924,0.6600407747196738,0.657852852648076,0.3007331104995039,0.028991998542037274,1.8076923076923077,0.7446808510638298,0.23957134637514385,0.47805142518091875,0.5091220092647315,0.0565158804992485,0.23541095977725074,0.2516408911366127,B,HRB,EMA cross (calm-tuned)
3924,0.7173802242609582,0.7164656395893587,0.414052337030139,0.034225691115527514,2.5384615384615383,0.696969696969697,0.14577919356190794,0.3621014462045742,0.43924063168898164,0.06471315035147071,0.23070810825738985,0.2516408911366127,B,HRB,SuperTrend (calm-tuned)
3924,0.6659021406727829,0.6453291273711856,0.2819999386069253,-0.027428104944973362,1.6923076923076923,0.7954545454545454,0.21826919273820353,0.5850614211721117,0.5809644192552477,-0.07034651269914098,0.12644923123069293,0.2516408911366127,B,HRB,Online directional-change (calm-tuned)
2001,0.7286356821589205,0.7068662151619004,0.43795770007057083,-0.021544579312679193,2.25,0.6944444444444444,0.19236379236379236,0.4596664957951219,0.4738093073455217,-0.07054744859353386,0.01365824832116267,0.09008947546079155,B,SCG-201812,MODEL calm
2001,0.7186406796601699,0.7145736915416383,0.42746699908103114,-0.10856580779742984,2.125,0.7058823529411765,0.27733820247514707,0.4660302730815147,0.5038722823284248,-0.27396890453303324,-0.14234102871675522,0.09008947546079155,B,SCG-201812,Crypto model C
2001,0.6846576711644178,0.6828481971806822,0.3628189441294852,-0.0013054128294376643,2.0,0.71875,0.338562645749417,0.5165765757970835,0.6303806625912216,-0.02076061773071229,0.05782048021541233,0.09008947546079155,B,SCG-201812,EMA cross (calm-tuned)
2001,0.7666166916541729,0.7624105942951911,0.5238415506626084,-0.062117406431270554,2.25,0.6944444444444444,0.1695616211745244,0.3521121252369821,0.367229556568875,-0.1658866753016653,-0.06054429838863791,0.09008947546079155,B,SCG-201812,SuperTrend (calm-tuned)
2001,0.7176411794102948,0.717016392237277,0.4304216871718174,-0.11313213804238578,1.875,0.7333333333333333,0.2796451914098973,0.5165765757970835,0.5428652029570599,-0.2824933646598204,-0.14757244983184709,0.09008947546079155,B,SCG-201812,Online directional-change (calm-tuned)
3941,0.6790154783049988,0.6897781137573817,0.396283401296166,-0.1896101275814215,2.8461538461538463,0.6621621621621622,0.17955062571103525,0.4865865122093169,0.46865404796931515,-0.39742249058101004,-0.4711988685694859,-0.2661920227956826,B,PRGO,MODEL calm
3941,0.7569144887084497,0.7584498956617756,0.5157605972375728,-0.16729725723390912,2.4615384615384617,0.703125,0.17954545454545456,0.48661684645804304,0.5084843177715688,-0.3503452521627552,-0.489136708417215,-0.2661920227956826,B,PRGO,Crypto model C
3941,0.7043897487947222,0.7020701293607712,0.40510319620289303,-0.09929461454922422,2.0,0.7115384615384616,0.29178198850329995,0.5636591289639881,0.5198301095312001,-0.21042847525532127,-0.41350702672260703,-0.2661920227956826,B,PRGO,EMA cross (calm-tuned)
3941,0.6721644252727734,0.6707096758503966,0.34139612354233245,-0.2762035831499146,3.3846153846153846,0.6477272727272727,0.15828552755791156,0.42273717492809515,0.35773385717846795,-0.5755909826290471,-0.6874948553440092,-0.2661920227956826,B,PRGO,SuperTrend (calm-tuned)
3941,0.7526008627251967,0.7563619669708592,0.5131023977206923,-0.16465784083645074,1.8461538461538463,0.7291666666666666,0.16742941358982316,0.5125149749732268,0.5188041197448774,-0.34210851900582306,-0.4793492088732711,-0.2661920227956826,B,PRGO,Online directional-change (calm-tuned)
3925,0.7857324840764331,0.6927207241981787,0.4344071083523606,0.1057489032281287,3.111111111111111,0.6428571428571429,0.12880044223327805,0.27737151245980285,0.3516453151928452,0.1964524087812852,0.318438600565809,0.3117074074795438,B,FDX,MODEL calm
3925,0.7579617834394905,0.7109073688005467,0.4156081259652854,0.026799762023154823,3.2222222222222223,0.6551724137931034,0.1665671641791045,0.30050914086601455,0.38591042575740175,0.04050425937799015,0.23689089345557318,0.3117074074795438,B,FDX,Crypto model C
3925,0.7289171974522293,0.7163829964769737,0.4029661792717279,0.00992316098006849,3.5555555555555554,0.609375,0.16867888748419724,0.35026557376669176,0.4725749690160358,0.005982874465246115,0.2414848186615364,0.3117074074795438,B,FDX,EMA cross (calm-tuned)
3925,0.6104458598726115,0.6488371974519047,0.2691222457370426,0.0491140677015836,4.333333333333333,0.6025641025641025,0.1034687574245664,0.2515136153562613,0.36604755837864433,0.08021570713448173,0.30824589121285956,0.3117074074795438,B,FDX,SuperTrend (calm-tuned)
3925,0.7569426751592356,0.6878976621652695,0.3874634429850355,-0.05824548945233552,2.6666666666666665,0.6875,0.1878329869639146,0.3772598359354068,0.37227863653605786,-0.12491713338128069,0.12350712512009346,0.3117074074795438,B,FDX,Online directional-change (calm-tuned)
3950,0.8192405063291139,0.7429375684731585,0.524591041679784,0.06907708560532519,1.962962962962963,0.7169811320754716,0.2073170731707317,0.37960095562994295,0.43256912170223666,0.15603801358986819,0.483704078145356,0.6474359866815882,B,ODFL,MODEL calm
3950,0.8134177215189874,0.78225895448984,0.54919584396068,0.11351394631746956,1.7407407407407407,0.7659574468085106,0.18181818181818182,0.46987689767263213,0.4359147758324264,0.26458592891771154,0.59893473309778,0.6474359866815882,B,ODFL,Crypto model C
3950,0.8073417721518987,0.7510327951443034,0.5112302507004227,0.047536695788480826,1.5185185185185186,0.7560975609756098,0.3181818181818182,0.5734697734837112,0.5492294655783584,0.1064599605161002,0.4826784545412892,0.6474359866815882,B,ODFL,EMA cross (calm-tuned)
3950,0.7731645569620254,0.7639837183823941,0.49182966078182055,0.11803159950566437,2.185185185185185,0.7288135593220338,0.17687074829931973,0.3323690248717737,0.3905883384372202,0.27308708116472724,0.633656724977211,0.6474359866815882,B,ODFL,SuperTrend (calm-tuned)
3950,0.7635443037974684,0.6911786579660772,0.39400362499409813,-0.003602861186063112,1.5185185185185186,0.7560975609756098,0.21052631578947367,0.4511532299050589,0.4598210453573459,-0.017014024647986715,0.3940987632279846,0.6474359866815882,B,ODFL,Online directional-change (calm-tuned)
3927,0.7761650114591291,0.6851126307060393,0.40430492068609997,0.032838092274898464,2.24,0.6964285714285714,0.23170731707317074,0.42194794331044355,0.461269309635882,0.05692361868266429,0.21682907263060505,0.2805328025925659,B,NTRS,MODEL calm
3927,0.7720906544435956,0.7274398460681291,0.44478064781360876,0.004832451690859117,2.16,0.7222222222222222,0.25396825396825395,0.42491632891727066,0.41837477339323004,-0.002057501097246784,0.1916760893103482,0.2805328025925659,B,NTRS,Crypto model C
3927,0.7153043035395976,0.6830686279591069,0.34435835642128115,0.017015763435989706,1.84,0.7391304347826086,0.53125,0.47808999040505645,0.4753061626327225,0.025617931382431108,0.232602002143588,0.2805328025925659,B,NTRS,EMA cross (calm-tuned)
3927,0.6740514387573211,0.7033826463842855,0.3644467512485753,-0.16558638382880095,3.2,0.6625,0.18181818181818182,0.3713638294391294,0.4080504401502804,-0.36961279295982774,-0.07329705067801426,0.2805328025925659,B,NTRS,SuperTrend (calm-tuned)
3927,0.7201426024955436,0.6441088342381798,0.29207055403780013,-0.0844824699892912,1.6,0.75,0.36363636363636365,0.5187525134821966,0.4720424383796171,-0.1883472453505495,0.062306481914762936,0.2805328025925659,B,NTRS,Online directional-change (calm-tuned)
3950,0.8422784810126582,0.7404628944358473,0.5058956712904457,0.1131469803456324,1.88,0.723404255319149,0.2,0.4722964037413915,0.42837122027420166,0.24483385314515244,0.3915642992389973,0.4450792129882981,B,ROL,MODEL calm
3950,0.8154430379746835,0.7900683384434982,0.5227535617451458,-0.06889498793615878,2.52,0.6984126984126984,0.2647058823529412,0.4703676751367996,0.5117460010444057,-0.1727251493374375,0.1704012612879642,0.4450792129882981,B,ROL,Crypto model C
3950,0.7754430379746835,0.7007170250189829,0.37619981448672407,-0.03584172370560094,2.2,0.6909090909090909,0.3203125,0.5322921093668641,0.6020945272132874,-0.09563267590695183,0.2112170344653437,0.4450792129882981,B,ROL,EMA cross (calm-tuned)
3950,0.7311392405063292,0.7611614651916072,0.43509205161148884,-0.1752867716952372,3.48,0.632183908045977,0.19607843137254902,0.42492615200685085,0.4056549942343882,-0.420744532658157,0.016382468006733396,0.4450792129882981,B,ROL,SuperTrend (calm-tuned)
3950,0.809367088607595,0.7634249959150718,0.4854643989772018,0.048281497060388236,1.48,0.8108108108108109,0.2647058823529412,0.4818349086163763,0.49998587444364245,0.10006558486306866,0.34454704841018224,0.4450792129882981,B,ROL,Online directional-change (calm-tuned)
3930,0.7966921119592876,0.716427801505271,0.47512129294718103,0.22528092467587088,1.7692307692307692,0.7608695652173914,0.2711567732115677,0.38063541930710365,0.40789206694280933,0.5922787953357308,0.7824941450452532,0.6626153948663953,B,CPRT,MODEL calm
3930,0.7951653944020356,0.7677613747901605,0.5196484808018461,0.2020022099939959,1.6923076923076923,0.7954545454545454,0.3025,0.4558007494852525,0.47077583064296835,0.5304146596216245,0.7997442805661105,0.6626153948663953,B,CPRT,Crypto model C
3930,0.7636132315521629,0.7197502803371036,0.43353112629779844,0.13081971341070867,1.3461538461538463,0.8571428571428571,0.35338484179543783,0.5269520879152015,0.6093107998905776,0.3417694597217543,0.6830768039673705,0.6626153948663953,B,CPRT,EMA cross (calm-tuned)
3930,0.7223918575063614,0.7230803166982667,0.4117031637515907,0.03512186417504341,2.923076923076923,0.6710526315789473,0.1720720720720721,0.388318819333405,0.4001670756343628,0.07520669053624836,0.5410289615035117,0.6626153948663953,B,CPRT,SuperTrend (calm-tuned)
3930,0.7363867684478371,0.6794757341903572,0.35895146838071434,0.16507928091954363,1.4230769230769231,0.8648648648648649,0.384585289514867,0.5970753338864359,0.6143962849592055,0.43318446620438444,0.7371823706366065,0.6626153948663953,B,CPRT,Online directional-change (calm-tuned)
3950,0.7562025316455696,0.6289625827742946,0.2886461778311829,-0.07642002377043614,1.7741935483870968,0.7636363636363637,0.4027777777777778,0.5150394833992109,0.4584620927016083,-0.19322493595425916,0.1302471583209656,0.41166035794310274,B,LNT,MODEL calm
3950,0.7091139240506329,0.649513027756405,0.280272616527933,-0.21394288872999526,2.096774193548387,0.7384615384615385,0.375,0.506854702112477,0.49672791538178895,-0.5128240604265389,-0.06710552414724609,0.41166035794310274,B,LNT,Crypto model C
3950,0.7020253164556962,0.6376308157450296,0.25884377461282937,-0.21266394886703668,2.096774193548387,0.676923076923077,0.4567901234567901,0.47985130327620007,0.5352813255380293,-0.5098615634747646,-0.06723608548233977,0.41166035794310274,B,LNT,EMA cross (calm-tuned)
3950,0.6913924050632911,0.6619552226558569,0.2915588460260424,-0.08604451857899899,2.161290322580645,0.7313432835820896,0.32,0.41326105972844185,0.4588069100264249,-0.21931968520600925,0.14135217548681128,0.41166035794310274,B,LNT,SuperTrend (calm-tuned)
3950,0.6582278481012658,0.5798291485685072,0.14995889161630122,-0.3023173596938942,1.7741935483870968,0.7454545454545455,0.4666666666666667,0.5127495184109693,0.5333556323725207,-0.7129130403132533,-0.19760564136405187,0.41166035794310274,B,LNT,Online directional-change (calm-tuned)
3949,0.7525955938212205,0.7123820537791483,0.4631519051307513,0.15849184664667015,1.8,0.7777777777777778,0.2974143503555268,0.40151997153087815,0.36990927630213855,0.3856339712295131,0.40661333245337905,0.24626045686770145,B,ADM,MODEL calm
3949,0.7720942010635604,0.7567188768057134,0.5166239651538632,0.11171746513265211,1.7,0.803921568627451,0.25141467727674627,0.43043218090584034,0.4496994615774818,0.26865453471821127,0.35485642055352673,0.24626045686770145,B,ADM,Crypto model C
3949,0.6961256014180806,0.686812205810745,0.36898803624956755,0.036816245641084544,1.3666666666666667,0.7804878048780488,0.3282522343594836,0.45087872475227386,0.48616507169284207,0.0827243573381601,0.2424691072385869,0.24626045686770145,B,ADM,EMA cross (calm-tuned)
3949,0.7105596353507218,0.707081507331061,0.4064680316763443,0.0201556593554614,2.3333333333333335,0.7,0.198582995951417,0.34735705505943026,0.36806000330645616,0.033903110040669496,0.2068227575114592,0.24626045686770145,B,ADM,SuperTrend (calm-tuned)
3949,0.7475310205115219,0.7308739111616079,0.4645500335450412,0.1276626077090976,1.1333333333333333,0.9117647058823529,0.334960252513444,0.5012057798652994,0.5036671469798993,0.31283292262118695,0.3875988674873184,0.24626045686770145,B,ADM,Online directional-change (calm-tuned)
3934,0.7846975088967971,0.669645361391814,0.3829153006512774,0.022929541428102412,2.076923076923077,0.7037037037037037,0.27555555555555555,0.4627848340499446,0.46085300908961063,0.0368031057229888,0.3235204412348626,0.492251940215172,B,UNP,MODEL calm
3934,0.7577529232333503,0.6804743173952232,0.36130539823336383,-0.04005403414039919,2.1538461538461537,0.7142857142857143,0.2725694444444444,0.48027972963601373,0.4936993536263185,-0.10347115875030585,0.25486249504566866,0.492251940215172,B,UNP,Crypto model C
3934,0.7559735638027453,0.6976749093899512,0.38190923549841405,0.017140304430971972,1.7692307692307692,0.717391304347826,0.296875,0.47816534667209637,0.5722461484524624,0.026040425296619107,0.3459260486735071,0.492251940215172,B,UNP,EMA cross (calm-tuned)
3934,0.6522623284189121,0.638937336786182,0.24666062761783855,-0.17656825715148264,3.076923076923077,0.6625,0.25,0.4098092425768275,0.4284450985928689,-0.4127561468233457,0.06106579916778908,0.492251940215172,B,UNP,SuperTrend (calm-tuned)
3934,0.7511438739196746,0.6553468778677297,0.32239565133694215,0.06897216164497312,1.3076923076923077,0.8235294117647058,0.39971501572327045,0.5031864211638698,0.5464686673541865,0.1442014815694348,0.406695918324907,0.492251940215172,B,UNP,Online directional-change (calm-tuned)
3914,0.7825753704649975,0.7308325104141837,0.5102342220996515,0.12198780756133351,2.608695652173913,0.6666666666666666,0.2033898305084746,0.3520735601269096,0.3386238646381039,0.2954515129332764,0.5346038425528656,0.5882861239362049,B,MU,MODEL calm
3914,0.8277976494634645,0.8134819695576667,0.6261840136497951,0.1654057713165754,2.347826086956522,0.7222222222222222,0.17054263565891473,0.3305314942261691,0.40472827532097855,0.4041930241053537,0.658020647573258,0.5882861239362049,B,MU,Crypto model C
3914,0.7958610117526826,0.7821477622274435,0.5600364053913445,0.28903913670078274,1.391304347826087,0.78125,0.2111111111111111,0.42148760034948674,0.4607644682572306,0.714785823681576,0.8899626511165939,0.5882861239362049,B,MU,EMA cross (calm-tuned)
3914,0.7452733776188043,0.7474131962179771,0.4783927257410881,0.09700491075593667,3.217391304347826,0.6351351351351351,0.1310344827586207,0.2606798926417327,0.31866510845849605,0.23157891371450082,0.5870400809833222,0.5882861239362049,B,MU,SuperTrend (calm-tuned)
3914,0.7984159427695452,0.7645245229906584,0.550969798746179,0.1825461555892023,1.7391304347826086,0.8,0.19540229885057472,0.36519612107800425,0.40472827532097855,0.44861090039271917,0.6556319582550796,0.5882861239362049,B,MU,Online directional-change (calm-tuned)
3014,0.718978102189781,0.6529480521731809,0.33267799768120265,0.05617606046491399,2.45,0.673469387755102,0.2868622448979592,0.38010144122586204,0.3388484986610625,0.12496365133690751,0.447479419579363,0.6383726193889938,B,ABMD,MODEL calm
3014,0.6841406768414068,0.6628673457005664,0.3160770215474849,-0.11869426344675832,2.45,0.6938775510204082,0.31022727272727274,0.4447583269204528,0.4762353937496372,-0.29063711172947915,0.2527000930334366,0.6383726193889938,B,ABMD,Crypto model C
3014,0.7153284671532847,0.6847702750557814,0.3660615353715576,-0.0072865371336126965,1.85,0.6756756756756757,0.3280612244897959,0.426190267900322,0.5094487345957082,-0.023766542044613346,0.429152468270634,0.6383726193889938,B,ABMD,EMA cross (calm-tuned)
3014,0.7090245520902455,0.7220604295595194,0.41977603873122044,0.032738557297029985,2.65,0.6981132075471698,0.13784852267998335,0.3866497736668173,0.422520956016658,0.06857447840851144,0.5518095286372116,0.6383726193889938,B,ABMD,SuperTrend (calm-tuned)
3014,0.6692103516921035,0.6367498000292218,0.26912043297003785,-0.03258672975776366,1.65,0.8181818181818182,0.4384129213483146,0.5232529209120567,0.5585640692603218,-0.08319317552769158,0.3913065564318216,0.6383726193889938,B,ABMD,Online directional-change (calm-tuned)
2697,0.7337782721542454,0.6417939005439005,0.3219477444691336,0.06608594929881996,1.8,0.7777777777777778,0.2574503311258278,0.4714615405226978,0.4901733808743832,0.1427966272553419,0.2139862338882881,0.19104592366224757,B,GRA,MODEL calm
2697,0.7504634779384501,0.7056750194250194,0.4117701819918692,0.0701786898788309,1.6,0.8125,0.1866111336854937,0.5036184423600695,0.5256300490346089,0.15348247331891315,0.2364769965799861,0.19104592366224757,B,GRA,Crypto model C
2697,0.7052280311457174,0.6978341103341104,0.3715265708286086,-0.11688282073494351,2.2,0.7045454545454546,0.25646019997402936,0.5089846944668301,0.5541928374478686,-0.28421370136343255,-0.07680560356858891,0.19104592366224757,B,GRA,EMA cross (calm-tuned)
2697,0.7315535780496848,0.7286616161616162,0.42948321827803215,-0.08018370534749245,2.9,0.6551724137931034,0.11982978723404256,0.42088139352587806,0.4522412348897458,-0.20315419163039763,-0.009288203662211687,0.19104592366224757,B,GRA,SuperTrend (calm-tuned)
2697,0.6043752317389692,0.5885761460761461,0.16513094442427426,0.14784344582603295,0.6,0.9166666666666666,0.2982909379968204,0.650587180665829,0.695172137575257,0.33963334706152365,0.37208210654924856,0.19104592366224757,B,GRA,Online directional-change (calm-tuned)
3926,0.8515028018339277,0.6947511489743302,0.43497591920377077,0.14004830179421884,2.0,0.725,0.2668737060041408,0.35893274735837477,0.4192570682130561,0.2732504234842969,0.4828029160046894,0.4636854747273488,B,IJH,MODEL calm
3926,0.8405501782985226,0.7396551630621477,0.463832219803852,0.20560739350099516,2.1,0.7380952380952381,0.15893719806763285,0.33083494722783735,0.41014031967580444,0.40660078347227224,0.5947013067102037,0.4636854747273488,B,IJH,Crypto model C
3926,0.8020886398369842,0.7308566051108114,0.40947032907695974,0.026047175672165863,2.2,0.7045454545454546,0.21124286341677645,0.38621258588498636,0.5865055801791469,0.039156661926911994,0.3816689553478249,0.4636854747273488,B,IJH,EMA cross (calm-tuned)
3926,0.6752419765664799,0.7160532776956149,0.33152470621762603,-0.1355474523105277,4.5,0.6,0.08474929202065634,0.31800278586692565,0.4308805387314512,-0.30553926313332014,0.13402595331124179,0.4636854747273488,B,IJH,SuperTrend (calm-tuned)
3926,0.8110035659704534,0.6991947235772064,0.378280344248021,0.11314745313880561,1.6,0.75,0.20358868184955142,0.4662583698400349,0.4288896224022808,0.22090627687628986,0.4563028290526007,0.4636854747273488,B,IJH,Online directional-change (calm-tuned)
3865,0.7492884864165589,0.6866196973085812,0.41159365134678094,0.07401190508101406,1.4883720930232558,0.734375,0.21428571428571427,0.4194152089018386,0.4531009618480599,0.21821467105595363,0.37642582760221044,0.3642248500538395,B,APO,MODEL calm
3865,0.7360931435963778,0.7163960336986506,0.42489676197784965,0.054263208436316865,1.372093023255814,0.7796610169491526,0.24719101123595505,0.45955246844263997,0.5187306284832998,0.15781586705672482,0.3746983639281856,0.3642248500538395,B,APO,Crypto model C
3865,0.6871927554980595,0.6699455751882502,0.3299009541645463,0.057954527023370714,1.0,0.7906976744186046,0.4222222222222222,0.47480177832238785,0.5501301060101688,0.17215045923075462,0.4067005192754961,0.3642248500538395,B,APO,EMA cross (calm-tuned)
3865,0.723156532988357,0.7244546335644524,0.4293238358674615,0.05558411935823139,1.441860465116279,0.7903225806451613,0.24242424242424243,0.43519779237699246,0.48424820389055967,0.16139540873893257,0.4128806289762204,0.3642248500538395,B,APO,SuperTrend (calm-tuned)
3865,0.7236739974126779,0.6828606575710132,0.3733929202069696,0.01149171942678722,1.3488372093023255,0.7586206896551724,0.2247191011235955,0.4440678780127707,0.4931697343983924,0.025258100835110583,0.2586731661746242,0.3642248500538395,B,APO,Online directional-change (calm-tuned)
3924,0.7851681957186545,0.6906869479092015,0.42706697992212717,0.14272616135071844,1.4375,0.8260869565217391,0.22287581699346404,0.4077005946844192,0.404555214647203,0.3485324181735949,0.5117629173689197,0.4753787305026126,B,ETN,MODEL calm
3924,0.7859327217125383,0.7187367437815553,0.4530455848835309,0.041485624246312185,1.75,0.7857142857142857,0.21431327160493827,0.44444969674367374,0.42136930053653765,0.0919952835886048,0.3685805466149412,0.4753787305026126,B,ETN,Crypto model C
3924,0.7135575942915392,0.6448439852802628,0.28968797056052564,-0.055559709114582925,1.6875,0.7407407407407407,0.347406914893617,0.5421717919252589,0.564750124695989,-0.1513020975334972,0.2155538606886485,0.4753787305026126,B,ETN,EMA cross (calm-tuned)
3924,0.7352191641182467,0.7513396732347186,0.45645375531283017,-0.013413768401653816,2.4375,0.7051282051282052,0.11643330876934414,0.36716954438786364,0.3999580396144441,-0.05067137987387559,0.32707631426446226,0.4753787305026126,B,ETN,SuperTrend (calm-tuned)
3924,0.744138634046891,0.6680286986560591,0.3470875200544197,0.06857981047192258,1.3125,0.8809523809523809,0.3539853811347024,0.44175493076569805,0.5066758523692971,0.16310376996970496,0.42152775369238876,0.4753787305026126,B,ETN,Online directional-change (calm-tuned)
3914,0.7396525293817067,0.6428893882124378,0.3458041517498117,0.035741433436321066,2.28,0.7192982456140351,0.1724137931034483,0.40458544998529444,0.43703497300479316,0.06640255253349613,0.25136499252828565,0.33357056763369397,B,IDGT,MODEL calm
3914,0.700817577925396,0.6523130181583858,0.3067034226476802,0.0007317541152695646,2.36,0.711864406779661,0.11188811188811189,0.3987284916324564,0.4215028513090383,-0.014841138099114288,0.21813880785128015,0.33357056763369397,B,IDGT,Crypto model C
3914,0.6668369954011242,0.6133050690557255,0.22810411110772907,-0.09605263679721182,2.4,0.6833333333333333,0.3187250996015936,0.3653934929267071,0.4790519901895039,-0.23818841480528352,0.06884023501293177,0.33357056763369397,B,IDGT,EMA cross (calm-tuned)
3914,0.6668369954011242,0.6842654173158674,0.34373418664883687,-0.10424662598445258,4.6,0.6086956521739131,0.0970873786407767,0.22443066786034166,0.32741115998241604,-0.27248783599702237,0.05004515350736689,0.33357056763369397,B,IDGT,SuperTrend (calm-tuned)
3914,0.7345426673479816,0.6555466991747937,0.34686049566698723,0.02945268093623891,1.64,0.8048780487804879,0.14942528735632185,0.45205253585668687,0.43703497300479316,0.05639243078279637,0.24811999611632013,0.33357056763369397,B,IDGT,Online directional-change (calm-tuned)
3644,0.7006037321624589,0.6884967442760321,0.4170210895583782,0.0022767004195431216,2.4166666666666665,0.7068965517241379,0.1685990338164251,0.44684931156023977,0.3858427829050859,-0.0080195638638992,0.005020942925151947,0.01563745139711871,B,JNPR,MODEL calm
3644,0.7261251372118551,0.7232332331727136,0.44915008753709185,-0.062228149927950394,2.0833333333333335,0.74,0.16751207729468598,0.4210384593398567,0.3918484464885056,-0.1474510865915792,-0.09473132052266393,0.01563745139711871,B,JNPR,Crypto model C
3644,0.705543358946213,0.7054029298492754,0.41025713280959814,-0.051806704245558485,2.1666666666666665,0.6923076923076923,0.21895799041007658,0.3990711976199755,0.46600475937678226,-0.12508138994564363,-0.08968391928167542,0.01563745139711871,B,JNPR,EMA cross (calm-tuned)
3644,0.6899012074643249,0.6912237531816615,0.3818670697801909,-0.0510967225643922,3.25,0.6538461538461539,0.11487758945386065,0.30901966326879793,0.3106270722791623,-0.129363941487483,-0.08912433137814556,0.01563745139711871,B,JNPR,SuperTrend (calm-tuned)
3644,0.6528540065861691,0.6472061837594694,0.30046710054012776,-0.11740528073486527,1.25,0.8333333333333334,0.26498907200661587,0.5144268231352236,0.502975883132749,-0.26375226356119985,-0.1727236723770724,0.01563745139711871,B,JNPR,Online directional-change (calm-tuned)
3889,0.7467215222422217,0.6864895699813998,0.39194773917020026,-0.0010183570800288973,2.2666666666666666,0.7058823529411765,0.2012996495327103,0.5048705209503592,0.421747819625352,-0.017797595206803133,0.23375409208048722,0.3927933450983781,B,IRM,MODEL calm
3889,0.7492928773463615,0.7411418038764082,0.46005978403674114,-0.04000213867023524,2.0,0.75,0.18007662835249044,0.4939260820510367,0.47515941045835364,-0.11234065813825421,0.1942357303759444,0.3927933450983781,B,IRM,Crypto model C
3889,0.6772949344304449,0.6592502501529647,0.30339436200931275,-0.12456179286232415,1.8666666666666667,0.7321428571428571,0.22777333688604673,0.622870963674413,0.55791989726773,-0.32043923866471175,0.049055272855683306,0.3927933450983781,B,IRM,EMA cross (calm-tuned)
3889,0.7060941115968116,0.7143364696433189,0.4013136466558936,-0.06436985773940485,2.7333333333333334,0.6829268292682927,0.09393528166852452,0.40938120141711176,0.40137343370969203,-0.17755687938194753,0.16201062182333634,0.3927933450983781,B,IRM,SuperTrend (calm-tuned)
3889,0.6976086397531499,0.6730207353427478,0.3334617668014308,-0.06818273607625498,1.7333333333333334,0.7884615384615384,0.3256756756756757,0.5115135576986498,0.5470363903454829,-0.18020486932388696,0.14583442561347962,0.3927933450983781,B,IRM,Online directional-change (calm-tuned)
3940,0.7434010152284264,0.644115944767957,0.34070396251985424,0.017313567721021737,1.263157894736842,0.8125,0.32291666666666663,0.5232977055203759,0.4561058711436967,0.032696725838982865,0.30373033454850334,0.4987645226486957,B,AWK,MODEL calm
3940,0.7175126903553299,0.6625490379580221,0.3287904653835165,-0.02808938188020398,1.368421052631579,0.8076923076923077,0.3282312925170068,0.5066641791397594,0.5384456160766774,-0.0911933019274142,0.2637366594373523,0.4987645226486957,B,AWK,Crypto model C
3940,0.7012690355329949,0.6358504006476509,0.2796371367259636,-0.059919825799734205,1.368421052631579,0.7115384615384616,0.41185344827586207,0.5400558382807332,0.5675104022934239,-0.1771702192240513,0.20211408838855607,0.4987645226486957,B,AWK,EMA cross (calm-tuned)
3940,0.6913705583756345,0.6782637481188172,0.33602999993528715,-0.07113263773875068,1.736842105263158,0.7575757575757576,0.24695121951219512,0.4066938686536655,0.4622608306453622,-0.21158322959591808,0.2155924465485212,0.4987645226486957,B,AWK,SuperTrend (calm-tuned)
3940,0.7200507614213199,0.6678370963047497,0.33782056527935256,-0.03756315944324399,1.263157894736842,0.8333333333333334,0.3405797101449275,0.5201419525171842,0.5437994027640665,-0.11564389310936445,0.25661343383973495,0.4987645226486957,B,AWK,Online directional-change (calm-tuned)
3914,0.8055697496167603,0.6821099237657712,0.4250488267929191,0.18966231297268923,1.8,0.7333333333333333,0.14084507042253522,0.3659113053778209,0.38881935753577135,0.42979503937314506,0.6823829474355643,0.6822842713738037,B,SOXX,MODEL calm
3914,0.815278487480838,0.7643829688072172,0.5166637089250761,0.0992515573911888,2.36,0.711864406779661,0.1267605633802817,0.34051162178515015,0.4299042537397864,0.21744872984079908,0.598725210614335,0.6822842713738037,B,SOXX,Crypto model C
3914,0.7759325498211548,0.6994607010885848,0.3987834304786745,0.1248617228272426,1.68,0.7142857142857143,0.36,0.42793877008111636,0.5587536837454402,0.28031377562056975,0.6375870533756225,0.6822842713738037,B,SOXX,EMA cross (calm-tuned)
3914,0.6844660194174758,0.70238356802823,0.35254623998205464,-0.0392309485485268,3.56,0.6404494382022472,0.11538461538461539,0.2752289059265273,0.46806209582129205,-0.10936809716618048,0.4389569540537847,0.6822842713738037,B,SOXX,SuperTrend (calm-tuned)
3914,0.78308635666837,0.6758247611438464,0.38030912369460007,0.11696778377510764,1.8,0.7555555555555555,0.2222222222222222,0.4320633189768864,0.42945712929889457,0.26136866393769237,0.5971367740849421,0.6822842713738037,B,SOXX,Online directional-change (calm-tuned)
3949,0.7482907065079767,0.6820518335913598,0.41315312387603614,0.1311659483405523,2.0,0.75,0.21106941838649157,0.4093143183152863,0.40976276068699635,0.2868895009398187,0.1403663668373128,-0.07728304836227702,B,ARE,MODEL calm
3949,0.7662699417574069,0.7428665838340556,0.48499249661196,0.017587320633839495,2.230769230769231,0.7241379310344828,0.1809090909090909,0.42196979689385444,0.45829354081732143,0.026541015508849065,-0.03807223084950577,-0.07728304836227702,B,ARE,Crypto model C
3949,0.7080273486958724,0.7061457929430011,0.3963146404676443,-0.18100332593095764,2.4615384615384617,0.65625,0.19712121212121214,0.5190560927329375,0.5244377354884883,-0.42756670445713824,-0.43750102468645163,-0.07728304836227702,B,ARE,EMA cross (calm-tuned)
3949,0.6814383388199544,0.6962255499924997,0.37371009863482235,-0.030382631204575558,2.8461538461538463,0.6756756756756757,0.1649367088607595,0.3378107482639967,0.4515884134964543,-0.08652818057881383,-0.14577893273050213,-0.07728304836227702,B,ARE,SuperTrend (calm-tuned)
3949,0.7986832109394784,0.7690511231932255,0.5486976062222649,0.10032669610051753,1.3076923076923077,0.8529411764705882,0.21769230769230768,0.4460598333165344,0.4512573970967954,0.22071558246134465,0.10739899929960411,-0.07728304836227702,B,ARE,Online directional-change (calm-tuned)
3905,0.8263764404609475,0.7195019842386918,0.4862553429608522,0.0170028908101445,2.5,0.68,0.1455505279034691,0.3599928651886504,0.39258960845829,0.021511275967653388,0.3244628776112371,0.4746987518331166,B,AXP,MODEL calm
3905,0.7820742637644046,0.7165561224121528,0.420141298999682,-0.11080593180488132,2.6,0.6923076923076923,0.1947996589940324,0.4226214935815086,0.45971577219678184,-0.22509372367438027,0.17205441886834624,0.4746987518331166,B,AXP,Crypto model C
3905,0.7559539052496799,0.7089775432396577,0.3884496807736476,-0.0395209656995753,2.3,0.6956521739130435,0.2973121833002864,0.4505046511861479,0.5288259266107062,-0.08645456860201042,0.289113262034085,0.4746987518331166,B,AXP,EMA cross (calm-tuned)
3905,0.7244558258642766,0.7424315260809373,0.4205960151044581,-0.15861776195389132,4.15,0.6024096385542169,0.14364876385336744,0.36116993970403943,0.3460368405018051,-0.3242196504787136,0.12894966669333147,0.4746987518331166,B,AXP,SuperTrend (calm-tuned)
3905,0.7208706786171575,0.6435822979057584,0.273506238356801,-0.14739352116062177,2.05,0.7317073170731707,0.2386419149975574,0.5718421460617167,0.5448964354918716,-0.2931444264259892,0.1250684287418851,0.4746987518331166,B,AXP,Online directional-change (calm-tuned)
3933,0.7899822018815154,0.6783364388501123,0.42157151646548746,0.013849502279673888,2.25,0.7037037037037037,0.2214572576018359,0.39531898308442237,0.400155586364054,0.012498597883187546,0.16538288322996436,0.23426145751888822,B,EWC,MODEL calm
3933,0.782608695652174,0.7127391567239255,0.43890484449234246,0.06315258146219851,2.25,0.7222222222222222,0.20652173913043478,0.3421280607476197,0.5229757694184629,0.12255993563887795,0.25499504545452445,0.23426145751888822,B,EWC,Crypto model C
3933,0.7559115179252479,0.7269104448628432,0.42954087761311954,0.036188627832080246,2.25,0.6851851851851852,0.21587301587301588,0.39455682395429525,0.4534652062704814,0.06236268173863472,0.24611958468999115,0.23426145751888822,B,EWC,EMA cross (calm-tuned)
3933,0.688278667683702,0.7042297268422513,0.3668731324962904,-0.09514396937452425,3.75,0.6222222222222222,0.15888501742160277,0.3289154448499122,0.3754862761957227,-0.24306924867165786,-0.007591849251383228,0.23426145751888822,B,EWC,SuperTrend (calm-tuned)
3933,0.7518433765573354,0.6828948590437434,0.3699514139050257,0.043095348131831655,1.4166666666666667,0.7941176470588235,0.3362126245847176,0.44269523992971266,0.41194443505046136,0.08459348798641432,0.21779216786601827,0.23426145751888822,B,EWC,Online directional-change (calm-tuned)
3918,0.6985706993363962,0.66792029607078,0.3636594436942943,0.03206727227694441,2.0,0.734375,0.27773116294680317,0.41560362625677016,0.45551079233227126,0.06149098457277707,0.0459138787315227,0.005514077814814918,B,BAX,MODEL calm
3918,0.703420112302195,0.6958742585142499,0.39067596172859764,0.022958813915606,1.8125,0.7758620689655172,0.3052517324872673,0.47819710422077133,0.5127124365155384,0.041109382336368634,0.0363623010972006,0.005514077814814918,B,BAX,Crypto model C
3918,0.701888718734048,0.702234625622687,0.3993288792069141,0.026604049949194873,1.5,0.8125,0.3875,0.5176500447926791,0.5219088417605374,0.05222677171142196,0.049134267458069,0.005514077814814918,B,BAX,EMA cross (calm-tuned)
3918,0.7041858090862685,0.7116825534896645,0.4171371039751672,0.1209593055626684,2.21875,0.7183098591549296,0.18968456947996593,0.35095542067301133,0.37707951911626253,0.27256141521040966,0.24105586019158876,0.005514077814814918,B,BAX,SuperTrend (calm-tuned)
3918,0.7072485962225625,0.6966164490030968,0.39470482399726126,-0.058819066679581686,1.75,0.7857142857142857,0.2860148514851485,0.49199604925566315,0.5213259382232702,-0.15413922970521046,-0.1118486286932352,0.005514077814814918,B,BAX,Online directional-change (calm-tuned)
3939,0.6816450875856817,0.6166859729253797,0.27635092031876585,-0.04757709816824512,1.7777777777777777,0.75,0.3263888888888889,0.49719613772622806,0.4928366033017222,-0.1339616261974097,0.20656453449850162,0.47338242867168445,B,DE,MODEL calm
3939,0.6763137852246763,0.6463037915474357,0.2981688930038536,-0.1551066648064068,1.7777777777777777,0.78125,0.31152743652743653,0.5472069347516251,0.5580214276848208,-0.40415300013842526,0.04666157626756131,0.47338242867168445,B,DE,Crypto model C
3939,0.6318862655496319,0.5993633061853401,0.20225621335771837,-0.13105044018284023,1.8333333333333333,0.7272727272727273,0.44038538739462063,0.5744983908791934,0.5512690290944281,-0.34411636990831734,0.08920648091669521,0.47338242867168445,B,DE,EMA cross (calm-tuned)
3939,0.6750444275196751,0.6629771076381246,0.32063102754543804,-0.06431905948968401,2.111111111111111,0.7368421052631579,0.21921921921921922,0.3808792165487056,0.4125205698785499,-0.17874898928369226,0.21944431787668467,0.47338242867168445,B,DE,SuperTrend (calm-tuned)
3939,0.609037826859609,0.5704875632841735,0.1452423427567682,-0.21414402787334053,1.4444444444444444,0.8269230769230769,0.456758304696449,0.6021302352630223,0.5963053271916946,-0.5498936417578815,-0.051136542578231046,0.47338242867168445,B,DE,Online directional-change (calm-tuned)
3895,0.716816431322208,0.7167519960429809,0.43972757535710266,0.02032307637342813,1.8717948717948718,0.7534246575342466,0.28846153846153844,0.4070610273761455,0.4263287184153807,0.04850021231504936,-0.14578815633917613,-0.2638107292855428,B,RIG,MODEL calm
3895,0.6880616174582799,0.6880841731364596,0.37680870199856137,0.09289498485739325,1.5128205128205128,0.8135593220338984,0.2866666666666667,0.47583817746458135,0.4601132415563813,0.2490310824490925,-0.010933386627739265,-0.2638107292855428,B,RIG,Crypto model C
3895,0.6328626444159179,0.6329518075783455,0.273316650564023,0.05231380026541802,1.4615384615384615,0.7017543859649122,0.2623574144486692,0.4067254874472087,0.4987674420996645,0.1378477081276811,-0.11623053131319148,-0.2638107292855428,B,RIG,EMA cross (calm-tuned)
3895,0.7070603337612323,0.7070848781650485,0.41500492778404313,0.08102383329575816,1.8205128205128205,0.7605633802816901,0.2261904761904762,0.4468597655270254,0.39328822679479036,0.21523321491007452,-0.03635905677191637,-0.2638107292855428,B,RIG,SuperTrend (calm-tuned)
3895,0.6500641848523748,0.6500685254039676,0.30015525335986193,0.08469203419692428,1.4615384615384615,0.8070175438596491,0.27906976744186046,0.5060651252007304,0.46327315372159045,0.2267063479620894,-0.027033125627738394,-0.2638107292855428,B,RIG,Online directional-change (calm-tuned)
3913,0.8142090467671863,0.692786387277164,0.4177829337531952,0.0492457989973634,2.076923076923077,0.7222222222222222,0.25048216007714563,0.37966345501113063,0.4237636000885609,0.1014160361123356,0.38260542853492,0.5207737699824784,B,WAB,MODEL calm
3913,0.7830309225658063,0.726643921023692,0.4203206591523506,-0.04004381150860708,2.230769230769231,0.7241379310344828,0.21554341226472373,0.4627870262027438,0.5452147394879109,-0.1043342187766485,0.2729544523122151,0.5207737699824784,B,WAB,Crypto model C
3913,0.7600306670074112,0.6924614221318327,0.35713801966784064,-0.09501312056044399,2.1538461538461537,0.6964285714285714,0.2542016806722689,0.5550426233852035,0.5677128540209537,-0.23002793141011804,0.19951252967501243,0.5207737699824784,B,WAB,EMA cross (calm-tuned)
3913,0.7257858420649118,0.7451107603915993,0.413708448719558,0.0005511293701624762,2.769230769230769,0.6527777777777778,0.1439519469759735,0.4078696536248313,0.40841658672727393,-0.014177124618095503,0.38908758385295455,0.5207737699824784,B,WAB,SuperTrend (calm-tuned)
3913,0.7894198824431382,0.6820240017914303,0.37083158610952743,0.03150512826263299,1.5384615384615385,0.825,0.33687943262411346,0.548231609123133,0.5562349980528667,0.06371950373478784,0.36517631440647685,0.5207737699824784,B,WAB,Online directional-change (calm-tuned)
3950,0.7326582278481013,0.6271688459789954,0.295268747668806,-0.21064534534229837,2.4482758620689653,0.6901408450704225,0.30303030303030304,0.5168698242465869,0.44152050467946863,-0.503695872800521,-0.024622010914469833,0.46241557595654725,B,BKNG,MODEL calm
3950,0.7015189873417722,0.6582619952073108,0.3070560877265103,-0.3452838575397144,2.586206896551724,0.6933333333333334,0.35365853658536583,0.5001507129114433,0.5610489526193737,-0.8178239294016844,-0.2393590027711128,0.46241557595654725,B,BKNG,Crypto model C
3950,0.6875949367088607,0.6276666075927909,0.25371792178325303,-0.1572151206763709,1.896551724137931,0.7090909090909091,0.3103448275862069,0.48480070012305815,0.4595405586499678,-0.3762106547213538,0.058114527713477436,0.46241557595654725,B,BKNG,EMA cross (calm-tuned)
3950,0.6392405063291139,0.6465514982932786,0.26827912095580025,-0.17254481750409434,3.0,0.6436781609195402,0.20689655172413793,0.349104345146809,0.4394693721692745,-0.4182941940917653,0.03495437795564915,0.46241557595654725,B,BKNG,SuperTrend (calm-tuned)
3950,0.6782278481012658,0.5795817569598015,0.17331276857381703,-0.1630864088870401,1.4827586206896552,0.813953488372093,0.48484848484848486,0.5787537703067476,0.5697912278582875,-0.38751701115043274,0.045278398764584164,0.46241557595654725,B,BKNG,Online directional-change (calm-tuned)
3926,0.7995415180845644,0.6401987783049518,0.3327014979189622,0.10683855208801996,1.7692307692307692,0.7608695652173914,0.2827050997782705,0.42369977000441683,0.437469507263795,0.2193515678095532,0.4107533871764655,0.40976881303124346,B,IJJ,MODEL calm
3926,0.7885888945491595,0.6695239802861451,0.3527748754183942,0.12136496987384518,1.6923076923076923,0.7954545454545454,0.2800356506238859,0.4435796263596364,0.4686686723706132,0.25169855115978584,0.44096390367600763,0.40976881303124346,B,IJJ,Crypto model C
3926,0.739174732552216,0.6525341130604289,0.28591077864372033,-0.06423020544074123,2.1538461538461537,0.6964285714285714,0.34993997599039617,0.4734074664018048,0.6326101756621285,-0.1577312437536582,0.19408603060695676,0.40976881303124346,B,IJJ,EMA cross (calm-tuned)
3926,0.6765155374426898,0.696727460247404,0.32764553465475876,-0.07353590890748767,3.3846153846153846,0.6477272727272727,0.16296296296296298,0.3671250083811813,0.4902729723254368,-0.18797536909931847,0.19272231790484592,0.40976881303124346,B,IJJ,SuperTrend (calm-tuned)
3926,0.7463066734589914,0.6041122635379503,0.2181907689743399,0.05826137044483117,1.3846153846153846,0.8333333333333334,0.5554878048780488,0.5841756561751172,0.5565180102266947,0.1162630592079035,0.3514138567948478,0.40976881303124346,B,IJJ,Online directional-change (calm-tuned)
3914,0.7583035258048033,0.7075700342438667,0.47079957713012316,-0.06955649155220418,1.9230769230769231,0.7,0.2595588235294118,0.41984380329602516,0.3968393078390298,-0.15466272274055717,-0.058212563625408616,0.06603444008298284,B,HST,MODEL calm
3914,0.7460398569238631,0.7173888850497867,0.44866769645689974,-0.15473026268281118,2.0,0.75,0.26050420168067223,0.4738235971513578,0.46559419371314503,-0.3321895325062521,-0.187691870603107,0.06603444008298284,B,HST,Crypto model C
3914,0.6849770056208483,0.6792370436544775,0.35089175305456916,-0.20497617847387425,2.8461538461538463,0.6216216216216216,0.24467908902691513,0.38356819397840186,0.5168997902411562,-0.4411392661181679,-0.30787892823754687,0.06603444008298284,B,HST,EMA cross (calm-tuned)
3914,0.6765457332652018,0.6809098283699292,0.3514314389246512,-0.16041614833908793,2.8461538461538463,0.6486486486486487,0.15851221169604668,0.40579136972094254,0.4369503851896979,-0.348500770557943,-0.23043808430696439,0.06603444008298284,B,HST,SuperTrend (calm-tuned)
3914,0.6683699540112417,0.6222853500137236,0.26394592690007546,-0.07392126966428764,1.3076923076923077,0.8529411764705882,0.5026881720430108,0.5351174963120262,0.5374249171204815,-0.16055708985686953,-0.06428965509240307,0.06603444008298284,B,HST,Online directional-change (calm-tuned)
3949,0.7801975183590782,0.6785188643724248,0.36900873992193967,0.007799368846896482,2.3333333333333335,0.6964285714285714,0.23333333333333334,0.46812538523850483,0.43599604925460483,0.0007050684618906612,0.2503585721052875,0.4175325220293396,B,DGX,MODEL calm
3949,0.765763484426437,0.7376352928484213,0.4313678854577541,-0.1132591373081193,2.6666666666666665,0.65625,0.23383584589614742,0.4189622435894065,0.43599604925460483,-0.2530352493829175,0.10896684974469255,0.4175325220293396,B,DGX,Crypto model C
3949,0.7457584198531274,0.6979751709178516,0.36440210019168845,-0.1309664831461752,2.5833333333333335,0.6774193548387096,0.3189935064935065,0.4996401833431967,0.4890467566849971,-0.2892894727567099,0.0839998460879218,0.4175325220293396,B,DGX,EMA cross (calm-tuned)
3949,0.6880222841225627,0.7025893634761287,0.34782948585457235,-0.13653838034752333,3.1666666666666665,0.631578947368421,0.19166666666666665,0.38887185134453695,0.4192787342679176,-0.3046695779708598,0.08334967109763178,0.4175325220293396,B,DGX,SuperTrend (calm-tuned)
3949,0.7908331223094455,0.7457694750612476,0.461519571546294,0.020723591500196297,1.4166666666666667,0.8235294117647058,0.3057881446039341,0.5677676336972488,0.5315418441449901,0.033644812409211085,0.28742722312611985,0.4175325220293396,B,DGX,Online directional-change (calm-tuned)
3921,0.7245600612088753,0.6526278433411262,0.31785151406003176,0.052157845827263016,1.793103448275862,0.75,0.2857142857142857,0.3980951319196375,0.4335781633840389,0.10745848210965919,0.28329613313388863,0.3625201056124446,B,NYT,MODEL calm
3921,0.6954858454475898,0.6685427711349705,0.3200119862345812,-0.08544771264991596,1.896551724137931,0.7636363636363637,0.3333333333333333,0.47685299156464345,0.4839698475699032,-0.20303318964368394,0.10594087463164102,0.3625201056124446,B,NYT,Crypto model C
3921,0.6852843662331038,0.6573259907917306,0.2983636557447072,-0.026993193145755188,2.0344827586206895,0.6779661016949152,0.29365079365079366,0.42963600647297057,0.5060618553217799,-0.07213939440683884,0.19348830160793185,0.3625201056124446,B,NYT,EMA cross (calm-tuned)
3921,0.7054322876817138,0.7119780657653478,0.3914099591851984,-0.04943224648028337,2.586206896551724,0.6933333333333334,0.17592592592592593,0.3561247579323198,0.42034388383374904,-0.1257678761716571,0.16418372858744862,0.3625201056124446,B,NYT,SuperTrend (calm-tuned)
3921,0.6885998469778117,0.6327265567360763,0.2627482954541361,-0.07898782763817822,1.3448275862068966,0.8461538461538461,0.40816326530612246,0.5118712267654162,0.5019259615752037,-0.18539298506981453,0.1128567034175211,0.3625201056124446,B,NYT,Online directional-change (calm-tuned)
3947,0.734481884975931,0.6849648943040235,0.39934094388646946,-0.04337974234984255,1.7428571428571429,0.7868852459016393,0.31666666666666665,0.424215329782123,0.4499498896744635,-0.12600960471293843,-0.04490708663914038,0.055506488169616564,B,IP,MODEL calm
3947,0.7410691664555359,0.7153548207717848,0.4340689949930674,0.029836091135361717,1.457142857142857,0.8431372549019608,0.29333333333333333,0.45325760734174564,0.49552280520831754,0.06749187463852159,0.08600504765382652,0.055506488169616564,B,IP,Crypto model C
3947,0.6650620724600963,0.6601283317815618,0.3098769201715739,-0.02276849300652308,1.5142857142857142,0.7547169811320755,0.3137254901960784,0.5029582102263056,0.5581192443530066,-0.07046761216548664,-0.011683630083799868,0.055506488169616564,B,IP,EMA cross (calm-tuned)
3947,0.6931846972384089,0.7050344259253378,0.3938499895536752,-0.04995723247803079,2.3142857142857145,0.7160493827160493,0.16831683168316833,0.39483886883108155,0.43960905625805785,-0.14732469831404432,-0.07244543243668945,0.055506488169616564,B,IP,SuperTrend (calm-tuned)
3947,0.7139599695971623,0.6807837476869689,0.3688478903582701,0.010701016562604687,1.1714285714285715,0.9024390243902439,0.3404255319148936,0.5171787337824291,0.5399081027440384,0.01951801263836167,0.051365153377387174,0.055506488169616564,B,IP,Online directional-change (calm-tuned)
3948,0.7725430597771024,0.7553438381122901,0.530349964921197,0.13814760363751824,2.28,0.7192982456140351,0.16666666666666666,0.3157034018017528,0.3467439523721618,0.334985615403114,0.24325572292885034,0.04974775663181977,B,FSLR,MODEL calm
3948,0.786727456940223,0.7885824849175387,0.5717323164813445,0.1255140740406298,2.04,0.7254901960784313,0.17293233082706766,0.3119645140469474,0.32856757905602524,0.3044281959778666,0.25196154470622184,0.04974775663181977,B,FSLR,Crypto model C
3948,0.7477203647416414,0.7485227326426993,0.49242987375283565,0.16784580536133836,1.52,0.8157894736842105,0.21875,0.3900569868510823,0.4709412301302599,0.4107330215689942,0.3364270251930434,0.04974775663181977,B,FSLR,EMA cross (calm-tuned)
3948,0.6985815602836879,0.7049366510372638,0.4053492165185237,0.049710523188473535,2.92,0.6301369863013698,0.14772727272727273,0.29430505526517353,0.3150328854140175,0.11431056806901978,0.12193158292776402,0.04974775663181977,B,FSLR,SuperTrend (calm-tuned)
3948,0.766210739614995,0.7669333116306911,0.5291440220931045,0.07870415035074797,1.72,0.7674418604651163,0.20717131474103587,0.3527508209362718,0.40870937026273957,0.18958167848632126,0.1768452687336307,0.04974775663181977,B,FSLR,Online directional-change (calm-tuned)
1726,0.7404403244495944,0.7065818924514576,0.4461659601244756,-0.05554723511963432,2.6153846153846154,0.6764705882352942,0.15151515151515152,0.3840021023482706,0.338515774087649,-0.15076900678657582,0.2217399465447844,0.49282345046065557,B,DDOG,MODEL calm
1726,0.7132097334878331,0.7068896536287841,0.40977107730726275,-0.04464693360560617,2.076923076923077,0.7407407407407407,0.16666666666666666,0.35615258057586907,0.36970116963594435,-0.12110332573016669,0.26862754445150405,0.49282345046065557,B,DDOG,Crypto model C
1726,0.727694090382387,0.7204073638856248,0.43757991060492624,-0.0016760706818470198,1.4615384615384615,0.7894736842105263,0.23684210526315788,0.5138912169780866,0.49423121380237683,-0.009007644641349222,0.3452105891076076,0.49282345046065557,B,DDOG,EMA cross (calm-tuned)
1726,0.6952491309385863,0.6994306418219463,0.39105086839658393,-0.05777253803355521,2.6153846153846154,0.6764705882352942,0.12121212121212122,0.3270568987551548,0.3986480633562743,-0.15646714376923765,0.24320522040828094,0.49282345046065557,B,DDOG,SuperTrend (calm-tuned)
1726,0.7468134414831982,0.7133428459515416,0.4604957174286004,0.08076028074110304,1.8461538461538463,0.6666666666666666,0.12857142857142856,0.35615258057586907,0.3389927431984314,0.2009995401899838,0.4256152409828344,0.49282345046065557,B,DDOG,Online directional-change (calm-tuned)
3436,0.7045983701979045,0.655148657382925,0.3322253142703967,-0.09465586822274447,1.8108108108108107,0.7164179104477612,0.2962962962962963,0.4747933203197549,0.4428103467883706,-0.25503824681123066,-0.23937240752377942,-0.0713417651840568,B,NCLH,MODEL calm
3436,0.6644353899883586,0.6553249309595158,0.3018877582097536,-0.20802471380316273,1.837837837837838,0.75,0.3076923076923077,0.49256713280562725,0.48735652728635925,-0.5505025065557656,-0.475324986848113,-0.0713417651840568,B,NCLH,Crypto model C
3436,0.629802095459837,0.6285812914977378,0.24780910564556077,-0.035912003565717665,1.5135135135135136,0.7321428571428571,0.35094339622641507,0.532324999785113,0.5535102161299122,-0.10078096320431841,-0.17239827740082223,-0.0713417651840568,B,NCLH,EMA cross (calm-tuned)
3436,0.64988358556461,0.6549995593160585,0.29812370770179086,0.011046815894878444,1.9189189189189189,0.7183098591549296,0.22727272727272727,0.47732505710577333,0.4208183208100943,0.01942832145065183,-0.044985707271973506,-0.0713417651840568,B,NCLH,SuperTrend (calm-tuned)
3436,0.7072176949941793,0.6833531641106998,0.3661967314171657,0.022280211436542435,1.5405405405405406,0.7719298245614035,0.27472527472527475,0.4899984492147542,0.47602951805340443,0.05049570650286996,-0.014749379092233502,-0.0713417651840568,B,NCLH,Online directional-change (calm-tuned)
3928,0.8144093686354379,0.7127557963791935,0.47165799427000965,0.09573454516053596,2.4545454545454546,0.6666666666666666,0.2406380881990638,0.4199571188781124,0.39591039629220354,0.19801777392709236,0.4939300281230395,0.6173603897643689,B,NOC,MODEL calm
3928,0.7647657841140529,0.7310407216188461,0.43114732386791715,0.0037462707469048274,2.4545454545454546,0.6851851851851852,0.22223996593207707,0.4143447399880258,0.5089244700114166,-0.006345741248128162,0.4002436142862313,0.6173603897643689,B,NOC,Crypto model C
3928,0.8014256619144603,0.753549737903302,0.4917449616863508,0.05338556706469814,1.9545454545454546,0.6976744186046512,0.27493748263406503,0.5016683499062848,0.5188487874846792,0.10693416086765001,0.47112339037022827,0.6173603897643689,B,NOC,EMA cross (calm-tuned)
3928,0.6980651731160896,0.7242131859531149,0.39220298128880504,-0.025185881815770424,3.1818181818181817,0.6285714285714286,0.18330427201394944,0.3585436548867712,0.4323234793660109,-0.07496369264331038,0.39080123068551476,0.6173603897643689,B,NOC,SuperTrend (calm-tuned)
3928,0.7813136456211812,0.7544755025395395,0.4739709565077696,0.049081315336058695,1.9090909090909092,0.7380952380952381,0.14102564102564102,0.392074521819779,0.46698360379151316,0.09763543743557972,0.4615582113511409,0.6173603897643689,B,NOC,Online directional-change (calm-tuned)
3933,0.8044749555047038,0.6966025903925278,0.4552522867148784,-0.041133412327041576,2.1666666666666665,0.6730769230769231,0.17027777777777778,0.3700440793692132,0.351230585160838,-0.09744917377385987,0.011396838405709295,0.11563250777571933,B,EWU,MODEL calm
3933,0.8199847444698704,0.7712739955283316,0.5409161539431177,-0.0365635925364909,2.0833333333333335,0.74,0.2052304964539007,0.42147686977253307,0.5202414345800863,-0.08786661735981142,0.01903336241344359,0.11563250777571933,B,EWU,Crypto model C
3933,0.7233663869819477,0.7172638813552595,0.39471456636462304,-0.03864300589572591,1.9166666666666667,0.717391304347826,0.34088952654232424,0.48299293210601035,0.5420731919945908,-0.09059817729261471,0.019912740539564527,0.11563250777571933,B,EWU,EMA cross (calm-tuned)
3933,0.6816679379608441,0.7177009604826227,0.38545481364227896,-0.10988166141847631,4.083333333333333,0.6224489795918368,0.12425294004241372,0.3387631649483643,0.3652444376278725,-0.24671889585623613,-0.10912226342683454,0.11563250777571933,B,EWU,SuperTrend (calm-tuned)
3933,0.7579455886092041,0.6849368939103284,0.37406844146484847,-0.051545967609558825,1.4166666666666667,0.8235294117647058,0.36345137798086535,0.5466093610648135,0.5690297820339718,-0.11178555443460149,0.002616608007908142,0.11563250777571933,B,EWU,Online directional-change (calm-tuned)
3925,0.849936305732484,0.6656961649729248,0.3715220637581773,0.1730864271170754,1.4285714285714286,0.775,0.31727616645649437,0.401922128006313,0.46896423957336636,0.3996000515131852,0.7232528268924305,0.6781457548680695,B,VOO,MODEL calm
3925,0.834140127388535,0.6891180179511905,0.3745179250052954,0.15203951139404379,1.6785714285714286,0.7872340425531915,0.35,0.49945889640880126,0.5709483807235044,0.3466227292568809,0.7164251466221415,0.6781457548680695,B,VOO,Crypto model C
3925,0.806624203821656,0.6701530549167964,0.3177111363424784,0.045030412895406394,1.5714285714285714,0.75,0.3326607818411097,0.4290294785390718,0.6675389826687627,0.0914176259761447,0.5656791595998121,0.6781457548680695,B,VOO,EMA cross (calm-tuned)
3925,0.6670063694267516,0.66775956284153,0.24975595357177305,-0.08008356252472353,3.357142857142857,0.6382978723404256,0.25184426229508194,0.3500045755017527,0.543284042989352,-0.227042727550552,0.4047260697168176,0.6781457548680695,B,VOO,SuperTrend (calm-tuned)
3925,0.8236942675159236,0.63477734094899,0.2875989772713613,0.05405442610034151,1.7857142857142858,0.72,0.2362179487179487,0.4198781299973532,0.4407765507075065,0.11070200926840465,0.4925844203913658,0.6781457548680695,B,VOO,Online directional-change (calm-tuned)
3942,0.6793505834601725,0.6968254183731222,0.4036147026312826,-0.04324489856530801,3.0,0.6538461538461539,0.17430283131502644,0.3400090339673171,0.35463502752456566,-0.10726117048362685,-0.18289082880772214,-0.166098114669954,B,MOS,MODEL calm
3942,0.7227295788939625,0.7236356535559366,0.44444845228645546,-0.06184114241700116,2.4615384615384617,0.703125,0.15990328006728344,0.4095816726754075,0.428954446849107,-0.14611762904942888,-0.23268570305495817,-0.166098114669954,B,MOS,Crypto model C
3942,0.71740233384069,0.7078619478341502,0.4222752750512213,0.026641696685834503,2.1538461538461537,0.6607142857142857,0.17711598746081506,0.34446773037505046,0.4004403953881225,0.05011598811435685,-0.09966772778481676,-0.166098114669954,B,MOS,EMA cross (calm-tuned)
3942,0.706494165398275,0.7026081358509165,0.40499889917097937,-0.15402405083262743,3.4615384615384617,0.6333333333333333,0.14368355222013757,0.34506802617493765,0.3667687082645443,-0.3533081455380445,-0.4247824573946256,-0.166098114669954,B,MOS,SuperTrend (calm-tuned)
3942,0.6557584982242517,0.6489028213166144,0.2991564596538427,-0.19486407712300124,1.9230769230769231,0.72,0.26835664335664333,0.554624529623408,0.45397217383559074,-0.43721187238570636,-0.461039605512089,-0.166098114669954,B,MOS,Online directional-change (calm-tuned)
3921,0.6717674062739097,0.6550951918180298,0.3378028323314046,-0.10123772996593454,2.411764705882353,0.6951219512195121,0.2457688338493292,0.4835456653472169,0.4548304361176694,-0.2712488176166755,0.03564351455336453,0.3290340638962287,B,COHR,MODEL calm
3921,0.6919153277225197,0.6883459841435253,0.3776762001600095,-0.04449451096920336,1.9411764705882353,0.7575757575757576,0.27467001885606535,0.42899897989913316,0.48179020902412173,-0.12294599168031543,0.13399803520764164,0.3290340638962287,B,COHR,Crypto model C
3921,0.6398877837286406,0.635634770331809,0.2721759818101346,-0.06891341890387731,1.7352941176470589,0.7627118644067796,0.41457440293937536,0.5187653506728448,0.5130320756987172,-0.1850338500727969,0.09476860840486667,0.3290340638962287,B,COHR,EMA cross (calm-tuned)
3921,0.6942106605457792,0.6928660286805309,0.3850209198480579,-0.015977918207242883,2.264705882352941,0.7012987012987013,0.17647058823529413,0.39512720495124365,0.41388141015790647,-0.05081000778718884,0.19356112809454856,0.3290340638962287,B,COHR,SuperTrend (calm-tuned)
3921,0.6883448099974496,0.6846562883346297,0.37036559914769535,-0.1322475335421546,1.8235294117647058,0.7741935483870968,0.30033311125916057,0.4638229831908611,0.4685486974196038,-0.34870860573605367,-0.0130504624191888,0.3290340638962287,B,COHR,Online directional-change (calm-tuned)
3938,0.7839004570848146,0.6486098199453939,0.31337970031134055,0.04696141294326057,2.076923076923077,0.6851851851851852,0.2835365853658537,0.4080129978695655,0.4253871326210088,0.09142004065263948,0.4554112385856533,0.6860249666937666,B,MSI,MODEL calm
3938,0.7572371762315896,0.6900850586759106,0.34625827135432474,0.02104807431694291,1.8461538461538463,0.7708333333333334,0.3491044776119403,0.49378655882922273,0.48632484008410193,0.034665433423494284,0.472897434032421,0.6860249666937666,B,MSI,Crypto model C
3938,0.7064499746063991,0.6113482427315999,0.20330345581698267,-0.03161449706580258,1.6153846153846154,0.7380952380952381,0.4462474645030426,0.5077841759595442,0.5097628955696805,-0.08237413967784281,0.3911331286933517,0.6860249666937666,B,MSI,EMA cross (calm-tuned)
3938,0.665058405281869,0.6646039927989099,0.27261588676522186,-0.11213795595991735,3.1538461538461537,0.6463414634146342,0.21440565109142493,0.3991949263329022,0.37148734651223336,-0.27444108061784733,0.30054457318779576,0.6860249666937666,B,MSI,SuperTrend (calm-tuned)
3938,0.6927374301675978,0.547507929678784,0.09269405991810344,-0.03975125545011275,1.3076923076923077,0.8235294117647058,0.5800000000000001,0.5826020108147505,0.5670231590749298,-0.09860756330137177,0.36725254412308267,0.6860249666937666,B,MSI,Online directional-change (calm-tuned)
3914,0.7491057741440981,0.638966072522916,0.316330001885614,0.18983975901768974,2.0434782608695654,0.7446808510638298,0.2323943661971831,0.4138609643068521,0.37282590701069723,0.3973107561413729,0.5453075773587105,0.47079945334502626,B,FLEX,MODEL calm
3914,0.7317322432294328,0.6659388731696504,0.3313144639720567,0.06128480658442383,2.130434782608696,0.7346938775510204,0.23943661971830985,0.4139823686323593,0.43204345743078065,0.12278268436791542,0.39690317816490256,0.47079945334502626,B,FLEX,Crypto model C
3914,0.7424629535002555,0.6961254612546126,0.3799920137894487,0.008234143535514382,2.1739130434782608,0.7,0.1796875,0.4059957545012534,0.5268104288113666,0.009519636211433587,0.33008677816507376,0.47079945334502626,B,FLEX,EMA cross (calm-tuned)
3914,0.7192130812468064,0.7193192338283807,0.40027566213625915,0.0003903766523159763,3.0,0.6521739130434783,0.10569105691056911,0.27067019884104704,0.29504111635756824,-0.01025484092551527,0.3440893515631005,0.47079945334502626,B,FLEX,SuperTrend (calm-tuned)
3914,0.6788451711803781,0.595217294929133,0.19193805073625858,0.02499908266369408,1.608695652173913,0.7567567567567568,0.2631578947368421,0.4284362221116311,0.4668692129898067,0.04735180320821292,0.3386997971249346,0.47079945334502626,B,FLEX,Online directional-change (calm-tuned)
3914,0.7565150740929995,0.6209970686068074,0.27017068905788,-0.03914911738497249,1.8571428571428572,0.7115384615384616,0.27140350877192987,0.4414978278585001,0.4485208944810936,-0.10318765206228256,0.08380826533459942,0.23678481369524254,B,ICF,MODEL calm
3914,0.7600919775166071,0.7114071225853703,0.3948023283921654,-0.1022238060642636,1.9285714285714286,0.7592592592592593,0.27223628691983126,0.5157488923744672,0.5225135140009621,-0.24335224550104376,-0.0046624321055132156,0.23678481369524254,B,ICF,Crypto model C
3914,0.6443536024527338,0.6140936645646082,0.20020888950907187,-0.2864188217065145,2.857142857142857,0.65,0.37113107390771743,0.5280932241239651,0.5458420460117895,-0.6592330724563505,-0.3314788967982708,0.23678481369524254,B,ICF,EMA cross (calm-tuned)
3914,0.6637710781808891,0.6866572244571179,0.32021372908685614,-0.127564956109494,2.9285714285714284,0.6585365853658537,0.1508859357696567,0.34839583132462937,0.46901840294955177,-0.30824019245153866,-0.058555084929962954,0.23678481369524254,B,ICF,SuperTrend (calm-tuned)
3914,0.6711803781297905,0.6199756584864102,0.21609807447620433,-0.08878004757953158,1.0714285714285714,0.8333333333333334,0.40506912442396314,0.6092036900472602,0.540003797630649,-0.20590261669028906,0.021464422622660715,0.23678481369524254,B,ICF,Online directional-change (calm-tuned)
3932,0.6935401831129197,0.5885668202409341,0.20141067947374744,-0.09557625155091477,2.0,0.7407407407407407,0.4166666666666667,0.4414013578252782,0.4091360645048996,-0.20907121527431957,0.02799059516462961,0.25792775078820246,B,EXPE,MODEL calm
3932,0.702441505595117,0.6347148843562614,0.2754450058494089,-0.04526426871863196,1.8518518518518519,0.78,0.3728813559322034,0.5267883400767654,0.47286455838400154,-0.10238171491826172,0.10560893596990824,0.25792775078820246,B,EXPE,Crypto model C
3932,0.6444557477110885,0.6041093078353745,0.19882872664635154,-0.24400044792012401,2.259259259259259,0.6885245901639344,0.4233576642335766,0.5034030285325222,0.5350514134453672,-0.5232841859510052,-0.16867207830019956,0.25792775078820246,B,EXPE,EMA cross (calm-tuned)
3932,0.7355035605289929,0.7356948270938963,0.4394481728499251,-0.12069958649727552,2.925925925925926,0.6708860759493671,0.2,0.3453180190155406,0.3537492463878842,-0.265546841959709,-0.005849003120267473,0.25792775078820246,B,EXPE,SuperTrend (calm-tuned)
3932,0.7184638860630722,0.6495588019663681,0.3089248821469757,-0.041166916063027546,1.4814814814814814,0.85,0.3728813559322034,0.5440466663723136,0.5145300021253741,-0.09235355785311973,0.1108835636335794,0.25792775078820246,B,EXPE,Online directional-change (calm-tuned)
3940,0.8032994923857868,0.7239067523467968,0.4971783783820297,-0.003718593748033597,2.3846153846153846,0.6935483870967742,0.19823405049123244,0.34742986823536,0.41414273897840365,-0.024020326531718664,0.09393374979913093,0.16634099249225778,B,EUFN,MODEL calm
3940,0.8190355329949238,0.7842073518659542,0.5663084042093846,-0.05589236406151402,2.269230769230769,0.711864406779661,0.22671568627450978,0.4163628024674884,0.4758479101530572,-0.1459579130215153,0.014517681459399193,0.16634099249225778,B,EUFN,Crypto model C
3940,0.766243654822335,0.7663417243699594,0.49769537485318943,0.08684219675840964,1.8846153846153846,0.6938775510204082,0.2020139513951395,0.4023831521843436,0.4778473162508683,0.19212358489218628,0.3039413647036856,0.16634099249225778,B,EUFN,EMA cross (calm-tuned)
3940,0.6885786802030457,0.7017577382230888,0.3698316537182409,-0.12101066490836779,4.384615384615385,0.6140350877192983,0.14926829268292685,0.32048454286400563,0.36154112739082855,-0.3127075121136679,-0.11316797190597094,0.16634099249225778,B,EUFN,SuperTrend (calm-tuned)
3940,0.7908629441624365,0.7338963104296126,0.4830936409224438,0.030943961173544796,1.4615384615384615,0.7631578947368421,0.21722178165477135,0.40055871210795085,0.42500190207113553,0.06338494943427446,0.14855896651484177,0.16634099249225778,B,EUFN,Online directional-change (calm-tuned)
3628,0.7670893054024256,0.7147236246803488,0.4557429961913101,0.05586852157188545,1.875,0.7333333333333333,0.20754716981132076,0.43783160707129337,0.40217606699372777,0.14447300594803478,0.36472322390856154,0.42496540787763887,B,PSX,MODEL calm
3628,0.7607497243660419,0.7428577087841235,0.4757263883930153,0.12766027035868227,1.53125,0.8163265306122449,0.23529411764705882,0.4380111374683448,0.45147039046954107,0.3485131343818618,0.5310760646056308,0.42496540787763887,B,PSX,Crypto model C
3628,0.7001102535832414,0.677180321508972,0.34578130725047673,0.016897549839760113,1.53125,0.7551020408163265,0.3888888888888889,0.5262663282449597,0.5032350674648953,0.03731058862105006,0.3478318056602131,0.42496540787763887,B,PSX,EMA cross (calm-tuned)
3628,0.6799889746416758,0.6791364773894608,0.34059889831836004,0.029530450350632176,2.375,0.6973684210526315,0.2777777777777778,0.34439848268875367,0.38700574868987564,0.0672111500700597,0.37052694591455565,0.42496540787763887,B,PSX,SuperTrend (calm-tuned)
3628,0.7279492833517089,0.6954100004371297,0.38994718305845877,0.11222901958664641,1.625,0.7692307692307693,0.2708333333333333,0.3717033224366582,0.38483981989018334,0.30450566319112,0.4850355824767176,0.42496540787763887,B,PSX,Online directional-change (calm-tuned)
3914,0.7797649463464487,0.7407974868311097,0.5249501892769081,-0.07443983769039503,2.9130434782608696,0.6716417910447762,0.21428571428571427,0.48878479480055764,0.461369190129473,-0.160259935534727,-0.24628466608889654,-0.19300841001604982,B,FMC,MODEL calm
3914,0.7999489013796628,0.786420057283846,0.5757468566548128,-0.048684254181344234,2.5652173913043477,0.6949152542372882,0.1896551724137931,0.43400758614804696,0.4862296836957556,-0.10731762784108867,-0.23371713850086664,-0.19300841001604982,B,FMC,Crypto model C
3914,0.7606029637199796,0.7582530190880006,0.507655269318925,0.14675975624520746,2.130434782608696,0.6938775510204082,0.2549019607843137,0.3692411614031861,0.4760160759397061,0.2859328608121181,0.08989845193312646,-0.19300841001604982,B,FMC,EMA cross (calm-tuned)
3914,0.6957077158916709,0.6959394727152058,0.38290714648736063,-0.13813953246656122,3.608695652173913,0.6385542168674698,0.15517241379310345,0.36625581452375133,0.4385015427986861,-0.2905962045679809,-0.40618647501529836,-0.19300841001604982,B,FMC,SuperTrend (calm-tuned)
3914,0.7304547777210015,0.7027931938500345,0.41884777166360704,0.013965588754465188,1.8695652173913044,0.7674418604651163,0.23529411764705882,0.5094811600574647,0.5520912315159123,0.020832760750120433,-0.1266944369586756,-0.19300841001604982,B,FMC,Online directional-change (calm-tuned)
3949,0.8642694353000759,0.7683458787714507,0.6064202339933145,0.29121263462566277,1.9411764705882353,0.696969696969697,0.08333333333333333,0.2984098804433618,0.32845119116348537,0.4879223205935625,0.5699436813986508,0.2551003797054097,B,FISV,MODEL calm
3949,0.8946568751582679,0.8755360481522412,0.726331796560059,0.3114002087398893,2.2941176470588234,0.717948717948718,0.09420289855072464,0.34402536649584897,0.355873594444401,0.5209522688116588,0.6671348332795177,0.2551003797054097,B,FISV,Crypto model C
3949,0.860471005317802,0.8195620217268917,0.6286560394301238,0.27804891441685337,1.588235294117647,0.7407407407407407,0.10144927536231885,0.35771807075242495,0.39993041815584013,0.46673159838723915,0.6141117420138422,0.2551003797054097,B,FISV,EMA cross (calm-tuned)
3949,0.7533552798176754,0.7866338956191747,0.4992093459978154,0.13892689562294724,3.7058823529411766,0.6349206349206349,0.09420289855072464,0.3368187591262717,0.40525070333404806,0.2225963469647172,0.5025041000854248,0.2551003797054097,B,FISV,SuperTrend (calm-tuned)
3949,0.8574322613319828,0.8287893478457293,0.632064592975479,0.26666276727433064,1.7058823529411764,0.7241379310344828,0.10034602076124567,0.3765539619822349,0.3595909132137888,0.44688705325667866,0.6253059603537092,0.2551003797054097,B,FISV,Online directional-change (calm-tuned)
3937,0.7703835407670815,0.7408042825635803,0.4983723666393322,0.21246596814363863,2.6,0.6923076923076923,0.26543209876543206,0.32980002959550636,0.36323813126101256,0.4414607140369645,0.3239452618871454,0.07375040430047784,B,RHI,MODEL calm
3937,0.7569215138430276,0.750595229557809,0.4925674921043001,0.10862722624764395,2.4,0.6875,0.2382716049382716,0.3165938850107228,0.38563947507435387,0.22147026225503613,0.20815843127677175,0.07375040430047784,B,RHI,Crypto model C
3937,0.7274574549149099,0.7302632304801666,0.44746655197371066,0.15830674111497509,2.2,0.6818181818181818,0.19715138635903662,0.2821029061840544,0.4325190999649365,0.3278782314210426,0.32085826656035343,0.07375040430047784,B,RHI,EMA cross (calm-tuned)
3937,0.6741173482346965,0.7021849724120202,0.393916295885545,-0.019584666182302476,3.7,0.6081081081081081,0.14985158200094448,0.2520647991856583,0.33674004388443946,-0.05593398026301199,0.014294401776431279,0.07375040430047784,B,RHI,SuperTrend (calm-tuned)
3937,0.713995427990856,0.7039572835907513,0.4013129556659675,0.09573174734425605,1.9,0.7368421052631579,0.25493827160493826,0.3764052792297322,0.37182207495871994,0.19604818118837042,0.18997405874657908,0.07375040430047784,B,RHI,Online directional-change (calm-tuned)
3939,0.7547600913937548,0.7000074776512413,0.43243191367517136,0.04932893742345055,2.2142857142857144,0.6935483870967742,0.2773892773892774,0.47481465187454225,0.48020479607108263,0.1119542347907524,0.3872616763547133,0.5551181125012815,B,REGN,MODEL calm
3939,0.7192180756537192,0.7020902318471454,0.3952890861110863,-0.024463218332007063,2.0,0.75,0.3284313725490196,0.46497583417325533,0.5114391829088163,-0.07059236442414066,0.3118861207761055,0.5551181125012815,B,REGN,Crypto model C
3939,0.6966235085046967,0.6619552231393919,0.32536465226396155,0.10481170987883591,1.7142857142857142,0.7083333333333334,0.35274818588852863,0.427189523114139,0.4866171193239509,0.25248561919673446,0.49790851927412355,0.5551181125012815,B,REGN,EMA cross (calm-tuned)
3939,0.7171871033257172,0.7213436140572993,0.42334877100072676,0.07584750747232305,2.357142857142857,0.696969696969697,0.26420410683958623,0.39815294064691104,0.4121446342803011,0.17726514396585513,0.4990413515321823,0.5551181125012815,B,REGN,SuperTrend (calm-tuned)
3939,0.7138867732927139,0.6843883195662734,0.36795025574086526,0.04968869560506703,1.1428571428571428,0.90625,0.5198915009041591,0.5764870350776419,0.5550668373732369,0.11807370623199819,0.42006496567572504,0.5551181125012815,B,REGN,Online directional-change (calm-tuned)
3947,0.8036483405117811,0.6862526247410873,0.4121931816927487,0.020898104453633697,1.9666666666666666,0.7457627118644068,0.2805730258560447,0.4218990817987083,0.45134183653664783,0.04051634663175575,0.40260779039915523,0.6203507859424874,B,MPWR,MODEL calm
3947,0.78616670889283,0.7260495046825096,0.4339709067227366,-0.02802394069329332,1.9333333333333333,0.7586206896551724,0.24695121951219512,0.42582044877537084,0.5219580233351577,-0.07450447661043708,0.36182843569127543,0.6203507859424874,B,MPWR,Crypto model C
3947,0.7519635165948821,0.6576308381791918,0.31421799186557076,0.021167347785976405,1.3333333333333333,0.75,0.392379679144385,0.5038601980520492,0.6281811239672531,0.04395034910627778,0.43676251160273516,0.6203507859424874,B,MPWR,EMA cross (calm-tuned)
3947,0.7413225234355206,0.7223239393481811,0.39667790789939195,-0.07544203263387031,2.5,0.7066666666666667,0.23814052360707094,0.41483133768822017,0.4823122210990789,-0.1886335355971241,0.30479208187196905,0.6203507859424874,B,MPWR,SuperTrend (calm-tuned)
3947,0.7575373701545478,0.6698173650306136,0.3356119830833159,-0.03864702161937738,1.6666666666666667,0.78,0.31399757355171365,0.4289495161232435,0.5208667722343979,-0.0983334556913072,0.3365819184846663,0.6203507859424874,B,MPWR,Online directional-change (calm-tuned)
3914,0.7253449156872764,0.6871709003873581,0.40948857739661065,0.02530404436223046,1.625,0.7884615384615384,0.29067460317460314,0.46577404379018134,0.4688769591632115,0.05055494773653211,-0.0029391039234112027,-0.05480012975970741,B,BXP,MODEL calm
3914,0.7102708226877874,0.6914239848929522,0.3881196233927036,-0.04258749067805431,1.6875,0.7962962962962963,0.28535353535353536,0.5033097741665238,0.501406597770908,-0.11705248765999028,-0.1300865973494116,-0.05480012975970741,B,BXP,Crypto model C
3914,0.6507409299948901,0.6482507248475645,0.29117680130599394,-0.09716662214660313,2.0,0.71875,0.3967914438502674,0.533075149071941,0.5478482715531243,-0.2536548601484832,-0.2602657364350215,-0.05480012975970741,B,BXP,EMA cross (calm-tuned)
3914,0.6727133367399081,0.6894915580588512,0.3721447454818378,-0.030885227886644957,2.25,0.7083333333333334,0.21416666666666667,0.433393342184354,0.4343455907092022,-0.09228073904505635,-0.13270356814300882,-0.05480012975970741,B,BXP,SuperTrend (calm-tuned)
3914,0.7051609606540623,0.6806877044961959,0.37213077328265814,-0.0184830474025589,1.1875,0.868421052631579,0.3211580086580087,0.5105488853321055,0.497696068600337,-0.0540798333760306,-0.08203320678899918,-0.05480012975970741,B,BXP,Online directional-change (calm-tuned)
3926,0.8163525216505348,0.6603719419868773,0.388938899891855,0.191532001362708,1.6666666666666667,0.8,0.25880325043092833,0.4002687982386832,0.4467973595770973,0.4248096432942203,0.6347090634850441,0.5541125890619676,B,XLI,MODEL calm
3926,0.8163525216505348,0.6862029421627464,0.4142086360093185,0.18282070971016318,1.75,0.7857142857142857,0.18408764367816094,0.4070697209117511,0.48984980720128846,0.40413246443957956,0.6289188619172174,0.5541125890619676,B,XLI,Crypto model C
3926,0.7702496179317372,0.664798614716765,0.32794395471980475,-0.02426383685789458,2.1666666666666665,0.7115384615384616,0.2883141762452107,0.46480059880431124,0.5959026138723305,-0.07274036897080809,0.34873846032148337,0.5541125890619676,B,XLI,EMA cross (calm-tuned)
3926,0.6923076923076923,0.7001253972789515,0.33683148000449453,-0.10181744495593709,3.5833333333333335,0.6046511627906976,0.11090637887163288,0.33337154209665176,0.4752241449262506,-0.261397523755083,0.24545654320293428,0.5541125890619676,B,XLI,SuperTrend (calm-tuned)
3926,0.7875700458481916,0.6728985083179178,0.35688144300513097,0.21355535362619543,1.25,0.9,0.2562077739756076,0.46867118096828075,0.5334015109963539,0.47848977286173405,0.6907985308033002,0.5541125890619676,B,XLI,Online directional-change (calm-tuned)
984,0.681910569105691,0.6699559723159887,0.38887885292469004,-0.057505957463567056,2.142857142857143,0.7333333333333333,0.3333333333333333,0.41021884854759116,0.46443978343001063,-0.14601873811553193,-0.19835798320750989,-0.14419444301658446,B,FWLT-201412,MODEL calm
984,0.6585365853658537,0.6521647289791624,0.31531895604063853,-0.07512526340441575,1.2857142857142858,0.8888888888888888,0.3744075829383886,0.49012101463547586,0.5464847884439412,-0.18366973856497693,-0.2564301058796376,-0.14419444301658446,B,FWLT-201412,Crypto model C
984,0.7266260162601627,0.7232779294148832,0.4513970020223324,0.05247463748683024,1.5714285714285714,0.8181818181818182,0.3033175355450237,0.2855201296208779,0.503282856192406,0.11667622082962537,-0.022213394379867232,-0.14419444301658446,B,FWLT-201412,EMA cross (calm-tuned)
984,0.7510162601626016,0.7524944188801312,0.5046033831337327,0.031130494577700313,2.142857142857143,0.7333333333333333,0.125,0.32994717574751176,0.3430654570684388,0.06350688958197931,-0.07164086312668846,-0.14419444301658446,B,FWLT-201412,SuperTrend (calm-tuned)
984,0.6270325203252033,0.6163855052414896,0.25761269352218497,-0.04754973122257934,0.2857142857142857,1.0,0.33088235294117646,0.578268372647581,0.8465468867759486,-0.11377250287524474,-0.18841761365218418,-0.14419444301658446,B,FWLT-201412,Online directional-change (calm-tuned)
3933,0.7396389524535978,0.6565898618104351,0.3273483965983588,-0.07699971884171028,3.272727272727273,0.625,0.1882284382284382,0.34257643513284786,0.3602200326435933,-0.1712585319639528,0.010815375562047652,0.18783171214842784,B,FII,MODEL calm
3933,0.7287058225273328,0.694365256812352,0.36887854940327164,0.016163442065099853,2.4545454545454546,0.7037037037037037,0.187683284457478,0.37686921836504383,0.37221628625079173,0.0216556311783373,0.14376632648561924,0.18783171214842784,B,FII,Crypto model C
3933,0.6859903381642513,0.6583173921768909,0.29446552511909196,-0.07906393507997198,2.5454545454545454,0.6428571428571429,0.25804268195572544,0.3640781257463471,0.43891991957192433,-0.17215368766148084,0.01197067409632211,0.18783171214842784,B,FII,EMA cross (calm-tuned)
3933,0.6938723620645817,0.7046553429782154,0.3702869496080967,-0.11646133808968853,3.6363636363636362,0.6375,0.12392402562582902,0.3395259228320513,0.32569963038431415,-0.2531097119257749,-0.052116593627166634,0.18783171214842784,B,FII,SuperTrend (calm-tuned)
3933,0.7640478006610729,0.7213826224885442,0.43091874317642137,0.013293759479716425,1.6363636363636365,0.7777777777777778,0.2131801889866406,0.43528463353401003,0.4566142520284019,0.019550973759235965,0.13992446916669424,0.18783171214842784,B,FII,Online directional-change (calm-tuned)
3940,0.7855329949238579,0.7387697039334633,0.5042254169423125,0.06514564527853896,2.0,0.75,0.27380281690140845,0.4166390077741423,0.38802977325531496,0.15234628564739566,0.24368654701226858,0.2457116535680769,B,BMY,MODEL calm
3940,0.7730964467005076,0.7709815831403191,0.5221922510623294,0.06638615341216399,1.65625,0.8113207547169812,0.27327414537006306,0.4312871822400718,0.4510461433873262,0.1584516323484312,0.2710844523114995,0.2457116535680769,B,BMY,Crypto model C
3940,0.718020304568528,0.7134155518166078,0.40961896994055313,0.004509429816107205,1.5625,0.76,0.31371286673411203,0.5393334264718639,0.4479676223383763,-0.0014380475861197335,0.16837220031655184,0.2457116535680769,B,BMY,EMA cross (calm-tuned)
3940,0.7035532994923858,0.7176975486679495,0.4125918605742768,0.029819773100397687,2.125,0.7058823529411765,0.21116090482287664,0.4091335945488901,0.3755460713672052,0.05955820077168256,0.22338576576157188,0.2457116535680769,B,BMY,SuperTrend (calm-tuned)
3940,0.7510152284263959,0.7335825613480471,0.4576713577692259,0.021223886402300846,1.4375,0.8478260869565217,0.3059071729957806,0.4467086194199599,0.4373280349143922,0.043022943492934035,0.1898676319165858,0.2457116535680769,B,BMY,Online directional-change (calm-tuned)
3905,0.7262483994878361,0.663892572944297,0.3535559095561143,0.1701994785438269,2.2962962962962963,0.7096774193548387,0.375,0.3608824990516947,0.35142865505266774,0.45064617013549185,0.6252784823311286,0.6047006699107778,B,STX,MODEL calm
3905,0.7390524967989757,0.7082397583259652,0.41530612600062866,0.0772440031459124,2.4074074074074074,0.7076923076923077,0.22330097087378642,0.36304043199249253,0.45373809660805925,0.19889376080402565,0.5023828121844212,0.6047006699107778,B,STX,Crypto model C
3905,0.7167733674775928,0.6945623342175067,0.38049921082809485,0.16948479129961055,1.7037037037037037,0.717391304347826,0.21428571428571427,0.3520469703366862,0.466711161535132,0.4510984897378531,0.7112107491319152,0.6047006699107778,B,STX,EMA cross (calm-tuned)
3905,0.7126760563380282,0.7265988800471559,0.42849522595302686,0.101759087319188,3.0,0.6666666666666666,0.1346153846153846,0.3036915103525762,0.3487514706306681,0.2627338530844428,0.5917376326008902,0.6047006699107778,B,STX,SuperTrend (calm-tuned)
3905,0.7316261203585147,0.7060978485116416,0.4064154660115168,0.1337886648137558,1.5185185185185186,0.8292682926829268,0.3508771929824561,0.4428376854374297,0.45373809660805925,0.35529852298795633,0.6220732433514821,0.6047006699107778,B,STX,Online directional-change (calm-tuned)
3948,0.7434143870314083,0.6692955651159985,0.38786508121757446,-0.005635269365016793,1.7586206896551724,0.7647058823529411,0.228310502283105,0.4239995714551768,0.4668819109616254,-0.02135915684452663,0.14336561247392796,0.2425454121547496,B,MCHP,MODEL calm
3948,0.7375886524822695,0.6909814643560773,0.3959321339333395,-0.04798601869249904,2.0344827586206895,0.7457627118644068,0.203125,0.4066470754068985,0.4792157512727974,-0.11750127076382043,0.08489374820048416,0.2425454121547496,B,MCHP,Crypto model C
3948,0.6846504559270516,0.6440372321177275,0.28989488496301746,-0.0900773825946721,1.9655172413793103,0.7192982456140351,0.38028169014084506,0.44867081088239524,0.5021020797851709,-0.21133402065447685,0.02270389369229019,0.2425454121547496,B,MCHP,EMA cross (calm-tuned)
3948,0.6628672745694022,0.6699670298741506,0.32206695000696156,-0.15244172997750993,3.0,0.6666666666666666,0.1509433962264151,0.38531351755279875,0.4331224945657018,-0.35612177172357296,-0.09249890931816841,0.2425454121547496,B,MCHP,SuperTrend (calm-tuned)
3948,0.7282168186423505,0.6911282216235777,0.3860609695238043,-0.09212509320524476,1.6896551724137931,0.7959183673469388,0.25806451612903225,0.49191718486087493,0.55512910333293,-0.21454782466098488,0.019104242083861682,0.2425454121547496,B,MCHP,Online directional-change (calm-tuned)
3903,0.8006661542403279,0.7146119911606637,0.4566718669809949,0.06455192496082326,2.1538461538461537,0.7321428571428571,0.23961180973209406,0.41073264882221705,0.4657350560877188,0.13912196551265427,0.358752530685476,0.44073804336830386,B,ELV,MODEL calm
3903,0.7914424801434794,0.7469004061924416,0.47828719189599,0.10278162548489048,1.8461538461538463,0.7708333333333334,0.2434167215273206,0.46905129565836134,0.46854186927746244,0.2306658824143101,0.4484587250662697,0.44073804336830386,B,ELV,Crypto model C
3903,0.7081732001024853,0.6740377204978976,0.3213228597868621,-0.03718068428110169,2.4615384615384617,0.6875,0.36492366956769867,0.5058266113090335,0.4821966672334332,-0.10141626647301599,0.2468247938661439,0.44073804336830386,B,ELV,EMA cross (calm-tuned)
3903,0.7038175762234179,0.7274478358549155,0.4022130793314124,-0.184150812379669,3.1538461538461537,0.6463414634146342,0.18928571428571428,0.37744454059562954,0.4033742073258074,-0.45042535195754774,-0.007374804311852423,0.44073804336830386,B,ELV,SuperTrend (calm-tuned)
3903,0.7542915705867281,0.7080882788847391,0.39719071713329135,0.08239380580423897,1.5384615384615385,0.825,0.2695578231292517,0.47673821588574494,0.4704910298637547,0.1845191822853008,0.42377488083213927,0.44073804336830386,B,ELV,Online directional-change (calm-tuned)
1810,0.7044198895027625,0.687246963562753,0.40862711095644993,-0.17965475823592192,3.1666666666666665,0.631578947368421,0.17478510028653296,0.3095690116335301,0.3355089546875161,-0.4285164237569529,-0.19300746525376192,0.14111808578585736,B,UBER,MODEL calm
1810,0.7259668508287292,0.7226203493011023,0.4462639306829387,-0.05132645686525708,2.1666666666666665,0.6923076923076923,0.1791044776119403,0.5039131650141497,0.4455409165124069,-0.12665328381144314,0.011526984251306927,0.14111808578585736,B,UBER,Crypto model C
1810,0.7209944751381215,0.7183722923254233,0.4369746641712488,-0.10859112317788967,2.1666666666666665,0.7307692307692307,0.26804123711340205,0.5649225753101395,0.5531927598869513,-0.25983747567901977,-0.0944722553342559,0.14111808578585736,B,UBER,EMA cross (calm-tuned)
1810,0.6961325966850829,0.6945770166573086,0.38845632091732585,-0.051902556222442206,2.75,0.6363636363636364,0.166189111747851,0.29702764909037155,0.3692630686033077,-0.12993665971891602,0.008779023173623522,0.14111808578585736,B,UBER,SuperTrend (calm-tuned)
1810,0.674585635359116,0.656342041234473,0.3442495288714915,-0.14094338187129296,1.75,0.6666666666666666,0.1791044776119403,0.42683526150624523,0.36086624099806924,-0.3337592854635394,-0.117114502551689,0.14111808578585736,B,UBER,Online directional-change (calm-tuned)
3915,0.7588761174968072,0.7016665290419224,0.4373907318382198,0.13652783354185632,1.8666666666666667,0.7678571428571429,0.29395604395604397,0.3778352091547729,0.4034973266078363,0.3707395782706953,0.48590115992099653,0.37935868834070846,B,CMG,MODEL calm
3915,0.7471264367816092,0.7157176277525918,0.43370269377687626,0.13030195990506108,1.7,0.803921568627451,0.3203296703296703,0.420757739821505,0.4504488067024323,0.35427131831104247,0.5004369628513273,0.37935868834070846,B,CMG,Crypto model C
3915,0.7197956577266922,0.7004780618404189,0.39222388222082444,0.06796682311070017,1.4333333333333333,0.7906976744186046,0.421455223880597,0.41307227324677787,0.4502802667613981,0.18169071422380756,0.40711791151499926,0.37935868834070846,B,CMG,EMA cross (calm-tuned)
3915,0.7136653895274585,0.7195147622891143,0.4182026994533302,0.0471528154431421,2.7,0.691358024691358,0.1552812858783008,0.3503225111115116,0.34386476145747413,0.11650674744843362,0.3759142968808916,0.37935868834070846,B,CMG,SuperTrend (calm-tuned)
3915,0.7422733077905491,0.6991078718252297,0.41108728054836197,0.08709649068239819,1.4333333333333333,0.8604651162790697,0.35366300366300363,0.46512712521756816,0.4713934320666253,0.2350932861500522,0.4026802402182081,0.37935868834070846,B,CMG,Online directional-change (calm-tuned)
3933,0.7617594711416221,0.6198589044636155,0.28933513124565857,-0.0086537573954279,1.8571428571428572,0.7307692307692307,0.27254641909814326,0.5162908791155674,0.4673984500223417,-0.03472822231851179,0.14627753729973536,0.2687474664395594,B,IYM,MODEL calm
3933,0.7767607424357996,0.6999058542648633,0.4039148444764042,-0.03245989319778906,2.0,0.75,0.2634623055444755,0.4767614837122873,0.5242104671696639,-0.08937169505603189,0.1178518931016257,0.2687474664395594,B,IYM,Crypto model C
3933,0.7022629036359014,0.6559968166845113,0.28870552454389253,-0.14811134084975613,2.642857142857143,0.6351351351351351,0.28217200251098556,0.42150722770725846,0.5358023924710268,-0.3545987208062906,-0.06502453048581137,0.2687474664395594,B,IYM,EMA cross (calm-tuned)
3933,0.668700737350623,0.6793086544338744,0.3147408650840075,-0.1176690331579423,3.5,0.6428571428571429,0.11931818181818182,0.3638935303579676,0.46748979993041817,-0.29326393925012734,-0.019477816457243387,0.2687474664395594,B,IYM,SuperTrend (calm-tuned)
3933,0.7520976353928299,0.6840559377448507,0.3600320538637825,0.006240999216342185,1.2857142857142858,0.7777777777777778,0.25325945241199477,0.4943589732339968,0.4770549556181902,0.003441948771415353,0.18066321578675956,0.2687474664395594,B,IYM,Online directional-change (calm-tuned)
3944,0.7857505070993914,0.6216646633262654,0.2909924000770428,0.060434205421950285,2.130434782608696,0.6938775510204082,0.225,0.3725006049481526,0.4460366035365673,0.10121285062245987,0.2899999201214742,0.34966904983885166,B,AFL,MODEL calm
3944,0.7502535496957403,0.6819074351690535,0.33686563082484694,-0.06970741334422093,2.130434782608696,0.7142857142857143,0.24242424242424243,0.5375707235157468,0.5227400692979327,-0.14343070927928628,0.14533009359774227,0.34966904983885166,B,AFL,Crypto model C
3944,0.702079107505071,0.6506283135775458,0.26651576692230555,-0.07297891416545753,2.391304347826087,0.6909090909090909,0.275,0.5204050137434546,0.5637239929533915,-0.15109251363667112,0.15757187726637178,0.34966904983885166,B,AFL,EMA cross (calm-tuned)
3944,0.7003042596348884,0.734550643995156,0.3922942269765105,-0.18026908486643364,3.347826086956522,0.6493506493506493,0.1,0.35091925441621336,0.3844044821888209,-0.35842426256115756,-0.0071172183056898135,0.34966904983885166,B,AFL,SuperTrend (calm-tuned)
3944,0.6650608519269777,0.552225283506431,0.09744639883681953,-0.06002432652343543,1.0869565217391304,0.84,0.3125,0.4585282584501476,0.6947386903577434,-0.11916218983751689,0.16267622696388112,0.34966904983885166,B,AFL,Online directional-change (calm-tuned)
3890,0.7326478149100257,0.682060208045296,0.38338506118664206,-0.11893185300724009,3.272727272727273,0.6527777777777778,0.13876381498158002,0.3804433291937547,0.38583942324747167,-0.25340366276545556,-0.0137906272316518,0.23141208713438877,B,RL,MODEL calm
3890,0.7277634961439589,0.7220565517338675,0.4279210249042737,-0.2094230364561,3.0,0.6666666666666666,0.13504812902403263,0.3913760489219484,0.41773379025079826,-0.4355103605322229,-0.13903883505503326,0.23141208713438877,B,RL,Crypto model C
3890,0.7095115681233933,0.7018530797663722,0.38895083662083724,-0.008506123112809336,2.3636363636363638,0.6730769230769231,0.21295324427480916,0.4097852753288831,0.44035218695450273,-0.02651191802294498,0.15276654334152615,0.23141208713438877,B,RL,EMA cross (calm-tuned)
3890,0.6673521850899743,0.6743804844671426,0.3314775938194848,-0.17947822551690112,3.727272727272727,0.6341463414634146,0.12323308983967365,0.3274621724985443,0.32949850368335265,-0.37777006785878786,-0.10622704680907828,0.23141208713438877,B,RL,SuperTrend (calm-tuned)
3890,0.7380462724935732,0.7140858516031339,0.4238751020586584,-0.15649431696486948,2.090909090909091,0.7391304347826086,0.17594040283270485,0.4545704976903322,0.44516607962553945,-0.3248058452018921,-0.061676706244747914,0.23141208713438877,B,RL,Online directional-change (calm-tuned)
1579,0.7542748575047499,0.7498795176851973,0.5174467794779294,0.02191606807292204,3.0,0.6333333333333333,0.133873259448707,0.361008377300018,0.45902848336650914,0.041467355555512585,-0.26036766406589107,-0.4244190806200756,B,JOY-201704,MODEL calm
1579,0.7390753641545282,0.7371324887790804,0.4776882168817673,0.08250957182041366,2.0,0.7,0.2544347826086957,0.45714621639054964,0.4830333688012953,0.19059369152908817,-0.16574847724771405,-0.4244190806200756,B,JOY-201704,Crypto model C
1579,0.7447751741608613,0.7458385408467176,0.4917734711498084,0.12176513981693696,1.6,0.75,0.24005483549351944,0.3579743231334054,0.44998389398103744,0.28632599192254704,-0.10980621317926038,-0.4244190806200756,B,JOY-201704,EMA cross (calm-tuned)
1579,0.7580747308423053,0.7589036430639134,0.5176617787026426,0.02652981337874594,2.8,0.6071428571428571,0.1211764705882353,0.28707348144986117,0.32765840313989714,0.053286737476047105,-0.27199983604397243,-0.4244190806200756,B,JOY-201704,SuperTrend (calm-tuned)
1579,0.6478784040531982,0.6471442478530052,0.29448441137859016,-0.08213505724583345,1.6,0.75,0.4449275362318841,0.6268259989601968,0.5644959635995136,-0.20302049661946475,-0.4425725537708392,-0.4244190806200756,B,JOY-201704,Online directional-change (calm-tuned)
3615,0.7723374827109267,0.7422924236692992,0.5186033511709285,-0.0816575388587758,2.6,0.6923076923076923,0.1745070593962999,0.3116317080414037,0.40705412431676646,-0.16927415105417543,-0.17166645172523462,-0.0838036174180425,B,JWN,MODEL calm
3615,0.8152143845089903,0.8035905327388116,0.6128753961769908,-0.053185090609440204,1.9,0.7368421052631579,0.17395484949832773,0.381579890338115,0.4845055769779933,-0.11084148380286149,-0.14919019804059935,-0.0838036174180425,B,JWN,Crypto model C
3615,0.7579529737206085,0.7556271325026841,0.505180062945119,-0.20637265797981913,3.0,0.6166666666666667,0.2823108993448481,0.47214441749365144,0.47022590783833246,-0.41730659631399164,-0.4143606756275337,-0.0838036174180425,B,JWN,EMA cross (calm-tuned)
3615,0.7123098201936376,0.7161273560214425,0.42426470998491206,-0.13206713515523227,3.4,0.6470588235294118,0.15077163169758973,0.2911891295255525,0.3366987665073676,-0.271393385138722,-0.27301315997398296,-0.0838036174180425,B,JWN,SuperTrend (calm-tuned)
3615,0.8179806362378976,0.7959412241186292,0.6172089210480449,-0.12480057270598911,2.0,0.75,0.18373071528751753,0.36565043989149437,0.42918304504594307,-0.2528499865458858,-0.23988499933284557,-0.0838036174180425,B,JWN,Online directional-change (calm-tuned)
1874,0.8180362860192102,0.6293462258662521,0.3135509880927061,0.269664206105845,1.75,0.7142857142857143,0.0892280361757106,0.3322885596983814,0.4175595289881006,0.5349412339963473,0.6699163748969493,0.6655448235442157,B,TWX-201806,MODEL calm
1874,0.8175026680896478,0.6991748554453742,0.3992274372324721,0.14843780244847044,2.0,0.75,0.07323491412068703,0.3856513048215323,0.5204312803448377,0.2894466579896122,0.5586216703524506,0.6655448235442157,B,TWX-201806,Crypto model C
1874,0.7582710779082177,0.632039964607266,0.25054720072250375,0.12762903226791514,2.5,0.7,0.09140187849720224,0.31293141588267126,0.4442540049850094,0.24503541716835026,0.555196711698147,0.6655448235442157,B,TWX-201806,EMA cross (calm-tuned)
1874,0.6579509071504802,0.6634968470162167,0.2597245533726393,-0.2256826877501343,5.25,0.5952380952380952,0.07858713029576339,0.293570946430158,0.4843609274345738,-0.47999674203697024,0.12277801065938364,0.6655448235442157,B,TWX-201806,SuperTrend (calm-tuned)
1874,0.775880469583778,0.6713750975077304,0.31987281370998394,0.10360270635731128,0.875,1.0,0.1714616402116402,0.6186009865685391,0.7185205458703295,0.2044160973078017,0.5167922224932663,0.6655448235442157,B,TWX-201806,Online directional-change (calm-tuned)
3236,0.6650185414091471,0.621914583095597,0.2673304262069826,-0.07201228555686065,2.5833333333333335,0.6451612903225806,0.24032619123760793,0.44013171105498683,0.42068363238392353,-0.19037102138453943,0.12253541436963435,0.38867503595350694,B,VEEV,MODEL calm
3236,0.6640914709517923,0.6606096459881122,0.315369449507031,0.017394472672184816,1.7916666666666667,0.7441860465116279,0.24980430077819218,0.5178498547854566,0.45668562114847616,0.03475982933188998,0.3061228647572831,0.38867503595350694,B,VEEV,Crypto model C
3236,0.6226823238566132,0.6037271047421137,0.20777704312689557,-0.05040305805612022,2.0416666666666665,0.6938775510204082,0.37666666666666665,0.4881169440463393,0.4221617794983701,-0.13430944009718598,0.1752571099513923,0.38867503595350694,B,VEEV,EMA cross (calm-tuned)
3236,0.6535846724351051,0.6558485134223417,0.30476345263899657,-0.0526943975080477,2.6666666666666665,0.6875,0.2164528385000826,0.35366593429499604,0.35560343755209756,-0.1428998628592978,0.18063154366349507,0.38867503595350694,B,VEEV,SuperTrend (calm-tuned)
3236,0.5744746600741656,0.5423581039553316,0.08726546823368303,-0.13681824875554374,1.6666666666666667,0.725,0.21422266357718195,0.5460952633070812,0.5120563555224754,-0.34665736419212223,0.02610382307111123,0.38867503595350694,B,VEEV,Online directional-change (calm-tuned)
3947,0.8244236128705346,0.6854369767404633,0.4084619657769555,0.06691833585056939,1.7586206896551724,0.7647058823529411,0.18181818181818182,0.4861898548834154,0.46695241098270945,0.1486704716369058,0.513654132425386,0.7061802403961079,B,CDNS,MODEL calm
3947,0.7795794274132253,0.6956858601866526,0.36559984408761953,0.021093349857091725,1.6896551724137931,0.7959183673469388,0.22950819672131148,0.49444137235872104,0.5561853878774732,0.0402455259623128,0.4806307007456942,0.7061802403961079,B,CDNS,Crypto model C
3947,0.7608310108943501,0.6499143575213306,0.2875671509734475,0.018997008107549535,1.6896551724137931,0.7755102040816326,0.26666666666666666,0.5530018958645673,0.5930442782230481,0.03526071705625676,0.4791704239143819,0.7061802403961079,B,CDNS,EMA cross (calm-tuned)
3947,0.7088928299974664,0.7086833069202325,0.34532125751823656,-0.06065063337004274,2.6551724137931036,0.6883116883116883,0.15702479338842976,0.3896245120894649,0.47530732863660885,-0.1595195039183693,0.39051494462704284,0.7061802403961079,B,CDNS,SuperTrend (calm-tuned)
3947,0.7588041550544717,0.6505378667819238,0.2869477570128989,-0.023028294975985453,1.3448275862068966,0.8461538461538461,0.26811594202898553,0.5014582704153107,0.5587864705071479,-0.0625145002600025,0.4024530936085877,0.7061802403961079,B,CDNS,Online directional-change (calm-tuned)
2231,0.7947108919766921,0.7322957873551252,0.4795291651876165,-0.010899448622669809,1.8461538461538463,0.7916666666666666,0.27734375,0.4255146683347292,0.45189129657191546,-0.02857548731109812,0.08854925201417506,0.18127000623601525,B,CELG,MODEL calm
2231,0.785298072613178,0.7806108285496168,0.5241324677484277,-0.11531649593321838,1.6923076923076923,0.8181818181818182,0.30434782608695654,0.5331623364145398,0.4968909068186169,-0.23290477590779876,-0.03170436165491851,0.18127000623601525,B,CELG,Crypto model C
2231,0.7355445988346033,0.7257284633611929,0.41886318744445156,-0.05717785219628626,2.0,0.7692307692307693,0.34375,0.4222201560279645,0.46760141090982094,-0.12001725089346196,0.037450161604416825,0.18127000623601525,B,CELG,EMA cross (calm-tuned)
2231,0.7068579112505603,0.7476180561752079,0.4460483080272065,-0.12928343342367027,3.3076923076923075,0.6511627906976745,0.08974358974358974,0.2868220193197695,0.3263026694114092,-0.2666380078288283,-0.05504989850936781,0.18127000623601525,B,CELG,SuperTrend (calm-tuned)
2231,0.6920663379650381,0.6877333610937608,0.34386758446148097,-0.07120923362312433,1.0,1.0,0.29595015576323985,0.5809574375756911,0.6168180969122393,-0.14365971691287954,0.02320112854640011,0.18127000623601525,B,CELG,Online directional-change (calm-tuned)
2649,0.6610041525103812,0.6217939254619524,0.28081684993380635,-0.23449747460268894,2.4,0.6666666666666666,0.16660736523750222,0.4390920287381508,0.4544343749436542,-0.5111832486908157,-0.18471136117635853,0.18407964652242773,B,ALXN,MODEL calm
2649,0.6862967157417894,0.6700216872467039,0.34680633829332885,-0.2546859975807751,2.1,0.7380952380952381,0.20404735242361222,0.48300319674990866,0.5196774047805666,-0.5530329117371405,-0.2281533399203441,0.18407964652242773,B,ALXN,Crypto model C
2649,0.72480181200453,0.7171114836959005,0.43427843258054466,-0.20123745605480364,2.1,0.7142857142857143,0.34481620074840413,0.5088588105405029,0.49687624945275577,-0.4389095110352444,-0.1600839942362626,0.18407964652242773,B,ALXN,EMA cross (calm-tuned)
2649,0.6708191770479426,0.6689592933542825,0.3343537063419299,-0.20836603189267114,2.7,0.6851851851851852,0.1733168147641832,0.45976629517486634,0.42365957934563303,-0.4567317004437305,-0.1753809408529244,0.18407964652242773,B,ALXN,SuperTrend (calm-tuned)
2649,0.6610041525103812,0.6499530754062404,0.30096465398448,-0.19726981885984515,1.2,0.875,0.38190017104649354,0.6546207352588651,0.6306770088738634,-0.42639109507182676,-0.1500131627271882,0.18407964652242773,B,ALXN,Online directional-change (calm-tuned)
2199,0.8062755798090041,0.7098291647337096,0.475167372251493,-0.0170710747412863,1.9333333333333333,0.7586206896551724,0.24537037037037038,0.3621321539915974,0.5068795650557437,-0.0353624553861593,-0.0007278704153829131,0.03396777243062259,B,AABA,MODEL calm
2199,0.8326512050932242,0.7880156314684719,0.5778390224903216,0.002878868568415249,1.5333333333333334,0.8260869565217391,0.1875,0.3956856183247792,0.5129520794445536,-0.00012524665093358397,0.017929878020789825,0.03396777243062259,B,AABA,Crypto model C
2199,0.7412460209185994,0.7085258489235422,0.3944769437568786,-0.05445813147581235,1.6666666666666667,0.72,0.2289156626506024,0.3008494028683686,0.5656660725611702,-0.09806422631755152,-0.03455948986885472,0.03396777243062259,B,AABA,EMA cross (calm-tuned)
2199,0.7771714415643475,0.7850074995267289,0.5214911105972432,-0.038470594963988414,2.3333333333333335,0.7142857142857143,0.125,0.33222497405017376,0.4328492931217253,-0.07305834383459703,-0.021210821224008,0.03396777243062259,B,AABA,SuperTrend (calm-tuned)
2199,0.7612551159618008,0.6783160702063878,0.37448365251211435,-0.09591227657427136,1.2,0.8888888888888888,0.2949640287769784,0.5165572536171504,0.5604857966478927,-0.1670358430062764,-0.07030668602919865,0.03396777243062259,B,AABA,Online directional-change (calm-tuned)
1214,0.8822075782537068,0.5014472660050594,0.002739808397916955,0.13774778533633794,1.6666666666666667,0.8,0.47287006187529745,0.5380143790734724,0.5853940628201715,0.29462192955575406,0.751650143605151,1.0948634112704188,B,CMCSK-201512,MODEL calm
1214,0.8261943986820428,0.4977014010507881,-0.0032359751643784357,-0.17068559962637192,3.0,0.6666666666666666,0.4518727345952477,0.5225314779860716,0.6800495595650253,-0.39575467722208996,0.40270275771921044,1.0948634112704188,B,CMCSK-201512,Crypto model C
1214,0.8517298187808896,0.4787410001945904,-0.03416189544181685,0.05692078913840068,2.0,0.6666666666666666,0.4718327244001185,0.5215908979205388,0.7728473829971074,0.11376421555203911,0.691253190946753,1.0948634112704188,B,CMCSK-201512,EMA cross (calm-tuned)
1214,0.6911037891268533,0.5950695660634364,0.0973460633935499,-0.044344683975588266,3.6666666666666665,0.6363636363636364,0.1860485470883417,0.39385172286965037,0.6777745949771188,-0.1203394891027262,0.6376703893000262,1.0948634112704188,B,CMCSK-201512,SuperTrend (calm-tuned)
1214,0.872322899505766,0.48318009340338586,-0.03048467792907028,0.23276149731215637,0.6666666666666666,1.0,0.48977979658339094,0.5391900983130103,0.7584419679289921,0.5109758833512144,0.8817789506495727,1.0948634112704188,B,CMCSK-201512,Online directional-change (calm-tuned)
3922,0.658847526772055,0.6239254993390856,0.2860605904327934,0.010049926820416874,1.8888888888888888,0.7647058823529411,0.27476092896174864,0.49505514794499234,0.47714460604406095,0.013871202174152358,0.22748068740054136,0.3560419534900336,B,NUE,MODEL calm
3922,0.6562978072412035,0.6402415160512525,0.2874546144005374,-0.05263694405593733,1.7777777777777777,0.78125,0.375139353400223,0.5221489387383412,0.559019878386223,-0.1548664009544791,0.1355654605817949,0.3560419534900336,B,NUE,Crypto model C
3922,0.6216216216216216,0.6136263940643909,0.22715033263596168,-0.042749439501471906,1.7777777777777777,0.703125,0.37948859964922,0.5252099595576337,0.5210231942415111,-0.12812346896993734,0.15999487606730708,0.3560419534900336,B,NUE,EMA cross (calm-tuned)
3922,0.6708312085670576,0.6653872161223255,0.32973723647100556,-0.12237345750036285,2.388888888888889,0.7093023255813954,0.2391304347826087,0.43532962100711664,0.43889589989655536,-0.34778526014740396,0.0057605993283554565,0.3560419534900336,B,NUE,SuperTrend (calm-tuned)
3922,0.6680265170831209,0.6580762409580934,0.318118116134966,-0.06552541734350661,1.3611111111111112,0.8367346938775511,0.4601449275362319,0.6067743194064121,0.5537004205623628,-0.18677516698290567,0.1153584297147606,0.3560419534900336,B,NUE,Online directional-change (calm-tuned)
1884,0.7770700636942676,0.7499937584632267,0.5199459976255596,0.1581269043094754,2.0,0.75,0.227248322147651,0.4038537214075522,0.39988312091778494,0.2990847071208039,0.21509426360336198,0.07974966775877708,B,DDR,MODEL calm
1884,0.7717622080679406,0.7592193442463137,0.5184386884926273,-0.1602619563244497,1.6666666666666667,0.8,0.205814401232191,0.4486438001968781,0.5070474436540162,-0.31945179130746487,-0.2619841100909377,0.07974966775877708,B,DDR,Crypto model C
1884,0.7823779193205945,0.7908669078475734,0.5673470558878886,-0.07188554829531142,1.6666666666666667,0.7,0.16279408339156765,0.3374246150556818,0.4881824839555129,-0.14733298405284384,-0.08530659935412709,0.07974966775877708,B,DDR,EMA cross (calm-tuned)
1884,0.7208067940552016,0.7333246942538629,0.45433467707507746,-0.06415846590056618,2.5,0.7,0.12789115646258503,0.3274723064651353,0.4057077540770347,-0.13601868493485222,-0.07262280616019773,0.07974966775877708,B,DDR,SuperTrend (calm-tuned)
1884,0.6146496815286624,0.5812035822854487,0.16751313016125613,-0.22070592056599886,0.8333333333333334,1.0,0.5684057971014493,0.6826591639953976,0.766098972644183,-0.4335865702799137,-0.3654021372596224,0.07974966775877708,B,DDR,Online directional-change (calm-tuned)
3914,0.8180889115993868,0.6263676707280338,0.3175994577712589,0.13656217819998098,1.3793103448275863,0.8,0.15966386554621848,0.4442422895686391,0.4772774806720749,0.32730550037422906,0.6750238366079943,0.7523721485634921,B,XLK,MODEL calm
3914,0.7973939703628002,0.68740686310962,0.3653568018758126,0.07978543052603802,1.896551724137931,0.7636363636363637,0.17391304347826086,0.4469408685508397,0.5418081325194694,0.18211097973732163,0.6401870917923302,0.7523721485634921,B,XLK,Crypto model C
3914,0.78308635666837,0.6370706145154696,0.2822918631682845,0.08307521654593739,1.3103448275862069,0.7631578947368421,0.25,0.401425096916542,0.5234730486770973,0.1952008945153274,0.6248634512539536,0.7523721485634921,B,XLK,EMA cross (calm-tuned)
3914,0.6928972917731221,0.7016220680916532,0.3258607620117566,0.0174134706481356,3.0689655172413794,0.651685393258427,0.14285714285714285,0.3561282423512189,0.4565466460758249,0.017477721423028822,0.6703361572435917,0.7523721485634921,B,XLK,SuperTrend (calm-tuned)
3914,0.757026060296372,0.6204306469156591,0.23565495764527356,0.09438940092967726,1.4137931034482758,0.8292682926829268,0.23809523809523808,0.4519619672421329,0.541080070522318,0.222295743978623,0.6434502743527525,0.7523721485634921,B,XLK,Online directional-change (calm-tuned)
1127,0.7604259094942325,0.6916008344447865,0.45844719398648237,-0.20463639380774373,2.0,0.7142857142857143,0.23668639053254437,0.4658850570577694,0.35602316440130133,-0.42616824860587343,-0.029981623456812007,0.38140304556532545,B,FDO-201507,MODEL calm
1127,0.769299023957409,0.7288806812352518,0.48309867776445636,-0.38505724417518467,1.7142857142857142,0.75,0.23076923076923078,0.48321807515625836,0.6062565892273627,-0.7904904107165769,-0.3113661589231343,0.38140304556532545,B,FDO-201507,Crypto model C
1127,0.7045252883762201,0.6539345439622448,0.3301460412764774,-0.2625312310968053,2.5714285714285716,0.6666666666666666,0.2857142857142857,0.44831881558009196,0.5167926290988603,-0.5468350994556492,-0.10847476049157224,0.38140304556532545,B,FDO-201507,EMA cross (calm-tuned)
1127,0.6956521739130435,0.7071765671488663,0.39786250391056427,-0.3177780950816938,3.2857142857142856,0.6521739130434783,0.09523809523809523,0.3466310428768887,0.26202493997145054,-0.6630845655874006,-0.2227150150790465,0.38140304556532545,B,FDO-201507,SuperTrend (calm-tuned)
1127,0.7426796805678794,0.7043107280872747,0.4254067272821936,-0.26317571780559673,1.1428571428571428,0.875,0.3532934131736527,0.6036709916946174,0.6580007924592863,-0.5397889322637767,-0.10907627152801443,0.38140304556532545,B,FDO-201507,Online directional-change (calm-tuned)
3937,0.7368554737109474,0.6753930909210413,0.36772147519033743,-0.02326715765283945,2.176470588235294,0.7027027027027027,0.1715895569398754,0.38855773066050514,0.45368930754940284,-0.07566546444153273,0.13030778887923494,0.28222665361504373,B,FDS,MODEL calm
3937,0.7114554229108458,0.700249761740445,0.3805933876601727,-0.096060259033519,1.8823529411764706,0.75,0.1942115328037658,0.47471477467384304,0.5177310643141767,-0.25451035531301314,0.01938833128779445,0.28222665361504373,B,FDS,Crypto model C
3937,0.6583693167386335,0.6432422420000059,0.27107833092155253,-0.08632097227968764,1.6470588235294117,0.75,0.26612000688705234,0.4785545323486433,0.5257616993065428,-0.22834419911138304,0.03936743679071556,0.28222665361504373,B,FDS,EMA cross (calm-tuned)
3937,0.6576073152146305,0.6689484313707916,0.3146728471772365,-0.22044280620200823,2.4705882352941178,0.6785714285714286,0.1946969696969697,0.38439466151479507,0.45627192813539,-0.5691848151323681,-0.225437935093192,0.28222665361504373,B,FDS,SuperTrend (calm-tuned)
3937,0.7119634239268479,0.6819547142528509,0.35419305234611553,-0.030912397572904655,1.3529411764705883,0.8260869565217391,0.25089126559714797,0.5279212922759071,0.529318795511653,-0.08797830853217224,0.1328538801193251,0.28222665361504373,B,FDS,Online directional-change (calm-tuned)
3891,0.7147262914417888,0.6912106543413525,0.4085449649960309,0.0706606073875267,2.3076923076923075,0.7166666666666667,0.34992147624656456,0.36044281143343015,0.3976541287228429,0.15571929222842756,0.17527701846685484,0.10792934483878944,B,TEX,MODEL calm
3891,0.7262914417887433,0.7141273153835147,0.4352150427723445,-0.022401175392403935,2.230769230769231,0.7241379310344828,0.2697606961566352,0.39003875775559527,0.44512095134457963,-0.05974790194082614,0.0340139584378028,0.10792934483878944,B,TEX,Crypto model C
3891,0.6913389874068363,0.6884729605321771,0.3745635505843405,0.02294781731635553,1.9230769230769231,0.72,0.33738371673757844,0.3924190660393725,0.4918348656259434,0.046465997080848045,0.12039182006680328,0.10792934483878944,B,TEX,EMA cross (calm-tuned)
3891,0.7052171678231817,0.7046514202098795,0.40583090509574093,-0.06424089889049116,3.0,0.6666666666666666,0.16606714628297362,0.3564716581925177,0.39528330014428426,-0.15942586661440408,-0.03899038338110565,0.10792934483878944,B,TEX,SuperTrend (calm-tuned)
3891,0.6455923927011051,0.6339690823238473,0.27041973943038433,-0.11947264001601066,1.9230769230769231,0.74,0.4153397027600849,0.4299306595996797,0.48722115245385955,-0.28374277532654896,-0.12691294877436432,0.10792934483878944,B,TEX,Online directional-change (calm-tuned)
3907,0.6744305093422063,0.6993757811486122,0.4052078454225867,-0.08757406497631785,3.074074074074074,0.6626506024096386,0.125,0.3885215059219592,0.4077638625813637,-0.22135315406226483,-0.28330626560387917,-0.21118026635615056,B,CLF,MODEL calm
3907,0.685948297926798,0.6924138993161701,0.3796953103629946,-0.1217910689702802,2.7037037037037037,0.684931506849315,0.20454545454545456,0.44984068213532075,0.44105999206175844,-0.3037748574986225,-0.3707847695351431,-0.21118026635615056,B,CLF,Crypto model C
3907,0.7238290248272332,0.7173138611371531,0.4337323560954905,0.10505827671933254,1.7407407407407407,0.7446808510638298,0.23529411764705882,0.44049913913686306,0.4453048048213215,0.2513728543088089,0.03242884539210626,-0.21118026635615056,B,CLF,EMA cross (calm-tuned)
3907,0.6600972613258255,0.6604758591759686,0.3169932800748953,-0.012325315182288306,2.925925925925926,0.6708860759493671,0.1270718232044199,0.32818322889131507,0.3103859993732087,-0.03768380184212079,-0.1855737590451692,-0.21118026635615056,B,CLF,SuperTrend (calm-tuned)
3907,0.6723829024827234,0.6799810828086186,0.35532107316481226,-0.08569814763973757,2.037037037037037,0.7454545454545455,0.22127659574468084,0.48082618188948373,0.49027222458429986,-0.21409052715025423,-0.31127095867898547,-0.21118026635615056,B,CLF,Online directional-change (calm-tuned)
2777,0.674468851278358,0.6814630130419604,0.36834246522315156,-0.14385408392913776,2.8181818181818183,0.6612903225806451,0.20512820512820512,0.42202861068687064,0.44884479897219787,-0.35121255731440965,-0.3094865385431305,-0.06777754150304925,B,RRD,MODEL calm
2777,0.6827511703276917,0.6819150266518688,0.3634467708554015,-0.03746313352187114,2.5,0.6909090909090909,0.18032786885245902,0.431450871328775,0.43739508634277124,-0.09731188280156354,-0.12769262922506341,-0.06777754150304925,B,RRD,Crypto model C
2777,0.6661865322290241,0.6621569516306358,0.3268675382499756,0.10071013475776104,1.5909090909090908,0.7714285714285715,0.19230769230769232,0.42202861068687064,0.47311784801872125,0.2340359561479532,0.1451341817614755,-0.06777754150304925,B,RRD,EMA cross (calm-tuned)
2777,0.6885127835794023,0.6891157206946681,0.3773837083718059,0.04695171630036074,2.6363636363636362,0.6724137931034483,0.16153846153846155,0.3489675144654615,0.4011568110619547,0.10280755320772082,0.025050241415729216,-0.06777754150304925,B,RRD,SuperTrend (calm-tuned)
2777,0.6643860280878646,0.6629059655375444,0.325780529028746,-0.07972545689150408,2.409090909090909,0.6981132075471698,0.2,0.438669716471439,0.436789617763276,-0.19746635978678012,-0.19074926544208926,-0.06777754150304925,B,RRD,Online directional-change (calm-tuned)
3943,0.7380167385239665,0.6508112469605551,0.32597091091264635,-0.08511711355114691,2.3703703703703702,0.703125,0.1686746987951807,0.38590485106915673,0.42328607110062555,-0.1990487971684114,0.06264719661189476,0.3003429153828581,B,ADSK,MODEL calm
3943,0.6878011666243977,0.6528362429807941,0.2904357947093523,-0.09275242529137728,2.037037037037037,0.7454545454545455,0.27906976744186046,0.3981416832658922,0.42894746285146285,-0.21427426658443935,0.06051855112942135,0.3003429153828581,B,ADSK,Crypto model C
3943,0.677402992645194,0.6429297595600101,0.27069728480754846,-0.24389411503451058,2.2962962962962963,0.6612903225806451,0.3197278911564626,0.6079621715051546,0.5600978640781995,-0.5488548454184635,-0.17187547963281852,0.3003429153828581,B,ADSK,EMA cross (calm-tuned)
3943,0.6449404007101192,0.6639132443323521,0.29795618426918813,-0.18453458019740962,3.1481481481481484,0.6470588235294118,0.15192743764172337,0.3379442621246123,0.3793855579668083,-0.42200554418536,-0.09327623775421372,0.3003429153828581,B,ADSK,SuperTrend (calm-tuned)
3943,0.6507735226984529,0.6120411959884009,0.2118351912088472,-0.09730976976496158,1.6666666666666667,0.7777777777777778,0.2874251497005988,0.4407819382046258,0.45287832068449274,-0.2225681350728527,0.05373347080818127,0.3003429153828581,B,ADSK,Online directional-change (calm-tuned)
3907,0.7013053493729204,0.7273151965271512,0.4580465210243454,0.051595105548684454,2.5,0.7,0.24861111111111112,0.35362313641858434,0.39513256503831085,0.10068835858889708,0.04236496851801721,-0.03239416520262414,B,PBI,MODEL calm
3907,0.7693882774507295,0.7703998493829245,0.5341716077322983,0.11023490734754042,1.9166666666666667,0.7608695652173914,0.28035714285714286,0.3910230804245724,0.43805891947942166,0.22505150012423797,0.13070338868145112,-0.03239416520262414,B,PBI,Crypto model C
3907,0.7568466854363962,0.7503971010541031,0.4994564240348188,0.16986556923817156,1.5833333333333333,0.7631578947368421,0.2960068846815835,0.3532641226266803,0.46269181893568967,0.35079123207912144,0.22968514440284263,-0.03239416520262414,B,PBI,EMA cross (calm-tuned)
3907,0.7320194522651651,0.731637457557796,0.4576774267564328,-0.021921384218658455,2.6666666666666665,0.6875,0.17297843665768192,0.36218960167646996,0.3910395580905415,-0.053560174736870164,-0.059404692756424675,-0.03239416520262414,B,PBI,SuperTrend (calm-tuned)
3907,0.7345789608395188,0.7288589674506978,0.4553572213174598,0.042207818595244494,2.0,0.75,0.20022796352583586,0.3682223410535389,0.40825777521999496,0.08249137473093367,0.034951376879419176,-0.03239416520262414,B,PBI,Online directional-change (calm-tuned)
3914,0.7266223811957078,0.654197170094299,0.3462367206722296,-0.026641110707668076,1.7142857142857142,0.7291666666666666,0.25977951635846375,0.4911581265607209,0.4334086237764946,-0.06273001919150499,0.12274346888017365,0.259237947119119,B,SYY,MODEL calm
3914,0.704905467552376,0.6671489215612756,0.3355222807285946,-0.10954349357082788,1.8571428571428572,0.7692307692307693,0.2867965367965368,0.4674137667807565,0.498841803215337,-0.22284302665268793,0.02460054212379972,0.259237947119119,B,SYY,Crypto model C
3914,0.671691364333163,0.6363110693462815,0.2702260506665243,-0.09942025836013163,1.9642857142857142,0.7272727272727273,0.34151876439506845,0.5279979981434156,0.5326789029888644,-0.20410677093908083,0.04220545348774405,0.259237947119119,B,SYY,EMA cross (calm-tuned)
3914,0.6870209504343383,0.6835498842353911,0.3501390607596349,-0.07666559627655041,2.5,0.6857142857142857,0.17347494553376908,0.39491991314482644,0.41772117405379755,-0.16405767670614277,0.07150494610829716,0.259237947119119,B,SYY,SuperTrend (calm-tuned)
3914,0.6034747061829331,0.5751796226167488,0.14556577155564807,-0.22365750529097173,1.6785714285714286,0.7872340425531915,0.4117581436858545,0.6491555930675694,0.5844114661351948,-0.44076041870265054,-0.13018692424475461,0.259237947119119,B,SYY,Online directional-change (calm-tuned)
3891,0.7828321768182986,0.7174179712045461,0.4749041118235825,0.14533336894498908,2.2857142857142856,0.7291666666666666,0.19285714285714287,0.3465062902859655,0.36258676727246875,0.3021006320882384,0.47438972250867273,0.46958458342259607,B,DHI,MODEL calm
3891,0.7961963505525572,0.7723242175049404,0.5380145161745848,0.14775562306024298,2.0476190476190474,0.7441860465116279,0.14018691588785046,0.28930770232123126,0.34652425287309735,0.3081573835603559,0.5118482811851868,0.46958458342259607,B,DHI,Crypto model C
3891,0.7509637625289128,0.715888497299857,0.43006640773002985,-0.008622765003282514,2.1904761904761907,0.7391304347826086,0.2523364485981308,0.41146771935585785,0.4186421272707472,-0.026730994383382858,0.2920653929146883,0.46958458342259607,B,DHI,EMA cross (calm-tuned)
3891,0.6836288871755333,0.6950864683222686,0.3650829559411599,0.022337216418591332,3.238095238095238,0.6470588235294118,0.12727272727272726,0.26601244287010767,0.3098479231652799,0.03548456525570292,0.37798769053914216,0.46958458342259607,B,DHI,SuperTrend (calm-tuned)
3891,0.7283474685170908,0.678208070376745,0.3639960375089694,0.00962931484512899,1.6666666666666667,0.8,0.2,0.38479137306184574,0.38775543994340234,0.014270598866179826,0.3101865633926936,0.46958458342259607,B,DHI,Online directional-change (calm-tuned)
3088,0.7616580310880829,0.7030172413793103,0.4183367182104996,0.04046409737551127,1.5757575757575757,0.7884615384615384,0.35294117647058826,0.4627770468166623,0.47319250245104244,0.11301930888983591,0.37979628322735765,0.46834081382315673,B,ARES,MODEL calm
3088,0.7376943005181347,0.7230723180076628,0.4226628347232515,0.11650900929516754,1.4242424242424243,0.8085106382978723,0.3181818181818182,0.4943305639278723,0.4410013643208009,0.349186859067968,0.5786777641837988,0.46834081382315673,B,ARES,Crypto model C
3088,0.645401554404145,0.5827306832694764,0.16404000610057878,-0.13144061518960354,1.303030303030303,0.813953488372093,0.5416666666666666,0.6137154503595205,0.58352320936142,-0.4160004855956715,0.03531793149497017,0.46834081382315673,B,ARES,EMA cross (calm-tuned)
3088,0.6738989637305699,0.6808508939974458,0.333673324760339,-0.0493061830416466,1.7575757575757576,0.7586206896551724,0.3181818181818182,0.46010221099977516,0.48120658104036634,-0.16565284355850424,0.23458589974179686,0.46834081382315673,B,ARES,SuperTrend (calm-tuned)
3088,0.7409326424870466,0.681441570881226,0.371159719409381,0.08075049185343812,1.3333333333333333,0.7727272727272727,0.25806451612903225,0.38213129463712975,0.43838384044836853,0.2392767126301746,0.4719269511645628,0.46834081382315673,B,ARES,Online directional-change (calm-tuned)
3728,0.8119635193133047,0.7065774092157383,0.47939962351390636,0.10799118658729388,2.5,0.7142857142857143,0.2709217450347988,0.31575363122149835,0.3554146260962575,0.13649785492727204,0.4439618790731904,0.29204006788540327,B,SNV,MODEL calm
3728,0.816255364806867,0.7374298079684668,0.5077449604634101,0.05773575436483626,2.0714285714285716,0.7586206896551724,0.28024026512013256,0.3447181334268144,0.3915386663658632,0.07190125296870721,0.3801101305900162,0.29204006788540327,B,SNV,Crypto model C
3728,0.7255901287553648,0.6939047878952607,0.3621437940479504,-0.09917636544167083,3.642857142857143,0.6078431372549019,0.26265786119800716,0.273377700675677,0.46335129663492186,-0.1340253392864499,0.20705363967506765,0.29204006788540327,B,SNV,EMA cross (calm-tuned)
3728,0.6630901287553648,0.6902409921830955,0.33763238912371596,-0.14054601972820852,4.642857142857143,0.6153846153846154,0.21062271062271062,0.37422191932711557,0.37489598623988524,-0.18917959859283545,0.1381103593766944,0.29204006788540327,B,SNV,SuperTrend (calm-tuned)
3728,0.7848712446351931,0.7163106675748669,0.44140311327741416,0.23815572887097378,1.2857142857142858,0.7777777777777778,0.5050375244165725,0.4681792686988363,0.422094238096304,0.3072426497754068,0.33131889237049644,0.29204006788540327,B,SNV,Online directional-change (calm-tuned)
3947,0.7648847225741069,0.6686808967588123,0.3521073658919992,-0.05859729929883285,2.52,0.6507936507936508,0.2032967032967033,0.4539223726686692,0.42388205528962014,-0.13114087009775965,0.06919674881659563,0.2356400011036377,B,CNP,MODEL calm
3947,0.7284013174562959,0.6910167404699106,0.35270207198913023,-0.006453533795361515,2.12,0.7169811320754716,0.3191489361702128,0.5432379183461542,0.5896027906441044,-0.026573737185994248,0.14655130579047382,0.2356400011036377,B,CNP,Crypto model C
3947,0.7185203952368888,0.6890850691688226,0.3448807605109868,-0.05019116223244699,2.52,0.6507936507936508,0.2553191489361702,0.4680058466360382,0.5284698950483144,-0.11472903971457211,0.09444456195953049,0.2356400011036377,B,CNP,EMA cross (calm-tuned)
3947,0.655434507220674,0.6656116856915282,0.2897610394586751,-0.10421851075375976,2.88,0.6805555555555556,0.20192307692307693,0.47588886099651045,0.4985899522817444,-0.22275829639726005,0.01076650621754351,0.2356400011036377,B,CNP,SuperTrend (calm-tuned)
3947,0.7096529009374208,0.6224257158256004,0.24126169676371348,-0.12152900400135723,1.48,0.7027027027027027,0.5,0.701435277417455,0.6343215047879199,-0.24734352557051656,-0.007828234981164216,0.2356400011036377,B,CNP,Online directional-change (calm-tuned)
1873,0.600106780565937,0.5817455393559209,0.18099763584443407,-0.034485342198804364,1.619047619047619,0.7647058823529411,0.40540540540540543,0.512069382181405,0.44080067497533676,-0.11351723958604684,0.04825082660698279,0.19032594705811282,B,FOX,MODEL calm
1873,0.6524292578750668,0.6545054515791771,0.3079052796116689,-0.09800696837026092,1.4761904761904763,0.7419354838709677,0.30666666666666664,0.512069382181405,0.5414822355255167,-0.29506014580385864,-0.07847025278641642,0.19032594705811282,B,FOX,Crypto model C
1873,0.5643352909770422,0.5637260308597296,0.12700850565520305,-0.19913537176755286,1.4761904761904763,0.6774193548387096,0.46408839779005523,0.5530587780011409,0.5642437528126499,-0.5861920821920105,-0.2913974452203599,0.19032594705811282,B,FOX,EMA cross (calm-tuned)
1873,0.6241324079017618,0.6204213053918358,0.24129463514017913,-0.046691187509726784,1.619047619047619,0.7941176470588235,0.3548387096774194,0.47624789434584336,0.4896973711472072,-0.1486649754168159,0.030802737407164455,0.19032594705811282,B,FOX,SuperTrend (calm-tuned)
1873,0.7186332087560064,0.7056710210365469,0.4346968890072015,-0.03462751467012068,0.9523809523809523,0.8,0.2222222222222222,0.5390660632062547,0.40225534674698293,-0.10803982049876296,0.04726511636155595,0.19032594705811282,B,FOX,Online directional-change (calm-tuned)
3926,0.7450331125827815,0.716174994982942,0.4761632544152271,0.07480426847901887,1.9285714285714286,0.7407407407407407,0.248342175066313,0.41553808584366025,0.41733062132957677,0.17406771832864268,0.21165906818858732,0.14906981153122986,B,MHK,MODEL calm
3926,0.7992868059093224,0.7892032911900462,0.5858842076111974,-0.002086325614697687,1.9285714285714286,0.7592592592592593,0.16098539618276458,0.4566008613876873,0.514410232473229,-0.014271949123315232,0.09607246560383717,0.14906981153122986,B,MHK,Crypto model C
3926,0.7315333672949567,0.7258278145695365,0.45095615342503026,0.14331010039647735,1.1428571428571428,0.90625,0.334983498349835,0.4568467688012444,0.5891996666343201,0.3457563183676551,0.40695969178130603,0.14906981153122986,B,MHK,EMA cross (calm-tuned)
3926,0.782730514518594,0.78087497491471,0.5584851055167779,0.05316102529144475,2.357142857142857,0.7121212121212122,0.09339801494368238,0.37348025421365333,0.3835285709517894,0.11903886288404905,0.20065022541747637,0.14906981153122986,B,MHK,SuperTrend (calm-tuned)
3926,0.7819663779928681,0.7682520569937789,0.5491243068750319,0.10749542284139096,1.3571428571428572,0.7894736842105263,0.20578844371201976,0.44848090284399705,0.4269646418424661,0.2569535476319127,0.2982980293077231,0.14906981153122986,B,MHK,Online directional-change (calm-tuned)
3943,0.7382703525234593,0.7253822196318827,0.4685723390130947,-0.04737121510941433,2.75,0.6515151515151515,0.0961847389558233,0.320063545440042,0.3685854022701171,-0.11599755729427405,-0.005281738011831073,0.10786364975232544,B,ANF,MODEL calm
3943,0.7430890185138219,0.7437906872668044,0.4852029385793495,0.06660681345307744,2.1666666666666665,0.7307692307692307,0.13560866481148032,0.33504691068511494,0.3669801281170737,0.14680498172915332,0.19467817913911886,0.10786364975232544,B,ANF,Crypto model C
3943,0.7250824245498352,0.7290252748911104,0.45563728561996303,0.022577381975795174,2.3333333333333335,0.6785714285714286,0.2731494472192604,0.4123342997807079,0.409164924838386,0.045446485359338616,0.11845636533249598,0.10786364975232544,B,ANF,EMA cross (calm-tuned)
3943,0.666243976667512,0.6672970645324119,0.3327575477080221,-0.0835810168574123,3.75,0.6111111111111112,0.0899320949548235,0.27202108567262506,0.30334852216260977,-0.20170060924991967,-0.0699150025889295,0.10786364975232544,B,ANF,SuperTrend (calm-tuned)
3943,0.7618564544762871,0.7604376661965895,0.5197009113450358,0.07639495300341578,1.8333333333333333,0.7727272727272727,0.11239766944464931,0.4072252284151234,0.42629582872871236,0.17015862120139444,0.2014274626207889,0.10786364975232544,B,ANF,Online directional-change (calm-tuned)
3950,0.7675949367088608,0.7271597699223766,0.4779216825162301,0.027316579161982817,2.269230769230769,0.6779661016949152,0.2953310696095076,0.41662322936219787,0.40647983875012,0.04941389765103359,0.10517044783151429,0.1124165851997315,B,NKE,MODEL calm
3950,0.7650632911392405,0.7512215893226113,0.4960034501232721,0.05982271865450853,2.1153846153846154,0.7454545454545455,0.24264087468460893,0.44263837136465034,0.4956933603691762,0.12413238846633426,0.17347748669447938,0.1124165851997315,B,NKE,Crypto model C
3950,0.7154430379746836,0.7113768358742392,0.40968138727402104,0.012031949709987125,2.1153846153846154,0.6909090909090909,0.42863364858138375,0.4896989138701496,0.4691588389307117,0.015543962282530062,0.10188795604291899,0.1124165851997315,B,NKE,EMA cross (calm-tuned)
3950,0.6794936708860759,0.7021974646786173,0.38785340077025754,-0.020751118973217526,2.923076923076923,0.6710526315789473,0.15686467348544453,0.3579068911099162,0.43455233365674034,-0.06342470596407522,0.042658248469757035,0.1124165851997315,B,NKE,SuperTrend (calm-tuned)
3950,0.7002531645569621,0.6837898587144692,0.3610846881558662,-0.004881440350438336,1.8076923076923077,0.7872340425531915,0.35629251700680276,0.5149880013191456,0.530314497384472,-0.021167363150021393,0.06749546094815824,0.1124165851997315,B,NKE,Online directional-change (calm-tuned)
3898,0.7401231400718317,0.6688707492536398,0.3865060100949473,-0.0697277337575403,1.6875,0.7592592592592593,0.26609609025481423,0.5520733670952382,0.4903852646501252,-0.1758097901231117,0.04702070645921089,0.2499346073217373,B,ESS,MODEL calm
3898,0.7609030271934325,0.7291756354108672,0.4636167712229628,-0.17182784190283507,2.0,0.75,0.2253846153846154,0.5574557179052675,0.5486960088861519,-0.41486940102201997,-0.11464128323485519,0.2499346073217373,B,ESS,Crypto model C
3898,0.7075423293996922,0.6810613732444277,0.3582438604324597,-0.10877971548454009,1.75,0.7321428571428571,0.42046303211351754,0.6046355575944266,0.5591105904509058,-0.26676554292851656,-0.012616933208982519,0.2499346073217373,B,ESS,EMA cross (calm-tuned)
3898,0.6916367367880965,0.6994723236609719,0.3797270249975373,-0.11489310557919709,2.15625,0.7101449275362319,0.209992193598751,0.46827014576073167,0.51311316020652,-0.28441459188805107,-0.028182776081190065,0.2499346073217373,B,ESS,SuperTrend (calm-tuned)
3898,0.7129297075423294,0.6688283714806356,0.3474418275209877,-0.20256640624054367,1.3125,0.7857142857142857,0.30462751608217475,0.5903672268343563,0.58315825317317,-0.48036856824966195,-0.15646629354962382,0.2499346073217373,B,ESS,Online directional-change (calm-tuned)
3905,0.7498079385403329,0.6429641538961423,0.32575415138017083,-0.0036882121192531535,2.0,0.6923076923076923,0.2242081447963801,0.37867799568255334,0.39397425440554923,-0.016622637815714762,0.10492037795004203,0.16846507146962442,B,KEY,MODEL calm
3905,0.7285531370038413,0.6696898366103572,0.335942717890885,0.047145769525976634,1.7692307692307692,0.782608695652174,0.26679841897233203,0.40588785149810674,0.5050089148404756,0.08705543154371723,0.1849253210894066,0.16846507146962442,B,KEY,Crypto model C
3905,0.6586427656850192,0.6359896283603899,0.25090907354741887,0.04175683802098543,2.1538461538461537,0.6964285714285714,0.29997826441341086,0.4154227659104971,0.523043156011203,0.0744084311280891,0.20544874463498078,0.16846507146962442,B,KEY,EMA cross (calm-tuned)
3905,0.6878361075544174,0.702246972398286,0.3660581392864426,0.014376668375365128,2.6153846153846154,0.6764705882352942,0.19202898550724637,0.37836470461828886,0.4199125843222245,0.017017270401243095,0.16046633182584488,0.16846507146962442,B,KEY,SuperTrend (calm-tuned)
3905,0.6734955185659411,0.5879262687455777,0.17901061959115624,-0.10044726815198575,1.3076923076923077,0.7352941176470589,0.3208564890487087,0.4301260982551145,0.5305386506314348,-0.2087472407444627,-0.029478631108051847,0.16846507146962442,B,KEY,Online directional-change (calm-tuned)
3855,0.6303501945525292,0.6349398573774518,0.28384605544208624,0.121196491611181,2.25,0.7037037037037037,0.21352839931153184,0.405976012693976,0.3190578867402309,0.2682573738622232,0.2973738864425204,0.23780759145071678,B,FMCC,MODEL calm
3855,0.6479896238651103,0.6490057314092866,0.2984620476122658,-0.07807188065759746,2.5416666666666665,0.7049180327868853,0.21018563751831948,0.4234609566844432,0.4037722359887441,-0.18020123678481406,0.03736867446705437,0.23780759145071678,B,FMCC,Crypto model C
3855,0.5488975356679637,0.5476934552672071,0.09570509207013511,0.04179276082783142,2.1666666666666665,0.6730769230769231,0.357921511627907,0.38202938498612304,0.4009384836226333,0.08990946830800496,0.20682405093140466,0.23780759145071678,B,FMCC,EMA cross (calm-tuned)
3855,0.6474708171206226,0.6490994769644542,0.299717546318476,0.06332474803484396,2.875,0.6811594202898551,0.1446290781101936,0.37685488032862985,0.38011860453494584,0.1369925722810953,0.23763417316895988,0.23780759145071678,B,FMCC,SuperTrend (calm-tuned)
3855,0.6303501945525292,0.6290641930770524,0.25923770522332285,-0.009665702007675287,1.4583333333333333,0.8,0.21849014017581372,0.44097700752709085,0.41650643284584016,-0.024431971339014147,0.1466935182376977,0.23780759145071678,B,FMCC,Online directional-change (calm-tuned)
3935,0.7552731893265565,0.7140517175019785,0.45781808191438006,0.09924238695487855,2.4166666666666665,0.7068965517241379,0.3086080586080586,0.3648841713851949,0.3743279570308116,0.21011852962009908,0.18460810802498884,0.052072700523749724,B,IVZ,MODEL calm
3935,0.7654383735705209,0.7479433559668013,0.4965231263295521,0.09279160058102609,2.0833333333333335,0.74,0.28708791208791207,0.40972386728327326,0.4516892876145285,0.19718697749774705,0.18602269475704392,0.052072700523749724,B,IVZ,Crypto model C
3935,0.6955527318932656,0.6999098150169488,0.38712773204954176,0.02476046744885952,2.3333333333333335,0.7142857142857143,0.32592592592592595,0.4092181616346123,0.48017738738809995,0.045181106378075875,0.08481929955067288,0.052072700523749724,B,IVZ,EMA cross (calm-tuned)
3935,0.7390088945362134,0.7558712999097873,0.49428761788827885,0.15999151497371197,2.8333333333333335,0.6617647058823529,0.1247086247086247,0.30000408162344894,0.3770288449118021,0.343198315715817,0.32089244989440596,0.052072700523749724,B,IVZ,SuperTrend (calm-tuned)
3935,0.740279542566709,0.7065155812071884,0.42900025053192287,0.06054409970804825,1.4166666666666667,0.8529411764705882,0.3650326797385621,0.4852854040476088,0.5104807518275127,0.12840653338860403,0.12583784433824344,0.052072700523749724,B,IVZ,Online directional-change (calm-tuned)
3948,0.8125633232016211,0.7323765762697297,0.5074070890583167,0.03850007605768418,2.2,0.7090909090909091,0.16279069767441862,0.33064545916347776,0.38940228016286976,0.07772634263722641,0.2653009162081035,0.3524934616531186,B,NXPI,MODEL calm
3948,0.790273556231003,0.7401358898493242,0.48000660148080154,0.03330027949170796,2.04,0.7254901960784313,0.15428571428571428,0.30838252245162595,0.3747633748231891,0.06672271460649798,0.28098371199610794,0.3524934616531186,B,NXPI,Crypto model C
3948,0.772289766970618,0.7431396953380773,0.46546077602784897,0.018342595487280858,1.8,0.7111111111111111,0.18285714285714286,0.4006080087817734,0.4343033830207377,0.03422625244446564,0.2821115370494513,0.3524934616531186,B,NXPI,EMA cross (calm-tuned)
3948,0.756838905775076,0.7390504263070525,0.4487405460351957,-0.10214675263830333,3.0,0.64,0.13953488372093023,0.32993046384001606,0.39764816048863066,-0.23929868884928648,0.08128321090390334,0.3524934616531186,B,NXPI,SuperTrend (calm-tuned)
3948,0.7829280648429585,0.7021180863373245,0.4329289760002198,-0.035544817558398854,1.8,0.7111111111111111,0.15348837209302327,0.34944605527261363,0.35717863779493547,-0.08608313763140653,0.16002320421676308,0.3524934616531186,B,NXPI,Online directional-change (calm-tuned)
2409,0.8293897882938979,0.7746577972067014,0.6109445122421027,0.09442691841308941,3.0,0.6333333333333333,0.18113207547169813,0.3165666534738225,0.3596705343073108,0.16834284842571168,0.17518105924336605,0.11065649054870064,B,LM,MODEL calm
2409,0.7795765877957659,0.7723600023861275,0.5297622092615029,0.15347678035421203,2.4,0.7083333333333334,0.2311931586806027,0.31337531808519137,0.3679822367087844,0.2825834839361349,0.28079942047489814,0.11065649054870064,B,LM,Crypto model C
2409,0.7862183478621835,0.7913083014290762,0.5594920317058557,0.19366260231479704,2.6,0.6538461538461539,0.13347472605160834,0.225910883674739,0.36943130695262416,0.3580643252228551,0.35457213320536307,0.11065649054870064,B,LM,EMA cross (calm-tuned)
2409,0.7123287671232876,0.7371122351742714,0.45021933159738686,-0.06595751127029792,4.7,0.5957446808510638,0.043934217843807105,0.21332555833809272,0.31106608264505387,-0.14195523849214514,-0.02382810350243896,0.11065649054870064,B,LM,SuperTrend (calm-tuned)
2409,0.7359900373599004,0.7232742256940037,0.4347016745018436,0.14886546671192874,1.2,0.8333333333333334,0.27498851982243994,0.47040310395373786,0.47640294362982943,0.27808623896031226,0.2747917142337743,0.11065649054870064,B,LM,Online directional-change (calm-tuned)
3214,0.8095830740510268,0.6843289721056504,0.3952266740925332,0.17581353402679364,2.857142857142857,0.675,0.14392875383043924,0.31990572299618036,0.33842082250158945,0.31950862595256546,0.4729466158314776,0.516466906488062,B,ATVI,MODEL calm
3214,0.776602364654636,0.7745269056385231,0.47425022370568215,0.06334405250532019,2.7142857142857144,0.6842105263157895,0.11241751092108931,0.3538186246855175,0.38945166204118736,0.10904522099521143,0.40790342958218345,0.516466906488062,B,ATVI,Crypto model C
3214,0.7221530802738021,0.6637544471710572,0.2908766921124355,0.03732243122783097,3.4285714285714284,0.625,0.19784218590398367,0.26254543739469566,0.41312415461911794,0.057713367189034546,0.3648889636655258,0.516466906488062,B,ATVI,EMA cross (calm-tuned)
3214,0.7293092719352832,0.7638484776283454,0.43878825993227366,0.04134623077181843,3.857142857142857,0.6296296296296297,0.07616069535721856,0.23914998738120774,0.28823990777155784,0.06372572292867931,0.40705913083817696,0.516466906488062,B,ATVI,SuperTrend (calm-tuned)
3214,0.7806471686372122,0.6530876135452555,0.3186631481308535,0.14074301582612694,1.2857142857142858,0.8888888888888888,0.3154180814940577,0.3794789596987149,0.473775857105171,0.25933581527849364,0.46293154077563603,0.516466906488062,B,ATVI,Online directional-change (calm-tuned)
2277,0.7896354852876593,0.6995767983652104,0.40537183360975754,0.09617924460606984,2.142857142857143,0.7333333333333333,0.339006503390065,0.4865651911432657,0.42033139127147656,0.216089127049735,0.6066238000882395,0.7814872909235663,B,WCG,MODEL calm
2277,0.7786561264822134,0.7404658763464773,0.44449495373818804,0.06228669126569802,1.8571428571428572,0.7692307692307693,0.3457051414412554,0.49825696985564066,0.5534934854432528,0.1378032726769738,0.6099580763394846,0.7814872909235663,B,WCG,Crypto model C
2277,0.7505489679402723,0.6831386541349991,0.34724754685158954,-0.09422747726149565,2.2857142857142856,0.6875,0.4265262578291693,0.5216934916823214,0.6303604864571867,-0.23141022181779963,0.3452530020601499,0.7814872909235663,B,WCG,EMA cross (calm-tuned)
2277,0.7246376811594203,0.7435004866979958,0.42013604144076133,0.11444689205788224,2.7142857142857144,0.6842105263157895,0.2523209549071618,0.34994067399960976,0.4328041084755213,0.2563320704680499,0.7220919339020268,0.7814872909235663,B,WCG,SuperTrend (calm-tuned)
2277,0.7571365832235397,0.642628298104134,0.29746153839420597,-0.07652088620760125,1.2142857142857142,0.8235294117647058,0.4103970741901777,0.6650906013783011,0.6061110771513255,-0.1850172946323259,0.36441769458377976,0.7814872909235663,B,WCG,Online directional-change (calm-tuned)
3940,0.7969543147208121,0.6546238646565695,0.36091931797224186,0.054661396227916645,1.9230769230769231,0.72,0.38731884057971017,0.43388025041414624,0.4624447699671113,0.11061911816833501,0.3619577578820938,0.4420229768475993,B,IYG,MODEL calm
3940,0.783756345177665,0.687619509834785,0.3803770250586196,0.09002076124914865,1.7692307692307692,0.7608695652173914,0.33286604361370714,0.4480517010052838,0.5554675530651545,0.19225125331854517,0.439289758414135,0.4420229768475993,B,IYG,Crypto model C
3940,0.7246192893401016,0.6410901045856798,0.2674749564738222,-0.02287967227724148,2.230769230769231,0.6724137931034483,0.37286736378646124,0.4668712799346213,0.5820877850567975,-0.06809519163789096,0.2870217765599167,0.4420229768475993,B,IYG,EMA cross (calm-tuned)
3940,0.6961928934010152,0.7267378478902142,0.3847408482660293,-0.08492656292153326,3.769230769230769,0.6122448979591837,0.1392914653784219,0.3255848486986284,0.4084899191025308,-0.22045199981688843,0.19664418857238977,0.4420229768475993,B,IYG,SuperTrend (calm-tuned)
3940,0.7362944162436548,0.6234194095631187,0.2486974408440929,0.05850526685538011,1.1538461538461537,0.8333333333333334,0.33286604361370714,0.47281886224810554,0.4822240911475352,0.12488572359048263,0.383970373341211,0.4420229768475993,B,IYG,Online directional-change (calm-tuned)
3911,0.812835591920225,0.6994739593932002,0.4328508205148193,0.11450393630382372,1.7692307692307692,0.782608695652174,0.2977346278317152,0.5055898084973516,0.4276458951978578,0.2422937035103975,0.43099496470893317,0.47065642635523924,B,CSX,MODEL calm
3911,0.7386857581181283,0.6704009880621535,0.3178699116305199,-0.061603428469996085,2.230769230769231,0.7068965517241379,0.3048443543930742,0.49760604177009027,0.5301550676367924,-0.14999039374370154,0.20892648944622252,0.47065642635523924,B,CSX,Crypto model C
3911,0.709537202761442,0.6475713604570159,0.26877913604577636,-0.07744696557294842,2.3076923076923075,0.6833333333333333,0.3454268292682927,0.5515410061978134,0.58530353483754,-0.18548092382923442,0.1927829000777881,0.47065642635523924,B,CSX,EMA cross (calm-tuned)
3911,0.7363845563794426,0.7356519695144503,0.4094839049219911,-0.08173513241302599,3.0,0.6666666666666666,0.195,0.35943538894816923,0.41904082796822295,-0.1992420175258329,0.19261399080751346,0.47065642635523924,B,CSX,SuperTrend (calm-tuned)
3911,0.7550498593710049,0.6529611786042656,0.3054411439487192,0.033635877922942654,1.3846153846153846,0.8055555555555556,0.35837887067395263,0.5674953908456548,0.5457537400143513,0.06581298760898506,0.3338982650215852,0.47065642635523924,B,CSX,Online directional-change (calm-tuned)
3925,0.870828025477707,0.6775091833658441,0.4125467220411144,0.17369183996782725,1.3076923076923077,0.7647058823529411,0.18563025210084033,0.3569648767760192,0.44582418692323234,0.4050976128169409,0.7215341585458744,0.7247863250632953,B,IVW,MODEL calm
3925,0.8476433121019108,0.7152649756878464,0.4120583967350476,0.24052939237056473,1.3076923076923077,0.8823529411764706,0.24258916164891153,0.432262834954931,0.5387699889113523,0.5655573232450912,0.8937177896230099,0.7247863250632953,B,IVW,Crypto model C
3925,0.8239490445859873,0.691156342536132,0.3518940641648824,0.06016259857805755,1.4615384615384615,0.7631578947368421,0.24655172413793103,0.4287762726183546,0.6679160783550316,0.13146376210208607,0.5950498008419967,0.7247863250632953,B,IVW,EMA cross (calm-tuned)
3925,0.6919745222929936,0.7283651245334787,0.3293815434421442,-0.057745043855049284,3.4615384615384617,0.6111111111111112,0.1331785563528915,0.3543473283085947,0.4872265760328261,-0.16881111818423292,0.5010096495742495,0.7247863250632953,B,IVW,SuperTrend (calm-tuned)
3925,0.8659872611464968,0.714991601829005,0.4426614371813347,0.217556023658712,1.2307692307692308,0.875,0.22953488372093023,0.44499057770561706,0.5035993442913569,0.5108699261385136,0.8136898121907888,0.7247863250632953,B,IVW,Online directional-change (calm-tuned)
3942,0.8470319634703196,0.7615886617664751,0.5543315364642788,0.18054957066416186,2.090909090909091,0.6956521739130435,0.20121473354231975,0.31166931247605373,0.34833369071718223,0.40012048835916514,0.43666718505870034,0.22554237377454966,B,OKE,MODEL calm
3942,0.8343480466768138,0.7955812341378737,0.5643951601257248,0.19117319261815563,2.0,0.75,0.16133866133866134,0.3496641825112264,0.3475111067905593,0.42436305747956404,0.5108266767265112,0.22554237377454966,B,OKE,Crypto model C
3942,0.7719431760527651,0.7394575940556055,0.43830753215073803,0.18794675649768025,1.8181818181818181,0.675,0.20290718455856072,0.3493585259227262,0.43401982133637723,0.4177925483474992,0.5987944307007645,0.22554237377454966,B,OKE,EMA cross (calm-tuned)
3942,0.7158802638254693,0.7436046628206083,0.418064702319753,0.09975792674365673,3.272727272727273,0.6527777777777778,0.1271551724137931,0.29709351179851057,0.34173226247514427,0.21321885233138232,0.36661924672494917,0.22554237377454966,B,OKE,SuperTrend (calm-tuned)
3942,0.8117706747843734,0.7445316841496181,0.48305531002072344,0.1378623922422242,1.8181818181818181,0.75,0.18007662835249041,0.357504262580949,0.3456000109736971,0.3046002162028661,0.39293700758664835,0.22554237377454966,B,OKE,Online directional-change (calm-tuned)
1800,0.7394444444444445,0.6714984190871313,0.3840055141266598,-0.11896628414223043,2.7142857142857144,0.6578947368421053,0.1370051319648094,0.39684566566564733,0.4383632353492564,-0.3122149167698238,0.15438163840154995,0.5580938034391393,B,IHAK,MODEL calm
1800,0.6783333333333333,0.6499052278180099,0.29517333616306163,-0.2484409480551255,2.7857142857142856,0.6666666666666666,0.1967741935483871,0.40161129566884746,0.4620504213953679,-0.6296844657346748,-0.051385156413328234,0.5580938034391393,B,IHAK,Crypto model C
1800,0.7138888888888889,0.6780120278769242,0.35822385431691384,0.0521271032178771,2.0714285714285716,0.7241379310344828,0.29322190819608224,0.41464815216404527,0.5099996191476455,0.11083635991864375,0.4679122846323632,0.5580938034391393,B,IHAK,EMA cross (calm-tuned)
1800,0.7222222222222222,0.7408087501496947,0.4564570640635332,-0.10847083835271527,3.4285714285714284,0.6458333333333334,0.09566387559808612,0.29254182714152616,0.3469110385520384,-0.2923991644187508,0.20875964405023126,0.5580938034391393,B,IHAK,SuperTrend (calm-tuned)
1800,0.7072222222222222,0.6331848546207117,0.3012636058507161,-0.10011681086525911,2.142857142857143,0.6333333333333333,0.1682551319648094,0.42052467665287063,0.43595924440244127,-0.261649301500535,0.17663715139813946,0.5580938034391393,B,IHAK,Online directional-change (calm-tuned)
1936,0.8615702479338843,0.7178037217226316,0.40533489698464026,0.31133729082407496,1.75,0.7857142857142857,0.3392438942790231,0.4819462235697251,0.4665085197139179,0.4418092231121846,0.5632577410381421,0.5159349903267307,B,XL-201809,MODEL calm
1936,0.806301652892562,0.7789007184668073,0.4205022313227641,-0.01903828973350883,2.0,0.75,0.3152305366591081,0.4819462235697251,0.593960169684508,-0.03609896522618166,0.3179873044819741,0.5159349903267307,B,XL-201809,Crypto model C
1936,0.7479338842975206,0.7492766904334394,0.3522294723100341,-0.16017269992882985,3.75,0.6,0.2300850030358227,0.5741757120010393,0.5336191577339777,-0.24724411945021804,0.18239633675597278,0.5159349903267307,B,XL-201809,EMA cross (calm-tuned)
1936,0.6508264462809917,0.6848729582802493,0.24683216849417966,-0.35945181739285037,4.75,0.6052631578947368,0.125,0.40567744468638056,0.5317777998438248,-0.5393719980048285,-0.016380204172553696,0.5159349903267307,B,XL-201809,SuperTrend (calm-tuned)
1936,0.8465909090909091,0.6493606315951552,0.29501351154400746,0.1747513357486567,0.5,1.0,0.5124551971326164,0.639459246244425,0.6785818487593871,0.24993427798793988,0.41600593914661466,0.5159349903267307,B,XL-201809,Online directional-change (calm-tuned)
3949,0.6758673081792859,0.6812960281021785,0.38186689724402006,0.03547859934303273,2.4814814814814814,0.6865671641791045,0.26851851851851855,0.3295170719893666,0.4073833736782193,0.07672892795303703,0.05371060400781404,0.00511788241802708,B,TEN,MODEL calm
3949,0.7148645226639656,0.714785869821999,0.4294127665108278,0.00023146889301656375,2.259259259259259,0.7213114754098361,0.21611721611721613,0.4017099682183738,0.4132505671519321,-0.007616786324526558,-0.0018551303659269638,0.00511788241802708,B,TEN,Crypto model C
3949,0.6928336287667763,0.6913263026530676,0.384509854054067,-0.07069108170372301,2.111111111111111,0.6666666666666666,0.3442622950819672,0.5197772138183134,0.45308368231648727,-0.17841745305064646,-0.1359924056146351,0.00511788241802708,B,TEN,EMA cross (calm-tuned)
3949,0.7070144340339326,0.7075410337000174,0.41492068462763326,-0.06900910122475563,2.6296296296296298,0.6901408450704225,0.20930232558139536,0.3700665815236529,0.43836318200197594,-0.17623045260596465,-0.12390377100004975,0.00511788241802708,B,TEN,SuperTrend (calm-tuned)
3949,0.648771840972398,0.6505798128575684,0.3024802028944658,-0.10704802392563413,2.185185185185185,0.711864406779661,0.21611721611721613,0.4017099682183738,0.425806874576954,-0.2665478606939942,-0.18802984711737888,0.00511788241802708,B,TEN,Online directional-change (calm-tuned)
3913,0.7500638895987733,0.6467565816696218,0.3459782418100414,-0.0980142982339866,2.5454545454545454,0.6428571428571429,0.2290249433106576,0.47106869552511066,0.44233145500033483,-0.18402980347192519,0.13056785458532624,0.39778318243842,B,EG,MODEL calm
3913,0.7268080756452849,0.6986767697003853,0.38109154774009407,-0.22544574129558467,2.6363636363636362,0.6724137931034483,0.2629448473604318,0.44899082016400993,0.5135194543649692,-0.4050387239663964,-0.005185387981645637,0.39778318243842,B,EG,Crypto model C
3913,0.7303858931765909,0.6977768083325688,0.3821745325006159,-0.3131809270165371,2.8181818181818183,0.6290322580645161,0.24058608058608058,0.5094731724220001,0.5506058186717755,-0.5577714295801612,-0.11376459550606895,0.39778318243842,B,EG,EMA cross (calm-tuned)
3913,0.6322514694607718,0.6372188322845227,0.25203809298905283,-0.4119054471614439,3.909090909090909,0.6046511627906976,0.19387755102040816,0.38351959455677403,0.444001120264722,-0.7353870424654008,-0.26253213359143834,0.39778318243842,B,EG,SuperTrend (calm-tuned)
3913,0.686429849220547,0.6492129082669753,0.28669969023632036,-0.2404548786312257,2.0,0.7045454545454546,0.44737729802664866,0.5878779260960307,0.5608347262148768,-0.42721728210242793,-0.02066914663912059,0.39778318243842,B,EG,Online directional-change (calm-tuned)
3932,0.8145981688708036,0.681293520516417,0.3970969854772406,0.08246917148409999,2.4545454545454546,0.6666666666666666,0.11313209494324045,0.3779964487902583,0.45127806865193254,0.1643587919449503,0.5017664274437318,0.6533806890115763,B,AJG,MODEL calm
3932,0.7693285859613428,0.7219070022476196,0.3981318747468152,-0.04205501539038759,3.090909090909091,0.6617647058823529,0.16021746082507193,0.37073839271913467,0.46430408460146494,-0.11227615432948866,0.3622451439189804,0.6533806890115763,B,AJG,Crypto model C
3932,0.7955239064089522,0.7121159241757653,0.4081175038585554,0.10313684834772915,2.0,0.6590909090909091,0.13894736842105262,0.3192988745948897,0.4584860340472319,0.21266328279581942,0.5591709796531547,0.6533806890115763,B,AJG,EMA cross (calm-tuned)
3932,0.6503051881993896,0.6497686136005412,0.24757663836162674,-0.043760771487122645,3.3636363636363638,0.6216216216216216,0.1492914979757085,0.30944326649087006,0.4461023822979932,-0.11779329636124738,0.4108037050067814,0.6533806890115763,B,AJG,SuperTrend (calm-tuned)
3932,0.7639877924720244,0.6676047706908216,0.3207885158741783,0.0645260595841325,1.7272727272727273,0.7105263157894737,0.23906485671191552,0.39261067474169964,0.4882494899627306,0.12987976182408834,0.5101089799827923,0.6533806890115763,B,AJG,Online directional-change (calm-tuned)
3934,0.7310625317742755,0.6904234945067937,0.4079108849379685,-0.07827810966016704,2.357142857142857,0.7121212121212122,0.27030612244897956,0.375949520233243,0.41456962944927855,-0.19670750027591338,-0.02796659102190265,0.15293535286086352,B,ZBH,MODEL calm
3934,0.7402135231316725,0.7262685381101062,0.45025491693328373,0.019368906949588562,1.8571428571428572,0.7692307692307693,0.27922484783387036,0.4107842095231696,0.42736239190523795,0.032092079385633215,0.12854049693325834,0.15293535286086352,B,ZBH,Crypto model C
3934,0.697508896797153,0.6913061470840156,0.3748752208694277,-0.13543849120927332,2.0,0.7321428571428571,0.3685720844811754,0.46251466090804505,0.5028373549348799,-0.3262818598392535,-0.13106929244866197,0.15293535286086352,B,ZBH,EMA cross (calm-tuned)
3934,0.722928317234367,0.7272292820679918,0.4418898424425403,-0.11729474274097768,2.857142857142857,0.675,0.15691634773100055,0.3503784461669249,0.4076342737956661,-0.29014017022074795,-0.10929468619091628,0.15293535286086352,B,ZBH,SuperTrend (calm-tuned)
3934,0.7384341637010676,0.7139714828975752,0.4355842187465596,0.07349603790291612,1.3571428571428572,0.868421052631579,0.3132309941520468,0.43415432359775535,0.47170660596964537,0.16043968270006395,0.21311062928938926,0.15293535286086352,B,ZBH,Online directional-change (calm-tuned)
3946,0.7620375063355297,0.6736203009516388,0.3772762503779589,0.002120825074930574,2.3333333333333335,0.7142857142857143,0.26276993355481726,0.4314665867826,0.45241862078658657,-0.004564443154351129,0.2401682846893573,0.3738984947196782,B,CNC,MODEL calm
3946,0.7691332995438419,0.7404978454656097,0.46105241751317505,0.03830933638685968,2.25,0.7222222222222222,0.26415332240574957,0.43116630562805147,0.48008538193812966,0.07261871626004625,0.3211304834350204,0.3738984947196782,B,CNC,Crypto model C
3946,0.7268119614799797,0.7044815074402917,0.38395806365875695,-0.016500274107155658,2.0,0.6875,0.31751007613076576,0.46567987488354573,0.487182634845758,-0.04281740762984402,0.24220095328817653,0.3738984947196782,B,CNC,EMA cross (calm-tuned)
3946,0.6834769386720729,0.6718143127882938,0.31625449646667275,-0.12358627324759412,3.5,0.6309523809523809,0.16090909090909092,0.33194540242046455,0.4329220636468718,-0.27606760923775325,0.07303277316059695,0.3738984947196782,B,CNC,SuperTrend (calm-tuned)
3946,0.7217435377597567,0.6860721307244448,0.35475395056101583,0.12601220042450295,1.5,0.8333333333333334,0.2907766990291262,0.4961277766935943,0.5176368358213292,0.26180962558530857,0.45099440373675,0.3738984947196782,B,CNC,Online directional-change (calm-tuned)
3749,0.7489997332622033,0.7058379744942658,0.45107342789661936,-0.1470150604603247,2.4615384615384617,0.671875,0.15999074930619797,0.44266032843111547,0.44481755279975926,-0.3449437244209602,-0.10513502604754453,0.16974308979626992,B,K,MODEL calm
3749,0.7858095492131235,0.7810639729543469,0.5545404691337685,-0.1323972102726755,2.1153846153846154,0.7272727272727273,0.19144144144144143,0.48696329656643383,0.5172383914536044,-0.30993240949328865,-0.09403207394782337,0.16974308979626992,B,K,Crypto model C
3749,0.7220592157908776,0.7260346367172356,0.44042060065383054,-0.09435861080447754,2.0,0.7115384615384616,0.2509704968944099,0.5123719963920923,0.5541610910644699,-0.22513001587301193,-0.03885505973511236,0.16974308979626992,B,K,EMA cross (calm-tuned)
3749,0.6999199786609762,0.7089334886516907,0.40610729713698357,-0.08824294916248554,2.4615384615384617,0.671875,0.16312056737588654,0.384697054570076,0.35900331873762886,-0.2158136150409938,-0.03333854308696567,0.16974308979626992,B,K,SuperTrend (calm-tuned)
3749,0.7487329954654575,0.737176136202623,0.47138793611493307,-0.05768311168890251,1.5769230769230769,0.7560975609756098,0.241280458671763,0.4823006550715418,0.5082467807747699,-0.14087874628766142,0.01937960585034963,0.16974308979626992,B,K,Online directional-change (calm-tuned)
3925,0.7597452229299363,0.6495608522608253,0.3423413848540655,0.03647977670678436,1.6666666666666667,0.75,0.26725620240727094,0.4292442950022729,0.40936054089894686,0.08447788727961605,0.37155013849736435,0.5331850020903116,B,CPAY,MODEL calm
3925,0.7314649681528662,0.686244374446227,0.3580157600697371,-0.05264786280722522,1.6944444444444444,0.7704918032786885,0.32207207207207206,0.41616368855369756,0.4539156893626193,-0.1521990539922372,0.25604027974986304,0.5331850020903116,B,CPAY,Crypto model C
3925,0.7128662420382166,0.6808652130977333,0.33935223097109946,-0.00284589560698348,1.3888888888888888,0.76,0.2911480226910991,0.4541803879596673,0.5340874680163803,-0.017804437146905945,0.3624340821469965,0.5331850020903116,B,CPAY,EMA cross (calm-tuned)
3925,0.6901910828025478,0.6918837522167187,0.34763080267363944,-0.04651597710609896,2.0,0.7222222222222222,0.19878934624697336,0.3605702943670931,0.4507968126859314,-0.1382001006570083,0.2984599027792941,0.5331850020903116,B,CPAY,SuperTrend (calm-tuned)
3925,0.762547770700637,0.6936434657704813,0.3946168164332547,0.08467932917255996,1.2777777777777777,0.8260869565217391,0.2621381354000456,0.45318145896745343,0.4683553322693172,0.21526925409021827,0.48117498755835614,0.5331850020903116,B,CPAY,Online directional-change (calm-tuned)
3919,0.7468742026027048,0.677756348854119,0.41365432614827385,-0.07779145815156756,2.066666666666667,0.7096774193548387,0.22058823529411764,0.506906898711768,0.4893469346909318,-0.19736138839898493,0.06950263736453614,0.30564755614269445,B,CCK,MODEL calm
3919,0.7550395509058433,0.7076352749594602,0.4422663028479143,-0.014668975253013819,1.8,0.7777777777777778,0.2518306636155606,0.4778348550314743,0.5027253134924587,-0.04728084310082053,0.17940488704093327,0.30564755614269445,B,CCK,Crypto model C
3919,0.673896402143404,0.6420721931013527,0.2843339784382581,-0.18127761220512495,2.066666666666667,0.7419354838709677,0.28970588235294115,0.5683640463879163,0.5542693731264429,-0.4404456682521953,-0.0988525749674099,0.30564755614269445,B,CCK,EMA cross (calm-tuned)
3919,0.6659862209747385,0.6520811949628417,0.2955045885670017,-0.12655821425798935,2.6,0.6923076923076923,0.1714172155348626,0.4079520572487746,0.45518791954227844,-0.31563944588019527,-0.0076743112658980775,0.30564755614269445,B,CCK,SuperTrend (calm-tuned)
3919,0.6795100791018117,0.6226529331160549,0.2632118193998234,-0.13769768098718613,1.4,0.8095238095238095,0.3410344827586207,0.5863857251040594,0.5842465028153879,-0.33316725679747605,-0.018837563377214272,0.30564755614269445,B,CCK,Online directional-change (calm-tuned)
3908,0.7256908904810645,0.7294897641460476,0.4769739665718857,-0.05887029056973575,2.642857142857143,0.6891891891891891,0.1791529638244967,0.43632081159605485,0.4438954410830904,-0.14147413630016514,-0.1207355796577616,-0.03813435477579759,B,HOG,MODEL calm
3908,0.7679119754350051,0.7681904339557564,0.5362027681003902,-0.036537159128452484,1.8571428571428572,0.7692307692307693,0.1994949494949495,0.4190958674993965,0.44645242371715965,-0.08884015217212231,-0.09232047906062382,-0.03813435477579759,B,HOG,Crypto model C
3908,0.695496417604913,0.694830859681733,0.39023592612840025,-0.04661893333015675,1.8571428571428572,0.75,0.30194805194805197,0.3961946406072011,0.45069227479358137,-0.11097695028372632,-0.12397293259856128,-0.03813435477579759,B,HOG,EMA cross (calm-tuned)
3908,0.6847492323439099,0.6844576680054474,0.3689704621350292,-0.0034437962094151808,2.5,0.6857142857142857,0.15745041657450418,0.40070953783359764,0.38066633688907714,-0.019270231308288047,-0.04646287291888457,-0.03813435477579759,B,HOG,SuperTrend (calm-tuned)
3908,0.7325997952917093,0.7338481401222201,0.46908620519913474,-0.0761348147672929,1.5714285714285714,0.8181818181818182,0.25578231292517006,0.49941697653171,0.49670549724490565,-0.17438146471951924,-0.148616491066259,-0.03813435477579759,B,HOG,Online directional-change (calm-tuned)
3926,0.6635252165053489,0.6559404068668229,0.34240610630194046,-0.025833769017680367,2.027027027027027,0.7333333333333333,0.23943661971830985,0.4210576658968687,0.42160315978595597,-0.09327806897572709,-0.13409860996505368,-0.09928835567858275,B,EMIF,MODEL calm
3926,0.6861946001018848,0.6822286898310321,0.3737071479942551,0.004336483757497754,1.5945945945945945,0.8135593220338984,0.22727272727272727,0.45703025511737416,0.4652527968644866,-0.006753461721676707,-0.08004706802157946,-0.09928835567858275,B,EMIF,Crypto model C
3926,0.6367804381049414,0.6362250717470574,0.2724716707715599,-0.011821568254736571,1.4324324324324325,0.7735849056603774,0.36363636363636365,0.48189213674327835,0.5340199332520761,-0.048553319050602554,-0.131462270004971,-0.09928835567858275,B,EMIF,EMA cross (calm-tuned)
3926,0.6854304635761589,0.6868001527069489,0.3739770581832862,-0.016634624045645002,3.189189189189189,0.6610169491525424,0.11363636363636363,0.30174540408253603,0.31502485428129795,-0.08190421476301492,-0.15626822976742735,-0.09928835567858275,B,EMIF,SuperTrend (calm-tuned)
3926,0.6938359653591442,0.6901693992010692,0.3886400260638673,-0.006174059687724144,1.4864864864864864,0.8363636363636363,0.24870466321243523,0.4723875916088776,0.48300306616957994,-0.03390900741283655,-0.09915968720196709,-0.09928835567858275,B,EMIF,Online directional-change (calm-tuned)
3948,0.6978216818642351,0.6825490887957159,0.38476680500960886,0.08501249945573026,2.2142857142857144,0.7096774193548387,0.310570987654321,0.3243847572760641,0.35534150611824206,0.14678568633106018,0.07484162405852092,-0.028764543524754483,B,IEF,MODEL calm
3948,0.7006079027355623,0.6955477603885591,0.3927060258323856,-0.030884483695563864,2.142857142857143,0.7166666666666667,0.2659259259259259,0.4290655944948099,0.4470320005039113,-0.1338619200101662,-0.11301392000384042,-0.028764543524754483,B,IEF,Crypto model C
3948,0.6562816616008106,0.6554635933413591,0.3095882284703384,0.0982559249766246,1.5714285714285714,0.75,0.34870931537598204,0.36987713422651725,0.394652347607489,0.1967592016618986,0.12238696850471176,-0.028764543524754483,B,IEF,EMA cross (calm-tuned)
3948,0.693515704154002,0.6975704678483956,0.3932451092742734,-0.014083059601867936,3.2857142857142856,0.6521739130434783,0.15399737876802097,0.30765895559925444,0.31568913849654523,-0.12423229507866534,-0.11314247843652088,-0.028764543524754483,B,IEF,SuperTrend (calm-tuned)
3948,0.6990881458966566,0.698233633608701,0.3949617105933546,-0.0060530749399573935,1.7142857142857142,0.7916666666666666,0.2509259259259259,0.4290655944948099,0.43675615507664156,-0.06168113880461234,-0.06497088748950584,-0.028764543524754483,B,IEF,Online directional-change (calm-tuned)
3935,0.8020330368487929,0.7305506763558924,0.5010776601239104,0.13759196434710003,2.1818181818181817,0.7291666666666666,0.17390752032520326,0.3686857402703161,0.37169835104905924,0.28775084911531573,0.39701503028440555,0.3617259230753705,B,PTC,MODEL calm
3935,0.7486658195679796,0.7254667355930822,0.43193191604987463,0.024084099022428133,2.3636363636363638,0.7115384615384616,0.1671516461589624,0.3584997656131427,0.42842023427828424,0.041998040541606475,0.2647751319107582,0.3617259230753705,B,PTC,Crypto model C
3935,0.7728081321473952,0.7522388732630976,0.4846060814726771,-0.04261750179948546,2.1818181818181817,0.7083333333333334,0.20760693641618497,0.4553219120787295,0.48060208081740624,-0.1011529551674627,0.17493341362317102,0.3617259230753705,B,PTC,EMA cross (calm-tuned)
3935,0.7308767471410419,0.757263522485699,0.47201544607361257,0.02132284581827794,3.272727272727273,0.6527777777777778,0.0712112676056338,0.3140958446616507,0.3907164526866218,0.03220334217717629,0.28245756507222114,0.3617259230753705,B,PTC,SuperTrend (calm-tuned)
3935,0.7781448538754765,0.7341754893713739,0.4689291272580227,0.09395820546974185,1.4545454545454546,0.8125,0.20958008549157656,0.40584579832702006,0.42710411833942574,0.1965951118671224,0.36695023570253205,0.3617259230753705,B,PTC,Online directional-change (calm-tuned)
3948,0.7375886524822695,0.7286676554196021,0.48463729649832954,0.02628060669127563,2.6153846153846154,0.6617647058823529,0.16405375139977602,0.3989631267893115,0.3549936455119069,0.052137207791790235,-0.0190505953456086,-0.08168440194410408,B,PSKY,MODEL calm
3948,0.7441742654508612,0.7441694475342974,0.48772016843919486,0.06487457412857696,2.3846153846153846,0.7096774193548387,0.1854198473282443,0.43502568602264485,0.41300414529591706,0.14412998909201677,0.04908098374936309,-0.08168440194410408,B,PSKY,Crypto model C
3948,0.6930091185410334,0.6953281423804227,0.3906562847608454,0.035094376832196995,1.8461538461538463,0.7291666666666666,0.2953784860557769,0.4165039159369752,0.4769139617421432,0.07585681659550944,-0.0047040723695426934,-0.08168440194410408,B,PSKY,EMA cross (calm-tuned)
3948,0.7216312056737588,0.7195108762822889,0.4404433004370582,0.05730614879379608,2.769230769230769,0.6805555555555556,0.13367220431440616,0.2952059029189177,0.31986391742994624,0.12480717964180105,0.032426475223963816,-0.08168440194410408,B,PSKY,SuperTrend (calm-tuned)
3948,0.7330293819655522,0.7299344951180324,0.46326314193540863,0.0433497657170491,1.7692307692307692,0.782608695652174,0.19160305343511452,0.4643642296134828,0.45354358674754536,0.09564428404607697,0.010718358654251307,-0.08168440194410408,B,PSKY,Online directional-change (calm-tuned)
504,0.48412698412698413,0.5356793743890518,0.06382104628074489,-1.3650496620324355,15.0,0.5333333333333333,0.0,0.0,0.2977017847807707,-1.4661302429932943,-1.2251534465479108,-0.03521835632038093,B,TIE-201301,MODEL calm
504,0.7956349206349206,0.7662512218963833,0.5055515859633961,-1.0377556856677752,9.0,0.5555555555555556,0.0,0.0,0.43996330822033275,-1.1096491517140674,-1.470598524625482,-0.03521835632038093,B,TIE-201301,Crypto model C
504,0.7083333333333334,0.6289100684261975,0.25478975103186174,-0.9143425676587831,13.0,0.5384615384615384,0.0,0.0,0.3848784205713506,-0.9832042658717047,-1.666440490696825,-0.03521835632038093,B,TIE-201301,EMA cross (calm-tuned)
504,0.6825396825396826,0.6652003910068427,0.29855049131787764,-1.1564844984119587,13.0,0.5384615384615384,0.0,0.0,0.2977017847807707,-1.2410331953431908,-1.4118926986505715,-0.03521835632038093,B,TIE-201301,SuperTrend (calm-tuned)
504,0.7162698412698413,0.6709433040078201,0.3213435101270241,-0.017457312321183645,3.0,0.6666666666666666,0.0,0.0,0.5106949159769423,-0.021860122358906258,-0.04091492878516882,-0.03521835632038093,B,TIE-201301,Online directional-change (calm-tuned)
2406,0.7186201163757273,0.7181051162276458,0.44340884269803604,-0.015544230022007917,2.263157894736842,0.6976744186046512,0.2033898305084746,0.3838783423659611,0.3569072535430865,-0.04533503181409224,-0.4608611028597438,-0.538373319392029,B,DNR,MODEL calm
2406,0.7306733167082294,0.7306980568838277,0.46139611376765527,0.08941149370799918,1.8421052631578947,0.7714285714285715,0.16279069767441862,0.37416438671980407,0.41788418088183166,0.2263652984280281,-0.22867057123962659,-0.538373319392029,B,DNR,Crypto model C
2406,0.6217788861180382,0.6226222394206584,0.25612665784778416,0.15442166718536238,1.4210526315789473,0.7037037037037037,0.224,0.42472108649323925,0.4182064583045952,0.39511434399130196,-0.18851736691676607,-0.538373319392029,B,DNR,EMA cross (calm-tuned)
2406,0.7676641729010806,0.7677554658779955,0.5357158679481542,0.3057970754030294,1.736842105263158,0.7878787878787878,0.13559322033898305,0.29007753568516154,0.3322650779390958,0.7856649153393775,0.17996844314704744,-0.538373319392029,B,DNR,SuperTrend (calm-tuned)
2406,0.64214463840399,0.6417383012244673,0.28634530360775906,0.047688692826172614,1.9473684210526316,0.7567567567567568,0.15384615384615385,0.35093635457189676,0.420990564545145,0.11849833658932682,-0.31136558978394496,-0.538373319392029,B,DNR,Online directional-change (calm-tuned)
3926,0.7147223637289862,0.6285567956887045,0.3128009590449141,0.05291523179410415,1.8666666666666667,0.6964285714285714,0.20643939393939395,0.45962791326212393,0.4054593134295414,0.10495167274427533,0.21097336634516725,0.21907901538733993,B,IAT,MODEL calm
3926,0.7384105960264901,0.6936501363428735,0.4019379721398029,0.032280984373639604,1.8,0.7592592592592593,0.1865497076023392,0.49244730974787365,0.5288485294786391,0.05948851115230399,0.19431835674405118,0.21907901538733993,B,IAT,Crypto model C
3926,0.630412633723892,0.5940569733266277,0.18642765262894298,-0.023991154761769762,2.066666666666667,0.6774193548387096,0.36028944020356235,0.5801262232519326,0.5889310827757843,-0.06757935283990589,0.12170113957283918,0.21907901538733993,B,IAT,EMA cross (calm-tuned)
3926,0.7024961793173714,0.7188372329086941,0.4154529851026858,0.08912352037488892,2.466666666666667,0.6891891891891891,0.16398559423769507,0.4239952224340675,0.4736625590001755,0.18143619461920255,0.34508814685858696,0.21907901538733993,B,IAT,SuperTrend (calm-tuned)
3926,0.6785532348446256,0.6087804464479336,0.23992566623787148,-0.07067794540468927,1.4,0.7619047619047619,0.4517468004150813,0.5340797118758139,0.5726883062081778,-0.1669331680861957,0.03615305957396345,0.21907901538733993,B,IAT,Online directional-change (calm-tuned)
3950,0.7260759493670886,0.6764228305104322,0.3960609262806984,0.0727087140572626,1.9375,0.7419354838709677,0.19200887902330743,0.44975247384399725,0.41373110156543647,0.19091107632866447,0.4226334452850862,0.48116317374449763,B,VLO,MODEL calm
3950,0.7253164556962025,0.7013547208011468,0.4096521115569931,0.09479671714408866,1.75,0.7857142857142857,0.20833333333333331,0.4495145869632506,0.4768007921167592,0.2529748042099329,0.4930280342571628,0.48116317374449763,B,VLO,Crypto model C
3950,0.66,0.6345440216320513,0.272080642370846,0.010747755172150049,1.875,0.7333333333333333,0.3623112961998959,0.4617888337225673,0.5115224366541382,0.0199118072275815,0.3562069294905157,0.48116317374449763,B,VLO,EMA cross (calm-tuned)
3950,0.7070886075949367,0.7064284695187819,0.40317388174500596,0.06952292814487865,2.25,0.7222222222222222,0.2013000852514919,0.4057945777973736,0.4159205797275548,0.18045967526057244,0.49637655380566426,0.48116317374449763,B,VLO,SuperTrend (calm-tuned)
3950,0.710379746835443,0.6896724619366936,0.38203212166468775,0.06972457835862728,1.375,0.8636363636363636,0.2564935064935065,0.4702376203637458,0.5325455649399344,0.18559597401772968,0.44476035297086514,0.48116317374449763,B,VLO,Online directional-change (calm-tuned)
3948,0.794579533941236,0.7665830124183289,0.5586455043504857,0.07832366380422748,2.12,0.7358490566037735,0.18,0.48870316929518304,0.37854402988190133,0.16874153405542264,0.07256094196651719,-0.06463501160098221,B,AAP,MODEL calm
3948,0.7697568389057751,0.7593613430833802,0.516745783045636,0.03397168664740595,2.04,0.7450980392156863,0.2,0.4116233056726087,0.4381844819651419,0.06876630997771381,0.0030626198298569396,-0.06463501160098221,B,AAP,Crypto model C
3948,0.7358156028368794,0.7303486435030937,0.45409460678711355,0.027817049392926344,1.96,0.7346938775510204,0.2459016393442623,0.5058760914028949,0.4843633326644148,0.055167468654118604,-0.0074501624921584466,-0.06463501160098221,B,AAP,EMA cross (calm-tuned)
3948,0.7221377912867275,0.740178378261434,0.46854933367744867,-0.06190581133077744,3.08,0.6493506493506493,0.09032258064516129,0.3372954298706087,0.36345842413083823,-0.1520925195777248,-0.18303354136042319,-0.06463501160098221,B,AAP,SuperTrend (calm-tuned)
3948,0.8216818642350557,0.8136574574877764,0.6254137040247891,0.12594890158006797,1.48,0.8378378378378378,0.1694915254237288,0.4303076662215681,0.44735650046664105,0.2789756634361511,0.16493773654252636,-0.06463501160098221,B,AAP,Online directional-change (calm-tuned)
3918,0.6789178152118428,0.6686042134978305,0.3655526195976351,-0.07944963092802707,2.4285714285714284,0.6911764705882353,0.21076274294096076,0.4026995230064086,0.4224993778771992,-0.1900493557436878,-0.18816079001205316,-0.08527998066528855,B,VNO,MODEL calm
3918,0.7039305768249107,0.6990224266820011,0.4055031870311796,-0.15515203024909371,2.2857142857142856,0.703125,0.26793372319688114,0.4921243675875379,0.48797248931037013,-0.35811936018966634,-0.3312878022288769,-0.08527998066528855,B,VNO,Crypto model C
3918,0.6684532924961715,0.6684350985414815,0.3364116345794964,0.017830381593681388,2.107142857142857,0.6949152542372882,0.3299480396787907,0.5032673380210079,0.4521069308359397,0.028520875228394273,-0.04807979604299256,-0.08527998066528855,B,VNO,EMA cross (calm-tuned)
3918,0.6778968861664114,0.6786060431805112,0.356664337613186,0.00046304587643013244,2.607142857142857,0.6575342465753424,0.1392914653784219,0.3618145344138096,0.4217454151635713,-0.012865294949901048,-0.08368846205832298,-0.08527998066528855,B,VNO,SuperTrend (calm-tuned)
3918,0.6995916283818274,0.6952255737362121,0.39622132539025007,-0.0427203784831039,1.5,0.8333333333333334,0.2710285988944965,0.5486710072824796,0.5599484534114176,-0.10322265817881285,-0.14633136341782602,-0.08527998066528855,B,VNO,Online directional-change (calm-tuned)
3950,0.7617721518987342,0.6513433269820864,0.33404913426118144,0.07731081889998413,1.4,0.7959183673469388,0.27611940298507465,0.5355127857971567,0.4489927222147526,0.18569115835321195,0.46674874946251715,0.5913948360554228,B,WM,MODEL calm
3950,0.7359493670886076,0.6722811489735034,0.33517528446966827,-0.06156646425910442,1.6285714285714286,0.7894736842105263,0.2916666666666667,0.5497303272199625,0.541407564087889,-0.1801711211037041,0.2823667501863625,0.5913948360554228,B,WM,Crypto model C
3950,0.7027848101265822,0.6161807413824825,0.2314943413895864,-0.036449809151781074,1.3428571428571427,0.8085106382978723,0.4470588235294118,0.6159878516128732,0.5799350021994796,-0.11112548598880098,0.3203887067051996,0.5913948360554228,B,WM,EMA cross (calm-tuned)
3950,0.6888607594936709,0.6785255991182113,0.3208732498492954,-0.08852511657763769,2.2,0.7142857142857143,0.208955223880597,0.4359816195951603,0.4432739167825448,-0.25742121022304754,0.2479197260636251,0.5913948360554228,B,WM,SuperTrend (calm-tuned)
3950,0.7078481012658228,0.6252694455783977,0.24839160079944425,-0.1479982557988785,1.4,0.8163265306122449,0.375886524822695,0.5642745926384772,0.5707000725692755,-0.40361744981013825,0.12140834644209353,0.5913948360554228,B,WM,Online directional-change (calm-tuned)
3920,0.7076530612244898,0.6036700562700483,0.25511239572564676,-0.08880784904703434,2.230769230769231,0.7068965517241379,0.22960888668853272,0.45292331619061743,0.5049416610140903,-0.19837921778662007,-0.011632542236257381,0.17983992681393873,B,MET,MODEL calm
3920,0.7186224489795918,0.658193555565925,0.3304085557638134,-0.09592860383912566,2.1538461538461537,0.7321428571428571,0.2238168526356291,0.5220574871067536,0.5789114628328842,-0.21293724676564224,-0.0223452177567297,0.17983992681393873,B,MET,Crypto model C
3920,0.6395408163265306,0.6154699560057479,0.22068837417302228,-0.14934115625638736,2.5384615384615383,0.6818181818181818,0.3254310344827586,0.43738578863069655,0.5762869998195433,-0.3270004488157219,-0.11999938262187765,0.17983992681393873,B,MET,EMA cross (calm-tuned)
3920,0.6594387755102041,0.6816258490459935,0.3388778172871015,-0.16268176044239843,3.230769230769231,0.6428571428571429,0.11861861861861861,0.3649403634109015,0.37945484696506887,-0.35880083512904776,-0.1451670666983834,0.17983992681393873,B,MET,SuperTrend (calm-tuned)
3920,0.6517857142857143,0.5858267796614225,0.1771851817597017,-0.11411407154024311,1.2307692307692308,0.84375,0.4972492784992785,0.5923684869322053,0.6349131121779612,-0.24592660773146932,-0.04497271193932813,0.17983992681393873,B,MET,Online directional-change (calm-tuned)
3940,0.7373096446700508,0.6438224036460767,0.32210264827366414,0.04026394129025224,2.0,0.75,0.3277579162410623,0.5009767123134103,0.48019124986758677,0.08053919070389856,0.41317707684886645,0.5860435656443079,B,COR,MODEL calm
3940,0.767005076142132,0.7263064691770144,0.4481195802551146,0.04196433403933656,1.8666666666666667,0.7678571428571429,0.2731928010341056,0.45370844496022655,0.4850788257907314,0.08561430420411631,0.45430079427323533,0.5860435656443079,B,COR,Crypto model C
3940,0.6789340101522843,0.613872664262965,0.22859981282195688,-0.1389320923963694,2.2,0.7272727272727273,0.4062998405103668,0.562981777603145,0.5902244563719047,-0.34792335653682166,0.15830264194812113,0.5860435656443079,B,COR,EMA cross (calm-tuned)
3940,0.7073604060913705,0.6902791643112303,0.35819590267881884,-0.05451492585668428,2.466666666666667,0.7027027027027027,0.2469545957918051,0.424814882130669,0.47364764590355973,-0.1488679296506576,0.3210546174783239,0.5860435656443079,B,COR,SuperTrend (calm-tuned)
3940,0.6799492385786802,0.621740978177634,0.2412307679178219,-0.02943309874070625,1.5333333333333334,0.8043478260869565,0.3359017393957888,0.5239583424754084,0.5363049435160847,-0.08191098039957118,0.33812701600398715,0.5860435656443079,B,COR,Online directional-change (calm-tuned)
3531,0.7329368450863778,0.7429854517383304,0.4930063866308195,-0.05781912064870301,2.142857142857143,0.6666666666666666,0.17534562211981566,0.46369582151311456,0.3986957776452587,-0.1586830194827819,-0.2990943623383829,-0.2544559290723274,B,WBA,MODEL calm
3531,0.7884451996601529,0.7886946132251987,0.5757721874326335,0.040672673594707984,1.7142857142857142,0.7708333333333334,0.21160106540396567,0.4577277879899819,0.48386142160638407,0.09155491395602736,-0.13036989522247588,-0.2544559290723274,B,WBA,Crypto model C
3531,0.7646559048428208,0.7593153937961381,0.5241107553959155,0.0564594125678811,1.6428571428571428,0.717391304347826,0.13468410520297314,0.37532834701379647,0.49747565594515814,0.13167212097679235,-0.12191103202542387,-0.2544559290723274,B,WBA,EMA cross (calm-tuned)
3531,0.719626168224299,0.7202693904626194,0.4389918370806918,0.005515125005709601,2.357142857142857,0.6666666666666666,0.2107907383136741,0.4087208333040254,0.3992645340324674,-0.0008204184015259217,-0.19544644166386949,-0.2544559290723274,B,WBA,SuperTrend (calm-tuned)
3531,0.7394505805720759,0.7377141152145775,0.47520016533508586,-0.05478657509799479,1.7142857142857142,0.75,0.2071559633027523,0.4653306914901572,0.5002095285282909,-0.148377988510468,-0.3211295245615867,-0.2544559290723274,B,WBA,Online directional-change (calm-tuned)
3913,0.7582417582417582,0.6344106632370188,0.3043139535404642,-0.03134478815740473,1.9230769230769231,0.76,0.2366666666666667,0.47756027136569223,0.4612599867371562,-0.08417752971342239,0.08036118743426018,0.20717750416675557,B,IYR,MODEL calm
3913,0.7684640940454894,0.7129775623255377,0.4125833280133146,0.014733177755701364,1.7692307692307692,0.782608695652174,0.2866666666666667,0.4650593235378281,0.47580738510226317,0.016677966373977483,0.16218302022520203,0.20717750416675557,B,IYR,Crypto model C
3913,0.6751852798364426,0.6385079314042938,0.2520632759526982,-0.15252095300288085,2.0,0.7307692307692307,0.2850498338870432,0.5018914283503574,0.532446370823933,-0.34654051864238594,-0.11521890091366029,0.20717750416675557,B,IYR,EMA cross (calm-tuned)
3913,0.6424738052645029,0.6783810234393626,0.31123961770620034,-0.09838574946782076,3.1153846153846154,0.6666666666666666,0.1198206591359031,0.33412727926534325,0.4398836638991338,-0.23911546100517345,-0.02905055167637151,0.20717750416675557,B,IYR,SuperTrend (calm-tuned)
3913,0.6779964221824687,0.6269098542605749,0.23474362644205446,-0.11765177454900048,1.3076923076923077,0.7941176470588235,0.3293548387096774,0.54533131313805,0.5075901763878035,-0.2653428894849863,-0.0416858758454981,0.20717750416675557,B,IYR,Online directional-change (calm-tuned)
3913,0.7004855609506773,0.6708483009586189,0.3912382691027107,-0.024624334576051034,1.75,0.7678571428571429,0.26200794510653663,0.46453486640931285,0.4306180931593089,-0.07552230928421223,0.1618769442300259,0.32882885526360073,B,BALL,MODEL calm
3913,0.7538972655251726,0.7392801774696649,0.4953314463741315,-0.04025548898808529,1.8125,0.7758620689655172,0.20573440643863178,0.47035038958514,0.495808843070638,-0.11513224026898404,0.15611710547976568,0.32882885526360073,B,BALL,Crypto model C
3913,0.669051878354204,0.6531773352019945,0.3167887640853387,-0.035294304820440915,1.5625,0.8,0.3625,0.4758113728649326,0.5229026561184968,-0.10076404135415157,0.16654561152932446,0.32882885526360073,B,BALL,EMA cross (calm-tuned)
3913,0.693841042678252,0.6822142625192593,0.3709440855211109,-0.060621991669491004,2.375,0.6973684210526315,0.22605519480519481,0.42366345155430163,0.39191320953308345,-0.1706452850757299,0.12070502322843574,0.32882885526360073,B,BALL,SuperTrend (calm-tuned)
3913,0.7620751341681574,0.7491542926325535,0.5121725458884794,-0.0012756419479552658,1.375,0.8636363636363636,0.2518078512396694,0.5097370276279797,0.5287863929513499,-0.01412704557576994,0.22158949895852745,0.32882885526360073,B,BALL,Online directional-change (calm-tuned)
3027,0.751569210439379,0.695603378512621,0.4229156155356975,0.19468860066928054,1.5,0.7380952380952381,0.2421139359698682,0.35638135521201025,0.37608777803976373,0.5180136050535998,0.5411783096071873,0.2742448940003109,B,SYF,MODEL calm
3027,0.7139081598942848,0.6861251774785209,0.36962032163130665,0.0387477204716097,1.6071428571428572,0.7777777777777778,0.32646520146520147,0.4924413915813623,0.5058101203193321,0.09498402679490205,0.2540479861873317,0.2742448940003109,B,SYF,Crypto model C
3027,0.6590683845391476,0.647187480313816,0.28344107560511317,0.06569930169380865,1.3214285714285714,0.7837837837837838,0.4782608695652174,0.44847563273469987,0.524200093428377,0.16969071794925344,0.36148069241460784,0.2742448940003109,B,SYF,EMA cross (calm-tuned)
3027,0.6967294350842418,0.6896849241385326,0.3650316424126114,0.0016872086739239118,2.107142857142857,0.6779661016949152,0.23670212765957446,0.36959088496746273,0.4455163534056748,-0.00840177041158008,0.21797606342402645,0.2742448940003109,B,SYF,SuperTrend (calm-tuned)
3027,0.7231582424843079,0.6703008775797987,0.3605974852302133,0.14430906150419892,1.2142857142857142,0.7647058823529411,0.25386882829771557,0.33436733561289894,0.2742072064707346,0.3832657983186338,0.4606073816959832,0.2742448940003109,B,SYF,Online directional-change (calm-tuned)
3838,0.7235539343408025,0.7000995516016071,0.42800193403444386,-0.045986259023728444,2.1333333333333333,0.71875,0.18719914423248352,0.464492568229898,0.4593147689527252,-0.11951922563113422,-0.014237209710198333,0.09829455138887866,B,BF-B,MODEL calm
3838,0.7378843147472642,0.733891743459851,0.46631703730585183,-0.229711163321071,2.3,0.7101449275362319,0.27584310850439886,0.493960463544311,0.5502546977387786,-0.5312948513254558,-0.307764888025264,0.09829455138887866,B,BF-B,Crypto model C
3838,0.7316310578426264,0.728279341572144,0.4545612751815259,-0.08061077248348356,1.9666666666666666,0.6440677966101694,0.31048387096774194,0.45496242216513694,0.5518991992215813,-0.19551794682652385,-0.077188433944213,0.09829455138887866,B,BF-B,EMA cross (calm-tuned)
3838,0.6909848879624805,0.6907887855176281,0.37813849609365924,-0.15466223909549015,2.6,0.6923076923076923,0.20454545454545456,0.4140208237780909,0.4451247296604481,-0.3658645303118977,-0.2048011262445747,0.09829455138887866,B,BF-B,SuperTrend (calm-tuned)
3838,0.7042730588848358,0.6974906226442159,0.3952621507457721,-0.2608843131123071,1.9333333333333333,0.7586206896551724,0.3703776553894571,0.5769627880897403,0.5829275356355914,-0.5980004085024078,-0.3400784413085114,0.09829455138887866,B,BF-B,Online directional-change (calm-tuned)
1472,0.7207880434782609,0.6943235706800703,0.3949752442518053,0.12994495520666757,1.2941176470588236,0.8636363636363636,0.3269230769230769,0.3966633884531293,0.44673033982976473,0.41389153758713576,0.2576294399806761,-0.006077160430179247,B,VNT,MODEL calm
1472,0.6508152173913043,0.6532886544431222,0.2970240970392274,-0.0264909448150068,1.4705882352941178,0.76,0.3302752293577982,0.4124818568573557,0.5284435526682965,-0.10026637583752401,-0.0849970607532121,-0.006077160430179247,B,VNT,Crypto model C
1472,0.5686141304347826,0.5733491603960318,0.14188430298937393,0.018074978198782145,1.2941176470588236,0.7727272727272727,0.34782608695652173,0.5581742382451125,0.6045259317258971,0.04730053369329271,0.03643783114377801,-0.006077160430179247,B,VNT,EMA cross (calm-tuned)
1472,0.6616847826086957,0.6697057784566443,0.3283611101862213,-0.05679544985722621,1.7647058823529411,0.8,0.3188405797101449,0.4440429056486815,0.47625656668999317,-0.2022828651076657,-0.1504539330199933,-0.006077160430179247,B,VNT,SuperTrend (calm-tuned)
1472,0.5998641304347826,0.5561979132748008,0.11712659916746554,-0.053783717029764005,1.0588235294117647,0.7777777777777778,0.3188405797101449,0.4124818568573557,0.4936120204587801,-0.1858978745438976,-0.1195214530730144,-0.006077160430179247,B,VNT,Online directional-change (calm-tuned)
3947,0.6903977704585761,0.6834848190447405,0.4103026404640535,0.0002974072616906573,2.608695652173913,0.6833333333333333,0.16279069767441862,0.3774000116619833,0.3549209295249032,-0.04895710603104892,-0.055707721583402044,-0.03539469479358572,B,LQD,MODEL calm
3947,0.6967316949581961,0.694346992235008,0.39375917221522333,0.11917137313546092,2.1739130434782608,0.74,0.17333333333333334,0.33043058911298456,0.3556123991205735,0.22853733404560153,0.14908100518524559,-0.03539469479358572,B,LQD,Crypto model C
3947,0.7073726881175576,0.7060588630192897,0.4138232054962716,0.02019941015705229,2.5217391304347827,0.6724137931034483,0.203125,0.3808675615788955,0.40840032285228206,-0.0022575519338860223,-0.03084661575086437,-0.03539469479358572,B,LQD,EMA cross (calm-tuned)
3947,0.7058525462376488,0.7077177780587829,0.4175191241434843,0.1282519675608252,3.391304347826087,0.6538461538461539,0.1625,0.2697470253860189,0.24739620345496757,0.22593181152480762,0.17104906091613323,-0.03539469479358572,B,LQD,SuperTrend (calm-tuned)
3947,0.6878642006587281,0.6846915129963123,0.3777899327259902,0.09772878477426318,1.4782608695652173,0.8235294117647058,0.21354166666666666,0.3830785790162704,0.3909930298051898,0.19319738347127524,0.11569653979622047,-0.03539469479358572,B,LQD,Online directional-change (calm-tuned)
2623,0.7525733892489516,0.6978078270367999,0.442754949648232,0.09895699443574658,2.0,0.75,0.22756410256410256,0.44995430342161963,0.4330938876765127,0.21831974158034664,0.2756849418370926,0.2169274511002189,B,CTB,MODEL calm
2623,0.7167365611894777,0.6902199706203623,0.38360528086608686,-0.020870383148066357,2.0,0.7222222222222222,0.2467948717948718,0.4258459803465642,0.4463902760051496,-0.05623311157908312,0.1160053346764514,0.2169274511002189,B,CTB,Crypto model C
2623,0.6763248189096455,0.6622499905834495,0.3181866566070344,0.03435426144829906,1.8888888888888888,0.7647058823529411,0.24883071129198808,0.47828091829419717,0.42345770766281804,0.07076749405338485,0.2083896241643729,0.2169274511002189,B,CTB,EMA cross (calm-tuned)
2623,0.6847121616469691,0.678020515524753,0.34634686214475197,-0.0053312752866359215,2.888888888888889,0.6346153846153846,0.15124740124740127,0.28446039914180576,0.3614211475626924,-0.02437578052744245,0.1532088312724022,0.2169274511002189,B,CTB,SuperTrend (calm-tuned)
2623,0.7209302325581395,0.6948601328361395,0.39286478858266327,0.09885924690828377,1.1111111111111112,0.95,0.2923373625706129,0.6059478038395048,0.5557975035215397,0.22186245778006386,0.2886507832202729,0.2169274511002189,B,CTB,Online directional-change (calm-tuned)
3914,0.842360756259581,0.773230509935483,0.5937084897231917,0.17528502561075893,2.12,0.7169811320754716,0.22641509433962265,0.4201560573371933,0.4002633975046507,0.40883259165098146,0.6238821242198518,0.6290788966611871,B,LRCX,MODEL calm
3914,0.8622892181911088,0.8376157724491611,0.6667281147552124,0.2184224615894287,1.8,0.7777777777777778,0.17326732673267325,0.3406962048929094,0.4808144732550433,0.5128092876413688,0.7272919288937479,0.6290788966611871,B,LRCX,Crypto model C
3914,0.8106796116504854,0.771044591518111,0.5385226450622487,0.09433528536776749,1.84,0.6956521739130435,0.19801980198019803,0.367399058735897,0.5290235192906497,0.21720493741697489,0.5386680755557535,0.6290788966611871,B,LRCX,EMA cross (calm-tuned)
3914,0.7342871742462953,0.7543248149162818,0.46283411449179485,-0.030666110055294453,3.24,0.654320987654321,0.11304347826086956,0.2938111712882284,0.4187513496045521,-0.08571977139072097,0.3962463509113389,0.6290788966611871,B,LRCX,SuperTrend (calm-tuned)
3914,0.8058252427184466,0.7733162228021859,0.5349804210306114,0.06615055362451798,1.8,0.6888888888888889,0.28217821782178215,0.3966873367458688,0.41368380520765935,0.15029072523095857,0.49778276933712456,0.6290788966611871,B,LRCX,Online directional-change (calm-tuned)
3948,0.8044579533941236,0.7511097348185813,0.5304916873204673,0.024614496516600744,2.259259259259259,0.7213114754098361,0.2948717948717949,0.5242912850100191,0.4464102349818569,0.038092725977440005,0.14182833367955833,0.15188174611211294,B,SPG,MODEL calm
3948,0.7821681864235056,0.7702181644684748,0.520921127583334,-0.01687962350306312,1.8148148148148149,0.7755102040816326,0.19230769230769232,0.4666924881679712,0.5833355969007115,-0.04415604004398945,0.0825484777644593,0.15188174611211294,B,SPG,Crypto model C
3948,0.7512664640324215,0.742453639939112,0.46284684721403196,0.14127663491730266,1.5925925925925926,0.7441860465116279,0.2948717948717949,0.5652400112031369,0.5129890226601366,0.27969372301361556,0.3946148986404797,0.15188174611211294,B,SPG,EMA cross (calm-tuned)
3948,0.7403748733535968,0.7549989653064431,0.47696217594793655,0.10523707346514018,2.3703703703703702,0.703125,0.136986301369863,0.4418338672226538,0.40641040659805994,0.2020036575271815,0.2975078790081444,0.15188174611211294,B,SPG,SuperTrend (calm-tuned)
3948,0.7310030395136778,0.6987209881278935,0.3902491128389566,0.0562532672951934,1.037037037037037,0.8214285714285714,0.2696629213483146,0.5193016068560038,0.5760285816748916,0.10920082485399017,0.18588180893367467,0.15188174611211294,B,SPG,Online directional-change (calm-tuned)
3940,0.8185279187817259,0.6103615865546932,0.27336450532818374,0.16664633378462912,1.8181818181818181,0.75,0.3093112244897959,0.4119620668345657,0.42289220267220295,0.342519983555183,0.5637636973490813,0.52695403051454,B,IVE,MODEL calm
3940,0.8073604060913706,0.6800221484138165,0.352884405054104,0.1588928871423218,1.9090909090909092,0.7619047619047619,0.2806712962962963,0.3905635028740595,0.500433825738986,0.32509488058051395,0.5956728314605424,0.52695403051454,B,IVE,Crypto model C
3940,0.782741116751269,0.6746180591767437,0.32199007964898246,0.012617394238174116,2.272727272727273,0.68,0.25494891443167306,0.3324555907899416,0.6046772729753167,0.00783301380137822,0.40884657707963457,0.52695403051454,B,IVE,EMA cross (calm-tuned)
3940,0.6934010152284263,0.7271308347282887,0.35323072797276345,-0.09671681589414625,4.090909090909091,0.6111111111111112,0.09521114716164894,0.3258576539988413,0.4678760772081848,-0.24239322877195524,0.25650855074620305,0.52695403051454,B,IVE,SuperTrend (calm-tuned)
3940,0.7812182741116751,0.6371557759987556,0.2678780516428233,0.12395547367253,1.4545454545454546,0.8125,0.4559659090909091,0.4107736941186425,0.5600500241911023,0.25380530280733493,0.5184761474265455,0.52695403051454,B,IVE,Online directional-change (calm-tuned)
2955,0.7489001692047378,0.6083593629194372,0.24891634735162926,0.055976274109086906,1.6666666666666667,0.7428571428571429,0.3888888888888889,0.4338305943239133,0.38951977322024717,0.12125253844680108,0.3568452810619332,0.44514795731623036,B,DRE,MODEL calm
2955,0.723181049069374,0.62296891912788,0.24757144955430585,-0.0031142894311907464,1.6666666666666667,0.8,0.4375,0.4790001560611694,0.5169766498669836,-0.018906464973935368,0.2999596774413479,0.44514795731623036,B,DRE,Crypto model C
2955,0.6758037225042302,0.5794773465285294,0.15399159654646075,-0.13365617666045765,1.9523809523809523,0.7560975609756098,0.4387755102040816,0.48416894636823904,0.5961587272826545,-0.33062909686014363,0.08533328191378382,0.44514795731623036,B,DRE,EMA cross (calm-tuned)
2955,0.711336717428088,0.6821447348074842,0.3286579185284702,0.04333892541095525,2.3333333333333335,0.7142857142857143,0.18493150684931506,0.37012690292962247,0.4913301836705684,0.08667689932253804,0.42456289882924564,0.44514795731623036,B,DRE,SuperTrend (calm-tuned)
2955,0.62165820642978,0.5147456316684706,0.028184065775037903,-0.15061863129975428,1.1428571428571428,0.8333333333333334,0.4634146341463415,0.6132197089628014,0.6382179983074752,-0.365194524173313,0.054811215515362596,0.44514795731623036,B,DRE,Online directional-change (calm-tuned)
1874,0.6072572038420491,0.5887673678028009,0.1984953335449781,0.04579968412986567,1.3636363636363635,0.8333333333333334,0.29988579894441186,0.5064315254981202,0.49450660998633644,0.12323588336007753,0.22560791982197215,0.24489656425390374,B,FOXA,MODEL calm
1874,0.656350053361793,0.6587834737441036,0.3165878948072952,-0.030548281815267572,1.3181818181818181,0.7931034482758621,0.310989010989011,0.5234718027321301,0.46725270630570354,-0.10220708226366369,0.1067742890401998,0.24489656425390374,B,FOXA,Crypto model C
1874,0.5485592315901814,0.544330341574436,0.08886275136619078,-0.15780125958092717,1.5,0.7272727272727273,0.524115275496491,0.6620852597627884,0.5644467308821877,-0.4802830288971339,-0.1675818019433176,0.24489656425390374,B,FOXA,EMA cross (calm-tuned)
1874,0.6723585912486659,0.6721878842941835,0.3433375516686553,-0.0667387068550769,1.5454545454545454,0.7941176470588235,0.2797286512370311,0.45582564698888495,0.5644467308821877,-0.21126452707620308,0.025032366109631353,0.24489656425390374,B,FOXA,SuperTrend (calm-tuned)
1874,0.7379935965848452,0.7269194060532643,0.47420882172453627,0.011009169782889187,0.8181818181818182,0.8333333333333334,0.22963400236127507,0.5111692991271728,0.43510098674643716,0.025204847395103164,0.15760193779774112,0.24489656425390374,B,FOXA,Online directional-change (calm-tuned)
3950,0.7437974683544304,0.690324466974878,0.4116398664644282,0.02327826666508846,2.6,0.6461538461538462,0.14492753623188406,0.3281344631984289,0.3435500411720307,0.03615704762401921,0.07031582659429204,0.0706038838437864,B,VTR,MODEL calm
3950,0.7632911392405063,0.7418414263465798,0.4818740085154344,-0.013013588433781684,2.2,0.7272727272727273,0.15458937198067632,0.3350718180763824,0.44122990427763203,-0.03835579754855948,0.022970733514679195,0.0706038838437864,B,VTR,Crypto model C
3950,0.6881012658227849,0.6749871343862996,0.34023919311368556,0.036189194773511964,2.08,0.6923076923076923,0.18238993710691823,0.4352042703508539,0.4209922767164807,0.06595551951433422,0.1282937747385087,0.0706038838437864,B,VTR,EMA cross (calm-tuned)
3950,0.6779746835443038,0.6852052625218968,0.35407716081434415,-0.007858930577999919,3.16,0.6582278481012658,0.10588235294117647,0.37463847373131204,0.2845515599864498,-0.032252884248792,0.03352139056260985,0.0706038838437864,B,VTR,SuperTrend (calm-tuned)
3950,0.7311392405063292,0.703263880145154,0.40763153220292686,0.0010125625981150536,1.28,0.75,0.25333333333333335,0.4652008216391524,0.4293274888582287,-0.004221086636989813,0.04678174492133032,0.0706038838437864,B,VTR,Online directional-change (calm-tuned)
3939,0.707032241685707,0.700508411442848,0.4215969879460114,-0.06841459901342833,2.357142857142857,0.6818181818181818,0.2557168784029038,0.4441037046675592,0.4075026779134937,-0.1631651473367075,-0.21133912314499897,-0.15434759326407674,B,NOV,MODEL calm
3939,0.7057628839807057,0.7043785844143298,0.40968239419689917,-0.1162564004150145,2.2142857142857144,0.7096774193548387,0.2641379310344828,0.4623285344071999,0.43953758907623697,-0.2698106350925749,-0.31047303956300953,-0.15434759326407674,B,NOV,Crypto model C
3939,0.6887534907336887,0.6901269452898452,0.380262534629011,-0.04075015464366105,1.9285714285714286,0.7037037037037037,0.27855072463768116,0.5082171968282951,0.509845673893196,-0.09936060572820814,-0.21057847042904507,-0.15434759326407674,B,NOV,EMA cross (calm-tuned)
3939,0.6438182279766438,0.6452497291589281,0.2905987868365895,-0.18651400871439774,2.9285714285714284,0.6463414634146342,0.16575757575757577,0.4110829528435126,0.36021618687142576,-0.4303944211790287,-0.4609421959056307,-0.15434759326407674,B,NOV,SuperTrend (calm-tuned)
3939,0.7334348819497334,0.7312577203266935,0.4653407465364372,-0.0793025440354147,1.5,0.8333333333333334,0.302396878483835,0.4989636692135232,0.5041377773361403,-0.18396793916332108,-0.24304052946601795,-0.15434759326407674,B,NOV,Online directional-change (calm-tuned)
3950,0.709873417721519,0.720441738139521,0.4636346376007583,-0.048213893244338314,2.5555555555555554,0.6666666666666666,0.14457831325301204,0.36775790011678167,0.41018526734195176,-0.12892706126984307,-0.11451110027894507,-0.038852873754499466,B,WYNN,MODEL calm
3950,0.7792405063291139,0.7825706860030044,0.5655674101209076,0.061664663397333945,1.6666666666666667,0.7777777777777778,0.1509433962264151,0.4639285470525615,0.48927597595297767,0.1459214894647092,0.08286751810009473,-0.038852873754499466,B,WYNN,Crypto model C
3950,0.7286075949367089,0.7305193526794503,0.46041540409719706,0.046743069706019394,1.7407407407407407,0.723404255319149,0.2608695652173913,0.45141155343448464,0.5654323620356754,0.10876807557471047,0.061371546804729886,-0.038852873754499466,B,WYNN,EMA cross (calm-tuned)
3950,0.739746835443038,0.7390953231314181,0.47789040960105134,-0.05650591995283142,2.7777777777777777,0.6666666666666666,0.12048192771084337,0.3648574630631566,0.3596614029946381,-0.15026965239107362,-0.15880485114973167,-0.038852873754499466,B,WYNN,SuperTrend (calm-tuned)
3950,0.7706329113924051,0.7727056435310536,0.5446739182914992,0.0602434963115372,1.4444444444444444,0.8461538461538461,0.1509433962264151,0.5234003163569171,0.5215579710879263,0.14325497410409282,0.08382854169852638,-0.038852873754499466,B,WYNN,Online directional-change (calm-tuned)
3939,0.7367352119827367,0.6944625154548985,0.41074491426813464,-0.03062512988984398,2.1176470588235294,0.7083333333333334,0.2722567287784679,0.42756971283422973,0.44852542541107493,-0.10342437144936756,0.0315224841853657,0.15305394990938534,B,PFE,MODEL calm
3939,0.7303884234577304,0.7227813851606193,0.43527455762372824,-0.09468014905039163,2.0588235294117645,0.7428571428571429,0.2908293752283522,0.4587997139139885,0.4762293297037624,-0.2757666943454195,-0.08583105429238709,0.15305394990938534,B,PFE,Crypto model C
3939,0.6785986290936786,0.6641667298997049,0.321824486239217,-0.15324505334794725,2.176470588235294,0.6891891891891891,0.3701609395389299,0.5103499896394152,0.5139374031854342,-0.43515257602235513,-0.19947718735888034,0.15305394990938534,B,PFE,EMA cross (calm-tuned)
3939,0.6659050520436659,0.6704079702641057,0.3282465005087226,-0.0535563795378985,2.0588235294117645,0.7285714285714285,0.2608695652173913,0.4493280415082974,0.4448886194878157,-0.16476484718116702,-0.008757116476150456,0.15305394990938534,B,PFE,SuperTrend (calm-tuned)
3939,0.7407971566387408,0.7218617629073509,0.44171496711398756,0.024346026121715585,1.2941176470588236,0.8636363636363636,0.2908293752283522,0.5051495745454486,0.4829893923559252,0.053064321110324345,0.1394565959459112,0.15305394990938534,B,PFE,Online directional-change (calm-tuned)
3838,0.7274622199062012,0.6920356011742208,0.42771514738770827,0.04146127493130047,2.206896551724138,0.6875,0.16071428571428573,0.46957053490079864,0.396291457353837,0.087190002631755,0.07352523868059214,0.019183175642200012,B,KMI,MODEL calm
3838,0.7662845231891611,0.7573280167627288,0.5161457906582724,0.14385591010913146,1.6206896551724137,0.7659574468085106,0.12654320987654322,0.4316049237048361,0.3383996417601013,0.3425130183715162,0.26920431084139573,0.019183175642200012,B,KMI,Crypto model C
3838,0.7089630015633143,0.7065368811153248,0.40861042057697217,0.06641726092669427,1.6206896551724137,0.6808510638297872,0.23076923076923078,0.44965865683329104,0.48752707904746684,0.1523347057572904,0.14622454591985234,0.019183175642200012,B,KMI,EMA cross (calm-tuned)
3838,0.6946326211568525,0.7007497418670964,0.39514832047873755,-0.0108756241149423,2.4482758620689653,0.6619718309859155,0.15789473684210525,0.3962404130527375,0.3289776986916614,-0.042854703249046756,-0.020187446241436945,0.019183175642200012,B,KMI,SuperTrend (calm-tuned)
3838,0.7258989056800417,0.7066258924613978,0.4250811556713009,0.0831156071449361,1.5172413793103448,0.75,0.15517241379310345,0.3622948132385016,0.3288458183745704,0.19402497071992872,0.1466650334624745,0.019183175642200012,B,KMI,Online directional-change (calm-tuned)
3919,0.7499362082163817,0.6380955775765785,0.3014987286096148,0.049220904894829325,2.0714285714285716,0.7413793103448276,0.311922268907563,0.44042434663711383,0.41310341416975094,0.10209824458769909,0.380288259332203,0.49747432123240537,B,AIZ,MODEL calm
3919,0.73156417453432,0.6712822549708555,0.329812544283544,0.08341629599720497,1.6785714285714286,0.8085106382978723,0.3151981076286221,0.43366563285352416,0.4614539008638254,0.1859034034768899,0.47923988242996435,0.49747432123240537,B,AIZ,Crypto model C
3919,0.6777239091605002,0.6253361713973391,0.2332986007930924,0.05499167525396816,1.7142857142857142,0.7916666666666666,0.34022556390977443,0.44946061572113344,0.5465385147977931,0.11829045367048699,0.4499031523504025,0.49747432123240537,B,AIZ,EMA cross (calm-tuned)
3919,0.7017096198009697,0.724327911816327,0.3959643406597017,-0.0201159886967158,2.642857142857143,0.6756756756756757,0.1674917491749175,0.3043898601439232,0.3716441566508413,-0.06618815498661619,0.3502086819570572,0.49747432123240537,B,AIZ,SuperTrend (calm-tuned)
3919,0.674151569277877,0.5895446536781106,0.17440447379677337,-0.052459796135029366,1.3571428571428572,0.8157894736842105,0.3677156177156177,0.5430853004414015,0.5697613530658816,-0.13383491428127306,0.24702235496981342,0.49747432123240537,B,AIZ,Online directional-change (calm-tuned)
3946,0.7427774961986822,0.6997643907836271,0.43938213638260293,0.021006053158700237,2.3333333333333335,0.6984126984126984,0.12903225806451613,0.3700308807371893,0.3890543894374203,0.03838215058847936,0.16854859938178673,0.219393502308871,B,TKR,MODEL calm
3946,0.754181449569184,0.7321869694486511,0.4734258176334286,0.08903867321857879,1.8888888888888888,0.7647058823529411,0.16901408450704225,0.36408704352947363,0.3921276963909036,0.2018119038391207,0.2900150721204912,0.219393502308871,B,TKR,Crypto model C
3946,0.7285859097820577,0.7211081011215443,0.4364604131064525,-0.03774090099449807,1.8148148148148149,0.7346938775510204,0.25,0.46929091197429434,0.4721942724115015,-0.09829857858439056,0.09134154347356872,0.219393502308871,B,TKR,EMA cross (calm-tuned)
3946,0.6981753674607197,0.697248260123859,0.38579929937049245,-0.013477533582469529,3.0,0.654320987654321,0.1188118811881188,0.3012909873099927,0.31883850137681363,-0.0465929992638602,0.13468484564723612,0.219393502308871,B,TKR,SuperTrend (calm-tuned)
3946,0.7559553978712621,0.7397864923711819,0.48212393315766633,0.1437004366243373,1.2222222222222223,0.9090909090909091,0.175,0.40248672158405085,0.3921276963909036,0.3347064393624506,0.38428110325695786,0.219393502308871,B,TKR,Online directional-change (calm-tuned)
1593,0.7451349654739485,0.7143850251726964,0.4666570009329235,-0.30470822992920843,4.375,0.6285714285714286,0.15476738830032244,0.43241156244522716,0.4407885639752646,-0.6530343161098644,-0.2510509876315102,0.26320853976674613,B,KATE-201707,MODEL calm
1593,0.7702448210922788,0.7616131015103618,0.5247181278471352,-0.22322267147249386,3.375,0.6666666666666666,0.16438277291570705,0.448214332767625,0.4762467262275083,-0.4786800932282844,-0.16188948530878483,0.26320853976674613,B,KATE-201707,Crypto model C
1593,0.7639673571876961,0.7605813136635055,0.5174948140096768,-0.20607619740031077,2.875,0.6956521739130435,0.23878205128205127,0.4381652230590314,0.49832291797243283,-0.44118522921478576,-0.13217572686016388,0.26320853976674613,B,KATE-201707,EMA cross (calm-tuned)
1593,0.7953546767106089,0.7916008078679311,0.5803210880960027,-0.13605264689758265,3.875,0.6451612903225806,0.05721284703320631,0.36734027733816077,0.34989142734627865,-0.2962894483927413,-0.02370777995482341,0.26320853976674613,B,KATE-201707,SuperTrend (calm-tuned)
1593,0.77338355304457,0.7586128673457441,0.5272593160987697,-0.15101806932650177,1.875,0.8,0.21119299861814833,0.5241252979138581,0.5235061308096625,-0.3227334331410183,-0.04194696323555957,0.26320853976674613,B,KATE-201707,Online directional-change (calm-tuned)
3894,0.716743708269132,0.6907177551372076,0.4160564030152271,-0.084967976065228,2.6,0.6615384615384615,0.23076923076923078,0.4374050237962402,0.41914100249305036,-0.20330019628717313,0.1145748142114964,0.3982090600281094,B,KR,MODEL calm
3894,0.736517719568567,0.7331627213199501,0.4645844863785952,0.015775063721288677,2.0,0.76,0.26666666666666666,0.44109700004555613,0.4535626471196534,0.022548264456772996,0.2980059219276046,0.3982090600281094,B,KR,Crypto model C
3894,0.7249614791987673,0.7107399409813466,0.43203776652673304,0.08069066313700604,1.72,0.7209302325581395,0.14432989690721648,0.4022348700766708,0.5069510833125633,0.16748039345130744,0.3594457811866816,0.3982090600281094,B,KR,EMA cross (calm-tuned)
3894,0.7431946584488958,0.7383368155774781,0.476256809307285,0.056749246756329634,2.72,0.6911764705882353,0.16666666666666666,0.35211846027808713,0.37415281439894743,0.10853151893525725,0.32903056707016165,0.3982090600281094,B,KR,SuperTrend (calm-tuned)
3894,0.7041602465331279,0.6974518588721836,0.39538945959912114,0.0732560733052757,1.6,0.825,0.2727272727272727,0.42293048857781373,0.45891846487432636,0.15177448509548164,0.37684275000254486,0.3982090600281094,B,KR,Online directional-change (calm-tuned)
3921,0.7824534557510839,0.6759172867663433,0.41515967987360014,0.15734071968677535,1.6,0.7916666666666666,0.2726990049751244,0.46089397060721216,0.4688156994406249,0.38632136337931156,0.5862186412261167,0.5356647787713277,B,PH,MODEL calm
3921,0.7796480489671003,0.7173463765444897,0.44575276798250885,0.11241523643380726,1.7333333333333334,0.7692307692307693,0.18046132971506107,0.416083128214146,0.4950660721770869,0.27212168162871136,0.533773698955064,0.5356647787713277,B,PH,Crypto model C
3921,0.7500637592450905,0.6969622795094493,0.39061302178734814,0.017266115323275346,1.6,0.75,0.4025115664243225,0.48523445307726043,0.6251823786312039,0.03323391564442204,0.3995318608834145,0.5356647787713277,B,PH,EMA cross (calm-tuned)
3921,0.7498087222647284,0.7534595034595035,0.4667523827327617,0.018828326133764676,2.466666666666667,0.7027027027027027,0.15460157126823793,0.37164075076708564,0.40392208886322134,0.031609737496858345,0.45243134071379876,0.5356647787713277,B,PH,SuperTrend (calm-tuned)
3921,0.7531242030094364,0.6635752873960421,0.3548418414872222,0.1151729294367835,1.2666666666666666,0.8421052631578947,0.35767590618336886,0.5035167471931712,0.4743582039499693,0.2820728155377642,0.5182302525347454,0.5356647787713277,B,PH,Online directional-change (calm-tuned)
3927,0.7112299465240641,0.6387418337463393,0.3159985763858683,0.021660849336018365,1.8484848484848484,0.7540983606557377,0.24561403508771928,0.40125818687644277,0.42304460497640106,0.03957181543476234,0.20706733503154223,0.29647211955701686,B,MO,MODEL calm
3927,0.6834733893557423,0.6318407459852605,0.2751202249704239,0.09138903041891555,1.3636363636363635,0.8666666666666667,0.31,0.45339174652718867,0.44067217769250927,0.23084476560283115,0.3453284858280125,0.29647211955701686,B,MO,Crypto model C
3927,0.6452762923351159,0.6088857287677405,0.2169846709098562,-0.03469950896821468,1.606060606060606,0.8113207547169812,0.4375,0.49125425541648954,0.5539755165240543,-0.10869151570988285,0.1289678823415548,0.29647211955701686,B,MO,EMA cross (calm-tuned)
3927,0.7071555895085306,0.717474777137708,0.4142481455816344,0.05878526116665224,2.3636363636363638,0.717948717948718,0.136986301369863,0.3188323420211935,0.3489756580683553,0.1337236313843523,0.3345230381610891,0.29647211955701686,B,MO,SuperTrend (calm-tuned)
3927,0.6745607333842628,0.6067435957261932,0.2344322426812638,0.058635448683086684,0.8787878787878788,0.9310344827586207,0.34,0.49397404273861173,0.5472299388338281,0.14803709466036505,0.27821944876062893,0.29647211955701686,B,MO,Online directional-change (calm-tuned)
1297,0.8442559753276793,0.8178869431452678,0.6546941114259324,0.40554275957989927,3.5,0.6428571428571429,0.06621109498467989,0.15122281678918084,0.18789027674285996,0.802174301372264,0.7646087519885929,0.2626650528115328,B,GMCR-201603,MODEL calm
1297,0.8218966846569006,0.8096283232593191,0.6150186678276429,0.3497669600421051,3.0,0.6666666666666666,0.0800919206579584,0.196754929355237,0.23609033300582233,0.6916244385762507,0.7016582558427901,0.2626650528115328,B,GMCR-201603,Crypto model C
1297,0.8134155744024673,0.8208081482977765,0.6202213038262392,0.21878223858525128,2.75,0.7272727272727273,0.12799082997618466,0.21071281421524904,0.41133036611833157,0.4314093420921656,0.6352399824032157,0.2626650528115328,B,GMCR-201603,EMA cross (calm-tuned)
1297,0.8350038550501157,0.841437864826929,0.6618658677808731,0.48959017633281954,4.5,0.5555555555555556,0.010821670582626758,0.09471999442308593,0.17010955199867692,0.9686473588736515,0.9320656258169961,0.2626650528115328,B,GMCR-201603,SuperTrend (calm-tuned)
1297,0.7995373939861218,0.7711049303106111,0.5555033249999975,0.20409104361265282,2.0,0.75,0.0800919206579584,0.23064937619578066,0.324973867338071,0.40307372064233266,0.5558369924459731,0.2626650528115328,B,GMCR-201603,Online directional-change (calm-tuned)
2801,0.741163870046412,0.7023798413188813,0.43915139686606747,0.16079438284930964,1.8333333333333333,0.75,0.18901878632247598,0.4309857977878807,0.537821566875415,0.40217801930045427,0.35480811241702903,0.12023351822609867,B,PYPL,MODEL calm
2801,0.7318814709032488,0.7210180608120285,0.4394879570222979,0.02745049352865577,1.9583333333333333,0.723404255319149,0.2025732031943212,0.48995037697674076,0.5451917514637188,0.05947221327650707,0.13521999290867587,0.12023351822609867,B,PYPL,Crypto model C
2801,0.7143877186719029,0.7113855740926684,0.4152334280618666,0.0893998962034563,1.5416666666666667,0.7027027027027027,0.33939393939393936,0.48139056369751776,0.5478861858526863,0.22058803382021697,0.2749617634535062,0.12023351822609867,B,PYPL,EMA cross (calm-tuned)
2801,0.7200999642984648,0.7188988440050462,0.4293507305019172,-0.018393652882500913,2.4166666666666665,0.7068965517241379,0.15838509316770186,0.4430643460745453,0.4653558475733211,-0.06057886955101332,0.046228685092152354,0.12023351822609867,B,PYPL,SuperTrend (calm-tuned)
2801,0.732238486254909,0.6972504891738112,0.420126846168414,0.07057804620126971,1.8333333333333333,0.7045454545454546,0.1808340727595386,0.3882728588422626,0.4788094849989659,0.1707105477100163,0.20420656763326042,0.12023351822609867,B,PYPL,Online directional-change (calm-tuned)
3914,0.7738886050076648,0.6362584783637415,0.3274787263900784,0.14905066601002562,2.111111111111111,0.7105263157894737,0.2794426131255619,0.2657669101852046,0.33893711590035386,0.24026516297630676,0.38595275763756637,0.35016380401235364,B,HIG,MODEL calm
3914,0.756004087889627,0.6698827488301172,0.3446364005443264,0.056340686304339783,1.8888888888888888,0.7647058823529411,0.3194164989939638,0.3559440060428495,0.4426170660593935,0.08664156288505281,0.31464452972212387,0.35016380401235364,B,HIG,Crypto model C
3914,0.7437404190086868,0.6884957148115043,0.3590709478089336,0.17610327187252986,2.111111111111111,0.7105263157894737,0.2611242677302754,0.3738119675926711,0.441662415570651,0.2853859841375177,0.5159882995453982,0.35016380401235364,B,HIG,EMA cross (calm-tuned)
3914,0.6826775677056719,0.7079893790420106,0.363366693574736,-0.14109316709801967,4.222222222222222,0.6052631578947368,0.14304102976669347,0.34685615065116693,0.35012854350288514,-0.2513062140610219,0.0845352385037066,0.35016380401235364,B,HIG,SuperTrend (calm-tuned)
3914,0.7061829330608074,0.5899692412850308,0.1884659491463954,-0.004480567998988427,1.1666666666666667,0.7619047619047619,0.4147149619263223,0.5064494042226563,0.4821350696958151,-0.011942002188398295,0.2347860885692194,0.35016380401235364,B,HIG,Online directional-change (calm-tuned)
3916,0.8123084780388151,0.687166948261022,0.3797347607362114,0.02842698712117777,2.25,0.7037037037037037,0.23380992430613962,0.48949295797972436,0.45276323570574883,0.04769914584951967,0.38445743064225774,0.6015261971207876,B,SCI,MODEL calm
3916,0.7768130745658836,0.7428697121361854,0.41742574065649907,-0.06562315124210989,2.4166666666666665,0.7068965517241379,0.22020568663036902,0.4655497405065959,0.4809186618165396,-0.15724035280090734,0.2962468930113025,0.6015261971207876,B,SCI,Crypto model C
3916,0.7451481103166496,0.6793730540767424,0.31204590458509013,-0.036066390387794266,2.0,0.7291666666666666,0.2859195402298851,0.4684999416872617,0.5424814732239847,-0.09058225204888763,0.3258535197837237,0.6015261971207876,B,SCI,EMA cross (calm-tuned)
3916,0.7208886618998979,0.7559716067880179,0.4097716997924498,-0.05307633415621047,3.0,0.6666666666666666,0.13721264367816094,0.395376758565031,0.43818039090291155,-0.13361370507875078,0.3452783608406684,0.6015261971207876,B,SCI,SuperTrend (calm-tuned)
3916,0.7553626149131767,0.6804994314981883,0.3194833192769695,-0.04987330234901212,1.625,0.7948717948717948,0.30359195402298855,0.5193047605009802,0.5381361165471603,-0.1182021324972313,0.3098193121600571,0.6015261971207876,B,SCI,Online directional-change (calm-tuned)
873,0.9186712485681557,0.819802929891873,0.683580113130209,0.5516188539532766,1.0,1.0,0.14300937766410912,0.4065026370291869,0.5390047123994826,1.2668967609015598,1.3290908581319893,1.2282617937865004,B,FRX-201406,MODEL calm
873,0.8991981672394044,0.8282321823043832,0.6387327438891982,0.46531535703390237,1.5,0.8333333333333334,0.153921568627451,0.43247323137489035,0.5021245480646853,1.064992763718699,1.2422989299787068,1.2282617937865004,B,FRX-201406,Crypto model C
873,0.8648339060710195,0.7791099872107894,0.5296848293506551,0.4434486121673591,2.0,0.75,0.19716538789428814,0.4315362791693198,0.5189851706248586,1.012341615771948,1.1959687190802408,1.2282617937865004,B,FRX-201406,EMA cross (calm-tuned)
873,0.7468499427262314,0.7688786187652599,0.414762151203928,0.26329986116008985,4.0,0.625,0.11557971014492754,0.2615257744545814,0.29939379677359124,0.5878114297381407,1.044384940398488,1.2282617937865004,B,FRX-201406,SuperTrend (calm-tuned)
873,0.8304696449026346,0.7557551447506103,0.45704663760753594,0.3912277714672837,1.0,0.75,0.25140664961636827,0.5627831342071845,0.570265120181409,0.8961080319299669,1.1490602696148209,1.2282617937865004,B,FRX-201406,Online directional-change (calm-tuned)
3925,0.7732484076433122,0.6829169091132004,0.39766721195751764,-0.01909202334472087,2.25,0.7222222222222222,0.21981023576768258,0.44025474145542,0.4461588910386757,-0.05231886022234284,0.13842474709030636,0.2676268330579658,B,GPN,MODEL calm
3925,0.7528662420382166,0.7157347638165333,0.4136146470661014,-0.1015256899078516,2.4166666666666665,0.7068965517241379,0.23613636363636364,0.44150712741953313,0.4780369822100561,-0.23220512938486,0.02489597855546786,0.2676268330579658,B,GPN,Crypto model C
3925,0.7240764331210191,0.709194869928651,0.3869833401577166,-0.0001290505765783898,1.6666666666666667,0.75,0.28975225225225226,0.5093695340420978,0.5461379580379365,-0.008321552473481268,0.19719733529487513,0.2676268330579658,B,GPN,EMA cross (calm-tuned)
3925,0.683312101910828,0.6972202815688091,0.3552256431588662,-0.10095274375414914,3.3333333333333335,0.65,0.18070984748634908,0.33527384028891216,0.41464634714879434,-0.23541085370884282,0.026333588268472666,0.2676268330579658,B,GPN,SuperTrend (calm-tuned)
3925,0.7490445859872611,0.7085443996634615,0.40128136274342274,-0.020557648718524665,1.8333333333333333,0.7727272727272727,0.24407114624505927,0.45749973856445975,0.49924316460170914,-0.05350305391755604,0.15384315317903302,0.2676268330579658,B,GPN,Online directional-change (calm-tuned)
2136,0.7102059925093633,0.6117269899569358,0.2804736752221431,-0.12483998609087228,2.727272727272727,0.6666666666666666,0.14754098360655737,0.37762916620895753,0.41525329487292206,-0.25531511423291786,0.1556698358003249,0.5061737396545768,B,RHT,MODEL calm
2136,0.7312734082397003,0.6942029744707895,0.39068001378186556,-0.3098903419554596,2.909090909090909,0.6875,0.13114754098360656,0.4284421579940406,0.45400942809284095,-0.6187688845054709,-0.07795847423546783,0.5061737396545768,B,RHT,Crypto model C
2136,0.6914794007490637,0.6424205554177296,0.2910213151164511,-0.3653263744942074,3.6363636363636362,0.625,0.2641509433962264,0.5401137827086154,0.5542765469005171,-0.7304625709754494,-0.1539111552867624,0.5061737396545768,B,RHT,EMA cross (calm-tuned)
2136,0.7120786516853933,0.6887080019332973,0.36873048017897153,-0.16749147840175593,3.8181818181818183,0.6428571428571429,0.16483516483516483,0.35806703935341166,0.33204895387988903,-0.34327154832998,0.12322873577066022,0.5061737396545768,B,RHT,SuperTrend (calm-tuned)
2136,0.7415730337078652,0.6834601277201819,0.3912945419405089,-0.06825533377534002,1.0909090909090908,0.9166666666666666,0.45054945054945056,0.5533348305629814,0.570907275002172,-0.1379989463950378,0.23891551804746294,0.5061737396545768,B,RHT,Online directional-change (calm-tuned)
3945,0.7432192648922687,0.6660262630350895,0.38428358246836275,-0.11595295927930131,2.3846153846153846,0.6612903225806451,0.19722222222222224,0.48859812165296057,0.47464380199054923,-0.27257155916722253,0.0015400736834000487,0.2751162321704315,B,EWJ,MODEL calm
3945,0.7662864385297845,0.7423583977196269,0.48057517789811716,-0.06640508322763895,2.076923076923077,0.7407407407407407,0.20248538011695905,0.48662125449167304,0.5192866797372377,-0.16262669658916032,0.07797647807398914,0.2751162321704315,B,EWJ,Crypto model C
3945,0.6841571609632446,0.6517393379930156,0.30007923626960625,-0.15283135575673526,2.1538461538461537,0.6785714285714286,0.3098025711662076,0.4492265266508294,0.5178539244333537,-0.3501143286915785,-0.05109053238200362,0.2751162321704315,B,EWJ,EMA cross (calm-tuned)
3945,0.685171102661597,0.6966895326653417,0.3721023474707401,-0.12969419854760642,4.0,0.625,0.14217167783143791,0.32929985827437186,0.3669941554675488,-0.3171027107792515,-0.03409724971700441,0.2751162321704315,B,EWJ,SuperTrend (calm-tuned)
3945,0.7465145754119138,0.7192459236427854,0.43549429651593663,-0.08409894463424449,1.5384615384615385,0.8,0.31776315789473686,0.5246100961116317,0.5679770825202464,-0.19599056121450398,0.05406103519946324,0.2751162321704315,B,EWJ,Online directional-change (calm-tuned)
2823,0.59192348565356,0.5818091316349157,0.1881279623605731,-0.14898996221997557,2.08,0.6730769230769231,0.26666666666666666,0.4966358927221291,0.45788552365273805,-0.33396536648272124,-0.13649737251330005,0.12876000074092828,B,PBCT,MODEL calm
2823,0.6712716967764789,0.6680294734301704,0.3407528985054597,-0.28752333850887185,1.92,0.7291666666666666,0.23076923076923078,0.5249604276264292,0.5183506400229163,-0.6284873733411286,-0.3665205440313099,0.12876000074092828,B,PBCT,Crypto model C
2823,0.6188452001416932,0.6162775087862196,0.23445530290461983,-0.10173663219492429,2.16,0.6666666666666666,0.3217391304347826,0.472079414016013,0.451874815567272,-0.23375274742863023,-0.08838107764059226,0.12876000074092828,B,PBCT,EMA cross (calm-tuned)
2823,0.5621679064824655,0.5623557627041947,0.12460531618364187,-0.20028936342536136,2.2,0.6727272727272727,0.2127659574468085,0.5047735578802911,0.4763925487143342,-0.4443402405866575,-0.25239285465556444,0.12876000074092828,B,PBCT,SuperTrend (calm-tuned)
2823,0.6138859369465108,0.6083095766022595,0.22531964631407075,-0.04219776275234573,1.08,0.8518518518518519,0.3391304347826087,0.5355368254368932,0.5509595172851595,-0.0983727213565061,0.020438847405114844,0.12876000074092828,B,PBCT,Online directional-change (calm-tuned)
1051,0.8182683158896289,0.5987162128278422,0.2523563053923593,0.35720556716244095,2.0,0.625,0.21296296296296297,0.17784919719838127,0.27649771379068616,0.645378752840097,0.7367987216717781,0.7417237041746831,B,PETM-201503,MODEL calm
1051,0.7554709800190295,0.5820608294468683,0.16240515984472786,0.10296449773448674,2.5,0.7,0.22777777777777777,0.26270127867314874,0.6905990283488728,0.17814791660966114,0.5672400853510534,0.7417237041746831,B,PETM-201503,Crypto model C
1051,0.780209324452902,0.6698385236447519,0.3117250804921761,-0.11835436382687821,4.0,0.5625,0.23055555555555554,0.27230711195684276,0.7232363585200804,-0.23271974438638318,0.31645605751114725,0.7417237041746831,B,PETM-201503,EMA cross (calm-tuned)
1051,0.7316841103710752,0.6810998696153654,0.29911136579963854,0.17464358051118717,3.5,0.6428571428571429,0.0691358024691358,0.23435530041993846,0.617659408471647,0.3050798389384757,0.7064875377256504,0.7417237041746831,B,PETM-201503,SuperTrend (calm-tuned)
1051,0.8372978116079924,0.6980185296625043,0.4137094624632794,0.1669779538419774,1.0,0.75,0.2697530864197531,0.378083650415284,0.5851183899421151,0.30130113064934233,0.6305500710330103,0.7417237041746831,B,PETM-201503,Online directional-change (calm-tuned)
3910,0.7767263427109975,0.7219640454934573,0.468618305520457,0.0023539054469843106,3.611111111111111,0.6461538461538462,0.08450564691896176,0.34536407765071525,0.32974009524485703,-0.005384386669077239,0.2571377412678318,0.4051073117344914,B,TKO,MODEL calm
3910,0.789002557544757,0.7905558273205332,0.5539442051236783,0.10683553774636358,2.888888888888889,0.6730769230769231,0.09889497737659445,0.3404008050548908,0.3147611204237405,0.21814144985014872,0.4436494767383737,0.4051073117344914,B,TKO,Crypto model C
3910,0.7570332480818415,0.7548713872243284,0.4854557242139006,0.15597671638433322,2.3333333333333335,0.6904761904761905,0.1942945810455956,0.5281859388859043,0.3849615111848397,0.3239826730745162,0.5292665282995824,0.4051073117344914,B,TKO,EMA cross (calm-tuned)
3910,0.6987212276214834,0.6976784476784477,0.37342257622632596,-0.09420835641897625,4.833333333333333,0.6091954022988506,0.085846018735363,0.2932351644884915,0.2987640827517735,-0.21355221524394952,0.14376192344639213,0.4051073117344914,B,TKO,SuperTrend (calm-tuned)
3910,0.8079283887468031,0.802836207247972,0.5835842632904538,0.1875034015339191,2.0,0.75,0.09889497737659445,0.32890167045012353,0.3371661795765276,0.3917799910180871,0.5604564944497962,0.4051073117344914,B,TKO,Online directional-change (calm-tuned)
3949,0.8153963028614839,0.6677842369644543,0.3957539854226128,0.10345459295396307,2.0434782608695654,0.6170212765957447,0.25,0.4006817170689939,0.37336053118065726,0.2086284189911312,0.4414302011969606,0.5391040569351782,B,TDG,MODEL calm
3949,0.81109141554824,0.7589341165462234,0.4869436531851738,0.02954287436434126,2.130434782608696,0.7346938775510204,0.25,0.38430357619892164,0.6007827425649811,0.05244534513280398,0.37980977500724694,0.5391040569351782,B,TDG,Crypto model C
3949,0.7872879209926563,0.7082291047897693,0.40164098447996605,0.052702860329159176,2.0434782608695654,0.7021276595744681,0.296875,0.4058443591061276,0.5301712352832625,0.101664825609686,0.43068104939917357,0.5391040569351782,B,TDG,EMA cross (calm-tuned)
3949,0.6989111167384148,0.680898071430878,0.3103506933241237,-0.12097635265645977,3.260869565217391,0.6266666666666667,0.17518248175182483,0.36191422414940294,0.43333586976780614,-0.27009961124820714,0.21031103054783082,0.5391040569351782,B,TDG,SuperTrend (calm-tuned)
3949,0.7865282349962016,0.704404220758496,0.3961092446848667,0.06811273695409119,1.6956521739130435,0.7948717948717948,0.24793388429752067,0.4436333842836844,0.489052875892239,0.13576813244410188,0.4293134866037022,0.5391040569351782,B,TDG,Online directional-change (calm-tuned)
3924,0.7512742099898063,0.6335166192503149,0.29650768927071464,0.0910372875437215,2.1538461538461537,0.7142857142857143,0.25518207282913163,0.39365692740232283,0.40567861361767144,0.18805425540846846,0.41107937140776335,0.4473528346462661,B,RJF,MODEL calm
3924,0.7084607543323139,0.6488348607913825,0.2828999234951552,-0.04150998966002381,2.3076923076923075,0.7,0.2321606608745193,0.39121240819852077,0.40249118393584987,-0.10394727665008582,0.2329897590755413,0.4473528346462661,B,RJF,Crypto model C
3924,0.6526503567787971,0.5767384789123919,0.14569136066468988,-0.11039602061362123,2.6923076923076925,0.6714285714285714,0.43240093240093236,0.4634607840754124,0.5418578686147847,-0.25743516428058455,0.1376193046597567,0.4473528346462661,B,RJF,EMA cross (calm-tuned)
3924,0.6523955147808359,0.673921866177301,0.30531509249311767,-0.026536919931918677,3.076923076923077,0.65,0.16541650217133835,0.3410973926279134,0.4126197832463232,-0.07530761177396245,0.3088821798415332,0.4473528346462661,B,RJF,SuperTrend (calm-tuned)
3924,0.7341997961264016,0.6358743159014898,0.28200837699978204,-0.030456125827275186,1.3846153846153846,0.8333333333333334,0.31433766233766236,0.50037109573773,0.4992448630256483,-0.07455375292159579,0.23997261839369308,0.4473528346462661,B,RJF,Online directional-change (calm-tuned)
1213,0.8219291014014839,0.7798477564102564,0.5768584912617025,0.027914140546446996,1.5555555555555556,0.7857142857142857,0.2,0.5892708091907082,0.5545613024614726,0.05126088525337392,-0.0837154082940295,-0.17206284408922848,B,HCBK-201510,MODEL calm
1213,0.8046166529266282,0.7843005501716132,0.5572716896474443,0.07488658237017515,1.3333333333333333,0.9166666666666666,0.28888888888888886,0.6281149410052015,0.6824992891362459,0.15578511772437417,-0.012475491204707893,-0.17206284408922848,B,HCBK-201510,Crypto model C
1213,0.7230008244023083,0.7226712346052897,0.41933001130798936,-0.10385554093369233,2.6666666666666665,0.7083333333333334,0.42528735632183906,0.5582376079176529,0.5986319868329248,-0.24501083749243768,-0.3348331106637767,-0.17206284408922848,B,HCBK-201510,EMA cross (calm-tuned)
1213,0.6323165704863973,0.6679474560872198,0.3125123759022488,0.10688918466987432,2.111111111111111,0.7368421052631579,0.35555555555555557,0.5478241609210824,0.4967768956023309,0.22107005917000297,0.04175975242087867,-0.17206284408922848,B,HCBK-201510,SuperTrend (calm-tuned)
1213,0.8466611706512778,0.8156609630526954,0.6399002037427467,0.18685829593281847,0.4444444444444444,1.0,0.25316455696202533,0.5416470237220958,0.6907114542557042,0.4073077985861807,0.19544693207397926,-0.17206284408922848,B,HCBK-201510,Online directional-change (calm-tuned)
3932,0.6734486266531028,0.6138371379642136,0.2609988588225561,-0.16248104358901497,2.1333333333333333,0.703125,0.31510416666666663,0.45760652776006006,0.45432379184726485,-0.37046280590038455,-0.006586613668618728,0.3596605813093494,B,WTW,MODEL calm
3932,0.6996439471007121,0.6750869503809045,0.3537230768480256,-0.19411376002628436,2.066666666666667,0.7258064516129032,0.28621138211382113,0.49164901319073173,0.5538424173125742,-0.43865491143080193,-0.05387730203011333,0.3596605813093494,B,WTW,Crypto model C
3932,0.659206510681587,0.6370400898634394,0.2738595223704703,-0.24834146715370153,2.3333333333333335,0.6857142857142857,0.3402439024390244,0.5204139449287586,0.5324384221109009,-0.5586647515736027,-0.13649727845938586,0.3596605813093494,B,WTW,EMA cross (calm-tuned)
3932,0.6510681586978637,0.6526933652887017,0.2963395155039912,-0.2500525317835579,2.533333333333333,0.6973684210526315,0.22785185185185186,0.43489630629107257,0.42848724822896583,-0.5641184834648076,-0.1545235782481645,0.3596605813093494,B,WTW,SuperTrend (calm-tuned)
3932,0.7166836215666328,0.6995406415790542,0.3978242979826616,-0.09611722666316816,1.2666666666666666,0.8157894736842105,0.3387317073170732,0.5855452251826727,0.6056316453017242,-0.2191457329794696,0.09439291758349551,0.3596605813093494,B,WTW,Online directional-change (calm-tuned)
3941,0.7399137274803349,0.6459340523678759,0.33907012590718155,-0.1391654233582324,3.3157894736842106,0.6507936507936508,0.25316455696202533,0.37196739616675895,0.338082496665353,-0.26688651670704716,-0.02219272000059045,0.23216043728121605,B,TXT,MODEL calm
3941,0.7939609236234458,0.7575307426410367,0.5167119073084748,-0.03153052343283782,2.473684210526316,0.7021276595744681,0.11627906976744186,0.31958449207657624,0.38068014590906873,-0.06681907282578081,0.11368924323984118,0.23216043728121605,B,TXT,Crypto model C
3941,0.7102258310073586,0.6919040865732042,0.36586502264292203,-0.09675329067963666,3.3157894736842106,0.6190476190476191,0.1396011396011396,0.355417534476034,0.5085627062171552,-0.18925038151659737,0.03368081891074287,0.23216043728121605,B,TXT,EMA cross (calm-tuned)
3941,0.69449378330373,0.7186464204846558,0.40473836067468816,-0.0244473287244369,3.9473684210526314,0.6133333333333333,0.09911894273127753,0.31774232958899074,0.3704232262217081,-0.059289688436830267,0.1394159208523266,0.23216043728121605,B,TXT,SuperTrend (calm-tuned)
3941,0.7493022075615327,0.6818478404875463,0.38661290751495625,-0.011561131041624791,1.631578947368421,0.8064516129032258,0.3723404255319149,0.4649308387285155,0.4922296935849199,-0.02717431816653771,0.1351848043879065,0.23216043728121605,B,TXT,Online directional-change (calm-tuned)
2006,0.8230309072781655,0.6660007715809871,0.4039807853496774,0.37443166909509334,1.125,0.7777777777777778,0.25308641975308643,0.26910462659957934,0.46276561406706684,0.9942083169115148,1.1031430469868728,0.7400745400754716,B,VRT,MODEL calm
2006,0.8145563310069791,0.746303580165343,0.473083447517232,0.269113270970205,1.375,0.7727272727272727,0.13220338983050847,0.3215529549392533,0.5342557270282517,0.7119086814237947,0.9669944908279542,0.7400745400754716,B,VRT,Crypto model C
2006,0.7831505483549352,0.7127538494057201,0.40016733574582786,0.14929999761860888,1.3125,0.6666666666666666,0.25217391304347825,0.35330595095649286,0.5808617388982448,0.3926825498053873,0.7514444492385942,0.7400745400754716,B,VRT,EMA cross (calm-tuned)
2006,0.8015952143569293,0.7168489933233116,0.42398265477621283,0.21836912458025118,1.4375,0.7391304347826086,0.1111111111111111,0.3808685345248938,0.4878464325425625,0.5763050426228716,0.9203577821131812,0.7400745400754716,B,VRT,SuperTrend (calm-tuned)
2006,0.8220338983050848,0.7111826030659258,0.4455896874373467,0.3193503366288993,1.3125,0.7142857142857143,0.18518518518518517,0.42436687632140385,0.4878464325425625,0.8464342825006786,0.9945362280589058,0.7400745400754716,B,VRT,Online directional-change (calm-tuned)
3950,0.6825316455696202,0.6253118993563609,0.28218644817148725,-0.15568671966884395,2.1515151515151514,0.704225352112676,0.2268041237113402,0.5425634644314358,0.4497223987057809,-0.3802153553125562,-0.0838560801222129,0.2446712389917161,B,PEG,MODEL calm
3950,0.6843037974683545,0.6626585137041014,0.325093561708392,-0.24238210172450905,2.121212121212121,0.7285714285714285,0.32727272727272727,0.5483222421497613,0.5699064649395524,-0.5799833758230244,-0.22556931056852067,0.2446712389917161,B,PEG,Crypto model C
3950,0.5979746835443038,0.5702467689845553,0.14041623924532587,-0.23967871389328568,2.1818181818181817,0.7222222222222222,0.4533333333333333,0.5123582144152808,0.5608010378012374,-0.5746972503077008,-0.2362339900515903,0.2446712389917161,B,PEG,EMA cross (calm-tuned)
3950,0.670379746835443,0.6754757639220437,0.33975037895572335,-0.26869968356268864,2.5454545454545454,0.6904761904761905,0.19444444444444445,0.44263585511947845,0.49594797507141203,-0.6449804665934676,-0.300161183168216,0.2446712389917161,B,PEG,SuperTrend (calm-tuned)
3950,0.6053164556962025,0.5832828526447448,0.16491445272778332,-0.27269786210281194,1.5454545454545454,0.7843137254901961,0.5899280575539568,0.6174510820588223,0.6203512575664718,-0.6443337341927994,-0.2788238992090104,0.2446712389917161,B,PEG,Online directional-change (calm-tuned)
3936,0.6189024390243902,0.660766251540948,0.31911807287094135,-0.10522752009388929,2.4838709677419355,0.6883116883116883,0.19607843137254902,0.4720085806680617,0.4954340583227095,-0.21103171450364427,-0.07340076286065936,0.08335850575365415,B,GME,MODEL calm
3936,0.7040142276422764,0.6930419179446077,0.37906358636651505,-0.21096053959122613,2.161290322580645,0.7164179104477612,0.25,0.5375975618475988,0.5881639609454085,-0.4168758069206836,-0.21642462745319824,0.08335850575365415,B,GME,Crypto model C
3936,0.6285569105691057,0.6133531720994472,0.2221843678351405,-0.07031042616761092,2.4838709677419355,0.6233766233766234,0.3192771084337349,0.4318039243363443,0.5500895283933549,-0.1428383652023314,-0.036094542875992584,0.08335850575365415,B,GME,EMA cross (calm-tuned)
3936,0.6552337398373984,0.6698954582075499,0.32793830337159285,-0.0005743621358367429,2.3548387096774195,0.6986301369863014,0.16666666666666666,0.39983750449831723,0.46516739009478203,-0.006372365152187272,0.04670510301147367,0.08335850575365415,B,GME,SuperTrend (calm-tuned)
3936,0.6496443089430894,0.646685765870204,0.2844817324840756,-0.10119559307568841,1.903225806451613,0.7627118644067796,0.30303030303030304,0.49032320701264936,0.556051250033596,-0.20185627768810932,-0.07790344707886812,0.08335850575365415,B,GME,Online directional-change (calm-tuned)
3950,0.7263291139240506,0.6774523946285127,0.396093857927963,-0.04599852274168694,2.576923076923077,0.6865671641791045,0.23457152440046958,0.4208488741945793,0.491704629226167,-0.10664208153700484,-0.05855231819731004,0.019399942522022085,B,WY,MODEL calm
3950,0.6992405063291139,0.6714206765706727,0.35064867111953496,-0.01919411136826324,1.8461538461538463,0.75,0.27257383966244725,0.4750713457721413,0.5476506654834795,-0.04874464064629042,-0.020398454797531378,0.019399942522022085,B,WY,Crypto model C
3950,0.6587341772151899,0.6607385686187479,0.31268960273633734,-0.06789445534881088,2.3846153846153846,0.6774193548387096,0.23624067164179105,0.4961657081359337,0.5697637654981373,-0.14964839266707894,-0.11705686493109112,0.019399942522022085,B,WY,EMA cross (calm-tuned)
3950,0.6777215189873418,0.6885353841936241,0.3660972267677151,-0.008805724837674916,2.8846153846153846,0.6666666666666666,0.2168803418803419,0.37780075138283936,0.3791155048919346,-0.03355603621530365,-0.012366966199025496,0.019399942522022085,B,WY,SuperTrend (calm-tuned)
3950,0.699746835443038,0.6607660374402757,0.3410233277289239,-0.061693492249482625,1.2307692307692308,0.84375,0.351874349184311,0.5745537358022788,0.5867815962176793,-0.13079525367086048,-0.07516711066622013,0.019399942522022085,B,WY,Online directional-change (calm-tuned)
1739,0.7849338700402531,0.6200000848521875,0.2600853734541795,0.2984752561289978,2.0,0.6875,0.14001338240214117,0.3676314237519279,0.2984273050961971,0.5897096394276748,0.8959749470928707,0.956824058378718,B,BCR-201712,MODEL calm
1739,0.7918343875790684,0.7306579438617927,0.4158762991991997,0.07413405082258195,2.75,0.6363636363636364,0.09695910236604602,0.34008689756811705,0.504592728541898,0.13301699881461776,0.6730256104744041,0.956824058378718,B,BCR-201712,Crypto model C
1739,0.7642323174238068,0.5947215575467535,0.20120897584331734,0.2366273258270491,2.5,0.65,0.19839411174305788,0.4133449586399077,0.39080705795488196,0.46192361098463547,0.8280491516160106,0.956824058378718,B,BCR-201712,EMA cross (calm-tuned)
1739,0.7274295572167913,0.7371438329430133,0.3877843800072763,0.013924396511215218,4.0,0.59375,0.09397105455728108,0.34008689756811705,0.4529161208454088,0.0044176302492867844,0.6453733067543388,0.956824058378718,B,BCR-201712,SuperTrend (calm-tuned)
1739,0.7832087406555491,0.7105999473916438,0.38280957496184614,0.24260002784054654,1.25,0.8,0.17497490799598528,0.3827810532901481,0.3971879993040444,0.48126431646726997,0.8822680630076294,0.956824058378718,B,BCR-201712,Online directional-change (calm-tuned)
3941,0.7005836082212636,0.6669458988337889,0.3719416929933217,0.010440698267349658,2.066666666666667,0.7258064516129032,0.25217447329424647,0.45843128523643256,0.39017578313084983,0.013903455117734243,0.1753256070398429,0.27275640569314874,B,WOR,MODEL calm
3941,0.7683329104288251,0.7590476515648383,0.521406720416581,-0.0021924110079468754,1.6666666666666667,0.8,0.21988636363636363,0.530413899125167,0.5248853339274187,-0.013315330110747757,0.17325180006914492,0.27275640569314874,B,WOR,Crypto model C
3941,0.6708957117482872,0.6625076954267859,0.32455571226415797,-0.1076493157577529,2.1333333333333333,0.71875,0.28512396694214875,0.528856044253535,0.5095277506623754,-0.2594158734536645,0.009755634006440982,0.27275640569314874,B,WOR,EMA cross (calm-tuned)
3941,0.698807409286983,0.6973573255963526,0.3906898356653766,-0.14824242472924867,2.6666666666666665,0.675,0.18807508281192492,0.38817174269114363,0.4509353305493412,-0.3559011676702855,-0.06262743212698503,0.27275640569314874,B,WOR,SuperTrend (calm-tuned)
3941,0.659731032732809,0.6468382713755532,0.2959954801310089,-0.09215586852114299,1.4666666666666666,0.7954545454545454,0.4251937984496124,0.5993576192540518,0.5403315112745577,-0.22027372843015816,0.03543126515675194,0.27275640569314874,B,WOR,Online directional-change (calm-tuned)
3939,0.7479055597867479,0.6903298564626721,0.4057500785737921,0.04643604266876387,2.0,0.75,0.23541666666666666,0.4023853757642165,0.4106678709705104,0.10115157939465971,0.22411057606778007,0.2617101120574877,B,CF,MODEL calm
3939,0.7567910637217568,0.7351266283279589,0.46204936912662786,0.008380373863462576,1.7333333333333334,0.7884615384615384,0.20730706075533661,0.47434889464590035,0.5088221698119577,0.011542878023469337,0.18000635803419776,0.2617101120574877,B,CF,Crypto model C
3939,0.6890073622746891,0.6689679107344502,0.3270444337351346,-0.0015104621705314106,1.6666666666666667,0.74,0.35243243243243244,0.45551241853744207,0.43762981961033043,-0.011761629798853096,0.1678726141674476,0.2617101120574877,B,CF,EMA cross (calm-tuned)
3939,0.6580350342726581,0.6692535593299264,0.3189638238112436,-0.07751138942138323,2.533333333333333,0.6973684210526315,0.16539365452408933,0.4107736307852895,0.38805726873831714,-0.19755388399075932,0.04736447368280128,0.2617101120574877,B,CF,SuperTrend (calm-tuned)
3939,0.7296268088347296,0.7020399937136936,0.398652352916861,-0.046345727041062136,1.4666666666666666,0.8409090909090909,0.3077731092436975,0.5252846104016881,0.5270349897148674,-0.11789650108960958,0.09387342638296953,0.2617101120574877,B,CF,Online directional-change (calm-tuned)
2584,0.7635448916408669,0.663446352083555,0.40358154068814184,0.12076302530741541,1.3636363636363635,0.7333333333333333,0.10344827586206896,0.36765431512161395,0.43888521594074253,0.2696831023052515,0.454199906347983,0.42047117865663575,B,FVC,MODEL calm
2584,0.7472910216718266,0.7004411980502162,0.4061364914352575,0.043165949604702034,1.8636363636363635,0.7317073170731707,0.325,0.46972027676858696,0.48285201516511833,0.07962672357241958,0.3643120641924504,0.42047117865663575,B,FVC,Crypto model C
2584,0.7159442724458205,0.6595347530396696,0.3266143154632476,-0.08249373216588934,1.9545454545454546,0.6511627906976745,0.19553072625698323,0.461381583935317,0.5303039701258498,-0.219376553576531,0.13605174593731512,0.42047117865663575,B,FVC,EMA cross (calm-tuned)
2584,0.6934984520123839,0.6956971367331455,0.36656028242155,-0.180825010880466,2.9545454545454546,0.6307692307692307,0.12195121951219512,0.39502635228355193,0.4276927209575756,-0.4644254442970357,-0.03761270312081516,0.42047117865663575,B,FVC,SuperTrend (calm-tuned)
2584,0.7337461300309598,0.6594610345760459,0.34599239090554545,-0.11691898203285349,2.090909090909091,0.6521739130434783,0.17391304347826086,0.37340415145037625,0.4210063783083029,-0.3023265771056917,0.07652786368250566,0.42047117865663575,B,FVC,Online directional-change (calm-tuned)
1830,0.639344262295082,0.6632291119285338,0.3404301242094463,-0.02206402089026631,2.6,0.6923076923076923,0.24074074074074073,0.3589728140547306,0.43761590487798463,-0.07076539603655393,-0.19460826327322048,-0.21158668985904328,B,DOW,MODEL calm
1830,0.6797814207650273,0.6789754481228469,0.3553445254465432,0.14549392940020597,1.3333333333333333,0.8,0.3115942028985507,0.43817261339683006,0.4512575506085785,0.36882655203562525,0.13509842458025312,-0.21158668985904328,B,DOW,Crypto model C
1830,0.6316939890710382,0.6268610965142758,0.25284409532518304,0.10073633786323594,1.4666666666666666,0.8181818181818182,0.3302752293577982,0.49745325234049764,0.46236117788270503,0.25248581571889345,0.03599999744365009,-0.21158668985904328,B,DOW,EMA cross (calm-tuned)
1830,0.6786885245901639,0.6883356688269983,0.3748735472224634,0.07765422494534414,2.2,0.696969696969697,0.23853211009174313,0.3711781618140513,0.36637508092245985,0.18894948323396835,-0.017218238444477264,-0.21158668985904328,B,DOW,SuperTrend (calm-tuned)
1830,0.6459016393442623,0.6670644304314824,0.34386182385269315,0.047054127742383836,1.1333333333333333,0.7058823529411765,0.2727272727272727,0.5432458653504577,0.42447846140193446,0.11553645707393485,-0.057331383705927136,-0.21158668985904328,B,DOW,Online directional-change (calm-tuned)
3950,0.7151898734177216,0.6591885785703986,0.3590616855325382,0.056788098143065735,1.6764705882352942,0.7894736842105263,0.2899159663865546,0.4676714664632246,0.4264802966346184,0.13529632333064098,0.3069653176891041,0.35254507464749424,B,MLM,MODEL calm
3950,0.7291139240506329,0.7047170394379931,0.413928256878394,0.06957302625221506,1.5,0.8431372549019608,0.2229785478547855,0.469420826925974,0.4993282380406145,0.16974713206299716,0.3559293123680496,0.35254507464749424,B,MLM,Crypto model C
3950,0.6637974683544304,0.6369754362351584,0.27556025208752916,-0.047908651776422465,1.8529411764705883,0.746031746031746,0.3053290623179965,0.5059948959913967,0.5533679120400563,-0.13757760555108509,0.15955306123108082,0.35254507464749424,B,MLM,EMA cross (calm-tuned)
3950,0.7134177215189873,0.702468737338708,0.39841236139968966,0.09875935928747463,1.7352941176470589,0.7627118644067796,0.20052910052910053,0.38200333900757716,0.4488986415548757,0.24377519352482607,0.455886594677217,0.35254507464749424,B,MLM,SuperTrend (calm-tuned)
3950,0.6881012658227849,0.6555908831830574,0.3187229443282687,-0.0380200812766651,1.2647058823529411,0.9069767441860465,0.34283216783216786,0.5523223328769374,0.5353215136819509,-0.10770753630213761,0.16994345475032774,0.35254507464749424,B,MLM,Online directional-change (calm-tuned)
3935,0.8076238881829734,0.7164942921986297,0.4522166677471668,0.2144752259682479,1.4,0.8333333333333334,0.2168688230008985,0.4892275998444293,0.4026224201677968,0.5517466387383095,0.7405200087994169,0.6609307327191681,B,CBOE,MODEL calm
3935,0.7913595933926303,0.7369699139792258,0.45471174082119875,0.1903386523898215,1.3333333333333333,0.85,0.2364232977850697,0.49818627974546215,0.4489001696233642,0.4888021302081929,0.735131021745958,0.6609307327191681,B,CBOE,Crypto model C
3935,0.7418043202033037,0.6692103145594976,0.3245958518236484,0.094224660301395,1.1666666666666667,0.8571428571428571,0.4017857142857143,0.5785298087549098,0.5024876613270384,0.23800532558865867,0.5753382192144687,0.6609307327191681,B,CBOE,EMA cross (calm-tuned)
3935,0.7667090216010165,0.7631662643297124,0.4693132473743755,0.1876879966584059,1.4333333333333333,0.7906976744186046,0.19047976011994003,0.3824338608518695,0.3572564443799845,0.4811860424238591,0.8028082947291876,0.6609307327191681,B,CBOE,SuperTrend (calm-tuned)
3935,0.772299872935197,0.6939829020961189,0.3833474352641718,0.1738812096772856,1.2666666666666666,0.8421052631578947,0.20030448020878644,0.5224567811435858,0.44740301397234833,0.44615540575442264,0.6865237501453572,0.6609307327191681,B,CBOE,Online directional-change (calm-tuned)
2534,0.8157063930544594,0.7225933402894342,0.4886352724218341,0.14225590874721875,2.0,0.725,0.19306659358728417,0.3663628717265621,0.42225282558767663,0.3914856753392123,0.729425386605531,0.8545206331014178,B,DELL,MODEL calm
2534,0.7987371744277821,0.7703352538220751,0.512125989212755,0.27901790093454437,1.45,0.8620689655172413,0.21703296703296704,0.41744896992298575,0.4142275649253969,0.7797157416840264,1.0108574530515504,0.8545206331014178,B,DELL,Crypto model C
2534,0.7687450670876085,0.7362654811051128,0.4445632495969906,0.15999552569082864,1.35,0.7777777777777778,0.2483837790185131,0.47326451457494967,0.5570046883911685,0.44438120797942515,0.817113656903698,0.8545206331014178,B,DELL,EMA cross (calm-tuned)
2534,0.765982636148382,0.7482137186408384,0.4582789806609013,0.16634726669686092,2.3,0.6956521739130435,0.1991758241758242,0.3881507953450818,0.4175014711806462,0.45806197673578114,0.8221501455415005,0.8545206331014178,B,DELL,SuperTrend (calm-tuned)
2534,0.8326756116811366,0.7764823299913804,0.5597644465797356,0.2201278127771742,1.8,0.6944444444444444,0.09647038859664009,0.3261804979645542,0.3219428146229949,0.6118775937703191,0.914290773635435,0.8545206331014178,B,DELL,Online directional-change (calm-tuned)
3913,0.7945310503450038,0.6694621662901327,0.42102253412701235,0.22100702050934806,1.6153846153846154,0.6904761904761905,0.16748914330833004,0.3549453913038454,0.40033624050468053,0.4838206223045348,0.698656340965169,0.6256179775140235,B,ACGL,MODEL calm
3913,0.8065422949143879,0.7478294606018179,0.5026268964651203,0.03222618318072537,1.9230769230769231,0.72,0.2675585284280937,0.48048373296307234,0.4531173691629687,0.0588637609689037,0.46209232652808885,0.6256179775140235,B,ACGL,Crypto model C
3913,0.790186557628418,0.7178249063968349,0.45118266500865384,0.11202681396710955,1.6153846153846154,0.6904761904761905,0.2993119266055046,0.5097332660545306,0.4648804527072625,0.23967260514088684,0.5933333406696204,0.6256179775140235,B,ACGL,EMA cross (calm-tuned)
3913,0.7160746230513673,0.700203215653207,0.3674538337677254,-0.09170049354509643,2.8461538461538463,0.6486486486486487,0.11821843165126747,0.29579530493473927,0.45281875227357304,-0.22492365450028098,0.3087707357497561,0.6256179775140235,B,ACGL,SuperTrend (calm-tuned)
3913,0.7968310759008433,0.7495364588305173,0.49212042674740325,0.11029069598304028,1.3076923076923077,0.8235294117647058,0.22408026755852845,0.4843537614371556,0.5351397947144179,0.23791312763123595,0.5937966713559334,0.6256179775140235,B,ACGL,Online directional-change (calm-tuned)
2261,0.6081379920389208,0.6873546797062173,0.3402205762400121,-0.11037068570177326,3.5,0.6428571428571429,0.17695613616208472,0.32167089048489506,0.3989227455045784,-0.21145610698267517,-0.365492639990689,-0.36851744823649357,B,MDR,MODEL calm
2261,0.7408226448474127,0.7728147951769373,0.48972652074322337,0.13217097885650617,2.6666666666666665,0.6875,0.19336893635959057,0.38654796652430456,0.3972095754091816,0.24249599101557306,-0.10245004343101723,-0.36851744823649357,B,MDR,Crypto model C
2261,0.6965944272445821,0.70630719531833,0.3721507935805253,-0.04214284434629505,3.0833333333333335,0.6486486486486487,0.2493526989371933,0.4905344908743221,0.5714826940673727,-0.08347508857655915,-0.5601114069918649,-0.36851744823649357,B,MDR,EMA cross (calm-tuned)
2261,0.7120743034055728,0.7349878245159264,0.42210668200816237,-0.07632736675790681,3.6666666666666665,0.6363636363636364,0.1291854941489978,0.36166156396847204,0.37581025446350735,-0.14818918684518365,-0.4263884300650896,-0.36851744823649357,B,MDR,SuperTrend (calm-tuned)
2261,0.6439628482972136,0.6880366050037312,0.3358284361516936,-0.13681495661488305,2.1666666666666665,0.7307692307692307,0.23401780701050773,0.49882475165728557,0.44300535304071975,-0.2587467364594791,-0.5112857482786791,-0.36851744823649357,B,MDR,Online directional-change (calm-tuned)
3945,0.7812420785804817,0.7202806883039441,0.49484735233059474,0.12203503843188135,2.7142857142857144,0.6842105263157895,0.14950166112956811,0.35014853361195925,0.3567420155474405,0.26285430447016506,0.5015583553880107,0.5674373070006584,B,IDXX,MODEL calm
3945,0.7718631178707225,0.7498530539228214,0.4978543840898969,0.06544649683629244,2.7142857142857144,0.6842105263157895,0.15294117647058825,0.3499061533630919,0.3567420155474405,0.13536549505509302,0.45673926244837815,0.5674373070006584,B,IDXX,Crypto model C
3945,0.782256020278834,0.7536587443564188,0.513619727101662,0.11049237093502835,2.238095238095238,0.723404255319149,0.23920265780730898,0.37683469000483116,0.49469229461791575,0.23896868977269842,0.5319584423842595,0.5674373070006584,B,IDXX,EMA cross (calm-tuned)
3945,0.7457541191381496,0.7467970014481642,0.47463433572543,0.10640243958602297,3.0,0.6666666666666666,0.13953488372093023,0.3072921109733677,0.4228958373216966,0.22638095430698874,0.5577267918692248,0.5674373070006584,B,IDXX,SuperTrend (calm-tuned)
3945,0.7571609632446135,0.7156699889258029,0.44824236402634715,0.17167870465988747,1.7619047619047619,0.7837837837837838,0.1787878787878788,0.36344838153501235,0.3567420155474405,0.3790838685739261,0.5954028801476218,0.5674373070006584,B,IDXX,Online directional-change (calm-tuned)
3949,0.7305646999240314,0.6973458257328691,0.4438127364321577,0.15232283165626986,2.4782608695652173,0.7017543859649122,0.1527777777777778,0.333016094949141,0.38747226950823144,0.3476507599623546,0.34815488016216045,0.1807392019730086,B,PNR,MODEL calm
3949,0.7720942010635604,0.7549116766821703,0.5269744434814878,0.1169035307911629,2.391304347826087,0.7090909090909091,0.15151515151515152,0.3730991142472065,0.39588301286735145,0.26433668392921983,0.31084296249722493,0.1807392019730086,B,PNR,Crypto model C
3949,0.7374018738921246,0.7296495758217056,0.4601290530713922,0.15498322791483055,1.8695652173913044,0.7441860465116279,0.2916666666666667,0.40787216754276107,0.4612795859144761,0.3571505050661466,0.4071615671013839,0.1807392019730086,B,PNR,EMA cross (calm-tuned)
3949,0.7412003038743986,0.7377413394189691,0.4727480075803461,0.036645705094474686,3.260869565217391,0.6533333333333333,0.13636363636363635,0.3032171938125083,0.3686442662902715,0.07013840955972181,0.19641813190011054,0.1807392019730086,B,PNR,SuperTrend (calm-tuned)
3949,0.7417067612053685,0.7228145539350006,0.46233003552376245,0.2025206306578872,1.5217391304347827,0.8285714285714286,0.27607361963190186,0.37904385702134746,0.392790040546552,0.47139157782056346,0.45944126324366297,0.1807392019730086,B,PNR,Online directional-change (calm-tuned)
3746,0.7458622530699413,0.7242635932031096,0.49380327804358115,0.11182737997785158,2.5,0.6833333333333333,0.13690476190476192,0.3626032524146973,0.36035722126572434,0.25893407772002214,0.24423635181152573,0.10841217871551233,B,SEE,MODEL calm
3746,0.7816337426588361,0.773667248091118,0.5552704025467081,0.11346314350339878,2.0,0.75,0.1455026455026455,0.3628465789461379,0.41409945249140434,0.2653894458638353,0.26798416770276096,0.10841217871551233,B,SEE,Crypto model C
3746,0.7156967431927389,0.7129252388268318,0.42509952321260913,0.02496642821800628,2.1666666666666665,0.6923076923076923,0.2361111111111111,0.4185975018488417,0.4880049064940925,0.04952304083148504,0.12562518669355924,0.10841217871551233,B,SEE,EMA cross (calm-tuned)
3746,0.7357180993059264,0.734900484006977,0.4678299116384176,-0.020454046055700153,3.3333333333333335,0.6375,0.08603855721393035,0.32682534815981773,0.3364028521757232,-0.06683724406278381,0.03225616367803489,0.10841217871551233,B,SEE,SuperTrend (calm-tuned)
3746,0.799786438868126,0.7952563850801095,0.5931096142581564,0.21601237302255463,1.1666666666666667,0.8928571428571429,0.23205741626794257,0.41276964029925184,0.4499941028853915,0.519203970547547,0.44959444698497,0.10841217871551233,B,SEE,Online directional-change (calm-tuned)
2363,0.7735928903935675,0.7183538211918709,0.46686382966463486,0.19183161117622283,1.6666666666666667,0.7666666666666667,0.19679722850678733,0.40487679432358725,0.4303685049561054,0.42669359283969027,0.4155318621576696,0.17332658314384555,B,INVH,MODEL calm
2363,0.7795175624206517,0.7596182933201331,0.5111280121431104,0.10765608381040397,1.6111111111111112,0.7586206896551724,0.15504807692307693,0.4259112788573639,0.51065296718444,0.23447284670004126,0.2979916268786122,0.17332658314384555,B,INVH,Crypto model C
2363,0.7160389335590351,0.6921458625525947,0.3757455123785341,-0.01265878346926396,1.6111111111111112,0.7931034482758621,0.23927939876215737,0.43747968043257657,0.5267260045520432,-0.04092917610347001,0.10764467958388341,0.17332658314384555,B,INVH,EMA cross (calm-tuned)
2363,0.6796445196783749,0.6801350273629789,0.34147301150072185,-0.10620173813229385,2.2222222222222223,0.675,0.15651939655172414,0.3512441025922096,0.4630692059223394,-0.25955376573250666,-0.07587966925597318,0.17332658314384555,B,INVH,SuperTrend (calm-tuned)
2363,0.7617435463393991,0.7059442290240079,0.43897552102280274,0.06643519090384428,1.4444444444444444,0.7307692307692307,0.18381268436578171,0.4736313829411864,0.5203041266659922,0.1412791916685953,0.21864894868708598,0.17332658314384555,B,INVH,Online directional-change (calm-tuned)
2400,0.6608333333333334,0.6880292284547604,0.38189424670484196,-0.14116208859402166,2.4285714285714284,0.6862745098039216,0.2127659574468085,0.4504224540041311,0.4946164667622105,-0.36199576743407424,-0.8958562834779712,-0.6896637542455231,B,BGG,MODEL calm
2400,0.6958333333333333,0.709391790242854,0.4137029862725142,-0.022346235262460004,2.0,0.7619047619047619,0.18012422360248448,0.5015083618852059,0.5234073842849176,-0.06461709360700586,-0.6457613497436316,-0.6896637542455231,B,BGG,Crypto model C
2400,0.6820833333333334,0.6797872340425531,0.35544149389026736,0.16920046743737863,1.5714285714285714,0.7272727272727273,0.26865671641791045,0.486529437526028,0.5476935714360349,0.41365368713802836,-0.3391553153837182,-0.6896637542455231,B,BGG,EMA cross (calm-tuned)
2400,0.6895833333333333,0.6858693316140124,0.3681354672131212,0.12306823654737215,1.9523809523809523,0.7560975609756098,0.18823529411764706,0.382780785158254,0.3896041549220439,0.29721605018774233,-0.39480157033683194,-0.6896637542455231,B,BGG,SuperTrend (calm-tuned)
2400,0.6583333333333333,0.6678486997635934,0.33093098533598203,0.004714177945537316,1.7142857142857142,0.7777777777777778,0.22935779816513763,0.5269550052475575,0.5560902181558682,0.003960919611719243,-0.60971276756694,-0.6896637542455231,B,BGG,Online directional-change (calm-tuned)
1028,0.7247081712062257,0.630651615197303,0.2931012748692563,-0.04664245960776241,1.6666666666666667,0.8,0.2510462617350978,0.5980958624097461,0.5427493695279615,-0.09679467508959998,0.20231238636805943,0.46075219823937735,B,SAPE-201502,MODEL calm
1028,0.6391050583657587,0.579605349032952,0.15661378643334495,0.11343244922288892,1.3333333333333333,0.875,0.3361233646269276,0.48853823704655863,0.5714690492580838,0.21466152557660217,0.41670886159845977,0.46075219823937735,B,SAPE-201502,Crypto model C
1028,0.708171206225681,0.6880330916276202,0.35626414470967216,-0.07895407804894926,3.0,0.6666666666666666,0.2806204673650282,0.3575661443397996,0.43822156328256134,-0.16466009119741734,0.18880131311251158,0.46075219823937735,B,SAPE-201502,EMA cross (calm-tuned)
1028,0.7110894941634242,0.7297959679706172,0.4231546764133786,0.18222287174027663,2.1666666666666665,0.6923076923076923,0.2008904109589041,0.3370316720984571,0.391821292062669,0.34465287913800463,0.5181891205997398,0.46075219823937735,B,SAPE-201502,SuperTrend (calm-tuned)
1028,0.627431906614786,0.5528061718226052,0.10652021836173431,-0.3692014018459414,1.0,1.0,0.3626852166044565,0.7173607658561588,0.8034906110505367,-0.7197179212025301,-0.18302085511051192,0.46075219823937735,B,SAPE-201502,Online directional-change (calm-tuned)
3713,0.6967411796391059,0.712461383184132,0.4447672798809219,-0.10574226377015959,3.1578947368421053,0.65,0.23333333333333334,0.3872873974475393,0.4196317541490525,-0.195845141828614,-0.2016430450692943,-0.1591398621502467,B,HBI,MODEL calm
3713,0.7729598707244816,0.7740563747001346,0.5460292194781453,0.019748168451401194,1.894736842105263,0.7777777777777778,0.29292929292929293,0.4314787251053973,0.4526214232390279,0.03082643969729502,-0.0773530877339323,-0.1591398621502467,B,HBI,Crypto model C
3713,0.7869647185564234,0.7846776080978293,0.5699823717521295,0.0116934652378075,1.8421052631578947,0.7142857142857143,0.25210084033613445,0.4032234234986876,0.5147930776462476,0.01658429493872471,-0.08848584505577241,-0.1591398621502467,B,HBI,EMA cross (calm-tuned)
3713,0.747643415028279,0.7497620092446317,0.49746273159250315,-0.029563995365850766,3.210526315789474,0.6557377049180327,0.1452991452991453,0.4306683200948411,0.3876989129776286,-0.06013114391925739,-0.1308367382814027,-0.1591398621502467,B,HBI,SuperTrend (calm-tuned)
3713,0.8012388903851333,0.7974189631970042,0.598119065459508,0.03597760261184022,1.3157894736842106,0.84,0.296969696969697,0.4525572928228422,0.5085245586950542,0.06110002571279759,-0.0601410131329236,-0.1591398621502467,B,HBI,Online directional-change (calm-tuned)
3197,0.7100406631216766,0.6638892602380977,0.3434649965495878,-0.012878108897497494,1.542857142857143,0.7777777777777778,0.25925925925925924,0.46888588970817446,0.5023692132676889,-0.054202927396377276,0.21290515425758347,0.37597031990081087,B,ALLE,MODEL calm
3197,0.7169221144823272,0.7139609877660431,0.41339985945723784,-0.06008465692918116,1.457142857142857,0.8235294117647058,0.24719101123595505,0.4664772322034632,0.5451564700471595,-0.19241981263859725,0.13484967728812794,0.37597031990081087,B,ALLE,Crypto model C
3197,0.6359086643728495,0.6132680072944411,0.22196494677762996,-0.1044543312244767,1.4,0.7959183673469388,0.3793103448275862,0.5185371042257481,0.5874275445703071,-0.32254454661112586,0.039748366876350034,0.37597031990081087,B,ALLE,EMA cross (calm-tuned)
3197,0.7137941820456678,0.7111411618317,0.4077261664078334,-0.004307841050928525,1.4857142857142858,0.8269230769230769,0.20930232558139536,0.4663114244266819,0.4277651740498381,-0.028366904246176224,0.2688925786647994,0.37597031990081087,B,ALLE,SuperTrend (calm-tuned)
3197,0.7203628401626525,0.6859761113910513,0.3784524157580776,0.026775563323514235,1.2571428571428571,0.7954545454545454,0.23809523809523808,0.47240879496287214,0.48462993756346795,0.06562413752971412,0.3021650598764458,0.37597031990081087,B,ALLE,Online directional-change (calm-tuned)
1536,0.74609375,0.6843365253077975,0.40144287730428363,-0.1920295416949556,2.7777777777777777,0.64,0.15384615384615385,0.36253329466993334,0.35882983681666614,-0.374806986453635,-0.30287852190258496,-0.04427131797959515,B,JNS-201705,MODEL calm
1536,0.7317708333333334,0.7137710898312813,0.4171161885846058,-0.2674886365594741,2.3333333333333335,0.7142857142857143,0.24277456647398843,0.3374648519828291,0.4421951954132367,-0.5162443458639598,-0.45489056653236865,-0.04427131797959515,B,JNS-201705,Crypto model C
1536,0.7610677083333334,0.7784427724578203,0.5276124188899857,-0.1423456195420401,2.5555555555555554,0.6086956521739131,0.14102564102564102,0.32278558869681634,0.382998934119668,-0.27963627772846966,-0.2801048026981476,-0.04427131797959515,B,JNS-201705,EMA cross (calm-tuned)
1536,0.6399739583333334,0.6475262197902416,0.27907672320184385,-0.15592508053892584,3.2222222222222223,0.6206896551724138,0.09248554913294797,0.3374648519828291,0.39245012286816433,-0.30795959787772964,-0.3095646107903025,-0.04427131797959515,B,JNS-201705,SuperTrend (calm-tuned)
1536,0.8059895833333334,0.7725262197902416,0.5573291971568127,0.09013369806840486,0.7777777777777778,1.0,0.31213872832369943,0.46083708904052706,0.5116729787690386,0.16788681963731772,0.0818457656547153,-0.04427131797959515,B,JNS-201705,Online directional-change (calm-tuned)
3270,0.7486238532110092,0.733986622164333,0.5039985395169665,0.06622810464078716,2.7777777777777777,0.68,0.20562647369704856,0.333111682437353,0.39304636614490096,0.13629215262361866,-0.06150697312080843,-0.21600977212739328,B,DISH,MODEL calm
3270,0.7516819571865443,0.7474831759470314,0.4980315334003247,0.11466009992325912,2.5,0.7111111111111111,0.15206705644952656,0.3645272081570484,0.3682623074398248,0.24332748450883715,0.02409729749639536,-0.21600977212739328,B,DISH,Crypto model C
3270,0.7067278287461773,0.7062043217916711,0.4113405748758951,0.1161729453258331,1.8888888888888888,0.7647058823529411,0.3056016980435585,0.5181486911171855,0.4701006421012333,0.24862229813166645,0.030888294139741854,-0.21600977212739328,B,DISH,EMA cross (calm-tuned)
3270,0.7299694189602447,0.7269630323094178,0.45493905624638964,0.04923521354660124,3.3333333333333335,0.65,0.12788600288600288,0.3534440746281794,0.3376678022954517,0.09728114899298201,-0.10381474939785307,-0.21600977212739328,B,DISH,SuperTrend (calm-tuned)
3270,0.7605504587155963,0.7488987481457361,0.5222080797615775,0.13342039446342005,1.9444444444444444,0.7714285714285715,0.17084354494426435,0.32789573913162257,0.3699756997989736,0.28626344903489576,0.054111148598698935,-0.21600977212739328,B,DISH,Online directional-change (calm-tuned)
1933,0.7656492498706674,0.7699014742389035,0.5462550561122593,0.20338298925728462,1.5789473684210527,0.7333333333333333,0.19369369369369369,0.33191173287554554,0.341029733815762,0.599355945266194,0.5119200174661728,0.2225722864984636,B,MRNA,MODEL calm
1933,0.7139161924469736,0.711136286102332,0.4260323746579228,0.11050114493707205,1.368421052631579,0.7307692307692307,0.24166666666666667,0.3192137398212703,0.3907946673148172,0.3237054567385722,0.3770756374199617,0.2225722864984636,B,MRNA,Crypto model C
1933,0.7465080186239007,0.7473539439269983,0.4942314582659592,0.180359045216027,1.105263157894737,0.7619047619047619,0.3004694835680751,0.5366598750319337,0.5786103871971,0.532455562435385,0.4825389791649439,0.2225722864984636,B,MRNA,EMA cross (calm-tuned)
1933,0.686497672012416,0.6880754219850624,0.376245710299632,0.07428794667525351,1.8421052631578947,0.6285714285714286,0.18468468468468469,0.2564845023023339,0.2605777492268516,0.21441533400456717,0.2809253773999123,0.2225722864984636,B,MRNA,SuperTrend (calm-tuned)
1933,0.735644076564925,0.7373501033104398,0.47484541157588583,0.1943959809906029,1.2105263157894737,0.6956521739130435,0.2222222222222222,0.35604320241351106,0.3522743614801972,0.5738863846923987,0.5132877683320565,0.2225722864984636,B,MRNA,Online directional-change (calm-tuned)
3949,0.7247404406178779,0.7034561094419363,0.42952377099308314,0.027911669646904853,2.4074074074074074,0.6923076923076923,0.19696969696969696,0.43524707461346895,0.42001530377574753,0.05014478424495208,-0.13907933873671685,-0.2531130713884709,B,XRAY,MODEL calm
3949,0.7166371233223601,0.7158894516891874,0.42824448872464094,0.06733470922697903,2.037037037037037,0.7454545454545455,0.1702127659574468,0.45383692064317255,0.447930827531416,0.1417441038900341,-0.08228630180997328,-0.2531130713884709,B,XRAY,Crypto model C
3949,0.6837173968093189,0.6863541027617415,0.36871881763007164,0.02979547902582049,1.962962962962963,0.6981132075471698,0.2777777777777778,0.5420890328989617,0.6013429832310292,0.056869435867349494,-0.17313435399929825,-0.2531130713884709,B,XRAY,EMA cross (calm-tuned)
3949,0.706001519371993,0.7167474162747165,0.4302369576660326,0.06327663377359512,2.4074074074074074,0.6923076923076923,0.1461038961038961,0.38867442382084266,0.41993030974774825,0.13046918154660173,-0.09975412698964733,-0.2531130713884709,B,XRAY,SuperTrend (calm-tuned)
3949,0.7080273486958724,0.7058706013748407,0.40891618796491325,0.07634219742472917,1.5925925925925926,0.813953488372093,0.18840579710144928,0.4828314667314171,0.46747382824231476,0.16464590880015695,-0.06536464591077443,-0.2531130713884709,B,XRAY,Online directional-change (calm-tuned)
3950,0.7354430379746836,0.6714747702889996,0.36815905498065304,-0.1886994826936276,2.6,0.6615384615384615,0.16080402010050251,0.43405170657272246,0.3552277379033098,-0.3852415407367861,-0.18313240263798933,0.12557438447239486,B,REG,MODEL calm
3950,0.7336708860759493,0.7128387916431395,0.4142298853385705,-0.19584266286171229,2.2,0.7272727272727273,0.16428571428571428,0.5140135540225625,0.47693359378418493,-0.3971372407797851,-0.20197585523526349,0.12557438447239486,B,REG,Crypto model C
3950,0.6964556962025317,0.6910387043786252,0.36313682705233113,-0.06221116428552685,2.28,0.7017543859649122,0.18571428571428572,0.44197153028624986,0.4988725394400327,-0.13548123808622353,-0.008984379013304858,0.12557438447239486,B,REG,EMA cross (calm-tuned)
3950,0.6756962025316455,0.6960744968290782,0.36772771585024244,-0.09796452040029885,2.8,0.6714285714285714,0.17307692307692307,0.3771732221671096,0.3894535309463417,-0.20868805005103916,-0.07731673114665343,0.12557438447239486,B,REG,SuperTrend (calm-tuned)
3950,0.6665822784810127,0.6416245899267818,0.2736975714273792,-0.215921483861516,1.4,0.8571428571428571,0.2803738317757009,0.5806431349253638,0.6119821525035606,-0.4318165203602356,-0.23700820016943724,0.12557438447239486,B,REG,Online directional-change (calm-tuned)
