tree
version=v4
num_class=1
num_tree_per_iteration=1
label_index=0
max_feature_idx=202
objective=regression
feature_names=vol_ratio vol_level mom_6 don_pos_6 dd_6 ru_6 since_hi_6 since_lo_6 er_6 mom_12 don_pos_12 dd_12 ru_12 since_hi_12 since_lo_12 er_12 mom_24 don_pos_24 dd_24 ru_24 since_hi_24 since_lo_24 er_24 mom_48 don_pos_48 dd_48 ru_48 since_hi_48 since_lo_48 er_48 mom_96 don_pos_96 dd_96 ru_96 since_hi_96 since_lo_96 er_96 mom_192 don_pos_192 dd_192 ru_192 since_hi_192 since_lo_192 er_192 mom_384 don_pos_384 dd_384 ru_384 since_hi_384 since_lo_384 er_384 ema_dist_10 ema_slope_10 ema_dist_20 ema_slope_20 ema_dist_50 ema_slope_50 ema_dist_100 ema_slope_100 ema_dist_200 ema_slope_200 ema_dist_400 ema_slope_400 ema_x_10_40 ema_x_20_100 ema_x_50_200 tstat_24 tstat_96 tstat_384 st_10_3.0 st_24_4.0 st_48_3.0 adx14 di14 adx56 di56 rsi_14 rsi_56 dc_0.5 dc_ov_0.5 dc_age_0.5 dc_1.0 dc_ov_1.0 dc_age_1.0 dc_2.0 dc_ov_2.0 dc_age_2.0 dc_4.0 dc_ov_4.0 dc_age_4.0 h4_mom_24 h4_mom_96 h4_mom_384 h4_ema_dist_50 h4_ema_dist_200 h4_ema_slope_50 h4_ema_slope_200 h4_don_pos_96 h4_dd_96 h4_ru_96 h4_er_96 h4_tstat_96 h4_st_24_4.0 h4_adx14 h4_di14 h4_dc_1.0 h4_dc_2.0 h4_dc_ov_1.0 h4_vol_ratio h24_mom_24 h24_mom_96 h24_mom_384 h24_ema_dist_50 h24_ema_dist_200 h24_ema_slope_50 h24_ema_slope_200 h24_don_pos_96 h24_dd_96 h24_ru_96 h24_er_96 h24_tstat_96 h24_st_24_4.0 h24_adx14 h24_di14 h24_dc_1.0 h24_dc_2.0 h24_dc_ov_1.0 h24_vol_ratio bb_pctb_20 bb_bw_20 bb_bwz_20 bb_bwroc_20 bb_since_sq_20 bb_pctb_50 bb_bw_50 bb_bwz_50 bb_bwroc_50 bb_since_sq_50 bb_pctb_100 bb_bw_100 bb_bwz_100 bb_bwroc_100 bb_since_sq_100 atrp_14 atrp_z_14 atr_roc_14 atrp_56 atrp_z_56 atr_roc_56 h4_bb_pctb_20 h4_bb_pctb_50 h4_bb_bwz_20 h4_bb_bwroc_20 h4_atrp_z_14 h4_atr_roc_14 h24_bb_pctb_20 h24_bb_pctb_50 h24_bb_bwz_20 h24_bb_bwroc_20 h24_atrp_z_14 h24_atr_roc_14 nret_1 nret_5 nret_21 nret_63 nret_126 nret_252 macdn_8_24 macdn_16_48 macdn_32_96 cusum_p_0.25 cusum_n_0.25 cusum_age_p_0.25 cusum_age_n_0.25 cusum_d_0.25 cusum_p_0.5 cusum_n_0.5 cusum_age_p_0.5 cusum_age_n_0.5 cusum_d_0.5 cusum_p_1.0 cusum_n_1.0 cusum_age_p_1.0 cusum_age_n_1.0 cusum_d_1.0 bocpd_p5 bocpd_p20 bocpd_erl obv_slope_20 ad_slope_20 obv_slope_60 ad_slope_60 chop_14 chop_50 ema20_cross_rate_50 var_ratio_5_250 trend_r2_50 trend_r2_150 liq_below_30 vwap_dist_30 liq_below_120 vwap_dist_120 poc_dist_120
feature_infos=[-0.92529606819152832:1.0058882236480713] [-0.35349383950233459:1.1347999572753906] [-7.2692193984985352:6.1962618827819824] [-0.5:0.5] [-7.1522459983825684:0] [0:5.9173474311828613] [0:0.83333331346511841] [0:0.83333331346511841] [-1:1] [-7.4683394432067871:6.2886042594909668] [-0.5:0.5] [-7.016838550567627:0] [0:6.3768830299377441] [0:0.91666668653488159] [0:0.91666668653488159] [-1:1] [-5.9064559936523438:4.988436222076416] [-0.5:0.5] [-5.7848911285400391:0] [0:5.704195499420166] [0:0.95833331346511841] [0:0.95833331346511841] [-0.98681676387786865:0.96021872758865356] [-5.3269085884094238:4.5876603126525879] [-0.5:0.5] [-5.1754236221313477:0] [0:4.4242081642150879] [0:0.97916668653488159] [0:0.97916668653488159] [-0.68848663568496704:0.82009828090667725] [-4.2186422348022461:3.8927690982818604] [-0.5:0.5] [-4.1831059455871582:0] [0:3.9264097213745117] [0:0.98958331346511841] [0:0.98958331346511841] [-0.58320200443267822:0.55295199155807495] [-3.5037775039672852:3.6806128025054932] [-0.5:0.5] [-3.580324649810791:0] [0:3.7174079418182373] [0:0.99479168653488159] [0:0.99479168653488159] [-0.41354873776435852:0.41588014364242554] [-3.3105061054229736:3.3758304119110107] [-0.5:0.5] [-3.5238735675811768:0] [0:3.5967752933502197] [0:0.99739581346511841] [0:0.99739581346511841] [-0.28616920113563538:0.32191070914268494] [-5.9237470626831055:5.4438762664794922] [-3.3135814666748047:2.8234024047851562] [-7.0136871337890625:6.8090329170227051] [-3.2808527946472168:2.7710332870483398] [-8.5112953186035156:10.023453712463379] [-2.2056605815887451:1.9524006843566895] [-11.910550117492676:15.950875282287598] [-1.7948205471038818:1.7100543975830078] [-17.939304351806641:22.809930801391602] [-1.426952600479126:2.0757896900177002] [-34.490669250488281:33.017902374267578] [-1.2002509832382202:2.3293943405151367] [-6.1996378898620605:6.7449312210083008] [-9.1941423416137695:13.457856178283691] [-15.075579643249512:15.782563209533691] [-35.176563262939453:38.373455047607422] [-61.794883728027344:70.228034973144531] [-117.66822052001953:125.95726776123047] [-5.4714994430541992:5.5668601989746094] [-7.4603862762451172:7.3447999954223633] [-7.6756582260131836:7.0708193778991699] [0.063112653791904449:0.88155382871627808] [-0.95212286710739136:0.94222420454025269] [0.03392452746629715:0.4703790545463562] [-0.7365681529045105:0.72936779260635376] [-0.5:0.5] [-0.5:0.5] [-1:1] [-10:10] [0:5.5529594421386719] [-1:1] [-10:10] [0:6.4248690605163574] [-1:1] [-8.0539932250976562:7.2358694076538086] [0:7.2477927207946777] [-1:1] [-5.9722347259521484:8.7967967987060547] [0:8.0352792739868164] [-6.054746150970459:5.8967852592468262] [-3.4984657764434814:4.5441765785217285] [-3.0024323463439941:3.2066824436187744] [-7.8151516914367676:9.0278987884521484] [-21.087368011474609:18.792648315429688] [-1.8734484910964966:2.7794978618621826] [-1.2795413732528687:2.6870577335357666] [-0.5:0.5] [-3.5242104530334473:0] [0:4.7951993942260742] [-0.51964253187179565:0.58851641416549683] [-60.99371337890625:71.668708801269531] [-6.633674144744873:7.0231175422668457] [0.022522412240505219:0.77640998363494873] [-0.91824871301651001:0.93373435735702515] [-1:1] [-1:1] [-8.9057016372680664:10] [-0.69235622882843018:1.0058882236480713] [-4.9020800590515137:4.1336889266967773] [-2.9492454528808594:2.7946212291717529] [-1.9643929004669189:2.8412561416625977] [-7.266960620880127:8.12353515625] [-11.817558288574219:16.053106307983398] [-1.747599720954895:1.7013026475906372] [-0.99130356311798096:1.3251285552978516] [-0.5:0.5] [-3.5064048767089844:0] [0:2.8862636089324951] [-0.47401270270347595:0.47404330968856812] [-38.50384521484375:53.678497314453125] [-6.2596125602722168:7.9088129997253418] [0.048734351992607117:0.96533876657485962] [-0.8787616491317749:0.96533876657485962] [-1:1] [-1:1] [-5.9486041069030762:6.1188712120056152] [-0.27728170156478882:1.0058882236480713] [-1.0269463062286377:1.0389434099197388] [-6.5970783233642578:0.28154480457305908] [-2.5321643352508545:2.6559836864471436] [-2.1364185810089111:2.4378223419189453] [0:6.082219123840332] [-1.5017637014389038:1.3366847038269043] [-5.7048850059509277:0.47863671183586121] [-1.9340317249298096:2.6506423950195312] [-1.6647521257400513:2.0982255935668945] [0:7.06390380859375] [-1.7201889753341675:1.8294483423233032] [-5.0252647399902344:0.59577047824859619] [-1.8761553764343262:2.4437751770019531] [-1.4179588556289673:1.9167801141738892] [0:7.5087871551513672] [-6.9881038665771484:-1.5253298282623291] [-1.1956362724304199:2.5272562503814697] [-0.91505259275436401:1.5491342544555664] [-6.7938075065612793:-1.8027522563934326] [-0.98961305618286133:2.2086555957794189] [-0.58998727798461914:1.4450819492340088] [-0.99060112237930298:0.98580610752105713] [-1.2516946792602539:1.2874150276184082] [-1.8307970762252808:2.5738270282745361] [-1.9431017637252808:1.7941415309906006] [-1.1121647357940674:2.1639244556427002] [-0.61411076784133911:1.4702038764953613] [-0.96381604671478271:0.89301979541778564] [-1.3702343702316284:1.3346976041793823] [-1.6343599557876587:2.0226202011108398] [-1.5155587196350098:1.9800406694412231] [-0.90303361415863037:1.9271688461303711] [-0.60199177265167236:2.5434441566467285] [-5.4181904792785645:5.4181904792785645] [-4.5817055702209473:4.077415943145752] [-3.7022476196289062:3.8284788131713867] [-3.3914148807525635:4.0123744010925293] [-3.3997597694396973:4.3297948837280273] [-3.673708438873291:4.9772911071777344] [-4.389866828918457:4.3203048706054688] [-5.9351139068603516:7.214533805847168] [-9.9010076522827148:12.071244239807129] [0:24.66533088684082] [0:31.806585311889648] [0:500] [0:500] [-31.806585311889648:24.66533088684082] [0:20.42140007019043] [0:20.568887710571289] [0:500] [0:500] [-20.568887710571289:20.42140007019043] [0:13.574253082275391] [0:15.664669036865234] [0:500] [0:500] [-15.664669036865234:13.574253082275391] [0.01097198948264122:1] [0.052836146205663681:1] [0.99000000953674316:150.15814208984375] [-0.99967247247695923:0.99983984231948853] [-0.70268666744232178:0.83021479845046997] [-0.83716964721679688:0.89956957101821899] [-0.47957581281661987:0.58271527290344238] [0:83.558036804199219] [19.975452423095703:71.537521362304688] [0:0.46000000834465027] [0.334532231092453:2.1027355194091797] [7.4053621307995643e-13:0.97919750213623047] [1.0985815122183107e-12:0.97917163372039795] [0:1] [-9.1178436279296875:10.330462455749512] [0:1] [-15.708529472351074:31.760772705078125] [-23.293346405029297:43.885635375976562]
tree_sizes=1649 1721 1702 1725 1717 1703 1715 1712 1694 1719 1699 1710 1728 1729 1735 1725 1703 1724 1718 1715 1719 1732 1733 1728 1718 1738 1707 1729 1735 1714 1715 1719 1732 1718 1719 1713 1719 1617 1706 1728 1711 1728 1719 1634 1710 1641 1727 1710 1729 1727 1724 1632 1734 1741 1628 1741 1716 1624 1727 1641 1740 1737 1730 1632 1718 1616 1734 1614 1537 1730 1629 1548 1728 1616 1624 1735 1727 1730 1732 1749 1730 1736 1617 1734 1618 1744 1249 1739 1743 1529 1743 1626 1746 1617 1625 1732 1446 1724 1637 1745 1631 1729 1531 1626 1726 1738 1743 1642

Tree=0
num_leaves=16
num_cat=0
split_feature=10 10 71 71 71 67 5 71 42 42 11 71 104 11 10
split_gain=4634.54 624.441 593.486 179.041 129.32 119.478 118.171 96.6684 95.3482 88.3412 55.8382 22.887 19.2116 17.9677 8.2156
threshold=0.043316308408975608 -0.33166931569576258 2.6127846240997319 1.2665005326271059 1.9362990260124209 -1.4286631345748899 0.68572458624839794 -1.7343963980674741 0.14843750000000003 0.20052083581686023 -0.090624272823333726 1.8025407791137698 -0.33796262741088862 -0.35885383188724512 0.40986862778663641
decision_type=10 10 2 2 2 10 10 2 8 8 10 2 10 10 10
left_child=1 3 7 5 6 -1 -3 12 14 -9 -10 -5 -2 -6 -4
right_child=2 4 8 11 13 -7 -8 9 10 -11 -12 -13 -14 -15 -16
leaf_value=0.0062700973936922451 0.011426612209365514 0.0079329836382883902 0.015712349194612941 0.0080733599922577122 0.010400207304332318 0.0040704000836379751 0.011320882629132984 0.014031507688292415 0.013549633350502577 0.011737516507589816 0.015286393201891998 0.010848747982530205 0.0086352079828298355 0.012472081665300772 0.01793879475675568
leaf_weight=31172 2133 45600 2455 5276 5261 36443 7961 14514 17370 47341 47883 3068 6262 5757 8282
leaf_count=31172 2133 45600 2455 5276 5261 36443 7961 14514 17370 47341 47883 3068 6262 5757 8282
internal_value=0.010431 0.00709637 0.0136357 0.00551642 0.00895877 0.00507796 0.00843716 0.0119287 0.0152103 0.01228 0.0148288 0.00908775 0.00934738 0.0114902 0.0174756
internal_weight=286778 140538 146240 75959 64579 67615 53561 70250 75990 61855 65253 8344 8395 11018 10737
internal_count=286778 140538 146240 75959 64579 67615 53561 70250 75990 61855 65253 8344 8395 11018 10737
is_linear=0
shrinkage=1


Tree=1
num_leaves=16
num_cat=0
split_feature=11 19 19 71 58 11 170 71 186 19 58 58 186 19 31
split_gain=4028.34 700.035 645.303 211.283 156.759 142.293 124.803 96.5247 91.0992 49.069 45.0938 41.6883 35.4593 26.3606 16.5861
threshold=-0.35885383188724512 0.23368804901838305 0.47177028656005865 2.8016710281372075 -0.071892000734806047 -0.67643508315086354 1.0478655099868777 1.9622552990913393 0.18321011215448382 0.23823159188032153 -0.033440550789237015 -0.10586147382855414 0.17737105488777163 0.097325537353754057 0.4414683878421784
decision_type=10 8 8 2 10 10 2 2 10 10 10 10 10 10 10
left_child=1 8 7 12 6 -6 -3 9 13 -2 -10 -5 -4 -1 -9
right_child=2 4 3 11 5 -7 -8 14 10 -11 -12 -13 -14 -15 -16
leaf_value=-0.0046678320194575625 -0.0033707557086909293 -0.0011014648347004064 0.0023216061774624162 0.0061642038261733737 -0.0041674334353602408 -0.0010934216469543287 0.0023312639721283016 0.0011516046427710131 -0.0044048143981164044 -0.00061974058050971368 -0.0066685598331274777 0.004517458400555497 0.0037284328549459034 -0.0032806917613761844 0.0038875666405119016
leaf_weight=23066 6259 20117 41401 14417 16642 24856 10644 5375 9169 13408 20888 44426 17154 16931 1998
leaf_count=23066 6259 20117 41401 14417 16642 24856 10644 5375 9169 13408 20888 44426 17154 16931 1998
internal_value=-1.0586e-05 -0.00308112 0.0030148 0.00383943 -0.00130241 -0.00233225 8.95145e-05 -0.000566249 -0.00491198 -0.00150608 -0.00599249 0.0049293 0.00273859 -0.00408892 0.00192918
internal_weight=286751 142313 144438 117398 72259 41498 30761 27040 70054 19667 30057 58843 58555 39997 7373
internal_count=286751 142313 144438 117398 72259 41498 30761 27040 70054 19667 30057 58843 58555 39997 7373
is_linear=0
shrinkage=0.0257227


Tree=2
num_leaves=16
num_cat=0
split_feature=53 19 69 64 5 19 5 70 58 2 67 24 19 58 67
split_gain=3907.78 610.009 477.771 226.1 116.264 85.5134 80.5609 78.7105 62.4643 62.1314 58.3722 58.8968 33.6063 29.3067 20.8224
threshold=0.10281106457114221 0.22880715876817706 2.6533830165863042 -0.75494685769081105 0.79575330018997203 0.097325537353754057 0.93392452597618114 3.343300580978394 -0.038181109353899949 -0.68694573640823353 -1.8288608789443968 0.4554456919431687 0.87142929434776317 -0.11567232757806777 -4.866001844406127
decision_type=10 8 2 8 10 10 10 2 10 10 8 10 8 10 10
left_child=1 5 6 4 -3 8 7 -2 -1 -5 12 -12 -4 -8 -7
right_child=2 3 10 9 -6 14 13 -9 -10 -11 11 -13 -14 -15 -16
leaf_value=-0.0043673975515407439 0.00049743484203684536 -0.00045613057030466819 0.0031353995099966253 -0.004299392773929463 0.0033986928604635481 -0.0024959507113704129 0.0045763864322588997 0.0026589214985260207 -0.0062927649373206024 -0.0019174836047925975 0.0026815831081261426 0.0045296305790432515 0.0059124348242026482 0.0021272687310815094 -0.0040162896764658574
leaf_weight=23966 44747 23905 3771 10653 6517 9669 5992 14785 23090 23244 18181 33148 19226 7536 18652
leaf_count=23966 44747 23905 3771 10653 6517 9669 5992 14785 23090 23244 18181 33148 19226 7536 18652
internal_value=6.15645e-06 -0.00307546 0.00292708 -0.00123293 0.000376879 -0.0046445 0.00144737 0.0010373 -0.00532188 -0.00267502 0.00437823 0.0038806 0.0054704 0.00323405 -0.00350633
internal_weight=287082 139696 147386 64319 30422 75377 73060 59532 47056 33897 74326 51329 22997 13528 28321
internal_count=287082 139696 147386 64319 30422 75377 73060 59532 47056 33897 74326 51329 22997 13528 28321
is_linear=0
shrinkage=0.0257227


Tree=3
num_leaves=16
num_cat=0
split_feature=51 51 17 25 64 51 64 25 64 60 17 64 25 25 51
split_gain=4151.07 509.131 432.934 113.151 99.963 89.0545 78.1342 74.6873 46.7315 43.1138 34.6674 31.7164 21.1359 20.1329 19.3461
threshold=0.061265449970960624 -0.57411062717437733 0.38110789656639105 -0.28190493583679194 -0.61772963404655445 0.45543110370635992 -0.61772963404655445 -0.41947828233242029 -0.50339335203170765 0.16517654061317447 -0.45117978751659388 -1.8941729664802549 -0.063026711344718919 -0.17776696383953092 0.72813990712165844
decision_type=10 10 10 10 8 10 10 10 10 8 10 10 10 10 10
left_child=1 4 5 6 10 11 -3 -6 -7 14 -1 -2 -11 -5 -4
right_child=2 3 9 13 7 8 -8 -9 -10 12 -12 -13 -14 -15 -16
leaf_value=-0.0043211083682378124 0.0023218132480994544 -0.0011367022340452013 0.003994997902690125 -0.0002628839410106811 -0.0061081100261521299 0.003904811949704138 -0.0030513279919939249 -0.0027446728770352318 0.0017848194161810339 0.0027563900338885396 -0.0025614010551648666 0.00052323488251227281 0.0041691496467157734 0.0017589132031952497 0.0053850625252057421
leaf_weight=20001 7921 27198 10533 10260 31512 12433 29567 5309 15901 10847 12600 34650 24941 4678 28461
leaf_count=20001 7921 27198 10533 10260 31512 12433 29567 5309 15901 10847 12600 34650 24941 4678 28461
internal_value=6.52061e-06 -0.00313669 0.00305136 -0.00161355 -0.00470594 0.0016084 -0.00213706 -0.00563066 0.00272405 0.00441609 -0.0036495 0.000861882 0.00374857 0.000376688 0.00501917
internal_weight=286812 141125 145687 71703 69422 70905 56765 36821 28334 74782 32601 42571 35788 14938 38994
internal_count=286812 141125 145687 71703 69422 70905 56765 36821 28334 74782 32601 42571 35788 14938 38994
is_linear=0
shrinkage=0.0257227


Tree=4
num_leaves=16
num_cat=0
split_feature=51 51 71 71 58 18 51 58 4 58 170 58 58 18 58
split_gain=3963.86 479.193 466.222 127.256 103.844 79.6832 74.9957 56.4872 53.9669 44.7837 39.0446 35.3757 25.94 17.3504 10.9926
threshold=0.052910111844539649 -0.56140562891960133 2.5799497365951543 1.8025407791137698 -0.13488522917032239 -0.58324930071830738 0.43637019395828253 -0.19499166309833524 -0.13714411109685895 -0.11567232757806777 0.26184068620204931 -0.2561217844486236 -0.31220118701457972 -0.27322708070278162 0.0089345066808164137
decision_type=10 10 2 2 10 10 10 8 8 8 2 10 8 10 10
left_child=1 4 6 7 10 -6 11 -3 14 -10 -1 -2 -8 -5 -4
right_child=2 3 8 13 5 -7 12 -9 9 -11 -12 -13 -14 -15 -16
leaf_value=-0.0037381783935577857 0.0019337233365153879 -0.0010062430541106688 0.0039209693580531521 -0.00024269048049958193 -0.0058840149958917847 -0.0027551301333549861 0.0037690308552622595 -0.0027578906961470738 0.0059505370655681617 0.0042518583791189965 -0.00090687430001399347 0.00017848329705659208 0.0019325807515295629 0.0015082088034085869 0.0024643099802593512
leaf_weight=24795 10251 18736 5595 8710 35552 6615 6775 35502 13986 48428 3777 28747 21956 6457 11225
leaf_count=24795 10251 18736 5595 8710 35552 6615 6775 35502 13986 48428 3777 28747 21956 6457 11225
internal_value=-9.53723e-07 -0.00309506 0.00294967 -0.00157364 -0.00458408 -0.00539975 0.00138009 -0.00215534 0.0042884 0.00464015 -0.00336773 0.000643094 0.00237555 0.000507002 0.00296628
internal_weight=287107 140144 146963 69405 70739 42167 67729 54238 79234 62414 28572 38998 28731 15167 16820
internal_count=287107 140144 146963 69405 70739 42167 67729 54238 79234 62414 28572 38998 28731 15167 16820
is_linear=0
shrinkage=0.0257227


Tree=5
num_leaves=16
num_cat=0
split_feature=10 10 71 18 67 71 71 67 67 67 18 71 83 18 75
split_gain=3574.43 488.598 475.455 172.575 113.494 96.593 75.1787 69.1175 65.7064 60.7825 52.6973 21.018 19.7273 19.4309 13.4124
threshold=0.038294397294521339 -0.33166931569576258 2.5799497365951543 -0.50551730394363392 -0.51676902174949635 1.85710084438324 -1.7992168068885801 -2.2304090261459346 -1.1731908321380613 -2.3691591024398799 -0.068000975996255861 1.883190989494324 3.1984648704528813 -0.24510998278856275 -0.12428211793303488
decision_type=10 10 2 10 8 2 2 8 10 8 10 2 2 10 10
left_child=1 3 6 4 -1 8 14 -8 -3 12 -11 -5 -4 -7 -2
right_child=2 5 9 11 -6 13 7 -9 -10 10 -12 -13 -14 -15 -16
leaf_value=-0.0037072085180650861 7.727418324443237e-05 -0.0007848145145558993 0.0057634894915259954 -0.0018639422076552434 -0.0058701158482041636 -2.8726389801290495e-05 0.0025890496786058256 0.00082617566454235318 -0.0026280493180103914 0.0025306713692327754 0.004247076663750923 0.00084676397729358964 0.0039357441316601773 0.0020823301180540304 -0.0020964621485885298
leaf_weight=31986 3259 23974 16838 7713 33805 7654 24501 36971 27612 18174 36951 2443 6271 4542 4328
leaf_count=31986 3259 23974 16838 7713 33805 7654 24501 36971 27612 18174 36951 2443 6271 4542 4328
internal_value=-4.00998e-06 -0.00295029 0.00279106 -0.00434332 -0.00482475 -0.00128796 0.00123331 0.00153143 -0.00177415 0.00416326 0.00368601 -0.00121026 0.00528388 0.000766514 -0.0011723
internal_weight=287022 139729 147293 75947 65791 63782 69059 61472 51586 78234 55125 10156 23109 12196 7587
internal_count=287022 139729 147293 75947 65791 63782 69059 61472 51586 78234 55125 10156 23109 12196 7587
is_linear=0
shrinkage=0.0257227


Tree=6
num_leaves=16
num_cat=0
split_feature=11 17 17 42 11 17 56 42 42 40 17 17 84 17 40
split_gain=3172.44 538.222 422.563 165.117 162.606 160.95 106.523 80.7139 68.9209 34.9096 29.255 27.6461 24.766 21.6276 9.72682
threshold=-0.33317448198795313 -0.32504124939441675 0.37525261938571935 0.085937500000000014 -0.66936764121055592 -0.16896064579486844 -0.39037235081195826 0.085937500000000014 0.19531250000000003 0.17609147727489474 0.4580699503421784 -0.39925242960453028 1.0000000180025095e-35 -0.32123777270317072 0.3423293679952622
decision_type=10 10 10 10 8 10 10 10 10 10 10 10 2 10 10
left_child=1 6 5 9 -5 13 11 -7 14 -3 -10 -1 -8 -2 -4
right_child=2 3 8 4 -6 7 12 -9 10 -11 -12 -13 -14 -15 -16
leaf_value=-0.0034757248196774777 -0.0038207548890121274 0.00038533299055513971 0.0035581238666529554 -0.0032773666640980746 -0.0007187511614299792 0.0043648727672725767 -0.0042330342269942395 0.0013944190544659299 0.0029044814299766467 0.0032066188938697504 0.0041212365032876645 -0.0014241671506371718 -0.0056382490340100176 -0.00107212364719985 0.0060359536184133901
leaf_weight=19265 2638 6939 1639 26614 42918 6882 14520 47825 20916 4936 40775 5828 26676 6586 11970
leaf_count=19265 2638 6939 1639 26614 42918 6882 14520 47825 20916 4936 40775 5828 26676 6586 11970
internal_value=-1.33132e-07 -0.00262549 0.00278475 -0.00122225 -0.00170091 0.00124438 -0.00434496 0.00177434 0.00408964 0.00157261 0.00371331 -0.00300571 -0.00515278 -0.00188616 0.00576168
internal_weight=286927 147696 139231 81407 69532 63931 66289 54707 75300 11875 61691 25093 41196 9224 13609
internal_count=286927 147696 139231 81407 69532 63931 66289 54707 75300 11875 61691 25093 41196 9224 13609
is_linear=0
shrinkage=0.0257227


Tree=7
num_leaves=16
num_cat=0
split_feature=11 12 19 18 17 5 67 24 67 35 35 19 75 32 26
split_gain=3040.16 544.926 487.007 218.837 135.5 116.557 105.888 90.9734 71.1854 61.3538 45.4274 44.9068 25.9623 10.4273 9.08883
threshold=-0.35885383188724512 0.31382581591606146 0.5031028985977174 -0.48853346705436701 0.42664578557014471 0.98291361331939708 -1.6957628130912779 0.22674056142568591 -0.90436762571334828 0.28645832836627966 0.28645832836627966 0.36597117781639105 -0.17946003377437589 -0.06016628444194793 0.25363500416278845
decision_type=10 8 8 8 10 10 8 10 8 10 10 10 10 10 10
left_child=1 3 7 6 9 8 -1 11 -3 -4 -6 -2 -7 -9 -5
right_child=2 5 4 14 10 12 -8 13 -10 -11 -12 -13 -14 -15 -16
leaf_value=-0.0033191046218504854 -0.0021025354844590675 0.00022313179105308019 0.0037776030093506991 -0.0026390753217498198 0.0056045028893472902 0.0048200848403789883 -0.0052547633468065869 0.0014298114645766901 -0.0018948044933216387 0.0018988733985395531 0.0038512686458539416 0.00029910769300637717 0.0013899886275650548 0.0036276219053150188 -0.00087740578062727034
leaf_weight=34644 13154 19203 16579 2199 13148 2508 42552 7240 23040 38618 45995 8401 3577 1787 14345
leaf_count=34644 13154 19203 16579 2199 13148 2508 42552 7240 23040 38618 45995 8401 3577 1787 14345
internal_value=4.0993e-07 -0.00267271 0.00262092 -0.00381573 0.00339158 -0.000452799 -0.00439072 -0.000261859 -0.000933522 0.00246815 0.00424858 -0.00116902 0.00285106 0.00189493 -0.00112396
internal_weight=286990 142068 144922 93740 114340 48328 77196 30582 42243 55197 59143 21555 6085 9027 16544
internal_count=286990 142068 144922 93740 114340 48328 77196 30582 42243 55197 59143 21555 6085 9027 16544
is_linear=0
shrinkage=0.0257227


Tree=8
num_leaves=16
num_cat=0
split_feature=51 51 71 34 32 71 5 5 5 17 17 56 169 60 32
split_gain=3214.47 403.238 377.05 97.4838 80.8799 79.3863 59.2832 57.6415 51.8329 43.703 40.8771 28.1174 25.0187 24.5048 10.3258
threshold=0.061265449970960624 -0.43399281799793238 2.5799497365951543 0.34895832836627966 -0.27452018857002253 1.883190989494324 1.0667683482170107 0.7188011407852174 0.46966552734375006 0.4580699503421784 0.2997387051582337 -0.2984809130430221 -0.46005985140800471 0.075930591672658934 -0.12248328700661658
decision_type=10 10 2 8 8 2 10 10 10 8 8 8 8 8 10
left_child=1 3 6 4 -1 7 10 -3 -5 11 -2 -4 -8 -11 -7
right_child=2 5 9 8 -6 14 12 -9 -10 13 -12 -13 -14 -15 -16
leaf_value=-0.005545530084289989 0.00043059072935863513 -0.0019022710208778865 0.0053655770290382066 -0.0033784947112915475 -0.0020188591740905519 0.00026221415755925848 0.0042150985510750888 0.0013357474782206 0.00021377977092518197 0.0050963565559623168 0.0019058965836656761 0.0028684356067904628 0.0016956013560228645 0.0038511532944962416 0.0019854589688646615
leaf_weight=27840 37296 41310 3409 47047 5242 10067 5492 3928 2806 20317 18604 28934 5257 26405 2910
leaf_count=27840 37296 41310 3409 47047 5242 10067 5492 3928 2806 20317 18604 28934 5257 26405 2910
internal_value=1.13806e-05 -0.00275435 0.00269053 -0.00390551 -0.00499337 -0.00111104 0.00126301 -0.00161912 -0.00317628 0.00389121 0.000923752 0.00314513 0.00300606 0.00440097 0.000659133
internal_weight=286864 141150 145714 82935 33082 58215 66649 45238 49853 79065 55900 32343 10749 46722 12977
internal_count=286864 141150 145714 82935 33082 58215 66649 45238 49853 79065 55900 32343 10749 46722 12977
is_linear=0
shrinkage=0.0257227


Tree=9
num_leaves=16
num_cat=0
split_feature=19 4 17 19 4 42 18 64 42 42 18 64 42 24 158
split_gain=2638.3 754.487 239.122 215.213 119.654 93.45 64.1196 52.1743 51.8202 50.2628 44.0067 40.747 34.3699 19.5924 4.54317
threshold=0.36597117781639105 -0.38965988159179682 0.41845107078552252 0.13744059950113299 -0.78603938221931446 0.091145832091569914 -0.41466744244098658 0.5080973505973817 0.26822917163372045 0.22135416418313983 -0.58943268656730641 -0.53328922390937794 0.19531250000000003 0.17546232044696811 0.17429644614458087
decision_type=8 10 10 10 8 10 10 10 10 10 10 10 8 10 10
left_child=3 4 5 9 7 -3 11 -2 -4 14 -11 -5 -6 -8 -1
right_child=1 2 8 6 12 -7 13 -9 -10 10 -12 -13 -14 -15 -16
leaf_value=-0.0033761833228464597 -0.0012199261521307998 0.0039563050160944689 0.0053235946357175308 -0.0016660910584824645 0.0015770398242584594 0.0014356465883470109 -0.0013300715216218871 -0.0043601561810142995 0.0035773776638290257 -0.0051694600450273125 -0.0026801735852814003 -0.0033627591792371606 -0.00050909351469672498 0.00077257418079397532 -0.002318805319571703
leaf_weight=11432 6604 11557 15451 19535 6487 60938 5944 7589 47241 34130 5796 18524 25411 5629 4762
leaf_count=11432 6604 11557 15451 19535 6487 60938 5944 7589 47241 34130 5796 18524 25411 5629 4762
internal_value=-6.75186e-07 0.00188267 0.00285118 -0.00322798 -0.000958031 0.00184168 -0.00198872 -0.0029151 0.00401443 -0.00431927 -0.00481461 -0.00249759 -8.17532e-05 -0.000309203 -0.0030791
internal_weight=287030 181278 135187 105752 46091 72495 49632 14193 62692 56120 39926 38059 31898 11573 16194
internal_count=287030 181278 135187 105752 46091 72495 49632 14193 62692 56120 39926 38059 31898 11573 16194
is_linear=0
shrinkage=0.0257227


Tree=10
num_leaves=16
num_cat=0
split_feature=51 10 10 69 169 69 69 104 12 12 169 104 69 12 31
split_gain=2918.66 411.364 263.588 78.4072 78.3009 66.0351 46.705 38.4688 36.394 31.7541 29.2627 29.2046 45.2525 19.0805 14.0048
threshold=0.08826323971152307 -0.33166931569576258 0.35394224524497991 0.97739797830581676 -0.36306430399417872 2.5031765699386601 -2.1924239397048946 -0.35783369839191431 1.0150049328804018 0.37063594162464147 0.32779771089553839 -0.3426616489887237 2.2052503824234013 0.72059160470962536 0.36885523796081549
decision_type=10 10 8 2 10 2 2 8 8 8 8 8 2 8 10
left_child=1 3 11 4 -1 8 9 -8 -4 -3 -7 13 -13 -2 -5
right_child=2 6 5 14 -6 10 7 -9 -10 -11 -12 12 -14 -15 -16
leaf_value=-0.0032719403974292333 0.0013169195205956243 -0.0026928841965697392 0.0016064096433716477 -0.0021784586261241702 -0.005067871688361333 0.0046563719853870275 0.0013594360347134425 -0.00092715422802125793 0.0037836025556199828 -0.00063054209158015871 0.003478581090739211 0.00020190190689186907 0.001761529061395271 0.0044520356655662931 0.00029393366160023105
leaf_weight=32082 2512 16223 16185 7971 33922 23352 5465 39965 7505 7178 40836 23938 25308 2778 1844
leaf_count=32082 2512 16223 16185 7971 33922 23352 5465 39965 7505 7178 40836 23938 25308 2778 1844
internal_value=-1.99194e-06 -0.00257481 0.0026112 -0.00388094 -0.00420031 0.00348259 -0.00113303 -0.000650047 0.0023073 -0.00206489 0.00391271 0.00120378 0.00100508 0.00300804 -0.00171543
internal_weight=287064 144650 142414 75819 66004 87878 68831 45430 23690 23401 64188 54536 49246 5290 9815
internal_count=287064 144650 142414 75819 66004 87878 68831 45430 23690 23401 64188 54536 49246 5290 9815
is_linear=0
shrinkage=0.0257227


Tree=11
num_leaves=16
num_cat=0
split_feature=12 70 70 12 186 3 70 12 67 67 198 3 46 3 198
split_gain=2300.85 496.743 392.143 186.807 127.305 97.9039 50.6073 42.0208 41.1416 38.2597 35.3194 24.1753 13.9725 8.05015 5.92214
threshold=0.36174571514129644 2.5111277103424077 3.5615146160125737 0.70838016271591198 0.17820289731025699 0.17134763300418857 3.389262437820435 0.15069156885147098 -0.77075886726379383 -1.8288608789443968 0.78266528248786937 0.36582726240158087 -0.067175704985856996 0.40819251537323004 0.72965380549430858
decision_type=8 2 2 10 10 10 2 10 10 8 10 8 8 8 8
left_child=1 4 3 10 7 -5 12 -1 -6 13 -2 -11 -3 -4 -8
right_child=2 6 9 5 8 -7 14 -9 -10 11 -12 -13 -14 -15 -16
leaf_value=-0.0032356969490233783 -0.00041027803573212633 -0.00044553334941236641 0.0036431280983125164 0.0004559737317979112 -0.0032253980196143952 0.0029631928892063148 0.0010637233436033521 -0.0018414740210962288 -0.0050613002506861814 0.0022045041278564506 0.0012417685945737371 0.0035425781300028446 0.0018982141496829926 0.005033579607763035 0.0027630659508883241
leaf_weight=35168 41743 12561 5280 15232 12115 32003 1913 24879 29018 12980 10681 33618 1856 11818 6328
leaf_count=35168 41743 12561 5280 15232 12115 32003 1913 24879 29018 12980 10681 33618 1856 11818 6328
internal_value=-9.92913e-06 -0.00265323 0.00199428 0.000985295 -0.00342364 0.00215697 0.000786982 -0.00266148 -0.0045284 0.00356948 -7.22081e-05 0.00317459 -0.00013437 0.00462451 0.00238361
internal_weight=287193 123838 163355 99659 101180 47235 22658 60047 41133 63696 52424 46598 14417 17098 8241
internal_count=287193 123838 163355 99659 101180 47235 22658 60047 41133 63696 52424 46598 14417 17098 8241
is_linear=0
shrinkage=0.0257227


Tree=12
num_leaves=16
num_cat=0
split_feature=128 71 71 64 169 18 26 18 150 18 63 26 169 18 93
split_gain=2411.39 403.808 335.97 121.366 82.7346 82.3199 71.3079 69.9316 65.4613 37.243 26.3903 22.9441 18.9092 15.4315 13.0119
threshold=0.0098275677300989645 2.5799497365951543 -2.5704507827758785 -0.95549261569976796 -0.40119938552379603 -0.46638037264347071 0.27483588457107549 -0.23714356869459149 0.16474931687116626 -0.064835429191589342 -0.33025644719600672 0.34288972616195684 1.3334738016128542 -0.87947475910186756 -2.6499381065368648
decision_type=10 2 2 8 10 10 8 10 10 10 10 10 10 10 8
left_child=2 7 4 6 14 -5 -4 8 -2 10 -3 -9 -11 -6 -1
right_child=1 9 3 5 13 -7 -8 11 -10 12 -12 -13 -14 -15 -16
leaf_value=-0.0023977729996719809 0.0010565676329926763 0.004724058608276514 -0.0013860584695318437 -0.0028388928746147881 -0.0055422347332865773 -0.00060884186838447007 0.0011488217560062745 -0.00069457928939755612 -0.00096905828623870154 0.0043358346194983981 0.0024343340961481257 0.0020233228148110313 0.0032472109593133878 -0.0038920186293438346 -0.003562684793802182
leaf_weight=11472 24739 3926 14479 36875 18749 15644 14723 2181 18282 31898 24797 27306 18316 5973 17364
leaf_count=11472 24739 3926 14479 36875 18749 15644 14723 2181 18282 31898 24797 27306 18316 5973 17364
internal_value=1.64052e-05 0.0022453 -0.00247869 -0.00143851 -0.00406101 -0.0021767 -0.000108406 0.000857891 0.000195552 0.0035174 0.00276043 0.00182086 0.00394496 -0.00515836 -0.00310772
internal_weight=286724 151445 135279 81721 53558 52519 29202 72508 43021 78937 28723 29487 50214 24722 28836
internal_count=286724 151445 135279 81721 53558 52519 29202 72508 43021 78937 28723 29487 50214 24722 28836
is_linear=0
shrinkage=0.0257227


Tree=13
num_leaves=16
num_cat=0
split_feature=78 4 3 42 58 25 4 26 26 42 41 25 42 26 58
split_gain=2225.41 540.008 323.357 108.023 92.1717 82.0855 73.1794 40.214 36.108 35.5389 31.6116 29.0345 28.8428 21.9625 12.2379
threshold=-1.0000000180025095e-35 -0.30996745824813837 -0.17456772178411481 0.26822917163372045 -0.062281047925353043 -0.084825739264488206 -0.64307439327239979 0.24298100918531421 0.60851201415061962 0.29427082836627966 0.27864582836627966 -0.48915222287178034 0.20572916418313983 0.079548750072717681 -0.18987251818180081
decision_type=2 10 10 10 10 10 8 10 10 8 10 10 10 10 10
left_child=2 6 4 8 13 -5 12 14 -3 -8 -9 -6 -2 -1 -4
right_child=1 3 7 5 11 -7 9 10 -10 -11 -12 -13 -14 -15 -16
leaf_value=-0.0033483907463545547 0.00028800057171193615 0.0025862222777359167 -0.0013485877984646653 0.0015970938460596403 -0.0050456891215945798 0.0032164494282177635 0.0018174646005175595 -0.0014773581500911836 0.0047620332461152147 -4.7699052290584276e-05 0.00016429498339001156 -0.0032492481915543342 -0.0022416985420140368 -0.0020078364940612188 -0.0027592753512259019
leaf_weight=20240 3873 6961 8398 40173 29105 43405 8891 13118 22551 27347 18791 8321 12622 14402 8438
leaf_count=20240 3873 6961 8398 40173 29105 43405 8891 13118 22551 27347 18791 8321 12622 14402 8438
internal_value=-1.83189e-05 0.00191589 -0.00267262 0.00291762 -0.00376627 0.00244052 -0.000233637 -0.00105191 0.0042578 0.000413128 -0.000512749 -0.00465462 -0.00164931 -0.0027974 -0.002066
internal_weight=286636 165823 120813 113090 72068 83578 52733 48745 29512 36238 31909 37426 16495 34642 16836
internal_count=286636 165823 120813 113090 72068 83578 52733 48745 29512 36238 31909 37426 16495 34642 16836
is_linear=0
shrinkage=0.0257227


Tree=14
num_leaves=16
num_cat=0
split_feature=78 11 3 42 19 67 42 11 53 19 11 19 84 19 42
split_gain=2171.74 536.159 315.629 93.8605 88.0674 85.5042 83.9856 60.9355 58.1296 35.9874 30.5892 30.3501 22.1191 20.6793 14.6227
threshold=-1.0000000180025095e-35 -0.24245759844779965 -0.25117926299571985 0.25781250000000006 0.34655311703681951 -0.77075886726379383 0.26302082836627966 -0.45531237125396723 0.8300020992755891 0.45114117860794073 -0.85020819306373585 0.87142929434776317 -1.0000000180025095e-35 0.17860141396522525 0.22656250000000003
decision_type=2 10 10 8 10 10 10 8 8 8 10 10 2 10 10
left_child=2 3 5 9 13 14 11 -5 -8 -2 -7 -3 -6 -4 -1
right_child=1 6 4 7 12 10 8 -9 -10 -11 -12 -13 -14 -15 -16
leaf_value=-0.0023803612233557498 -0.00028018474561246305 0.0029747550907666537 -0.0030550215083216641 -0.0015884121874327035 0.00093489788314447082 -0.0052600591499397083 0.0013474073921017295 0.00027053303237482384 0.0030268897709965943 0.002476321086567855 -0.003531619093548783 0.0049565381743323393 -0.00063838057165031413 -0.0016109427373641378 -0.0035237494995903288
leaf_weight=19279 4230 7971 10202 20133 9431 23074 18047 27537 58486 11830 10815 17490 15528 19497 13356
leaf_count=19279 4230 7971 10202 20133 9431 23074 18047 27537 58486 11830 10815 17490 15528 19497 13356
internal_value=-4.76051e-06 0.00190857 -0.00262086 5.72766e-05 -0.00116993 -0.00380994 0.00306431 -0.000516018 0.00263281 0.00175266 -0.00471876 0.00434817 -4.27369e-05 -0.00211437 -0.0028563
internal_weight=286906 165724 121182 63730 54658 66524 101994 47670 76533 16060 33889 25461 24959 29699 32635
internal_count=286906 165724 121182 63730 54658 66524 101994 47670 76533 16060 33889 25461 24959 29699 32635
is_linear=0
shrinkage=0.0257227


Tree=15
num_leaves=16
num_cat=0
split_feature=51 10 78 10 78 78 58 42 42 5 42 32 51 42 42
split_gain=2288.37 312.792 220.095 136.292 94.5016 77.896 76.8804 55.2744 39.9135 38.5803 35.4495 18.8129 13.6311 8.91408 4.60867
threshold=0.070434607565402998 -0.33166931569576258 -1.0000000180025095e-35 0.39476092159748083 1.0000000180025095e-35 -1.0000000180025095e-35 0.057397663593292243 0.13281250000000003 0.27864582836627966 0.52239179611206066 0.25260417163372045 -0.17979505658149716 0.46520954370498663 0.10677083209156991 0.37239582836627966
decision_type=10 10 2 8 2 2 10 8 8 10 8 10 10 10 10
left_child=1 4 12 8 6 9 -1 -5 -4 -3 -7 -6 13 -2 -14
right_child=2 5 3 7 11 10 -8 -9 -10 -11 -12 -13 14 -15 -16
leaf_value=-0.0030763598529143098 0.00088460663628982434 -0.0022610527586911298 0.0028870201957829581 0.0051169041501688273 -0.00172311456253077 0.0014530131204526715 -0.0049060621572616977 0.0031170612459055199 0.0012443973623661904 -0.00027220127915035525 -0.00056493429210023886 0.0010259708334652568 0.0018308990249401571 -0.00081022144450075778 0.00039913174404224177
leaf_weight=38752 2384 28386 13346 11020 9247 7701 25894 60961 37240 8378 22045 1940 2058 12396 5090
leaf_count=38752 2384 28386 13346 11020 9247 7701 25894 60961 37240 8378 22045 1940 2058 12396 5090
internal_value=5.55349e-06 -0.00230858 0.00228524 0.00270959 -0.0034371 -0.00101911 -0.00381477 0.00342895 0.00168192 -0.00180951 -3.98299e-05 -0.0012422 -8.80128e-05 -0.000533323 0.000828168
internal_weight=286838 142343 144495 122567 75833 66510 64646 71981 50586 36764 29746 11187 21928 14780 7148
internal_count=286838 142343 144495 122567 75833 66510 64646 71981 50586 36764 29746 11187 21928 14780 7148
is_linear=0
shrinkage=0.0257227


Tree=16
num_leaves=16
num_cat=0
split_feature=10 71 10 71 35 34 71 35 35 33 32 4 4 71 32
split_gain=2123.23 328.026 232.952 86.5425 68.2329 65.7517 62.5633 56.8232 48.8753 38.4895 34.9203 34.3655 10.1564 7.79681 7.22994
threshold=-0.024133308790624138 2.5475200414657597 -0.35484974086284632 1.4169475436210635 0.27604167163372045 0.34895832836627966 1.8025407791137698 0.49479167163372045 0.46354167163372045 0.26385346055030828 -0.12248328700661658 -0.1488295495510101 -0.17336458712816236 1.883190989494324 -0.12568615376949308
decision_type=10 2 10 2 8 10 2 8 10 8 10 8 8 2 10
left_child=2 7 3 5 12 -1 8 9 -4 -2 -9 -6 -3 -5 -8
right_child=1 4 6 13 11 -7 14 10 -10 -11 -12 -13 -14 -15 -16
leaf_value=-0.0046896034050069842 0.0001001183288830955 0.0031261689946825559 -0.00072967029197604639 -0.0011454322978030256 0.0015784915500745571 -0.003004143884974836 0.00024938178845982896 -0.00021891647658523372 -0.0023722155766463708 0.0020696055928100194 0.0016068431071087508 0.0030666963570652964 0.0049146557753385455 0.00075143974200664744 0.0018949915106727733
leaf_weight=26170 8793 3201 22689 3819 13253 39113 7825 32983 25584 25937 8685 50634 14000 2192 2209
leaf_count=26170 8793 3201 22689 3819 13253 39113 7825 32983 25584 25937 8685 50634 14000 2192 2209
internal_value=9.95403e-06 0.00201621 -0.00242769 -0.00341341 0.00315494 -0.00368506 -0.00121917 0.000805395 -0.00160286 0.00157244 0.00016415 0.00276051 0.00459898 -0.00045287 0.000624649
internal_weight=287087 157486 129601 71294 81088 65283 58307 76398 48273 34730 41668 63887 17201 6011 10034
internal_count=287087 157486 129601 71294 81088 65283 58307 76398 48273 34730 41668 63887 17201 6011 10034
is_linear=0
shrinkage=0.0257227


Tree=17
num_leaves=16
num_cat=0
split_feature=51 17 78 12 78 34 75 34 123 139 79 34 49 139 24
split_gain=2079.23 263.351 229.232 124.05 102.036 74.3263 64.1261 36.5805 29.3423 25.9729 17.9587 15.3831 14.7834 13.7322 8.23203
threshold=-0.018527101725339886 0.37821790575981146 1.0000000180025095e-35 0.174773745238781 -1.0000000180025095e-35 0.31770832836627966 -0.11806330829858779 0.35937500000000006 0.18691357225179675 -3.1018451452255245 0.61885690689086925 0.30729167163372045 0.11067708209156991 -3.3028076887130733 0.46499006450176245
decision_type=10 8 2 8 2 10 8 10 8 10 2 10 10 10 10
left_child=2 4 3 5 10 -1 -6 -5 13 11 -2 -4 -11 -3 -10
right_child=1 8 9 7 6 -7 -8 -9 14 12 -12 -13 -14 -15 -16
leaf_value=-0.0048945013914433256 -0.00071451102358095894 0.0027874760066553075 -0.0022358273284153137 -0.0027994205892130442 0.0032491626455402635 -0.0030254303937022851 0.0011268552096825066 -0.0011109269369173299 0.0016357321360486652 0.001758628535776174 0.0010781094693135072 -0.00054285197027955257 -0.00019565443962735925 0.0037191282097498346 0.0026880368691964895
leaf_weight=22186 20369 17000 6583 14143 12025 40746 43307 21559 8510 2989 4434 7755 15261 36297 13912
leaf_count=22186 20369 17000 6583 14143 12025 40746 43307 21559 8510 2989 4434 7755 15261 36297 13912
internal_value=-1.83932e-07 0.00200802 -0.0023851 -0.00300265 0.000978608 -0.00369011 0.0015924 -0.00178491 0.00309512 -0.000513006 -0.000391437 -0.00132882 0.000131145 0.00342692 0.0022964
internal_weight=287076 155854 131222 98634 80135 62932 55332 35702 75719 32588 24803 14338 18250 53297 22422
internal_count=287076 155854 131222 98634 80135 62932 55332 35702 75719 32588 24803 14338 18250 53297 22422
is_linear=0
shrinkage=0.0257227


Tree=18
num_leaves=16
num_cat=0
split_feature=11 19 12 11 5 11 67 67 133 19 19 23 67 19 38
split_gain=1794.74 343.113 272.605 107.156 86.6855 80.7043 74.3817 54.103 53.0335 34.6104 33.5753 22.9841 21.7999 19.2925 9.62345
threshold=-0.37262612581253046 0.46148009598255163 0.2931655645370484 -0.71920013427734364 0.95313680171966564 -0.10591349378228186 -0.64720693230628956 -0.90436762571334828 0.14885917305946353 1.0302253961563113 0.21523917466402057 -0.61439409852027882 0.12033947929739953 0.22880715876817706 0.44249624013900762
decision_type=8 10 10 10 10 8 10 10 10 10 10 10 10 8 8
left_child=2 8 3 6 7 12 -1 -4 13 -7 -5 -6 -3 -2 -10
right_child=1 5 4 10 11 9 -8 -9 14 -11 -12 -13 -14 -15 -16
leaf_value=-0.0026239051822392859 -0.0023420458141709703 0.0023875033470299152 3.3010404088521031e-05 -0.0024981076785353449 0.0038395346746788257 0.0024933833294874717 -0.0044249783545095064 -0.0018807221310175658 0.00045232632680776246 0.0036290154129633855 -0.00072060699618783138 0.00075629783742678727 0.0012487379110458928 -0.00067111367633066691 0.0022065202160119731
leaf_weight=29944 6478 18916 18588 14542 3011 35425 31975 20522 4824 38052 13726 3419 27894 15447 3615
leaf_count=29944 6478 18916 18588 14542 3011 35425 31975 20522 4824 38052 13726 3419 27894 15447 3615
internal_value=3.77715e-06 0.00193609 -0.00214087 -0.00295945 -0.00051726 0.00255249 -0.00355881 -0.00097309 -0.000506088 0.00308504 -0.0016398 0.00223162 0.00171244 -0.00117201 0.0012184
internal_weight=286378 150651 135727 90187 45540 120287 61919 39110 30364 73477 28268 6430 46810 21925 8439
internal_count=286378 150651 135727 90187 45540 120287 61919 39110 30364 73477 28268 6430 46810 21925 8439
is_linear=0
shrinkage=0.0257227


Tree=19
num_leaves=16
num_cat=0
split_feature=52 17 19 42 42 18 18 186 42 26 164 19 18 17 36
split_gain=1718.69 266.951 249.295 90.9694 65.1849 80.3908 57.5637 51.3749 50.5313 32.5158 26.5323 21.4056 20.7763 18.6362 7.14066
threshold=1.0000000180025095e-35 0.37821790575981146 0.23368804901838305 0.085937500000000014 0.065104167908430113 -0.45071254670619959 -0.28140157461166376 0.18475435674190524 0.14322916418313983 0.44898058474063879 -0.54084736108779896 0.52443304657936107 -0.48269537091255182 0.4580699503421784 -0.12022437155246733
decision_type=10 10 8 10 8 8 10 10 8 10 10 10 10 10 10
left_child=2 3 7 9 11 -6 -5 12 14 -2 -9 -4 -1 -10 -3
right_child=1 8 4 6 5 -7 -8 10 13 -11 -12 -13 -14 -15 -16
leaf_value=-0.0027865201121205292 0.0012784048439910436 0.0033092804522734044 0.00049877409506740491 -0.00028965150130779929 -0.0020435545561347029 6.388260149321059e-06 0.001226359280475175 -0.0028360168921643465 0.0020581467750734293 0.0041271750896818248 -0.0045284966079990841 0.0035761235235132419 -0.0011769089188552052 0.0030044994280574171 0.0051337888528466937
leaf_weight=39161 4647 2624 5806 34341 31219 21249 31895 9928 21619 6435 19250 1946 6342 43247 7252
leaf_count=39161 4647 2624 5806 34341 31219 21249 31895 9928 21619 6435 19250 1946 6342 43247 7252
internal_value=-9.77871e-06 0.00186474 -0.00212258 0.000803716 -0.00088934 -0.00121469 0.000441003 -0.00311485 0.00296016 0.00295159 -0.00396261 0.00130195 -0.00256481 0.00269222 0.00468168
internal_weight=286961 152060 134901 77318 60220 52468 66236 74681 74742 11082 29178 7752 45503 64866 9876
internal_count=286961 152060 134901 77318 60220 52468 66236 74681 74742 11082 29178 7752 45503 64866 9876
is_linear=0
shrinkage=0.0257227


Tree=20
num_leaves=16
num_cat=0
split_feature=52 71 19 19 4 35 104 18 34 18 18 19 90 134 145
split_gain=1652 309.172 210.471 78.991 70.6933 69.5482 62.4439 81.847 43.8968 42.8718 36.295 19.4158 17.7689 11.0138 7.39643
threshold=-0.010610577650368212 2.458466768264771 0.22424685209989551 0.38621725142002111 -0.64307439327239979 0.27604167163372045 -0.25460465252399439 -0.50551730394363392 0.41145832836627966 -0.48853346705436701 -0.083191573619842515 0.34156358242034918 -1.6357011795043943 -3.2070622444152828 -0.26985286176204676
decision_type=8 2 10 10 10 8 10 10 10 10 10 10 8 10 10
left_child=2 3 8 14 -5 13 11 -8 9 -1 -7 -4 -10 -3 -2
right_child=1 5 6 4 -6 10 7 -9 12 -11 -12 -13 -14 -15 -16
leaf_value=-0.0041120048190532001 -0.0027561952116483047 0.0035081136384238574 -0.00065133533296667415 -0.0017339683726431561 0.0012505306009768177 0.0015827106709610621 -0.0025695473226443103 -0.00025576114325350218 -0.0010674176106036191 -0.00085520161144908644 0.0028445111611990893 0.0012179699725832997 -0.0027126067644346876 0.0048994927061834434 -0.00094437722567561984
leaf_weight=28435 1641 9011 6198 5770 51614 23229 21669 18946 5112 3008 45262 8803 35976 9020 13032
leaf_count=28435 1641 9011 6198 5770 51614 23229 21669 18946 5112 3008 45262 8803 35976 9020 13032
internal_value=8.51781e-06 0.00176327 -0.00216268 0.00051774 0.000948298 0.00279904 -0.000970059 -0.00149303 -0.00307495 -0.00380361 0.00241908 0.000446312 -0.00251057 0.00422404 -0.00116184
internal_weight=286726 158579 128147 72057 57384 86522 55616 40615 72531 31443 68491 15001 41088 18031 14673
internal_count=286726 158579 128147 72057 57384 86522 55616 40615 72531 31443 68491 15001 41088 18031 14673
is_linear=0
shrinkage=0.0257227


Tree=21
num_leaves=16
num_cat=0
split_feature=78 4 12 19 35 169 4 12 4 24 25 35 43 169 90
split_gain=1558.99 378.849 260.997 81.6362 68.9491 58.275 46.4908 34.4832 27.9291 27.4016 23.6093 23.3667 17.6665 17.1766 8.88517
threshold=-1.0000000180025095e-35 -0.33007924258708948 0.24283970147371295 0.57678216695785534 0.29687500000000006 -0.51813918352127064 -0.64307439327239979 0.48725850880146032 -0.67123231291770924 0.30039176344871527 -0.62833127379417408 0.48437500000000006 0.0092517025768756884 -0.18813381344079969 -1.9569634199142454
decision_type=2 10 10 10 10 8 8 10 10 10 8 8 10 8 8
left_child=2 6 5 9 -5 14 13 12 -9 -3 -7 -8 -4 -2 -1
right_child=1 3 7 4 -6 10 11 8 -10 -11 -12 -13 -14 -15 -16
leaf_value=-0.00099194668369448932 -0.0001810038320887972 0.00018951852012507754 -0.00076410217413027358 0.0038362856895440807 0.0022922453687478825 -0.0043630386003752127 0.0011645309244234072 -0.0019988513407180834 0.00046839682233901518 0.0021298676277653836 -0.003041151303030802 -0.00023889774876949339 -0.0020537636141052004 -0.0019642408362243427 -0.0025094064844607233
leaf_weight=2969 5300 12636 15611 26937 68731 24811 12401 3610 16914 7714 15721 21077 12952 11009 28700
leaf_count=2969 5300 12636 15611 26937 68731 24811 12401 3610 16914 7714 15721 21077 12952 11009 28700
internal_value=-1.04573e-05 0.00161042 -0.00222582 0.00241538 0.00273004 -0.0032089 -0.00026632 -0.000776749 2.79196e-05 0.000930889 -0.00385782 0.00028261 -0.0013533 -0.00138871 -0.0023702
internal_weight=287093 165805 121288 116018 95668 72201 49787 49087 20524 20350 40532 33478 28563 16309 31669
internal_count=287093 165805 121288 116018 95668 72201 49787 49087 20524 20350 40532 33478 28563 16309 31669
is_linear=0
shrinkage=0.0257227


Tree=22
num_leaves=16
num_cat=0
split_feature=10 10 10 78 58 78 78 78 4 67 67 28 79 24 156
split_gain=1585.44 214.409 184.623 69.2736 60.3692 56.3638 55.9932 35.2996 35.8144 31.8295 27.8376 23.4591 12.833 9.43714 4.66431
threshold=0.028748148120939735 -0.34727686643600458 0.35394224524497991 1.0000000180025095e-35 0.057397663593292243 -1.0000000180025095e-35 -1.0000000180025095e-35 -1.0000000180025095e-35 -0.52668607234954823 -2.2304090261459346 -1.0339925289154051 0.072916667908430113 0.51009827852249157 0.31467048823833471 0.23691619187593463
decision_type=10 10 10 2 8 2 2 2 8 10 10 8 2 10 8
left_child=1 3 7 4 -1 10 14 12 -9 -8 -3 -7 -2 -5 -4
right_child=2 5 6 13 -6 11 9 8 -10 -11 -12 -13 -14 -15 -16
leaf_value=-0.0025910010069560303 -0.00084109028760860074 -0.00080625763177607633 0.00090617334736919832 -0.001344163090486755 -0.0042338304874180955 0.0028078430384599366 0.0034885424785132458 -0.0006277779225700446 0.0013905203416793304 0.0024009173707303798 -0.0021893936536186496 -0.00021102317847510721 0.00081109510750618002 0.00073552769415985821 -0.00043579012678904321
leaf_weight=36357 10398 18301 4970 8874 25817 1743 28111 6778 39175 52577 20600 24720 4345 1664 2529
leaf_count=36357 10398 18301 4970 8874 25817 1743 28111 6778 39175 52577 20600 24720 4345 1664 2529
internal_value=-6.11245e-06 -0.00199086 0.00183465 -0.00295129 -0.00327806 -0.000919995 0.00258569 0.00074134 0.00109221 0.00278314 -0.0015419 -3.75968e-06 -0.000352291 -0.00101248 0.000453793
internal_weight=286959 138076 148883 72712 62174 65364 88187 60696 45953 80688 38901 26463 14743 10538 7499
internal_count=286959 138076 148883 72712 62174 65364 88187 60696 45953 80688 38901 26463 14743 10538 7499
is_linear=0
shrinkage=0.0257227


Tree=23
num_leaves=16
num_cat=0
split_feature=11 19 19 84 42 11 53 31 175 42 11 19 19 143 183
split_gain=1388.44 246.251 230.574 88.1972 78.6035 62.8468 50.2657 47.4761 46.4955 46.3737 28.6322 25.2914 21.501 11.5884 5.77466
threshold=-0.35885383188724512 0.47177028656005865 0.210562638938427 1.0000000180025095e-35 0.26822917163372045 -0.66936764121055592 0.98698765039443981 0.40045987069606787 0.67931777238845836 0.22135416418313983 -0.84147626161575306 0.87142929434776317 0.22880715876817706 -5.0381081104278556 282.50000000000006
decision_type=10 10 8 2 10 10 10 10 2 10 10 10 10 10 2
left_child=2 7 9 8 11 -5 -6 12 -4 13 -11 -3 -2 -1 -9
right_child=1 4 3 5 6 -7 -8 14 -10 10 -12 -13 -14 -15 -16
leaf_value=-0.0023465295753583482 -0.0021465007749621933 0.002333007274562782 -0.00033525454296946968 -0.0027715856027700622 0.0010232324857260007 -0.00077151027411224992 0.0023276268497321546 0.0029972020281171653 0.0020328249256270805 -0.0038284100295290207 -0.0024752052326993987 0.0039299006329852971 -0.00040108411872936571 -0.0010394556641492643 0.00098061102674328548
leaf_weight=11725 6448 10455 26341 17843 30098 24968 56838 2167 6838 30291 16842 20305 16563 7603 1819
leaf_count=11725 6448 10455 26341 17843 30098 24968 56838 2167 6838 30291 16842 20305 16563 7603 1819
internal_value=-5.85199e-06 0.00176839 -0.00180799 -0.000838706 0.00227631 -0.00160899 0.00187749 -0.000446134 0.000156774 -0.00291375 -0.00335024 0.00339513 -0.000896325 -0.00183923 0.00211696
internal_weight=287144 144693 142451 75990 117696 42811 86936 26997 33179 66461 47133 30760 23011 19328 3986
internal_count=287144 144693 142451 75990 117696 42811 86936 26997 33179 66461 47133 30760 23011 19328 3986
is_linear=0
shrinkage=0.0257227


Tree=24
num_leaves=16
num_cat=0
split_feature=10 71 78 34 19 4 12 10 3 11 85 12 19 164 4
split_gain=1424.82 284.756 127.871 86.6294 75.5167 66.3469 44.46 38.6492 36.6167 25.3788 22.7305 19.7974 9.83639 8.82115 7.43402
threshold=-0.10095025226473807 2.458466768264771 1.0000000180025095e-35 0.34895832836627966 0.44114832580089575 -0.64307439327239979 0.17105495184659961 0.40413855016231542 -0.25999096035957331 -0.52095124125480641 0.77852579951286327 0.46727164089679724 0.34655311703681951 1.3732898831367495 -0.18000797927379605
decision_type=10 2 2 10 8 8 10 10 10 10 2 10 10 10 10
left_child=2 4 3 8 12 -6 -5 14 -1 11 -9 -4 -2 -11 -3
right_child=1 7 9 6 5 -7 -8 10 -10 13 -12 -13 -14 -15 -16
leaf_value=-0.0041577272730526239 -0.0011866979487900181 0.0013785680105361916 -0.0016801918035248878 -0.0024797007058103165 -0.00135236915710558 0.0012616434664795416 -0.00092215678796561337 0.0033247758447070086 -0.0023323720576550588 4.4019011913412578e-05 0.0022641988870919561 0.0012402031856737343 -0.00015247799939670242 0.001948756278349204 0.0022398568074413713
leaf_weight=24993 14467 16537 11338 38616 7275 51108 17871 35523 10832 9406 23028 1711 10506 1856 11952
leaf_count=24993 14467 16537 11338 38616 7275 51108 17871 35523 10832 9406 23028 1711 10506 1856 11952
internal_value=4.61946e-06 0.0015037 -0.00218515 -0.00262195 0.000428432 0.000934411 -0.00198908 0.00253201 -0.0036127 -0.000523184 0.00291157 -0.00129167 -0.000753617 0.000370274 0.00174554
internal_weight=287019 170396 116623 92312 83356 58383 56487 87040 35825 24311 58551 13049 24973 11262 28489
internal_count=287019 170396 116623 92312 83356 58383 56487 87040 35825 24311 58551 13049 24973 11262 28489
is_linear=0
shrinkage=0.0257227


Tree=25
num_leaves=16
num_cat=0
split_feature=51 51 17 34 84 78 32 78 19 130 123 18 95 129 111
split_gain=1400.85 218.267 117.053 56.7042 54.3653 52.5129 50.1461 29.4174 27.1623 25.6341 20.8758 20.5318 16.2352 11.3796 3.31189
threshold=0.13209455460309985 -0.41151973605155939 0.41845107078552252 0.33854167163372045 1.0000000180025095e-35 -1.0000000180025095e-35 -0.26986613869667048 1.0000000180025095e-35 0.068788550794124617 0.24862176924943927 0.24068873375654223 -0.27322708070278162 -0.10291295498609541 -4.272735357284545 0.39929588139057165
decision_type=10 10 10 10 2 2 10 2 10 10 10 10 8 10 10
left_child=1 3 4 6 9 12 -1 -6 -5 -2 13 -7 -3 -4 -12
right_child=2 5 10 8 7 11 -8 -9 -10 -11 14 -13 -14 -15 -16
leaf_value=-0.0038090928650313318 0.0015534209242050487 -0.00060574932581373194 0.0021576170265596682 -0.0026176675748257857 -0.00050560300054864975 -0.00031456918021514907 -0.0010476955307056751 0.0010008218251638141 -0.0014241320122105727 0.0032741358534944228 0.0014653030571005505 0.0010534066477567436 -0.0018100033144289654 0.0031416797577081164 0.0023475231281159677
leaf_weight=28791 20383 12188 10830 25710 11499 23071 5217 33163 25570 8105 9083 10490 19291 39048 4742
leaf_count=28791 20383 12188 10830 25710 11499 23071 5217 33163 25570 8105 9083 10490 19291 39048 4742
internal_value=-3.35411e-06 -0.00171701 0.00187893 -0.00257236 0.00117474 -0.000593477 -0.00338918 0.000612741 -0.0020259 0.00205133 0.00268489 0.000114607 -0.00134665 0.00293208 0.00178051
internal_weight=287181 150328 136853 85288 73150 65040 34008 44662 51280 28488 63703 33561 31479 49878 13825
internal_count=287181 150328 136853 85288 73150 65040 34008 44662 51280 28488 63703 33561 31479 49878 13825
is_linear=0
shrinkage=0.0257227


Tree=26
num_leaves=16
num_cat=0
split_feature=52 17 17 4 4 64 5 5 5 123 5 171 134 4 4
split_gain=1204.85 219.72 144.237 81.3944 66.6198 64.6198 47.6066 35.9356 33.3081 23.7154 21.9496 18.0335 15.0971 9.10805 6.00764
threshold=0.04093375243246556 -0.29630094766616816 0.38110789656639105 -0.78603938221931446 -0.63704359531402577 -0.53328922390937794 1.0895578861236574 0.81793850660324108 0.46522295475006109 0.19318170100450519 0.3414475023746491 2.4905695915222172 -3.3122230768203731 -0.86554417014121998 -0.1218295283615589
decision_type=10 10 10 8 10 8 10 8 10 10 10 2 10 10 10
left_child=1 5 4 10 13 8 -6 -5 -1 12 -3 -7 -4 -2 -11
right_child=2 3 9 7 6 11 -8 -9 -10 14 -12 -13 -14 -15 -16
leaf_value=-0.0021549280218245942 -0.00347246949518411 -0.0026047018612804884 0.0023378091936558675 -0.00039301150026610097 0.00074645031629838197 -0.002731526866902059 0.002632400001547961 0.001563452901412504 0.00025336889358862802 0.00087328258986746072 -3.3099150111779414e-05 -0.003992278027821595 0.0032316728919454755 -0.001144727595212643 0.0019776840465090544
leaf_weight=37602 1686 13866 26196 50361 49605 14485 10733 6999 4207 4369 2609 18385 27003 3379 15636
leaf_count=37602 1686 13866 26196 50361 49605 14485 10733 6999 4207 4369 2609 18385 27003 3379 15636
internal_value=1.99427e-06 -0.00160731 0.00172625 -0.000611179 0.000846748 -0.00259036 0.00108518 -0.000152309 -0.00191257 0.00251013 -0.00219974 -0.00344525 0.00279599 -0.00196447 0.00174124
internal_weight=287121 148514 138607 73835 65403 74679 60338 57360 41809 73204 16475 32870 53199 5065 20005
internal_count=287121 148514 138607 73835 65403 74679 60338 57360 41809 73204 16475 32870 53199 5065 20005
is_linear=0
shrinkage=0.0257227


Tree=27
num_leaves=16
num_cat=0
split_feature=51 78 78 34 51 170 35 35 51 49 25 79 41 170 123
split_gain=1263.27 172.463 142.744 79.5361 78.343 48.081 46.8063 29.8352 26.8626 20.8711 21.2544 18.0172 18.4938 6.14734 5.70412
threshold=-0.018527101725339886 -1.0000000180025095e-35 1.0000000180025095e-35 0.38020832836627966 0.59513539075851452 0.25322613120079046 0.26562500000000006 0.36979167163372045 -0.72408011555671681 0.11588541790843011 -0.2645979225635528 0.51009827852249157 0.29947917163372045 0.018450857140123848 0.10232806578278543
decision_type=10 2 2 10 10 2 8 8 10 10 10 2 10 2 10
left_child=2 11 3 8 7 -5 -6 -3 -1 13 -11 12 -2 -4 -13
right_child=1 4 9 5 6 -7 -8 -9 -10 10 -12 14 -14 -15 -16
leaf_value=-0.0038501100349645633 -0.0017944123825732231 0.0020700507154378556 0.00019636732884463625 -0.0021472708013378018 0.0036196334614909498 -0.00038227531965626094 0.0021113336131455105 0.00076786816264925333 -0.002489017987704577 -0.0011430293395080849 0.00035752347116225754 0.0012938781568634283 -0.00013122846374203143 0.0021184355263612559 -0.00011058054490761766
leaf_weight=21983 7095 17168 2054 44649 18142 13288 57481 36388 18461 18944 9247 4442 11560 2336 3292
leaf_count=21983 7095 17168 2054 44649 18142 13288 57481 36388 18461 18944 9247 4442 11560 2336 3292
internal_value=-9.94317e-06 0.00155675 -0.0018708 -0.00235917 0.00194363 -0.00174363 0.00247686 0.00118794 -0.00323541 -0.000393808 -0.000651238 -0.000337251 -0.000769097 0.00124012 0.000701407
internal_weight=286530 155568 130962 98381 129179 57937 75623 53556 40444 32581 28191 26389 18655 4390 7734
internal_count=286530 155568 130962 98381 129179 57937 75623 53556 40444 32581 28191 26389 18655 4390 7734
is_linear=0
shrinkage=0.0257227


Tree=28
num_leaves=16
num_cat=0
split_feature=10 10 71 18 169 78 78 4 169 135 38 18 78 172 117
split_gain=1157.38 210.721 137.623 84.5093 56.2821 44.1143 32.6736 25.2289 24.6137 23.5768 19.5123 16.8377 13.8581 11.3683 10.684
threshold=0.10197243466973306 -0.299985721707344 2.6868215799331669 -0.50551730394363392 0.062648095190525069 -1.0000000180025095e-35 -1.0000000180025095e-35 -0.33007924258708948 0.32779771089553839 0.42060437798500067 -0.094982739537954317 -0.1355120316147804 -1.0000000180025095e-35 20.500000000000004 -0.098613709211349473
decision_type=10 10 2 10 8 2 2 8 8 10 10 8 2 2 8
left_child=1 3 6 4 -1 10 14 -8 13 -7 -3 -10 -5 -4 -2
right_child=2 5 8 12 -6 9 7 -9 11 -11 -12 -13 -14 -15 -16
leaf_value=-0.0021120767618431576 0.00036721790462656249 -0.00046136225035996951 0.0037942381626646969 -0.0018621452943474854 -0.0035838638700018844 -0.00015141528808187093 0.00028506502625594781 0.0015682003440048353 0.00037809522689663517 0.001597072597655746 -0.0016654354136750957 0.0022663201893644387 0.00013421984695602442 0.0026428163580363138 -0.00097667301324058826
leaf_weight=39205 10802 16492 10776 3055 31452 25576 14341 34882 3419 6285 19501 41607 8564 14957 6027
leaf_count=39205 10802 16492 10776 3055 31452 25576 14341 34882 3419 6285 19501 41607 8564 14957 6027
internal_value=-3.20873e-06 -0.00156228 0.00170755 -0.0024368 -0.00277077 -0.000500147 0.00086149 0.00119551 0.00249533 0.000196857 -0.00111614 0.00212393 -0.000400481 0.00313598 -0.000116583
internal_weight=286941 150130 136811 82276 70657 67854 66052 49223 70759 31861 35993 45026 11619 25733 16829
internal_count=286941 150130 136811 82276 70657 67854 66052 49223 70759 31861 35993 45026 11619 25733 16829
is_linear=0
shrinkage=0.0257227


Tree=29
num_leaves=16
num_cat=0
split_feature=51 51 51 75 70 75 60 5 70 186 5 70 146 139 23
split_gain=1152.78 153.413 122.245 44.9679 35.5315 45.4365 34.1006 32.1067 37.328 20.9495 19.4977 15.3514 13.0021 11.9927 7.34917
threshold=-0.018527101725339886 0.59513539075851452 -0.69546306133270253 -0.19049667567014691 3.343300580978394 -0.13493096828460691 0.093992322683334364 0.73220607638359081 2.5111277103424077 0.2131946682929993 0.2435894384980202 3.7082546949386601 -5.5581440925598136 -3.1088070869445796 -0.75817424058914173
decision_type=10 10 10 8 2 8 10 10 2 8 10 2 10 10 10
left_child=2 4 3 10 5 -2 12 8 -4 -5 -1 -8 -3 -6 -9
right_child=1 6 7 9 13 -7 11 14 -10 -11 -12 -13 -14 -15 -16
leaf_value=-0.0020218662849120746 0.0016154836897479073 0.0020754976654620075 -0.0015161151900972961 -0.0027128691236370539 0.00077746963102737665 -0.00014109199856139412 0.0010279083235045549 0.0024138106577009503 -6.2473264064615412e-05 -0.0040023118263582975 0.00010648888192324136 0.0020967673919201602 0.0031294050008068169 0.001980058354808403 6.004255361858698e-05
leaf_weight=17193 12782 11948 52965 25196 9413 40079 13652 1811 15001 13541 3400 27026 27244 13669 1642
leaf_count=17193 12782 11948 52965 25196 9413 40079 13652 1811 15001 13541 3400 27026 27244 13669 1642
internal_value=-1.10564e-05 0.00148308 -0.00179142 -0.00265399 0.000654237 0.000285583 0.00226963 -0.00107254 -0.00119576 -0.00317145 -0.00167148 0.00174096 0.00281334 0.00149433 0.0013231
internal_weight=286562 155813 130749 59330 75943 52861 79870 71419 67966 38737 20593 40678 39192 23082 3453
internal_count=286562 155813 130749 59330 75943 52861 79870 71419 67966 38737 20593 40678 39192 23082 3453
is_linear=0
shrinkage=0.0257227


Tree=30
num_leaves=16
num_cat=0
split_feature=51 51 51 67 26 67 67 11 70 75 70 144 26 41 4
split_gain=1115.86 167.063 80.4881 43.5574 36.3194 40.5759 29.413 29.2454 23.0092 33.2586 20.4435 15.3412 13.8865 9.69258 8.25068
threshold=0.13209455460309985 -0.54874965548515309 0.59513539075851452 -2.2304090261459346 0.22243507951498034 -1.1731908321380613 -2.5051139593124385 -0.84147626161575306 3.343300580978394 -0.14346007257699964 3.7082546949386601 0.71568062901496898 0.51929417252540599 0.24739583581686023 -0.33426842093467707
decision_type=10 10 10 8 8 8 8 10 2 8 2 10 8 10 10
left_child=1 3 8 11 13 -6 12 -5 9 -2 -8 -1 -4 -3 -10
right_child=2 4 6 7 5 -7 10 -9 14 -11 -12 -13 -14 -15 -16
leaf_value=-0.0018544162286473214 0.0020077368474491399 -0.0028123335799877473 0.0012268906187002243 -0.0034053905961060043 0.00044594591797579808 -0.00092668518543199854 0.001106512484750851 -0.0018596639112160268 0.00048286670564972602 0.00013236448261039137 0.0021914051060280583 0.0002696228808896213 0.0031207234025667119 -0.0013860613545189102 0.0018639355893482247
leaf_weight=27847 7925 4259 3048 29850 22590 38317 17187 11622 3540 28644 36571 2425 23268 13301 16657
leaf_count=27847 7925 4259 3048 29850 22590 38317 17187 11622 3540 28644 36571 2425 23268 13301 16657
internal_value=-7.22356e-06 -0.00153753 0.00167253 -0.00243405 -0.000716063 -0.000417674 0.00219771 -0.00297695 0.000929511 0.000542528 0.00184687 -0.00168398 0.00290607 -0.00174397 0.00162493
internal_weight=287051 150211 136840 71744 78467 60907 80074 41472 56766 36569 53758 30272 26316 17560 20197
internal_count=287051 150211 136840 71744 78467 60907 80074 41472 56766 36569 53758 30272 26316 17560 20197
is_linear=0
shrinkage=0.0257227


Tree=31
num_leaves=16
num_cat=0
split_feature=51 19 51 11 63 42 42 25 42 25 25 153 25 94 60
split_gain=1026.26 174.355 76.3931 52.9163 69.0745 45.941 33.361 34.0283 28.8686 34.3291 16.5209 13.6943 12.1895 10.6239 6.15603
threshold=0.15819093585014346 0.22880715876817706 0.65904563665390026 -0.56161442399024952 -0.94510397315025318 0.13802083581686023 0.22135416418313983 -0.3497252464294433 0.24739583581686023 -0.11848656833171843 -0.17434691637754438 0.35559454560279852 -0.069279842078685747 -1.4082117080688474 -0.62636718153953541
decision_type=10 10 8 10 10 8 10 10 10 10 10 10 8 10 8
left_child=1 6 8 4 -3 14 11 -8 13 -10 -5 -1 -7 -2 -4
right_child=2 3 5 10 -6 12 7 -9 9 -11 -12 -13 -14 -15 -16
leaf_value=-0.0017708091777605393 0.0013579473153534044 0.00049849346386948744 0.0022924087680140704 -0.00014105214052045242 -0.0019431373254026837 0.0014581277400261372 -0.0028345477088267432 -0.00045587994965071643 0.00013728039388574866 0.0016680759431950789 0.0012648770295597496 -0.00017161655909936796 0.0022130546194846618 0.0027598772247850048 0.0040375906305752784
leaf_weight=18477 9489 10652 2047 32297 26994 23753 50154 4361 30304 14178 6584 4403 38323 6040 8987
leaf_count=18477 9489 10652 2047 32297 26994 23753 50154 4361 30304 14178 6584 4403 38323 6040 8987
internal_value=-8.07662e-06 -0.00143807 0.00164522 -0.000566462 -0.00125271 0.00220343 -0.00229832 -0.00264528 0.000962999 0.000627469 9.92828e-05 -0.00146485 0.0019266 0.00191539 0.003734
internal_weight=287043 153922 133121 76527 37646 73110 77395 54515 60011 44482 38881 22880 62076 15529 11034
internal_count=287043 153922 133121 76527 37646 73110 77395 54515 60011 44482 38881 22880 62076 15529 11034
is_linear=0
shrinkage=0.0257227


Tree=32
num_leaves=16
num_cat=0
split_feature=78 3 3 42 84 26 42 170 26 39 143 186 60 143 64
split_gain=927.354 213.192 147.243 64.0098 44.8217 39.27 35.8566 33.5232 19.2512 17.2736 15.8421 12.949 10.6289 9.42167 4.88772
threshold=-1.0000000180025095e-35 0.12444815039634706 -0.25117926299571985 0.27864582836627966 1.0000000180025095e-35 0.30628360807895666 0.20052083581686023 0.57952693104743969 0.47060655057430273 -0.61059007048606861 -5.3542723655700675 0.17281454056501391 0.0097036375664174574 -5.2555136680603018 -1.5324621796607969
decision_type=2 10 10 8 2 10 10 2 8 10 10 10 10 10 8
left_child=2 5 4 10 13 14 -7 12 -5 -9 -3 -6 -4 -1 -2
right_child=1 3 7 8 11 6 -8 9 -10 -11 -12 -13 -14 -15 -16
leaf_value=-0.0022667259404106376 -0.00070873826627542021 0.0022218681868576692 -0.00086276686147400048 0.00023572985685646361 -0.002403723997809915 0.0018170961751665074 4.0507564802942876e-05 0.00058378435175791973 0.0017006648803059154 -0.0006798480348895326 0.0034976375337842603 -0.0035178286673114068 -0.0019120621361768471 -0.0013637568952651381 -0.0019574124212131875
leaf_weight=15746 3508 11312 13146 6540 11142 8945 44861 12930 67479 15821 17492 23367 12832 16051 5549
leaf_count=15746 3508 11312 13146 6540 11142 8945 44861 12930 67479 15821 17492 23367 12832 16051 5549
internal_value=4.22078e-06 0.00125429 -0.00170668 0.00197526 -0.00252115 7.39314e-05 0.000338278 -0.000717529 0.00157165 -0.000111517 0.00300469 -0.00316496 -0.00138566 -0.0018158 -0.00148495
internal_weight=286721 165686 121035 102823 66306 62863 53806 54729 74019 28751 28804 34509 25978 31797 9057
internal_count=286721 165686 121035 102823 66306 62863 53806 54729 74019 28751 28804 34509 25978 31797 9057
is_linear=0
shrinkage=0.0257227


Tree=33
num_leaves=16
num_cat=0
split_feature=11 12 26 42 11 67 42 70 5 12 24 134 5 32 201
split_gain=844.983 167.255 137.773 73.5308 72.7791 62.0008 49.451 45.955 29.3162 23.531 19.3165 13.7165 13.2138 8.38067 6.41501
threshold=-0.33317448198795313 0.31382581591606146 0.42178118228912359 0.14322916418313983 -0.68330395221710194 -1.4286631345748899 0.23177083581686023 3.343300580978394 0.97297728061676036 0.41579870879650122 -0.13619387894868848 -3.3122230768203731 0.62536469101905834 -0.33839365839958185 -2.8491181135177608
decision_type=10 8 10 10 10 8 10 2 8 10 10 10 8 10 10
left_child=1 4 9 11 6 8 -1 -5 -3 13 -6 -4 -7 -2 -11
right_child=2 5 3 7 10 12 -8 -9 -10 14 -12 -13 -14 -15 -16
leaf_value=-0.001393943790580677 -0.0018785158161244635 0.00037638937330611576 0.0023990732416812282 0.00074962715888320011 -0.0017464773196639504 -0.0014143485573869731 -0.0029228207002008496 0.0019070601280266081 0.0026918134034245433 0.001121234203817744 -0.00040082531569838247 0.0039866687698610495 -0.0002707602621099526 1.3911842000534254e-05 -0.00017537523006999332
leaf_weight=20535 7195 18841 6519 34157 11413 17122 45705 68554 4404 3835 18461 9968 11012 1965 7038
leaf_count=20535 7195 18841 6519 34157 11413 17122 45705 68554 4404 3835 18461 9968 11012 1965 7038
internal_value=1.31169e-05 -0.00134323 0.00144989 0.00178143 -0.00197608 -0.000158035 -0.00245127 0.0015231 0.000823348 -0.000521986 -0.000918442 0.00337459 -0.000968916 -0.00147619 0.000287143
internal_weight=286724 147493 139231 119198 96114 51379 66240 102711 23245 20033 29874 16487 28134 9160 10873
internal_count=286724 147493 139231 119198 96114 51379 66240 102711 23245 20033 29874 16487 28134 9160 10873
is_linear=0
shrinkage=0.0257227


Tree=34
num_leaves=16
num_cat=0
split_feature=78 71 170 42 42 104 42 174 170 174 17 174 177 143 129
split_gain=826.619 192.257 112.549 66.7593 51.3398 42.2431 40.5748 33.995 24.769 24.6544 22.9331 17.8537 11.8383 9.98572 8.1617
threshold=-1.0000000180025095e-35 2.4028457403182988 0.15653894841670993 0.27343750000000006 0.13281250000000003 0.25714166462421423 0.23177083581686023 0.13207460194826129 1.1205109357833865 0.69174388051033031 0.4580699503421784 -1.7436553239822385 19.500000000000004 -5.0893385410308829 -4.0483675003051749
decision_type=2 2 2 8 8 10 10 2 2 2 10 2 2 10 10
left_child=2 3 6 8 14 9 13 -5 -2 -4 -6 -8 -7 -1 -3
right_child=1 4 5 7 10 12 11 -9 -10 -11 -12 -13 -14 -15 -16
leaf_value=-0.0018615222059228912 0.00065264014240717547 0.0020822021897526168 -0.00080232986747837706 -0.00086166339241804839 0.0012730601999619308 -0.0039841240727641796 -0.0031019372133236664 0.0004004861576555134 0.0024336703956968865 0.00055996084246859421 0.0021636960867215042 -0.0020326594374213526 -0.0016818579561117721 -0.00073192237937570628 0.0040123821628075228
leaf_weight=12048 11493 2113 33792 28413 36613 2634 30910 27911 9433 11801 41336 16703 3752 9338 8579
leaf_count=12048 11493 2113 33792 28413 36613 2634 30910 27911 9433 11801 41336 16703 3752 9338 8579
internal_value=-1.57034e-05 0.00116321 -0.00163197 0.000224711 0.0019801 -0.000726312 -0.00231248 -0.000236555 0.00146214 -0.000449334 0.00174722 -0.00273115 -0.00267166 -0.00137318 0.00365053
internal_weight=286869 165891 120978 77250 88641 51979 68999 56324 20926 45593 77949 47613 6386 21386 10692
internal_count=286869 165891 120978 77250 88641 51979 68999 56324 20926 45593 77949 47613 6386 21386 10692
is_linear=0
shrinkage=0.0257227


Tree=35
num_leaves=16
num_cat=0
split_feature=53 12 171 12 25 53 58 58 25 12 62 75 75 28 120
split_gain=764.793 175.135 85.6546 52.4611 45.747 43.925 37.6933 23.532 40.0595 23.169 18.7457 18.5232 11.4506 9.37867 8.36515
threshold=0.14552932977676394 0.4774273037910462 0.20213214308023456 0.13498742133378985 -0.37381324172019953 0.75379750132560741 -0.15444693714380262 0.075174614787101759 -0.2276036664843559 0.75280323624610912 0.27134600281715399 -0.13280087709426877 -0.13918884843587873 0.26041667163372045 10.782131195068361
decision_type=10 10 2 8 10 10 8 8 8 10 8 8 8 10 8
left_child=1 3 5 4 -1 12 9 13 -9 -3 -7 -5 -2 -4 -8
right_child=2 6 7 11 -6 10 14 8 -10 -11 -12 -13 -14 -15 -16
leaf_value=-0.0024651443134314833 0.0022831682299760169 0.00063556594893838473 0.0020505739940964054 -0.00051352789636292708 -0.00036421619314944262 0.0023298427282138659 -0.0011987694382882166 -0.0016398856707843484 0.00057072338127895131 0.0027584233329959545 0.0015054454905299624 -0.0015151113386854603 0.00059062235816062601 0.00065908307858719315 0.00029149536326067936
leaf_weight=59055 2921 8330 4424 20129 7794 47579 5593 8384 15004 5747 30844 31496 23222 11596 4392
leaf_count=59055 2921 8330 4424 20129 7794 47579 5593 8384 15004 5747 30844 31496 23222 11596 4392
internal_value=-3.63126e-06 -0.00133889 0.00131831 -0.00174504 -0.00222097 0.00170322 0.000659922 0.000295475 -0.000224818 0.00151368 0.0020076 -0.00112608 0.000786577 0.00105222 -0.00054636
internal_weight=286510 142536 143974 118474 66849 104566 24062 39408 23388 14077 78423 51625 26143 16020 9985
internal_count=286510 142536 143974 118474 66849 104566 24062 39408 23388 14077 78423 51625 26143 16020 9985
is_linear=0
shrinkage=0.0257227


Tree=36
num_leaves=16
num_cat=0
split_feature=51 51 17 35 34 32 26 104 104 26 17 35 159 62 67
split_gain=821.61 129.077 75.1708 50.9997 43.6064 35.2151 32.0449 31.6075 22.9068 22.6998 22.0125 21.6927 12.9087 9.43542 4.87193
threshold=0.13209455460309985 -0.41151973605155939 0.42394481599330908 0.21354166418313983 0.33854167163372045 -0.24441459774971006 0.24298100918531421 -0.3237497210502624 -0.66792285442352284 0.51929417252540599 -0.020314885303378102 0.31770832836627966 -0.24539387971162793 0.25696547329425817 -7.9263663291931143
decision_type=10 10 8 8 10 10 8 8 10 8 10 10 10 10 10
left_child=1 4 3 9 5 -1 14 -8 -6 -2 -5 12 -4 -13 -3
right_child=2 6 11 10 8 -7 7 -9 -10 -11 -12 13 -14 -15 -16
leaf_value=-0.0029790466753775988 0.0010779953416671154 -0.00086691403896076039 0.001671308520406847 -0.00081999872947757975 0.0013110194917404861 -0.00037023033425003096 0.001520709695903005 -0.00039163694267461876 -0.001594895989049223 0.0028719357698889646 0.00069525934917712357 0.002130102963235582 0.0033893755540557288 0.0013686775040641158 -0.0018770374981237146
leaf_weight=30230 8913 5171 4234 7222 1801 3889 6476 44451 49362 10098 48527 27083 11449 19132 9167
leaf_count=30230 8913 5171 4234 7222 1801 3889 6476 44451 49362 10098 48527 27083 11449 19132 9167
internal_value=-1.10932e-06 -0.00131155 0.00144243 0.000891884 -0.00196999 -0.00268336 -0.000449706 -0.000146312 -0.00149058 0.00203949 0.000498008 0.00210523 0.00293715 0.00181801 -0.00152005
internal_weight=287205 150547 136658 74760 85282 34119 65265 50927 51163 19011 55749 61898 15683 46215 14338
internal_count=287205 150547 136658 74760 85282 34119 65265 50927 51163 19011 55749 61898 15683 46215 14338
is_linear=0
shrinkage=0.0257227


Tree=37
num_leaves=15
num_cat=0
split_feature=51 10 10 25 34 95 25 4 186 12 70 60 159 89
split_gain=784.286 137.253 69.5349 45.7468 45.7207 28.2466 40.537 25.6656 23.1345 19.829 18.5178 16.6577 10.5168 4.85707
threshold=0.13209455460309985 -0.34727686643600458 0.40413855016231542 -0.35932368040084833 0.20312500000000003 -0.056482585147023194 -0.19278423488140103 -0.60464876890182484 0.20016587525606158 0.53869748115539562 3.5806952714920048 0.1467716842889786 -0.19465649127960202 5.7541573047637948
decision_type=10 10 8 10 10 8 10 8 10 10 2 10 10 2
left_child=1 3 7 4 -1 9 -7 -2 10 -3 -4 -9 -10 -5
right_child=2 5 8 13 -6 6 -8 11 12 -11 -12 -13 -14 -15
leaf_value=-0.0034777845331586455 -0.0016843606709122487 -0.00028938662887033009 0.0010285145845959343 -0.00072559135673458072 -0.0018972847081324862 -0.0012006677008430246 0.0010406537126132855 0.0012794783781254135 0.0018328692350263185 0.0012341007579213985 0.0020138349182955433 0.00040575029808835681 0.0030926902775953 0.00062203590815942023
leaf_weight=16239 2634 22310 20397 3680 49644 41532 6058 31248 7224 7476 34471 26986 13613 3254
leaf_count=16239 2634 22310 20397 3680 49644 41532 6058 31248 7224 7476 34471 26986 13613 3254
internal_value=1.43368e-06 -0.00128099 0.00141166 -0.00208196 -0.00229086 -0.000525739 -0.000913999 0.000762778 0.00193192 9.54383e-05 0.00164972 0.000875779 0.00266522 -9.33012e-05
internal_weight=286766 150193 136573 72817 65883 77376 47590 60868 75705 29786 54868 58234 20837 6934
internal_count=286766 150193 136573 72817 65883 77376 47590 60868 75705 29786 54868 58234 20837 6934
is_linear=0
shrinkage=0.0257227


Tree=38
num_leaves=16
num_cat=0
split_feature=10 10 71 42 25 25 95 42 42 71 33 86 114 42 71
split_gain=713.957 133.82 83.7135 42.3194 47.3052 40.579 38.9785 38.671 31.619 19.5037 13.3876 12.2624 11.0264 9.05939 4.00031
threshold=0.10197243466973306 -0.36681385338306421 2.7268358469009404 0.24739583581686023 -0.26889592409133906 -0.35932368040084833 -0.14259213209152219 0.26822917163372045 0.37760417163372045 -1.7343963980674741 0.17313295602798465 4.0163424015045175 0.13542506843805316 0.085937500000000014 1.8025407791137698
decision_type=10 10 2 8 10 10 8 8 10 2 10 2 10 8 2
left_child=1 5 7 10 -5 6 -1 12 13 -9 -3 -10 -2 -4 -7
right_child=2 3 8 4 -6 14 -8 9 11 -11 -12 -13 -14 -15 -16
leaf_value=-0.0013329791739516918 0.0013196306627071587 -0.00039938855581518747 0.003811540139485163 -0.0012695156512079779 0.00042726604409169355 -0.00054629884506547026 -0.002701373039338264 -0.001253327757186312 0.0022865905910274017 0.00051170621054759521 0.00091849999950900868 0.00132595228381643 0.0027194592773774119 0.0024955337357497032 0.00079179506022978696
leaf_weight=21070 14250 7810 4781 44896 14289 4221 41331 4475 12482 45475 14400 31983 5177 18183 2166
leaf_count=21070 14250 7810 4781 44896 14289 4221 41331 4475 12482 45475 14400 31983 5177 18183 2166
internal_value=1.65898e-05 -0.00120759 0.00136039 -0.000500873 -0.000859837 -0.00204217 -0.00224179 0.00073172 0.00200547 0.000351701 0.000455319 0.0015995 0.00170297 0.00278268 -8.80394e-05
internal_weight=286989 150183 136806 81395 59185 68788 62401 69377 67429 49950 22210 44465 19427 22964 6387
internal_count=286989 150183 136806 81395 59185 68788 62401 69377 67429 49950 22210 44465 19427 22964 6387
is_linear=0
shrinkage=0.0257227


Tree=39
num_leaves=16
num_cat=0
split_feature=11 17 17 84 17 4 84 56 180 17 148 37 159 18 95
split_gain=636.013 118.523 97.4962 70.312 44.4695 41.326 31.9773 23.4723 22.5596 18.9094 16.3351 13.6485 12.0701 8.2127 3.16411
threshold=-0.37262612581253046 -0.025135902687907215 -0.39925242960453028 1.0000000180025095e-35 0.42664578557014471 -1.0042334198951719 -1.0000000180025095e-35 -0.35306046903133387 0.32156291604042059 -0.27472314238548273 0.32665139436721807 0.60749325156211864 -0.23266599327325818 -0.85323280096054066 -0.18992025405168531
decision_type=10 10 10 2 10 10 2 10 2 10 10 10 10 8 8
left_child=2 9 6 8 7 -5 10 -3 -4 14 -1 -6 -11 -8 -2
right_child=1 4 3 5 11 -7 13 -9 -10 12 -12 -13 -14 -15 -16
leaf_value=-0.001717498434930541 -0.00092771308515248807 0.0025202868010325702 -8.9379213787410815e-05 -0.002947174872289164 0.0023249264183992924 -0.0010158809066134291 -0.0031617823902367935 0.00085174451627423558 0.0020761790163255308 -0.0011647265412642995 0.00064385595623683161 0.001532866080248608 0.00033559155180643393 -0.0020510315476912075 -0.0023581705223571238
leaf_weight=24643 1643 6103 34029 8822 33691 42702 16663 59881 3425 5213 2060 26666 10661 6969 3603
leaf_count=24643 1643 6103 34029 8822 33691 42702 16663 59881 3425 5213 2060 26666 10661 6969 3603
internal_value=-2.27969e-06 0.00117482 -0.00124818 -0.000735205 0.00147286 -0.00135091 -0.0021522 0.00100914 0.00011294 -0.000606791 -0.00153385 0.00197766 -0.00016072 -0.00284282 -0.00193228
internal_weight=286774 147461 139313 88978 126341 51524 50335 65984 37454 21120 26703 60357 15874 23632 5246
internal_count=286774 147461 139313 88978 126341 51524 50335 65984 37454 21120 26703 60357 15874 23632 5246
is_linear=0
shrinkage=0.0257227


Tree=40
num_leaves=16
num_cat=0
split_feature=51 71 71 71 42 77 42 42 25 146 86 18 18 147 88
split_gain=676.809 124.746 63.5905 53.9114 48.9125 38.5156 36.1416 27.5638 23.0154 15.8668 13.0298 10.4736 8.68091 7.21248 5.87566
threshold=0.15819093585014346 -2.6127672195434566 2.8016710281372075 1.8025407791137698 0.22135416418313983 -0.061790671199560158 0.26822917163372045 0.13802083581686023 -0.15621262043714521 -5.5478379726409903 3.979637980461121 -0.97263962030410755 -0.24510998278856275 0.36368308961391455 -0.25443561375141138
decision_type=10 2 2 2 8 10 8 8 8 10 2 8 10 10 2
left_child=1 5 6 4 -3 13 9 14 -8 -2 -9 -7 -5 -1 -4
right_child=2 3 7 12 -6 11 8 10 -10 -11 -12 -13 -14 -15 -16
leaf_value=-0.0015972093751939417 0.00072023665034968791 0.00012011417515000987 0.0021459222196663717 9.3492223405722177e-05 -0.0013294453828621602 -0.003190886371619787 4.1386121533387805e-05 0.002266006259765572 0.0011513922742260622 0.002282960990017398 0.0014145405903524466 -0.0021693356419443827 0.0011540137279233437 -0.00042463134186989103 0.003796103445331126
leaf_weight=17282 6592 20758 2457 13932 59460 18112 32612 19050 19823 12875 33899 12044 7992 4433 5775
leaf_count=17282 6592 20758 2457 13932 59460 18112 32612 19050 19823 12875 33899 12044 7992 4433 5775
internal_value=-7.84386e-06 -0.00116851 0.00133525 -0.00064588 -0.000954615 -0.00219488 0.00081506 0.00194459 0.000462217 0.00175926 0.00172405 -0.0027902 0.000483075 -0.00136044 0.00333077
internal_weight=287096 154013 133083 102142 80218 51871 71902 61181 52435 19467 52949 30156 21924 21715 8232
internal_count=287096 154013 133083 102142 80218 51871 71902 61181 52435 19467 52949 30156 21924 21715 8232
is_linear=0
shrinkage=0.0257227


Tree=41
num_leaves=16
num_cat=0
split_feature=10 78 17 3 35 19 64 135 171 35 75 17 159 123 148
split_gain=608.103 103.249 76.9195 64.2868 45.9904 31.2988 27.6567 24.4779 21.8633 19.503 19.3384 14.7951 11.9063 8.43743 4.87347
threshold=0.043316308408975608 1.0000000180025095e-35 0.42933510243892675 -0.34670881927013392 0.21354166418313983 0.62093999981880199 -0.33311159908771509 0.42060437798500067 0.64895191788673412 0.30729167163372045 -0.14128943532705304 0.16705918312072757 -0.24539387971162793 0.28278571367263799 0.27348640561103826
decision_type=10 2 10 10 8 8 8 10 2 8 10 10 10 10 10
left_child=1 3 4 6 5 -2 -1 11 -6 12 -5 -3 -4 -11 -9
right_child=2 7 9 10 8 -7 -8 14 -10 13 -12 -13 -14 -15 -16
leaf_value=-0.0016500403467003912 0.00044655100362762853 -0.0007133436494059927 0.0013902254507771039 -0.00021684397719153311 0.00052692059127533203 0.002394872370196826 -0.0027756208134131453 0.00095240172932318742 -0.00070953881712670322 0.0017785367137211354 -0.0013163783576397945 0.00053095769496019365 0.0031264451436560639 0.00091584952388241601 0.0025887333240217597
leaf_weight=31032 8943 21216 3729 17300 51951 14094 28018 4657 11487 35650 27336 8919 10695 9881 1643
leaf_count=31032 8943 21216 3729 17300 51951 14094 28018 4657 11487 35650 27336 8919 10695 9881 1643
internal_value=-6.09815e-06 -0.00121706 0.00115272 -0.00163068 0.000660789 0.00164299 -0.00218735 -3.89406e-05 0.000302374 0.0018603 -0.000891454 -0.000344609 0.00268845 0.00159339 0.00140817
internal_weight=286551 140121 146430 103686 86475 23037 59050 36435 63438 59955 44636 30135 14424 45531 6300
internal_count=286551 140121 146430 103686 86475 23037 59050 36435 63438 59955 44636 30135 14424 45531 6300
is_linear=0
shrinkage=0.0257227


Tree=42
num_leaves=16
num_cat=0
split_feature=51 71 71 71 104 104 104 18 67 146 193 144 18 58 75
split_gain=610.572 115.259 57.9796 56.7586 46.3639 32.9034 23.4466 22.9084 19.7285 15.3904 14.4472 11.9568 9.77744 9.7488 7.20933
threshold=0.16660482436418536 -2.7307032346725459 1.8025407791137698 2.8016710281372075 -0.3426616489887237 -0.31881801784038538 -0.35783369839191431 -0.19965038448572156 -0.64720693230628956 -5.5581440925598136 50.244964599609382 0.62005695700645458 -0.24510998278856275 0.13306498527526858 0.34809902310371404
decision_type=10 2 2 2 8 10 8 8 8 8 10 8 10 10 8
left_child=1 5 4 6 -3 11 9 -8 10 -2 -5 -1 -4 -7 -10
right_child=3 2 12 8 -6 13 7 -9 14 -11 -12 -13 -14 -15 -16
leaf_value=-0.0014481840119697012 0.00019891985956337833 0.00026302711912288337 0.00011837386846089761 0.0030183854744580004 -0.0012225349495060332 -0.0022451015909178721 0.00015956771876392408 0.0011330724783361764 0.0016025315689891376 0.0029437985058101785 0.0016129873564543903 0.00077507291022006948 0.0012269324683322053 -0.0032246060335249242 -3.2563656759981671e-05
leaf_weight=13163 1852 17282 14050 13534 70394 17144 32005 31950 37728 5050 8093 1766 8353 12759 1869
leaf_count=13163 1852 17282 14050 13534 70394 17144 32005 31950 37728 5050 8093 1766 8353 12759 1869
internal_value=1.51091e-05 -0.00108016 -0.000631497 0.00129956 -0.000929742 -0.00217849 0.000802386 0.000646767 0.00187304 0.00221875 0.00250092 -0.00118226 0.000534803 -0.00267106 0.00152545
internal_weight=286992 154911 110079 132081 87676 44832 70857 63955 61224 6902 21627 14929 22403 29903 39597
internal_count=286992 154911 110079 132081 87676 44832 70857 63955 61224 6902 21627 14929 22403 29903 39597
is_linear=0
shrinkage=0.0257227


Tree=43
num_leaves=15
num_cat=0
split_feature=19 4 25 39 84 4 19 123 18 28 175 31 25 84
split_gain=544.602 175.461 47.5989 36.7103 36.1171 39.9757 33.5224 28.3132 20.5273 18.5511 12.0523 8.34644 7.13792 6.95497
threshold=0.37088623642921453 -0.38965988159179682 -0.33075509965419764 -0.86466458439826954 1.0000000180025095e-35 -0.90307545661926258 0.54012760519981395 0.016156136989593509 -0.84460800886154164 0.40625000000000006 0.013697634451091291 0.38946969807147985 -0.30341841280460352 1.0000000180025095e-35
decision_type=8 10 10 10 2 10 10 10 10 8 2 10 10 2
left_child=2 4 3 10 9 -6 12 -8 -5 -2 -1 13 -3 -4
right_child=1 6 11 8 5 -7 7 -9 -10 -11 -12 -13 -14 -15
leaf_value=-0.0012368634343397473 0.0013053658109151386 7.3180108407099121e-05 0.00096705647838072663 -0.0025388508599235486 -0.002845381952171129 -0.00054094465464325694 0.0019206722710671282 0.0010998703223320573 -0.0015294651682336137 -0.00035341558181343444 -4.1179502436816476e-05 0.0013596991341843056 0.0010247450764179935 -0.00071450827243421092
leaf_weight=34118 8093 14037 2164 28875 6419 21519 57593 54713 25873 9752 6672 2795 8228 5823
leaf_count=34118 8093 14037 2164 28875 6419 21519 57593 54713 25873 9752 6672 2795 8228 5823
internal_value=1.27897e-05 0.00087348 -0.00144675 -0.00162944 -0.000501343 -0.00107749 0.00134124 0.00152194 -0.00206497 0.000401513 -0.00104178 0.000172133 0.000427411 -0.000253474
internal_weight=286674 180354 106320 95538 45783 27938 134571 112306 54748 17845 40790 10782 22265 7987
internal_count=286674 180354 106320 95538 45783 27938 134571 112306 54748 17845 40790 10782 22265 7987
is_linear=0
shrinkage=0.0257227


Tree=44
num_leaves=16
num_cat=0
split_feature=71 12 5 11 35 67 11 48 17 32 11 153 193 37 120
split_gain=505.132 189.579 46.7847 45.4462 45.1199 42.1741 31.9885 28.2675 22.8346 17.2356 9.99272 9.05587 8.54124 8.21786 4.07012
threshold=2.063852190971375 0.40193322300910955 0.93392452597618114 -0.71920013427734364 0.26562500000000006 2.7252646684646611 -0.18441737443208692 0.12890625000000003 -0.27913694083690638 -0.76838248968124379 -0.12454468756914137 -0.14088163524866101 51.709104537963874 0.95653289556503307 5.330662965774537
decision_type=2 10 10 8 8 10 8 8 10 10 8 8 10 8 10
left_child=1 3 7 5 10 -1 12 -3 -5 -4 14 -12 -6 -8 -2
right_child=4 2 9 8 6 -7 13 -9 -10 -11 11 -13 -14 -15 -16
leaf_value=-0.0013348985856496546 0.0011594564787050369 -0.0011642529803336508 0.0024909629414511629 -0.001552974500263963 0.00067118469702007774 -0.0026462384149767123 0.0016632761173478909 0.00030493057858980267 -0.00040901479533686578 0.00073228429134143474 0.0014542946664747082 0.0032575853784694944 -0.00035286897090133253 0.0010383483705574245 0.0023818008448452067
leaf_weight=40637 4408 11557 7156 18418 18089 27374 40983 33797 30942 7720 2491 10332 7597 22046 3419
leaf_count=40637 4408 11557 7156 18418 18089 27374 40983 33797 30942 7720 2491 10332 7597 22046 3419
internal_value=1.42756e-05 -0.00083248 0.000340403 -0.00143416 0.00138892 -0.00186537 0.00113486 -7.09335e-05 -0.00083782 0.00158771 0.00247118 0.00291926 0.00036814 0.0014464 0.00171342
internal_weight=286966 177601 60230 117371 109365 68011 88715 45354 49360 14876 20650 12823 25686 63029 7827
internal_count=286966 177601 60230 117371 109365 68011 88715 45354 49360 14876 20650 12823 25686 63029 7827
is_linear=0
shrinkage=0.0257227


Tree=45
num_leaves=15
num_cat=0
split_feature=51 78 3 78 134 67 11 67 134 75 170 25 75 19
split_gain=517.876 97.0414 59.8141 56.7669 36.3658 27.2243 25.0459 22.043 19.4069 19.3579 15.2092 14.3794 8.30184 9.16743
threshold=0.15819093585014346 1.0000000180025095e-35 -0.34670881927013392 -1.0000000180025095e-35 -3.3048906326293941 0.12033947929739953 -0.090624272823333726 -3.1856429576873775 -3.2562499046325679 -0.13493096828460691 1.1514618396759035 -0.17776696383953092 0.14676100015640262 0.42633850872516638
decision_type=10 2 10 2 10 8 8 10 10 8 2 10 10 10
left_child=1 2 5 12 6 -1 -5 -6 11 -4 -10 -3 13 -2
right_child=3 8 9 4 7 -7 -8 -9 10 -11 -12 -13 -14 -15
leaf_value=-0.0014403463743785328 -0.00077557027837845598 -0.00074525401146617078 -0.00012647941375577981 0.00028072210618751892 0.0025590724799056577 -0.0025427449916813312 0.0013593415678115398 0.0014735373620021275 0.00011749352802953361 -0.0011856828525252956 0.0016794640912448978 0.00094342173362449747 -0.0017600165119420644 0.0004938125394850642
leaf_weight=30933 5982 22078 19237 23435 19302 29331 36449 36124 14147 28078 5745 3852 1881 9831
leaf_count=30933 5982 22078 19237 23435 19302 29331 36449 36124 14147 28078 5745 3852 1881 9831
internal_value=-2.39279e-06 -0.00102062 -0.00144257 0.00117189 0.00137992 -0.00197974 0.000938239 0.00185494 -2.91438e-05 -0.000756047 0.000573876 -0.000492113 -0.00018394 1.20171e-05
internal_weight=286405 153401 107579 133004 115310 60264 59884 55426 45822 47315 19892 25930 17694 15813
internal_count=286405 153401 107579 133004 115310 60264 59884 55426 45822 47315 19892 25930 17694 15813
is_linear=0
shrinkage=0.0257227


Tree=46
num_leaves=16
num_cat=0
split_feature=51 51 51 75 146 25 75 25 41 75 118 185 153 117 31
split_gain=477.618 89.7439 41.6098 27.9583 23.5183 22.9899 38.5247 20.2808 24.6678 17.4271 14.215 13.0699 9.66807 7.74358 5.1072
threshold=-0.13699348270893094 0.42659129202365881 -0.7681123912334441 -0.22837024927139279 -5.335700035095214 -0.17776696383953092 -0.079302143305540071 -0.26889592409133906 0.26822917163372045 0.31342166662216192 1.0930436849594118 0.059249997138977058 0.30559822916984564 -0.53342366218566883 0.40045987069606787
decision_type=10 10 10 8 10 8 10 10 8 10 8 8 10 10 10
left_child=2 5 3 12 10 6 -2 8 -4 -6 -3 -5 -1 -7 -9
right_child=1 4 7 11 9 13 -8 14 -10 -11 -12 -13 -14 -15 -16
leaf_value=-0.0012571840848497251 0.00073627713483757538 0.00057962545974565209 -0.0017159413309526001 -0.001894943836336944 0.0018745539998049259 0.00037137451799202584 -0.00067675030796943484 7.7461816479656829e-05 -0.00058147388920263079 -0.00073660468262789645 0.001435193290693154 -0.0030523074695634404 0.00018772699129464564 0.0014338699382953428 0.0016616687798868815
leaf_weight=10179 21386 27457 19538 30466 45833 8434 31406 5056 36279 1713 24400 8583 4339 9945 1754
leaf_count=10179 21386 27457 19538 30466 45833 8434 31406 5056 36279 1713 24400 8583 4339 9945 1754
internal_value=3.89891e-07 0.00086665 -0.00127099 -0.00179725 0.00136557 0.000169021 -0.000104068 -0.00081902 -0.000980602 0.00177932 0.000983895 -0.00215546 -0.000826776 0.000950286 0.000501078
internal_weight=286768 170574 116194 53567 99403 71171 52792 62627 55817 47546 51857 39049 14518 18379 6810
internal_count=286768 170574 116194 53567 99403 71171 52792 62627 55817 47546 51857 39049 14518 18379 6810
is_linear=0
shrinkage=0.0257227


Tree=47
num_leaves=16
num_cat=0
split_feature=10 71 71 71 42 42 42 32 4 159 139 26 153 4 129
split_gain=449.255 84.2012 58.334 41.9249 39.4714 31.575 31.3659 28.8926 14.1156 13.2722 13.2244 9.66984 8.69575 7.62145 7.4447
threshold=0.10197243466973306 -2.7307032346725459 2.458466768264771 1.8025407791137698 0.23177083581686023 0.13281250000000003 0.085937500000000014 -0.96348440647125233 -0.11001962050795554 -0.057144703343510621 -3.1515998840332027 0.43272419273853308 0.32069566845893865 -1.4638112187385557 -4.0483675003051749
decision_type=10 2 2 2 8 8 8 8 8 10 8 8 8 8 10
left_child=1 7 6 4 -3 14 11 12 -7 -8 -5 -2 -1 -9 -4
right_child=2 3 5 10 -6 8 9 13 -10 -11 -12 -13 -14 -15 -16
leaf_value=-0.0015169944878473721 0.00080766122472829358 0.00010608074787290443 0.0013534341512592704 -0.00035525735903691358 -0.0011529273150693883 0.00073893065677344439 -0.00026964272212974018 -0.0033739439561093179 0.0015322179307185879 0.0006339363028210846 0.00096803912201544134 0.0025187216121629755 -0.00031721286203146188 -0.0022425230512783828 0.003165997617240878
leaf_weight=17494 4007 22422 2052 8023 61906 21020 24952 5904 52656 18775 13006 5046 5242 16151 8349
leaf_count=17494 4007 22422 2052 8023 61906 21020 24952 5904 52656 18775 13006 5046 5242 16151 8349
internal_value=1.10451e-05 -0.000960306 0.00107666 -0.000562312 -0.000818401 0.00149716 0.000405483 -0.0018936 0.00130701 0.000118807 0.000463781 0.00177606 -0.0012426 -0.00255729 0.00282239
internal_weight=287005 150148 136857 105357 84328 84077 52780 44791 73676 43727 21029 9053 22736 22055 10401
internal_count=287005 150148 136857 105357 84328 84077 52780 44791 73676 43727 21029 9053 22736 22055 10401
is_linear=0
shrinkage=0.0257227


Tree=48
num_leaves=16
num_cat=0
split_feature=78 4 5 34 134 99 134 34 11 79 79 11 5 99 34
split_gain=453.058 113.42 90.4137 38.9422 28.9811 22.8409 19.0056 17.9354 14.3566 13.9168 11.3554 11.1974 9.84665 9.73154 9.62182
threshold=-1.0000000180025095e-35 -0.38965988159179682 0.2400951683521271 0.17187500000000003 -3.3048906326293941 0.62483102083206188 -3.5483192205429073 0.41145832836627966 -0.074950415641069398 0.4479005783796311 -0.081271834671497331 -0.85020819306373585 0.61355999112129223 0.56138393282890331 0.31770832836627966
decision_type=2 10 10 10 10 8 10 10 10 2 2 10 10 8 10
left_child=2 6 3 11 8 -6 14 9 -3 -4 -5 -1 -9 -8 -2
right_child=1 4 7 10 5 -7 13 12 -10 -11 -12 -13 -14 -15 -16
leaf_value=-0.003480939010460306 -0.0014665938701361237 0.00046818171742443943 -0.0012699273051407988 -0.0016960818866250092 0.0023634389035537338 0.001302275422523969 0.0010335358636161184 -0.00025098526516610913 0.0012444847953781146 0.00024574825574863267 -0.00087450396764362755 -0.0018244483009327772 0.00077679175188959332 -0.00011628780640903242 -0.00029222791552580246
leaf_weight=9736 9340 29646 16324 42460 20845 39024 6674 18734 33969 5271 15502 4190 9090 17373 9151
leaf_count=9736 9340 29646 16324 42460 20845 39024 6674 18734 33969 5271 15502 4190 9090 17373 9151
internal_value=8.10626e-07 0.000873733 -0.00119365 -0.0017754 0.00126811 0.0016746 -0.000271369 -0.000345797 0.000883827 -0.000900466 -0.00147797 -0.00299675 8.61403e-05 0.000205372 -0.000889443
internal_weight=287329 166022 121307 71888 123484 59869 42538 49419 63615 21595 57962 13926 27824 24047 18491
internal_count=287329 166022 121307 71888 123484 59869 42538 49419 63615 21595 57962 13926 27824 24047 18491
is_linear=0
shrinkage=0.0257227


Tree=49
num_leaves=16
num_cat=0
split_feature=51 10 10 134 25 90 67 25 67 25 99 17 19 157 59
split_gain=425.165 77.8953 51.0081 24.4685 24.0483 22.7943 22.6822 18.9039 26.655 18.5782 18.0177 12.1986 12.0804 6.03369 2.23047
threshold=-0.10828921571373938 0.3005287647247315 -0.38971143960952753 -3.3048906326293941 -0.34000760316848749 -0.44764710962772364 -2.0984839200973506 -0.14210476726293561 -0.38898347318172449 -0.32167550921440119 0.59353974461555492 0.44553720951080328 0.29364357888698583 -0.059381721541285508 4.828172206878663
decision_type=10 8 10 8 10 8 8 8 10 10 8 10 10 8 10
left_child=2 7 4 11 5 -1 12 8 -2 -8 -5 -3 -4 -9 -6
right_child=1 3 6 10 14 -7 9 13 -10 -11 -12 -13 -14 -15 -16
leaf_value=-0.0011628890449222372 0.00056171522373391221 0.00048069710552444295 -0.00053249534093064398 0.0024500882575146671 -0.00034428075972714884 -0.00220909669542276 -0.0013826596309301537 0.0016661688823069829 -0.00058073710364241844 8.0841806634027064e-05 0.0013642495902608249 0.0012681571942284502 0.00063072207610421734 0.00054370305792105921 0.00078206771528949311
leaf_weight=22702 24955 24352 12763 15082 2914 36457 24852 5595 29266 7443 32247 28287 10849 7459 1816
leaf_count=22702 24955 24352 12763 15082 2914 36457 24852 5595 29266 7443 32247 28287 10849 7459 1816
internal_value=-3.48525e-06 0.000834212 -0.00117273 0.00128931 -0.00166896 -0.00180988 -0.000603951 0.000157173 -5.48713e-05 -0.00104605 0.00171407 0.000905234 2.31609e-06 0.00103253 9.43844e-05
internal_weight=287039 167243 119796 99968 63889 59159 55907 67275 54221 32295 47329 52639 23612 13054 4730
internal_count=287039 167243 119796 99968 63889 59159 55907 67275 54221 32295 47329 52639 23612 13054 4730
is_linear=0
shrinkage=0.0257227


Tree=50
num_leaves=16
num_cat=0
split_feature=18 5 18 35 35 5 11 70 35 12 35 146 3 24 144
split_gain=373.799 161.415 50.6682 39.1749 36.6114 24.2437 23.6076 16.858 22.4181 16.3188 16.1385 8.32906 7.77426 7.49116 6.32402
threshold=-0.38042725622653956 0.55269289016723644 -0.15974893420934674 0.21354166418313983 0.48437500000000006 1.0895578861236574 -0.82314395904541005 -1.0209743976593015 0.29687500000000006 0.098602630198001875 0.44270832836627966 -5.5633862018585196 -0.11590156704187392 -0.18095538765192029 0.036394054070115096
decision_type=10 8 10 8 10 8 10 2 10 10 10 10 10 10 10
left_child=1 4 10 5 9 -3 -6 14 -9 -1 11 -2 -5 -12 -4
right_child=2 3 7 12 6 -7 -8 8 -10 -11 13 -13 -14 -15 -16
leaf_value=-0.0013198476596304157 0.000198296451510901 0.00083627378608244806 -0.00017390215650592872 -0.0017593790515919498 -0.0023272467143884163 0.0029167681560463518 -0.0012915794189657266 0.0024037926644262888 0.0012699520745853667 -0.00044546817182459982 -0.0015484926434589381 0.0013878140770603583 2.4506833027142904e-05 0.00012362148879104014 0.0014322697021664642
leaf_weight=27400 5896 10299 6050 1715 28116 5799 31135 14327 61657 29323 1785 11577 15773 33782 2123
leaf_count=27400 5896 10299 6050 1715 28116 5799 31135 14327 61657 29323 1785 11577 15773 33782 2123
internal_value=5.40053e-06 -0.000883852 0.000974731 0.000685125 -0.0013384 0.00159721 -0.00178568 0.00136691 0.00148621 -0.000869191 0.000351277 0.000989357 -0.000158163 3.61817e-05 0.000253849
internal_weight=286757 149560 137197 33586 115974 16098 59251 84157 75984 56723 53040 17473 17488 35567 8173
internal_count=286757 149560 137197 33586 115974 16098 59251 84157 75984 56723 53040 17473 17488 35567 8173
is_linear=0
shrinkage=0.0257227


Tree=51
num_leaves=15
num_cat=0
split_feature=11 26 34 42 69 24 11 175 146 56 174 148 26 122
split_gain=358.517 78.6266 68.0646 50.3179 40.2351 31.5924 28.9388 22.2844 14.8402 13.8611 13.5781 13.3625 9.61946 8.75814
threshold=-0.39579406380653376 0.3856795877218247 0.35937500000000006 0.15364583581686023 -2.6081908941268916 0.42312322556972509 -0.71195757389068592 1.1456288099288943 -5.204643487930297 -0.35306046903133387 1.4507669210433962 0.11686256527900697 0.12567429989576342 0.36399185657501226
decision_type=8 10 10 10 2 8 10 2 10 10 2 10 8 10
left_child=2 10 6 8 11 -5 9 -6 -3 -1 12 -4 -2 -8
right_child=1 3 4 5 7 -7 13 -9 -10 -11 -12 -13 -14 -15
leaf_value=-0.00074477804999925016 -0.0021826540125335007 0.0015733624641309125 -0.0014018147971071948 0.00047593216848102859 -0.00011142459961811311 0.0013414789023731672 -0.00077991271413797576 0.0020754621016335424 0.0030089811193516835 -0.0023522941480273881 0.0012655025856548397 -0.00019102376835333529 -0.00051710062571308491 -0.002476867758069374
leaf_weight=4167 2550 10042 26385 59658 38389 52580 20635 3266 9717 28503 2458 7849 18645 2176
leaf_count=4167 2550 10042 26385 59658 38389 52580 20635 3266 9717 28503 2458 7849 18645 2176
internal_value=1.45001e-05 0.000849486 -0.000974718 0.00109412 -0.000473229 0.000882128 -0.00165888 6.39506e-05 0.00228931 -0.00214974 -0.000514748 -0.00112538 -0.000725471 -0.000950457
internal_weight=287020 155650 131370 131997 75889 112238 55481 41655 19759 32670 23653 34234 21195 22811
internal_count=287020 155650 131370 131997 75889 112238 55481 41655 19759 32670 23653 34234 21195 22811
is_linear=0
shrinkage=0.0257227


Tree=52
num_leaves=16
num_cat=0
split_feature=17 175 171 42 17 42 84 42 134 26 84 70 148 17 156
split_gain=329.846 84.6747 48.9656 35.6264 34.1062 29.467 24.2333 20.3327 15.1746 14.8405 13.6347 12.934 12.0287 8.9536 6.35415
threshold=0.13579206913709643 0.07765220478177072 0.31932312250137335 0.091145832091569914 -0.28380629420280451 0.25260417163372045 -1.0000000180025095e-35 0.091145832091569914 -3.4013150930404659 0.3856795877218247 -1.0000000180025095e-35 3.5806952714920048 -0.067970763891935335 -0.20734043419361112 -0.01931111421436071
decision_type=10 2 2 10 10 8 2 8 10 10 2 2 10 8 10
left_child=1 4 5 9 6 8 -1 -6 -2 -3 14 -7 -12 -5 -4
right_child=2 3 10 13 7 11 -8 -9 -10 -11 12 -13 -14 -15 -16
leaf_value=-0.0010523151117787237 0.0012175397163447523 0.00065818626005907004 0.00032587124377487825 -0.00089000740383815547 0.00082879497649925146 0.00054307829325822316 -0.0020286650098580881 -0.00082556041934820203 0.0026208992786444321 0.0025720874852167386 0.00053094204680319528 0.0012271285522310136 -0.00072212755716314714 6.9630647650903795e-05 0.0017495374496997724
leaf_weight=34673 8891 6657 5174 9862 5490 28978 33308 42344 12739 4499 7628 50543 14737 18176 3434
leaf_count=34673 8891 6657 5174 9862 5490 28978 33308 42344 12739 4499 7628 50543 14737 18176 3434
internal_value=-8.2289e-06 -0.000812927 0.000935765 0.000220172 -0.00116245 0.00120958 -0.00153264 -0.000634544 0.00205113 0.00144375 4.06818e-05 0.000978709 -0.000294349 -0.000269593 0.000905467
internal_weight=287133 155009 132124 39194 115815 101151 67981 47834 21630 11156 30973 79521 22365 28038 8608
internal_count=287133 155009 132124 39194 115815 101151 67981 47834 21630 11156 30973 79521 22365 28038 8608
is_linear=0
shrinkage=0.0257227


Tree=53
num_leaves=16
num_cat=0
split_feature=78 10 10 139 35 84 102 84 19 70 144 19 47 171 185
split_gain=354.995 84.6501 52.9108 30.6568 26.9296 23.6172 21.7966 18.8927 15.0682 13.8698 13.8134 13.6623 13.3367 11.5701 7.11527
threshold=-1.0000000180025095e-35 0.3005287647247315 -0.38971143960952753 -3.0649996995925899 0.28645832836627966 1.0000000180025095e-35 -3.0456931591033931 -1.0000000180025095e-35 0.73581963777542125 2.4761562347412114 0.64679861068725597 0.34156358242034918 2.0105034112930302 1.2525526285171511 0.062444575130939491
decision_type=2 10 10 10 10 2 10 2 8 2 10 10 8 2 10
left_child=2 3 6 7 8 11 10 -2 -3 -6 -1 -4 -5 -7 -8
right_child=1 4 5 12 9 13 14 -9 -10 -11 -12 -13 -14 -15 -16
leaf_value=-0.0012217334024862794 0.00048063757464908283 0.00051701282761255235 -0.00047177531849211475 0.00077832549484727759 0.00023308689606563838 -0.00064013336043502816 -0.0018982961549350199 -0.00082604665167155492 0.0023077351106474465 0.0012105431374445754 0.0010304460578855308 0.00066538200341741214 -0.00073446853700646821 -0.0015605070678174173 -0.0029538926870605188
leaf_weight=19289 10506 3721 17412 36379 11711 24251 26353 23720 20800 54547 1922 11556 4244 14541 5423
leaf_count=19289 10506 3721 17412 36379 11711 24251 26353 23720 20800 54547 1922 11556 4244 14541 5423
internal_value=9.43947e-06 0.00078255 -0.00105083 0.000141824 0.00131021 -0.000573546 -0.00165928 -0.000424749 0.00203875 0.0010383 -0.00101433 -1.75124e-05 0.000619066 -0.000987811 -0.00208591
internal_weight=286375 165628 120747 74849 90779 67760 52987 34226 24521 66258 21211 28968 40623 38792 31776
internal_count=286375 165628 120747 74849 90779 67760 52987 34226 24521 66258 21211 28968 40623 38792 31776
is_linear=0
shrinkage=0.0257227


Tree=54
num_leaves=15
num_cat=0
split_feature=52 25 42 42 25 94 70 146 146 49 126 35 201 123
split_gain=291.221 55.7567 56.0803 43.4592 32.4558 25.8396 21.5311 20.4937 17.8534 14.5618 12.388 9.46377 10.6472 6.24235
threshold=0.048036551102995879 -0.30799862742424006 0.22656250000000003 0.38281250000000006 -0.10814721137285231 -1.638771057128906 -3.7776045799255367 -5.5478379726409903 -5.3641617298126212 0.042968750000000007 0.046672876924276359 0.33854167163372045 7.963771104812623 0.42476874589920049
decision_type=10 8 10 10 10 8 2 10 10 10 10 8 10 10
left_child=1 2 7 5 10 9 -4 -1 -7 -2 -5 -3 -13 -6
right_child=3 11 6 4 13 8 -8 -9 -10 -11 -12 12 -14 -15
leaf_value=-0.0010080892434177046 0.0017582164761884924 0.0018539070000810945 -0.0020444659346991055 0.00039746874445496393 0.0011571226414019925 0.001285041573475815 -0.0011169824328904848 0.00024337540013431009 0.002620345247637062 0.00029714490510359141 -0.000457422354402099 -1.0384089888431055e-05 0.0019290719056478884 0.00017374107189372677
leaf_weight=13003 6745 2331 22581 28602 37514 12593 64014 25506 14667 13438 18330 21151 1969 4856
leaf_count=13003 6745 2331 22581 28602 37514 12593 64014 25506 14667 13438 18330 21151 1969 4856
internal_value=5.70955e-06 -0.000774573 -0.000997732 0.000864741 0.000529656 0.00149338 -0.00136062 -0.000180496 0.00200945 0.000790795 6.33529e-05 0.000322029 0.000161304 0.001045
internal_weight=287300 150555 125104 136745 89302 47443 86595 38509 27260 20183 46932 25451 23120 42370
internal_count=287300 150555 125104 136745 89302 47443 86595 38509 27260 20183 46932 25451 23120 42370
is_linear=0
shrinkage=0.0257227


Tree=55
num_leaves=16
num_cat=0
split_feature=11 3 128 11 84 84 175 123 70 146 70 75 198 120 39
split_gain=289.924 59.928 46.8859 39.7053 27.9493 24.7227 22.8285 17.8645 17.2413 11.575 11.0335 11.6839 7.38746 5.23772 4.08178
threshold=-0.32448014616966242 -0.29373453557491297 0.1356550604104996 -0.64894154667854298 1.0000000180025095e-35 -1.0000000180025095e-35 1.1721729040145876 0.24068873375654223 -1.0868819952011106 -5.5375325679779044 -2.9996906518936153 -0.13052615523338315 0.33362510800361639 23.196535110473636 -0.85733568668365467
decision_type=10 10 10 10 2 2 2 10 2 10 2 10 8 10 10
left_child=1 3 10 5 6 -1 -3 8 -4 -6 14 -12 -5 -9 -2
right_child=2 4 7 12 9 -7 -8 13 -10 -11 11 -13 -14 -15 -16
leaf_value=-0.00099661422712986488 -0.00025999376170269764 0.00013315943574315533 0.00045171120334075297 -0.00094668839586722496 -0.0013238834384873038 -0.0020371184986002554 0.0022914714412407755 0.00030540151067711812 0.0014583507860078399 -0.00031787491923264058 0.0012368899580012891 -7.6583145848508314e-05 -2.1283466887180907e-05 0.0013828538026424131 -0.0016350486142060877
leaf_weight=28271 2645 26810 13517 8680 11914 33151 3605 18959 70311 20698 5708 19739 16373 3478 3120
leaf_count=28271 2645 26810 13517 8680 11914 33151 3605 18959 70311 20698 5708 19739 16373 3478 3120
internal_value=1.45531e-05 -0.000769253 0.000866866 -0.00120859 -0.000165644 -0.00156026 0.000394699 0.00112413 0.00129666 -0.000687903 -9.69802e-06 0.000221205 -0.000344039 0.000477047 -0.00101722
internal_weight=286979 149502 137477 86475 63027 61422 30415 106265 83828 32612 31212 25447 25053 22437 5765
internal_count=286979 149502 137477 86475 63027 61422 30415 106265 83828 32612 31212 25447 25053 22437 5765
is_linear=0
shrinkage=0.0257227


Tree=56
num_leaves=16
num_cat=0
split_feature=12 24 4 95 174 35 35 24 12 96 4 139 157 36 33
split_gain=274.698 97.0997 52.7341 32.5681 29.1991 28.5258 24.1838 23.1653 21.0932 20.583 17.6113 13.4779 11.3056 6.07312 5.85832
threshold=0.46253944933414465 0.3037953525781632 -0.33426842093467707 -0.14783295243978498 -1.7036740779876707 0.32812500000000006 0.13020833581686023 0.16670589148998263 1.2264511585235598 0.2378293573856354 -0.64307439327239979 -3.0941975116729732 -0.067336164414882646 0.0220173504203558 0.3194264173507691
decision_type=8 10 10 8 2 10 8 10 10 10 8 10 10 10 8
left_child=1 3 6 9 -5 8 14 -7 -4 -1 -8 13 -13 -3 -2
right_child=2 11 5 4 -6 7 10 -9 -10 -11 -12 12 -14 -15 -16
leaf_value=-0.00069778472368635673 0.00063991060495367281 0.0013117318299545652 0.0012120572760232957 -0.0018292303496237135 -0.0008651882687817497 -9.8796188866738933e-05 -0.0015696139324561198 0.0010166552152324447 0.0025214025847497502 0.00090318362371557995 -5.1250556011364221e-05 0.0021523056617234601 0.00063975083508936736 -0.0003944131364706323 0.0022873119923793243
leaf_weight=33633 3533 1688 24191 41146 42519 15530 6951 59227 12477 6231 17964 5965 7346 6140 2429
leaf_count=33633 3533 1688 24191 41146 42519 15530 6951 59227 12477 6231 17964 5965 7346 6140 2429
internal_value=1.21852e-05 -0.000776892 0.000814367 -0.00105252 -0.00134069 0.00107486 -0.000126035 0.000785084 0.00166243 -0.000446142 -0.000478786 0.000831511 0.001327 -1.62828e-05 0.00133399
internal_weight=286970 144668 142302 123529 83665 111425 30877 74757 36668 39864 24915 21139 13311 7828 5962
internal_count=286970 144668 142302 123529 83665 111425 30877 74757 36668 39864 24915 21139 13311 7828 5962
is_linear=0
shrinkage=0.0257227


Tree=57
num_leaves=15
num_cat=0
split_feature=71 71 71 11 35 75 144 144 4 4 134 74 159 134
split_gain=281.038 85.2936 54.5246 42.386 29.7095 29.0664 25.9882 15.1925 13.828 12.4411 8.26705 7.92105 8.14809 6.58615
threshold=2.2660214900970463 -2.2671617269515987 -1.0000000180025095e-35 -0.66936764121055592 0.28645832836627966 -0.17430939525365827 0.55159243941307079 0.64679861068725597 -0.24366267025470731 -1.5168981552124021 -3.5332052707672115 0.23217796534299853 -0.26494155824184412 -3.6568611860275264
decision_type=2 2 2 10 10 10 8 10 8 8 10 8 8 10
left_child=1 5 6 -4 11 7 -3 -1 13 -7 -10 12 -2 -6
right_child=4 2 3 -5 8 9 -8 -9 10 -11 -12 -13 -14 -15
leaf_value=-0.00086987218413436991 0.0009047026855834706 0.00023643966544264477 -0.0016174274754657604 -0.00020734052258517243 -0.00061344828067906457 -0.0027333706060951577 0.0023033225220240173 0.0011490315545485915 0.00066464559181524151 -0.0015384608233861615 0.0012689423227634769 0.00047622777821820138 0.0023504282714066562 0.00053699412248300654
leaf_weight=25530 3245 53636 21755 39907 4888 7167 4269 2655 25238 33046 38108 2241 16078 9668
leaf_count=25530 3245 53636 21755 39907 4888 7167 4269 2655 25238 33046 38108 2241 16078 9668
internal_value=-4.23818e-06 -0.000589283 -0.000174552 -0.000706389 0.0011009 -0.00131315 0.000391999 -0.000676786 0.000865309 -0.00175679 0.0010294 0.0019452 0.00211271 0.000149338
internal_weight=287431 187965 119567 61662 99466 68398 57905 28185 77902 40213 63346 21564 19323 14556
internal_count=287431 187965 119567 61662 99466 68398 57905 28185 77902 40213 63346 21564 19323 14556
is_linear=0
shrinkage=0.0257227


Tree=58
num_leaves=16
num_cat=0
split_feature=78 10 12 67 18 95 26 168 67 12 12 25 27 18 30
split_gain=298.594 64.495 54.7923 21.7561 33.1314 21.6626 18.0389 17.6502 13.157 11.4212 10.115 9.51934 8.88554 7.12619 6.06601
threshold=-1.0000000180025095e-35 0.41281257569789892 0.22282437980175021 -1.4286631345748899 -0.27322708070278162 -0.10291295498609541 0.3480819463729859 1.1720125675201418 -1.8288608789443968 0.54916894435882579 1.2264511585235598 -0.36433622241020197 0.30208332836627966 -0.42981615662574763 -2.0827426910400386
decision_type=2 10 10 8 10 8 8 10 10 8 8 8 10 10 10
left_child=2 3 5 6 -5 14 -2 9 10 -4 -3 -10 -7 -9 -1
right_child=1 8 7 4 -6 12 -8 13 11 -11 -12 -13 -14 -15 -16
leaf_value=0.00055848162824383282 -0.00046518509246676624 0.0012477919587277817 -0.00046416979459165257 -0.0006126547987939944 0.00055700842685145783 -0.0023813938322816762 0.0010734258271602227 -0.0029382415120533987 -9.782277220805832e-05 0.00041138671013123926 0.0023105429858051051 0.001159556701670744 -0.0015604478035440841 -0.00077663035224392657 -0.00097778516342061569
leaf_weight=1773 6097 12319 34004 30865 33137 13081 27924 2171 4424 13792 12174 38832 29818 1975 24520
leaf_count=1773 6097 12319 34004 30865 33137 13081 27924 2171 4424 13792 12174 38832 29818 1975 24520
internal_value=-1.44958e-05 0.000694721 -0.000984864 0.000272488 -7.1273e-06 -0.00145847 0.000797211 -0.000352611 0.00130451 -0.000211235 0.00178224 0.00103102 -0.00181503 -0.00194512 -0.000872713
internal_weight=286906 165772 121134 98023 64002 69192 34021 51942 67749 47796 24493 43256 42899 4146 26293
internal_count=286906 165772 121134 98023 64002 69192 34021 51942 67749 47796 24493 43256 42899 4146 26293
is_linear=0
shrinkage=0.0257227


Tree=59
num_leaves=15
num_cat=0
split_feature=78 4 175 42 34 42 146 42 34 86 146 4 146 112
split_gain=279.868 69.8742 40.1871 35.7561 30.1208 19.5222 16.0424 12.8289 12.6079 11.1393 9.79794 9.5279 8.02097 6.0831
threshold=-1.0000000180025095e-35 -0.33007924258708948 0.013697634451091291 0.39843750000000006 0.17187500000000003 0.39843750000000006 -5.3694639205932608 0.23177083581686023 0.078125000000000014 4.1026091575622567 -5.5932815074920645 -1.3711620569229124 -5.5426306724548331 -0.15306439995765683
decision_type=2 10 2 10 10 8 10 10 10 2 10 10 8 10
left_child=2 5 4 6 11 13 -3 -6 -4 -5 -7 -1 -10 -2
right_child=1 3 8 9 7 10 -8 -9 12 -11 -12 -13 -14 -15
leaf_value=-0.0032994450221667622 0.00022346978334986703 0.0010271839255858015 -0.0021421276456115622 0.0011704594451703704 -0.00052816158500122213 -0.0010519537139905958 0.0020723991572666237 -0.0012466166718098019 -0.00057332757114849991 0.00049300304677860984 -0.00013653195488488366 -0.0018312581007842558 0.0002822211273366314 0.0012482798314419326
leaf_weight=4127 10030 16664 1915 23364 25739 12037 24299 46446 11436 51816 21465 11946 19474 6165
leaf_count=4127 10030 16664 1915 23364 25739 12037 24299 46446 11436 51816 21465 11946 19474 6165
internal_value=7.63685e-06 0.000693942 -0.00093218 0.00103911 -0.00121774 -0.000113126 0.00165023 -0.000991368 -0.00016321 0.000704632 -0.000467281 -0.00222374 -3.50227e-05 0.000618106
internal_weight=286923 165840 121083 116143 88258 49697 40963 72185 32825 75180 33502 16073 30910 16195
internal_count=286923 165840 121083 116143 88258 49697 40963 72185 32825 75180 33502 16073 30910 16195
is_linear=0
shrinkage=0.0257227


Tree=60
num_leaves=16
num_cat=0
split_feature=78 11 10 35 39 35 70 26 41 116 26 182 151 25 62
split_gain=268.607 59.9117 41.4516 28.3735 19.9504 19.3006 20.6053 19.9424 18.6072 17.2488 13.6867 12.9954 11.2038 7.76047 6.38196
threshold=-1.0000000180025095e-35 -0.24979563057422635 -0.38971143960952753 0.40104167163372045 -0.71607220172882069 0.29687500000000006 2.5455261468887334 0.51929417252540599 0.27864582836627966 0.023090081289410595 0.33216524124145513 110.50000000000001 0.42628590762615209 -0.65537205338478077 0.48744897544384008
decision_type=2 10 10 8 10 10 2 10 10 10 8 2 10 10 10
left_child=2 3 4 10 14 7 -7 -3 11 -10 -2 -4 -5 -6 -1
right_child=1 5 8 12 13 6 -8 -9 9 -11 -12 -13 -14 -15 -16
leaf_value=-0.0011226496907034795 -0.00046600126875041571 0.00010646561294861738 -0.0021468037156175067 -0.00052299581176774076 -0.0023988492389335758 -2.7798933175954794e-05 0.001048547379378872 0.0019808686985362195 -0.00059282753948296371 0.00045707021197740504 0.0011206511667822326 -0.00073481319633392542 0.00073733844779955908 -0.0013949731071573252 0.00029181905766307746
leaf_weight=28014 4488 4552 5526 35313 14334 14475 62743 21657 25660 17239 17241 19468 5299 8659 2248
leaf_count=28014 4488 4552 5526 35313 14334 14475 62743 21657 25660 17239 17241 19468 5299 8659 2248
internal_value=1.27495e-06 0.000673969 -0.000919004 4.39368e-05 -0.00145582 0.00105337 0.000846972 0.00165673 -0.000496622 -0.000170855 0.000792394 -0.00105327 -0.000357342 -0.00202738 -0.00101705
internal_weight=286916 165768 121148 62341 53255 103427 77218 26209 67893 42899 21729 24994 40612 22993 30262
internal_count=286916 165768 121148 62341 53255 103427 77218 26209 67893 42899 21729 24994 40612 22993 30262
is_linear=0
shrinkage=0.0257227


Tree=61
num_leaves=16
num_cat=0
split_feature=170 42 53 171 146 139 34 31 94 34 41 53 146 148 111
split_gain=212.324 54.591 50.4014 49.6354 28.6021 26.4629 22.2081 20.9711 16.6321 14.6617 13.9066 13.0093 10.4848 9.2664 5.13194
threshold=0.43629850447177893 0.27343750000000006 -0.35957147181034083 0.093054745346307768 -5.5531334877014151 -1.6576312780380247 0.40104167163372045 0.40045987069606787 -2.6923011541366573 0.35937500000000006 0.60677084326744091 0.67818206548690807 -5.5426306724548331 0.1474486514925957 0.10495523363351823
decision_type=2 10 10 2 10 10 10 8 10 10 10 10 8 8 10
left_child=2 4 6 11 8 -6 12 10 -2 -5 -4 -3 -1 -8 -9
right_child=1 3 7 9 5 -7 13 14 -10 -11 -12 -13 -14 -15 -16
leaf_value=-0.0022642496219821037 -0.00051799286051493383 4.6211861892669311e-05 -0.00077734692282713962 -0.00066571537677134643 0.0020664750040984398 -4.0143006175704837e-05 -0.00099100216534398519 0.00056496514872968423 0.0011959444062446529 0.00028624174269805671 0.00030543568974198879 0.00090542770269683615 -0.0013155832552827881 -6.8934910150970542e-05 0.0020981838445573338
leaf_weight=12973 6928 14678 17820 31408 27579 4598 40887 2902 7977 16157 13908 56793 20429 8768 2971
leaf_count=12973 6928 14678 17820 31408 27579 4598 40887 2902 7977 16157 13908 56793 20429 8768 2971
internal_value=-1.60148e-06 0.000594784 -0.000822525 0.000301081 0.00133545 0.00176614 -0.00117595 -4.09494e-05 0.000400882 -0.000342419 -0.000303164 0.000729237 -0.00168889 -0.000828584 0.00135961
internal_weight=286776 166118 120658 119036 47082 32177 83057 37601 14905 47565 31728 71471 33402 49655 5873
internal_count=286776 166118 120658 119036 47082 32177 83057 37601 14905 47565 31728 71471 33402 49655 5873
is_linear=0
shrinkage=0.0257227


Tree=62
num_leaves=16
num_cat=0
split_feature=51 51 146 146 49 174 49 120 146 25 164 75 111 31 110
split_gain=234.821 44.5865 25.1143 21.5516 19.2869 20.0522 18.6827 15.4821 14.5318 12.5974 12.8206 11.7855 10.896 8.01908 5.14245
threshold=-0.19452719390392301 0.59513539075851452 -5.5478379726409903 -5.5478379726409903 0.029947916977107528 -1.7036740779876707 0.095052082091569914 23.196535110473636 -5.3420732021331778 -0.33539040386676783 -0.2161714434623718 0.29005937278270727 0.86182788014411937 -0.46075412631034846 0.43939645588397985
decision_type=10 10 10 10 8 2 8 10 10 10 8 10 8 10 10
left_child=2 3 9 7 13 -6 -5 -2 12 10 -1 -10 -3 -4 -11
right_child=1 8 4 6 5 -7 -8 -9 11 14 -12 -13 -14 -15 -16
leaf_value=-0.0011612542097410026 -0.00049569742341677811 0.00026999555527719524 -0.00014358287259003144 0.001603738051989679 -0.001207980196803635 -0.00026605123994715113 0.00030755494603957088 0.0013069298874264044 0.0014832047554720206 -0.00089089504168562473 -0.0021515256334157652 -0.00053345630334241789 0.0011046977250040121 0.0014712469746955598 0.0009830046141544996
leaf_weight=19495 31218 21040 5054 8438 35323 25991 54342 3423 36593 2056 16155 1982 20417 3305 1684
leaf_count=19495 31218 21040 5054 8438 35323 25991 54342 3423 36593 2056 16155 1982 20417 3305 1684
internal_value=-7.60325e-06 0.000569622 -0.000946498 0.000199759 -0.000651677 -0.000809625 0.000483719 -0.000314787 0.00101915 -0.00146543 -0.00161409 0.00137863 0.000682506 0.000503346 -4.4019e-05
internal_weight=286516 177453 109063 97421 69673 61314 62780 34641 80032 39390 35650 38575 41457 8359 3740
internal_count=286516 177453 109063 97421 69673 61314 62780 34641 80032 39390 35650 38575 41457 8359 3740
is_linear=0
shrinkage=0.0257227


Tree=63
num_leaves=15
num_cat=0
split_feature=19 11 34 42 146 94 149 32 42 122 75 34 111 120
split_gain=214.595 63.383 49.5206 35.9413 25.7479 23.6428 17.7135 16.9388 17.9307 14.8774 10.6609 9.74479 17.7637 6.7045
threshold=0.36597117781639105 -0.42943295836448664 0.16145833581686023 0.38802082836627966 -5.5426306724548331 -1.638771057128906 -0.39956891536712641 -0.17243237793445584 0.32552082836627966 0.33687107264995581 0.022170577198266987 0.34895832836627966 0.80339968204498302 16.134666442871097
decision_type=8 10 8 10 8 10 8 10 10 10 10 10 8 10
left_child=4 2 10 5 11 -3 -4 8 -6 -5 -2 12 -1 -13
right_child=1 3 6 9 7 -7 -8 -9 -10 -11 -12 13 -14 -15
leaf_value=-0.0027719094574438709 -3.6998509965404405e-05 0.00073173163049469162 0.0019175566986075624 0.00063278431551407434 -9.0087831529445797e-05 0.0018921305169991554 7.8502314784036472e-05 0.0014280960060138617 -0.0010024466401286733 -0.0003542129974992655 -0.0017491814175239887 -0.001278262236339081 -0.0010400814206539713 -2.2054652054347609e-05
leaf_weight=8164 2941 20961 3967 78489 21543 26458 23968 2511 42137 11540 13239 19891 7776 3275
leaf_count=8164 2941 20961 3967 78489 21543 26458 23968 2511 42137 11540 13239 19891 7776 3275
internal_value=8.63573e-07 0.000536573 -0.000311301 0.00080873 -0.000922543 0.00138144 0.000344731 -0.000612072 -0.000694331 0.000506053 -0.0014398 -0.00144556 -0.00193716 -0.00110141
internal_weight=286860 181563 44115 137448 105297 47419 27935 66191 63680 90029 16180 39106 15940 23166
internal_count=286860 181563 44115 137448 105297 47419 27935 66191 63680 90029 16180 39106 15940 23166
is_linear=0
shrinkage=0.0257227


Tree=64
num_leaves=16
num_cat=0
split_feature=10 10 42 42 39 88 96 79 79 39 134 115 193 56 139
split_gain=202.162 58.4606 25.4216 24.215 22.2017 19.782 15.3649 14.3917 14.178 16.2836 9.13016 7.95127 7.44553 2.74523 0.940367
threshold=0.26683521270751959 -0.38971143960952753 0.24218750000000003 0.37760417163372045 -0.087494168430566774 -0.19620005786418912 0.16313600540161136 -0.099408365786075578 1.0686976313591006 -0.71607220172882069 -3.1092894077301021 0.56981405615806591 52.507511138916023 -0.017499381676316258 -2.8776473999023433
decision_type=10 10 8 10 10 2 10 2 2 8 10 8 8 10 10
left_child=1 8 6 5 -4 10 -3 13 9 -1 -2 -9 -7 -5 -10
right_child=3 2 4 7 -6 12 -8 11 14 -11 -12 -13 -14 -15 -16
leaf_value=-0.00083394950807695373 -0.0001758182278682749 9.3912932372324222e-05 -0.00054356926488932341 -0.0011571775859564061 0.00082809172231399452 0.0020236100699956724 0.0013651929303867124 0.00048032895340672539 4.9578081072506935e-05 -0.0016811558400120588 0.0012860974815291713 0.0010681231581115922 0.00092497377293110014 0.00012045326819371582 0.00091253253632529621
leaf_weight=32422 6002 21923 76388 3235 8619 20902 8744 39774 1639 28434 5227 24881 5341 1651 1641
leaf_count=32422 6002 21923 76388 3235 8619 20902 8744 39774 1639 28434 5227 24881 5341 1651 1641
internal_value=6.26944e-06 -0.00052049 -0.000174839 0.000891073 -0.0004038 0.00141789 0.000459185 0.0006058 -0.00114283 -0.0012316 0.000509279 0.000707643 0.00180375 -0.000730828 0.000493564
internal_weight=286823 179810 115674 107013 85007 37472 30667 69541 64136 60856 11229 64655 26243 4886 3280
internal_count=286823 179810 115674 107013 85007 37472 30667 69541 64136 60856 11229 64655 26243 4886 3280
is_linear=0
shrinkage=0.0257227


Tree=65
num_leaves=15
num_cat=0
split_feature=71 5 42 42 122 174 42 86 153 146 158 159 120 83
split_gain=196.332 86.531 28.0411 25.3326 21.295 20.9258 20.4533 15.2403 11.7633 11.003 9.11207 8.65034 7.18627 6.57094
threshold=1.9622552990913393 0.60791832208633434 0.22656250000000003 0.10156250000000001 0.36399185657501226 -1.7871581912040708 0.039062500000000007 4.1026091575622567 0.32069566845893865 -5.3130872249603263 0.41136319935321813 0.33969074487686163 8.6772141456604022 2.9174053668975835
decision_type=2 10 8 8 10 2 10 2 8 10 10 8 10 2
left_child=1 2 9 10 7 -4 8 -5 -3 -1 13 -6 -8 -2
right_child=3 6 5 4 11 -7 12 -9 -10 -11 -12 -13 -14 -15
leaf_value=-0.00067767459365998637 0.0029249429369239085 0.0010288007892180282 -0.0014958862821219895 0.0012335039419078002 -0.0010702914769395808 -0.00074766423461735982 -2.8625298937208786e-05 0.0005627046080152933 0.0032252133374454663 0.00020376507621541051 0.00037140613870712886 0.00044284229094811953 0.00086221368772268199 0.0010105580993626838
leaf_weight=18547 5663 4615 42442 36630 5716 60005 17090 58285 2510 18789 1644 4327 9136 1648
leaf_count=18547 5663 4615 42442 36630 5716 60005 17090 58285 2510 18789 1644 4327 9136 1648
internal_value=-1.24323e-05 -0.000558008 -0.000838824 0.000816572 0.000703317 -0.00105863 0.000618102 0.000822462 0.0018317 -0.000234647 0.00212474 -0.000420131 0.000283502 0.00251013
internal_weight=287047 173134 139783 113913 104958 102447 33351 94915 7125 37336 8955 10043 26226 7311
internal_count=287047 173134 139783 113913 104958 102447 33351 94915 7125 37336 8955 10043 26226 7311
is_linear=0
shrinkage=0.0257227


Tree=66
num_leaves=16
num_cat=0
split_feature=78 5 6 18 35 95 35 146 96 5 111 146 123 118 111
split_gain=209.76 39.8641 39.0986 26.7755 24.6779 21.6503 15.7182 13.1333 10.4093 10.3698 9.88909 9.67513 8.12274 8.01112 7.82468
threshold=-1.0000000180025095e-35 0.337434932589531 1.0000000180025095e-35 -0.26080438494682306 0.39062500000000006 -0.10291295498609541 0.26562500000000006 -5.5531334877014151 0.16313600540161136 1.1642622351646426 -0.16637820750474927 -3.6612174510955806 0.20386628061532977 0.78313827514648449 -0.36775495111942286
decision_type=2 10 8 10 8 8 10 10 10 8 8 10 10 8 8
left_child=1 5 6 4 -4 8 9 13 -1 -2 -7 -9 -8 -3 -5
right_child=2 7 3 14 -6 10 12 11 -10 -11 -12 -13 -14 -15 -16
leaf_value=-0.00083664583701271078 0.0011290920987513961 -0.0013510362676797099 0.00062564641887476082 -6.5348842847671334e-05 -0.00055579771321553786 -0.0021380826392602523 0.0011058626237419357 0.00038891800707524304 0.00030364493901505847 0.0024573207614444082 -0.0012604610167722553 -0.0014751757484526529 0.00033848287273322312 -0.00012098540315881102 0.00081028991154524733
leaf_weight=24995 7836 7084 18322 7820 32015 11104 29959 22476 6667 8196 39643 1922 13252 6887 48807
leaf_count=24995 7836 7084 18322 7820 32015 11104 29959 22476 6667 8196 39643 1922 13252 6887 48807
internal_value=7.52236e-06 -0.000807948 0.000600213 0.000306174 -0.000125435 -0.00112655 0.00112989 -0.00012267 -0.000596366 0.00181758 -0.00145578 0.00023742 0.000871658 -0.000749119 0.000689451
internal_weight=286985 120778 166207 106964 50337 82409 59243 38369 31662 16032 50747 24398 43211 13971 56627
internal_count=286985 120778 166207 106964 50337 82409 59243 38369 31662 16032 50747 24398 43211 13971 56627
is_linear=0
shrinkage=0.0257227


Tree=67
num_leaves=15
num_cat=0
split_feature=78 51 5 41 5 41 120 75 164 86 5 75 110 1
split_gain=197.353 35.9472 33.3767 17.4821 14.8664 14.1677 16.5734 11.9936 10.9686 10.8101 9.50319 9.39408 4.36794 3.98593
threshold=-1.0000000180025095e-35 0.32548324763774877 0.15833642333745959 0.080729167908430113 1.1642622351646426 0.48177082836627966 19.448996543884281 0.12235717102885248 1.3732898831367495 4.1026091575622567 0.7250368893146516 -0.3085538893938064 1.0463523864746096 0.17975170165300372
decision_type=2 10 10 10 10 8 10 10 10 2 8 10 8 10
left_child=2 4 3 13 8 9 -7 10 -2 -3 -4 -5 -9 -1
right_child=1 5 7 11 -6 6 -8 12 -10 -11 -12 -13 -14 -15
leaf_value=-0.0026862438417694051 -9.4913301134939959e-05 0.0011052692232109962 -0.00040884454994065574 -5.6211006918456342e-05 0.0023943577936741023 0.0010396937648682787 0.0026439135635700178 -0.0022804685958862851 0.00094501780675576032 0.00034836825482088764 0.00048681722903599846 -0.0011673623397266567 -0.0006860854086775006 -0.0011899273056214441
leaf_weight=5929 55855 18681 45157 5626 1724 39128 4757 2625 7540 37697 9405 48516 2135 1722
leaf_count=5929 55855 18681 45157 5626 1724 39128 4757 2625 7540 37697 9405 48516 2135 1722
internal_value=-1.13009e-05 0.000566326 -0.00079989 -0.00121795 9.5546e-05 0.000871746 0.0012184 -0.000363291 2.98819e-05 0.000600467 -0.000253935 -0.00105217 -0.00159013 -0.00236639
internal_weight=286497 165382 121115 61793 65119 100263 43885 59322 63395 56378 54562 54142 4760 7651
internal_count=286497 165382 121115 61793 65119 100263 43885 59322 63395 56378 54562 54142 4760 7651
is_linear=0
shrinkage=0.0257227


Tree=68
num_leaves=14
num_cat=0
split_feature=51 79 34 79 4 104 104 168 12 139 104 1 120
split_gain=172.832 39.4552 26.7546 25.0685 25.0024 18.8512 14.9453 13.7474 12.47 11.6608 8.8624 8.09691 6.03558
threshold=-0.14604570716619489 -0.010922578163444994 0.34895832836627966 2.409995555877686 -0.19306009262800214 -0.35273613035678858 -0.66792285442352284 1.6376640200614931 0.098602630198001875 -3.0649996995925899 -0.2727979570627212 -0.20071402937173841 -7.8221185207366934
decision_type=10 2 10 2 8 8 10 8 10 10 10 10 10
left_child=2 10 3 9 7 -6 -4 -3 -8 -1 12 -12 -2
right_child=1 4 6 -5 5 -7 8 -9 -10 -11 11 -13 -14
leaf_value=-0.0017957102741798601 -0.00071756518766354831 0.00038088231545753404 0.001604562849746151 0.0010285477010086607 0.0021324681879760711 0.00080692851298939526 -0.00084512087139167679 -0.00082906157561290583 -0.0001347819363005931 -0.00095434479185519457 -0.0020384719901761056 -0.00042330289644907965 0.00080688536727861987
leaf_weight=22989 2305 31268 2200 2962 7633 94959 34917 7665 30760 21428 2218 19852 6094
leaf_count=22989 2305 31268 2200 2962 7633 94959 34917 7665 30760 21428 2218 19852 6094
internal_value=-3.41594e-07 0.000516072 -0.000770785 -0.0012395 0.000696773 0.000907249 -0.000442469 0.000141374 -0.000513041 -0.00139243 -0.000322861 -0.000592884 0.000385496
internal_weight=287250 171994 115256 47379 141525 102592 67877 38933 65677 44417 30469 22070 8399
internal_count=287250 171994 115256 47379 141525 102592 67877 38933 65677 44417 30469 22070 8399
is_linear=0
shrinkage=0.0257227


Tree=69
num_leaves=16
num_cat=0
split_feature=78 170 12 67 32 143 143 44 32 95 129 79 48 79 96
split_gain=170.196 37.9368 32.7718 28.2284 18.4053 15.3586 18.3207 14.5969 12.9963 12.7882 11.571 8.83034 6.2355 5.71772 4.2323
threshold=-1.0000000180025095e-35 0.99223423004150402 0.174773745238781 -2.9186245203018184 -0.12568615376949308 -5.5607490539550772 -3.9019570350646968 1.5195101499557497 -0.066240802407264696 -0.075078748166561113 -4.272735357284545 0.36804895102977758 0.069010417908430113 2.999412059783936 0.15908007323741916
decision_type=2 2 10 8 10 10 10 8 8 8 10 2 10 2 10
left_child=2 4 9 10 7 11 -7 -2 -5 14 -3 -4 -11 -6 -1
right_child=1 3 5 8 13 6 -8 -9 -10 12 -12 -13 -14 -15 -16
leaf_value=-0.00088614027250493669 -5.0480084269359006e-05 0.00039787005293822047 -0.0011590021756363717 0.00019075071905462501 0.00065085156646566922 0.00022186664821810566 -0.0014095183425447181 -0.0013916348461369503 0.00086824543867054067 -0.0020603253382481266 0.0016511969087696029 9.5278375904294147e-05 -0.001265263957343685 0.0021503473867130795 -8.5986789377998107e-05
leaf_weight=19705 40750 5998 15995 37491 8295 33044 5195 6100 37485 8969 27516 4813 27503 2075 5640
leaf_count=19705 40750 5998 15995 37491 8295 33044 5195 6100 37485 8969 27516 4813 27503 2075 5640
internal_value=-9.20978e-06 0.000526045 -0.000742921 0.000808512 -9.92477e-06 -0.00030886 -2.42391e-06 -0.000227325 0.000530076 -0.00115653 0.00142848 -0.00086968 -0.00146515 0.000966065 -0.000708973
internal_weight=286574 165710 120864 108490 57220 59047 38239 46850 74976 61817 33514 20808 36472 10370 25345
internal_count=286574 165710 120864 108490 57220 59047 38239 46850 74976 61817 33514 20808 36472 10370 25345
is_linear=0
shrinkage=0.0257227


Tree=70
num_leaves=15
num_cat=0
split_feature=71 170 39 185 42 122 139 146 4 146 4 155 129 164
split_gain=158.699 54.1278 31.7405 20.7016 18.9703 18.8737 16.1463 15.2342 15.1929 12.7949 10.9341 10.0242 5.12885 3.33967
threshold=2.0392329692840581 0.43629850447177893 -0.61059007048606861 0.056366482749581344 0.10677083209156991 0.24387408792972567 -3.1373600959777828 -5.56801414489746 -0.90307545661926258 -5.5531334877014151 -0.13714411109685895 -0.49029713869094843 -3.942541122436523 -0.40984705090522761
decision_type=2 2 10 8 8 10 10 8 10 10 8 8 10 8
left_child=1 3 9 7 11 6 -6 -1 -4 -3 -7 -2 -13 -5
right_child=4 2 8 13 5 10 -8 -9 -10 -11 -12 12 -14 -15
leaf_value=-0.001156790480858599 0.00039094736229480196 -5.3986349006324615e-05 -0.0018393332758617164 -0.0011587497526666238 0.00049706412492437442 -0.00036859598544233352 0.0013103326156604757 -0.00047343618556852055 -0.00023743693251532938 0.0010281025061562006 0.00054728786555853059 0.0010551430059787851 0.002738449771949376 -0.0021546907256419384
leaf_weight=33091 2344 10801 4376 3574 30903 14035 34139 62462 32451 21733 22097 1731 5356 8051
leaf_count=33091 2344 10801 4376 3574 30903 14035 34139 62462 32451 21733 22097 1731 5356 8051
internal_value=3.83583e-06 -0.000474744 8.51319e-05 -0.00083685 0.000767484 0.000663488 0.000925092 -0.000710914 -0.000431613 0.000669661 0.000191494 0.0018671 0.00234483 -0.00185922
internal_weight=287144 176539 69361 107178 110605 101174 65042 95553 36827 32534 36132 9431 7087 11625
internal_count=287144 176539 69361 107178 110605 101174 65042 95553 36827 32534 36132 9431 7087 11625
is_linear=0
shrinkage=0.0257227


Tree=71
num_leaves=14
num_cat=0
split_feature=51 79 84 25 186 130 164 11 130 24 143 62 118
split_gain=158.081 34.0258 24.6038 25.4852 19.8348 16.4719 11.7364 18.2784 11.3435 10.5251 8.8683 7.71714 7.22345
threshold=-0.18566278368234632 -0.010922578163444994 1.0000000180025095e-35 -0.15970093011856076 0.1709224805235863 0.16521075367927554 -0.40984705090522761 -0.84147626161575306 0.73166814446449291 -0.43962147831916804 -3.9691867828369136 0.35785089433193212 0.879461169242859
decision_type=10 2 2 8 8 10 8 10 10 8 10 10 10
left_child=4 10 5 -4 8 -3 12 -8 9 -1 11 -2 -6
right_child=1 2 3 -5 6 -7 7 -9 -10 -11 -12 -13 -14
leaf_value=-0.0010790155186197422 0.0001092990986133325 0.00075578944994468815 -0.00010381377254703882 0.00075113913949277676 -0.00091828225112188509 0.0017531015710903633 -0.0017638143924447131 -0.00049409140449633519 0.0014728517026372874 -0.00025089932162341097 -0.0016056473390024368 -0.00083832857942930234 0.00011180692532343787
leaf_weight=13860 22338 29048 37745 59172 15057 17765 24705 10879 1975 37657 2885 7535 6387
leaf_count=13860 22338 29048 37745 59172 15057 17765 24705 10879 1975 37657 2885 7535 6387
internal_value=4.81126e-06 0.000482455 0.000652895 0.000418374 -0.000757714 0.00113677 -0.00109125 -0.00137775 -0.000400953 -0.000475116 -0.000265126 -0.00013144 -0.000612251
internal_weight=287008 176488 143730 96917 110520 46813 57028 35584 53492 51517 32758 29873 21444
internal_count=287008 176488 143730 96917 110520 46813 57028 35584 53492 51517 32758 29873 21444
is_linear=0
shrinkage=0.0257227


Tree=72
num_leaves=16
num_cat=0
split_feature=78 42 34 71 5 193 0 79 143 143 165 15 60 72 72
split_gain=152.859 39.6687 36.6161 27.6737 23.5113 22.7371 15.4479 14.8611 9.91719 9.4116 8.80001 8.53724 7.38665 4.64542 3.08415
threshold=-1.0000000180025095e-35 0.39322917163372045 0.17187500000000003 2.3643701076507573 0.337434932589531 51.709104537963874 -0.31393721699714655 0.15834122151136401 -5.4661052227020255 -5.443434238433837 -1.151411712169647 -0.42332316935062403 0.91866809129714977 0.24415520578622821 0.25122091174125677
decision_type=2 8 10 2 10 10 10 2 10 10 10 10 10 10 10
left_child=2 5 7 11 8 6 -2 13 -4 -6 -7 -3 -5 -1 -9
right_child=1 3 4 12 9 10 -8 14 -10 -11 -12 -13 -14 -15 -16
leaf_value=-0.0015093296107839085 0.002775521143511673 -0.0018541589386148944 -0.0011334798749128303 0.00064453744078889891 -0.00041316736247946792 -0.0012370001676126618 0.0011850682728820762 -3.7378640135316235e-05 -0.00049313211557094471 0.00047636911894367141 0.00045917543542738927 -0.00016192402496619283 -0.00087062408960310821 -0.0024346035145403626 -0.0011739889730373687
leaf_weight=7013 4516 1975 26998 58125 13705 2335 37799 3450 39742 18250 12295 46925 2138 9107 2837
leaf_count=7013 4516 1975 26998 58125 13705 2335 37799 3450 39742 18250 12295 46925 2138 9107 2837
internal_value=1.90639e-06 0.000508494 -0.000692816 0.000221054 -0.000478864 0.00105835 0.00136008 -0.00162979 -0.000753291 9.47761e-05 0.000182831 -0.000233396 0.000589622 -0.00204218 -0.000559165
internal_weight=287210 166108 121102 109163 98695 56945 42315 22407 66740 31955 14630 48900 60263 16120 6287
internal_count=287210 166108 121102 109163 98695 56945 42315 22407 66740 31955 14630 48900 60263 16120 6287
is_linear=0
shrinkage=0.0257227


Tree=73
num_leaves=15
num_cat=0
split_feature=71 12 42 146 42 71 4 4 115 12 88 99 123 186
split_gain=140.837 48.2917 26.1727 24.9373 16.3768 15.8334 15.4275 12.9977 12.1676 8.9161 8.09887 7.49486 6.15384 3.12569
threshold=2.2660214900970463 0.49241055548191076 0.044270833954215057 -5.56801414489746 0.080729167908430113 1.5212752223014834 -0.585729420185089 -0.13107641041278836 -0.28581844270229334 0.74017891287803661 -0.2860139906406402 1.8782761096954348 0.24068873375654223 0.26021905243396765
decision_type=2 10 10 10 8 2 10 8 10 10 2 10 10 10
left_child=1 3 9 8 10 -5 -4 11 -1 -3 -2 -6 -9 -12
right_child=4 2 6 5 7 -7 -8 12 -10 -11 13 -13 -14 -15
leaf_value=-0.00061641721044773082 0.00071819458014283873 0.00060129774254110986 -0.00096649392320123444 -0.00056224707253109104 0.0003704440809011825 0.00041473762390948672 0.00023160110240635123 0.0010486439818234875 -0.0014684246238527699 0.0023478080913259852 0.0034720658694169216 -0.0012314998049765484 0.00043541339797474745 0.0017978318019956994
leaf_weight=17941 1949 3514 8758 74345 29181 12810 36215 48054 29815 4437 2113 1986 14199 1654
leaf_count=17941 1949 3514 8758 74345 29181 12810 36215 48054 29815 4437 2113 1986 14199 1654
internal_value=-5.78793e-06 -0.000419731 0.000238501 -0.000677935 0.000778204 -0.000418384 -3.10966e-06 0.000695054 -0.00115002 0.00159057 0.00210682 0.000265268 0.000909566 0.00279331
internal_weight=286971 187835 52924 134911 99136 87155 44973 93420 47756 7951 5716 31167 62253 3767
internal_count=286971 187835 52924 134911 99136 87155 44973 93420 47756 7951 5716 31167 62253 3767
is_linear=0
shrinkage=0.0257227


Tree=74
num_leaves=15
num_cat=0
split_feature=19 42 11 104 25 104 42 155 12 25 116 137 48 93
split_gain=133.569 40.3241 44.3421 20.1615 19.7919 21.5791 14.1874 13.6048 16.03 10.2139 8.88227 7.18644 4.54675 4.45324
threshold=0.39624805748462683 0.080729167908430113 -0.45531237125396723 0.14678154885768893 -0.33075509965419764 -0.36907343566417689 0.39843750000000006 -0.56247511506080616 1.2264511585235598 -0.62833127379417408 0.12639679759740832 4.6395599842071542 0.75390625000000011 2.502474427223206
decision_type=8 8 8 10 10 10 8 8 10 10 10 8 8 10
left_child=4 7 3 -3 5 10 -4 -2 -9 -7 -1 12 -6 -13
right_child=1 2 6 -5 11 9 -8 8 -10 -11 -12 13 -14 -15
leaf_value=-0.00042662188388390218 9.7835683965851527e-05 7.8343741798044318e-06 0.0009594272611329576 -0.0013411858644049647 -0.00081503530497689669 -0.0012156895764666082 0.00035993422841917714 0.0013430787262990408 0.0032014099539513104 -0.00057602582677657101 0.00069718211099185239 0.00046052605016592822 0.00065280300742229442 0.001999409951427888
leaf_weight=16390 3158 17179 36567 12699 4129 52038 91625 9534 4635 24554 6401 4443 2012 1686
leaf_count=16390 3158 17179 36567 12699 4129 52038 91625 9534 4635 24554 6401 4443 2012 1686
internal_value=1.04855e-05 0.000453118 0.000323504 -0.000567734 -0.000684665 -0.000804935 0.000531468 0.00162814 0.00196658 -0.0010115 -0.000109564 0.000288308 -0.000331755 0.000905591
internal_weight=287050 175397 158070 29878 111653 99383 128192 17327 14169 76592 22791 12270 6141 6129
internal_count=287050 175397 158070 29878 111653 99383 128192 17327 14169 76592 22791 12270 6141 6129
is_linear=0
shrinkage=0.0257227


Tree=75
num_leaves=16
num_cat=0
split_feature=78 42 5 10 34 94 121 139 146 25 25 39 62 79 123
split_gain=134.319 35.1092 29.7189 28.1733 24.4605 19.0824 15.8507 13.9766 13.2946 11.9662 7.25496 7.2432 7.4228 7.14085 6.00094
threshold=-1.0000000180025095e-35 0.39843750000000006 0.46046856045722967 0.36339390277862554 0.16145833581686023 -1.638771057128906 -4.1680164337158194 -3.0649996995925899 -5.3694639205932608 -0.55326265096664418 -0.63492658734321583 -0.61059007048606861 0.031638272106647498 0.043878942728042609 0.20386628061532977
decision_type=2 8 10 10 10 10 10 10 8 10 10 10 10 2 10
left_child=2 5 4 7 10 6 -2 -3 -7 -6 -1 12 -4 -13 -5
right_child=1 3 11 14 9 8 -8 -9 -10 -11 -12 13 -14 -15 -16
leaf_value=-0.0024839019749744629 0.0017776692591296519 -0.00058603253075873221 4.258107224929802e-05 0.00085013671077296645 -0.00083276884648663849 0.0008311476998986248 0.00017756431658369956 0.00021273684294153633 0.0019112711020486959 -1.772697877188939e-05 -0.0013395707810316456 -0.0010803864176832827 0.0012837788315302036 0.0001280210555276662 0.00026304226274977447
leaf_weight=6034 4968 29037 8330 32563 62757 14089 21750 28788 16713 14713 10439 5047 5085 8712 17960
leaf_count=6034 4968 29037 8330 32563 62757 14089 21750 28788 16713 14713 10439 5047 5085 8712 17960
internal_value=-3.44937e-06 0.000471985 -0.000654423 0.000199 -0.000870959 0.000985133 0.000479825 -0.000188641 0.00142089 -0.000678168 -0.00176942 9.45492e-05 0.000518225 -0.000319185 0.000642234
internal_weight=286985 165868 121117 108348 93943 57520 26718 57825 30802 77470 16473 27174 13415 13759 50523
internal_count=286985 165868 121117 108348 93943 57520 26718 57825 30802 77470 16473 27174 13415 13759 50523
is_linear=0
shrinkage=0.0257227


Tree=76
num_leaves=16
num_cat=0
split_feature=71 12 18 27 143 153 146 113 62 146 18 127 202 60 65
split_gain=123.373 41.7674 26.8128 23.0291 17.1293 13.2872 12.233 13.1706 13.6032 12.8984 12.1202 8.45253 7.52041 7.22403 5.55043
threshold=2.2853683233261113 0.38396856188774114 -0.46638037264347071 0.15625000000000003 -5.4220087528228751 0.2842507809400559 -5.2596395015716544 2.985888004302979 0.21889574825763705 -4.378523349761962 -0.33362919092178339 0.33909462392330175 1.3613366484642031 0.41584892570972448 4.1703767776489267
decision_type=2 10 10 10 10 8 10 8 8 10 10 10 10 10 10
left_child=1 2 4 10 -1 -5 7 11 -9 13 -3 -2 -11 -8 -4
right_child=6 3 14 5 -6 -7 9 8 -10 12 -12 -13 -14 -15 -16
leaf_value=-0.0012652911375634402 0.00032312060669822029 -0.0018917011007188163 -0.00014557814218787499 0.00010271110934036855 -0.00056369628488439237 0.0010284294618610401 0.0015120910620944957 0.001575883407997654 0.00046180041753981962 0.0010108732139682496 -0.00014339413886457978 -0.00076818243721065783 -0.00034599843511289599 0.00043971297204722768 0.00077208135432830333
leaf_weight=42522 16170 5041 20767 45855 50661 13139 25714 10468 23557 5048 5405 6518 5640 5059 5429
leaf_count=42522 16170 5041 20767 45855 50661 13139 25714 10468 23557 5048 5405 6518 5640 5059 5429
internal_value=-4.3525e-06 -0.000388879 -0.000680492 0.000112674 -0.000884722 0.000310078 0.000734905 0.000488204 0.000807654 0.00107065 -0.000995617 7.89045e-06 0.000297803 0.00133751 4.65005e-05
internal_weight=286993 188819 119379 69440 93183 58994 98174 56713 34025 41461 10446 22688 10688 30773 26196
internal_count=286993 188819 119379 69440 93183 58994 98174 56713 34025 41461 10446 22688 10688 30773 26196
is_linear=0
shrinkage=0.0257227


Tree=77
num_leaves=16
num_cat=0
split_feature=78 3 34 169 25 104 92 127 143 32 155 178 127 117 104
split_gain=124.481 36.1624 26.5501 16.9209 15.5397 22.6637 11.6549 10.5734 10.4526 9.95925 9.30715 8.19529 7.2055 5.37285 3.64359
threshold=-1.0000000180025095e-35 0.39182375371456152 0.17187500000000003 2.4695395231246953 -0.55326265096664418 -0.36907343566417689 1.9939790964126589 -0.1260193735361099 -5.3174774646759024 -0.49601966142654413 -0.20595477521419522 73.500000000000014 0.42854875326156622 -0.58071416616439808 -0.018794720992445942
decision_type=2 10 10 8 8 8 8 10 10 10 10 2 10 8 10
left_child=2 3 9 7 5 -4 -6 -2 13 14 -10 -5 -11 -3 -1
right_child=1 8 4 11 6 -7 -8 -9 10 12 -12 -13 -14 -15 -16
leaf_value=-0.0015466681620195817 -0.0011162514991731962 8.823508881915119e-06 3.4881417434523695e-05 0.00017154792104253022 0.00033338173187122172 -0.00092154901619885218 -0.0018609070503527007 0.00028965766107065359 0.0017728074006414505 -0.0016241427933043615 0.00087763448084680407 -0.0013421007445288252 -0.00054187940602905933 0.00073404827129695382 -0.0029323859957692835
leaf_weight=2612 3624 8662 23526 3463 19502 53935 1659 78078 11900 8555 22548 7271 7936 30717 3285
leaf_count=2612 3624 8662 23526 3463 19502 53935 1659 78078 11900 8555 22548 7271 7936 30717 3285
internal_value=-1.76699e-05 0.00043905 -0.000645052 9.98149e-05 -0.000462737 -0.00063135 0.000154538 0.000226192 0.000863185 -0.00144334 0.0011905 -0.000856278 -0.00110882 0.00057489 -0.00234956
internal_weight=287273 166263 121010 92436 98622 77461 21161 81702 73827 22388 34448 10734 16491 39379 5897
internal_count=287273 166263 121010 92436 98622 77461 21161 81702 73827 22388 34448 10734 16491 39379 5897
is_linear=0
shrinkage=0.0257227


Tree=78
num_leaves=16
num_cat=0
split_feature=79 11 34 34 146 99 170 111 146 146 11 117 146 146 9
split_gain=108.213 39.6292 22.5335 20.1746 20.0675 17.8355 17.4143 15.7593 12.4615 14.8726 10.984 10.4003 5.91059 5.17648 4.5654
threshold=-0.010922578163444994 -0.49262377619743342 0.15104166418313983 0.20312500000000003 -5.5633862018585196 0.66727605462074291 0.96505457162857067 0.86182788014411937 -4.0379173755645743 -5.3420732021331778 -0.90478229522705067 -1.148445665836334 -5.6807708740234366 -4.80985403060913 0.24123615026474002
decision_type=2 10 8 10 10 10 2 8 10 10 10 10 10 10 10
left_child=3 2 14 10 7 -6 -4 -3 9 -5 13 -10 -12 -1 -2
right_child=1 4 6 8 5 -7 -8 -9 11 -11 12 -13 -14 -15 -16
leaf_value=-0.0022152630320781798 -0.00081424994247437715 -0.00029488397252788447 -0.00024183985505793051 -0.00067068234883454906 0.0012949126369070413 0.00054992982666081749 0.0011774512517604527 0.00066233945918971941 -0.0017192690687665489 4.1907028139079205e-05 -0.0017946545163050902 0.00048164733971495634 -0.00028933892178285012 -0.00065932499736670027 -0.0018707309222966457
leaf_weight=8605 11713 23303 20555 44731 34424 56043 7829 22089 8021 34127 2309 1683 6339 1799 3575
leaf_count=8605 11713 23303 20555 44731 34424 56043 7829 22089 8021 34127 2309 1683 6339 1799 3575
internal_value=9.93977e-06 0.00039649 -0.00027716 -0.00063474 0.000613074 0.000834364 0.000152002 0.000171298 -0.000470511 -0.000362588 -0.00139262 -0.00133668 -0.000704925 -0.00195381 -0.00107035
internal_weight=287145 179531 43672 107614 135859 90467 28384 45392 88562 78858 19052 9704 8648 10404 15288
internal_count=287145 179531 43672 107614 135859 90467 28384 45392 88562 78858 19052 9704 8648 10404 15288
is_linear=0
shrinkage=0.0257227


Tree=79
num_leaves=16
num_cat=0
split_feature=79 18 84 104 12 122 18 143 134 28 143 127 156 84 92
split_gain=103.757 35.1537 32.7929 21.9493 17.9123 13.4353 12.3222 11.6547 10.8 10.5908 9.77232 12.1093 10.8483 8.36097 5.65846
threshold=-0.081271834671497331 -0.21071253716945645 -1.0000000180025095e-35 -0.31881801784038538 1.0430589914321902 0.24717240780591967 -0.81965047121047963 -5.8014292716979972 -3.4520583152770992 0.57291665673255932 -5.4378180503845206 0.72235035896301281 0.053027497604489333 1.0000000180025095e-35 1.6612068414688113
decision_type=2 10 2 10 10 10 10 10 10 10 10 10 10 2 8
left_child=3 2 4 10 -2 8 13 -4 -3 -7 12 -12 -1 -5 -8
right_child=1 5 7 6 -6 9 14 -9 -10 -11 11 -13 -14 -15 -16
leaf_value=-0.001202901070875322 0.00037950240951083788 0.00058766226345951091 -0.0010707145438861568 -0.00076811878415960903 0.0019320198776814129 0.00088549727122893022 -0.00044079394480612671 -0.00016837779421425891 0.0012789761561092855 -7.7296048940061164e-05 0.00066556726154979944 -0.0007345853633126412 0.00064374498359470289 -0.0015708246058977219 -0.0015150218816498073
leaf_weight=7840 26093 29803 11570 14640 5993 12050 29359 50786 30473 20015 13700 5729 2804 21741 3590
leaf_count=7840 26093 29803 11570 14640 5993 12050 29359 50786 30473 20015 13700 5729 2804 21741 3590
internal_value=-1.53818e-06 0.000355727 6.70154e-06 -0.000672585 0.000673856 0.000712357 -0.000924069 -0.000337044 0.000938481 0.000285917 -9.18375e-05 0.000251293 -0.000715174 -0.00125037 -0.000561465
internal_weight=286186 186783 94442 99403 32086 92341 69330 62356 60276 32065 30073 19429 10644 36381 32949
internal_count=286186 186783 94442 99403 32086 92341 69330 62356 60276 32065 30073 19429 10644 36381 32949
is_linear=0
shrinkage=0.0257227


Tree=80
num_leaves=16
num_cat=0
split_feature=79 35 25 104 5 139 108 120 25 48 139 79 153 137 197
split_gain=102.346 38.2556 46.087 24.3712 19.8111 17.5069 15.087 14.9512 13.9294 11.4475 9.99526 9.93848 7.27764 6.77012 3.40542
threshold=-0.099408365786075578 0.25520832836627966 -0.27762454748153681 -0.31881801784038538 1.0895578861236574 -3.123098492622375 -0.25340783596038813 -7.5999009609222403 -0.35424128174781794 0.097656250000000014 -3.2377159595489498 0.41227766871452337 0.32069566845893865 5.5965666770935067 0.54400688409805309
decision_type=2 8 10 10 8 10 10 10 10 10 10 2 8 8 10
left_child=3 4 6 7 11 -4 -3 13 9 -5 -9 -2 -6 -1 -10
right_child=1 2 5 8 12 -7 -8 10 14 -11 -12 -13 -14 -15 -16
leaf_value=-0.0013900366186356129 0.00024127932409376331 -0.0012369126111701121 8.3110916241772878e-05 -0.0017471178907021586 0.0014158590244370724 0.00080201369442794057 -0.00020532755078755163 -0.00052837274661242796 0.00046234340932422294 -0.00089030311053221061 0.00065609108935439273 0.0012263466255304839 0.0027505190404540042 0.00037371652631377849 -0.00057520378572387988
leaf_weight=6358 15849 11797 37868 13432 8003 54909 44786 6786 4937 46057 14977 11824 4378 1814 3503
leaf_count=6358 15849 11797 37868 13432 8003 54909 44786 6786 4937 46057 14977 11824 4378 1814 3503
internal_value=-3.15155e-06 0.000345804 0.000156241 -0.000678261 0.00105083 0.000508933 -0.000421949 -6.64663e-05 -0.000947443 -0.001086 0.000286135 0.000664662 0.00190347 -0.000998708 3.02585e-05
internal_weight=287278 189414 149360 97864 40054 92777 56583 29935 67929 59489 21763 27673 12381 8172 8440
internal_count=287278 189414 149360 97864 40054 92777 56583 29935 67929 59489 21763 27673 12381 8172 8440
is_linear=0
shrinkage=0.0257227


Tree=81
num_leaves=16
num_cat=0
split_feature=18 5 41 11 84 99 201 84 120 143 130 81 123 182 120
split_gain=95.3451 54.8447 24.0237 17.668 12.0332 15.3819 12.8317 11.983 10.2448 9.12891 7.48501 6.29962 6.66669 4.61906 4.03709
threshold=-0.45071254670619959 0.55269289016723644 0.080729167908430113 -0.074950415641069398 -1.0000000180025095e-35 1.2865372300148012 8.506319999694826 1.0000000180025095e-35 5.330662965774537 -5.4220087528228751 -0.46532279253005976 -1.0000000180025095e-35 0.24068873375654223 112.50000000000001 -16.95878982543945
decision_type=8 10 10 10 2 8 10 2 8 10 10 2 10 2 10
left_child=1 2 10 4 5 -2 -6 8 -3 -4 -1 14 -13 -9 -5
right_child=3 7 9 11 6 -7 -8 13 -10 -11 -12 12 -14 -15 -16
leaf_value=-0.00019675357047055692 0.00089549180018317351 0.00029574332668519404 -0.0009015909576544325 -0.00092626030292947484 -6.5192927495645128e-05 -0.0015878127640032854 0.0013344373306109008 -0.0013076227583478661 0.0015960108620696994 -0.00038326710262055156 -0.0019858879672024713 0.0010435453425767752 0.00035243720570654803 0.00011012699194784394 0.00041821031133640731
leaf_weight=1795 21713 7701 40187 1655 62109 1708 4573 1733 8387 51425 12107 40655 12093 9211 9795
leaf_count=1795 21713 7701 40187 1655 62109 1708 4573 1733 8387 51425 12107 40655 12093 9211 9795
internal_value=6.96059e-06 -0.000498857 -0.000763594 0.000441498 0.000208835 0.000709264 3.23827e-05 0.000533638 0.000978465 -0.000611268 -0.0017575 0.000767331 0.000885931 -0.000122794 0.000218439
internal_weight=286847 132546 105514 154301 90103 23421 66682 27032 16088 91612 13902 64198 52748 10944 11450
internal_count=286847 132546 105514 154301 90103 23421 66682 27032 16088 91612 13902 64198 52748 10944 11450
is_linear=0
shrinkage=0.0257227


Tree=82
num_leaves=15
num_cat=0
split_feature=19 35 18 34 5 140 114 201 122 173 79 96 122 118
split_gain=98.1684 34.5676 39.971 21.339 19.2172 15.3339 13.3933 19.8685 13.3112 10.9188 8.66076 5.89753 5.54372 3.78057
threshold=0.38123366236686712 0.20312500000000003 -0.27322708070278162 0.10937500000000001 1.0895578861236574 0.73473280668258678 0.17771582305431369 6.0169618129730233 0.33687107264995581 185.50000000000003 0.60472002625465404 -0.5178081989288329 0.24147187918424609 0.879461169242859
decision_type=8 8 10 8 8 10 10 8 10 2 2 8 10 8
left_child=5 4 3 -3 10 6 9 -8 -4 -1 -2 -7 -13 -6
right_child=1 2 8 -5 13 11 7 -9 -10 -11 -12 12 -14 -15
leaf_value=-0.00094852164069871546 0.00038548822079129054 -0.0012155825185815718 0.00062498682129943028 -4.9187825585513441e-05 0.0014977755548820141 -0.00072350265359590212 -0.00047501443908860505 0.0016012842715844489 -0.00027582297519570555 0.0010735933595688457 0.0015333203270762685 3.7199607393372436e-05 0.0017505845737605967 0.002484655523165498
leaf_weight=66497 17960 14766 80971 34479 6509 1662 30514 3303 12482 1747 5695 2197 2823 5088
leaf_count=66497 17960 14766 80971 34479 6509 1662 30514 3303 12482 1747 5695 2197 2823 5088
internal_value=-1.36847e-06 0.000370666 0.000192174 -0.000400433 0.00109097 -0.000609987 -0.000688192 -0.000268681 0.000504528 -0.000895475 0.00066637 0.000578097 0.00101394 0.00194581
internal_weight=286693 177950 142698 49245 35252 108743 102061 33817 93453 68244 23655 6682 5020 11597
internal_count=286693 177950 142698 49245 35252 108743 102061 33817 93453 68244 23655 6682 5020 11597
is_linear=0
shrinkage=0.0257227


Tree=83
num_leaves=16
num_cat=0
split_feature=18 5 34 134 146 120 5 123 115 23 112 130 104 135 146
split_gain=89.367 43.4717 25.5192 20.5256 16.3619 21.4965 14.0693 13.9516 13.894 11.3742 11.2456 10.2711 8.50798 7.66764 5.15034
threshold=-0.45575699210166926 0.46966552734375006 0.18229166418313983 -3.4593958854675289 -4.378523349761962 -3.4229862689971919 1.0895578861236574 0.43184815347194677 0.58867794275283825 -0.60051068663597096 3.6238038539886479 -0.44998213648796076 -0.61598980426788319 -0.37203207612037653 -5.396232843399047
decision_type=8 10 10 10 8 8 10 10 8 10 8 10 10 10 10
left_child=1 2 11 8 7 -6 14 -5 13 -8 -10 -1 -4 -2 -3
right_child=3 6 12 4 5 -7 9 -9 10 -11 -12 -13 -14 -15 -16
leaf_value=-0.00012153602094861064 0.00022489843670504847 -0.00040101752781210992 0.00082854414519780535 0.0009813364747879188 0.0013109159624175278 -0.00050570913834375845 0.0022290692149925001 -0.00061294798495536258 0.00098541125582763951 0.00023993941516381733 -0.00025165122763434712 -0.0017799414440195609 -0.00060477708322752635 -0.00042844077611266305 0.00033952847549440705
leaf_weight=2867 20300 10937 2772 59679 6098 14138 3896 3811 15941 3686 6937 18415 74947 28447 14158
leaf_count=2867 20300 10937 2772 59679 6098 14138 3896 3811 15941 3686 6937 18415 74947 28447 14158
internal_value=-8.85765e-06 -0.000501678 -0.000770026 0.000408911 0.000682173 4.49408e-05 0.000311219 0.000884942 8.9049e-05 0.00127554 0.000610774 -0.00155791 -0.000552798 -0.00015645 1.65144e-05
internal_weight=287029 131678 99001 155351 83726 20236 32677 63490 71625 7582 22878 21282 77719 48747 25095
internal_count=287029 131678 99001 155351 83726 20236 32677 63490 71625 7582 22878 21282 77719 48747 25095
is_linear=0
shrinkage=0.0257227


Tree=84
num_leaves=15
num_cat=0
split_feature=71 5 42 35 174 74 139 42 62 82 99 5 114 86
split_gain=88.9561 36.9696 18.6006 16.5229 15.9315 15.0145 15.2903 11.8159 9.47387 6.80993 7.85812 6.13902 5.36251 4.79874
threshold=2.2853683233261113 0.6919352412223817 0.24218750000000003 0.17187500000000003 -1.7871581912040708 0.19571056216955188 -3.123098492622375 0.039062500000000007 0.013924932572990658 -0.13261258602142331 0.54601868987083446 1.0667683482170107 -0.11097188293933867 4.3107767105102548
decision_type=2 10 8 8 2 8 8 10 10 2 10 10 8 2
left_child=1 2 8 9 -4 6 -5 11 -1 -2 -11 -3 -7 -9
right_child=3 7 4 5 -6 12 -8 13 -10 10 -12 -13 -14 -15
leaf_value=-0.00025716291524667523 0.00016907692450758804 0.00069308211702904686 -0.0010507365400672613 0.00022528110305282956 -0.00042591177917635913 -0.0015339885998289042 0.00094812752178036024 0.0006232627490971867 0.00060820018614534462 0.0026181540256423222 0.00099089777377488241 0.0023329357642484692 -0.00011020720984661283 -0.00011873866364939198
leaf_weight=32023 1818 3210 42790 35067 73532 2198 43338 10997 11237 4600 3658 2954 7560 11976
leaf_count=32023 1818 3210 42790 35067 73532 2198 43338 10997 11237 4600 3658 2954 7560 11976
internal_value=-6.55431e-06 -0.000333283 -0.000487114 0.000620842 -0.000656363 0.000507029 0.00062543 0.000508198 -3.16223e-05 0.00160401 0.00191492 0.00150018 -0.000441481 0.000237448
internal_weight=286958 188719 159582 98239 116322 88163 78405 29137 43260 10076 8258 6164 9758 22973
internal_count=286958 188719 159582 98239 116322 88163 78405 29137 43260 10076 8258 6164 9758 22973
is_linear=0
shrinkage=0.0257227


Tree=85
num_leaves=16
num_cat=0
split_feature=10 69 104 18 92 104 134 117 65 142 153 117 126 137 27
split_gain=84.4314 25.5766 18.8386 22.0125 13.0327 12.9381 12.6633 10.8594 11.0693 8.46805 7.24658 6.40894 9.88979 6.74985 5.8486
threshold=0.27059298753738409 -2.7512118816375728 -0.35273613035678858 -0.59572836756706227 -0.47980131208896631 -0.36907343566417689 -3.3122230768203731 -1.2079749703407285 0.54436665773391735 5.2600927352905282 0.2842507809400559 -0.58071416616439808 0.17572136223316195 5.8536372184753427 0.26041667163372045
decision_type=10 2 8 10 8 10 8 10 10 8 10 8 10 10 8
left_child=1 5 4 -4 -3 10 11 9 -9 -8 -1 13 -13 -2 -7
right_child=6 2 3 -5 -6 14 7 8 -10 -11 -12 12 -14 -15 -16
leaf_value=-0.00052521092015606616 5.7482278619741722e-05 -0.00034232590313321306 -0.00077239365603611846 -1.4648419322202438e-05 0.0011045583706494374 -0.001735934736818929 -0.00048503105426338082 0.0016098156183769806 0.00066916325175550941 0.00072959494398188492 0.00079840308538764199 0.00084929741992976148 5.8082536666501031e-05 -0.0015364867590130045 -0.00091622597857866082
leaf_weight=9215 11854 6201 38861 72756 11990 7259 5563 16387 17061 11565 3794 21132 20629 1977 30103
leaf_count=9215 11854 6201 38861 72756 11990 7259 5563 16387 17061 11565 3794 21132 20629 1977 30103
internal_value=-5.82019e-06 -0.000344826 -0.000153687 -0.000278858 0.000612048 -0.000836299 0.000569324 0.000863621 0.00113295 0.000334646 -0.000136487 0.000300664 0.000459375 -0.00017842 -0.0010791
internal_weight=286347 180179 129808 111617 18191 50371 106168 50576 33448 17128 13009 55592 41761 13831 37362
internal_count=286347 180179 129808 111617 18191 50371 106168 50576 33448 17128 13009 55592 41761 13831 37362
is_linear=0
shrinkage=0.0257227


Tree=86
num_leaves=11
num_cat=0
split_feature=19 4 35 25 35 140 81 38 143 75
split_gain=77.5223 40.4006 22.6043 18.4014 17.0306 14.8902 13.1171 12.7687 12.2924 9.65401
threshold=0.38123366236686712 -0.65714487433433522 0.22395833581686023 -0.37381324172019953 0.10937500000000001 0.9924830198287965 -1.0000000180025095e-35 0.42341083288192755 -5.4220087528228751 0.065167214721441283
decision_type=8 8 8 10 10 10 2 10 10 10
left_child=5 4 6 -4 -2 7 -3 8 -1 -6
right_child=1 2 3 -5 9 -7 -8 -9 -10 -11
leaf_value=-0.00095006922479075925 0.0015915247536529575 0.00059359724934849104 -0.00031728893889592573 0.00045661952400021655 -0.00052742477016808629 0.0012010387182186471 0.0016111158402152236 0.0010783617320699189 -0.00038513335152350194 -0.0017528179311798477
leaf_weight=47671 1754 19177 25532 98669 10914 3048 15040 2841 55078 7007
leaf_count=47671 1754 19177 25532 98669 10914 3048 15040 2841 55078 7007
internal_value=-7.79209e-06 0.000322501 0.000459098 0.000297418 -0.000774557 -0.000549078 0.00104375 -0.000600531 -0.000647812 -0.00101261
internal_weight=286731 178093 158418 124201 19675 108638 34217 105590 102749 17921
internal_count=286731 178093 158418 124201 19675 108638 34217 105590 102749 17921
is_linear=0
shrinkage=0.0257227


Tree=87
num_leaves=16
num_cat=0
split_feature=78 176 5 146 99 118 68 38 152 146 146 118 23 64 146
split_gain=79.8357 20.3251 19.637 13.0506 14.0385 11.7203 9.23526 9.18989 8.80332 8.54082 8.85814 7.556 7.51679 5.63476 4.61803
threshold=-1.0000000180025095e-35 0.12452657520771028 0.2400951683521271 -5.3420732021331778 0.62483102083206188 1.0702875852584841 38.55406570434571 -0.19012119621038434 0.096930824220180525 -5.5531334877014151 -3.5509848594665523 0.72653004527091991 -1.3433601856231687 0.67088359594345104 -5.5478379726409903
decision_type=2 2 8 10 8 8 8 10 10 10 10 8 10 8 10
left_child=2 3 7 5 -5 -2 12 14 -9 11 -11 -4 -3 -8 -1
right_child=1 6 9 4 -6 -7 13 8 -10 10 -12 -13 -14 -15 -16
leaf_value=-0.00086548303883373289 -7.3757262568075225e-05 0.0014094900031814345 -0.0011063354241854281 0.0012849260430711803 0.00048983376374412703 0.00061220326669262531 -3.1468825057744378e-05 -0.00079073389108877824 -0.0016529189834197974 0.00026980683297252812 -0.0014469509216277546 -5.0283352510662031e-05 -9.8119314070258855e-05 -0.0016274036227990009 -0.00023049558878138061
leaf_weight=11688 33391 2288 8430 23214 40305 32425 2282 27655 11078 29122 2049 9484 27915 4014 21530
leaf_count=11688 33391 2288 8430 23214 40305 32425 2282 27655 11078 29122 2049 9484 27915 4014 21530
internal_value=1.17686e-06 0.000367702 -0.000500913 0.000518906 0.000781753 0.000264546 -0.000168051 -0.000771281 -0.00104043 -0.000103941 0.000153298 -0.000550144 1.97541e-05 -0.00105715 -0.000455573
internal_weight=286870 165834 121036 129335 63519 65816 36499 71951 38733 49085 31171 17914 30203 6296 33218
internal_count=286870 165834 121036 129335 63519 65816 36499 71951 38733 49085 31171 17914 30203 6296 33218
is_linear=0
shrinkage=0.0257227


Tree=88
num_leaves=16
num_cat=0
split_feature=17 4 42 42 156 153 111 202 141 134 67 4 178 115 188
split_gain=72.0352 33.9981 22.6863 17.4979 16.1117 16.0858 13.0388 9.46726 9.42907 8.86849 8.61168 8.53836 7.15445 7.13853 5.98796
threshold=-0.13472040742635724 -0.36742667853832239 0.27864582836627966 0.065104167908430113 0.01259370055049658 0.30559822916984564 0.42339158058166509 0.73135706782341015 -0.191460445523262 -3.5556455850601192 -6.6551103591918936 -0.90307545661926258 121.50000000000001 -0.3946015983819961 -0.2580904215574264
decision_type=10 8 8 8 10 10 8 8 10 10 10 10 2 10 8
left_child=3 7 4 5 -3 12 -4 13 9 -5 -10 -9 -1 -2 -7
right_child=1 2 6 8 -6 14 -8 11 10 -11 -12 -13 -14 -15 -16
leaf_value=-0.00058707308545621353 0.0009604181800448731 0.00069935412461639252 -9.9399992112444784e-05 -0.00074056336707320177 0.0018902667390988251 0.00034657465842305571 0.00052717953465613058 -0.0016102958692672353 -0.00027944720840340304 0.00023757874412625371 -0.0010628170433113302 -0.00039042452559738869 0.00072505590595025302 -0.00016420264207815387 0.0018136089849407407
leaf_weight=15054 5160 22926 32143 13233 11237 3828 69213 4519 11864 11308 43910 22234 3283 12898 3553
leaf_count=15054 5160 22926 32143 13233 11237 3828 69213 4519 11864 11308 43910 22234 3283 12898 3553
internal_value=6.48448e-06 0.000319277 0.000522295 -0.000525309 0.00109482 5.8519e-05 0.000328556 -0.000294521 -0.000712123 -0.000290597 -0.000896867 -0.000600965 -0.000349873 0.000160173 0.00106548
internal_weight=286363 180330 135519 106033 34163 25718 101356 44811 80315 24541 55774 26753 18337 18058 7381
internal_count=286363 180330 135519 106033 34163 25718 101356 44811 80315 24541 55774 26753 18337 18058 7381
is_linear=0
shrinkage=0.0257227


Tree=89
num_leaves=14
num_cat=0
split_feature=17 4 95 34 154 129 110 99 118 96 154 28 4
split_gain=59.518 33.483 15.3428 14.5581 13.843 13.0084 13.6328 12.1546 10.32 9.63394 8.63773 6.67125 5.53921
threshold=-0.13472040742635724 -0.52668607234954823 -0.30238714814186091 0.15104166418313983 0.41924306750297552 -4.6700396537780753 1.0848543643951418 0.59864637255668651 0.76089048385620128 0.2533497959375382 0.19713675975799563 0.11458333209156991 -0.90307545661926258
decision_type=10 8 8 10 10 8 8 8 8 10 10 10 10
left_child=2 3 9 12 8 6 -3 -7 -4 11 -5 -1 -2
right_child=1 5 4 10 -6 7 -8 -9 -10 -11 -12 -13 -14
leaf_value=0.0002966399610854222 -0.0019467210232423664 -0.0006411647069947111 -0.0010704744348085772 0.00027690248829034754 0.0014825566043235436 0.00090317598343545458 0.00074098855413703339 0.00036502173219584154 -0.0004704091784518242 0.0015021756494636212 -0.0013679938003646418 -0.0006263695033300455 -0.00079016034890371596
leaf_weight=12094 4062 13604 30751 12793 1892 39771 7125 92378 49958 2743 2441 8934 8788
leaf_count=12094 4062 13604 30751 12793 1892 39771 7125 92378 49958 2743 2441 8934 8788
internal_value=-2.3738e-07 0.000283561 -0.00048288 -0.000531653 -0.000648458 0.000433532 -0.000164994 0.000527463 -0.000699934 9.27433e-05 7.15475e-06 -9.64627e-05 -0.00116624
internal_weight=287334 180962 106372 28084 82601 152878 20729 132149 80709 23771 15234 21028 12850
internal_count=287334 180962 106372 28084 82601 152878 20729 132149 80709 23771 15234 21028 12850
is_linear=0
shrinkage=0.0257227


Tree=90
num_leaves=16
num_cat=0
split_feature=78 139 115 175 157 96 104 94 159 79 67 96 75 79 120
split_gain=67.2955 24.0074 26.8287 19.7906 18.0565 17.7135 14.1918 13.1333 12.6054 11.6218 10.5854 9.37629 7.70168 5.3801 4.90458
threshold=1.0000000180025095e-35 -3.1088070869445796 0.49212528765201574 0.10221662372350694 -0.063829887658357606 -0.18077576905488965 -0.36907343566417689 5.1976068019866952 -0.19234646856784818 -0.17703477293252942 -1.9596641063690183 0.1910953223705292 -0.15235052257776258 -0.099408365786075578 -7.4192495346069327
decision_type=2 10 8 2 8 10 8 8 10 2 10 10 8 2 10
left_child=3 2 10 6 5 -3 11 -4 -6 -8 -2 -1 14 -14 -5
right_child=1 4 7 12 8 -7 9 -9 -10 -11 -12 -13 13 -15 -16
leaf_value=-0.00035027617144510779 0.00018807146598880039 -0.00048375461319419613 0.0012198159427435123 -0.00018011072296867121 -0.00037083877468786655 0.0013381031118675497 -0.0010572593925085318 -2.7104751667989973e-05 0.00056047267226828142 -0.00042615216763305648 -0.00065127601286123346 0.00088995602052555523 -0.00069660460382909065 0.00014310087658001477 0.001128616519298952
leaf_weight=13686 14878 3976 13545 2631 12199 28949 41879 9467 44454 36106 29685 5618 7350 15659 6494
leaf_count=13686 14878 3976 13545 2631 12199 28949 41879 9467 44454 36106 29685 5618 7350 15659 6494
internal_value=5.43825e-06 0.000363063 -3.05435e-06 -0.000428764 0.00063899 0.00111741 -0.000611438 0.000708643 0.000359678 -0.000765854 -0.000371225 1.30046e-05 0.000124458 -0.000126725 0.000753108
internal_weight=286576 157153 67575 129423 89578 32925 97289 23012 56653 77985 44563 19304 32134 23009 9125
internal_count=286576 157153 67575 129423 89578 32925 97289 23012 56653 77985 44563 19304 32134 23009 9125
is_linear=0
shrinkage=0.0257227


Tree=91
num_leaves=15
num_cat=0
split_feature=71 5 41 35 122 38 32 35 5 134 4 195 155 122
split_gain=60.2895 29.5937 16.9846 14.6377 14.21 12.9921 11.1879 10.1478 9.65209 9.18491 7.21041 6.89491 10.0069 4.07347
threshold=2.2660214900970463 0.46046856045722967 0.60677084326744091 0.29687500000000006 0.33687107264995581 0.40182612836360937 -0.78329518437385548 0.48437500000000006 1.1134100556373598 -3.5556455850601192 -0.15799012035131452 0.7943302094936372 -0.49029713869094843 0.33009740710258489
decision_type=2 10 8 8 10 10 10 8 10 8 8 10 8 10
left_child=1 2 5 11 9 -1 8 -4 -3 -5 -6 -2 -13 -8
right_child=3 6 7 4 10 -7 13 -9 -10 -11 -12 12 -14 -15
leaf_value=-0.00081843349090439713 0.0025301544874402845 0.00042695309518224673 0.00020556607096338593 0.00012279830246847808 -0.0015394023592389876 0.00016236878550959585 6.2893780261074985e-05 -0.00049285648302180491 0.0017643034818097402 0.00073700181796655651 -7.428638660475552e-05 -0.00063199452624816937 0.001156457201814512 -0.0007776166020235267
leaf_weight=71617 1977 17711 30137 27209 3182 10179 23650 25199 4418 39548 6978 2286 17810 4461
leaf_count=71617 1977 17711 30137 27209 3182 10179 23650 25199 4418 39548 6978 2286 17810 4461
internal_value=5.78756e-06 -0.000265472 -0.000461064 0.000519022 0.000350725 -0.000696337 0.000268283 -0.000112753 0.00069973 0.000487142 -0.000542185 0.00110186 0.000951193 -7.24474e-05
internal_weight=286362 187372 137132 98990 76917 81796 50240 55336 22129 66757 10160 22073 20096 28111
internal_count=286362 187372 137132 98990 76917 81796 50240 55336 22129 66757 10160 22073 20096 28111
is_linear=0
shrinkage=0.0257227


Tree=92
num_leaves=16
num_cat=0
split_feature=78 134 42 84 139 141 120 60 120 127 120 11 127 32 137
split_gain=60.0937 25.6718 20.3082 17.3386 16.5214 13.0572 12.9928 13.2167 10.691 10.4448 9.31394 7.72282 6.59203 6.04966 5.20875
threshold=-1.0000000180025095e-35 -3.4520583152770992 0.39843750000000006 1.0000000180025095e-35 -1.6941393017768858 -0.13527368754148481 19.448996543884281 0.22385690361261371 20.298590660095218 0.70225870609283458 -8.0377855300903303 -0.12454468756914137 0.23240142315626147 -0.34313005208969111 4.8162329196929941
decision_type=2 10 8 2 10 8 10 10 10 10 10 10 10 10 10
left_child=3 6 4 8 -3 13 9 -8 12 -2 -7 -4 -1 -5 -10
right_child=1 2 11 5 -6 10 7 -9 14 -11 -12 -13 -14 -15 -16
leaf_value=0.00014411326493926068 -0.00036429980913475622 0.0013041200870964164 8.6383393762594839e-06 -0.00045198589268817866 -0.00020421575795191599 -0.0016427161548393315 0.0018623584242801689 8.9517394288038719e-05 -8.6719589346202449e-05 0.00042179927216333781 -0.00075819099155384083 0.00062119506340610605 -0.00045349279086339414 0.00052341808050967932 0.0016013423619100223
leaf_weight=20557 47836 31462 29152 18783 5643 10670 4329 7550 1857 14510 30889 25475 29885 5337 3338
leaf_count=20557 47836 31462 29152 18783 5643 10670 4329 7550 1857 14510 30889 25475 29885 5337 3338
internal_value=5.43176e-06 0.000323452 0.000611025 -0.000429532 0.00107479 -0.000712288 -3.22441e-05 0.000744299 -9.51593e-05 -0.00018102 -0.000988201 0.000294826 -0.000210115 -0.00023507 0.00100632
internal_weight=287273 165957 91732 121316 37105 65679 74225 11879 55637 62346 41559 54627 50442 24120 5195
internal_count=287273 165957 91732 121316 37105 65679 74225 11879 55637 62346 41559 54627 50442 24120 5195
is_linear=0
shrinkage=0.0257227


Tree=93
num_leaves=15
num_cat=0
split_feature=79 42 5 185 89 127 122 104 195 177 171 1 104 143
split_gain=63.1858 25.5524 24.9558 17.9738 16.1171 12.9812 12.4822 10.0688 9.57919 6.4691 5.15338 4.9668 4.64292 4.20775
threshold=0.17635158449411395 0.070312500000000014 0.60791832208633434 0.056366482749581344 7.0540175437927255 -0.1260193735361099 0.27332036197185522 -0.3333169668912887 0.70486134290695202 286.50000000000006 2.2014957666397099 -0.1647977605462074 0.14011026918888095 -5.2037155628204337
decision_type=2 10 8 8 2 10 10 8 10 2 2 8 10 10
left_child=2 10 3 8 5 -3 -6 9 -1 -4 13 -9 -5 -2
right_child=1 4 7 12 6 -7 -8 11 -10 -11 -12 -13 -14 -15
leaf_value=0.0010190948747980772 0.0014333061093422278 -0.0011104408342804332 0.0014677039845526424 -0.0010247979583148078 0.001660619036728998 0.00028739306690258947 -8.9186001902115018e-05 -0.00086014175767828776 -0.00045251841315117213 4.0409621605574555e-05 0.00092041410020463706 0.00014801684827813361 -0.0020535189022368198 0.0030772422479182016
leaf_weight=2932 2082 4501 6113 7901 9606 106868 3726 3724 104868 3186 2579 21286 4894 2645
leaf_count=2932 2082 4501 6113 7901 9606 106868 3726 3724 104868 3186 2579 21286 4894 2645
internal_value=5.74652e-06 0.000419111 -0.000346554 -0.000520621 0.000331756 0.000230089 0.00117414 0.000265057 -0.000411715 0.000983524 0.00188897 -4.52376e-06 -0.00142932 0.0023916
internal_weight=286911 132007 154904 120595 124701 111369 13332 34309 107800 9299 7306 25010 12795 4727
internal_count=286911 132007 154904 120595 124701 111369 13332 34309 107800 9299 7306 25010 12795 4727
is_linear=0
shrinkage=0.0257227


Tree=94
num_leaves=15
num_cat=0
split_feature=18 5 27 122 195 146 120 67 1 116 127 5 113 127
split_gain=58.49 31.1432 17.8486 14.2554 17.3676 13.0386 11.1848 11.0649 10.6029 20.7035 15.7103 7.91474 7.58167 5.14204
threshold=-0.46638037264347071 0.59647288918495189 0.23958333581686023 0.24717240780591967 0.6942957639694215 -5.5531334877014151 -0.690966635942459 -0.25904661417007441 0.11274604499340059 -0.36645431816577906 0.76060956716537487 1.0895578861236574 5.3218314647674569 0.42854875326156622
decision_type=8 10 10 10 8 10 10 10 8 8 10 10 8 10
left_child=1 2 13 4 -2 -6 -4 11 10 -10 -5 -3 -9 -1
right_child=3 7 6 8 5 -7 -8 12 9 -11 -12 -13 -14 -15
leaf_value=-0.0017063006254852365 0.0027713035188990666 0.00044259793006379673 -0.00074749081081859322 -8.2178442531013148e-05 0.00011662840051010247 0.00071567448411170962 -0.00016194606186606533 -0.00090174898681360833 0.002201850457558619 8.1540463436077202e-05 -0.0019832856519895175 0.001698380040268056 0.00058934415150206773 -0.00083500509223338542
leaf_weight=9895 2145 9683 39401 32994 40337 59561 47745 5145 3708 15518 3066 5042 3890 8701
leaf_count=9895 2145 9683 39401 32994 40337 59561 47745 5145 3708 15518 3066 5042 3890 8701
internal_value=1.13974e-05 -0.000393327 -0.000582352 0.00034457 0.000524672 0.000474098 -0.000427161 0.000446986 1.18533e-05 0.00049843 -0.00024814 0.000879933 -0.000260257 -0.00130433
internal_weight=286831 129502 105742 157329 102043 99898 87146 23760 55286 19226 36060 14725 9035 18596
internal_count=286831 129502 105742 157329 102043 99898 87146 23760 55286 19226 36060 14725 9035 18596
is_linear=0
shrinkage=0.0257227


Tree=95
num_leaves=16
num_cat=0
split_feature=79 42 96 187 176 42 146 187 120 115 96 88 182 201 86
split_gain=62.6742 27.5365 19.8138 17.1493 14.0105 13.0912 12.8578 12.1726 10.7356 10.9181 10.7863 8.72689 12.655 8.01939 5.6116
threshold=-0.010922578163444994 0.40885417163372045 -0.10440281033515929 138.01496124267581 0.40860778093338018 0.19531250000000003 -5.3694639205932608 84.049224853515639 -7.5999009609222403 0.01042074663564563 -0.40940244495868677 0.25628274679183966 464.50000000000006 4.1328990459442148 5.3775877952575692
decision_type=2 8 10 8 2 10 10 10 10 8 8 2 2 10 2
left_child=5 2 7 4 -3 8 -4 -2 10 -10 -1 13 -13 -7 -5
right_child=1 3 6 14 -6 11 -8 -9 9 -11 -12 12 -14 -15 -16
leaf_value=0.00047705204942564749 -0.00078669563341158503 0.00026046399794975322 0.00056585300766792918 -0.00040279401594811186 -0.00049455766957535129 -0.0010158618138507963 0.0015969695817770429 0.00050337269431077031 0.0012206984113374837 -8.3688027441729501e-05 -0.0013726463255611945 -0.00083223884832170348 0.00014666282788679095 0.00077530716056209111 -0.0019640719666773766
leaf_weight=3003 6061 91637 14186 2857 19684 38988 18693 22728 5547 17206 6488 19071 16026 1667 3317
leaf_count=3003 6061 91637 14186 2857 19684 38988 18693 22728 5547 17206 6488 19071 16026 1667 3317
internal_value=-1.0716e-05 0.000284285 0.000724053 5.31098e-05 0.000126682 -0.000499953 0.00115471 0.000230243 -6.56105e-05 0.000237699 -0.000788361 -0.000684548 -0.000385984 -0.000940941 -0.00125701
internal_weight=287159 179163 61668 117495 111321 107996 32879 28789 32244 22753 9491 75752 35097 40655 6174
internal_count=287159 179163 61668 117495 111321 107996 32879 28789 32244 22753 9491 75752 35097 40655 6174
is_linear=0
shrinkage=0.0257227


Tree=96
num_leaves=13
num_cat=0
split_feature=174 122 129 99 49 18 164 118 82 122 160 121
split_gain=49.4771 14.8804 14.2471 14.7721 11.9554 13.1077 15.7108 10.7569 9.47406 7.18759 7.15776 6.5799
threshold=-0.1427020654082298 0.43921945989131933 -4.683283567428588 0.59864637255668651 0.022135416977107528 -0.55288580060005177 -0.16168305277824399 1.0075808763504031 -0.14144632965326306 0.21972474455833438 0.20345062017440799 -1.6916947960853574
decision_type=2 10 10 8 8 10 8 8 2 10 10 10
left_child=4 2 7 -4 8 6 -6 -2 9 -1 -3 -7
right_child=1 10 3 -5 5 11 -8 -9 -10 -11 -12 -13
leaf_value=-0.00055031157201489459 -0.00085900790502138917 -6.6644667690300639e-05 0.00087839137066450838 0.00028021526021684487 -0.00033287261303256499 -0.00050402555718996025 -0.0010525835694014541 0.00035228009444534272 0.002007073169670102 0.00063201858578811802 -0.0018741299514568356 0.00027878600147532686
leaf_weight=6449 10276 2917 38438 94392 49424 11034 33846 9053 1813 7012 2809 19590
leaf_count=6449 10276 2917 38438 94392 49424 11034 33846 9053 1813 7012 2809 19590
internal_value=4.84544e-06 0.000310225 0.000358841 0.000453769 -0.000368385 -0.000458991 -0.000626189 -0.000292634 0.000306036 6.56808e-05 -0.000967906 -3.88504e-06
internal_weight=287053 157885 152159 132830 129168 113894 83270 19329 15274 13461 5726 30624
internal_count=287053 157885 152159 132830 129168 113894 83270 19329 15274 13461 5726 30624
is_linear=0
shrinkage=0.0257227


Tree=97
num_leaves=16
num_cat=0
split_feature=79 104 146 120 104 96 71 96 178 146 75 22 96 140 149
split_gain=52.3711 22.9228 17.0436 21.9768 13.5282 13.3072 13.178 13.015 12.4322 11.8084 11.5634 6.73825 5.57852 4.97202 3.8683
threshold=0.0522243119776249 -0.36907343566417689 -5.5531334877014151 23.196535110473636 -0.40391398966312403 0.13395814597606662 -2.7492972612380977 0.30305100977420812 193.50000000000003 -5.5581440925598136 0.22928391396999362 -0.32262694835662836 0.15494274348020556 -0.016568267717957493 0.16729895770549777
decision_type=2 8 10 10 10 10 2 10 2 8 8 10 8 10 10
left_child=1 5 3 8 12 9 14 -6 -2 -1 -8 -7 -4 -5 -3
right_child=2 6 4 13 7 11 10 -9 -10 -11 -12 -13 -14 -15 -16
leaf_value=-0.0010785188419025265 4.2823689997846457e-05 -0.00087570611714362875 0.0011808335305828314 0.00066474381760437057 0.00068103040277090506 0.00039034572485825887 -0.00027887259584823457 1.4981281082836666e-05 -0.00089536997598622047 0.00031451710168076515 -0.0018479949638961028 0.0017276378831791947 0.0030523838348666286 0.0021223736488567273 -0.0019276490711544851
leaf_weight=5684 31099 28553 3203 3356 62841 5153 77395 28077 13270 13244 3156 4865 1652 2986 2516
leaf_count=5684 31099 28553 3203 3356 62841 5153 77395 28077 13270 13244 3156 4865 1652 2986 2516
internal_value=5.30859e-06 -0.000349264 0.000345562 -3.57436e-05 0.000547311 0.000295113 -0.000516466 0.000475551 -0.000238959 -0.000106782 -0.00034225 0.00104892 0.00185957 0.00137019 -0.000965963
internal_weight=287050 140566 146484 50711 95773 28946 111620 90918 44369 18928 80551 10018 4855 6342 31069
internal_count=287050 140566 146484 50711 95773 28946 111620 90918 44369 18928 80551 10018 4855 6342 31069
is_linear=0
shrinkage=0.0257227


Tree=98
num_leaves=15
num_cat=0
split_feature=11 5 11 168 115 115 151 12 33 5 116 33 130 162
split_gain=45.4716 20.736 16.849 12.8626 11.3139 12.6107 8.95654 7.25685 7.91134 6.37867 5.97845 4.9284 4.22443 3.89267
threshold=-0.57974711060523976 0.46522295475006109 -0.071794636547565446 0.93698242306709301 -0.12888931483030316 -0.40780007839202875 0.38039499521255499 1.3554192185401919 1.6042488217353823 1.0895578861236574 0.052858121693134315 0.81307563185691845 -0.37893679738044733 0.13962157815694812
decision_type=8 10 10 8 8 10 10 10 10 10 10 10 10 10
left_child=1 3 4 10 5 -2 -6 11 -9 13 -1 -4 -5 -3
right_child=2 9 7 12 6 -7 -8 8 -10 -11 -12 -13 -14 -15
leaf_value=-0.00069689930722448073 0.00036996854793949465 0.00052921712150185644 8.8281238685689679e-05 -0.00043587185733776193 4.2538431579214937e-05 -0.00088158205943116735 0.00067977785915956121 0.0012337231272640634 -8.8955179493113018e-05 0.0014760823554254483 -0.00021975905779223796 0.00059523394808659808 -0.0015964571670722667 -0.00033219581601809552
leaf_weight=37827 7966 7704 21793 2696 74759 15757 18052 15109 3712 2801 32283 30400 10253 6183
leaf_count=37827 7966 7704 21793 2696 74759 15757 18052 15109 3712 2801 32283 30400 10253 6183
internal_value=-6.75037e-06 -0.000450267 0.000229231 -0.000616425 3.88067e-05 -0.000461502 0.000166996 0.000541294 0.000973635 0.00037565 -0.000477731 0.00038405 -0.00135928 0.000146
internal_weight=287295 99747 187548 83059 116534 23723 92811 71014 18821 16688 70110 52193 12949 13887
internal_count=287295 99747 187548 83059 116534 23723 92811 71014 18821 16688 70110 52193 12949 13887
is_linear=0
shrinkage=0.0257227


Tree=99
num_leaves=16
num_cat=0
split_feature=79 35 18 122 39 175 172 173 116 116 22 122 126 157 35
split_gain=48.1808 22.8425 19.1333 14.9387 12.4136 10.7063 12.1378 10.2534 9.80912 9.22291 8.99541 7.65623 7.42383 7.08305 3.42157
threshold=-0.010922578163444994 0.29687500000000006 -0.46638037264347071 0.33687107264995581 -0.70339879393577565 1.3749280571937563 163.50000000000003 26.500000000000004 0.075419053435325636 0.46859620511531835 0.090905491262674346 0.13317423313856128 -0.082113604992628084 0.67103037238121044 0.10937500000000001
decision_type=2 8 10 10 10 2 2 2 10 8 8 10 10 8 10
left_child=4 5 10 -4 8 6 -2 13 12 -9 -3 -10 -1 -6 -7
right_child=1 2 3 -5 7 14 -8 9 11 -11 -12 -13 -14 -15 -16
leaf_value=4.1808291350636959e-05 0.00034719219119326377 -0.00021049546177994962 0.00038047017735865141 -0.00051811568137656973 -0.00098001727214744273 0.0019361118736155125 0.0019004492494135473 -0.00014048209315379163 -0.00099372177716776041 -0.0012459322103201809 -0.0012247328495055344 0.00048564291923407021 -0.00069474476322154755 -0.0025192446854940477 0.0010148892787041966
leaf_weight=14685 28363 22496 91572 14052 19506 5236 3697 21562 2587 6424 7727 17380 23489 2173 6182
leaf_count=14685 28363 22496 91572 14052 19506 5236 3697 21562 2587 6424 7727 17380 23489 2173 6182
internal_value=3.41115e-06 0.000261728 9.72996e-05 0.000260601 -0.00042614 0.000774281 0.000530896 -0.000724458 -0.000170621 -0.000397261 -0.000472532 0.000290542 -0.000411944 -0.00114362 0.00144862
internal_weight=287131 179325 135847 105624 107806 43478 32060 49665 58141 27986 30223 19967 38174 21679 11418
internal_count=287131 179325 135847 105624 107806 43478 32060 49665 58141 27986 30223 19967 38174 21679 11418
is_linear=0
shrinkage=0.0257227


Tree=100
num_leaves=15
num_cat=0
split_feature=79 42 25 168 104 155 129 120 1 25 37 108 116 68
split_gain=46.2732 22.15 17.6309 19.3843 14.9863 13.1296 13.0217 12.2285 10.7429 9.24836 7.27904 7.18019 5.55078 4.70907
threshold=-0.099408365786075578 0.085937500000000014 -0.21969584375619886 1.2600772976875307 -0.20191524177789685 -0.56247511506080616 -4.0257744789123526 -7.5999009609222403 -0.20071402937173841 -0.71086934208869923 1.1068080067634585 -0.47079324722290034 -0.44034375250339503 10.145968914031984
decision_type=2 8 10 10 10 10 10 10 10 8 8 10 10 10
left_child=4 5 3 -3 7 -2 -7 12 13 -10 -4 -9 -1 -6
right_child=1 2 10 -5 8 6 -8 11 9 -11 -12 -13 -14 -15
leaf_value=-0.00032558726893999133 -0.0003336621591386411 2.6907678416162557e-05 0.00054449814265523141 -0.0011716340682925918 -0.002648936400272325 0.00021404416350181597 0.0019750698912832979 -0.0014406102891413647 -0.0010071001476093181 -0.00028003110587185098 1.2848075256373527e-05 0.00022535596397879089 -0.0014136357556996859 -0.00096179367516756916
leaf_weight=7257 3271 75040 64412 10048 2584 3914 9683 1723 22687 23730 23163 32038 5425 2107
leaf_count=7257 3271 75040 64412 10048 2584 3914 9683 1723 22687 23730 23163 32038 5425 2107
internal_value=9.20634e-07 0.000235191 0.000147996 -0.000115664 -0.000454047 0.00112247 0.00147266 -0.000119222 -0.000757601 -0.000636598 0.00040403 0.0001369 -0.00079739 -0.001922
internal_weight=287082 189531 172663 85088 97551 16868 13597 46443 51108 46417 87575 33761 12682 4691
internal_count=287082 189531 172663 85088 97551 16868 13597 46443 51108 46417 87575 33761 12682 4691
is_linear=0
shrinkage=0.0257227


Tree=101
num_leaves=16
num_cat=0
split_feature=79 42 24 121 84 103 116 39 123 143 174 144 12 113 83
split_gain=45.5547 23.6386 18.0303 14.0709 12.0714 10.6564 8.26274 7.64972 7.4458 7.16751 6.5843 7.19158 5.86787 4.19789 3.01593
threshold=-0.1086057312786579 0.054687500000000007 0.37567719817161566 4.1756131649017343 1.0000000180025095e-35 0.33159072697162634 0.090178772807121291 -0.18537497520446775 -0.38929212093353266 -5.4220087528228751 -1.3785934448242185 0.36187572777271276 0.098602630198001875 -0.91169849038124073 4.2555875778198251
decision_type=2 8 10 8 2 10 10 10 10 10 2 10 10 8 2
left_child=4 10 3 -3 6 -4 8 9 -1 -6 11 -2 -8 -12 -9
right_child=1 2 5 -5 7 -7 12 14 -10 -11 13 -13 -14 -15 -16
leaf_value=0.00024029559008910623 -0.00057457032718340683 3.5316581481716705e-05 0.00061981203195591748 -0.0011388864768708555 -0.0012142370412542667 -0.0002352406563899569 -0.00026489812482551284 0.0010830881389100801 -0.00063360709059953266 -0.00054326208031050106 0.0011371230379164867 0.0014361856406209111 0.00070821031663956301 0.0025881373603067956 -0.00037513281913834437
leaf_weight=8700 1818 100874 60108 7151 18992 11437 7050 1861 24449 24116 2531 3066 9596 3307 1748
leaf_count=8700 1818 100874 60108 7151 18992 11437 7050 1861 24449 24116 2531 3066 9596 3307 1748
internal_value=6.10343e-06 0.000236955 0.000166551 -4.32543e-05 -0.000448871 0.000483008 -0.00016976 -0.000745516 -0.000404222 -0.000840695 0.00140538 0.00069071 0.000296829 0.00198463 0.00038449
internal_weight=286804 190292 179570 108025 96512 71545 49795 46717 33149 43108 10722 4884 16646 5838 3609
internal_count=286804 190292 179570 108025 96512 71545 49795 46717 33149 43108 10722 4884 16646 5838 3609
is_linear=0
shrinkage=0.0257227


Tree=102
num_leaves=14
num_cat=0
split_feature=170 201 41 41 120 111 74 134 115 173 116 135 111
split_gain=42.3079 20.9999 17.566 16.8495 21.5608 15.0488 13.7428 13.7194 12.5524 11.264 10.9291 7.22352 4.00957
threshold=0.42560780048370367 5.9300191402435312 0.29947917163372045 0.59635415673255932 19.448996543884281 1.353297293186188 0.27394519746303564 -3.4309250116348262 0.33455276489257818 183.50000000000003 0.075419053435325636 0.41335186362266546 0.082744337618350997
decision_type=2 10 10 8 10 10 10 10 10 2 10 10 10
left_child=1 2 9 5 7 6 -2 -5 -6 -1 -4 -7 -3
right_child=3 12 10 4 8 11 -8 -9 -10 -11 -12 -13 -14
leaf_value=-0.00095412989487900918 1.3498478997137847e-05 0.00026367639027466378 -0.00042143507528017235 -1.2942482172412024e-05 0.0037659251984112469 0.00058025854556044496 -0.0021293147744288646 0.00080171213546209434 0.0012060096223441368 0.00086229520751149075 0.0002272617283612992 0.0020715500676034143 0.0018367090031658525
leaf_weight=38679 90294 1661 47213 23484 1924 10174 1939 32662 3801 2334 26922 2683 3115
leaf_count=38679 90294 1661 47213 23484 1924 10174 1939 32662 3801 2334 26922 2683 3115
internal_value=1.54944e-05 -0.00035294 -0.000422581 0.000280177 0.000616642 8.17447e-05 -3.34849e-05 0.000461469 0.00210919 -0.000849176 -0.000185872 0.000903121 0.00130393
internal_weight=286885 119924 115148 166961 61871 105090 92233 56146 5725 41013 74135 12857 4776
internal_count=286885 119924 115148 166961 61871 105090 92233 56146 5725 41013 74135 12857 4776
is_linear=0
shrinkage=0.0257227


Tree=103
num_leaves=15
num_cat=0
split_feature=71 5 159 11 89 137 5 122 122 159 108 126 140 24
split_gain=41.9021 21.4979 12.3734 14.991 10.7037 9.04766 8.58798 7.95511 7.76297 6.70984 5.81519 5.0446 3.88937 3.21382
threshold=2.3263394832611088 0.48835115134716039 -0.22607312351465222 -0.85882693529129017 7.0383448600769052 4.8481087684631357 1.3205065727233889 0.27332036197185522 0.36926397681236273 -0.02711803279817104 -0.45411187410354609 -0.058315318077802651 -0.27037243545055384 -0.085929613560438142
decision_type=2 10 10 10 2 8 10 10 10 10 10 10 10 10
left_child=1 2 5 -4 8 -1 10 12 9 -2 -3 -10 -6 -8
right_child=4 6 3 -5 7 -7 13 -9 11 -11 -12 -13 -14 -15
leaf_value=-0.0010915006672120285 0.00020369218328266877 -0.0012680305465188699 -0.00061186716863537442 4.9838693109863089e-05 0.00071403165277195331 -0.00038793325874338607 0.001996641689835911 2.3747511570147864e-05 0.00079300842003408238 0.00068292348641960186 0.00019078271429712551 -0.00077032722038230888 0.0020770201225901513 0.00062850861054528312
leaf_weight=22824 43804 1805 37583 56801 2083 25934 2141 2605 1674 34668 41581 6144 4939 2561
leaf_count=22824 43804 1805 37583 56801 2083 25934 2141 2605 1674 34668 41581 6144 4939 2561
internal_value=-8.11945e-06 -0.000228166 -0.000386189 -0.000213964 0.0004304 -0.000718616 0.000242067 0.00124053 0.000338876 0.000415925 0.000127711 -0.000430614 0.00168619 0.00127607
internal_weight=287147 191230 143142 94384 95917 48758 48088 9627 86290 78472 43386 7818 7022 4702
internal_count=287147 191230 143142 94384 95917 48758 48088 9627 86290 78472 43386 7818 7022 4702
is_linear=0
shrinkage=0.0257227


Tree=104
num_leaves=16
num_cat=0
split_feature=71 104 153 50 122 159 3 122 89 134 202 144 159 56 122
split_gain=38.5553 19.4758 19.117 20.5609 17.1073 17.4788 13.0062 11.9898 11.4822 8.63986 7.56792 8.61428 6.56611 4.18386 3.84727
threshold=2.2853683233261113 -0.21746029704809186 0.2842507809400559 0.031012717634439472 0.43921945989131933 -0.22266472131013867 -0.20965237170457837 0.24717240780591967 7.0383448600769052 -3.5028489828109737 1.2249330878257754 0.25245031714439398 0.57402756810188305 0.07669756188988687 0.15060006827116015
decision_type=2 8 8 10 10 10 8 10 2 8 10 8 10 8 10
left_child=1 2 3 -1 5 -3 -4 8 9 -2 12 -12 -9 -6 -10
right_child=7 4 6 -5 13 -7 -8 10 14 -11 11 -13 -14 -15 -16
leaf_value=-0.00039734124195219423 0.00015237223095955664 -0.00074462039627933062 0.00016884792939456003 0.00091601250633229641 -0.001157057960933481 -9.6468773591859583e-05 0.0015496592005725673 0.00029019023335545937 0.00076506084781381841 0.00078772129082090925 -5.9940404508148649e-05 -0.0015991114416591128 0.0019527615709813307 -0.0027091255177592276 0.0021106534517863697
leaf_weight=37218 25146 43335 9007 9917 2859 75302 9009 10185 2307 32482 19452 2661 1783 2147 4180
leaf_count=37218 25146 43335 9007 9917 2859 75302 9009 10185 2307 32482 19452 2661 1783 2147 4180
internal_value=8.03978e-06 -0.000206963 0.000152818 -0.000119856 -0.000396516 -0.000333588 0.000863399 0.00042123 0.000628232 0.000511125 3.12064e-05 -0.000250619 0.000550007 -0.00185712 0.00164833
internal_weight=286990 188794 65151 47135 123643 118637 18016 98196 64115 57628 34081 22113 11968 5006 6487
internal_count=286990 188794 65151 47135 123643 118637 18016 98196 64115 57628 34081 22113 11968 5006 6487
is_linear=0
shrinkage=0.0257227


Tree=105
num_leaves=16
num_cat=0
split_feature=78 139 35 195 169 146 99 139 112 159 183 17 96 41 119
split_gain=39.2116 19.9686 18.1152 15.0096 14.2145 13.6499 13.9529 13.8786 13.5018 13.4412 13.334 10.7337 9.61333 12.4986 7.64357
threshold=-1.0000000180025095e-35 -3.1088070869445796 0.30729167163372045 0.75920242071151745 3.622047066688538 -5.5478379726409903 0.57226514816284191 -1.6941393017768858 -1.4573057293891905 -0.3693078458309173 180.50000000000003 0.45309288799762731 0.39310458302497869 0.23697916418313983 -0.094063077121973024
decision_type=2 10 8 8 10 10 8 10 8 8 2 10 10 10 10
left_child=5 2 9 10 -5 12 7 -7 -8 -2 -3 -4 14 -14 -1
right_child=1 3 11 4 -6 6 8 -9 -10 -11 -12 -13 13 -15 -16
leaf_value=-0.00032467519067605531 -0.0011188153481045482 0.0031091207926061911 -0.00055276122443911641 0.00047994623976864984 -0.0017786147576890551 0.00040114060990306026 -0.0023823823763176118 -0.0010368822925249154 -0.00035933114758315138 0.00087747528250856706 0.00043591870069557874 0.00023462736764803786 -0.00083055606668963687 0.00092328559796966525 -0.0011743829854041995
leaf_weight=10114 2497 2616 36193 87395 1801 33284 2241 5039 36509 16780 2333 16683 5818 4851 23328
leaf_count=10114 2497 2616 36193 87395 1801 33284 2241 5039 36509 16780 2333 16683 5818 4851 23328
internal_value=7.30625e-06 0.000263699 -5.82708e-05 0.000510286 0.000432679 -0.000344473 -0.000137646 0.000210166 -0.000481329 0.000615082 0.00187783 -0.000304353 -0.000704886 -3.21131e-05 -0.00091889
internal_weight=287482 166298 72153 94145 89196 121184 77073 38323 38750 19277 4949 52876 44111 10669 33442
internal_count=287482 166298 72153 94145 89196 121184 77073 38323 38750 19277 4949 52876 44111 10669 33442
is_linear=0
shrinkage=0.0257227


Tree=106
num_leaves=16
num_cat=0
split_feature=78 42 34 193 4 25 104 118 116 122 4 39 48 113 113
split_gain=39.0939 20.8472 19.1457 18.4912 13.1214 11.9486 11.028 10.6658 9.68849 8.23427 7.99763 7.9295 7.70122 5.76052 3.87766
threshold=-1.0000000180025095e-35 0.46093750000000006 0.18229166418313983 51.871061325073249 -0.51523604989051808 -0.55920514464378346 -0.19804446399211881 0.90995237231254589 -0.45944918692111963 0.33687107264995581 -1.3917315602302549 -1.1157824993133543 0.011718750000000002 -5.482379436492919 5.0985476970672616
decision_type=2 8 10 10 8 10 10 10 10 10 10 10 10 10 8
left_child=2 3 10 7 12 6 -4 -2 -7 -6 14 -5 -3 -12 -1
right_child=1 4 5 11 9 8 -8 -9 -10 -11 13 -13 -14 -15 -16
leaf_value=-0.0026389436038630003 0.00066062041843637702 -0.001662603702300858 -8.3096119790384147e-05 -0.00095168146124845958 0.00025757188774502756 -0.0010482318871015885 -0.00071805296617157878 0.0015563106053039363 0.00057194203641467258 -0.00049005371586503517 2.1485804177460519e-05 0.00026007328694009586 -0.00032717020163635589 -0.0010073304923990348 -0.0011023404055448378
leaf_weight=2459 36167 3666 46029 5084 74690 2735 29768 11674 18343 11128 4770 11492 12253 14563 2259
leaf_count=2459 36167 3666 46029 5084 74690 2735 29768 11674 18343 11128 4770 11492 12253 14563 2259
internal_value=7.64556e-06 0.00026367 -0.000344074 0.000625434 3.42783e-05 -0.000182395 -0.000332994 0.000881576 0.00035832 0.000160235 -0.00099234 -0.000114566 -0.000641966 -0.000754518 -0.00193601
internal_weight=287080 166154 120926 64417 101737 96875 75797 47841 21078 85818 24051 16576 15919 19333 4718
internal_count=287080 166154 120926 64417 101737 96875 75797 47841 21078 85818 24051 16576 15919 19333 4718
is_linear=0
shrinkage=0.0257227


Tree=107
num_leaves=15
num_cat=0
split_feature=78 139 111 155 104 111 109 111 74 109 194 41 177 95
split_gain=39.079 18.8483 17.1735 17.6413 15.9619 14.9191 16.0529 12.3867 10.7506 10.2715 8.49255 8.1838 5.90235 4.10139
threshold=-1.0000000180025095e-35 -3.0866714715957637 1.353297293186188 0.25958088040351873 0.27871149778366094 -0.64957758784294117 -1.3633467555046079 -1.2331355214118955 0.10112601146101953 -0.34048339724540705 0.02999999932944775 0.25781250000000006 16.500000000000004 0.69717258214950573
decision_type=2 10 8 8 10 10 10 10 10 8 10 10 2 10
left_child=4 2 7 -4 8 9 -7 -2 11 -3 -10 -1 -6 -14
right_child=1 5 3 -5 12 6 -8 -9 10 -11 -12 -13 13 -15
leaf_value=-0.0011513071122953339 0.0013001149550640131 -0.00059425964631641172 0.0010573673464620474 -0.00019473687593079224 -0.0024768594442041115 0.0029184519518293847 0.00070859270098269102 -0.00048065088470798477 -0.0010695971665180145 0.00036166328914372982 -1.8255365690505784e-05 -0.00034583178452808004 -0.0013713659794845567 6.733420269188433e-05
leaf_weight=12890 2673 9322 14693 14959 2400 2212 45161 41787 5396 35481 70068 23724 4638 1804
leaf_count=12890 2673 9322 14693 14959 2400 2212 45161 41787 5396 35481 70068 23724 4638 1804
internal_value=-2.18419e-06 0.000253628 -5.17904e-05 0.000426959 -0.000353906 0.000499013 0.000816863 -0.000371293 -0.000270293 0.000162013 -9.45591e-05 -0.000631427 -0.00140097 -0.000972883
internal_weight=287208 166288 74112 29652 120920 92176 47373 44460 112078 44803 75464 36614 8842 6442
internal_count=287208 166288 74112 29652 120920 92176 47373 44460 112078 44803 75464 36614 8842 6442
is_linear=0
shrinkage=0.0257227


end of trees

feature_importances:
since_lo_192=80
st_48_3.0=52
ru_6=47
dd_6=46
dd_12=45
ru_24=44
dd_48=44
dd_24=43
atrp_56=43
dc_0.5=42
ema_dist_10=41
since_lo_96=38
ru_12=35
don_pos_24=35
don_pos_12=34
tstat_96=34
since_hi_96=31
h4_di14=31
dc_ov_0.5=27
di56=24
dc_2.0=22
ru_48=21
h24_tstat_96=21
h24_adx14=21
bb_bw_50=20
bb_bw_100=19
ema_slope_100=18
st_24_4.0=18
dd_96=17
atrp_14=17
don_pos_6=14
don_pos_48=14
since_hi_192=14
h4_ema_slope_200=14
h24_di14=14
h24_mom_384=13
h24_atrp_z_14=13
cusum_p_0.25=13
ema_x_20_100=12
dd_192=11
h4_ru_96=11
macdn_32_96=11
h4_ema_slope_50=10
h24_don_pos_96=10
h4_atrp_z_14=10
cusum_d_0.25=10
ema_slope_200=9
h24_ema_slope_200=9
h24_ru_96=9
h24_vol_ratio=9
bocpd_p20=9
bb_bw_20=8
atrp_z_14=8
cusum_p_0.5=8
don_pos_96=7
ema_dist_20=7
ema_slope_400=7
st_10_3.0=7
dc_age_2.0=7
nret_63=7
cusum_n_0.25=7
since_lo_384=6
ema_slope_50=6
h4_ema_dist_200=6
h24_dd_96=6
bb_bwz_20=6
h24_bb_pctb_20=6
vwap_dist_120=6
vol_level=5
since_lo_48=5
ru_96=5
don_pos_192=5
since_hi_384=5
h24_ema_dist_200=5
bb_since_sq_50=5
atr_roc_56=5
chop_50=5
mom_48=4
since_hi_48=4
ema_slope_10=4
adx56=4
dc_ov_4.0=4
dc_age_4.0=4
h24_dc_ov_1.0=4
bb_bwz_50=4
bb_bwz_100=4
h24_bb_pctb_50=4
h24_bb_bwz_20=4
macdn_16_48=4
bocpd_p5=4
var_ratio_5_250=4
mom_192=3
dc_age_1.0=3
h4_mom_24=3
h4_mom_384=3
h4_vol_ratio=3
h24_mom_96=3
h24_ema_dist_50=3
h24_ema_slope_50=3
h24_st_24_4.0=3
cusum_age_n_0.25=3
cusum_age_p_0.5=3
cusum_age_n_0.5=3
cusum_age_p_1.0=3
liq_below_30=3
poc_dist_120=3
er_24=2
er_96=2
ru_192=2
ema_x_10_40=2
ema_x_50_200=2
tstat_384=2
adx14=2
dc_1.0=2
dc_ov_1.0=2
h4_ema_dist_50=2
h24_mom_24=2
bb_pctb_20=2
bb_bwroc_100=2
h4_bb_pctb_20=2
h4_bb_bwz_20=2
h4_atr_roc_14=2
h24_bb_bwroc_20=2
cusum_age_p_0.25=2
cusum_n_0.5=2
cusum_age_n_1.0=2
bocpd_erl=2
vol_ratio=1
mom_6=1
since_hi_6=1
mom_12=1
er_12=1
mom_96=1
er_192=1
mom_384=1
dd_384=1
ru_384=1
er_384=1
ema_dist_200=1
rsi_56=1
dc_ov_2.0=1
h4_st_24_4.0=1
h4_adx14=1
h24_er_96=1
bb_pctb_50=1
bb_since_sq_100=1
atr_roc_14=1
atrp_z_56=1
h4_bb_pctb_50=1
h4_bb_bwroc_20=1
h24_atr_roc_14=1
nret_5=1
nret_126=1
cusum_p_1.0=1
obv_slope_20=1
ema20_cross_rate_50=1
trend_r2_150=1

parameters:
[boosting: gbdt]
[objective: regression]
[metric: l2]
[tree_learner: serial]
[device_type: cpu]
[data_sample_strategy: bagging]
[data: ]
[valid: ]
[num_iterations: 108]
[learning_rate: 0.0257227]
[num_leaves: 16]
[num_threads: 4]
[seed: 0]
[deterministic: 0]
[force_col_wise: 0]
[force_row_wise: 0]
[histogram_pool_size: -1]
[max_depth: 4]
[min_data_in_leaf: 1638]
[min_sum_hessian_in_leaf: 0.001]
[bagging_fraction: 0.733612]
[pos_bagging_fraction: 1]
[neg_bagging_fraction: 1]
[bagging_freq: 1]
[bagging_seed: 7719]
[bagging_by_query: 0]
[feature_fraction: 0.3194]
[feature_fraction_bynode: 1]
[feature_fraction_seed: 2437]
[extra_trees: 0]
[extra_seed: 11797]
[early_stopping_round: 0]
[early_stopping_min_delta: 0]
[first_metric_only: 0]
[max_delta_step: 0]
[lambda_l1: 0]
[lambda_l2: 85.7232]
[linear_lambda: 0]
[min_gain_to_split: 0]
[drop_rate: 0.1]
[max_drop: 50]
[skip_drop: 0.5]
[xgboost_dart_mode: 0]
[uniform_drop: 0]
[drop_seed: 21238]
[top_rate: 0.2]
[other_rate: 0.1]
[min_data_per_group: 100]
[max_cat_threshold: 32]
[cat_l2: 10]
[cat_smooth: 10]
[max_cat_to_onehot: 4]
[top_k: 20]
[monotone_constraints: ]
[monotone_constraints_method: basic]
[monotone_penalty: 0]
[feature_contri: ]
[forcedsplits_filename: ]
[refit_decay_rate: 0.9]
[cegb_tradeoff: 1]
[cegb_penalty_split: 0]
[cegb_penalty_feature_lazy: ]
[cegb_penalty_feature_coupled: ]
[path_smooth: 0]
[interaction_constraints: ]
[verbosity: -1]
[saved_feature_importance_type: 0]
[use_quantized_grad: 0]
[num_grad_quant_bins: 4]
[quant_train_renew_leaf: 0]
[stochastic_rounding: 1]
[linear_tree: 0]
[max_bin: 255]
[max_bin_by_feature: ]
[min_data_in_bin: 3]
[bin_construct_sample_cnt: 200000]
[data_random_seed: 38]
[is_enable_sparse: 1]
[enable_bundle: 1]
[use_missing: 1]
[zero_as_missing: 0]
[feature_pre_filter: 1]
[pre_partition: 0]
[two_round: 0]
[header: 0]
[label_column: ]
[weight_column: ]
[group_column: ]
[ignore_column: ]
[categorical_feature: ]
[forcedbins_filename: ]
[precise_float_parser: 0]
[parser_config_file: ]
[objective_seed: 8855]
[num_class: 1]
[is_unbalance: 0]
[scale_pos_weight: 1]
[sigmoid: 1]
[boost_from_average: 1]
[reg_sqrt: 0]
[alpha: 0.9]
[fair_c: 1]
[poisson_max_delta_step: 0.7]
[tweedie_variance_power: 1.5]
[lambdarank_truncation_level: 30]
[lambdarank_norm: 1]
[label_gain: ]
[lambdarank_position_bias_regularization: 0]
[eval_at: ]
[multi_error_top_k: 1]
[auc_mu_weights: ]
[num_machines: 1]
[local_listen_port: 12400]
[time_out: 120]
[machine_list_filename: ]
[machines: ]
[gpu_platform_id: -1]
[gpu_device_id: -1]
[gpu_device_id_list: ]
[gpu_use_dp: 0]
[num_gpu: 1]

end of parameters

pandas_categorical:[]
