tree
version=v4
num_class=1
num_tree_per_iteration=1
label_index=0
max_feature_idx=207
objective=binary sigmoid:1
feature_names=vol_ratio vol_level mom_6 don_pos_6 dd_6 ru_6 since_hi_6 since_lo_6 er_6 mom_12 don_pos_12 dd_12 ru_12 since_hi_12 since_lo_12 er_12 mom_24 don_pos_24 dd_24 ru_24 since_hi_24 since_lo_24 er_24 mom_48 don_pos_48 dd_48 ru_48 since_hi_48 since_lo_48 er_48 mom_96 don_pos_96 dd_96 ru_96 since_hi_96 since_lo_96 er_96 mom_192 don_pos_192 dd_192 ru_192 since_hi_192 since_lo_192 er_192 mom_384 don_pos_384 dd_384 ru_384 since_hi_384 since_lo_384 er_384 ema_dist_10 ema_slope_10 ema_dist_20 ema_slope_20 ema_dist_50 ema_slope_50 ema_dist_100 ema_slope_100 ema_dist_200 ema_slope_200 ema_dist_400 ema_slope_400 ema_x_10_40 ema_x_20_100 ema_x_50_200 tstat_24 tstat_96 tstat_384 st_10_3.0 st_24_4.0 st_48_3.0 adx14 di14 adx56 di56 rsi_14 rsi_56 dc_0.5 dc_ov_0.5 dc_age_0.5 dc_1.0 dc_ov_1.0 dc_age_1.0 dc_2.0 dc_ov_2.0 dc_age_2.0 dc_4.0 dc_ov_4.0 dc_age_4.0 vol_z flow_48 flow_192 h4_mom_24 h4_mom_96 h4_mom_384 h4_ema_dist_50 h4_ema_dist_200 h4_ema_slope_50 h4_ema_slope_200 h4_don_pos_96 h4_dd_96 h4_ru_96 h4_er_96 h4_tstat_96 h4_st_24_4.0 h4_adx14 h4_di14 h4_dc_1.0 h4_dc_2.0 h4_dc_ov_1.0 h4_vol_ratio h24_mom_24 h24_mom_96 h24_mom_384 h24_ema_dist_50 h24_ema_dist_200 h24_ema_slope_50 h24_ema_slope_200 h24_don_pos_96 h24_dd_96 h24_ru_96 h24_er_96 h24_tstat_96 h24_st_24_4.0 h24_adx14 h24_di14 h24_dc_1.0 h24_dc_2.0 h24_dc_ov_1.0 h24_vol_ratio bb_pctb_20 bb_bw_20 bb_bwz_20 bb_bwroc_20 bb_since_sq_20 bb_pctb_50 bb_bw_50 bb_bwz_50 bb_bwroc_50 bb_since_sq_50 bb_pctb_100 bb_bw_100 bb_bwz_100 bb_bwroc_100 bb_since_sq_100 atrp_14 atrp_z_14 atr_roc_14 atrp_56 atrp_z_56 atr_roc_56 h4_bb_pctb_20 h4_bb_pctb_50 h4_bb_bwz_20 h4_bb_bwroc_20 h4_atrp_z_14 h4_atr_roc_14 h24_bb_pctb_20 h24_bb_pctb_50 h24_bb_bwz_20 h24_bb_bwroc_20 h24_atrp_z_14 h24_atr_roc_14 mkt_mom_21 mkt_mom_63 mkt_mom_252 mkt_ema_dist_200 mkt_breadth_200 rel_mom_63 rel_mom_252 chop_14 chop_50 ema20_cross_rate_50 var_ratio_5_250 trend_r2_50 trend_r2_150 nret_1 nret_5 nret_21 nret_63 nret_126 nret_252 macdn_8_24 macdn_16_48 macdn_32_96 cusum_p_0.25 cusum_n_0.25 cusum_age_p_0.25 cusum_age_n_0.25 cusum_d_0.25 cusum_p_0.5 cusum_n_0.5 cusum_age_p_0.5 cusum_age_n_0.5 cusum_d_0.5 cusum_p_1.0 cusum_n_1.0 cusum_age_p_1.0 cusum_age_n_1.0 cusum_d_1.0 bocpd_p5 bocpd_p20 bocpd_erl obv_slope_20 ad_slope_20 obv_slope_60 ad_slope_60
feature_infos=[-1.4085797071456909:1.0058882236480713] [-0.36584460735321045:2.161252498626709] [-7.53497314453125:5.3693866729736328] [-0.5:0.5] [-6.6395683288574219:0] [0:5.7283926010131836] [0:0.83333331346511841] [0:0.83333331346511841] [-1:1] [-5.8584146499633789:4.9530110359191895] [-0.5:0.5] [-5.7080273628234863:0] [0:4.4473018646240234] [0:0.91666668653488159] [0:0.91666668653488159] [-1:1] [-5.2622008323669434:4.864933967590332] [-0.5:0.5] [-5.2692031860351562:0] [0:4.7436118125915527] [0:0.95833331346511841] [0:0.95833331346511841] [-0.97391760349273682:0.93579161167144775] [-4.4132509231567383:4.1604561805725098] [-0.5:0.5] [-4.4657840728759766:0] [0:4.1604561805725098] [0:0.97916668653488159] [0:0.97916668653488159] [-0.87805372476577759:0.7492145299911499] [-4.260746955871582:4.4022340774536133] [-0.5:0.5] [-4.2873349189758301:0] [0:4.2959189414978027] [0:0.98958331346511841] [0:0.98958331346511841] [-0.73342913389205933:0.55970144271850586] [-3.3843979835510254:3.9695956707000732] [-0.5:0.5] [-3.3769681453704834:0] [0:3.9369614124298096] [0:0.99479168653488159] [0:0.99479168653488159] [-0.55733150243759155:0.40777584910392761] [-3.0098459720611572:3.9587223529815674] [-0.5:0.5] [-3.0514059066772461:0] [0:3.9912230968475342] [0:0.99739581346511841] [0:0.99739581346511841] [-0.43776366114616394:0.27921617031097412] [-8.7643699645996094:9.8425788879394531] [-2.7835042476654053:3.8317935466766357] [-9.9638299942016602:10.855148315429688] [-2.479015588760376:2.4423375129699707] [-28.854019165039062:11.443639755249023] [-1.7994991540908813:2.3375487327575684] [-69.765861511230469:14.813849449157715] [-1.645260214805603:1.9697855710983276] [-166.91484069824219:22.039773941040039] [-1.2808283567428589:1.8601789474487305] [-369.83694458007812:42.698673248291016] [-0.88338708877563477:1.886751651763916] [-18.877317428588867:7.7511162757873535] [-68.968673706054688:12.630456924438477] [-161.09986877441406:18.245094299316406] [-37.102706909179688:43.735408782958984] [-59.558685302734375:70.851715087890625] [-85.182655334472656:136.260009765625] [-5.7596125602722168:6.2473831176757812] [-7.510591983795166:7.4707479476928711] [-6.6161346435546875:13.360124588012695] [0.0097634280100464821:1] [-1:0.97894793748855591] [0.0045987926423549652:0.6897735595703125] [-0.72984760999679565:0.82903873920440674] [-0.5:0.5] [-0.5:0.5] [-1:1] [-10:10] [0:5.6276211738586426] [-1:1] [-10:10] [0:6.777646541595459] [-1:1] [-7.2075028419494629:10] [0:7.5673456192016602] [-1:1] [-4.5069451332092285:7.4790592193603516] [0:7.9043350219726562] [-7.295621395111084:7.8799195289611816] [-0.86769598722457886:0.89943212270736694] [-0.53674697875976562:0.57979017496109009] [-5.0340118408203125:4.6765222549438477] [-3.5635864734649658:3.8591468334197998] [-2.5127377510070801:4.5334820747375488] [-25.684585571289062:11.003108024597168] [-184.68389892578125:18.618144989013672] [-1.7475482225418091:2.1912002563476562] [-0.90218150615692139:2.1138174533843994] [-0.5:0.5] [-3.6880335807800293:0] [0:3.9251313209533691] [-0.66723936796188354:0.50160688161849976] [-48.585746765136719:75.657791137695312] [-10.680764198303223:13.319816589355469] [0.0096102086827158928:1] [-0.91977262496948242:1] [-1:1] [-1:1] [-10:9.8992805480957031] [-0.65418428182601929:1.0058882236480713] [-6.2989540100097656:3.2758603096008301] [-3.1559286117553711:3.3584849834442139] none [-11.198405265808105:8.6436100006103516] [-69.300361633300781:9.2080411911010742] [-1.0638951063156128:1.574005126953125] none [-0.5:0.5] [-3.2506129741668701:0] [0:3.4604899883270264] [-0.5729907751083374:0.51264476776123047] [-32.048759460449219:72.722412109375] [-8.1781396865844727:7.618070125579834] [0.0075526265427470207:1] [-0.92926830053329468:1] [0:0] [0:0] [0:0] [0.50757646560668945:1.0058882236480713] [-1.0562264919281006:1.0612946748733521] [-16.823110580444336:2.1392512321472168] [-14.830689430236816:4.2358555793762207] [-13.462474822998047:2.8557767868041992] [0:6.4134588241577148] [-1.679726243019104:1.7290946245193481] [-5.6298828125:2.1303112506866455] [-2.5793423652648926:3.9240133762359619] [-3.1004002094268799:2.8531739711761475] [0:7.1944370269775391] [-2.2814865112304688:2.4455313682556152] [-5.0520830154418945:2.1173763275146484] [-2.2501170635223389:3.9909491539001465] [-2.7080512046813965:2.4661073684692383] [0:7.5169773101806641] [-7.1163973808288574:1.4556529521942139] [-1.6656211614608765:4.3186826705932617] [-1.0375115871429443:2.773383617401123] [-6.8926286697387695:1.2551840543746948] [-1.6637383699417114:4.7663688659667969] [-0.87780410051345825:2.7199380397796631] [-1.0457592010498047:1.0613188743591309] [-1.6083112955093384:1.7155215740203857] [-2.0707366466522217:3.8825938701629639] [-2.8683204650878906:2.6324362754821777] [-1.3712348937988281:5.2697854042053223] [-0.92604857683181763:2.9697344303131104] [-1.0366107225418091:1.0146178007125854] [-1.5322922468185425:1.5157355070114136] [-2.0640008449554443:3.5098729133605957] [-2.2247464656829834:2.4707815647125244] [-2.3510804176330566:5.3234992027282715] [-0.96524244546890259:2.1409060955047607] [-0.46007773280143738:0.27322125434875488] [-0.72303271293640137:0.45190355181694031] [-0.81960034370422363:0.71811187267303467] [-0.63120198249816895:0.16601379215717316] [0.010854816995561123:0.96657752990722656] [-3.7327675819396973:3.7722539901733398] [-4.7843713760375977:3.4820971488952637] [0:121.97068023681641] [4.5833978652954102:82.712516784667969] [0:0.56000000238418579] [0.17281928658485413:8.0763273239135742] [1.1583368708656394e-09:0.98397445678710938] [4.0544611938642117e-12:0.98465186357498169] [-5.4181904792785645:5.4181904792785645] [-4.7298164367675781:5.1577014923095703] [-3.7015864849090576:3.6543309688568115] [-3.5363011360168457:4.1468563079833984] [-3.9424929618835449:4.9949007034301758] [-5.2676749229431152:6.90380859375] [-4.3593854904174805:4.546173095703125] [-9.3450260162353516:6.2124171257019043] [-11.067403793334961:12.247978210449219] [0:38.497196197509766] [0:38.854663848876953] [0:500] [0:500] [-38.854663848876953:38.497196197509766] [0:32.747196197509766] [0:35.604663848876953] [0:500] [0:500] [-35.604663848876953:32.747196197509766] [0:25.816255569458008] [0:29.104665756225586] [0:500] [0:500] [-29.104665756225586:25.816255569458008] [0.010046944953501225:1] [0.056064046919345856:1] [0.99000000953674316:154.050537109375] [-1:0.95790714025497437] [-0.94668436050415039:0.9838830828666687] [-0.84258866310119629:0.86242616176605225] [-0.80948859453201294:0.76258796453475952]
tree_sizes=1868 1935 1942 1944 1935 1937 1944 1944 1937 1938 1938 1944 1933 1934 1942 1950 1944 1936 1950 1943 1952 1940 1951 1937 1950 1942 1951 1943 1940 1947 1946 1943 1942 1941 1941 1946 1954 1941 1942 1954 1943 1938 1951 1944 1950 1942 1948 1944 1948 1949 1960 1957 1955 1956 1956 1939 1947 1958 1955 1943 1956 1954 1955 1946 1956 1849 1961 1952 1962 1961 1845 1957 1962 1950 1945 1952 1943 1958 1842 1944 1952 1931 1838 1940 1959 1961 1956 1944 1848 1958 1953 1948 1952 1962 1968 1853 1962 1953 1950 1968 1955 1955 1846 1845 1834 1841 1943 1972 1956 1948 1967 1835 1960 1966 1861 1967 1946 1975 1840 1844 1736 1967 1853 1957 1959 1961 1953 1962 1951 1953

Tree=0
num_leaves=16
num_cat=0
split_feature=17 70 71 18 32 18 166 17 12 32 166 168 166 166 70
split_gain=61526.9 13391.4 8870.26 2539.04 2151.27 1794.24 1774.81 1659.5 1570.17 1468.31 1166.13 990.306 643.038 603.875 584.028
threshold=-0.010804011486470698 -3.1566280126571651 2.1362384557724003 -0.56933274865150441 -0.59398615360259999 -0.11289208009839057 -0.23414029926061627 -0.43643650412559504 0.81045839190483104 -0.1925617381930351 -0.22678092867135999 0.073697000741958632 -0.23414029926061627 -0.17668706178665158 2.9133793115615849
decision_type=8 2 2 10 10 10 8 10 10 10 8 10 8 8 2
left_child=1 4 6 8 7 12 11 -1 -3 -8 -5 -2 -4 -6 -7
right_child=2 3 5 10 13 14 9 -9 -10 -11 -12 -13 -14 -15 -16
leaf_value=0.59109953556052752 0.61655564181927625 0.60590398959906511 0.63089888722953535 0.62959459003719664 0.62267787114554074 0.623722948817231 0.61441243521596078 0.59898715003657266 0.61548654343815101 0.62197916800035402 0.61433204930752305 0.63305680948506782 0.62286588354873929 0.60410185413865558 0.63010356186936545
leaf_weight=12317.65642157197 1135.0274811387062 20693.125125974417 2278.93837043643 1161.4499575793743 394.28709283471107 3310.3260176181793 22180.528201371431 9672.220042526722 4173.3842116594315 6806.9760729968548 8157.7111729383469 2115.3923743367195 18090.283657312393 3603.4788243472576 24327.126552581787
leaf_count=41513 2769 62923 4901 2999 1147 10263 67533 30873 10414 23682 27514 4945 56420 11890 80875
internal_value=0.614922 0.604028 0.623091 0.60989 0.596317 0.626974 0.617309 0.594569 0.607512 0.616189 0.616234 0.627295 0.623765 0.605934 0.629339
internal_weight=140418 60173.3 80244.6 34185.7 25987.6 48006.7 32237.9 21989.9 24866.5 28987.5 9319.16 3250.42 20369.2 3997.77 27637.5
internal_count=440661 189273 251388 103850 85423 152459 98929 72386 73337 91215 30513 7714 61321 13037 91138
is_linear=0
shrinkage=1


Tree=1
num_leaves=16
num_cat=0
split_feature=17 71 71 32 25 25 166 25 26 168 19 166 166 166 166
split_gain=59306.1 10517.1 9173.59 4136.67 2257.24 1933.11 1877.14 1639.74 1337.9 1020.32 994.505 941.318 636.397 608.37 416.006
threshold=-0.020833323709666726 -2.2485182285308833 2.1568729877471928 -0.53789442777633656 -0.38025631010532374 -0.10625555738806723 -0.23414029926061627 -0.27291117608547205 0.11650529876351358 0.073697000741958632 0.66321745514869701 -0.17089480906724927 -0.18416839092969892 -0.23414029926061627 -0.18416839092969892
decision_type=8 2 2 10 10 10 8 10 8 10 10 8 8 10 8
left_child=1 3 6 8 10 13 9 -8 -1 -2 -3 -5 -6 -4 -7
right_child=2 4 5 11 12 14 7 -9 -10 -11 -12 -13 -14 -15 -16
leaf_value=-0.02266560761081873 0.00163939840724258 -0.0077761944842190938 0.013760227543912623 0.010559735528215711 0.015244459660394708 0.019626672159822153 -0.001176354571598351 0.0059000874075470786 -0.01578963498981388 0.017987022251524307 0.0007586059996490997 -0.0082828650855942473 0.0015059194134273762 0.007773021206321137 0.014004421736985054
leaf_weight=12933.92231091857 1191.8160098046064 21383.570451557636 4262.9987894147635 596.52723327279091 809.54298040270805 3040.9344897717237 20448.699724793434 9856.1741694658995 10345.432465568185 2219.5636035054922 3186.0659725517035 5529.7086226791143 4442.5321531891823 18009.5567060709 22115.009043768048
leaf_count=44399 2883 65669 10708 1633 2111 7540 61699 33380 31963 5165 7793 17631 14839 54814 78179
internal_value=2.26138e-05 -0.0108201 0.00793666 -0.0168679 -0.00485666 0.0119768 0.00225339 0.00112515 -0.0196099 0.0122759 -0.00666945 -0.00644803 0.00362369 0.00891901 0.0146841
internal_weight=140372 59227.3 81144.8 29405.6 29821.7 47428.5 33716.3 30304.9 23279.4 3411.38 24569.6 6126.24 5252.08 22272.6 25155.9
internal_count=440406 186038 254368 95626 90412 151241 103127 95079 76362 8048 73462 19264 16950 65522 85719
is_linear=0
shrinkage=0.0142514


Tree=2
num_leaves=16
num_cat=0
split_feature=17 71 71 25 25 25 25 12 17 32 165 11 19 165 165
split_gain=57883.4 10611.1 8990.62 3867.43 2554.57 1895.82 1786.04 1500.25 994.653 845.642 634.162 582.09 467.277 404.877 302.724
threshold=-0.025423794053494927 -2.3569327592849727 2.1771470308303837 -0.74874630570411671 -0.43523782491683954 -0.2655204832553863 -0.11883472278714179 0.81045839190483104 -0.43643650412559504 -0.41186514496803278 0.15729004889726642 -0.86626544594764698 1.0562185049057009 0.15729004889726642 0.15729004889726642
decision_type=8 2 2 10 10 10 10 10 10 10 10 8 8 10 10
left_child=1 3 5 8 7 11 12 -3 -1 -5 -6 -2 -4 -7 -8
right_child=2 4 6 9 10 13 14 -9 -10 -11 -12 -13 -14 -15 -16
leaf_value=-0.022629095601927725 -0.0081479386586693747 -0.0088719499998620704 0.0063726666262979102 -0.011376972717433164 0.00085374331140786641 0.0064436168746168608 0.013904084649027072 0.00072569831358568714 -0.016052297923995956 -0.00079583870730468064 0.014623699390215354 0.00069761516804317753 0.010710354526533064 0.016138265145707927 0.019294793437990222
leaf_weight=13137.133745998144 1621.6344927698374 19977.946792498231 9156.6072476655245 5133.7261323183775 6774.5433257222176 9765.1631766557693 24074.498464614153 3964.2674444019794 7248.0904252827168 2187.8085700124502 754.93130956590176 22131.339701980352 11231.377435550094 961.02564568817616 2320.0974958837032
leaf_count=43387 4252 61334 28986 16586 21962 32492 82776 9866 22835 6965 2207 65903 30661 3015 7338
internal_value=5.32837e-05 -0.0106681 0.00786109 -0.0170998 -0.00500584 0.00233936 0.0119306 -0.00728281 -0.0202907 -0.00821517 0.00223447 9.37036e-05 0.00876225 0.0073123 0.014378
internal_weight=140440 59178.4 81261.7 27706.8 31471.7 34479.2 46782.6 23942.2 20385.2 7321.53 7529.47 23753 20388 10726.2 26394.6
internal_count=440565 185142 255423 89773 95369 105662 149761 71200 66222 23551 24169 70155 59647 35507 90114
is_linear=0
shrinkage=0.0142514


Tree=3
num_leaves=16
num_cat=0
split_feature=53 25 24 25 17 19 32 18 81 19 165 26 165 55 32
split_gain=56396.1 9561.59 9030.14 3774.12 2282.77 1877.63 1405.34 815.205 797.837 762.898 623.368 548.541 383.006 299.117 195.773
threshold=-0.14196686446666715 -0.18414448201656339 -0.40742218494415278 -0.48404434323310846 0.24683530628681186 0.46967412531375891 -0.59398615360259999 -0.1062156818807125 -1.0000000180025095e-35 0.13251620531082156 0.10043855756521226 0.67998462915420543 0.15729004889726642 1.6211826801300051 -0.4552317857742309
decision_type=8 10 8 10 10 10 10 10 2 8 10 8 10 10 10
left_child=2 4 6 5 8 -4 9 12 -2 -1 -5 -6 -3 -9 -8
right_child=1 7 3 10 11 -7 14 13 -10 -11 -12 -13 -14 -15 -16
leaf_value=-0.022793034131827598 -0.0029990926840948264 0.0092863681916784679 -0.011756262570682208 -0.0011909480428027753 0.0026605546197945957 -0.0035670823479250786 -0.0096657539207283781 0.010104346702352499 0.002218218994255422 -0.015258287776117384 0.0079567220982405297 0.0086070232688014899 0.017678725662824395 0.015062583247066181 0.0019235512430033537
leaf_weight=11754.92935615778 8261.5245499312878 12082.169967800379 22802.591384112835 7272.9111225008965 4099.9194433540106 7575.8270563483238 1018.4268142879009 2807.2310236543417 21303.944911852479 3555.2859822064638 1910.3787064403296 13609.781316041946 1215.6382156312466 20674.84751740098 417.33211249113083
leaf_count=39876 25807 40070 71153 23501 13463 19977 3373 8631 62749 10849 5947 38375 3706 72108 1416
internal_value=3.00856e-05 0.00742374 -0.011007 -0.00729388 0.00318408 -0.00971404 -0.0197791 0.0128732 0.000760335 -0.0210434 0.000712059 0.00723039 0.0100536 0.0144699 -0.00629715
internal_weight=140363 84055.1 56307.7 39561.7 47275.2 30378.4 16746 36779.9 29565.5 15310.2 9183.29 17709.7 13297.8 23482.1 1435.76
internal_count=441001 264909 176092 120578 140394 91130 55514 124515 88556 50725 29448 51838 43776 80739 4789
is_linear=0
shrinkage=0.0142514


Tree=4
num_leaves=16
num_cat=0
split_feature=53 70 71 25 25 32 25 166 19 19 166 166 166 166 166
split_gain=54674.1 10278.7 9688.33 2543.19 2437.35 1668.75 1606.82 1488.49 1234.9 1218.9 1103 751.799 631.019 450.779 400.389
threshold=-0.15635758638381955 -3.260482549667358 2.274512887001038 -0.27697926759719843 -0.49443659186363215 -0.59398615360259999 -0.097059570252895341 -0.23414029926061627 0.12754037976264956 0.46473167836666113 -0.17089480906724927 -0.20527692884206769 -0.23414029926061627 -0.1472893804311752 -0.17089480906724927
decision_type=8 2 2 10 10 10 10 8 8 10 8 8 10 10 8
left_child=1 5 3 7 9 8 12 -2 -1 -3 -6 -5 -4 -7 -8
right_child=2 4 6 11 10 13 14 -9 -10 -11 -12 -13 -14 -15 -16
leaf_value=-0.02193386720861356 0.0099002843849211267 -0.010205558562285433 0.014128081516666302 0.016058640665805177 0.012702402439123132 0.0054515028543643618 0.019339479345073615 -0.0014901088305308027 -0.014867927882371516 -0.0030316455764307312 -0.0012460630871502904 0.0059242511326344496 0.0078248904571203565 -0.010538970417400864 0.013754734346067016
leaf_weight=13091.499429762363 2583.6779598146677 15220.663683071733 3987.0134105831385 1691.6543129831553 1357.6835972815752 402.74203987419605 2991.8792374432087 23741.781215667725 8152.538619235158 7033.056693315506 7577.6755107790232 12269.979440838099 16898.246297001839 3225.1807754039764 20305.624780476093
leaf_count=43644 6073 47050 10129 4224 3472 1168 7714 72075 25179 18393 25024 41753 51610 10481 72934
internal_value=4.81664e-05 -0.0108633 0.00728991 0.00223543 -0.00541386 -0.0176968 0.0118987 -0.000372194 -0.0192223 -0.00793833 0.000873406 0.00715224 0.00902821 -0.00876378 0.014472
internal_weight=140531 56061 84469.9 40287.1 31189.1 24872 44182.8 26325.5 21244 22253.7 8935.36 13961.6 20885.3 3627.92 23297.5
internal_count=440923 174411 266512 124125 93939 80472 142387 78148 68823 65443 28496 45977 61739 11649 80648
is_linear=0
shrinkage=0.0142514


Tree=5
num_leaves=16
num_cat=0
split_feature=53 71 71 25 25 25 25 17 168 35 115 165 18 165 165
split_gain=53049.3 8963.74 8652.16 3778.36 2049.34 1656.09 1599.7 1424.36 898.222 715.536 648.402 524.169 496.761 310.375 259.466
threshold=-0.099573787301778779 2.0487561225891118 -2.0181887149810787 -0.71232008934020985 -0.097059570252895341 -0.27291117608547205 -0.43040400743484492 -0.43643650412559504 0.84575432538986217 0.26562500000000006 0.19539267569780353 0.14442942291498187 -0.24539228528738019 0.15729004889726642 0.15729004889726642
decision_type=8 2 2 10 10 10 10 10 10 8 10 8 8 10 10
left_child=2 5 3 7 12 10 9 -1 -5 -4 -2 -8 -3 -7 -6
right_child=1 4 6 8 14 13 11 -9 -10 -11 -12 -13 -14 -15 -16
leaf_value=-0.020841475755103762 0.0012210093556155621 0.0053112820343966189 -0.0026813096007303979 -0.008813335398273784 0.013747191797005112 0.0057824619896348671 0.00083370955943518543 -0.0140837528764524 0.0038062710565100653 -0.0084217790383452531 -0.0038045313038813249 0.014227149106175497 0.0096639557983791979 0.014842222169786963 0.018999368804989258
leaf_weight=13979.17491851747 14942.489049717784 7465.2814777940512 7435.3202660679817 7007.1891490519047 21515.781065046787 8402.4516368508339 5626.4002578109503 11585.775371104479 1369.3731638938189 10839.61476765573 8009.090323895216 663.40278159081936 18580.701412543654 845.2562562674284 2096.9826709926128
leaf_count=45320 42717 20981 19969 22162 75389 28060 18291 35703 4791 33099 25635 1955 57044 2651 6759
internal_value=-3.14473e-05 0.00737553 -0.0103948 -0.0150572 0.011173 0.0015189 -0.00395264 -0.017779 -0.00675031 -0.00608623 -0.000532688 0.00224647 0.00841641 0.00661063 0.0142137
internal_weight=140364 81858 58506.3 33941.5 49658.7 32199.3 24564.7 25565 8376.56 18274.9 22951.6 6289.8 26046 9247.71 23612.8
internal_count=440526 259236 181290 107976 160173 99063 73314 81023 26953 53068 68352 20246 78025 30711 82148
is_linear=0
shrinkage=0.0142514


Tree=6
num_leaves=16
num_cat=0
split_feature=17 70 71 81 32 18 166 32 17 115 165 168 166 166 166
split_gain=51544.8 10999.6 7877.81 2095.97 1784.42 1722.24 1686.95 1296 1104.94 984.992 953.339 910.495 625.303 501.748 440.202
threshold=-0.010804011486470698 -3.1908588409423824 2.1362384557724003 1.0000000180025095e-35 -0.59398615360259999 -0.16470781713724134 -0.23414029926061627 -0.1925617381930351 -0.42724025249481196 -0.19606208801269528 -0.19613663107156751 0.86137318611145031 -0.18416839092969892 -0.17089480906724927 -0.23414029926061627
decision_type=8 2 2 2 10 10 8 10 10 10 10 10 8 10 10
left_child=1 4 6 9 8 14 10 -8 -1 -3 -2 -5 -7 -6 -4
right_child=2 3 5 11 13 12 7 -9 -10 -11 -12 -13 -14 -15 -16
leaf_value=-0.021035898667908042 -0.0032186836684294129 -0.0052142518814617582 0.0118080875024 -0.0019848750559897797 0.0070556523237765368 0.018372692557184135 -0.00062779165331471336 0.0064960230810596807 -0.01454875532112228 -0.01172653534723506 0.015850702885435747 0.0082180795933668727 0.012359619498518291 -0.0097380684089955882 0.0058978449021579813
leaf_weight=13278.816095247865 672.2025465965271 12778.972857892513 3299.6922188550234 12688.027414217591 402.3968800008297 4009.6488226950169 22242.140364214778 6764.0676451921463 8912.858060374856 7477.4845492988825 2561.0341461151838 2065.5496534258127 28343.711369991302 3537.6138236224651 11411.315065786242
leaf_count=43302 1843 37398 8702 37968 1179 9912 67516 23696 27814 22804 5915 7364 98493 11480 35340
internal_value=-3.19109e-05 -0.00986466 0.00754896 -0.00464231 -0.0168613 0.0112665 0.00212186 0.00103345 -0.0184305 -0.00761823 0.0118861 -0.000556401 0.0131049 -0.00802283 0.00722356
internal_weight=140446 61141.7 79303.8 35010 26131.7 47064.4 32239.4 29006.2 22191.7 20256.5 3233.24 14753.6 32353.4 3940.01 14711
internal_count=440726 189309 251417 105534 83775 152447 98970 91212 71116 60202 7758 45332 108405 12659 44042
is_linear=0
shrinkage=0.0142514


Tree=7
num_leaves=16
num_cat=0
split_feature=69 71 70 166 25 25 32 32 147 166 166 168 26 166 48
split_gain=50392.5 12968.6 5458.48 2836.29 2172.75 2169.01 1748.19 1516.09 1362.02 710.968 649.294 626.103 572.852 477.655 334.894
threshold=-1.5593331456184385 2.0258235931396489 -3.5030272006988521 -0.23414029926061627 -0.12199417501688002 -0.2886227667331695 -0.38395300507545466 -0.58176860213279713 0.22650399059057238 -0.22678092867135999 -0.60884830355644215 0.82023268938064586 0.079573508352041258 -0.18416839092969892 0.092447917908430113
decision_type=2 2 2 8 10 10 10 10 8 10 8 10 8 8 10
left_child=2 3 7 8 9 -5 10 12 -2 -3 -4 -8 -1 -6 -9
right_child=1 4 6 5 13 -7 11 14 -10 -11 -12 -13 -14 -15 -16
leaf_value=-0.02132888281226894 0.017298372846232132 0.01275327937367886 0.0037091887486613642 -0.0028399631542871846 0.018796506307397858 0.0049099378325200577 -0.0030001648565987958 -0.013427297276231584 0.0013199186794777839 0.0065333887909375639 -0.010042443569983898 0.0089761453450815827 -0.016241432723042581 0.012937187049724734 -0.0031194252137040136
leaf_weight=10417.54603767395 2730.5449291914701 4621.9885303974152 723.15233664214611 30039.666807219386 3216.2632416337729 9704.2057606726885 3134.3214757442474 1119.3981029838324 1796.2794476151466 19396.754001319408 19523.217217981815 1236.2047535181046 7909.9589795023203 23292.768009975553 1495.2694839686155
leaf_count=34622 6643 11741 1776 90505 8225 33166 9843 3262 4107 59215 59806 4510 24256 84281 4888
internal_value=-1.87613e-05 0.00590108 -0.0123367 0.000269741 0.0108351 -0.000947676 -0.00778673 -0.0176849 0.0109581 0.00773033 -0.00955126 0.000387413 -0.0191333 0.0136481 -0.00753266
internal_weight=140358 94798.5 45559.1 44270.7 50527.8 39743.9 24616.9 20942.2 4526.82 24018.7 20246.4 4370.53 18327.5 26509 2614.67
internal_count=440846 297883 142963 134421 163462 123671 75935 67028 10750 70956 61582 14353 58878 92506 8150
is_linear=0
shrinkage=0.0142514


Tree=8
num_leaves=16
num_cat=0
split_feature=69 17 70 166 25 147 25 25 25 19 166 166 95 84 166
split_gain=49235 11565.6 5536.98 3212.6 2165.25 1766.58 1526.03 1456.15 1445.37 743.174 613.073 563.749 406.839 387.028 344.455
threshold=-1.5236610770225523 0.29892407357692724 -3.4757547378540035 -0.23414029926061627 -0.27697926759719843 0.37333618104457861 -0.47381703555583948 -0.097059570252895341 -0.84228864312171925 0.24120762944221499 -0.60884830355644215 -0.23414029926061627 1.0046458244323733 1.0000000180025095e-35 -0.18416839092969892
decision_type=2 10 2 8 10 8 10 10 10 10 8 8 8 2 8
left_child=2 3 8 5 -5 -2 10 11 9 -1 -4 -3 -8 -10 -9
right_child=1 7 6 4 -6 -7 12 14 13 -11 -12 -13 -14 -15 -16
leaf_value=-0.020221053001002333 0.016801900376160857 0.015663967541524625 0.0041365773338455612 -0.0018738882453550188 0.0051618262813708429 -0.0014016496648690813 0.0043365589024076086 0.018341385676603331 -0.016127480148720875 -0.010343686692918208 -0.0094423671570754274 0.0076954897334597086 -0.0047984519667199589 -0.0073798881239859849 0.013069600032829972
leaf_weight=15223.122495785356 3863.9859386086464 2002.7811029702425 698.9645050317049 32726.105646491051 12194.314525648952 1504.2973887622356 2392.2413267046213 2866.4196168929338 1529.7212972044945 1722.3618349283934 19921.810005337 18100.524551182985 1689.4410279095173 3127.9405135512352 20691.477073475718
leaf_count=48753 8986 4520 1704 97355 41761 3522 8171 7398 5278 4848 60618 56831 5493 10034 75583
internal_value=1.25053e-05 0.00594045 -0.0120148 0.0012813 3.60651e-05 0.011701 -0.00740616 0.0113068 -0.0172845 -0.0192171 -0.00898208 0.00848939 0.00055549 -0.010253 0.0137111
internal_weight=140256 93949.9 46305.6 50288.7 44920.4 5368.28 24702.5 43661.2 21603.1 16945.5 20620.8 20103.3 4081.68 4657.66 23557.9
internal_count=440855 295956 144899 151624 139116 12508 75986 144332 68913 53601 62322 61351 13664 15312 82981
is_linear=0
shrinkage=0.0142514


Tree=9
num_leaves=16
num_cat=0
split_feature=17 70 25 25 71 32 12 19 166 166 166 19 18 166 147
split_gain=47531.2 10475.5 6957.27 2325.68 1990.8 1542.22 1488.99 1374.11 1290.37 1012.81 630.239 583.949 544.413 464.976 240.656
threshold=0.010492173954844477 -3.1236095428466792 -0.15731643140316007 -0.4446782767772674 1.9351665973663332 -0.59398615360259999 0.83703899383544933 0.12754037976264956 -0.23414029926061627 -0.16501159965991971 -0.18416839092969892 1.1064165830612185 -0.10012818127870558 -0.17089480906724927 0.15307138115167621
decision_type=8 2 10 10 2 10 10 8 8 8 8 8 10 8 10
left_child=1 5 4 6 8 7 -3 -1 -2 -5 14 -6 -12 -7 -4
right_child=2 3 10 9 11 13 -8 -9 -10 -11 12 -13 -14 -15 -16
leaf_value=-0.020052618024223198 0.011447715970359722 -0.0077032099653299184 0.019341169795269987 0.012522304089024718 0.0048220385963179072 0.0067533294426320896 0.0015081552244357265 -0.013050475266644952 0.00011609347534210753 -7.0785918604030984e-05 0.0090262547139022594 0.0096826044145075629 0.013262069883480252 -0.0092771189380910796 0.0091589551075031642
leaf_weight=13545.792201444507 2251.1940952390432 22169.389046564698 3443.7432629615068 1538.5140038728714 10052.610224619508 407.00980395078659 4246.9752203822136 9818.7221581935883 21856.452741667628 8265.47521930933 9098.7522346675396 10028.504651769996 19102.278916329145 3782.0855784416199 546.40372957289219
leaf_count=44080 5418 66849 9148 4006 31651 1198 10450 29605 67626 27602 31915 27550 70112 12283 1164
internal_value=2.25878e-05 -0.00906007 0.00760622 -0.0040223 0.00393507 -0.0156824 -0.00622229 -0.0171101 0.00117428 0.00190548 0.0126456 0.00724943 0.0118955 -0.00771954 0.017947
internal_weight=140154 63774 76379.9 36220.4 44188.8 27553.6 26416.4 23364.5 24107.6 9803.99 32191.2 20081.1 28201 4189.1 3990.15
internal_count=440657 196073 244584 108907 132245 87166 77299 73685 73044 31608 112339 59201 102027 13481 10312
is_linear=0
shrinkage=0.0142514


Tree=10
num_leaves=16
num_cat=0
split_feature=53 71 71 25 166 25 25 25 17 168 12 166 166 151 166
split_gain=46077 8157.86 7247.54 3394.71 1826.06 1693.16 1452.3 1391.91 1355.68 805.003 771.308 769.376 641.872 596.763 463.346
threshold=-0.057169761508703225 -2.0181887149810787 2.1144413948059086 -0.71232008934020985 -0.23414029926061627 -0.11564068868756293 -0.43523782491683954 -0.27291117608547205 -0.41860423982143397 0.84575432538986217 0.81672874093055736 -0.18416839092969892 -0.23414029926061627 0.037645379081368453 -0.18416839092969892
decision_type=8 2 2 10 8 10 10 10 10 10 10 8 8 8 8
left_child=1 3 4 8 13 12 10 -6 -1 -5 -3 -8 -4 -2 -7
right_child=2 6 5 9 7 14 11 -9 -10 -11 -12 -13 -14 -15 -16
leaf_value=-0.01906478115021212 0.015129203482457873 -0.0066213210146100591 0.014781458888046928 -0.0079728033357281611 -0.0012204636874370881 0.018482653163221761 0.013529612212965456 0.0055173981193646004 -0.012438033186106907 0.0038311691348309148 0.0011247070592802985 0.00024960016997583993 0.0069929244463624992 -0.0015074820645354589 0.012551026003915854
leaf_weight=15564.948095932603 2601.37552729249 15983.213474601507 2415.3109116852283 7073.7415204197168 20075.179020047188 3041.2659315913916 1036.5082096159458 9027.1429427713156 10500.598131626844 1406.7625075280666 3120.6200235038996 6102.0784691572189 19498.641552656889 526.53419664502144 22207.919198334217
leaf_count=49264 6129 47462 5269 22269 60814 7923 2729 31187 31767 4923 7604 20251 60210 1487 81498
internal_value=4.09278e-05 -0.00929669 0.00719039 -0.013847 0.00198166 0.0107499 -0.00330659 0.000869536 -0.0163952 -0.00601472 -0.005356 0.00217793 0.0078514 0.0123287 0.0132655
internal_weight=140182 60788.5 79393.4 34546.1 32230.2 47163.1 26242.4 29102.3 26065.5 8480.5 19103.8 7138.59 21914 3127.91 25249.2
internal_count=440786 186269 254517 108223 99617 154900 78046 92001 81031 27192 55066 22980 65479 7616 89421
is_linear=0
shrinkage=0.0142514


Tree=11
num_leaves=16
num_cat=0
split_feature=17 70 70 25 32 25 18 12 17 69 165 165 168 169 163
split_gain=45165.1 9218.93 7150.52 2271.66 1415.36 1402.12 1299.2 1181.49 1004.42 850.81 749.411 377.942 300.117 299.046 293.046
threshold=-0.010804011486470698 -3.1908588409423824 3.1828998327255253 -0.4446782767772674 -0.52149420976638783 -0.2543675005435943 -0.16147438436746595 0.81045839190483104 -0.43181829154491419 2.5293332338333134 0.15729004889726642 0.16141229122877124 0.82820320129394542 0.051737008616328246 -0.01471056370064616
decision_type=8 2 2 10 10 10 10 10 10 2 10 10 10 8 8
left_child=1 4 5 7 8 9 13 -3 -1 -2 -5 -7 -8 -4 -6
right_child=2 3 6 10 14 11 12 -9 -10 -11 -12 -13 -14 -15 -16
leaf_value=-0.01890388969504515 6.5693047208762557e-05 -0.0077192008149090672 0.0096829068839155031 0.00060829458486146677 -0.00020925058070887044 0.0062956748910725146 0.012384655541937682 0.00053743494993364156 -0.013046821644597974 0.0070168619160207507 0.014635116171772808 0.015877249664983124 0.0159459523903125 0.0050437400228025625 -0.01032444716724468
leaf_weight=14062.136435329914 23192.475093349814 21968.728438064456 5854.4065822213888 7942.1718719601631 1272.7762339860201 10722.705750837922 21579.993575468659 4191.6023971736431 10305.358242988586 4228.2527283281088 857.03162893652916 906.81135226786137 6184.4099940061569 5449.1033276617527 1071.3031780868769
leaf_count=44817 68835 66216 17378 25793 4196 36572 71252 10438 31686 11927 2548 2889 24994 17225 3302
internal_value=1.13404e-05 -0.00910579 0.00720894 -0.00428935 -0.0154094 0.00289623 0.0115197 -0.00639626 -0.0164269 0.00113757 0.00197458 0.00704287 0.013178 0.00744653 -0.00483229
internal_weight=139789 61671.1 78118.2 34959.5 26711.6 39050.2 39067.9 26160.3 24367.5 27420.7 8799.2 11629.5 27764.4 11303.5 2344.08
internal_count=440068 188996 251072 104995 84001 120223 130849 76654 76503 80762 28341 39461 96246 34603 7498
is_linear=0
shrinkage=0.0142514


Tree=12
num_leaves=16
num_cat=0
split_feature=17 70 70 25 166 11 32 25 12 165 166 26 166 166 25
split_gain=43597.9 9279.93 6911.09 2221.32 1761.21 1446.33 1370.43 1098.72 1080.64 892.18 884.424 844.747 524.465 393.229 298.824
threshold=-0.010804011486470698 -3.260482549667358 3.1109341382980351 -0.43040400743484492 -0.23414029926061627 -0.21100243926048276 -0.54837051033973683 -0.23228178173303601 0.85035923123359691 -0.11370706558227538 -0.16501159965991971 0.08573284745216371 -0.17089480906724927 -0.23414029926061627 -0.57736167311668385
decision_type=8 2 2 10 8 10 10 10 10 10 8 8 8 8 10
left_child=1 6 4 8 9 13 11 -6 -3 -2 -5 -1 -7 -4 -8
right_child=2 3 5 10 7 12 14 -9 -10 -11 -12 -13 -14 -15 -16
leaf_value=-0.01930930052294352 0.0027800477160189563 -0.0072642645550696884 0.015461595819608679 0.013104360587508584 0.00022386692674923497 0.017911549835587629 -0.0088242626495297141 0.0063574543345776167 0.00092051585378666453 0.016631862796293629 0.000247085623350721 -0.013848816007562223 0.012159548003445181 0.006119413505703962 0.0017263751545275581
leaf_weight=11575.290801689029 1490.6660745292902 24438.93254058063 1001.9320186823606 1292.9408598691225 25921.50541561842 3694.0071091353893 1965.0290274173021 7691.7265845388174 3783.5181453973055 2577.1817741841078 6808.078114926815 11444.134356960654 25082.19793087244 10556.108911141753 754.56721904873848
leaf_count=37769 3776 73374 2182 3401 78748 9661 6071 27312 9295 5967 22853 34367 89781 33781 2565
internal_value=-3.59387e-06 -0.00891778 0.00708779 -0.00427883 0.00269927 0.0111876 -0.0154643 0.00162743 -0.00616701 0.011556 0.00229922 -0.0165947 0.012898 0.00692933 -0.00589695
internal_weight=140078 62062.5 78015.3 36323.5 37681.1 40334.2 25739 33613.2 28222.5 4067.85 8101.02 23019.4 28776.2 11558 2719.6
internal_count=440903 189695 251208 108923 115803 135405 80772 106060 82669 9743 26254 72136 99442 35963 8636
is_linear=0
shrinkage=0.0142514


Tree=13
num_leaves=16
num_cat=0
split_feature=17 71 25 32 71 25 166 166 26 12 166 166 19 168 147
split_gain=43057.2 7456.92 6815.13 3061.18 1911.26 1776.8 1411.29 1106.6 948.392 947.134 626.067 598.741 547.738 473.5 274.209
threshold=-0.010804011486470698 -2.2485182285308833 -0.15731643140316007 -0.59398615360259999 2.0258235931396489 -0.38025631010532374 -0.23414029926061627 -0.23414029926061627 0.091951616108417525 0.88496968150138866 -0.16501159965991971 -0.18416839092969892 1.0807641148567202 0.82820320129394542 0.14558893442153933
decision_type=8 2 10 10 2 10 8 8 8 10 8 8 8 10 10
left_child=1 3 4 8 6 9 -2 -5 -1 -3 -7 14 -6 -13 -4
right_child=2 5 11 7 12 10 -8 -9 -10 -11 -12 13 -14 -15 -16
leaf_value=-0.019291730987646073 0.011083182218885958 -0.0065752836233694857 0.018980869005554752 0.013358726987315061 0.0044873211376506182 0.013857655461238036 0.00014745175231052404 -0.0076877964470624931 -0.013467621928393384 0.001487575246260076 0.001195182037149026 0.010379273316723749 0.0093904698441281565 0.014692552445082262 0.0079459793586255552
leaf_weight=11807.748274385929 2652.2618061006069 22426.320473581553 3306.7821564823389 544.12534223496914 8638.861973553896 960.33321610093117 24882.404826149344 7506.703352689743 10941.637572690845 3408.7896355241537 4551.5318600088358 20859.905796229839 9965.8839485645294 6872.8028120845556 530.91456525027752
leaf_count=38543 6463 67145 9020 1472 27597 2590 77405 23253 32895 8309 15402 74560 27535 27675 1149
internal_value=4.71853e-06 -0.0088376 0.00707622 -0.0138178 0.00358512 -0.00394424 0.00120085 -0.00626525 -0.0164906 -0.00551144 0.00340149 0.0121784 0.00711378 0.0114482 0.0174544
internal_weight=139857 62147.2 77709.8 30800.2 46139.4 31347 27534.7 8050.83 22749.4 25835.1 5511.87 31570.4 18604.7 27732.7 3837.7
internal_count=441013 189609 251404 96163 139000 93446 83868 24725 71438 75454 17992 112404 55132 102235 10169
is_linear=0
shrinkage=0.0142514


Tree=14
num_leaves=16
num_cat=0
split_feature=53 70 70 166 25 32 25 18 81 151 10 166 166 166 147
split_gain=41318.4 7993.6 7522.25 2170.57 1815.44 1426.06 1415.91 1317.2 871.21 848.644 815.858 766.08 388.505 338.664 285.694
threshold=-0.099573787301778779 -3.2257666587829585 3.2306396961212163 -0.23414029926061627 -0.43523782491683954 -0.53227096796035755 -0.26176400482654566 -0.11289208009839057 -1.0000000180025095e-35 0.15139579772949222 -0.38888643682003016 -0.22009155154228208 -0.23414029926061627 -0.17089480906724927 -0.33201208710670466
decision_type=8 2 2 8 10 10 10 10 2 8 10 8 8 8 10
left_child=1 5 3 9 8 10 -5 12 -3 -2 -1 -6 -4 -9 -7
right_child=2 4 7 6 11 14 -8 13 -10 -11 -12 -13 -14 -15 -16
leaf_value=-0.017843282699518095 0.014422448945967919 -0.0087957558168203238 0.015289709644022842 -0.00036712799290234289 0.01445509519786491 0.0057348178757336207 0.0055990671678039132 0.017970004141075354 -0.0035653573125474002 -0.003513568759032604 -0.012349338630706714 0.00028135270595961944 0.0072102721486333498 0.012779682782551932 -0.0067934192767085391
leaf_weight=15443.33849555254 3873.697058647871 12431.40521940589 1331.3157881498337 26258.283271044493 883.16532081365585 453.74140653014183 11669.349235877395 2921.4883759021759 13483.555733039975 621.76187857985497 8518.9720677435398 6291.8479346632957 13135.304809078574 20280.412576675415 1994.7894286513329
leaf_count=48658 9087 36631 3016 79403 2331 1597 40936 7879 38772 1771 25983 20823 42818 74381 6187
internal_value=1.09645e-05 -0.00898466 0.0066939 0.00257835 -0.00431794 -0.0148316 0.00146852 0.0113289 -0.00607439 0.0119417 -0.0158901 0.00202609 0.00795386 0.0134333 -0.00447171
internal_weight=139592 59500.8 80091.6 42423.1 33090 26410.8 37927.6 37668.5 25915 4495.46 23962.3 7175.01 14466.6 23201.9 2448.53
internal_count=440273 180982 259291 131197 98557 82425 120339 128094 75403 10858 74641 23154 45834 82260 7784
is_linear=0
shrinkage=0.0142514


Tree=15
num_leaves=16
num_cat=0
split_feature=53 70 25 18 166 69 32 166 12 19 165 166 166 32 147
split_gain=40338.8 8362.75 6419.96 2034.16 1981.79 1526.92 1257.83 1150.51 1053.34 1017.25 810.521 580.112 565.07 474.68 220.608
threshold=-1.0000000180025095e-35 -3.2257666587829585 -0.14748862385749814 -0.56933274865150441 -0.23414029926061627 2.4007570743560795 -0.62920069694519032 -0.18416839092969892 0.81045839190483104 0.24120762944221499 -0.11370706558227538 -0.18416839092969892 -0.18416839092969892 -0.046978944912552827 0.077781163156032576
decision_type=8 2 10 10 8 2 10 8 10 10 10 8 8 10 10
left_child=1 6 4 8 10 -6 9 -5 -3 -1 -2 -8 14 -14 -4
right_child=2 3 12 7 5 -7 11 -9 -10 -11 -12 -13 13 -15 -16
leaf_value=-0.017295697566106032 0.0041367650975375203 -0.0073965394432467671 0.018978274096338971 0.011916259788322088 0.00077111578406664088 0.0066183281406012959 0.0080913848894053932 -0.00089650674823299687 0.0012167094553077133 -0.0091060758621618419 0.01686237297306302 -0.0093800586086644679 0.0095774291293343871 0.013415336821932669 0.009818039457291771
leaf_weight=18266.798402503133 1534.1231610924006 22015.328756198287 3017.5107934176922 1662.4901664406061 28094.08142195642 13395.556251704693 423.90911418199539 9894.723718225956 3318.3680002987385 3705.5835676640272 3013.2555204182863 4309.9397510141134 13903.356267958879 12369.325699716806 649.03857751190662
leaf_count=57670 3740 64691 8471 4345 87973 40593 1244 32980 8059 10517 6857 13698 48542 49092 1373
internal_value=-3.09573e-05 -0.00840507 0.00697873 -0.00400801 0.00363791 0.00265898 -0.014479 0.000946644 -0.00626832 -0.0159146 0.0125693 -0.00781544 0.0121158 0.0113844 0.0173569
internal_weight=139573 63597.1 75976.2 36890.9 46037 41489.6 26706.2 11557.2 25333.7 21972.4 4547.38 4733.85 29939.2 26272.7 3666.55
internal_count=439845 193204 246641 110075 139163 128566 83129 37325 72750 68187 10597 14942 107478 97634 9844
is_linear=0
shrinkage=0.0142514


Tree=16
num_leaves=16
num_cat=0
split_feature=69 18 70 11 70 166 32 32 166 166 124 81 166 4 166
split_gain=38824 10012.5 4161.08 2607.06 1713.68 1673.89 1223.2 1047.66 944 605.353 590.909 571.065 508.026 428.169 383.911
threshold=-1.5236610770225523 -0.25628493726253504 -3.4757547378540035 -0.67288470268249501 -0.5504014492034911 -0.23414029926061627 -0.36154079437255854 -0.62920069694519032 -0.17089480906724927 -0.73506680130958546 -1.0000000180025095e-35 -1.0000000180025095e-35 -0.17668706178665158 -1.2622655630111692 -0.14154157042503354
decision_type=2 10 2 8 2 8 10 10 8 8 10 2 8 10 10
left_child=2 3 7 13 12 -5 11 9 -6 -1 -8 -4 -3 -2 -9
right_child=1 4 6 5 8 -7 10 14 -10 -11 -12 -13 -14 -15 -16
leaf_value=0.00016418639266223186 -0.010918768252038363 0.011932160049801266 -0.0097747505713488576 0.012375661154924007 0.017064046485881307 0.0016927014793831061 0.00724110241432987 0.0046864306779941124 0.010461807706900842 -0.016832209493607472 -0.0041017233717589533 -0.0050109606544735596 0.002029126555181387 -0.0038122703757292984 -0.009766853427440287
leaf_weight=435.98786114156246 2103.2399946600199 1277.3289632797241 12742.412048697472 3284.0610676407814 5066.7030906677246 32057.895751476288 1677.8823561221361 420.84923818707466 33360.699090376496 17880.038871720433 2100.5394332557917 8534.0920962691307 5966.453972607851 9498.2783355861902 3298.9029600918293
leaf_count=1102 5600 3125 38410 7734 13462 98998 5688 1205 120119 55989 6789 25156 20016 27096 10228
internal_value=2.59944e-05 0.0053831 -0.01051 0.000761171 0.0101338 0.00268541 -0.00653701 -0.0150272 0.0113323 -0.0164276 0.000935315 -0.00786399 0.00377546 -0.00510066 -0.00813157
internal_weight=139705 92614.7 47090.7 46943.5 45671.2 35342 25054.9 22035.8 38427.4 18316 3778.42 21276.5 7243.78 11601.5 3719.75
internal_count=440717 296150 144567 139428 156722 106732 76043 68524 133581 57091 12477 63566 23141 32696 11433
is_linear=0
shrinkage=0.0142514


Tree=17
num_leaves=16
num_cat=0
split_feature=17 70 25 25 166 17 71 166 32 151 166 166 166 168 147
split_gain=37943.1 9629.21 4742.4 2026.05 1453.71 1450.37 1175.65 1138.95 996.822 935.949 684.682 454.577 436.628 398.528 282.442
threshold=0.08064518123865129 -3.0223714113235469 -0.1345531344413757 -0.34973129630088801 -0.23414029926061627 -0.39716784656047815 2.4581433534622197 -0.17089480906724927 -0.66728737950325001 0.042525459080934531 -0.18416839092969892 -0.60884830355644215 -0.17089480906724927 0.81720325350761425 0.084155511111021056
decision_type=8 2 10 10 8 10 2 8 10 8 8 8 8 10 10
left_child=1 5 4 7 9 8 -6 -3 -1 -2 -5 -7 14 -14 -4
right_child=2 3 12 10 6 11 -8 -9 -10 -11 -12 -13 13 -15 -16
leaf_value=-0.017569750524254274 0.015792392601088188 0.0022400619335902106 0.018528207496121472 0.014607977324681715 0.0018629052592879951 0.0025087881301914961 0.0074932043692832956 -0.0053149484111763385 -0.008623156383257025 -0.0020967377469144899 0.0022179680690310546 -0.010271923858777851 0.010313641115015296 0.014427330848875519 0.0078970323585374393
leaf_weight=14679.147963821888 3300.9588899314404 4704.7343143224716 2991.7885373681784 1061.1717459559441 25248.500314429402 593.98826238512993 10734.87885145843 29245.288387224078 3056.2145056724548 724.33512800931931 6187.7269684672356 11660.41125895083 17942.48344001174 6522.4760086387396 611.40353812277317
leaf_count=45998 7433 11982 8580 2901 79360 1471 33004 87524 9330 2019 21095 35946 65347 26812 1331
internal_value=-5.14651e-06 -0.00727954 0.00760177 -0.00280764 0.0044512 -0.0134229 0.0035426 -0.00426799 -0.0160281 0.0125733 0.00403185 -0.00965242 0.0120926 0.0114104 0.0167244
internal_weight=139266 71188.7 68076.8 41198.9 40008.7 29989.8 35983.4 33950 17735.4 4025.29 7248.9 12254.4 28068.2 24465 3603.19
internal_count=440133 216247 223886 123502 121816 92745 112364 99506 55328 9452 23996 37417 102070 92159 9911
is_linear=0
shrinkage=0.0142514


Tree=18
num_leaves=16
num_cat=0
split_feature=53 71 71 25 25 81 166 168 123 166 166 168 166 167 166
split_gain=37383.1 6270.32 6105.73 2559.1 1626.46 1603.12 1473.62 1059.04 732.857 682.476 654.065 611.137 497.795 438.051 316.007
threshold=-0.043294338509440415 2.0487561225891118 -2.2485182285308833 -0.71232008934020985 -0.097059570252895341 -1.0000000180025095e-35 -0.23414029926061627 0.82820320129394542 13.847599506378176 -0.23414029926061627 -0.73506680130958546 0.84575432538986217 -0.17089480906724927 -0.128162145614624 -0.18416839092969892
decision_type=8 2 2 10 10 2 8 8 8 8 8 10 10 2 8
left_child=2 6 3 10 9 12 13 -8 -7 -3 -1 -5 -4 -2 -6
right_child=1 4 5 11 14 8 7 -9 -10 -11 -12 -13 -14 -15 -16
leaf_value=0.00088945271040956103 0.006016258367680328 0.014078944228655698 -0.0015093636053020779 -0.0071043323358270828 0.017353510271625568 0.0029785571746079715 -0.00095849002472678257 0.0057550655346632557 -0.0030587399782549462 0.0065407420605297006 -0.015237152397906292 0.003952187830537965 -0.0089906866720870244 0.017261876369763021 0.012062074157073733
leaf_weight=522.10905481874943 1478.9113629758358 2741.8839439153671 2195.6930998712778 6094.4820483326912 2596.3851101845503 6161.7635358870029 21256.717604383826 6153.7592756897211 12108.322483569384 22106.539002612233 23573.179315924644 1218.294399574399 10188.773100286722 1341.9356905370951 19592.080836892128
leaf_count=1291 3481 6281 5687 18757 7213 18926 66030 20343 35505 70837 72379 4184 31013 3602 74829
internal_value=6.25839e-06 0.00662213 -0.00823053 -0.0126466 0.00987684 -0.00370586 0.00155813 0.000548739 -0.0010226 0.00737257 -0.0148877 -0.00526232 -0.00766431 0.0113663 0.0126813
internal_weight=139331 77268.2 62062.6 31408.1 47036.9 30654.6 30231.3 27410.5 18270.1 24848.4 24095.3 7312.78 12384.5 2820.85 22188.5
internal_count=440358 252616 187742 96611 159160 91131 93456 86373 54431 77118 73670 22941 36700 7083 82042
is_linear=0
shrinkage=0.0142514


Tree=19
num_leaves=16
num_cat=0
split_feature=17 25 69 25 69 25 166 12 33 168 166 166 25 166 147
split_gain=36123.5 6074.21 5967.67 2731.92 1718.14 1398.6 1096.51 1077.76 696.408 627.243 614.998 577.481 559.351 451.109 251.284
threshold=-0.010804011486470698 -0.15731643140316007 -2.3139513731002803 -0.63141080737113942 2.4007570743560795 -0.41197371482849116 -0.23414029926061627 0.81045839190483104 0.040940882638096816 0.84575432538986217 -0.18416839092969892 -0.18416839092969892 -0.069563016295433031 -0.23414029926061627 0.084155511111021056
decision_type=8 10 2 10 2 10 8 8 8 10 8 8 10 8 10
left_child=2 4 3 8 6 7 -2 -4 -1 -5 -7 14 -13 -6 -3
right_child=1 11 5 9 13 10 -8 -9 -10 -11 -12 12 -14 -15 -16
leaf_value=-0.018103511733424747 0.0094570679324636076 0.01840331764868948 -0.0068791214681703733 -0.0053730098854979013 0.014935420556363682 0.012609403734252974 0.00055220583028481242 0.00015264858219230572 -0.012801293772293594 0.0068333679336422268 0.00045377240716092576 0.0080787486723861192 0.012314108985490107 0.006537701517053662 0.0086471936793313178
leaf_weight=6666.7221881896257 3113.6363997012377 3081.8468241244555 17712.547155961394 4178.3168836385012 1447.4058159589767 991.76495261490345 28652.7737544626 5902.1800065040588 20513.378079071641 1074.9524887800217 5724.1634145081043 10140.404002070427 16870.55305121839 12688.190752178431 649.33305904269218
leaf_count=21704 7714 8884 53261 12828 3150 2674 89496 15195 60964 3828 19049 36834 65173 38778 1422
internal_value=-1.71936e-05 0.00654767 -0.00803386 -0.0122835 0.00326432 -0.00348961 0.00142505 -0.00512163 -0.0141019 -0.00287523 0.00224893 0.0114501 0.0107241 0.00739764 0.0167056
internal_weight=139408 76644.1 62764 32433.4 45902 30330.7 31766.4 23614.7 27180.1 5253.27 6715.93 30742.1 27011 14135.6 3731.18
internal_count=440954 251451 189503 99324 139138 90179 97210 68456 82668 16656 21723 112313 102007 41928 10306
is_linear=0
shrinkage=0.0142514


Tree=20
num_leaves=16
num_cat=0
split_feature=53 70 25 81 166 71 25 168 151 159 19 166 18 84 165
split_gain=35796 7188.21 5824.44 2204.83 1665.74 1575.92 946.416 911.166 888.94 875.375 582.931 564.56 499.151 423.601 234.928
threshold=-1.0000000180025095e-35 -3.4149982929229732 -0.16064986586570737 1.0000000180025095e-35 -0.23414029926061627 2.5078302621841435 -0.87685832381248463 0.86137318611145031 0.045633692294359214 0.33565500378608709 0.25081381201744085 -0.17089480906724927 -0.097052697092294679 1.0000000180025095e-35 -0.10763223841786383
decision_type=8 2 10 2 8 2 10 10 10 10 10 8 10 2 10
left_child=1 6 4 9 8 -6 10 -5 -2 -3 -1 14 -13 -8 -4
right_child=2 3 11 7 5 -7 13 -9 -10 -11 -12 12 -14 -15 -16
leaf_value=-0.016654727525003434 0.014882523789218265 -0.005966354166180441 0.0070158768603811057 -0.0015669042746955836 0.00076937150297357168 0.0073583722282346371 -0.014405431430289913 0.0082232868690136057 -0.0019343506840841737 -0.014146493802857677 -0.0083022901657881024 0.0079343504657681963 0.012018316108006953 -0.0064387735034907448 0.017604632123300528
leaf_weight=15778.385252788663 3467.0519147664309 20310.792193636298 483.51307283341885 14668.70128017664 29840.486819818616 9791.5623984932899 2074.64191429317 2223.3810564279556 782.47726888954639 3056.8806704580784 1901.8412802666426 9221.3745091855526 17836.486764371395 3911.4290069192648 3557.1107462495565
leaf_count=48833 7991 59503 1180 43638 93547 29485 6926 8000 2204 8885 5207 33721 68798 12243 10173
internal_value=-2.97614e-05 -0.00786494 0.00665031 -0.0042009 0.0033065 0.00239727 -0.014098 -0.000278269 0.011786 -0.00703649 -0.0157563 0.0113686 0.0106265 -0.00919996 0.0163377
internal_weight=138906 63926.1 74980.1 40259.8 43881.6 39632 23666.3 16892.1 4249.53 23367.7 17680.2 31098.5 27057.9 5986.07 4040.62
internal_count=440334 193235 247099 120026 133227 123032 73209 51638 10195 68388 54040 113872 102519 19169 11353
is_linear=0
shrinkage=0.0142514


Tree=21
num_leaves=16
num_cat=0
split_feature=71 70 18 11 166 24 166 168 32 166 166 70 168 168 165
split_gain=34142.7 10125.4 3218.71 2465.35 2128.36 1506.85 823.407 834.5 593.26 589.393 567.316 565.851 487.818 449.865 270.574
threshold=1.5195474624633791 -2.9233070611953731 -0.17784192413091657 -0.77738451957702626 -0.23414029926061627 -0.43884329497814173 -0.23414029926061627 0.073697000741958632 -0.68773096799850453 -0.17089480906724927 -0.20527692884206769 2.7819497585296635 0.82820320129394542 0.82205596566200267 -0.11370706558227538
decision_type=2 2 10 8 8 10 10 10 10 8 8 2 10 10 10
left_child=1 5 6 13 -5 8 7 -2 -1 -7 14 -12 -8 -3 -4
right_child=2 3 10 4 -6 9 12 -9 -10 -11 11 -13 -14 -15 -16
leaf_value=-0.01684515994928967 0.0047082841901517573 -0.0078620372881550472 0.0068001424710235989 0.011219927316623416 -0.00098076427540260964 -0.0034294474117404542 0.0025733132323350724 0.01625239372305497 -0.0070114817389088516 -0.010627742614820725 0.0053563804094580274 0.011360391017660138 0.0087948598722316588 0.0015352727906933683 0.018114135813354162
leaf_weight=12123.49755550921 2926.4609004110098 12191.91419133544 497.38151240348816 3203.9167159348726 31015.348319649696 2698.16867223382 19068.579490154982 2249.3994236588478 1388.9007289707661 16072.924368008971 3655.5705027282238 24940.977625712752 2956.4625358432531 1130.5732926130295 3141.2122931480408
leaf_count=38172 8640 33606 1253 8361 97424 7670 58755 5425 4370 48674 12525 92847 10920 3618 8668
internal_value=4.30231e-05 -0.00604599 0.00822084 -0.00186338 0.000161592 -0.0122054 0.00461049 0.00972542 -0.0158344 -0.00959307 0.0112673 0.0105929 0.00340846 -0.00706456 0.0165677
internal_weight=139261 79825.2 59436 47541.8 34219.3 32283.5 27200.9 5175.86 13512.4 18771.1 32235.1 28596.5 22025 13322.5 3638.59
internal_count=440928 241895 199033 143009 105785 98886 83740 14065 42542 56344 115293 105372 69675 37224 9921
is_linear=0
shrinkage=0.0142514


Tree=22
num_leaves=16
num_cat=0
split_feature=17 17 24 81 166 168 151 69 33 168 32 167 11 166 166
split_gain=33252.6 6084.55 5068.74 2184.42 1799.83 1375.88 1312.12 1090.29 1008.71 875.251 857.531 575.868 400.899 312.462 178.235
threshold=-0.038462031632661813 0.32689224183559423 -0.40285603702068323 1.0000000180025095e-35 -0.23414029926061627 0.82820320129394542 0.092543244361877455 -2.10901927947998 0.63066688179969799 0.85824123024940502 -0.62310755252838124 -0.47467489540576929 -0.12731689959764478 -0.18416839092969892 -0.095618847757577882
decision_type=8 10 8 2 8 10 8 2 10 10 10 2 10 8 10
left_child=2 4 10 7 6 -6 -2 -4 13 -5 11 -1 -10 -3 -12
right_child=1 8 3 9 5 -7 -8 -9 12 -11 14 -13 -14 -15 -16
leaf_value=0.00054631133341497419 0.014675846740026456 0.014169302202185425 -0.010600498740129936 -0.0023253368608900349 0.00012586957765571148 0.008037952665671427 -0.0070907173210732486 -0.0048442240472114399 0.0086891013210832844 0.0074038126344056088 0.0033934540227858927 -0.015725101010614383 0.012385872772212347 0.0047697298631657779 -0.0073585841659706067
leaf_weight=454.37549470365047 3481.4867331534624 797.43662112951279 13196.954968452454 13044.760947108269 31237.508775264025 5208.1030249148607 670.83384728431702 13540.003133162856 8168.1287406384945 2193.8063333779573 399.13416036963463 15910.60273770988 22027.731355145574 7234.0574005693197 1452.7059271335602
leaf_count=1126 8431 2039 38703 38847 96274 19287 1863 39197 27266 7697 1119 49738 80319 24222 4804
internal_value=2.07447e-05 0.00611155 -0.0079555 -0.00523106 0.00226938 0.00125652 0.0111593 -0.00768545 0.010192 -0.000924666 -0.0142332 -0.0152733 0.0113859 0.0057031 -0.00504112
internal_weight=139018 78825.3 60192.3 41975.5 40597.9 36445.6 4152.32 26737 38227.4 15238.6 18216.8 16365 30195.9 8031.49 1851.84
internal_count=440932 259701 181231 124444 125855 115561 10294 77900 133846 46544 56787 50864 107585 26261 5923
is_linear=0
shrinkage=0.0142514


Tree=23
num_leaves=16
num_cat=0
split_feature=53 70 70 81 166 168 24 168 18 41 194 166 32 166 166
split_gain=32936.8 7123.05 4908 2047.26 1625.76 1135.84 1019.36 922.154 806.857 721.958 706.093 545.678 410.805 313.234 308.937
threshold=0.069619316607713713 -3.1908588409423824 3.4226334095001225 1.0000000180025095e-35 -0.23414029926061627 0.82820320129394542 -0.48177339136600489 0.86137318611145031 -0.10012818127870558 0.11197916790843011 81.500000000000014 -0.60884830355644215 -0.68093833327293385 -0.18416839092969892 -0.18416839092969892
decision_type=8 2 2 2 8 10 10 10 10 8 2 8 10 8 8
left_child=1 6 4 9 10 -6 12 -5 13 -3 -2 -8 -1 -4 -10
right_child=2 3 8 7 5 -7 11 -9 14 -11 -12 -13 -14 -15 -16
leaf_value=-0.017486202099700476 0.0047174561201582272 -0.01238017665889659 0.014974788262134232 -0.00095723726315758274 0.0013552310930357531 0.0084155141997810413 0.001154627047887914 0.0086398240595029051 0.017356657040715949 -0.0051188301541592578 0.016729625543454169 -0.011245026203858989 -0.0073914822851620281 0.0070208022615707777 0.011936963186859596
leaf_weight=8482.2495796531439 1668.0524943470955 3280.5905890464783 1117.4161795526743 15563.607190042734 30401.842742905021 5458.9245969206095 751.67457248270512 2339.0658297091722 2419.6547132134438 18259.913415372372 2459.2826987355947 17562.556762263179 906.38618709146976 10048.04461787641 18253.448153346777
leaf_count=26960 4160 9103 2742 46154 95365 20446 1915 8514 6841 53433 6200 53064 2790 33652 69433
internal_value=2.08924e-05 -0.00715485 0.00672903 -0.00326477 0.00340488 0.00243 -0.0126935 0.000296687 0.010904 -0.00622475 0.0118751 -0.0107361 -0.0165117 0.00781689 0.0125714
internal_weight=138973 67146 71826.7 39443.2 39988.1 35860.8 27702.9 17902.7 31838.6 21540.5 4127.34 18314.2 9388.64 11165.5 20673.1
internal_count=440772 201933 238839 117204 126171 115811 84729 54668 112668 62536 10360 54979 29750 36394 76274
is_linear=0
shrinkage=0.0142514


Tree=24
num_leaves=16
num_cat=0
split_feature=53 70 25 25 166 69 32 19 168 35 166 166 166 168 147
split_gain=32167.1 6469.25 5363.84 1885.21 1585.76 1255.71 1060.21 926.317 840.758 799.917 773.846 518.486 518.008 449.148 233.593
threshold=-1.0000000180025095e-35 -3.1908588409423824 -0.14748862385749814 -0.43523782491683954 -0.23414029926061627 2.7544441223144536 -0.62920069694519032 0.18736142665147784 0.073697000741958632 0.30729167163372045 -0.18416839092969892 -0.18416839092969892 -0.18416839092969892 0.82820320129394542 0.084155511111021056
decision_type=8 2 10 10 8 2 10 8 10 10 8 8 8 10 10
left_child=1 6 4 9 8 -6 7 -1 -2 -3 -5 14 -8 -13 -4
right_child=2 3 11 10 5 -7 12 -9 -10 -11 -12 13 -14 -15 -16
leaf_value=-0.015851333143812985 0.0031617283833073428 -0.0023847280298183128 0.01804963102203401 0.012862537408471587 0.0011389144598127851 0.0073210117847382792 0.0083771391056761384 -0.0096511175064093457 0.016190416832009662 -0.0073058324216928299 0.00056843766915815465 0.0093571248299672404 -0.0080549688222573516 0.013744122439265342 0.0082661032447893489
leaf_weight=15681.362180456519 1579.119623914361 11268.665493682027 2840.6546021699905 1204.5257410407066 32424.016624242067 8402.4847156107426 426.31879137456417 7114.8497927933931 2771.7486420124769 16578.787482053041 7604.7424993962049 19076.871132254601 4523.8761207461357 6307.5124766975641 600.60982477664948
leaf_count=49168 3924 30269 8495 3260 102106 25760 1234 20360 6712 49771 25350 71341 14156 26680 1340
internal_value=-6.16703e-05 -0.00742642 0.0063477 -0.00349671 0.0032829 0.00241126 -0.0126181 -0.0139162 0.0114618 -0.00531448 0.00224953 0.011151 -0.00663973 0.0104472 0.0163423
internal_weight=138406 64403.1 74003 36656.7 45177.4 40826.5 27746.4 22796.2 4350.87 27847.5 8809.27 28825.6 4950.19 25384.4 3441.26
internal_count=439926 193568 246358 108650 138502 127866 84918 69528 10636 80040 28610 107856 15390 98021 9835
is_linear=0
shrinkage=0.0142514


Tree=25
num_leaves=16
num_cat=0
split_feature=71 71 18 32 18 17 165 35 168 159 123 33 39 168 49
split_gain=30720.3 7874.34 3418.85 2479.72 1373.33 997.714 776.755 709.543 699.783 601.539 530.379 469.43 317.908 293.298 147.797
threshold=1.3947448730468752 -1.9872548580169676 -0.16810648143291471 -0.45051355659961695 -0.56392416357994068 -0.38451994955539698 0.15729004889726642 0.16145833581686023 0.82820320129394542 0.067817740142345442 17.861351013183597 0.63066688179969799 -0.1848250404000282 0.85053852200508129 0.65234375000000011
decision_type=2 2 10 10 8 10 8 10 10 8 10 10 10 10 8
left_child=1 3 6 5 7 -1 10 -3 -6 -5 -2 12 -4 -13 -8
right_child=2 4 11 9 8 -7 14 -9 -10 -11 -12 13 -14 -15 -16
leaf_value=-0.014085143615417722 0.0042732716282014756 -0.00048863726987081579 0.0043596691389314159 0.0056941446091646544 -0.00023367634063783889 -0.0089027570047818458 0.015916574279831973 -0.0064881921364855358 0.0069621609968748372 -0.0047846980394238578 -0.0020099625740228498 0.010895210051231187 0.014833065822196238 0.014699121904448583 0.0077023604178862413
leaf_weight=20066.839233145118 25345.300995841622 6004.5538266897202 3153.6682378947735 1617.9615811556578 18889.498918101192 12092.172814741731 1230.2810008972883 12014.78028357029 3211.455799177289 3562.1635767966509 3057.7384198158979 21540.390713855624 723.68226194381714 5090.3618464916945 697.17838698625565
leaf_count=61527 78663 15442 10031 5113 58332 35952 3666 35424 11838 10941 9555 76266 3353 22032 2217
internal_value=2.73037e-07 -0.00595245 0.00757925 -0.0106625 -0.00156887 -0.0121365 0.00419098 -0.00448898 0.000811955 -0.00151171 0.00359685 0.0109478 0.00631465 0.0116223 0.0129457
internal_weight=138298 77459.4 60838.6 37339.1 40120.3 32159 30330.5 18019.3 22101 5180.13 28403 30508.1 3877.35 26630.8 1927.46
internal_count=440352 234569 205783 113533 121036 97479 94101 50866 70170 16054 88218 111682 13384 98298 5883
is_linear=0
shrinkage=0.0142514


Tree=26
num_leaves=16
num_cat=0
split_feature=17 70 70 165 81 166 17 168 168 18 32 166 166 166 166
split_gain=30049.1 6653.91 4426.23 1537.75 1440.34 1428.29 1214.27 1056.84 851.034 850.404 762.496 452.458 293.118 287.718 263.742
threshold=0.037346297875046737 -3.0563439130783077 3.4226334095001225 0.15729004889726642 -1.0000000180025095e-35 -0.23414029926061627 -0.42724025249481196 0.82820320129394542 0.073697000741958632 -0.10012818127870558 -0.68773096799850453 -0.60884830355644215 -0.18416839092969892 -0.23414029926061627 -0.27665948867797846
decision_type=8 2 2 10 2 8 10 10 10 10 10 8 8 8 10
left_child=1 6 5 4 -3 8 10 -7 -2 13 -1 -8 -11 -4 -5
right_child=2 3 9 14 -6 7 11 -9 -10 12 -12 -13 -14 -15 -16
leaf_value=-0.015951917975589695 0.0025788371466260412 -0.0069315186897701154 0.014957429099454491 0.017154782067499152 -0.0011128963490370453 0.0014314416455055152 0.0027452460614763533 0.0083731059935725979 0.01604787352052825 0.017018464050925348 -0.0079163772368982168 -0.0092743356029991921 0.011662921617611125 0.0066375358565057153 0.0058294625737734251
leaf_weight=12893.515294164419 1475.3348268866539 14215.847446650267 922.46292647719383 687.88596951961517 22031.751673102379 30203.828321024776 667.76019275188446 5225.0838908404112 2690.0472695678473 2346.7821640968323 2946.7435885220766 13400.740334182978 17985.157124221325 9950.8302332013845 1063.1405884772539
leaf_count=39996 3738 41972 2278 1674 65755 94697 1630 19905 6734 6762 8814 40533 69476 33642 3382
internal_value=5.0436e-05 -0.00672258 0.00654677 -0.00276477 -0.00339489 0.00338334 -0.0117509 0.00245522 0.0112774 0.0105606 -0.0144571 -0.00870382 0.0122811 0.00734345 0.010279
internal_weight=138707 67907.4 70799.5 37998.6 36247.6 39594.3 29908.8 35428.9 4165.38 31205.2 15840.3 14068.5 20331.9 10873.3 1751.03
internal_count=440988 203756 237232 112783 107727 125074 90973 114602 10472 112158 48810 42163 76238 35920 5056
is_linear=0
shrinkage=0.0142514


Tree=27
num_leaves=16
num_cat=0
split_feature=17 70 70 11 166 166 17 25 32 151 18 10 166 166 166
split_gain=29558.7 6160.45 4476.18 1576.93 1508.65 1408.38 1193.28 1033.17 875.564 862.437 691.115 611.448 520.246 307.946 227.621
threshold=0.041749523952603347 -2.9233070611953731 3.4226334095001225 -0.77738451957702626 -0.23414029926061627 -0.23414029926061627 -0.41459359228610987 -0.19385384023189542 -0.62920069694519032 0.045633692294359214 -0.1062156818807125 -0.068627197295427309 -0.60884830355644215 -0.17089480906724927 -0.17089480906724927
decision_type=8 2 2 10 8 8 10 10 10 8 10 10 8 8 8
left_child=1 6 5 11 -5 9 8 -7 -1 -2 14 -3 -8 -12 -4
right_child=2 3 10 4 -6 7 12 -9 -10 -11 13 -13 -14 -15 -16
leaf_value=-0.015138824894186382 0.014406496770416118 -0.0073366829567066858 0.013908029276411948 0.010656207181459395 -0.001513284753107171 0.00099254904297202667 0.0037737291983120122 0.0067169867255748939 -0.005616543049865059 -0.0022128412596348099 0.016754571158701301 0.0014983943453711719 -0.0089055276634955778 0.01143339591631959 0.0068449751942229152
leaf_weight=14518.260773837566 3308.7205653786659 12952.86296531558 1030.2815417647362 2316.3113839924335 19374.17348061502 26349.302075907588 688.78229404985905 8459.4095478206873 2267.6184597015381 784.54476122558117 2515.7682097256184 1813.6996003687382 14349.074258968234 18126.685435131192 9220.6914514452219
leaf_count=44689 8143 36570 2618 6038 60694 81505 1679 31383 6856 2217 7433 4659 43343 70466 31335
internal_value=7.90763e-06 -0.00665871 0.00652986 -0.00265926 -0.000213688 0.00331363 -0.0112405 0.00238374 -0.0138525 0.0112211 0.0105798 -0.00625152 -0.00832476 0.012082 0.00755493
internal_weight=138076 68280.8 69795.4 36457 21690.5 38902 31823.7 34808.7 16785.9 4093.27 30893.4 14766.6 15037.9 20642.5 10251
internal_count=439628 204528 235100 107961 66732 123248 96567 112888 51545 10360 111852 41229 45022 77899 33953
is_linear=0
shrinkage=0.0142514


Tree=28
num_leaves=16
num_cat=0
split_feature=71 70 18 18 166 26 32 35 166 151 166 166 55 166 165
split_gain=28921.5 8171.98 2571.71 2079.16 1499.85 1188.39 1085.52 928.29 779.338 781.441 619.032 582.42 507.955 491.295 228.711
threshold=1.604276239871979 -2.8884737491607662 -0.16470781713724134 -0.61064273118972767 -0.23414029926061627 0.11650529876351358 -0.68093833327293385 0.19270833581686023 -0.17089480906724927 0.098935727030038847 -0.60884830355644215 -0.17089480906724927 1.6984706521034243 0.077623657882213606 -0.10763223841786383
decision_type=2 2 10 8 8 8 10 10 10 10 8 8 10 10 10
left_child=1 5 8 7 -5 6 -1 -3 9 -2 -7 14 -13 -10 -4
right_child=2 3 11 4 -6 10 -8 -9 13 -11 -12 12 -14 -15 -16
leaf_value=-0.015515618616503756 0.011810100113811365 -0.0001245312147785243 0.0076687059645731172 0.011555181831385111 -0.0001884763094321685 0.003863265749313049 -0.005053263405105422 -0.0070700007883163669 0.00067121526067966933 -0.001510739201874718 -0.0089607261625213284 0.0066277518159006225 0.01116685136413049 0.0051452500548032701 0.017452240198115438
leaf_weight=12480.629873588681 4707.2821032851934 5348.7529843896627 571.77220588922501 2411.45744150877 26277.532461374998 799.62914541363716 2401.8675919473171 14513.656091019511 8240.4065694063902 1104.242778673768 17393.502115935087 6753.6182236969471 19368.583897769451 12618.232586309314 3213.9108886420727
leaf_count=39414 12754 13630 1514 6505 84197 1956 7669 41927 24417 3173 51213 22449 77463 42689 9387
internal_value=5.05617e-05 -0.00537711 0.00788124 -0.00165526 0.00079866 -0.0108404 -0.0138271 -0.00519966 0.00466367 0.00927903 -0.00839707 0.0107505 0.00999333 0.00337775 0.0159747
internal_weight=138205 81627 56578 48551.4 28689 33075.6 14882.5 19862.4 26670.2 5811.52 18193.1 29907.9 26122.2 20858.6 3785.68
internal_count=440357 246511 193846 146259 90702 100252 47083 55557 83033 15927 53169 110813 99912 67106 10901
is_linear=0
shrinkage=0.0142514


Tree=29
num_leaves=16
num_cat=0
split_feature=17 70 70 25 166 32 166 32 166 18 165 17 163 166 166
split_gain=27988.3 6532.15 3628.75 1749.81 1164.51 1057.63 956.894 740.045 738.565 673.811 673.403 661.851 259.608 242.958 235.507
threshold=0.093606196343898787 -3.1908588409423824 3.4226334095001225 -0.37129664421081537 -0.23414029926061627 -0.53227096796035755 -0.17089480906724927 -0.12107742577791213 -0.18416839092969892 -0.10012818127870558 -0.11370706558227538 -0.41860423982143397 -0.0023452434688806529 -0.17089480906724927 -0.23414029926061627
decision_type=8 2 2 10 8 10 10 10 8 10 10 10 8 8 8
left_child=1 5 4 6 10 11 -3 -6 -5 14 -2 -1 -7 -11 -4
right_child=2 3 9 8 7 12 -8 -9 -10 13 -12 -13 -14 -15 -16
leaf_value=-0.01411948475412585 0.0026032712299891882 0.00071460816852623966 0.014649594925119979 0.013099894027220872 0.0018942867889394648 0.001114348701103828 -0.0051594970964773928 0.0082859296633869556 0.0013282765736442779 0.016162301611112321 0.015809061663761094 -0.0093958383592203133 -0.0077473027807351156 0.011396328678954579 0.006878838625900145
leaf_weight=15488.909176826477 1173.5223520845175 6968.1782716661692 863.53303414583206 1255.3152068555355 26210.83023314178 1477.6444008499384 29382.896121382713 4279.9035130292177 7861.7793692648411 2478.7751145362854 2364.499490275979 9860.4026227593422 1230.5587780475616 17598.944836065173 9579.9175973981619
leaf_count=47466 3058 18150 2184 3562 82698 4763 87351 16811 26752 7392 6019 29366 3647 69090 32772
internal_value=4.17486e-05 -0.00597022 0.00688968 -0.00263335 0.00368955 -0.0113777 -0.00403348 0.00279148 0.00294916 0.0104576 0.011429 -0.0122821 -0.00291231 0.0119848 0.00752145
internal_weight=138076 73525.7 64549.9 45468.2 34028.8 28057.5 36351.1 30490.7 9117.09 30521.2 3538.02 25349.3 2708.2 20077.7 10443.5
internal_count=441081 221057 220024 135815 108586 85242 105501 99509 30314 111438 9077 76832 8410 76482 34956
is_linear=0
shrinkage=0.0142514


Tree=30
num_leaves=16
num_cat=0
split_feature=71 70 25 11 166 17 166 168 19 25 166 163 166 163 165
split_gain=26837.8 7497.86 2486.76 2122.38 1834.05 1082.78 866.182 907.323 757.806 624.724 434.526 379.129 370.966 344.222 173.965
threshold=1.5763054490089419 -2.9233070611953731 -0.12199417501688002 -0.83183005452156056 -0.23414029926061627 -0.38451994955539698 -0.23414029926061627 0.073697000741958632 1.1243011951446535 -0.87685832381248463 -0.60884830355644215 0.21580974012613299 -0.18416839092969892 0.020727863535285 -0.058245774358510964
decision_type=2 2 10 8 8 10 10 10 10 10 8 10 8 8 10
left_child=1 5 6 11 -5 9 7 -2 -8 -1 -7 -3 14 -14 -4
right_child=2 3 12 4 -6 10 8 -9 -10 -11 -12 -13 13 -15 -16
leaf_value=-0.014063617351181315 0.0045779060397762063 -0.0053261282222145387 0.0089021481136106872 0.0099488565467086235 -0.0010860843303775183 0.0039015528985987258 0.0022645012162105819 0.015950735805865077 0.007462939030489211 -0.0076423400055027147 -0.0080676037137201277 -0.010869969693292252 0.012241441218706744 0.0086055856094792334 0.017718951158563746
leaf_weight=15293.684000983834 3010.8551409542561 8160.6536938399076 574.12695948779583 3366.1140942722559 33529.482234224677 647.27971635758877 18672.622008755803 2704.656475007534 8195.121480062604 3852.6883328855038 12749.746324971318 3615.5421960502863 10058.854844242334 11153.94911827147 2185.2907723039389
leaf_count=46209 8950 22759 1443 8922 105376 1578 62327 6803 23531 12183 38521 9637 41498 43415 6896
internal_value=-5.24832e-05 -0.00530143 0.00748514 -0.00176062 -7.9314e-05 -0.010597 0.00492185 0.00995979 0.00385013 -0.0127715 -0.0074893 -0.00702825 0.0109692 0.0103297 0.0158847
internal_weight=137771 81215.2 56555.5 48671.8 36895.6 32543.4 32583.3 5715.51 26867.7 19146.4 13397 11776.2 23972.2 21212.8 2759.42
internal_count=440048 245185 194863 146694 114298 98491 101611 15753 85858 58392 40099 32396 93252 84913 8339
is_linear=0
shrinkage=0.0142514


Tree=31
num_leaves=16
num_cat=0
split_feature=71 70 18 11 17 168 32 11 32 70 168 165 164 165 160
split_gain=26864.2 7081.66 2958.16 1977.11 1165.98 1088.02 780.512 664.226 464.466 400.319 395.318 380.877 351.296 290.461 128.684
threshold=1.4284908175468447 -2.9233070611953731 -0.16810648143291471 -0.76193320751190174 -0.43643650412559504 0.82820320129394542 -0.65479791164398182 -0.42138880491256708 -0.39336350560188288 3.1109341382980351 0.830928534269333 0.15729004889726642 0.065100360661745085 0.15729004889726642 0.64547488093376171
decision_type=2 2 10 8 10 10 10 8 10 2 10 8 10 10 10
left_child=1 4 7 10 6 -5 -1 12 -6 14 -3 -9 -2 -11 -4
right_child=2 3 9 5 8 -7 -8 11 -10 13 -12 -13 -14 -15 -16
leaf_value=-0.014811071350652813 -1.3854686541326855e-06 -0.0070127369727592433 0.0056641145738722714 -0.00092558252466688631 -0.0085160778918372763 0.0068061944825791353 -0.0057814438241659922 0.0050146413917304677 0.0029415819965920987 0.010653240249903788 0.0020679101226719091 0.01261583172555711 0.0079424084284257408 0.016282173220023094 0.01391449796411765
leaf_weight=12772.818587422371 8582.7439409047365 12887.89612609148 4000.6929401308298 27873.596378773451 16663.807343199849 4261.6786589324474 2293.4880442470312 18279.627233445644 750.94308272004128 23493.134515061975 1053.2654805481434 1444.6649233996868 1302.1590180844069 2022.358121663332 424.71366898715496
leaf_count=39483 25568 35303 13734 84378 49590 15324 6918 59132 2457 89617 3369 4508 3342 7521 1394
internal_value=3.52335e-05 -0.00543724 0.00725443 -0.00184465 -0.0105336 9.97918e-05 -0.0134366 0.00406033 -0.008022 0.0104131 -0.00632668 0.00557141 0.00104511 0.0110994 0.00645609
internal_weight=138108 78557.5 59550.1 46076.4 32481.1 32135.3 15066.3 29609.2 17414.8 29940.9 13941.2 19724.3 9884.9 25515.5 4425.41
internal_count=441638 236822 204816 138374 98448 99702 46401 92550 52047 112266 38672 63640 28910 97138 15128
is_linear=0
shrinkage=0.0142514


Tree=32
num_leaves=16
num_cat=0
split_feature=71 70 18 11 168 32 10 123 168 70 79 168 117 95 32
split_gain=25785.9 6935.9 2957.09 1932.48 1147.41 1129.68 859.836 674.286 464.812 446.244 340.788 273.601 226.816 222.431 128.058
threshold=1.4284908175468447 -2.9233070611953731 -0.16470781713724134 -0.86626544594764698 0.84575432538986217 -0.49561764299869532 -0.34210547804832453 17.663959503173832 0.82820320129394542 2.7819497585296635 -0.52181652188301075 0.85824123024940502 0.019959598779678348 0.25905123353004461 -0.27604006230831141
decision_type=2 2 10 8 10 10 10 10 8 2 2 10 10 8 10
left_child=1 5 7 10 -5 6 -1 8 -2 14 -3 -7 -9 -11 -4
right_child=2 3 9 4 -6 11 -8 12 -10 13 -12 -13 -14 -15 -16
leaf_value=-0.013033665670618123 0.0037747666802791487 -0.010705071011026258 0.0041420751586263606 -0.0010967920091138493 0.0069218262582906682 -0.0039744129617593545 -0.0080377323772234596 -0.00082639229173077919 0.0085224738507118699 0.013070631388983116 -0.0052883073172908602 0.006885044044575267 -0.012290358841457155 0.010166468546649482 0.0098042371060912299
leaf_weight=18676.034252002835 21337.781338185072 3561.3634351491928 2699.7252806723118 31219.12400765717 4100.4113989025354 2068.2145548462868 11189.118874654174 2699.3341512233019 5211.0488591492176 7680.9101520627737 6987.5928244590759 610.18970634043217 402.78239060938358 17707.87255834043 1159.8272276073694
leaf_count=57068 64308 9624 8347 94449 14842 6376 33002 8534 18736 28323 19044 2107 1331 68937 4793
internal_value=1.77941e-05 -0.00533474 0.00714357 -0.00176453 -0.000165863 -0.0103668 -0.0111619 0.00397204 0.00470667 0.0103587 -0.00711707 -0.00150033 -0.00231509 0.0110451 0.00584372
internal_weight=137311 78412 58899.3 45868.5 35319.5 32543.6 29865.2 29650.9 26548.8 29248.3 10549 2678.4 3102.12 25388.8 3859.55
internal_count=439821 236512 203309 137959 109291 98553 90070 92909 83044 110400 28668 8483 9865 97260 13140
is_linear=0
shrinkage=0.0142514


Tree=33
num_leaves=16
num_cat=0
split_feature=17 70 70 168 166 166 32 68 168 19 18 165 166 48 166
split_gain=24908.8 5923.5 2999.45 1706.88 1845.77 1114.24 978.449 809.896 786.565 638.416 622.127 614.037 278.534 270.882 205.123
threshold=0.10989028587937356 -3.1908588409423824 3.4442616701126103 0.82820320129394542 -0.17089480906724927 -0.18416839092969892 -0.52149420976638783 20.529013633728031 0.82820320129394542 0.24120762944221499 -0.1094301901757717 -0.11370706558227538 -0.17089480906724927 0.063802082091569914 -0.23414029926061627
decision_type=8 2 2 10 8 8 10 8 10 10 10 10 8 10 8
left_child=1 6 5 4 -3 11 9 -5 -7 -1 14 -2 -12 -8 -4
right_child=2 3 10 7 -6 8 13 -9 -10 -11 12 -13 -14 -15 -16
leaf_value=-0.012553360080002293 0.0026724315427407502 0.0036661219562276852 0.014161545338422418 0.008843262388838459 -0.004637359140957021 0.0017526730391378884 -0.0089000114755590758 -0.0033148587450869725 0.0083559774240105807 -0.0066977805972310758 0.015850704713555718 0.014760354236134414 0.010765323104608045 0.0012086212764208051 0.0063160790283009263
leaf_weight=20981.161626070738 1259.9883421808481 6415.7175135612488 735.02158455550671 3719.5218832045794 35647.122462317348 24335.44047755003 797.65653592348099 1587.786306977272 4313.0921932309866 4613.3980193138123 2494.922514975071 2645.8254361003637 17769.193311169744 1656.2965235412121 8552.1892988681793
leaf_count=64433 3319 16241 1860 13282 106253 77680 2262 5295 16773 12836 7603 6985 71023 5347 29406
internal_value=2.06458e-05 -0.00548326 0.00670437 -0.00240991 -0.00337085 0.00372037 -0.0106737 0.00520592 0.00274683 -0.0114979 0.0099916 0.010861 0.0113915 -0.00207732 0.00693708
internal_weight=137524 75418.7 62105.7 47370.1 42062.8 32554.3 28048.5 5307.31 28648.5 25594.6 29551.3 3905.81 20264.1 2453.95 9287.21
internal_count=440598 225949 214649 141071 122494 104757 84878 18577 94453 77269 109892 10304 78626 7609 31266
is_linear=0
shrinkage=0.0142514


Tree=34
num_leaves=16
num_cat=0
split_feature=17 71 25 25 25 166 151 71 17 81 163 166 166 163 147
split_gain=24435.9 5273.67 3242.2 1989.13 1136.23 996.301 843.461 832 702.908 649.205 594.969 510.197 448.531 397.867 283.369
threshold=0.093606196343898787 -1.9872548580169676 -0.14124320447444913 -0.72700989246368397 -0.32481269538402552 -0.23414029926061627 0.04099817946553231 2.5566682815551762 -0.43181829154491419 -1.0000000180025095e-35 0.29077294468879705 -0.16501159965991971 -0.17089480906724927 0.020727863535285 0.10025673732161523
decision_type=8 2 10 10 10 8 10 2 10 2 8 8 8 8 10
left_child=1 3 5 8 9 6 -2 -7 -1 -3 -5 -6 14 -14 -4
right_child=2 4 12 10 11 7 -8 -9 -10 -11 -12 -13 13 -15 -16
leaf_value=-0.013366836521003655 0.014425347809965527 -0.0052946638919265654 0.017035260578660609 -0.0019931754531870467 0.013317614176226223 0.0016705288963573515 -0.0031811599459226052 0.0067776658366260362 -0.0087483914383293514 -0.0010649983706006712 -0.010181163389811267 0.0021215528119393075 0.011558675335300157 0.0078363204763875621 0.005940455681212267
leaf_weight=15091.910075888038 2834.3511924594641 12543.161578625441 2791.6608709543943 7726.6691119670868 986.5673630386591 24501.946878895164 686.4520305544138 8807.472694426775 12027.797820344567 17871.687878251076 2350.766587138176 5098.6751765757799 11104.162444263697 12284.995890900493 561.7098930478096
leaf_count=46028 6868 36771 8952 24300 2846 78066 1966 28019 35021 51105 7038 17607 46394 48273 1320
internal_value=5.14597e-05 -0.00553317 0.00652549 -0.0093096 -0.00168462 0.00378301 0.0109926 0.00302094 -0.0113185 -0.00280933 -0.00390324 0.00393682 0.0103025 0.00960356 0.0151769
internal_weight=137270 73697.2 63572.8 37197.1 36500.1 36830.2 3520.8 33309.4 27119.7 30414.8 10077.4 6085.24 26742.5 23389.2 3353.37
internal_count=440574 220716 219858 112387 108329 114919 8834 106085 81049 87876 31338 20453 104939 94667 10272
is_linear=0
shrinkage=0.0142514


Tree=35
num_leaves=16
num_cat=0
split_feature=53 70 70 18 166 166 32 35 19 163 166 18 165 166 169
split_gain=23841.3 5803.61 2866.58 1587.89 1118.25 1087.11 918.715 822.506 787.883 746.442 599.388 597.139 516.677 266.683 222.179
threshold=0.22420930862426761 -3.1908588409423824 3.4648146629333501 -0.53698495030403126 -0.23414029926061627 -0.18416839092969892 -0.62920069694519032 0.20312500000000003 0.25081381201744085 0.020727863535285 -0.18416839092969892 -0.10012818127870558 -0.11370706558227538 -0.18416839092969892 0.053120998665690429
decision_type=10 2 2 10 8 8 10 10 10 8 8 10 10 8 8
left_child=1 6 4 7 12 -5 8 -3 -1 -6 -8 14 -2 -13 -4
right_child=2 3 11 5 9 -7 10 -9 -10 -11 -12 13 -14 -15 -16
leaf_value=-0.012877898916961191 0.0035621146068743597 -0.00096455997443495908 0.009061390221444237 0.010760127103570827 0.0056253377393992816 -9.1206447194032924e-05 0.010552009401497694 -0.0058439199629657344 -0.0058953322757694148 0.0010113125137908819 -0.006534629361144453 0.016025193433819186 0.01522920576528038 0.010703153830034636 0.0047517003654067788
leaf_weight=19115.848242372274 1153.0230419635773 10746.310522764921 4997.4277106076479 2176.8017762154341 11737.975239828229 13526.694727882743 457.85317113995552 20217.360982820392 3962.5740424096584 18105.366067171097 4665.0153931230307 2152.9763441681862 2326.5455686450005 17123.922077208757 4728.7646861970425
leaf_count=58768 2918 27882 16435 5913 41073 45037 1283 59168 10869 58033 14376 6679 6128 69022 16475
internal_value=5.76305e-05 -0.00536289 0.00656897 -0.00227836 0.00371757 0.00141303 -0.0104671 -0.00415049 -0.011679 0.00282611 -0.00500742 0.00984505 0.0113632 0.0112976 0.00696611
internal_weight=137194 74868.5 62326 46667.2 33322.9 15703.5 28201.3 30963.7 23078.4 29843.3 5122.87 29003.1 3479.57 19276.9 9726.19
internal_count=440059 223296 216763 138000 108152 50950 85296 87050 69637 99106 15659 108611 9046 75701 32910
is_linear=0
shrinkage=0.0142514


Tree=36
num_leaves=16
num_cat=0
split_feature=71 69 18 25 166 168 157 166 10 166 168 168 168 166 165
split_gain=23219.8 5844.65 2531.21 2078.26 1316.42 1489.18 782.844 700.872 668.683 646.77 761.506 564.387 548.154 443.294 365.73
threshold=1.4284908175468447 -2.0167206525802608 -0.2266961261630058 -0.6247861087322234 -0.17089480906724927 0.82820320129394542 0.067761253565549864 -0.18416839092969892 -0.3333336859941482 -0.23414029926061627 0.073697000741958632 0.85053852200508129 0.82820320129394542 0.074811182916164412 -0.11370706558227538
decision_type=2 2 10 10 10 10 10 8 10 10 10 10 10 10 10
left_child=1 3 9 8 6 -6 -3 14 -1 10 -2 -5 -9 -11 -4
right_child=2 4 7 11 5 -7 -8 12 -10 13 -12 -13 -14 -15 -16
leaf_value=-0.011865626222195074 0.0034760060625057239 0.0065733744867288091 0.0047977767758208651 -0.0037907555126926603 -0.0036314386431735967 0.0055369469208215172 -0.0038059656292787885 0.0075757977531144124 -0.0074949907412660268 -0.00043281194395687638 0.015282297720449315 0.0065943757206437317 0.012196118834405812 0.0039711976178259138 0.016672158879664528
leaf_weight=21530.366334065795 2884.5998858511448 6043.9762409329414 621.52429240942001 5685.2126501500607 27518.761527076364 4139.3357066959143 1952.676902577281 24060.758477017283 10615.513802185655 8047.8775668889284 1803.2134371548891 1307.1728092730045 6658.7863361090422 10969.096081599593 3459.1720664054155
leaf_count=64546 8806 15916 1683 17455 83266 14740 5374 89759 30886 23177 4563 4681 29445 36341 10475
internal_value=6.64783e-05 -0.00498372 0.00686794 -0.00889069 -0.00112762 -0.00243265 0.00403887 0.00931449 -0.0104223 0.00327624 0.00801755 -0.0018493 0.00857732 0.00210745 0.0148637
internal_weight=137298 78793 58505 39138.3 39654.8 31658.1 7996.65 34800.2 32145.9 23704.8 4687.81 6992.39 30719.5 19017 4080.7
internal_count=441113 236864 204249 117568 119296 98006 21290 131362 95432 72887 13369 22136 119204 59518 12158
is_linear=0
shrinkage=0.0142514


Tree=37
num_leaves=16
num_cat=0
split_feature=69 70 18 18 24 166 166 3 33 163 32 165 32 166 166
split_gain=22332.3 6716.74 2246.8 1923.49 959.84 900.183 886.627 869.611 608.992 559.019 555.744 454.024 391.481 352.609 345.188
threshold=1.676917612552643 -2.9233070611953731 -0.17784192413091657 -0.56392416357994068 -0.47662374377250666 -0.18416839092969892 -0.23414029926061627 0.15254256874322894 0.60935050249099743 0.015889315865933899 -0.4552317857742309 -0.11370706558227538 -0.7009211778640746 -0.22009155154228208 -0.19088128209114072
decision_type=2 2 10 10 8 8 8 8 10 10 10 10 10 8 10
left_child=1 4 6 7 12 -5 11 -3 14 -8 -6 -2 -1 -10 -4
right_child=2 3 8 5 10 -7 9 -9 13 -11 -12 -13 -14 -15 -16
leaf_value=-0.014287664792469731 0.0024404583520870691 -0.0057291751515047588 0.015266729325576359 0.009495653875619809 -0.0086569099782287939 0.00070376970350874521 0.004923417496637634 -0.00041220048202117747 0.015227021857203366 0.00028715448369092121 -0.00026908046459339353 0.016503041419240055 -0.0052272068495179385 0.0099207537979398817 0.0026841047308928975
leaf_weight=8949.8895453065634 658.8535458445549 17845.13917607069 511.9591656178236 2686.4179809242487 21091.56190174818 19783.819831520319 12766.783700868487 9613.1798496097326 2852.092799782753 9009.8139886111021 1736.4092265963554 1595.6611405164003 1086.2019308358431 23523.301804617047 3277.112448439002
leaf_count=28170 1531 50768 1422 7657 62244 66483 41696 25737 8561 28611 5515 3910 3322 93697 11807
internal_value=2.49887e-05 -0.00463054 0.00713708 -0.00133726 -0.00963383 0.0017549 0.00388604 -0.0038677 0.00972707 0.00300522 -0.00801889 0.0123936 -0.0133071 0.0104946 0.00438441
internal_weight=136988 82792.6 54195.6 49928.6 32864.1 22470.2 24031.1 27458.3 30164.5 21776.6 22828 2254.51 10036.1 26375.4 3789.07
internal_count=441131 249896 191235 150645 99251 74140 75748 76505 115487 70307 67759 5441 31492 102258 13229
is_linear=0
shrinkage=0.0142514


Tree=38
num_leaves=16
num_cat=0
split_feature=71 18 18 12 166 168 194 166 18 166 168 166 168 168 165
split_gain=22541.2 5649.4 2403.99 2004.06 1735.53 1805.45 1013.2 973.209 810.752 755.675 781.413 517.337 505.576 396.734 265.024
threshold=1.4889910221099856 -0.70645999908447255 -0.16810648143291471 0.54312878847122203 -0.23414029926061627 0.82820320129394542 82.500000000000014 -0.60884830355644215 -0.97709587216377247 -0.23414029926061627 0.073697000741958632 -0.20527692884206769 0.82023268938064586 0.82820320129394542 -0.10763223841786383
decision_type=2 8 10 10 8 10 2 10 10 10 10 8 10 10 10
left_child=1 3 9 8 6 -6 -3 -5 -1 10 -2 14 -11 -13 -4
right_child=2 4 11 7 5 -7 -8 -9 -10 12 -12 13 -14 -15 -16
leaf_value=-0.01181282771571034 0.003959600226522338 -0.0013491182146143535 0.0057310563929653556 0.01314168987135845 -0.0032754011349297807 0.005774251367695187 0.014648605562426985 -0.0037833624492940765 -0.0071333577920340511 0.0019229559393379103 0.015189345803360984 0.0081361569191182922 0.0079009499790731567 0.01241247005600272 0.017002849856769368
leaf_weight=21111.487939059734 2893.3046010434628 1283.826476380229 504.70737889409065 764.03638844192028 30280.976607516408 5254.4343697726727 2151.6331186890602 7118.0534939169884 11681.078218147159 19737.510272428393 2227.37780405581 20136.39795678854 3362.916354700923 5641.010829821229 2640.6783725917339
leaf_count=62065 8795 3603 1350 1596 93510 18956 5833 18752 35359 61516 5862 76789 12833 25602 8318
internal_value=2.05031e-05 -0.00487982 0.00685043 -0.00859506 -0.00100215 -0.00193727 0.00867036 -0.00214268 -0.010146 0.00389123 0.0088444 0.00973783 0.00279324 0.00907199 0.0151943
internal_weight=136789 79645.5 57143.9 40674.7 38970.9 35535.4 3435.46 7882.09 32792.6 28221.1 5120.68 28922.8 23100.4 25777.4 3145.39
internal_count=440739 239674 201065 117772 121902 112466 9436 20348 97424 89006 14657 112059 74349 102391 9668
is_linear=0
shrinkage=0.0142514


Tree=39
num_leaves=16
num_cat=0
split_feature=71 70 18 11 166 17 32 166 168 163 166 33 130 166 165
split_gain=21578.7 6513.19 1918.01 1825.9 1671.42 996.837 727.445 575.093 697.371 526.979 518.893 474.293 398.272 388.684 265.249
threshold=1.6864740848541262 -2.8884737491607662 -0.16470781713724134 -0.77738451957702626 -0.18416839092969892 -0.38451994955539698 -0.68093833327293385 -0.23414029926061627 0.073697000741958632 0.020727863535285 -0.17089480906724927 0.60380971431732189 0.71859490871429454 -0.60884830355644215 -0.10763223841786383
decision_type=2 2 10 8 8 10 10 10 10 10 8 10 10 8 10
left_child=1 5 7 9 -5 6 -1 8 -2 -3 14 -12 -9 -7 -4
right_child=2 3 10 4 -6 13 -8 12 -10 -11 11 -13 -14 -15 -16
leaf_value=-0.012792226739828862 0.0040726679763891842 -0.0025578833349645192 0.0058497860718949458 0.0089641765672282842 -0.00066574436216026056 0.0041655843818202941 -0.0057328722482600921 -0.0029953499221672094 0.015318539417700157 -0.0082086121778701306 0.0032683731830300392 0.0096344591415058831 0.0038410764793300528 -0.0069988634298476645 0.016574283621023228
leaf_weight=15656.700276076794 2679.5704408437014 6027.265025421977 558.63482043147087 4123.7823121696711 32591.568407222629 664.58823338150978 3657.4620087295771 1914.4235070943832 1924.1641805917025 7551.9961694329977 2661.3241844922304 22250.296232715249 18037.868280276656 13456.405176877975 2902.485562697053
leaf_count=47845 8163 17050 1539 11262 103035 1634 10885 6780 5135 20289 9883 89845 58005 40301 9235
internal_value=2.61984e-05 -0.00447635 0.00714893 -0.00123552 0.000415878 -0.00935134 -0.0114554 0.00423276 0.0087731 -0.00570051 0.0096728 0.00895438 0.00318511 -0.00647341 0.0148434
internal_weight=136659 83729.8 52928.8 50294.6 36715.4 33435.2 19314.2 24556 4603.73 13579.3 28372.7 24911.6 19952.3 14121 3461.12
internal_count=440886 252301 188585 151636 114297 100665 58730 78083 13298 37339 110502 99728 64785 41935 10774
is_linear=0
shrinkage=0.0142514


Tree=40
num_leaves=16
num_cat=0
split_feature=71 70 18 168 166 10 32 166 168 68 166 163 166 55 165
split_gain=21040.6 5398.2 2505.76 1579.61 1686.82 910.186 685.169 669.389 796.621 644.54 642.342 608.916 496.949 488.563 270.43
threshold=1.4284908175468447 -2.8884737491607662 -0.1715658754110336 0.830928534269333 -0.17089480906724927 -0.38416327536106104 -0.65479791164398182 -0.23414029926061627 0.073697000741958632 20.210322380065922 -0.65331998467445362 0.015889315865933899 -0.18416839092969892 1.7248696088790896 -0.11370706558227538
decision_type=2 2 10 10 10 10 10 10 10 8 8 10 8 10 10
left_child=1 5 7 4 -3 6 -1 8 -2 -5 -7 -9 14 -14 -4
right_child=2 3 12 9 -6 10 -8 11 -10 -11 -12 -13 13 -15 -16
leaf_value=-0.012560984849715727 0.0034088653210894186 0.0031765937902707144 0.005321129645198327 0.0092768331618752961 -0.0039523824690221232 0.009273716792474046 -0.0053621891846206624 0.0048348353731530631 0.014702222782263128 -0.0017604676083220769 -0.0070462083814133852 0.00023569365834173549 0.0057174238188094154 0.010127847904896804 0.016485789070031835
leaf_weight=14628.205138459802 2934.4150953441858 8543.3640951961279 521.79397581517696 3574.9049217104912 31954.958146885037 506.57580325007439 3289.2543301135302 12168.987052172422 2234.6894503831863 1536.3900986611843 14778.310841873288 11254.081593364477 7026.1025929898024 18623.458921477199 2835.4847100526094
leaf_count=44937 8825 22707 1427 12993 96088 1129 9822 39866 5960 5271 43917 35622 24330 78425 9028
internal_value=9.6335e-05 -0.00468858 0.00664347 -0.00150626 -0.00244848 -0.00906008 -0.0112395 0.00364948 0.00829128 0.00595918 -0.0065053 0.00262509 0.00959464 0.00891973 0.0147507
internal_weight=136411 78812 57599 45609.6 40498.3 33202.3 17917.5 28592.2 5169.1 5111.3 15284.9 23423.1 29006.8 25649.6 3357.28
internal_count=440347 236864 203483 137059 118795 99805 54759 90273 14785 18264 45046 75488 113210 102755 10455
is_linear=0
shrinkage=0.0142514


Tree=41
num_leaves=16
num_cat=0
split_feature=17 70 70 165 11 166 32 168 166 151 18 95 166 48 166
split_gain=21025.2 5149.72 2608.5 1595.61 1193.27 986.831 783.127 698.652 642.205 612.042 581.285 352.978 226.79 220.201 211.205
threshold=0.12254253774881364 -3.1908588409423824 3.4648146629333501 0.15729004889726642 -0.83183005452156056 -0.18416839092969892 -0.48551434278488154 0.82820320129394542 -0.73506680130958546 0.1077529899775982 -0.10012818127870558 1.5048615932464602 -0.18416839092969892 0.092447917908430113 -0.20527692884206769
decision_type=8 2 2 10 8 8 10 10 8 10 10 8 8 10 8
left_child=1 6 5 4 -3 9 8 -7 -1 -2 14 -5 -12 -8 -4
right_child=2 3 10 11 -6 7 13 -9 -10 -11 12 -13 -14 -15 -16
leaf_value=0.0049263732358239111 0.013077579128785582 -0.006281240035095322 0.013720209648235844 0.01377103131542531 -0.0012080473398616562 0.0017194935070130983 -0.006957821806771982 0.0080509127237980652 -0.010669036308560429 -0.0026240932519473073 0.01546264492233403 0.0012887541264594183 0.010454895621699071 0.0033227663915832697 0.0059872050034379485
leaf_weight=547.57438470423222 3083.7151579707861 13115.089458987117 783.64818842709064 1487.2183160334826 33391.828953072429 23717.134034961462 685.29882055521011 4160.7307633906603 25946.325836122036 602.73546074330807 2065.6708760112524 666.26457479596138 16595.427168637514 1106.0170846432447 8477.0283400863409
leaf_count=1310 8309 35637 2125 4506 102877 76338 1927 16519 78652 1746 6691 1943 68783 3633 29850
internal_value=2.47879e-05 -0.00489432 0.00638768 -0.00208338 -0.00263871 0.00358082 -0.0097301 0.00266446 -0.0103467 0.0105104 0.0095607 0.00990929 0.0110093 -0.000610349 0.00664166
internal_weight=136432 76945.6 59486.1 48660.4 46506.9 31564.3 28285.2 27877.9 26493.9 3686.45 27921.8 2153.48 18661.1 1791.32 9260.68
internal_count=440846 230485 210361 144963 138514 102912 85522 92857 79962 10055 107449 6449 75474 5560 31975
is_linear=0
shrinkage=0.0142514


Tree=42
num_leaves=16
num_cat=0
split_feature=76 70 17 81 166 163 32 147 159 159 70 19 166 166 165
split_gain=20381.1 4445.8 3155.75 1410.19 1141.16 1013.07 796.887 751.506 728.063 692.701 678.812 567.077 376.791 301.833 290.515
threshold=0.014901131857186558 -3.1908588409423824 0.32689224183559423 1.0000000180025095e-35 -0.18416839092969892 0.020727863535285 -0.59398615360259999 0.17694941163063052 -0.22002279758453366 0.063836123794317259 3.6472030878067021 0.25081381201744085 -0.17089480906724927 -0.17089480906724927 -0.081182178109884248
decision_type=8 2 8 2 8 8 10 8 10 10 2 10 8 10 10
left_child=1 6 4 8 7 -6 11 -2 -3 -5 13 -1 -8 -4 -12
right_child=2 3 10 9 5 -7 12 -9 -10 -11 14 -13 -14 -15 -16
leaf_value=-0.011672713306154102 0.015052980867846755 -0.0023533627386592829 0.010449347600212334 0.0033231381433377893 0.0048134151568489303 -0.00095314467621426693 0.0088010045446750562 -8.4522673584384784e-06 -0.0072502050493309725 -0.0022091199780500696 0.0044434190118234707 -0.0058186427514211412 -0.0053861880786005168 0.0051305094890151774 0.010645231940730582
leaf_weight=19832.330919057131 2174.4316442459822 13410.401398316026 2682.2950723767281 9343.7429041415453 10177.929675474763 15782.161019951105 422.32451435923576 974.33580796420574 11416.682763874531 9048.2129464745522 1660.1979242861271 4046.7601994723082 3808.4944015443325 11279.897868216038 20213.492103338242
leaf_count=61060 6362 37212 7732 27251 35485 50453 1161 2339 34319 28004 5108 11213 11776 40647 81035
internal_value=1.17715e-07 -0.0052589 0.00577611 -0.00238948 0.00229045 0.0013077 -0.00967063 0.0103925 -0.00460518 0.000601458 0.00860745 -0.0106806 -0.00396991 0.00615236 0.0101745
internal_weight=136274 71329 64944.7 43219 29108.9 25960.1 28109.9 3148.77 24827.1 18392 35835.9 23879.1 4230.82 13962.2 21873.7
internal_count=441157 211996 229161 126786 94639 85938 85210 8701 71531 55255 134522 72273 12937 48379 86143
is_linear=0
shrinkage=0.0142514


Tree=43
num_leaves=16
num_cat=0
split_feature=71 70 18 11 166 32 19 165 123 166 33 123 4 165 49
split_gain=19778.4 5224.85 2330.58 1510.9 1409.98 845.185 694.996 598.883 491.038 483.079 488.836 293.629 288.063 259.795 169.168
threshold=1.4284908175468447 -2.9554377794265743 -0.1715658754110336 -0.85745498538017262 -0.23414029926061627 -0.49561764299869532 0.24120762944221499 0.15729004889726642 17.497812271118168 -0.20527692884206769 0.60380971431732189 -2.4879994392395015 -1.4992086887359617 -0.11370706558227538 0.65234375000000011
decision_type=2 2 10 8 8 10 10 8 10 8 10 8 10 10 8
left_child=1 5 7 12 -5 6 -1 8 -2 13 -11 -7 -3 -4 -9
right_child=2 3 9 4 -6 11 -8 14 -10 10 -12 -13 -14 -15 -16
leaf_value=-0.011012154861030384 0.0036642087942009042 -0.011441359863412078 0.0043536517603359652 0.0088920663014854101 -0.0010482200753323952 0.0086411467164510744 -0.0059803847801569946 0.015015538402201165 -0.0024304290083235957 0.0030147071962494444 0.0093182106845672019 -0.003599663356720492 -0.0051863072277634368 0.016366076485279685 0.0058170477182306196
leaf_weight=22117.738961011171 23869.127119198442 1784.8067869395018 426.10108189284801 3183.355678781867 32352.894982069731 487.12850184738636 7454.4458263367414 1095.0469769537449 3025.2088750302792 2808.4712630063295 22660.207838028669 2174.3912841677666 9220.9642782509327 2580.3505389094353 645.55876629054546
leaf_count=68046 75665 4489 1189 8683 101265 1563 20950 3445 9548 10436 92564 6732 25385 8450 2111
internal_value=-1.17625e-05 -0.00464119 0.00637391 -0.00158674 -0.000157751 -0.00905147 -0.00974378 0.00350299 0.00297865 0.00926092 0.00862312 -0.00135913 -0.00620075 0.0146637 0.0116043
internal_weight=135886 78775.7 57110.1 46542 35536.3 32233.7 29572.2 28634.9 26894.3 28475.1 25468.7 2661.52 11005.8 3006.45 1740.61
internal_count=440521 237113 203408 139822 109948 97291 88996 90769 85213 112639 103000 8295 29874 9639 5556
is_linear=0
shrinkage=0.0142514


Tree=44
num_leaves=16
num_cat=0
split_feature=71 71 25 32 168 166 166 19 166 168 19 32 166 163 165
split_gain=19553.3 5181.69 1778.62 1736.02 1101.51 1344.19 867.213 787.74 653.079 1071 589.286 458.718 295.84 266.007 157.058
threshold=1.6589660644531252 -1.8645455241203306 -0.097059570252895341 -0.52149420976638783 0.84575432538986217 -0.17089480906724927 -0.23414029926061627 0.26448746025562292 -0.23414029926061627 0.073697000741958632 1.1064165830612185 -0.41186514496803278 -0.17089480906724927 0.018284503370523456 -0.056997399777173989
decision_type=2 2 10 10 10 10 8 10 8 10 8 10 8 8 10
left_child=1 3 8 7 5 -3 -5 -1 9 -2 -10 -6 14 -14 -4
right_child=2 4 12 6 11 -7 -8 -9 10 -11 -12 -13 13 -15 -16
leaf_value=-0.010685236730897069 -0.0012232970770451085 0.0034971173701971573 0.0076047728422969909 0.015046043063460923 -0.0017988285297093488 -0.0029630985784317252 -0.0034297658087028803 -0.0053237797748605592 0.0024542093624173927 0.016047891415041059 0.0065291296891732782 0.0086946357374567702 0.011475103147946395 0.0079411071366399261 0.016831321319964225
leaf_weight=24390.900593310595 1054.0510514378548 8340.4455087333918 468.43584178388119 551.12771600484848 1144.0898967087269 30329.334460675716 8079.2424471974373 7211.7659110724926 17333.700159028172 2366.1792176663876 12338.64735776186 3248.3239353448153 8127.9212676584721 9249.7615849673748 1875.7129674702883
leaf_count=74627 2721 22094 1295 1527 3710 91756 24816 19950 60316 6376 38431 12327 36307 38640 6589
internal_value=6.38667e-05 -0.00423734 0.00684742 -0.00791473 -0.000801535 -0.00156973 -0.00224982 -0.00946176 0.00482843 0.0107253 0.00414869 0.00596142 0.0102352 0.00959407 0.0149878
internal_weight=136110 83295.2 52814.4 40233 43062.2 38669.8 8630.37 31602.7 33092.6 3420.23 29672.3 4392.41 19721.8 17377.7 2344.15
internal_count=441482 250807 190675 120920 129887 113850 26343 94577 107844 9097 98747 16037 82831 74947 7884
is_linear=0
shrinkage=0.0142514


Tree=45
num_leaves=16
num_cat=0
split_feature=17 70 25 165 81 32 26 70 169 165 163 95 48 163 50
split_gain=18735.7 4244.95 2444.54 1498.04 1142.15 820.809 693.86 641.25 499.444 424.317 351.44 254.33 199.738 152.831 42.8458
threshold=0.093606196343898787 -2.8884737491607662 -0.14748862385749814 0.15729004889726642 -1.0000000180025095e-35 -0.46012282371520991 0.11073599010705949 -1.8471873998641966 0.095542304217815413 0.15729004889726642 0.015889315865933899 1.4526761174201968 0.60546875000000011 0.30339780449867254 0.05268200300633908
decision_type=10 2 10 10 2 10 8 2 8 10 8 8 10 10 8
left_child=1 5 7 4 -3 6 -1 13 -9 10 -4 -5 -7 -2 -11
right_child=2 3 9 11 -6 12 -8 8 -10 14 -12 -13 -14 -15 -16
leaf_value=-0.011492210430623264 -0.00072360208408949324 -0.0056768591338666333 0.010554614568736758 0.014011653214072455 -0.0006149438742652655 -0.0033381963848482352 -0.0072188937204470125 0.00520852389277149 0.001155349576171247 0.016048306785633563 0.0070777336303493752 0.0029262367186869732 0.0059766686727470196 -0.0079659203433902481 0.010587043916391769
leaf_weight=14131.707890555263 3127.1734727025032 13826.552324071527 10578.660915181041 1317.8592342436314 26224.744142904878 1174.3051618486643 17002.761468932033 22021.511551365256 8580.6505390554667 1834.4051421880722 13365.302996426821 617.26297605037689 776.76434294879436 729.87940703332424 347.53208175301552
leaf_count=44444 9875 40728 45743 4020 77846 3700 48813 69520 27525 7103 52951 1821 2519 2330 1571
internal_value=-2.11064e-05 -0.00477901 0.00587449 -0.00177071 -0.00236243 -0.00859662 -0.00915854 0.00338185 0.00407204 0.00916218 0.00861387 0.0104758 0.000370327 -0.00209418 0.0151788
internal_weight=135657 75072 60585.1 41986.4 40051.3 33085.5 31134.5 34459.2 30602.2 26125.9 23944 1935.12 1951.07 3857.05 2181.94
internal_count=440509 223891 216618 124415 118574 99476 93257 109250 97045 107368 98694 5841 6219 12205 8674
is_linear=0
shrinkage=0.0142514


Tree=46
num_leaves=16
num_cat=0
split_feature=53 25 19 25 166 163 35 166 25 147 151 192 166 150 147
split_gain=18079.6 4183.75 2518.03 2365.86 1173.15 1458.44 1107.49 837.928 829.675 696.238 628.817 609.991 457.198 503.55 260.882
threshold=0.25194868445396429 -0.54306152462959278 0.38301523029804235 -0.15051885694265363 -0.23414029926061627 0.010173383168876173 0.31770832836627966 -0.23414029926061627 -0.84228864312171925 0.20751830190420154 -0.042597535997629159 1.2668089270591738 -0.18416839092969892 0.13023363053798678 0.16495209187269214
decision_type=8 10 8 10 8 8 10 10 10 10 8 2 8 8 10
left_child=1 2 8 7 9 -6 -4 10 -1 -3 -2 -9 14 -14 -5
right_child=3 4 6 12 5 -7 -8 11 -10 -11 -12 -13 13 -15 -16
leaf_value=-0.010847417454411522 0.013409397636623282 0.014732316262065059 -0.00030521667012858535 0.016032012037192643 0.0035167897561466386 -0.0043037453033778327 -0.0074893873678185206 0.0026334561865044969 -0.0061844967450110653 -0.0041279581901199998 0.004364648243953476 -0.0088098739017342768 0.0095279228814297481 0.0046493613511077586 0.0038475038546129077
leaf_weight=21781.823984190822 2559.5395631790161 1718.3045743405819 12811.934782683849 2520.291718930006 9351.420370772481 10046.113877475262 6604.9176463186741 26583.230575188994 12031.24145950377 517.15978072583675 4002.4567160755396 980.95593233406544 17634.035444736481 5681.8610606044531 415.82675881683826
leaf_count=65869 6794 4841 33304 8794 31873 31482 19018 85868 36947 1315 12086 2650 76517 21963 1054
internal_value=-1.20924e-05 -0.00469165 -0.00683942 0.00579009 0.00059314 -0.000533519 -0.00274903 0.00331579 -0.00918829 0.0103691 0.00789269 0.00222619 0.00900653 0.00833908 0.0143065
internal_weight=135241 74862.9 53229.9 60378.2 21633 19397.5 19416.9 34126.2 33813.1 2235.46 6562 27564.2 26252 23315.9 2936.12
internal_count=440375 224649 155138 215726 69511 63355 52322 107398 102816 6156 18880 88518 108328 98480 9848
is_linear=0
shrinkage=0.0142514


Tree=47
num_leaves=16
num_cat=0
split_feature=17 71 25 81 25 166 11 165 166 70 166 166 168 168 147
split_gain=17491.4 4333.46 2242.3 1681.95 1282.8 860.68 789.991 712.026 603.51 553.942 493.016 346.119 364.403 253.435 184.625
threshold=0.13082396984100345 -2.48436427116394 -0.12199417501688002 -1.0000000180025095e-35 -0.60625389218330372 -0.23414029926061627 -0.5615619122982024 -0.11370706558227538 -0.17089480906724927 -1.6931410431861875 -0.73506680130958546 -0.18416839092969892 0.82820320129394542 0.84575432538986217 0.14187923818826678
decision_type=8 2 10 2 10 8 10 10 10 2 8 8 10 10 10
left_child=1 4 5 8 10 7 -5 -2 -3 -7 -1 14 -13 -6 -4
right_child=2 3 11 6 13 9 -8 -9 -10 -11 -12 12 -14 -15 -16
leaf_value=0.0042244316522228216 0.00114598014309751 0.00048272417108636065 0.016021385674526437 -0.0018123222725101164 -0.0028357803608269742 -0.0025780345173209464 0.0028742779472095878 0.01549026668643512 -0.0060925994269558767 0.0036358527602127167 -0.010417285357518898 0.0077425329857681848 0.012182576333613875 0.0066223539691894363 0.0051554375375625775
leaf_weight=476.56239771842957 1047.3161532729864 3390.3041161000729 2161.6019680202007 16352.225501582026 2738.621251553297 3245.8822426497936 13203.379790693521 2136.8402407467365 17311.775272399187 28474.036486834288 23412.348172053695 15229.911451756954 4982.8242956548929 728.39691825211048 372.37578707933426
leaf_count=1174 2826 8919 7742 46877 8188 10558 41673 5738 52380 92873 70675 63429 23922 2545 955
internal_value=3.17262e-05 -0.00438512 0.005978 -0.00190066 -0.0089495 0.00370904 0.000281325 0.0107723 -0.00501578 0.00299999 -0.0101252 0.00945962 0.00883712 -0.000848613 0.0144248
internal_weight=135264 77613.6 57650.8 50257.7 27355.9 34904.1 29555.6 3184.16 20702.1 31719.9 23888.9 22746.7 20212.7 3467.02 2533.98
internal_count=440474 232431 208043 149849 82582 111995 88550 8564 61299 103431 71849 96048 87351 10733 8697
is_linear=0
shrinkage=0.0142514


Tree=48
num_leaves=16
num_cat=0
split_feature=71 17 17 25 166 151 168 166 147 168 166 166 166 168 168
split_gain=17172 4531.79 2120.23 1912.52 1086.7 1396.15 1346.76 642.637 1147.61 679.167 607.206 544.838 427.915 373.921 219.815
threshold=1.5195474624633791 -0.28979131579399103 0.34999936819076544 -0.64423063397407521 -0.17089480906724927 0.1033214144408703 0.82023268938064586 -0.20527692884206769 0.36598888039588934 0.82820320129394542 -0.18416839092969892 -0.67659330368041981 -0.18416839092969892 0.82820320129394542 0.073697000741958632
decision_type=2 8 10 10 10 10 10 8 8 10 8 8 8 10 10
left_child=1 3 7 11 5 -3 -6 8 -2 -9 -5 -1 14 -14 -4
right_child=2 4 12 10 6 -7 -8 9 -10 -11 -12 -13 13 -15 -16
leaf_value=0.0018176247480851929 0.014219771634605921 0.0063189698064493862 0.004687900888005362 0.0093298232349903806 -0.0034465349684201199 -0.0074505659003810494 0.00429883302534762 0.0013452899220868272 -0.0057677288633398178 0.0082562008360541495 -0.0030179827624239276 -0.010049624404769728 0.0073721602032223834 0.011737135946696306 0.015619855141172747
leaf_weight=808.91189175844193 2346.2712487727404 6778.551016792655 440.08897732198238 935.24520595371723 31388.228227451444 1918.9234553277493 5334.4394920170307 19658.915191784501 776.49451515078545 3385.5106448084116 5983.1858044415712 27423.502508118749 20834.964863702655 4929.1774301528931 2474.0757249742746
leaf_count=2097 6725 18262 1220 2464 93851 5441 18852 63310 1962 13703 18960 82108 80766 23322 8206
internal_value=-3.48707e-05 -0.00422198 0.00611622 -0.00806401 -0.00124862 0.00328097 -0.00232142 0.00318277 0.00924974 0.00236061 -0.00134872 -0.0097096 0.0087928 0.00820729 0.0139691
internal_weight=135416 80571 54845.5 35150.8 45420.1 8697.47 36722.7 26167.2 3122.77 23044.4 6918.43 28232.4 28678.3 25764.1 2914.16
internal_count=441249 242035 199214 105629 136406 23703 112703 85700 8687 77013 21424 84205 113514 104088 9426
is_linear=0
shrinkage=0.0142514


Tree=49
num_leaves=16
num_cat=0
split_feature=71 70 18 168 11 32 17 68 169 33 70 147 151 165 32
split_gain=16697.1 4702.35 1652.92 1554.7 1161.3 792.94 661.78 643.04 446.758 405.769 370.444 293.077 256.4 209.582 188.431
threshold=1.6864740848541262 -2.9233070611953731 -0.16147438436746595 0.82820320129394542 -0.77738451957702626 -0.54837051033973683 -0.46712975203990931 20.529013633728031 0.074992053210735335 0.60380971431732189 -1.4290634989738462 -0.21860579401254651 -0.076412003487348543 0.12245826795697214 -0.23525355756282804
decision_type=2 2 10 10 8 10 10 8 10 10 2 10 10 10 10
left_child=1 5 8 4 -3 6 -1 -5 10 14 -2 -7 -11 -10 -4
right_child=2 3 9 7 -6 11 -8 -9 13 12 -12 -13 -14 -15 -16
leaf_value=-0.01146866343008821 -0.00024216765974305286 -0.0056682503499113097 0.0016893611284754201 0.0087566134233112922 -0.00059698362149562432 0.003926595121944116 -0.0070751737138776841 -0.0013437865518852511 0.00039153452674233391 0.011709027449326902 0.0059466201324171698 -0.0045615719116485791 0.0085326620330501406 0.01025556135139429 0.0098883636663058151
leaf_weight=11860.90114659071 2270.0821329653263 12843.961097940803 2119.3046399205923 4179.2406555116177 32073.140807643533 1144.9846704602242 16864.508045330644 1845.5015769302845 7302.8904416114092 7558.8477225154638 14587.620782107115 2966.7254501283169 16279.012352138758 465.30371019244194 778.37269356846809
leaf_count=36679 6936 34575 7117 15344 97230 3870 49284 6382 24159 30514 46674 8851 67598 1609 3641
internal_value=7.62065e-05 -0.00384607 0.00647408 -0.00113529 -0.00204711 -0.00805143 -0.00888929 0.00566267 0.00381019 0.00892776 0.00511323 -0.00219786 0.0095399 0.000982448 0.00389193
internal_weight=135140 83779 51361.4 50941.8 44917.1 32837.1 28725.4 6024.74 24625.9 26735.5 16857.7 4111.71 23837.9 7768.19 2897.68
internal_count=440463 252215 188248 153531 131805 98684 85963 21726 79378 108870 53610 12721 98112 25768 10758
is_linear=0
shrinkage=0.0142514


Tree=50
num_leaves=16
num_cat=0
split_feature=17 81 70 17 163 25 159 115 195 18 167 121 163 169 165
split_gain=16736.3 3749.57 2684.58 1923.62 886.412 832.896 636.644 542.749 540.11 538.819 464.259 389.003 337.514 224.433 157.525
threshold=0.063380431383848204 1.0000000180025095e-35 3.5049514770507817 -0.32423524558544153 1.0000000180025095e-35 -0.1971710920333862 -0.14404977858066556 -0.30620357394218439 -1.9635177254676817 -0.10012818127870558 -0.47467489540576929 0.85971537232398998 0.21580974012613299 0.055898506194353111 -0.075890779495239244
decision_type=8 2 2 10 10 10 10 10 2 10 2 8 8 8 10
left_child=1 3 5 10 11 8 -6 -5 -2 13 -1 -3 -7 -4 -11
right_child=2 4 9 7 6 12 -8 -9 -10 14 -12 -13 -14 -15 -16
leaf_value=0.0045307904934021479 -0.011523304219284084 0.012717042488717524 0.0080583749003646423 -0.0022859291203400495 0.0023238909214453019 0.0078885110046066145 -0.0048504593824012978 -0.0067643287697107084 0.0018357965003244125 0.005027429901732868 -0.0099207842427163715 0.0023818711240976712 0.0023117780693080129 0.003435942019190911 0.010554734321925097
leaf_weight=459.70481453835964 629.22047086060047 802.53063723444939 4461.6082203388214 14351.694616898894 3686.6206256598234 7455.0408150702715 7885.4826757013798 8907.7671610563993 26486.286404311657 1118.0293342918158 25169.57434079051 9435.0379844456911 3129.5487921983004 4088.344619050622 16572.623608469963
leaf_count=1128 1640 2959 15360 40586 10216 29160 23733 26662 81853 3693 76068 29741 11255 14784 71326
internal_value=2.05103e-06 -0.00477639 0.00528551 -0.00696851 0.000137493 0.00284924 -0.00256487 -0.00400105 0.00152577 0.0087857 -0.00966156 0.00319212 0.00623966 0.0058481 0.0102054
internal_weight=134639 70698.4 63940.7 48888.7 21809.7 37700.1 11572.1 23259.5 27115.5 26240.6 25629.3 10237.6 10584.6 8549.95 17690.7
internal_count=440164 211093 229071 144444 66649 123908 33949 67248 83493 105163 77196 32700 40415 30144 75019
is_linear=0
shrinkage=0.0142514


Tree=51
num_leaves=16
num_cat=0
split_feature=71 69 25 32 166 151 25 166 165 166 19 166 164 166 163
split_gain=15829.4 4573.41 1583.58 1377.74 1243.42 1282.74 1187.75 623.815 921.426 578.229 554.545 473.908 275.199 233.284 144.129
threshold=1.6864740848541262 -2.1699435710906978 -0.097059570252895341 -0.42572845518589014 -0.23414029926061627 -0.071628399193286882 -0.32876685261726374 -0.23414029926061627 -0.11370706558227538 -0.67659330368041981 1.0480186343193056 -0.14154157042503354 0.030736591666936878 -0.13252303749322888 0.018284503370523456
decision_type=2 2 10 10 10 8 10 8 10 8 8 8 10 8 8
left_child=1 3 7 9 5 -3 -6 8 -2 -1 -9 -5 14 -14 -4
right_child=2 4 12 11 6 -7 -8 10 -10 -11 -12 -13 13 -15 -16
leaf_value=0.0027161736112811712 -0.0014275788380104996 0.011742918339675161 0.0097221556624334463 0.013333051537977382 -0.0032313201804900667 -0.00039729803783835526 0.0027929708048234419 0.0017762789404232114 0.015251311577692821 -0.0089671933135676198 0.0057393916938035814 -0.001625784209980043 0.015509474611018171 0.010001741095087946 0.0059715462774355904
leaf_weight=884.39708809554577 962.45522224903107 2924.9281816035509 3615.8503494262695 489.87069410085678 31436.771194919944 4467.643672093749 8429.3752216547728 15617.739610850811 2234.6961541473866 31626.206655487418 13259.110623046756 3525.0440859049559 1917.3080887496471 8431.903580725193 4903.4220394343138
leaf_count=2264 2530 7593 16252 1301 93178 12589 29450 55357 6215 94927 42044 11139 6940 37998 20836
internal_value=-8.01941e-05 -0.00388929 0.00618456 -0.00767668 -0.000962074 0.00440613 -0.00195753 0.00425733 0.0102304 -0.00864936 0.00359599 0.000199552 0.00946058 0.0110222 0.00756348
internal_weight=134727 83784.2 50942.5 36525.5 47258.7 7392.57 39866.1 32074 3197.15 32510.6 28876.9 4014.91 18868.5 10349.2 8519.27
internal_count=440613 252441 188172 109631 142810 20182 122628 106146 8745 97191 97401 12440 82026 44938 37088
is_linear=0
shrinkage=0.0142514


Tree=52
num_leaves=16
num_cat=0
split_feature=71 71 18 81 32 163 166 166 166 168 166 166 57 163 165
split_gain=15594.1 4051.44 1850.9 1332.12 1063.31 900.261 845.26 599.523 571.758 687.281 533.204 520.324 456.69 438.802 308.896
threshold=1.4889910221099856 -2.4354614019393916 -0.1915679648518562 -1.0000000180025095e-35 -0.64163026213645924 0.0076647179666906604 -0.23414029926061627 -0.17089480906724927 -0.23414029926061627 0.073697000741958632 -0.17089480906724927 -0.73506680130958546 1.8612365126609804 0.015889315865933899 -0.10763223841786383
decision_type=2 2 10 2 10 8 8 10 10 10 8 8 10 10 10
left_child=1 4 8 7 11 -5 -6 -3 9 -2 14 -1 -12 -10 -4
right_child=2 3 10 5 6 -7 -8 -9 13 -11 12 -13 -14 -15 -16
leaf_value=0.0042803497994279701 0.0031482133919263876 0.0012977581369258886 0.0039613681765080467 0.0042228233369979457 0.012947362284759492 -0.0012170252977616641 -0.005273723002693376 -0.0052637859116719948 0.0040738352232719656 0.014219546787219754 0.0046440443119620135 -0.010453819611633289 0.0088352363082705634 -8.0038306340946867e-05 0.015433697621059386
leaf_weight=499.3070584833622 2866.8807378858328 3344.0434712767601 569.44447502493858 8788.8652317523956 551.67711818218231 20806.805579185486 8233.3694816380739 18333.846214681864 10686.779898673296 1889.2864078730345 7396.1432465314865 19370.9646166116 18460.550219133496 9996.6377436816692 2927.6129995584488
leaf_count=1220 8840 8998 1629 28810 1487 60303 24280 55603 35050 5256 24902 59450 83235 31637 10164
internal_value=4.82864e-05 -0.00396621 0.00590437 -0.00156756 -0.00825817 0.000398422 -0.00412941 -0.0042516 0.00309075 0.00754619 0.0083428 -0.0100836 0.00763639 0.0020662 0.0135657
internal_weight=134722 79928.9 54793.3 51273.6 28655.3 29595.7 8785.05 21677.9 25439.6 4756.17 29353.8 19870.3 25856.7 20683.4 3497.06
internal_count=440864 240151 200713 153714 86437 89113 25767 64601 80783 14096 119930 60670 108137 66687 11793
is_linear=0
shrinkage=0.0142514


Tree=53
num_leaves=16
num_cat=0
split_feature=69 70 10 168 166 166 168 163 10 68 32 166 166 81 165
split_gain=15211.5 3928.76 1959.11 1572.29 1149.57 976.58 788.927 777.548 726.829 628.701 579.148 511.787 459.137 450.358 188.752
threshold=1.5591745972633364 -2.8884737491607662 0.31094428896903997 0.82820320129394542 -0.17089480906724927 -0.23414029926061627 0.073697000741958632 0.015889315865933899 -0.31818152964115137 13.614015579223635 -0.68773096799850453 -0.60884830355644215 -0.23414029926061627 -1.0000000180025095e-35 -0.11370706558227538
decision_type=2 2 8 10 8 8 10 8 10 8 10 8 8 2 10
left_child=1 8 5 4 -3 6 -2 -7 10 -5 -1 -10 14 -14 -4
right_child=2 3 12 9 -6 7 -8 -9 11 -11 -12 -13 13 -15 -16
leaf_value=-0.010580637896736335 -0.0025134905667820212 0.0036354588452317711 0.0062251360366792612 0.0096111365674487487 -0.0032015932411857653 0.0053662465451340072 0.015959231615194306 -0.00012144391691772882 0.0080761535689990657 -0.00023278110393579827 -0.0049214422943968609 -0.0055885149574100342 0.0015597310417728109 0.0083517603817223687 0.015944394562203913
leaf_weight=16264.348979860544 626.04561127722263 5801.9878190010786 503.06157819926739 3418.0023881644011 35897.402939140797 8437.443084448576 1878.3425535559654 13855.328761026263 584.45881707966328 2144.4545656591654 4744.3177694380283 11693.898134589195 2159.4916338324547 24235.440793737769 2101.8809361457825
leaf_count=50065 1488 15157 1349 12696 106739 30962 5447 45743 1368 7649 14131 34598 8082 98058 6867
internal_value=-2.32919e-05 -0.00394235 0.0058446 -0.00130091 -0.00225029 0.00290352 0.0113415 0.00195556 -0.00769272 0.00581612 -0.00930266 -0.00493803 0.00835945 0.00779608 0.0140676
internal_weight=134346 80548.9 53797 47261.8 41699.4 24797.2 2504.39 22292.8 33287 5562.46 21008.7 12278.4 28999.9 26394.9 2604.94
internal_count=440399 242403 197996 142241 121896 83640 6935 76705 100162 20345 64196 35966 114356 106140 8216
is_linear=0
shrinkage=0.0142514


Tree=54
num_leaves=16
num_cat=0
split_feature=53 81 17 25 163 166 166 166 159 166 194 25 166 156 165
split_gain=14744.7 3723.13 2067.01 1840.36 1035.04 768.763 756.627 616.789 569.924 551.642 510.887 490.181 369.427 344.56 172.544
threshold=0.32313840091228491 1.0000000180025095e-35 -0.35828693211078638 -0.11564068868756293 0.010173383168876173 -0.23414029926061627 -0.17089480906724927 0.077623657882213606 -0.07487416639924048 -0.73506680130958546 72.500000000000014 -0.48930171132087702 -0.17089480906724927 0.19302721321582797 -0.09348000586032866
decision_type=10 2 8 10 10 8 10 8 10 8 2 10 8 10 10
left_child=1 2 9 5 11 10 -4 -7 -6 -1 -2 -3 14 -14 -5
right_child=3 4 6 12 8 7 -8 -9 -10 -11 -12 -13 13 -15 -16
leaf_value=0.0056167999316817157 0.0027138473620729625 -2.5663057188847762e-05 0.00062176870103539887 0.0049827123894639821 0.0015870109334781225 0.00013291412816432505 -0.0049158934484990913 0.0043419419842816668 -0.004399508853067508 -0.0097532901158722922 0.014909141856350002 0.0057167885367951426 0.0089476366330285516 0.003302276574932345 0.015533767290668963
leaf_weight=484.52976351976395 1102.7793331295252 5148.1514240056276 6409.1242170631886 368.69909736514091 4985.3546995222569 10839.5514177531 22975.916995406151 20339.722641319036 9172.2738840281963 22313.40460203588 1899.3571977168322 7300.3317065685987 16309.650806099176 2537.5675875395536 2155.8760578334332
leaf_count=1186 3031 15040 17221 1073 14166 33406 67599 70111 27643 67798 5378 25159 74290 9814 8060
internal_value=-2.97931e-05 -0.00399432 -0.00620643 0.00559296 0.000344312 0.00354187 -0.00370808 0.00287867 -0.00229147 -0.00942661 0.0104296 0.00334197 0.00887338 0.00818756 0.013993
internal_weight=134342 78789.1 52183 55553.2 26606.1 34181.4 29385 31179.3 14157.6 22797.9 3002.14 12448.5 21371.8 18847.2 2524.58
internal_count=440975 235812 153804 205163 82008 111926 84820 103517 41809 68984 8409 40199 93237 84104 9133
is_linear=0
shrinkage=0.0142514


Tree=55
num_leaves=16
num_cat=0
split_feature=71 70 18 168 11 24 49 165 123 32 32 70 165 49 32
split_gain=14147.1 4060.09 1532.81 1496.41 1019.41 707.836 672.763 566.854 464.982 409.042 362.94 336.015 216.86 176.748 70.0402
threshold=1.6864740848541262 -2.8884737491607662 -0.10012818127870558 0.82023268938064586 -0.69221207499504078 -0.46721319854259485 0.72005209326744091 0.15729004889726642 19.499007225036625 -0.39336350560188288 -0.7009211778640746 3.1828998327255253 -0.081182178109884248 0.66796875000000011 -0.23525355756282804
decision_type=2 2 10 10 8 10 8 8 10 10 10 2 10 8 10
left_child=1 5 7 4 -3 10 -5 8 -2 -7 -1 14 -13 -9 -4
right_child=2 3 11 6 -6 9 -8 13 -10 -11 -12 12 -14 -15 -16
leaf_value=-0.011382789864621174 0.0039688949719840824 -0.0049367443318328267 0.0029999007254045704 0.0093285169111793232 -0.00038750459188217911 -0.0064286273806024629 2.5923200433075633e-06 0.014761581511879673 -0.0023230616180939423 0.0032969391903113058 -0.0030259225616030205 0.0033062115424351956 0.010051696321612173 0.005434607586978021 0.007988541951323893
leaf_weight=9643.2598609626293 25538.431915968657 15493.998034343123 2056.1799611002207 3696.127032160759 28236.469580635428 21546.179940745234 2732.5407361537218 1203.418460175395 2631.2606220990419 915.61804807186127 1185.3048832416534 1027.6146916151047 16703.47456613183 628.1355806440115 791.72011336684227
leaf_count=30422 86357 42292 6801 13603 85797 63143 9603 4287 8860 2981 3643 3430 73632 2182 3597
internal_value=-1.17673e-05 -0.00361648 0.00593544 -0.00105554 -0.00199934 -0.00747508 0.00536452 0.0038807 0.00338118 -0.00603217 -0.0104681 0.00893094 0.00966077 0.0115632 0.00438689
internal_weight=134030 83449.5 50580.2 50159.1 43730.5 33290.4 6428.67 30001.2 28169.7 22461.8 10828.6 20579 17731.1 1831.55 2847.9
internal_count=440630 251484 189146 151295 128089 100189 23206 101686 95217 66124 34065 87460 77062 6469 10398
is_linear=0
shrinkage=0.0142514


Tree=56
num_leaves=16
num_cat=0
split_feature=17 71 25 32 165 163 166 166 165 195 166 166 168 95 147
split_gain=14145.5 3740.97 1610.68 1318.67 1026.43 892.146 758.477 649.253 611.046 567.614 542.633 325.884 317.248 282.331 154.881
threshold=0.15957447886466983 -1.8944113254547117 -0.10625555738806723 -0.45051355659961695 0.15729004889726642 0.020727863535285 -0.23414029926061627 -0.65331998467445362 -0.11370706558227538 -1.9635177254676817 -0.14154157042503354 -0.18416839092969892 0.51727676391601574 1.5048615932464602 0.057012200355529792
decision_type=8 2 10 10 10 10 8 8 10 2 8 8 10 8 10
left_child=1 3 6 7 5 -3 8 -1 -2 -8 -5 14 -13 -6 -4
right_child=2 4 11 10 13 -7 9 -9 -10 -11 -12 12 -14 -15 -16
leaf_value=0.0025944535588563146 0.0017661323722885035 0.0008398189593105431 0.01609416183730062 0.012435294699806443 0.013539839958676532 -0.0034445125507021946 -0.012121033053263335 -0.0082945341034120889 0.015304598231387471 0.0034037979466556619 -0.0019597826644300207 0.0037382108793459078 0.0091038566631765506 0.0014450626822538227 0.0065408473951377661
leaf_weight=1151.4710661023855 1030.5435339808464 20704.574923858047 1723.5489837229252 596.35884816944599 1248.6123542189598 18867.04346729815 486.06440277397633 32532.419180929661 1974.2616248130798 29802.731350824237 4913.3812893927097 2623.3771495521069 15242.034651219845 571.38415518403053 430.97079472243786
leaf_count=2962 2781 63591 6753 1594 4035 54726 1255 97903 5678 99825 15323 10307 70533 1783 1138
internal_value=5.81093e-05 -0.00370954 0.00575303 -0.00686505 -0.000721576 -0.00120288 0.00383216 -0.00792229 0.0106615 0.00315464 -0.000401584 0.00894746 0.00831597 0.00974288 0.0141834
internal_weight=133899 80585.2 53313.5 39193.6 41391.6 39571.6 33293.6 33683.9 3004.81 30288.8 5509.74 20019.9 17865.4 1820 2154.52
internal_count=440187 241917 198270 117782 124135 118317 109539 100865 8459 101080 16917 88731 80840 5818 7891
is_linear=0
shrinkage=0.0142514


Tree=57
num_leaves=16
num_cat=0
split_feature=18 70 70 51 25 81 26 159 32 101 101 26 19 147 159
split_gain=13758.5 3593.36 2006.42 1255.11 938.957 747.925 607.935 511.39 468.908 348.917 333.805 282.573 266.788 225.791 171.392
threshold=-0.41007551550865168 -2.9233070611953731 -1.3119409084320066 0.57491469383239757 -0.097059570252895341 -1.0000000180025095e-35 0.060994509607553489 0.10067555680871011 -0.7009211778640746 -1.5745997428894041 -0.20538317412137982 0.47837875783443456 0.9429931938648225 0.054148968309164054 0.26639503240585333
decision_type=10 2 2 10 10 2 8 10 10 8 10 10 8 10 8
left_child=1 6 10 5 7 -3 8 -4 -1 -8 11 -2 -5 -6 -12
right_child=2 3 4 12 13 -7 9 -9 -10 -11 14 -13 -14 -15 -16
leaf_value=-0.011581901033706408 -0.0043321662245701621 -0.005076124474143716 0.0064711050937802115 0.00058718854911698831 0.0097861606548145068 -0.00090141637067760866 -0.00064006817325959085 0.002635950215196723 -0.0032065984912485047 -0.006803995122559788 0.012999581743832919 0.0010597596972800058 0.0067678761760897495 0.0059591885453860825 0.0014570585249923716
leaf_weight=9251.8943199068308 4256.9276339709759 13044.064924582839 17270.448969587684 2185.1043963879347 14898.930338829756 26269.561588093638 2078.5354222804308 11946.419371366501 1591.2692361027002 18173.528096929193 479.0562402009964 3681.000794172287 4042.7423614412546 3964.8454505205154 574.7098177075386
leaf_count=29855 14082 37224 57720 6370 68814 76320 5639 43459 4907 53127 2028 11070 12191 15674 2217
internal_value=5.02236e-05 -0.00389487 0.0053477 -0.00134491 0.00650326 -0.00228657 -0.0076295 0.00490297 -0.0103528 -0.00617137 -0.000831336 -0.00183182 0.00459934 0.00898182 0.00670488
internal_weight=133709 76636.7 57072.3 45541.5 48080.6 39313.6 31095.2 29216.9 10843.2 20252.1 8991.69 7937.93 6227.85 18863.8 1053.77
internal_count=440697 225633 215064 132105 185667 113544 93528 101179 34762 58766 29397 25152 18561 84488 4245
is_linear=0
shrinkage=0.0142514


Tree=58
num_leaves=16
num_cat=0
split_feature=71 70 25 11 166 17 10 166 151 166 25 166 166 163 147
split_gain=13525 3794.77 1457.15 1348.41 1081.13 857.807 739.882 588.934 706.725 578.853 574.853 491.085 366.456 321.422 150.324
threshold=1.6589660644531252 -2.5239660739898677 -0.12489774450659751 -0.67288470268249501 -0.18416839092969892 -0.41860423982143397 0.086206875741481795 -0.17089480906724927 0.11002516746520997 -0.60884830355644215 -0.88622841238975514 0.074811182916164412 -0.18416839092969892 0.018284503370523456 0.060004983097314842
decision_type=2 2 10 10 8 10 8 10 10 8 10 10 8 8 10
left_child=1 5 7 6 -5 10 -3 8 -2 -7 -1 -9 14 -14 -4
right_child=2 3 12 4 -6 9 -8 11 -10 -11 -12 -13 13 -15 -16
leaf_value=-0.010543059642566108 0.010273463572274119 -0.0043482113714961596 0.015914079724267279 0.0096362719530558427 0.00051101179479109114 0.0055352505986255018 0.0038183795811879868 0.00019113107134537138 -0.0023449992613022224 -0.0054179491650792281 -0.0039676223248185649 0.0044244264604662038 0.010017978148877829 0.0063083253561313796 0.0067505154552290631
leaf_weight=13172.902224749327 4698.9080975204706 17892.639228492975 1825.861206009984 3019.4701835513115 20813.727275431156 1027.3161450028419 2577.7651089280844 9079.7255970686674 1115.4542636573315 21234.500381782651 3396.7998515814543 14380.6611392349 8911.9935686439276 10143.849267527461 454.15567046403885
leaf_count=40485 14057 50249 7218 8521 67933 2452 6781 28198 3336 63115 10612 50173 42127 44261 1191
internal_value=4.83731e-05 -0.00348765 0.0058568 -0.000637081 0.00166713 -0.00673992 -0.00331981 0.00379236 0.00785268 -0.00491248 -0.00919511 0.00278605 0.00868938 0.00804327 0.014089
internal_weight=133746 83135.1 50610.6 44303.6 23833.2 38831.5 20470.4 29274.7 5814.36 22261.8 16569.7 23460.4 21335.9 19055.8 2280.02
internal_count=440709 250148 190561 133484 76454 116664 57030 95764 17393 65567 51097 78371 94797 86388 8409
is_linear=0
shrinkage=0.0142514


Tree=59
num_leaves=16
num_cat=0
split_feature=17 71 25 165 32 163 166 166 165 195 166 165 49 55 166
split_gain=13198.7 3191.38 1766.85 1065.97 929.188 833.322 788.359 698.855 712.495 561.334 536.897 302.228 299.376 226.668 24.6226
threshold=0.13082396984100345 -2.48436427116394 -0.10315347835421561 0.15729004889726642 -0.62920069694519032 0.018284503370523456 -0.23414029926061627 -0.23414029926061627 -0.11370706558227538 -1.5343092083930967 -0.73506680130958546 0.15729004889726642 0.64192709326744091 1.6984706521034243 0.074811182916164412
decision_type=8 2 10 10 10 10 8 8 10 2 8 10 8 10 10
left_child=1 4 7 5 10 -3 -6 8 -2 -9 -1 13 -5 -4 -13
right_child=2 3 11 12 6 -7 -8 9 -10 -11 -12 14 -14 -15 -16
leaf_value=0.0052402346216573028 0.00033920254600746942 -0.00025480849227135555 0.0042238973816064529 0.011428015783322643 0.013540710451582248 -0.0039971666196092449 -0.0047958933476057218 -0.0098648507308016324 0.014463200166561083 0.0030981453287812813 -0.009785360439533845 0.015724309217536748 -0.0022330993533721628 0.0088722482326231422 0.011660716441278512
leaf_weight=495.70029065012932 1089.6016360521317 24860.495951533318 2473.5574207603931 1569.6348579972982 508.1210566163063 23516.043133243918 7571.7001039087772 692.81230032444 2170.2732668220997 32640.66469411552 18798.067757725716 1194.0885611027479 411.12456515431404 15376.285955235362 407.07338373363018
leaf_count=1197 3011 76012 9740 4955 1387 67821 22149 1829 6324 109820 58063 5027 1291 70698 2087
internal_value=1.75881e-05 -0.00378347 0.00528948 -0.00165442 -0.00770014 -0.00207399 -0.00364266 0.00344461 0.00974239 0.0028287 -0.0093993 0.00876022 0.00859255 0.00822811 0.0146917
internal_weight=133775 77730.9 56044.4 50357.3 27373.6 48376.5 8079.82 36593.4 3259.87 33333.5 19293.8 19451 1980.76 17849.8 1601.16
internal_count=441411 232875 208536 150079 82796 143833 23536 120984 9335 111649 59260 87552 6246 80438 7114
is_linear=0
shrinkage=0.0142514


Tree=60
num_leaves=16
num_cat=0
split_feature=17 81 70 10 166 168 159 166 168 68 165 18 18 166 169
split_gain=12749 3110.17 1922.3 1789.52 857.961 803.977 701.297 694.947 677.996 603.174 546.766 513.601 496.911 241.848 177.913
threshold=0.098110105842351927 1.0000000180025095e-35 3.5049514770507817 -0.33809529244899744 -0.23414029926061627 0.85824123024940502 -0.22002279758453366 -0.17089480906724927 0.82820320129394542 13.90165948867798 -0.11370706558227538 -0.82041665911674488 -0.080882024019956575 -0.17089480906724927 0.051737008616328246
decision_type=8 2 2 8 8 10 10 10 8 10 10 10 10 8 8
left_child=1 3 4 11 10 7 -5 -3 -6 -7 -2 -1 14 -14 -4
right_child=2 5 12 6 8 9 -8 -9 -10 -11 -12 -13 13 -15 -16
leaf_value=-0.0097877274698661854 0.001865778482858769 0.0054686823854529247 0.0073035998074408538 -0.0010790262222901274 0.00093123651974748865 0.011354048537391285 -0.0057232183194516131 -0.0018299679697700631 0.0061412267771635554 -0.001660215762853827 0.014082347092446913 -0.0045010991110115634 0.014492605001182645 0.0088699629997212349 0.0033633345989663066
leaf_weight=19269.271308854222 1157.4099568426609 3123.5071220248938 4671.6285092830658 13319.658374756575 24457.058370798826 2128.2928592115641 13097.721565157175 17462.495969414711 6400.7126306891441 1095.6334589719772 2083.6360874325037 4629.181667983532 1749.0905262231827 13921.604842633009 4638.4486239701509
leaf_count=57677 3143 8177 17102 37428 80614 8003 39238 53015 24195 3791 6282 14384 6527 63015 17821
internal_value=6.31341e-06 -0.00392982 0.00494489 -0.00593795 0.00274457 0.000313826 -0.00338162 -0.000722534 0.00201194 0.00693127 0.0097198 -0.00876371 0.00794831 0.00949759 0.00534052
internal_weight=133205 74125.8 59079.6 50315.8 34098.8 23809.9 26417.4 20586 30857.8 3223.93 3241.05 23898.5 24980.8 15670.7 9310.08
internal_count=440412 221713 218699 148727 114234 72986 76666 61192 104809 11794 9425 72061 104465 69542 34923
is_linear=0
shrinkage=0.0142514


Tree=61
num_leaves=16
num_cat=0
split_feature=17 81 17 70 168 166 166 68 166 168 159 151 18 166 166
split_gain=12564.9 3326.45 1864.84 1571.34 883.474 806.089 794.674 668.879 618.604 611.14 589.48 492.428 406.071 199.438 149.357
threshold=0.15124562382698062 1.0000000180025095e-35 -0.31985342502593989 3.5785286426544194 0.86137318611145031 -0.18416839092969892 -0.16043478995561597 13.071508884429933 -0.18416839092969892 0.82820320129394542 0.33565500378608709 -0.042597535997629159 -0.087400689721107469 -0.17089480906724927 -0.19088128209114072
decision_type=8 2 10 2 10 8 10 10 8 10 10 8 10 8 8
left_child=1 2 8 5 6 11 -3 -6 -1 -7 -4 -2 14 -14 -5
right_child=3 4 10 12 7 9 -8 -9 -10 -11 -12 -13 13 -15 -16
leaf_value=-0.0034444219687650669 0.013326714715852813 0.0054044931021391997 -0.0022066609557343524 0.012219544665831467 0.011690778043088728 0.0014991108023477554 -0.0016827682381505313 -0.0012368691806341353 -0.0093696791400594403 0.0074856181195199949 -0.0086188699229122132 0.0013731314240761892 0.01393636938473897 0.0088594292410393745 0.0047778126577379832
leaf_weight=4286.0783294290304 2369.8638002872467 3837.8811163008213 23104.429034948349 595.86440101265907 2287.9114298373461 23037.24964222312 19742.79583978653 1260.8163320273161 21683.610119357705 4076.2633264511824 3331.7285163551569 993.33637171983719 1769.9861834645271 14027.898265898228 6783.1587480902672
leaf_count=12297 7054 10038 66900 1898 8772 76628 60427 4433 66198 17156 9895 3003 6751 63840 25596
internal_value=1.28459e-05 -0.00358236 -0.00567937 0.00534232 0.000468424 0.00321545 -0.000529268 0.00709781 -0.00839178 0.00239914 -0.0030148 0.00979626 0.00813905 0.0094283 0.00537883
internal_weight=133189 79535.3 52405.8 53653.6 27129.4 30476.7 23580.7 3548.73 25969.7 27113.5 26436.2 3363.2 23176.9 15797.9 7379.02
internal_count=440886 238960 155290 201926 83670 103841 70465 13205 78495 93784 76795 10057 98085 70591 27494
is_linear=0
shrinkage=0.0142514


Tree=62
num_leaves=16
num_cat=0
split_feature=71 70 25 168 166 17 166 151 166 49 32 166 166 156 147
split_gain=12272.1 3339.2 1531.67 1187.86 1360.06 684.205 639.655 728.56 578.666 572.16 466.938 466.112 325.715 307.435 104.722
threshold=1.5763054490089419 -2.7829325199127193 -0.10315347835421561 0.830928534269333 -0.23414029926061627 -0.43643650412559504 -0.17089480906724927 0.1077529899775982 0.077623657882213606 0.71484375000000011 -0.73670318722724903 -0.60884830355644215 -0.19088128209114072 0.011318544391542675 0.077781163156032576
decision_type=2 2 10 10 8 10 10 10 10 8 10 8 8 10 10
left_child=1 5 6 4 -3 10 7 -2 -8 -5 -1 -7 14 -14 -4
right_child=2 3 12 9 -6 11 8 -9 -10 -11 -12 -13 13 -15 -16
leaf_value=-0.010517792028412274 0.0099844585830278516 0.0062761915647289853 0.015874846280969298 0.0092617596162251105 -0.0026341209533714202 0.0048831518332901483 -5.9863071505400565e-05 -0.0024495940616116453 0.0042474503973501665 -0.00030906339882190583 -0.0045841298738029503 -0.0055707834507482245 0.0092832870908365235 0.0050619772595510157 0.0071012287614758808
leaf_weight=11473.407589927316 5081.746404916048 3834.5461301058531 1534.2528734356165 3128.042025282979 37547.389991417527 907.54259651899338 10329.872447118163 1179.1619693487883 16379.506805822253 2134.1622401624918 3520.1331360787153 19024.505387991667 11759.745501875877 4991.7752716839314 337.17394033074379
leaf_count=36368 15512 10131 6382 11717 110872 2223 32304 3534 58578 7532 10463 56432 57138 20871 919
internal_value=-5.1776e-05 -0.00349257 0.00538817 -0.00099746 -0.00180846 -0.00682485 0.00354268 0.00764266 0.0025816 0.00538022 -0.00912473 -0.00509478 0.00865542 0.0080254 0.0142944
internal_weight=133163 81569.7 51593.2 46644.1 41381.9 34925.6 32970.3 6260.91 26709.4 5262.2 14993.5 19932 18622.9 16751.5 1871.43
internal_count=440976 245738 195238 140252 121003 105486 109928 19046 90882 19249 46831 58655 85310 78009 7301
is_linear=0
shrinkage=0.0142514


Tree=63
num_leaves=16
num_cat=0
split_feature=71 70 17 168 166 24 166 168 166 49 168 166 32 168 151
split_gain=12167.9 3478.5 1437.03 1195.36 1349.55 733.315 518.188 854.658 499.846 499.7 483.707 370.023 288.759 288.379 216.487
threshold=1.6589660644531252 -2.7829325199127193 0.36486487090587622 0.84575432538986217 -0.23414029926061627 -0.47662374377250666 -0.23414029926061627 0.073697000741958632 -0.60884830355644215 0.72005209326744091 0.81026414036750805 -0.17089480906724927 -0.68773096799850453 0.84575432538986217 0.013653576839715244
decision_type=2 2 10 10 8 10 8 10 8 8 8 8 10 10 8
left_child=1 5 6 4 -3 12 7 -2 -7 -5 -8 14 -1 -13 -4
right_child=2 3 11 9 -6 8 10 -9 -10 -11 -12 13 -14 -15 -16
leaf_value=-0.010845918262734641 -0.0026772998097164525 0.0063492631967442129 0.014740323912591325 0.0094075508705855661 -0.0023847227916164982 0.0043260940192576224 0.001352828375421222 0.015014227812192875 -0.0058531984806529883 0.0001206599358670318 0.0065797400534622023 0.0066639712494865975 -0.0027421087593256753 0.010941256611309217 0.0032810874729720485
leaf_weight=8852.6474122852087 822.62027896940708 3954.8839578032494 2243.4232255220413 3032.490355104208 39283.83459661901 1021.3067047595978 17416.182851806283 1702.0352045893669 24060.232964918017 1922.9339804649353 4531.4950793087482 18860.531981244683 993.29616612195969 3856.1444081813097 393.6287577599287
leaf_count=28457 2078 10462 8189 11432 116183 2522 57183 5288 71324 6890 18243 78024 3005 19787 1350
internal_value=3.01631e-05 -0.00330792 0.00559887 -0.000826019 -0.00158585 -0.00673253 0.0031354 0.00924979 -0.00543869 0.00580385 0.00243203 0.0079767 -0.0100284 0.00739006 0.0130299
internal_weight=132948 83121.6 49826.1 48194.1 43238.7 34927.5 24472.3 2524.66 25081.5 4955.42 21947.7 25353.7 9845.94 22716.7 2637.05
internal_count=440417 250275 190142 144967 126645 105308 82792 7366 73846 18322 75426 107350 31462 97811 9539
is_linear=0
shrinkage=0.0142514


Tree=64
num_leaves=16
num_cat=0
split_feature=17 81 163 25 11 10 160 70 174 5 169 55 163 163 102
split_gain=11785.5 3234.46 1339.34 1219.51 1187.11 938.008 696.804 470.465 451.946 347.973 337.038 224.557 180.505 138.214 59.0011
threshold=0.17087583988904956 -1.0000000180025095e-35 -1.0000000180025095e-35 -0.078656550496816621 -1.0047803521156309 0.095099620521068587 0.7425651252269746 -1.8471873998641966 0.91517117619514476 0.37475214898586279 0.076686047017574324 1.6720087528228762 0.020727863535285 0.29483880102634435 0.36512689292430883
decision_type=10 2 8 10 10 8 10 2 10 10 8 10 8 10 8
left_child=1 4 8 7 9 -4 -6 13 -3 -1 -9 14 -13 -2 -5
right_child=3 2 5 11 6 -7 -8 10 -10 -11 -12 12 -14 -15 -16
leaf_value=-0.010141086762600648 -0.00033746195702429298 0.0061185603723069902 -0.0036370925379597663 -0.0016134870418469855 -0.0047731146173458803 0.0023121123719031167 0.0047278325998334871 0.0055225837174383407 0.00081336169959410603 -0.0051832156542794671 0.0023989142786780947 0.011001776854063826 0.0078211867854232307 -0.0087482198115710914 0.0050924116788038602
leaf_weight=13081.342472359538 1980.5048506259918 6061.267204105854 22419.778701886535 333.57307896018028 22030.248185709119 7083.3874428570271 1687.8911843746901 20109.999380677938 7060.2704457044601 3685.4905222505331 10774.614097982645 6687.8364199101925 7912.9688835293055 496.20010015368462 1324.3338876664639
leaf_count=38829 6332 20495 65753 1170 67978 19602 4852 69133 22103 9624 38278 32944 36156 1599 5384
internal_value=1.73263e-05 -0.00326402 -0.000524017 0.00551332 -0.00614883 -0.00220875 -0.00409697 0.00395359 0.00326402 -0.00905133 0.00443285 0.0087137 0.00927808 -0.0020227 0.00374317
internal_weight=132730 83109.7 42624.7 49620 40485 29503.2 23718.1 33361.3 13121.5 16766.8 30884.6 16258.7 14600.8 2476.7 1657.91
internal_count=440232 249236 127953 190996 121283 85355 72830 115342 42598 48453 107411 75654 69100 7931 6554
is_linear=0
shrinkage=0.0142514


Tree=65
num_leaves=15
num_cat=0
split_feature=18 70 70 10 166 25 165 151 19 166 24 166 101 194
split_gain=11359.1 2995.99 1764.76 1379.45 1098.34 840.236 753.097 564.538 550.873 537.812 565.598 474.106 423.153 208.654
threshold=-0.38774682581424708 -2.8884737491607662 -1.1193550825119016 0.20992340892553332 -0.18416839092969892 -0.078656550496816621 0.15729004889726642 0.076767038553953185 0.87460562586784374 -0.67659330368041981 -0.43884329497814173 -0.18416839092969892 -0.23248021304607389 78.500000000000014
decision_type=10 2 2 10 8 10 10 10 8 8 10 8 10 2
left_child=1 9 11 6 7 -6 -3 -4 -5 -1 -11 13 -13 -2
right_child=2 3 4 8 5 -7 -8 -9 -10 10 -12 12 -14 -15
leaf_value=0.0038762888943784054 0.0015381091495769298 -0.0028723216198910427 0.014162920163557651 -0.00022938196568343791 0.0038804519999649186 0.0082033727865297099 0.0079453785013635994 -0.0025991568873774715 0.0062920908005338885 -0.0094226533156828007 -0.0055118289315050006 -0.0034418970369408221 0.0053374404505716292 0.012520159140593831
leaf_weight=928.16853170096874 701.56868985295296 35227.708927050233 4433.5302055329084 4778.4951393455267 25074.884339720011 14362.813026592135 1357.3784198462963 449.4408053457737 5853.0050746500492 12830.491923481226 18116.393017143011 6542.4120488166809 1344.068159237504 703.93745490908623
leaf_count=2348 2058 101767 15457 14153 91475 68458 4047 1382 17337 40834 52702 21077 5632 1982
internal_value=-3.94424e-06 -0.00343681 0.00506035 -0.00115782 0.00624426 0.00545483 -0.00247095 0.0126201 0.00336093 -0.00681267 -0.00713326 -0.00058663 -0.00194563 0.00703868
internal_weight=132704 79091.6 53612.7 47216.6 44320.7 39437.7 36585.1 4882.97 10631.5 31875.1 30946.9 9291.99 7886.48 1405.51
internal_count=440709 233188 207521 137304 176772 159933 105814 16839 31490 95884 93536 30749 26709 4040
is_linear=0
shrinkage=0.0142514


Tree=66
num_leaves=16
num_cat=0
split_feature=69 11 81 10 166 163 166 81 168 168 166 166 81 48 165
split_gain=11030.2 3142.96 1445.91 1196.24 1163.65 823.295 810.311 654.207 623.538 548.625 447.775 443.987 406.333 287.273 204.486
threshold=1.7303656935691836 -0.86626544594764698 1.0000000180025095e-35 0.31818152964115148 -0.23414029926061627 0.020727863535285 -0.23414029926061627 -1.0000000180025095e-35 0.073697000741958632 0.82023268938064586 -0.73506680130958546 -0.23414029926061627 -1.0000000180025095e-35 0.022135416977107528 -0.11370706558227538
decision_type=2 8 2 10 8 10 8 2 10 10 10 8 2 10 10
left_child=1 7 4 6 -3 -4 8 10 -2 -8 -1 14 -13 -9 -5
right_child=3 2 5 11 -6 -7 9 13 -10 -11 -12 12 -14 -15 -16
leaf_value=0.0057807601621054968 -0.0017866208677431046 0.0061689730525127748 0.0045876470705283126 0.0048680651071478604 -0.0038120197413786428 -0.00089507582246502128 0.00097573805681479536 -0.0071444207156537466 0.015799440503699396 0.0074859711851251827 -0.008654319367338504 0.00079359745605352919 0.0074158628510531078 -0.0019655776543229318 0.015437276141179216
leaf_weight=446.47705000638962 551.87725585699081 2580.6011208295822 10639.595425888896 463.25626748800278 29403.122289985418 11657.301891833544 16368.114724218845 3355.4978292435408 1586.9533016234636 3132.0876743346453 19369.967515915632 2052.0214844346046 22695.036773994565 6185.8601639568806 1884.3500559777021
leaf_count=1081 1346 7237 35964 1284 89215 36028 55516 9247 4990 13493 56917 7839 96251 17255 6770
internal_value=4.38884e-05 -0.00309635 -0.00106463 0.00543327 -0.0030067 0.00172117 0.00293478 -0.00685287 0.0112618 0.00202142 -0.00832907 0.00742867 0.00686675 -0.0037869 0.0133518
internal_weight=132372 83638.4 54280.6 48733.7 31983.7 22296.9 21639 29357.8 2138.83 19500.2 19816.4 27094.7 24747.1 9541.36 2347.61
internal_count=440433 252944 168444 187489 96452 71992 75345 84500 6336 69009 57998 112144 104090 26502 8054
is_linear=0
shrinkage=0.0142514


Tree=67
num_leaves=16
num_cat=0
split_feature=71 71 25 25 168 166 166 68 163 166 151 19 166 163 165
split_gain=10756.6 3431.43 1115.12 968.616 875.932 1101.69 616.766 584.574 470.737 433.893 501.001 423.917 307.075 277.868 107.213
threshold=1.888611972332001 -1.8645455241203306 -0.63141080737113942 -0.10315347835421561 0.82820320129394542 -0.17089480906724927 -0.65331998467445362 13.071508884429933 0.29077294468879705 -0.17089480906724927 -0.073247097432613359 1.2135071158409121 -0.18416839092969892 0.020727863535285 -0.056997399777173989
decision_type=2 2 10 10 10 10 8 8 8 10 8 10 8 8 10
left_child=1 2 6 9 5 -3 -1 -6 -4 10 -2 -11 14 -14 -5
right_child=3 4 8 12 7 -7 -8 -9 -10 11 -12 -13 13 -15 -16
leaf_value=0.0030867139882847458 0.012936081851758719 0.0033932562979626002 0.00072608839833665246 0.0071259816614396201 0.0088084828592809132 -0.0022577591508974155 -0.0075773278748475148 -0.00068959523472377458 -0.007517554939334925 0.0017816565424139601 0.0038500163528827252 0.0062948644432709658 0.0095218529003904626 0.0057923121128640401 0.015435309715502655
leaf_weight=1141.9161454886198 2118.0960284620523 8878.2134592086077 6000.161072909832 401.98544131219387 3275.7463613152504 33242.194634377956 31119.203175321221 2199.9268809109926 1837.7323771715164 15537.295945048332 2948.141362786293 5806.6480788141489 7665.692329838872 8620.6352362334728 1466.4270145893097
leaf_count=2910 6366 24060 19067 1252 12649 100175 93280 7942 5431 55526 9500 18125 38122 39564 6219
internal_value=-5.98175e-05 -0.00295711 -0.00602844 0.00564148 -0.000369546 -0.00106663 -0.00719986 0.00499253 -0.00120682 0.00389947 0.00764883 0.00300949 0.00817561 0.00754777 0.0136479
internal_weight=132260 87695.1 40099 44564.9 47596.1 42120.4 32261.1 5475.67 7837.89 26410.2 5066.24 21343.9 18154.7 16286.3 1868.41
internal_count=440188 265514 120688 174674 144826 124235 96190 20591 24498 89517 15866 73651 85157 77686 7471
is_linear=0
shrinkage=0.0142514


Tree=68
num_leaves=16
num_cat=0
split_feature=18 69 70 166 10 168 168 19 151 166 166 68 166 101 194
split_gain=10431.2 2737.59 1802.25 1130.26 1114.44 941.557 910.628 572.246 557.664 544.107 485.407 383.761 361.463 393.651 199.281
threshold=-0.39242310822010035 -2.0797852277755733 -1.3683053255081175 -0.18416839092969892 0.22455023974180224 0.82023268938064586 0.86137318611145031 0.86181199550628673 0.090448908507823958 -0.16501159965991971 -0.17089480906724927 10.025934219360353 -0.18416839092969892 -0.21176218241453168 79.500000000000014
decision_type=10 2 2 10 10 10 10 8 10 10 8 10 8 10 2
left_child=1 6 12 8 9 -5 10 -6 -4 -3 -1 -8 14 -14 -2
right_child=2 4 3 5 7 -7 11 -9 -10 -11 -12 -13 13 -15 -16
leaf_value=-0.0028794268245875337 5.5865751533555698e-05 0.0014467000222485205 0.01364445679117653 0.0039458946560116618 -0.00046539949523232555 0.0092184105192613993 0.0068985198723979834 0.0062954776386371786 -0.00063549688758577836 -0.0031271046768867974 -0.0074597367293800908 -0.0048781367843206162 -0.0040075504913014443 0.0059416737413273335 0.011497544743947159
leaf_weight=5606.133276194334 624.32318635284901 6730.4464500248432 4844.0943972468376 31354.433585852385 4608.0438778698444 8812.4988521635532 1469.5352569967508 5672.9845555871725 627.36923716962337 24555.743268489838 29055.022881746292 909.94325415790081 5915.3339520543814 935.37169156968594 612.428297534585
leaf_count=16150 1846 17887 17151 121688 13616 41705 4816 16882 2038 72210 87232 2860 19226 3890 1767
internal_value=-8.18717e-06 -0.00331606 0.00483166 0.00593045 -0.000805481 0.00510268 -0.00613344 0.00326521 0.0120071 -0.00214316 -0.00671892 0.00239497 -0.00136893 -0.00264908 0.00572196
internal_weight=132334 78607.9 53725.9 45638.4 41567.2 40166.9 37040.6 10281 5471.46 31286.2 34661.2 2379.48 8087.46 6850.71 1236.75
internal_count=440964 231653 209311 182582 120595 163393 111058 30498 19189 90097 103382 7676 26729 23116 3613
is_linear=0
shrinkage=0.0142514


Tree=69
num_leaves=16
num_cat=0
split_feature=18 70 70 10 166 25 147 165 159 123 32 166 166 48 32
split_gain=10143.7 2527.28 1962.71 1351.21 1194.23 1010.34 661.291 628.571 613.655 399.586 389.371 370.236 274.603 199.595 152.424
threshold=-0.44212549924850458 -3.4757547378540035 -1.3683053255081175 0.19106604903936389 -0.18416839092969892 -0.069563016295433031 0.16091188043355945 0.16664367914199832 -0.31434737145900721 -2.4879994392395015 -0.62920069694519032 -0.73506680130958546 -0.20527692884206769 0.061197916045784957 -0.46012282371520991
decision_type=10 2 2 10 8 10 10 10 10 8 10 8 8 10 10
left_child=1 10 9 7 6 -6 -4 -3 -5 14 11 -1 -11 -12 -2
right_child=2 3 4 8 5 -7 -8 -9 -10 12 13 -13 -14 -15 -16
leaf_value=0.0042282811685784251 0.0019353159106495609 -0.0032984887283624567 0.014692527718760146 0.0055076017121265097 0.0033498729312311016 0.0080542499513632636 0.0027638468005224013 0.007817316589870572 -0.0013539179043212161 0.0039344219437549089 -0.0077138418268595174 -0.0087504000078152937 -0.0037336436226601036 -0.00082127903408355939 0.011554722678180373
leaf_weight=457.79608799517155 924.33883368968964 39477.081051126122 4090.2231839746237 6349.2556460946798 30356.755472555757 13349.778662398458 1227.1037857532501 1060.9271817058325 4540.3087601959705 1095.5149266570807 1346.3126558661461 17899.58665189147 7067.5689862221479 2330.1002766191959 524.3097615391016
leaf_count=1150 2812 112914 15117 19050 110157 64885 3273 3031 13099 3162 3605 55644 23573 7069 1980
internal_value=-1.22495e-05 -0.00354051 0.00440812 -0.00181028 0.00556264 0.00478679 0.0119398 -0.00300756 0.00264676 -0.00148043 -0.00757891 -0.00842673 -0.00270454 -0.00334544 0.0054172
internal_weight=132097 73461.4 58635.6 51427.6 49023.9 43706.5 5317.33 40538 10889.6 9611.73 22033.8 18357.4 8163.08 3676.41 1448.65
internal_count=440521 215562 224959 148094 193432 175042 18390 115945 32149 31527 67468 56794 26735 10674 4792
is_linear=0
shrinkage=0.0142514


Tree=70
num_leaves=15
num_cat=0
split_feature=17 70 70 81 163 166 195 166 32 166 11 166 166 166
split_gain=10402 2687.71 1264.16 1187.02 904.63 632.463 498.513 506.764 456.044 445.051 395.012 277.946 228.122 128.787
threshold=0.15535336732864383 -3.5030272006988521 3.4442616701126103 -1.0000000180025095e-35 0.010173383168876173 -0.17089480906724927 -1.5343092083930967 -0.18416839092969892 -0.62920069694519032 -0.73506680130958546 -0.12387455999851225 -0.14154157042503354 -0.17089480906724927 -0.18416839092969892
decision_type=8 2 2 2 8 10 2 10 10 8 10 10 10 8
left_child=1 8 6 5 -5 -3 -2 -8 9 -1 13 -10 -12 -4
right_child=2 3 10 4 -6 -7 7 -9 11 -11 12 -13 -14 -15
leaf_value=0.0054750082381796565 -0.0096266007033894638 0.0013077989454000005 0.010744030076193853 0.0034649951169862894 -0.0014318011216795171 -0.0049736750755461981 0.0075765813330157987 0.0023450740976103512 0.0078977609206811669 -0.0085851665811839586 0.013175596233107996 -0.0041924991407037027 0.0080586802057114153 0.0043564330201093845
leaf_weight=469.14625139534473 624.79052992165089 3902.3241431117058 699.22319340705872 11579.001262649894 22652.655398592353 19643.051304593682 4551.1910414546728 21651.561693072319 436.29182982444763 17963.969378694892 2013.2175289541483 3360.0542004108429 14630.097037732601 7708.1227169781923
leaf_count=1148 1635 10220 2334 37865 65523 58560 13796 75994 1200 55989 8188 9946 68364 29933
internal_value=0.000133127 -0.0030898 0.00510352 -0.00146957 0.000224564 -0.00393261 0.00295376 0.00325376 -0.00730094 -0.0082273 0.00740574 -0.00280294 0.00867768 0.00488775
internal_weight=131885 80006.5 51878.2 57777 34231.7 23545.4 26827.5 26202.8 22229.5 18433.1 25050.7 3796.35 16643.3 8407.35
internal_count=440695 240451 200244 172168 103388 68780 91425 89790 68283 57137 108819 11146 76552 32267
is_linear=0
shrinkage=0.0142514


Tree=71
num_leaves=16
num_cat=0
split_feature=18 70 70 10 166 168 163 151 26 166 159 39 166 101 194
split_gain=10014.1 2562.62 1629.71 1295.89 1131.09 884.878 817.023 609.379 552.428 491.724 456.787 435.459 406.05 390.917 261.738
threshold=-0.40554127097129816 -2.7107291221618648 -1.1902812719345091 0.22455023974180224 -0.17089480906724927 0.82820320129394542 -0.0023452434688806529 0.076767038553953185 0.067029986530542388 -0.60884830355644215 -0.31434737145900721 -0.5182315707206725 -0.22678092867135999 -0.2217665761709213 83.500000000000014
decision_type=10 2 2 8 8 10 8 10 8 8 10 10 8 10 2
left_child=1 8 12 6 7 -6 -3 -4 11 -10 -5 -1 14 -14 -2
right_child=2 3 4 10 5 -7 -8 -9 9 -11 -12 -13 13 -15 -16
leaf_value=-0.0099747490701963173 0.00066586908850191503 0.0010741367870120036 0.013584391671576679 0.0057372049939448458 0.0038566762449892002 0.009108806510409408 -0.0038673388059241279 -0.0024223267532748481 0.0048040216844656754 -0.0054635204231424832 -0.00046341933336370813 -0.001483238548915834 -0.0032439120312840112 0.0054027557150358885 0.01368341251598683
leaf_weight=9671.7862476110458 668.47641225159168 9596.2741753757 4741.2649658471346 6348.3437962383032 31747.551474735141 8197.5406417697668 23286.22439840436 537.83943235874176 990.53199122846127 21704.466690525413 3892.5680830776691 1404.7484215646982 6922.7137006819248 1254.3173668980598 591.06100654602051
leaf_count=31683 1963 29316 17027 18495 124403 39163 65893 1647 2418 63472 11360 4328 22268 5169 1689
internal_value=-3.37701e-05 -0.00334888 0.00462982 -0.00104653 0.0057539 0.00493453 -0.00242524 0.0119536 -0.00628878 -0.00501538 0.00338036 -0.00889785 -0.000757272 -0.00191753 0.00677494
internal_weight=131556 76894.9 54660.8 43123.4 45224.2 39945.1 32882.5 5279.1 33771.5 22695 10240.9 11076.5 9436.57 8177.03 1259.54
internal_count=440294 226965 213329 125064 182240 163566 95209 18674 101901 65890 29855 36011 31089 27437 3652
is_linear=0
shrinkage=0.0142514


Tree=72
num_leaves=16
num_cat=0
split_feature=18 71 70 166 51 18 32 166 165 166 48 166 101 194 159
split_gain=9538.92 2469.75 1606.88 977.608 823.546 788.351 733.841 588.663 521.716 474.452 418.23 374.521 375.681 299.114 282.748
threshold=-0.40554127097129816 -1.8314751982688902 -0.90496620535850514 -0.23414029926061627 0.54340085387229931 -0.10012818127870558 -0.4552317857742309 -0.65331998467445362 -0.11370706558227538 -0.16043478995561597 0.69921875000000011 -0.22678092867135999 -0.22520082443952558 75.500000000000014 0.10067555680871011
decision_type=10 2 2 8 10 10 10 8 10 10 10 8 10 2 10
left_child=1 6 11 8 9 -5 7 -1 -4 -3 -8 13 -13 -2 -6
right_child=2 4 3 5 14 -7 10 -9 -10 -11 -12 12 -14 -15 -16
leaf_value=0.0032932149856870134 -0.00029411096203344324 0.0015304991712077047 0.00011443210234218192 0.0033212811393262161 0.0052977948516260221 0.0073720577087265501 -0.0033908558334997431 -0.0069605409731366193 0.014741345561528806 -0.0025928113657601964 0.0054376079138084704 -0.0026671499731683642 0.0048831580399141313 0.01266066938505357 -0.00216096283508299
leaf_weight=1179.1027578413486 700.69247260689735 7350.6565662622452 581.8387463092804 22265.140302911401 5366.6358627527952 17371.319367215037 3946.5696975439787 31937.21093672514 3328.9630014449358 24756.937991648912 1505.5455114841461 7853.5493995398283 1613.3821315318346 748.79779069125652 1278.0416350066662
leaf_count=3030 2080 19892 1662 82148 16160 80710 11719 96322 12286 72197 4680 25417 6819 2130 3783
internal_value=-2.67388e-05 -0.00324471 0.00454173 0.00576735 -0.000703706 0.00509661 -0.00579782 -0.00659545 0.0125652 -0.00164883 -0.000952934 -0.000347469 -0.00138038 0.00639849 0.00386317
internal_weight=131784 77320.7 54463.7 43547.3 38752.3 39636.5 38568.4 33116.3 3910.8 32107.6 5452.12 10916.4 9466.93 1449.49 6644.68
internal_count=441035 227783 213252 176806 112032 162858 115751 99352 13948 92089 16399 36446 32236 4210 19943
is_linear=0
shrinkage=0.0142514


Tree=73
num_leaves=16
num_cat=0
split_feature=71 69 168 25 168 162 26 68 49 123 169 165 163 130 49
split_gain=9537.64 2802.56 1096.83 874.516 829.399 650.004 578.413 445.938 408.738 402.359 341.594 291.984 223.122 131.39 24.2656
threshold=1.888611972332001 -1.9571172595024107 0.84575432538986217 -0.097059570252895341 0.84575432538986217 0.95205670595169078 0.11650529876351358 25.756364822387699 0.67838540673255932 15.622500419616701 0.091785203665494933 0.15729004889726642 0.21580974012613299 0.68817460536956798 0.63151040673255932
decision_type=2 2 10 10 10 10 8 8 10 10 10 10 8 10 8
left_child=1 2 6 9 5 -3 -1 -6 -4 10 -2 12 -5 -11 -13
right_child=3 4 8 11 7 -7 -8 -9 -10 13 -12 14 -14 -15 -16
leaf_value=-0.0083941344507488056 0.0054421205443057384 -0.0013826266315775315 0.0068992904162683607 0.0085421784715300209 0.0077617118419642571 0.0074076735894138702 -0.0047529473130550771 -0.0023601471075787896 -0.0036758419601347694 -0.0083291012534885758 0.0014256878986064322 0.015193373942777217 0.0048853942965215637 0.00027150141872060647 0.010487283180690322
leaf_weight=14532.358058109879 17768.056032285094 40885.92849957943 1852.0869051665068 10656.443405210972 3578.3268617242575 1782.9966956526041 22704.614053606987 1174.0688118040562 1238.7818410247564 409.62301313877106 5674.2826877534389 1092.9918033257127 4969.6467254012823 3021.2814103364944 280.19909543544054
leaf_count=46634 60565 122114 6099 52643 13852 4303 64845 4180 4058 1486 20331 5264 22744 10444 1503
internal_value=-2.23815e-05 -0.00273501 -0.00549685 0.00540313 -0.000386292 -0.0010153 -0.00617399 0.00526113 0.00266092 0.00380281 0.00446994 0.00793295 0.00737922 -0.000755467 0.0142336
internal_weight=131622 87749.2 40327.8 43872.5 47421.3 42668.9 37237 4752.4 3090.87 26873.2 23442.3 16999.3 15626.1 3430.9 1373.19
internal_count=441065 266085 121636 174980 144449 126417 111479 18032 10157 92826 80896 82154 75387 11930 6767
is_linear=0
shrinkage=0.0142514


Tree=74
num_leaves=16
num_cat=0
split_feature=69 81 10 10 163 19 99 165 25 163 1 81 168 32 130
split_gain=9066.5 2411.67 1584.13 1268.44 802.21 629.56 571.532 523.11 477.125 450.504 409.375 372.483 252.659 141.204 125.922
threshold=1.5591745972633364 1.0000000180025095e-35 -0.32222221791744227 0.31094428896903997 0.020727863535285 0.54469817876815807 -0.35934726893901819 0.15729004889726642 -0.57736167311668385 0.015889315865933899 -0.10381845384836196 -1.0000000180025095e-35 0.84575432538986217 -0.29535253345966334 0.89887133240699779
decision_type=2 2 8 10 10 8 10 10 10 8 10 2 10 10 8
left_child=1 2 8 7 10 -4 -6 9 -1 -2 -3 13 -13 -5 -9
right_child=3 4 5 11 6 -7 -8 14 -10 -11 -12 12 -14 -15 -16
leaf_value=-0.0079131806033671346 0.0046041814724562891 -0.0034742136585598268 -0.0040467326093125361 -0.0013011506236487995 0.0054171857642548085 0.0002146429314279876 -0.0029315730996612604 0.014760467639899546 -0.0012569325302235639 0.00041486712950094764 0.0042366143781158222 0.0068022463673780079 0.010816980827281912 0.006340633274457096 0.0057467696746975553
leaf_weight=22356.357606321573 8091.8278079330921 1602.4982388317585 17956.766819536686 1451.6451305299997 1942.9411084651947 11583.540221884847 11655.81609724462 787.84268061071634 2424.4256098270416 14656.616181731224 10978.653905183077 20986.227404117584 3753.3309895768762 742.12757807970047 524.4166116937995
leaf_count=67887 30390 5303 54120 5109 5708 31924 34847 3096 7118 48404 36035 85250 20565 3425 1922
internal_value=8.60471e-05 -0.00289235 -0.0046048 0.00478785 0.000660829 -0.00237574 -0.00173871 0.00240977 -0.00726197 0.00190505 0.00325445 0.00691229 0.00741136 0.00128408 0.0111588
internal_weight=131495 80501 54321.1 50994 26179.9 29540.3 13598.8 24060.7 24780.8 22748.4 12581.2 26933.3 24739.6 2193.77 1312.26
internal_count=441103 242942 161049 198161 81893 86044 40555 83812 75005 78794 41338 114349 105815 8534 5018
is_linear=0
shrinkage=0.0142514


Tree=75
num_leaves=16
num_cat=0
split_feature=53 81 17 70 166 163 166 182 166 166 166 151 166 17 165
split_gain=8829.2 2565.7 1395.28 1197.5 756.352 727.075 621.375 539.617 493.725 488.314 467.911 422.32 404.831 349.635 322.656
threshold=0.36351919174194341 1.0000000180025095e-35 -0.37179240584373469 3.4842001199722294 -0.17089480906724927 0.010173383168876173 -0.20527692884206769 -0.87968906760215748 -0.16501159965991971 -0.73506680130958546 0.077623657882213606 -0.018366931006312367 -0.19088128209114072 0.43998342752456671 -0.10763223841786383
decision_type=10 2 8 2 10 10 8 10 10 8 8 8 8 10 10
left_child=1 2 9 6 -4 8 11 -7 -3 -1 -8 -2 14 -14 -5
right_child=3 5 4 12 -6 7 10 -9 -10 -11 -12 -13 13 -15 -16
leaf_value=0.0069309386483602745 0.012248187912079876 0.011924659374254236 0.001389636931706587 0.00026067888775053901 -0.003996902910325735 0.0069449026252114514 -0.00089184308442512847 -0.0024193507001106494 0.0022250420688912421 -0.0078713181651626843 0.0032844092105209248 -0.0010691048519511561 0.0040664189365584883 0.0077918264984312381 0.015263024822813248
leaf_weight=462.56982362270355 2056.1324593424797 1174.6623401641846 6748.4280440658331 346.76274320483208 24573.15735694766 1379.7308776527643 8152.2007617652416 13271.596353307366 11500.515821292996 21015.078858748078 16431.601748675108 632.38181555271149 8191.1722204685211 13632.701916128397 1816.0070180147886
leaf_count=1124 6471 3199 18035 1052 71871 3832 26150 39531 38176 64921 59721 1964 33522 63957 7548
internal_value=3.47856e-05 -0.00292013 -0.00475478 0.00465378 -0.00283634 0.000624708 0.00261093 -0.00153748 0.003124 -0.0075525 0.00189953 0.00911579 0.00697645 0.00639358 0.0128577
internal_weight=131385 80125.7 52799.2 51259 31321.6 27326.5 27272.3 14651.3 12675.2 21477.6 24583.8 2688.51 23986.6 21823.9 2162.77
internal_count=441074 240689 155951 200385 89906 84738 94306 43363 41375 66045 85871 8435 106079 97479 8600
is_linear=0
shrinkage=0.0142514


Tree=76
num_leaves=16
num_cat=0
split_feature=17 70 70 165 4 166 166 163 163 194 18 12 166 169 166
split_gain=8823.99 2233.2 1306.21 1032.88 754.732 614.022 515.847 590.489 515.03 443.829 367.521 228.351 175.144 172.2 167.962
threshold=0.13082396984100345 -2.7468245029449458 3.5049514770507817 0.15729004889726642 -0.86558926105499256 -0.23414029926061627 -0.65331998467445362 0.24370624870061877 0.020727863535285 81.500000000000014 -0.064968980848789201 0.25480344891548162 -0.26432599127292628 0.086526136845350279 -0.17089480906724927
decision_type=8 2 2 10 8 8 8 10 8 2 10 10 10 8 8
left_child=1 6 5 4 -3 9 11 -8 -7 -2 13 -1 -5 -4 -12
right_child=2 3 10 12 -6 8 7 -9 -10 -11 14 -13 -14 -15 -16
leaf_value=-0.0017941299515718582 0.0023292789515313855 -0.0050224773044448608 0.0063406623287904241 0.01476992262951311 -0.00035945791333685302 0.0043506705317185009 -0.0050646011960070979 -0.0095140911507566612 0.00031662338068205465 0.013937485181026226 0.013070658968223361 0.010747387518294928 0.0059323351731659837 0.0024828622608647948 0.007910722589353561
leaf_weight=723.0864115357399 1180.890430085361 9084.6865432709455 6056.4973273351789 723.46212163567543 31472.694153293967 10216.83773688972 25788.671656131744 7917.6461623311043 17332.516047328711 1543.1608538776636 1432.8731913119555 497.82114143669605 1229.6989544183016 3840.1771640256047 12119.579049766064
leaf_count=2063 3375 25077 23997 2080 95463 38500 79014 23555 56973 5107 6092 1078 4215 15464 58738
internal_value=-3.13043e-05 -0.00311018 0.0044067 -0.000916463 -0.00140396 0.00245091 -0.00578018 -0.00610981 0.00181268 0.00890543 0.00693166 0.0033199 0.00920617 0.00484376 0.00845633
internal_weight=131160 77437.8 53722.5 42510.5 40557.4 30273.4 34927.2 33706.3 27549.4 2724.05 23449.1 1220.91 1953.16 9896.67 13552.5
internal_count=440791 232545 208246 126835 120540 103955 105710 102569 95473 8482 104291 3141 6295 39461 64830
is_linear=0
shrinkage=0.0142514


Tree=77
num_leaves=16
num_cat=0
split_feature=18 10 70 18 3 25 115 115 101 163 200 101 159 111 147
split_gain=8283.15 2263.58 1661.41 1090.13 775.307 773.069 551.69 535.674 419.078 368.709 332.203 276.119 212.167 195.294 186.154
threshold=-0.47135381400585169 0.14215687662363055 -1.3119409084320066 -0.76462578773498524 -0.13636852055788037 -0.069563016295433031 -0.17504254728555677 -0.088936258107423768 -0.2217665761709213 0.018284503370523456 -0.10658303275704382 -1.4954785108566282 0.16442070156335833 0.58564254641532909 0.074752036482095732
decision_type=10 8 2 10 8 10 10 10 10 8 2 8 8 10 10
left_child=1 3 8 4 -1 7 10 -4 11 -5 -3 -2 -10 -8 -7
right_child=2 6 5 9 -6 14 13 -9 12 -11 -12 -13 -14 -15 -16
leaf_value=-0.0071478936905786583 0.005144550495558624 -0.0073824013531982365 0.0056529512399129929 0.00074670973314755462 -0.0027060384033520961 0.0085672346862880992 -0.0011815604052050944 0.0021399147919494844 0.013236208022645421 -0.0033214083854906677 0.0045312145258079358 -0.0030796542767798948 0.0017842261196573035 -0.0099941149702276917 0.0044239934774184314
leaf_weight=27729.41385614872 919.18636006116867 502.14319784939289 17203.79473439604 7540.0030326098204 11206.708634838462 11590.68883189559 2771.0578483939171 18080.648606538773 525.85620211064816 11315.827839687467 8900.0849662721157 8458.7881391346455 875.71235725283623 626.10041174292564 2719.4136467278004
leaf_count=82911 2622 1201 59116 23889 30654 59404 8172 68267 2272 32689 25773 27171 3412 1781 11623
internal_value=8.23818e-06 -0.00330634 0.00388374 -0.00450733 -0.00586943 0.00498593 0.00211641 0.00385279 -0.0011872 -0.00169467 0.0038949 -0.00227353 0.00608128 -0.00280587 0.0077799
internal_weight=130965 70591.3 60374.1 57792 38936.1 49594.5 12799.4 35284.4 10779.5 18855.8 9402.23 9377.97 1401.57 3397.16 14310.1
internal_count=440957 207070 233887 170143 113565 198410 36927 127383 35477 56578 26974 29793 5684 9953 71027
is_linear=0
shrinkage=0.0142514


Tree=78
num_leaves=15
num_cat=0
split_feature=17 81 10 25 163 159 159 195 25 70 113 163 106 55
split_gain=8312.07 2405.7 1333.83 998.292 744.695 624.555 575.029 563.758 384.922 384.248 350.394 260.899 186.058 169.424
threshold=0.1666667237877846 1.0000000180025095e-35 -0.38416327536106104 -0.097059570252895341 0.010173383168876173 -0.22002279758453366 -0.14404977858066556 -1.8537710905075071 -0.52101159095764149 -1.8471873998641966 0.77440002560615551 0.20965378731489184 0.45382064580917364 1.6984706521034243
decision_type=8 2 8 10 10 10 10 2 10 2 8 8 10 10
left_child=1 2 8 7 10 -4 -6 -2 -1 -9 -3 13 -13 -5
right_child=3 4 5 11 6 -7 -8 9 -10 -11 -12 12 -14 -15
leaf_value=-0.0078503048396706791 -0.011687547971852881 0.0099216418462540808 -0.0008134086741643391 0.0040442380356838208 0.0024642689595251082 -0.0047984508387312174 -0.0035105367597474818 -0.0020284043995800268 8.8931788775269905e-05 0.0038136047345825675 0.0022408675796981524 0.0054355886478933847 -0.006079990267010147 0.0092155797094024185
leaf_weight=19922.14151224494 513.80043575167656 1342.4077250063419 16444.32977643609 1471.3843625634909 4795.8623344451189 15532.512312754989 10293.260987341404 2479.3215137571096 1322.6636749655008 29423.615316309035 11896.00895999372 5192.2345573306084 301.4682943969965 10260.068274408579
leaf_count=61093 1319 5107 46479 6352 13709 46652 30900 7942 4019 101949 38113 24122 1431 52581
internal_value=-3.48009e-06 -0.0028023 -0.00458809 0.00459428 0.00055283 -0.00274912 -0.00161153 0.00312108 -0.00735602 0.00335959 0.00301976 0.00736675 0.00480361 0.008567
internal_weight=131191 81549.2 53221.6 49641.9 28327.5 31976.8 15089.1 32416.7 21244.8 31902.9 13238.4 17225.2 5493.7 11731.5
internal_count=441768 246072 158243 195696 87829 93131 44609 111210 65112 109891 43220 84486 25553 58933
is_linear=0
shrinkage=0.0142514


Tree=79
num_leaves=16
num_cat=0
split_feature=71 11 166 166 147 17 163 165 163 64 68 166 33 165 49
split_gain=8245.38 2492.54 1495.33 1447.39 1246.91 1044.17 463.854 458.389 408.865 351.912 315.314 269.582 290.79 242.995 186.702
threshold=1.6864740848541262 -0.86626544594764698 -0.18416839092969892 0.074811182916164412 0.18546574562788012 0.38888891041278845 0.020727863535285 0.15729004889726642 0.015889315865933899 -4.0347602367401114 -14.625053882598875 -0.20527692884206769 0.69948199391365062 -0.11370706558227538 0.65234375000000011
decision_type=2 8 8 8 8 10 10 8 8 10 10 8 8 10 8
left_child=1 6 4 -4 -3 7 10 8 -2 -8 -1 13 -13 -7 -9
right_child=5 2 3 -5 -6 11 9 14 -10 -11 -12 12 -14 -15 -16
leaf_value=-0.0067907074354763884 0.0048161566819448585 0.011359921661023941 -0.0052345773009132473 2.4556900730500867e-05 -0.0016347194045607206 0.0015093966619014884 -4.9565022566890621e-05 0.01362079375366625 0.00094486445058263382 -0.0082265378339756792 -0.0022335284593896746 0.002498108215860397 0.0073190685299802972 0.014676502099549399 0.0031962910416829284
leaf_weight=5095.3976588845253 8633.6855247244239 3476.7922804504633 15951.458229497075 31851.199322372675 2637.4196608364582 349.65362587571144 1150.1391357332468 1073.1667268872261 15468.205881521106 15147.359676510096 7810.6107588559389 2999.464195638895 16633.315614074469 1531.8546620309353 517.121377594769
leaf_count=14603 32838 10281 47873 101933 7277 1073 3191 4339 51469 42933 23524 12220 78096 6579 1782
internal_value=3.57597e-06 -0.00269786 -0.00088158 -0.00173039 0.00575461 0.00476021 -0.00605114 0.00282062 0.00233163 -0.00764948 -0.00403276 0.00707644 0.00658254 0.0122297 0.0102313
internal_weight=130327 83120.4 53916.9 47802.7 6114.21 47206.5 29203.5 25692.2 24101.9 16297.5 12906 21514.3 19632.8 1881.51 1590.29
internal_count=440011 251615 167364 149806 17558 188396 84251 90428 84307 46124 38127 97968 90316 7652 6121
is_linear=0
shrinkage=0.0142514


Tree=80
num_leaves=16
num_cat=0
split_feature=71 18 166 166 12 70 167 166 123 163 166 166 165 1 174
split_gain=7754.27 2305.07 1181.83 1140.37 1136.87 1117.85 1069.49 749.85 476.6 456.472 451.64 323.573 328.633 299.441 142.472
threshold=1.5763054490089419 -0.76462578773498524 -0.23414029926061627 0.074811182916164412 0.53820535540580761 3.5605021715164189 -0.128162145614624 -0.60884830355644215 21.807006835937504 0.21279337257146838 -0.23414029926061627 -0.19088128209114072 -0.10763223841786383 -0.21914488822221753 0.87115320563316356
decision_type=2 8 8 8 10 2 2 10 10 10 8 8 10 8 10
left_child=1 4 6 -4 9 8 -3 -6 10 -1 -2 12 -7 -13 -10
right_child=5 2 3 -5 7 11 -8 -9 14 -11 -12 13 -14 -15 -16
leaf_value=-0.0054101788236212691 0.0087975697343734387 -0.00078253689912691378 -0.0045466646960991416 0.00051033386372195764 0.013041615338656399 -0.00081723573103905528 0.014521232524499359 -0.0018717754870492451 -0.0086316838870998218 -0.0092796786846880298 0.002468569300096291 -0.007229123034649251 0.014965922132298012 0.0065781323388215355 -0.00087414834044920338
leaf_weight=20750.862345784903 2541.6133544072509 1777.7092614173889 13664.408949822187 26859.516119271517 761.70037432014942 319.80404770374298 1939.1086769551039 6774.4322822093964 839.12686682492495 8825.5176332443953 23130.650995194912 324.31899988651276 1651.9884465187788 19349.817082092166 1126.0733531862497
leaf_count=62596 7927 4812 41106 86540 1595 982 5978 17272 2916 25716 82230 1553 7099 88632 3845
internal_value=1.58719e-05 -0.00268659 -0.000489423 -0.00119486 -0.00530576 0.00447689 0.00720173 -0.000364343 0.00257738 -0.00656484 0.00309517 0.00690216 0.0124061 0.00635051 -0.00418672
internal_weight=130637 81353.3 44240.7 40523.9 37112.5 49283.4 3716.82 7536.13 27637.5 29576.4 25672.3 21645.9 1971.79 19674.1 1965.2
internal_count=440799 245615 138436 127646 107179 195184 10790 18867 96918 88312 90157 98266 8081 90185 6761
is_linear=0
shrinkage=0.0142514


Tree=81
num_leaves=16
num_cat=0
split_feature=71 81 17 1 17 163 190 165 32 168 33 165 39 83 49
split_gain=7736.42 2495.06 1443.14 815.484 720.942 683.458 592.506 427.031 383.168 308.743 228.054 196.501 159.478 117.013 104.351
threshold=1.9573658108711245 1.0000000180025095e-35 -0.38451994955539698 0.83569985628128063 0.43998342752456671 0.0076647179666906604 1.823831379413605 0.15729004889726642 -0.71521562337875355 0.89743435382843029 0.68884539604187023 -0.081182178109884248 -0.13362144678831098 3.6242519617080693 0.65755209326744091
decision_type=2 2 8 10 10 10 2 8 10 10 8 8 10 2 8
left_child=1 2 8 5 7 -3 -4 9 -1 -2 12 -12 -6 -5 -9
right_child=4 3 6 13 10 -7 -8 14 -10 -11 11 -13 -14 -15 -16
leaf_value=-0.008277559376215925 0.002686536897175352 0.0028207018223449531 -0.0031601548874382861 0.0087040853391275874 0.001700070926152697 -0.0014918214178562344 0.0020038872199344029 0.013450971989554136 -0.0036911089837622351 0.0091904559038430995 0.0017366807345301413 0.0085608273623555848 0.012445312418029526 0.017901838628994624 0.0053630716489409961
leaf_weight=15270.287753611803 21879.715569809079 13640.81081917882 32313.840720236301 641.89774309843779 1942.1944042816758 16482.831036224961 5245.082068040967 1042.9876077473164 4882.6666466444731 1590.0882156789303 916.43753659725189 13223.087088413537 327.84390415251255 499.81072890758514 470.15313649922609
leaf_count=48370 78299 45342 93949 1793 7329 49702 15805 4512 14265 8313 3254 64405 1969 1804 1751
internal_value=3.46375e-05 -0.00233325 -0.0040898 0.000909104 0.00512465 0.000461009 -0.002439 0.00360032 -0.00716637 0.0031272 0.00744536 0.00811854 0.0032522 0.0127313 0.0109383
internal_weight=130370 88977.2 57711.9 31265.4 41392.5 30123.6 37558.9 24982.9 20153 23469.8 16409.6 14139.5 2270.04 1141.71 1513.14
internal_count=440862 271030 172389 98641 169832 95044 109754 92875 62635 86612 76957 67659 9298 3597 6263
is_linear=0
shrinkage=0.0142514


Tree=82
num_leaves=15
num_cat=0
split_feature=71 25 186 168 166 25 166 11 49 1 169 165 156 166
split_gain=7635.52 2439.21 1590.18 1016.97 1205.26 803.263 753.385 529.107 510.811 471.06 345.086 198.027 164.15 22.9634
threshold=1.888611972332001 -0.5318346619606017 1.0683503150939944 0.82023268938064586 -0.23414029926061627 -0.066667072474956499 -0.60884830355644215 -1.2156911492347715 0.72005209326744091 -0.21914488822221753 0.12269363179802896 0.15729004889726642 0.024086819961667064 0.067843846976757063
decision_type=2 10 2 10 8 10 8 10 8 8 10 10 10 10
left_child=1 2 7 4 -3 9 -4 -1 -5 -2 -11 12 -7 -13
right_child=5 3 6 8 -6 11 -8 -9 -10 10 -12 13 -14 -15
leaf_value=-0.0073989873639829359 -0.0092573473187591068 0.009550906851941602 0.01347611721569112 0.0098623918232250262 -0.0013926904463105177 0.0084439021035500883 -0.00078638581816445742 -0.0041828648609113688 0.0011433779116277942 0.0046587816506907711 0.00074429477645580888 0.01494304205713151 0.0049120389788460421 0.010185782047282961
leaf_weight=16997.006060048938 564.7304811924696 2263.0423226505518 795.17920826375484 3421.2890293523669 21111.035912111402 8460.2840865328908 13904.568684458733 26726.856419712305 2270.3330419361591 23134.392265602946 5701.2132293432951 795.02421592175961 3907.4191815704107 279.01264306902885
leaf_count=49570 2117 6577 1647 13695 67048 45642 37815 81393 8450 83034 21260 3986 17370 1640
internal_value=2.24584e-05 -0.0023914 -0.00406982 0.000982325 -0.000333127 0.00495187 -1.48087e-05 -0.00543309 0.00638451 0.00363238 0.00388483 0.0078379 0.00732808 0.0137078
internal_weight=130331 87489.3 58423.6 29065.7 23374.1 42842.1 14699.7 43723.9 5691.62 29400.3 28835.6 13441.7 12367.7 1074.04
internal_count=441244 266195 170425 95770 73625 175049 39462 130963 22145 106411 104294 68638 63012 5626
is_linear=0
shrinkage=0.0142514


Tree=83
num_leaves=16
num_cat=0
split_feature=71 18 166 168 147 12 70 166 156 165 163 166 165 168 147
split_gain=7268.49 2453.85 1224.2 1384.13 1144.26 987.744 742.482 649.857 539.233 417.404 332.8 272.26 228.8 205.99 133.607
threshold=1.888611972332001 -0.70645999908447255 -0.18416839092969892 0.82820320129394542 0.1982381343841553 0.52853235602378856 3.7004506587982182 -0.60884830355644215 0.044012792408466346 0.15729004889726642 0.015889315865933899 -0.19088128209114072 -0.10177448391914366 0.54677373170852672 -0.063700210303068147
decision_type=2 8 8 10 8 10 2 10 10 8 8 8 10 8 8
left_child=1 5 4 -4 -3 8 9 -7 -1 10 -2 12 -8 -13 -11
right_child=6 2 3 -5 -6 7 11 -9 -10 14 -12 13 -14 -15 -16
leaf_value=-0.0035818649240620141 0.0050843985051212022 0.011903372102626006 -0.0019010023996384577 0.0055002356321284035 -0.0028154235542026075 0.01173920094082335 0.0016920548366801355 -0.0017935325755766584 -0.0073864236922047627 0.013988023717639825 0.0015068986424067701 0.0035204608478413267 0.015066472166844164 0.0073356891900622041 0.0045811767673186194
leaf_weight=12018.037080213428 8221.6599280834198 3098.488901168108 35675.61526055634 5994.2321656048298 1640.7771154791117 794.05607664585114 321.23373303562403 7797.4955444782972 20427.249733537436 920.60733469575644 14767.315785363317 3694.6053264290094 1358.5223130658269 12946.957744427025 459.93863222002983
leaf_count=37004 32917 9509 110121 22669 4498 1709 987 20047 60156 4036 51269 14577 6051 63494 1542
internal_value=5.26758e-05 -0.00230063 -5.57221e-05 -0.000836324 0.00680762 -0.00483942 0.00487307 -0.000542727 -0.00597719 0.00324343 0.00278635 0.00704068 0.0125089 0.00648868 0.0108544
internal_weight=130137 87446 46409.1 41669.8 4739.27 41036.8 42690.8 8591.55 32445.3 24369.5 22989 18321.3 1679.76 16641.6 1380.55
internal_count=440586 265713 146797 132790 14007 118916 174873 21756 97160 89764 84186 85109 7038 78071 5578
is_linear=0
shrinkage=0.0142514


Tree=84
num_leaves=16
num_cat=0
split_feature=18 70 70 166 10 165 163 166 163 115 151 166 101 186 147
split_gain=7272.93 2107.85 1143.53 884.405 882.712 707.988 666.091 557.299 537.184 486.664 479.953 345.924 377.699 209.563 148.323
threshold=-0.36226166784763331 -2.5239660739898677 -1.1193550825119016 -0.18416839092969892 0.15789477527141574 0.14442942291498187 0.018284503370523456 -0.65331998467445362 0.24370624870061877 -0.65167412161827076 0.05094070918858052 -0.18416839092969892 -0.2184106111526489 0.22014188021421435 0.18993972986936572
decision_type=10 2 2 10 10 10 8 8 10 10 10 8 10 2 10
left_child=1 7 11 10 5 -3 -5 13 -9 -6 -4 14 -13 -1 -2
right_child=2 4 3 6 9 -7 -8 8 -10 -11 -12 12 -14 -15 -16
leaf_value=-0.00056063615382137967 0.011308768564386276 -0.0022046738070598385 0.013149488523686543 0.0067116110056550504 0.0050082441708402823 0.0076250685588008654 0.0028088216935880004 -0.0045276717737686191 -0.008668203528726999 -0.0010816952215253965 0.00030376550240814428 -0.0030317340074980221 0.0060536814321079414 0.011149193714476429 0.0015736256497960301
leaf_weight=803.48414579033852 632.24505993723869 31475.176362589002 3901.7829298973083 16155.059219896793 7450.4038669466972 1561.9905222803354 19728.075282782316 26939.268037348986 8332.4717704206705 4149.4517465978861 696.14411172270775 6103.3487889617682 1096.2041167169809 505.75213323533535 639.23503266274929
leaf_count=2264 1965 91159 15412 73110 22569 4782 80519 82355 24825 12500 2471 19664 4720 1098 1834
internal_value=-1.55243e-05 -0.0026308 0.00432356 0.00531997 -0.000552381 -0.00173991 0.00456592 -0.00516693 -0.00550583 0.00282978 0.0112046 -0.000438066 -0.00164835 0.00396311 0.00641473
internal_weight=130170 81218 48952.1 40481.1 44637 33037.2 35883.1 36581 35271.7 11599.9 4597.93 8471.03 7199.55 1309.24 1271.48
internal_count=441247 241552 199695 171512 131010 95941 153629 110542 107180 35069 17883 28183 24384 3362 3799
is_linear=0
shrinkage=0.0142514


Tree=85
num_leaves=16
num_cat=0
split_feature=18 10 70 81 166 168 10 115 168 156 200 123 47 35 82
split_gain=7084.23 1948.39 1336.47 1166.42 1073.24 833.702 695.983 563.405 528.901 466.629 322.701 295.464 209.064 167.388 138.977
threshold=-0.40554127097129816 0.11038939654827119 -1.5387582182884214 1.0000000180025095e-35 -0.23414029926061627 0.82820320129394542 -0.38416327536106104 -1.3731372356414793 0.073697000741958632 0.0052151405252516278 -0.36311861872673029 -2.4879994392395015 0.1269628778100014 0.19270833581686023 -0.15866352617740628
decision_type=10 8 2 2 8 10 10 10 10 10 2 8 8 10 2
left_child=1 3 11 6 8 -6 -1 10 -4 -5 -3 14 -13 -9 -2
right_child=2 7 4 9 5 -7 -8 13 -10 -11 -12 12 -14 -15 -16
leaf_value=-0.0070706136383512017 -0.0012255266939576988 -0.007701496911696225 0.0013578484662741602 0.0011295749218735193 0.0031966583558394202 0.0082522297313094052 -0.003444842381332882 0.00087997996803559713 0.014315990477316078 -0.0034307710562114929 0.0046159524058807149 -0.01242056669305909 -0.0020951929491690325 -0.0037942921115358221 0.0089460693982389983
leaf_weight=20970.329238563776 442.25140678882599 454.58383218944073 791.61625347286463 10114.856876164675 33105.910821914673 8282.4900262504816 22068.649414002895 2986.6799480319023 3334.8137400895357 8293.7868010848761 8673.7226571291685 426.83780491352081 5941.701430156827 3248.273135855794 712.02979785203934
leaf_count=64420 1356 1042 2280 31631 132053 41590 63278 7827 13023 23128 25372 1195 19636 10517 2500
internal_value=-2.62932e-05 -0.00279239 0.00397966 -0.00392733 0.00489938 0.00420837 -0.00521147 0.00174698 0.0118301 -0.000925037 0.00400251 -0.00158491 -0.00278734 -0.00155523 0.00504906
internal_weight=129849 76810.9 53037.7 61447.6 45514.8 41388.4 43039 15363.3 4126.43 18408.6 9128.31 7522.82 6368.54 6234.95 1154.28
internal_count=440848 227215 213633 182457 188946 173643 127698 44758 15303 54759 26414 24687 20831 18344 3856
is_linear=0
shrinkage=0.0142514


Tree=86
num_leaves=16
num_cat=0
split_feature=71 18 168 10 166 166 10 168 163 147 165 25 115 112 166
split_gain=6673.7 2292.23 1007.17 836.52 798.929 764.968 709.775 659.382 636.43 474.559 467.02 401.784 284.223 240.621 215.429
threshold=-1.2536705732345579 -0.27461521327495569 0.84575432538986217 -0.38888643682003016 -0.60884830355644215 -0.18416839092969892 0.22068839520215991 0.82820320129394542 0.015889315865933899 -0.22663807123899457 -0.11370706558227538 -0.95389464497566212 -0.57934442162513722 -0.24608650803565976 0.39580373466014868
decision_type=2 10 10 10 8 8 10 10 8 8 10 10 10 8 10
left_child=2 6 3 11 -5 10 8 -7 -2 13 -3 -1 -8 -4 -11
right_child=1 5 9 4 -6 7 12 -9 -10 14 -12 -13 -14 -15 -16
leaf_value=-0.0086390110874038518 0.0021806256786847333 0.0017313031737939768 -0.00040685159639705041 0.0087296680240235448 -0.0035912120994452002 0.0033947131519755187 0.0052581587848593084 0.0084039418362977011 -0.0021290682028092416 0.0009307358248831952 0.013610015137201684 -0.0044479172825101334 0.00037978359781057174 0.011800474385946221 -0.0098210026439683358
leaf_weight=11659.864814326167 10148.977934107184 858.42245478928089 446.30312210321426 1116.0223177373409 25293.95497494936 26468.774231255054 6695.5260603427887 6685.2088443189859 22144.452376961708 1623.651281952858 3099.3946839421988 7723.1723883897066 3803.5979083329439 1236.5978277027607 493.49265439808369
leaf_count=37119 32856 2580 1633 2544 74793 110003 20735 34880 64030 5013 12984 22965 11769 4535 1536
internal_value=-2.90227e-05 0.00251978 -0.00413566 -0.00472071 -0.00307054 0.00511175 0.000271895 0.00440479 -0.000774643 0.00291455 0.0110337 -0.00696909 0.00349084 0.00856321 -0.00157563
internal_weight=129497 79904.4 49593.1 45793 26410 37111.8 42792.6 33154 32293.4 3800.04 3957.82 19383 10499.1 1682.9 2117.14
internal_count=439975 289837 150138 137421 77337 160447 129390 144883 96886 12717 15564 60084 32504 6168 6549
is_linear=0
shrinkage=0.0142514


Tree=87
num_leaves=16
num_cat=0
split_feature=69 25 10 166 35 70 166 150 167 167 166 166 166 1 45
split_gain=6599.88 2065.41 1448.73 900.205 850.13 842.517 692.455 881.753 699.108 564.125 558.428 489.769 350.749 282.614 35.6227
threshold=1.812781095504761 -0.52633318305015553 -0.24358986318111417 -0.23414029926061627 0.31770832836627966 3.5049514770507817 -0.23414029926061627 0.069339279085397734 -0.128162145614624 -0.22252552956342694 -0.59120330214500416 -0.73506680130958546 0.074811182916164412 -0.21914488822221753 0.0050996260251849898
decision_type=2 10 8 8 10 2 8 8 2 2 10 8 8 8 8
left_child=1 2 11 9 -4 12 8 -8 -3 10 -2 -1 -5 -7 -11
right_child=3 6 4 5 -6 13 7 -9 -10 14 -12 -13 -14 -15 -16
leaf_value=0.008030647538279638 0.01086715957017274 -0.0018664464940597461 0.00078239906728092066 -0.00077922933215789883 -0.0045333986131518306 -0.0068762019674901264 0.0023700571372060266 -0.003209498809200368 0.014469796096570972 0.015665472164547407 -0.0083892471928640883 -0.0060403816384034742 0.0031682779564862922 0.0060446872786638567 0.011351012113724955
leaf_weight=510.42519263923168 779.40640679746866 840.94481721520424 15712.561437129974 7183.5762320905924 9998.5770914554596 349.57495276629925 15310.405593521893 9214.8945050686598 1448.3964078351855 2109.9976312667131 503.35567697137594 31801.266883566976 12572.838671132922 20708.688121885061 477.42578866332769
leaf_count=1221 2066 2265 41242 23545 30435 1690 53232 28708 4859 7859 1396 96291 47486 95816 2654
internal_value=3.71079e-05 -0.00229764 -0.00380931 0.0044698 -0.00128482 0.00384691 0.000973364 0.000273647 0.0084691 0.0110386 0.00331091 -0.00581809 0.00173294 0.00583018 0.0148697
internal_weight=129522 84837.5 58022.8 44684.9 25711.1 40814.7 26814.6 24525.3 2289.34 3870.19 1282.76 32311.7 19756.4 21058.3 2587.42
internal_count=440765 258253 169189 182512 71677 168537 89064 81940 7124 13975 3462 97512 71031 97506 10513
is_linear=0
shrinkage=0.0142514


Tree=88
num_leaves=15
num_cat=0
split_feature=17 81 17 25 163 159 99 195 99 167 112 164 163 95
split_gain=6625.74 1912.51 1079.99 982.203 673.565 496.784 446.102 427.045 379.231 356.137 335.947 298.78 297.46 247.654
threshold=0.15124562382698062 1.0000000180025095e-35 -0.32423524558544153 -0.13784006983041761 -0.0023452434688806529 0.27392390370368963 -0.32602983713150019 -1.8537710905075071 -0.084573879837989793 -0.47467489540576929 -0.047793529927730553 0.065100360661745085 0.018284503370523456 1.0946996212005617
decision_type=8 2 10 10 10 10 10 2 10 2 10 10 8 10
left_child=1 2 9 7 10 -4 -6 -2 -9 -1 -3 12 -5 -13
right_child=3 4 5 11 6 -7 -8 8 -10 -11 -12 13 -14 -15
leaf_value=0.0062852125629625872 -0.010360071855426183 0.0024126642001326129 -0.0012899757429447396 0.0077220133809407596 0.0042525202238607781 -0.0064827910162173277 -0.0025504549959910745 0.0041971170231159044 0.00092593230432880692 -0.0064872453634216391 0.012096854881452984 0.011063798619748074 0.00392577558462337 -0.0023986527198445748
leaf_weight=451.47764457762241 522.35193462669849 11390.25743316859 22560.221697673202 7638.6789464354515 2319.2965716347098 4485.7454851865768 12556.456248477101 15133.203390561044 13727.249293789268 24620.346967488527 777.13752325624228 3583.4863584637642 9291.8300352618098 300.81027911603451
leaf_count=1112 1346 36951 64812 40139 6767 13220 37036 49277 48102 75890 3084 16897 44160 1437
internal_value=3.75871e-05 -0.00253082 -0.00412648 0.00408793 0.000544348 -0.00215125 -0.00148978 0.00241006 0.00264121 -0.00625723 0.00303125 0.00645646 0.00563858 0.0100212
internal_weight=129359 79160.9 52117.8 50197.6 27043.1 27046 14875.8 29382.8 28860.5 25071.8 12167.4 20814.8 16930.5 3884.3
internal_count=440230 238872 155034 201358 83838 78032 43803 98725 97379 77002 40035 102633 84299 18334
is_linear=0
shrinkage=0.0142514


Tree=89
num_leaves=16
num_cat=0
split_feature=18 71 70 166 167 166 25 166 151 65 166 166 167 101 194
split_gain=6236.65 2023.12 1199.45 828.962 1585.05 788.594 613.911 606.44 551.232 543.729 352.292 343.938 321.402 319.879 214.308
threshold=-0.35821732878684992 -2.5084042549133296 -0.90496620535850514 -0.60884830355644215 -0.25463661551475519 -0.17089480906724927 -0.81687504053115834 0.081276081502437605 0.12417899444699289 -4.3752896785736075 -0.17089480906724927 -0.19088128209114072 -0.47467489540576929 -0.20538317412137982 77.500000000000014
decision_type=10 2 2 10 2 8 10 8 10 8 10 8 2 10 2
left_child=1 6 11 9 -5 8 12 -7 -4 -3 -8 14 -1 -13 -2
right_child=2 3 5 4 -6 7 10 -9 -10 -11 -12 13 -14 -15 -16
leaf_value=0.005232485944246453 0.00054961726799811433 0.014519170642218061 0.012546177536915551 -0.017072450631887497 -0.001068999923560951 0.001834302480305928 0.0052148125922852964 0.0058356628251912922 -0.0062936012688315128 0.0023076866621879982 -0.0036219826356444942 -0.0027868945496462771 -0.0075035227738970874 0.0053019734707175168 0.012076405175899623
leaf_weight=412.14924621582031 660.66072928905487 847.78043240308762 3875.8254695236683 1291.2248576432467 47334.147746622562 11613.723640143871 1041.7231374233961 22787.213625445962 343.33780855685472 5853.3351881206036 7606.5912144333124 6832.3651367127895 17012.579930752516 1161.7363493442535 649.76684904098511
leaf_count=1027 2009 1800 15739 3857 139002 45123 2857 104791 1059 17549 22871 22431 53570 5093 1954
internal_value=1.26302e-05 -0.00238876 0.00409137 -0.000846391 -0.00149398 0.00519802 -0.00566163 0.00448481 0.011013 0.00385272 -0.00255753 -0.000501983 -0.00720226 -0.00161136 0.00626538
internal_weight=129324 81399.5 47924.6 55326.5 48625.4 38620.1 26073 34400.9 4219.16 6701.12 8648.31 9304.53 17424.7 7994.1 1310.43
internal_count=440732 242533 198199 162208 142859 166712 80325 149914 16798 19349 25728 31487 54597 27524 3963
is_linear=0
shrinkage=0.0142514


Tree=90
num_leaves=16
num_cat=0
split_feature=71 18 168 12 25 49 1 163 64 123 58 117 147 165 130
split_gain=6201.63 2164.1 1026.38 833.006 683.467 671.363 638.369 500.107 430.769 347.463 294.708 194.898 181.859 140.73 117.688
threshold=2.0258235931396489 -0.70645999908447255 0.82023268938064586 0.63035652041435253 -0.069563016295433031 0.72526040673255932 0.73947817087173473 0.20596355944871905 -3.012635231018066 17.069453239440922 0.65079674124717724 0.019959598779678348 0.060004983097314842 0.15729004889726642 0.71647918224334728
decision_type=2 8 10 10 10 8 10 10 10 10 10 10 10 10 10
left_child=1 3 6 7 9 -4 -3 -1 -5 10 -2 -11 13 -6 -14
right_child=4 2 5 8 12 -7 -8 -9 -10 11 -12 -13 14 -15 -16
leaf_value=-0.0042586412107821735 0.0043502612285126223 -0.0012996188565080754 0.0085721195949711362 0.005900463901584177 0.0076628019772296647 -0.00030615613599386084 0.0070274212351405163 -0.0080052590461910066 -0.0021610308367100541 4.3703026313355396e-05 -0.0024855875054240178 -0.011346865305898596 -0.004171255625115426 0.013313678067354966 0.0051331409174307681
leaf_weight=24126.615008607507 21500.00839561224 40162.966427519917 4214.8423513546586 1887.3649906665087 9579.3785514235497 2934.1040330082178 1961.1025161966681 10336.20447550714 4695.3696338236332 2459.8307835161686 1362.0409561470151 348.23400993645191 310.96783231943846 987.44827155023813 2459.8221314921975
leaf_count=72556 78311 124013 16805 4509 52166 10809 5816 30196 11987 9113 5885 1315 1430 5405 11054
internal_value=-2.70711e-05 -0.00207802 -6.4587e-05 -0.00449504 0.0047217 0.00492828 -0.000911941 -0.00538235 0.000150348 0.00336191 0.003943 -0.00136907 0.00733878 0.00819094 0.00408884
internal_weight=129326 90318.6 49273 41045.6 39007.7 7148.95 42124.1 34462.8 6582.73 25670.1 22862 2808.06 13337.6 10566.8 2770.79
internal_count=441370 276691 157443 119248 164679 27614 129829 102752 16496 94624 84196 10428 70055 57571 12484
is_linear=0
shrinkage=0.0142514


Tree=91
num_leaves=16
num_cat=0
split_feature=17 81 10 70 163 99 159 166 166 195 166 151 11 166 58
split_gain=5877.42 1878.96 991.639 865.395 707.903 526.735 521.314 502.65 467.36 443.576 414.698 403.985 305 193.658 152.873
threshold=0.15957447886466983 1.0000000180025095e-35 -0.23015838861465451 3.5785286426544194 0.010173383168876173 -0.32602983713150019 -0.22002279758453366 -0.18416839092969892 -0.18416839092969892 -1.8537710905075071 -0.15390326082706449 -0.042597535997629159 -0.11408394202589987 -0.18416839092969892 0.70876240730285656
decision_type=8 2 8 2 10 10 10 8 8 2 10 10 10 8 10
left_child=1 2 8 7 10 -6 -4 11 -1 -9 -3 -2 14 -14 -5
right_child=3 4 6 12 5 -7 -8 9 -10 -11 -12 -13 13 -15 -16
leaf_value=-0.0015616754442227517 0.011451606391608299 0.010754674507413171 0.00038678809606476839 0.0040025132730975334 0.0047621279336034572 -0.0027185828461303717 -0.0039533394895499016 -0.011674456208616102 -0.0064725417961153603 0.0018570507904759634 0.00217800284835877 -0.00021691375070421632 0.012281523078593008 0.0066564253042496122 -0.005179175154318043
leaf_weight=4661.9529883116484 1981.7340805083513 1269.9470451846719 11429.252870470285 5875.5157385393977 2262.2261405289173 12336.839238062501 11060.622883439064 501.79746343195438 25276.825529918075 25136.206443831325 11635.090271726251 865.95065128803253 1373.8678862601519 13060.97788529098 392.88360793888569
leaf_count=13291 6800 3521 32133 23781 6635 36497 33201 1260 77715 90487 38909 2768 6418 65781 1856
internal_value=-4.13168e-05 -0.00242651 -0.0040091 0.00383466 0.000590249 -0.00155938 -0.00174771 0.00222312 -0.00570784 0.00159218 0.00302205 0.0079034 0.00605197 0.00719185 0.00342699
internal_weight=129122 79932.8 52428.7 49188.9 27504.1 14599.1 22489.9 28485.7 29938.8 25638 12905 2847.68 20703.2 14434.8 6268.4
internal_count=441053 241902 156340 199151 85562 43132 65334 101315 91006 91747 42430 9568 97836 72199 25637
is_linear=0
shrinkage=0.0142514


Tree=92
num_leaves=16
num_cat=0
split_feature=71 11 166 166 147 25 166 167 115 130 166 163 165 19 147
split_gain=6099.59 1964.18 1338.4 1298.41 1212.52 707.975 425.104 634.781 401.251 529.67 270.144 261.806 228.363 219.553 209.772
threshold=1.888611972332001 -0.83183005452156056 -0.18416839092969892 0.074811182916164412 0.18136835843324664 -0.097059570252895341 -0.67659330368041981 -0.29139983654022211 -0.088936258107423768 0.89393022656440746 -0.13252303749322888 0.018284503370523456 -0.13085341453552243 1.0722197890281679 0.096995882689952864
decision_type=2 8 8 8 8 10 10 2 10 10 10 8 10 10 10
left_child=1 6 4 -4 -3 8 12 -8 13 -10 14 -12 -1 -2 -7
right_child=5 2 3 -5 -6 10 7 -9 9 -11 11 -13 -14 -15 -16
leaf_value=0.009057180105304305 0.0033085354834636932 0.011106961778758615 -0.0045186511638657771 0.000342612094622068 -0.0015329574542008967 0.013560001185709049 -0.014546035284390177 -0.0048617908447878859 0.0027963509502816957 -0.0044213881905496959 0.0082668056074936842 0.0043089293294558909 -0.003048193172163404 0.0069251343513047261 0.0021989920541814613
leaf_weight=642.90708318352699 9556.9036852642894 3588.7222961634398 16840.878966093063 33075.651805445552 2701.8639525771141 1816.9359093829989 1445.0647255480289 28219.429113596678 8389.9741295799613 2739.1264022067189 6305.3818595409393 7353.3773145079613 623.33076383173466 5299.997805044055 403.3998062312603
leaf_count=1470 34166 11031 50541 106826 7437 9021 4443 82042 32136 9848 35464 37001 1896 16523 1362
internal_value=4.39376e-05 -0.00210405 -0.000516796 -0.00129749 0.00567804 0.00451475 -0.00498839 -0.00533357 0.00306601 0.00101989 0.00688556 0.00613606 0.0030982 0.00459873 0.011496
internal_weight=129003 87137.8 56207.1 49916.5 6290.59 41865.1 30930.7 29664.5 25986 11129.1 15879.1 13658.8 1266.24 14856.9 2220.34
internal_count=441207 265686 175835 157367 18468 175521 89851 86485 92673 41984 82848 72465 3366 50689 10383
is_linear=0
shrinkage=0.0142514


Tree=93
num_leaves=16
num_cat=0
split_feature=71 81 10 11 17 166 166 123 166 119 156 33 117 151 39
split_gain=5758.91 1989.13 1239.61 679.102 638.581 617.726 387.758 373.406 417.196 353.952 317.688 234.797 178.83 165.97 143.354
threshold=1.888611972332001 1.0000000180025095e-35 -0.34210547804832453 -0.5615619122982024 0.43998342752456671 -0.17089480906724927 -0.17089480906724927 17.861351013183597 -0.17089480906724927 0.16576191037893298 0.0081391674466431158 0.68884539604187023 -0.0030147425131872292 -0.047155002132058137 -0.15222057700157163
decision_type=2 2 8 10 10 10 8 10 8 8 10 8 10 8 10
left_child=1 2 6 10 7 -4 -1 8 -2 -5 -3 14 -9 -13 -6
right_child=4 3 5 9 11 -7 -8 12 -10 -11 -12 13 -14 -15 -16
leaf_value=-0.0020268235347904104 0.0087967838848633465 0.00073938708509418201 0.0018665122119154868 0.0060620928888914238 0.00078606811587909409 -0.0028513086048502956 -0.0069266830166932738 -0.0005604777920334978 0.0029057635915484947 0.0014446514578093368 -0.0033347632088980843 0.0095689283147055038 -0.011503195200663952 0.0062346282640907301 0.010705253295759968
leaf_weight=3937.6923068314791 2774.5657178685069 8422.4411329030991 7158.623276643455 5326.823083974421 1862.5569226369262 26514.058290421963 19649.710562780499 2404.3151898086071 20344.831632822752 9186.9045151844621 7219.0893443673849 4595.2141221314669 347.05891997367144 8915.5939014106989 351.76081630587578
leaf_count=11445 9632 25991 20007 18243 7185 78684 61073 8861 78052 31011 19806 23682 1330 43634 2193
internal_value=3.38192e-05 -0.00204323 -0.00360333 0.000919153 0.00439881 -0.00184832 -0.00610871 0.00302212 0.00361277 0.00313936 -0.00114097 0.00666371 -0.00194101 0.00736871 0.00236205
internal_weight=129011 87415.3 57260.1 30155.3 41595.9 33672.7 23587.4 25870.8 23119.4 14513.7 15641.5 15725.1 2751.37 13510.8 2214.32
internal_count=440829 266260 171209 95051 174569 98691 72518 97875 87684 49254 45797 76694 10191 67316 9378
is_linear=0
shrinkage=0.0142514


Tree=94
num_leaves=16
num_cat=0
split_feature=69 11 166 81 25 166 147 19 107 150 163 194 163 166 165
split_gain=5698.05 1959.4 947.273 780.464 737.632 612.513 660.259 586.656 661.729 545.055 451.492 439.198 386.798 385.677 210.66
threshold=-1.2492480874061582 -0.39948657155036921 -0.23414029926061627 -1.0000000180025095e-35 -0.61840489506721485 -0.23414029926061627 0.38137748837471014 0.37347906827926641 -0.17605663090944287 -0.069959707558155046 0.23660742491483691 82.500000000000014 0.37924787402153021 -0.17089480906724927 0.098208449780941023
decision_type=2 10 8 2 10 10 10 8 10 8 8 2 10 10 10
left_child=4 5 11 -4 7 6 -2 12 -9 -7 13 -3 -1 -6 -12
right_child=1 2 3 -5 10 9 -8 8 -10 -11 14 -13 -14 -15 -16
leaf_value=-0.0050284908800595114 0.0054331802665866834 0.0046037047973979213 -0.00069498408612768793 0.004578081875107342 0.0099277088614469836 0.0019052294563566235 -0.00824594569782151 0.00059442257195573629 -0.0062441168042065799 -0.0026932496739650769 -0.0063915069247291335 0.014213891161451688 -0.010043443117712242 0.00021666906021147855 0.0041654118073853478
leaf_weight=24414.144562527537 5551.1284040212631 1497.7290552258492 6818.8663973882794 34771.464775420725 935.52056069672108 7537.8082554638386 822.84756973385811 7758.9014878869057 4564.5696427226067 17137.064583778381 2812.7598557025194 2720.1631242185831 3582.029102653265 7405.1195589900017 444.54325723648071
leaf_count=75772 17119 4641 24374 149669 2751 25042 1960 20162 12875 50066 8524 11237 10661 24815 1356
internal_value=2.89132e-05 0.00249281 0.0043662 0.00371355 -0.00361855 -0.000271128 0.00366722 -0.00452962 -0.00193857 -0.00128848 -0.000451248 0.0108015 -0.00567016 0.00130596 -0.00495069
internal_weight=128775 76857.1 45808.2 41590.3 51917.6 31048.8 6373.98 40319.6 12323.5 24674.9 11597.9 4217.89 27996.2 8340.64 3257.3
internal_count=441024 284108 189921 174043 156916 94187 19079 119470 33037 75108 37446 15878 86433 27566 9880
is_linear=0
shrinkage=0.0142514


Tree=95
num_leaves=15
num_cat=0
split_feature=69 10 166 168 150 32 81 166 168 41 33 168 166 166
split_gain=5586.1 1988.26 936.096 1408.77 980.934 824.761 786.826 524.781 691.478 515.086 534.423 391.728 302.746 207.773
threshold=-1.5236610770225523 0.22455023974180224 -0.23414029926061627 0.073697000741958632 -0.069959707558155046 -0.42572845518589014 -1.0000000180025095e-35 -0.14154157042503354 0.82023268938064586 0.12239583209156991 0.07212353497743608 0.85053852200508129 0.069291863590478911 -0.20527692884206769
decision_type=2 10 8 10 8 10 2 8 10 8 8 10 8 10
left_child=5 2 3 -2 -4 9 13 -7 -9 12 -11 -8 -1 -3
right_child=1 6 4 -5 -6 7 11 8 -10 10 -12 -13 -14 -15
leaf_value=-0.013421360630567683 -0.005412881420569996 0.0086549304793572205 0.0026641067187040102 0.013562517457841572 -0.0021972552189821418 0.012182161515820168 0.0049144129702197309 -0.0035753623357675569 0.0073944405725109696 -0.0071639271708313071 -0.0029426033400551063 0.0095203550666836563 -0.006378792077236739 -0.00057498862518667426
leaf_weight=1729.4551376998425 1201.682883054018 538.45784670859575 12848.475886255503 2345.8259753510356 24515.579205483198 740.22010071575642 28796.42044428736 4237.0746946036816 1610.6733669936657 7849.572915121913 27192.636665254831 4311.8893057107925 4378.8897295445204 6179.2134496867657
leaf_count=4112 2910 1935 46657 7648 74046 2077 116433 13111 5914 27061 80624 25025 11942 21578
internal_value=6.0197e-05 0.00234526 0.000138688 0.00713481 -0.000525564 -0.00380441 0.00461198 0.000877253 -0.000553853 -0.00455391 -0.0038882 0.00551429 -0.00837286 0.000164908
internal_weight=128476 80737.5 40911.6 3547.51 37364.1 47738.5 39826 6587.97 5847.75 41150.6 35042.2 33108.3 6108.34 6717.67
internal_count=441073 296232 131261 10558 120703 144841 164971 21102 19025 123739 107685 141458 16054 23513
is_linear=0
shrinkage=0.0142514


Tree=96
num_leaves=16
num_cat=0
split_feature=71 11 166 168 194 17 81 166 165 166 166 48 33 165 39
split_gain=5149.42 1733.84 1241.09 1063.77 1045.27 700.167 488.585 479.434 668.284 431.526 424.608 329.377 199.581 193.506 101.156
threshold=1.888611972332001 -0.76193320751190174 -0.23414029926061627 0.82820320129394542 83.500000000000014 0.43998342752456671 -1.0000000180025095e-35 -0.17089480906724927 -0.056997399777173989 0.077623657882213606 -0.73506680130958546 0.022135416977107528 0.68884539604187023 -0.081182178109884248 -0.13052994012832639
decision_type=2 8 8 10 2 10 2 8 10 8 10 10 8 8 10
left_child=1 6 4 -4 -3 7 10 8 -2 -9 -1 -8 14 -14 -7
right_child=5 2 3 -5 -6 12 11 9 -10 -11 -12 -13 13 -15 -16
leaf_value=0.0072651434637606878 0.00085603293606819307 -0.00094258797370760949 -0.0017995798865560254 0.0045049544321885716 0.012857329914393175 0.0013235444520425283 -0.0053940390787640298 -0.00064364638327880984 0.014154862447346518 0.0034562767785724299 -0.0059926551481396242 -0.00057961298147653716 0.00078997799859764812 0.0076351071260975373 0.010164804804513641
leaf_weight=502.04556316137314 1431.588986441493 1979.465363688767 41544.322426140308 6253.9535812884569 2551.9597176685929 1894.8879080861807 4349.7643633186817 8088.3020049333572 1654.2544801831245 14672.249593824148 21509.501646772027 8577.4266087114811 898.64632830768824 12594.453586854041 305.10710203647614
leaf_count=1201 4100 5780 127341 23510 7794 7376 11983 27795 6788 59562 64336 24285 3352 64566 1935
internal_value=2.56167e-05 -0.00194032 -0.000298915 -0.000974687 0.00682917 0.00415575 -0.00439873 0.00271401 0.00798538 0.00199931 -0.00569025 -0.0021996 0.00653026 0.00717922 0.00254994
internal_weight=128808 87268.4 52329.7 47798.3 4531.43 41539.5 34938.7 25846.4 3085.84 22760.6 22011.5 12927.2 15693.1 13493.1 2200
internal_count=441704 266230 164425 150851 13574 175474 101805 98245 10888 87357 65537 36268 77229 67918 9311
is_linear=0
shrinkage=0.0142514


Tree=97
num_leaves=16
num_cat=0
split_feature=18 71 70 166 167 166 166 163 97 33 165 166 166 101 194
split_gain=5083.83 1537.93 976.27 750.042 1509.8 714.279 690.827 539.357 487.39 420.482 389.674 302.544 265.264 255.538 175.74
threshold=-0.34574934840202326 -2.4354614019393916 -0.90496620535850514 -0.60884830355644215 -0.25463661551475519 -0.18416839092969892 0.081276081502437605 0.020727863535285 -4.0593800544738761 0.13192030787467959 -0.09348000586032866 -0.73506680130958546 -0.20527692884206769 -0.20538317412137982 79.500000000000014
decision_type=10 2 2 10 2 8 8 8 8 10 10 8 8 10 2
left_child=1 7 12 8 -5 10 -7 9 -3 -1 -4 -9 14 -14 -2
right_child=2 3 5 4 -6 6 -8 11 -10 -11 -12 -13 13 -15 -16
leaf_value=-0.0057385987944922326 0.00046297338253343157 0.014013031662066458 0.0017617978172957452 -0.016500910373765922 -0.00092777041117330077 0.0013485079660098989 0.0056757314441319463 0.0050933178410625911 0.0023078800310557647 6.3839266394588527e-05 0.013284431760417324 -0.0067243210433802604 -0.0024797820181357878 0.004924078475163244 0.011264661428327313
leaf_weight=4290.8600148558617 626.79281284660101 825.05072146654129 754.07985415309668 1299.2502246201038 47065.604480199516 11423.39467342943 21779.842110410333 451.88832856714725 5810.3944245576859 6204.0186057537794 2845.5355140566826 16658.903396636248 6548.1646547317505 1106.7766156494617 597.5267745628953
leaf_count=14810 1920 1761 2416 3830 138476 45372 102800 1126 17501 18668 12837 50641 21418 4895 1897
internal_value=2.38618e-06 -0.00210735 0.00381738 -0.000729701 -0.00134614 0.00484071 0.00418698 -0.00485211 0.00376341 -0.00230852 0.0108706 -0.00641221 -0.000424156 -0.00140928 0.005735
internal_weight=128288 82606 45682.1 55000.3 48364.9 36802.9 33203.2 27605.7 6635.45 10494.9 3599.62 17110.8 8879.26 7654.94 1224.32
internal_count=440368 246813 193555 161568 142306 163425 148172 85245 19262 33478 15253 51767 30130 26313 3817
is_linear=0
shrinkage=0.0142514


Tree=98
num_leaves=16
num_cat=0
split_feature=71 81 10 1 11 99 123 32 165 169 166 70 83 165 49
split_gain=5127.38 1803.01 1056.8 646.95 627.636 596.558 540.087 376.093 337.364 329.449 371.335 264.422 137.609 129.443 45.3929
threshold=1.8646869063377383 1.0000000180025095e-35 -0.38416327536106104 0.83569985628128063 -0.15354851633310315 -0.34635739028453821 17.861351013183597 -0.73670318722724903 0.15729004889726642 0.074992053210735335 -0.12685918807983396 3.4442616701126103 3.5114340782165532 0.12582073360681537 0.64713540673255932
decision_type=2 2 8 10 10 10 10 10 10 10 10 2 2 10 8
left_child=1 2 7 6 9 -4 -3 -1 11 10 -2 -6 -5 -11 -10
right_child=4 3 5 12 8 -7 -8 -9 14 13 -12 -13 -14 -15 -16
leaf_value=-0.0072954962029246314 0.0078443569969272979 0.0012586381533823865 0.00024224652424160035 0.0070600220749222663 0.0025787359335552114 -0.0034929970740860019 -0.0044466122336543571 -0.0031924265844507178 0.014141807456778033 -0.00070932569243401585 0.0023000481240146964 0.006330039084204161 0.017225715933131911 0.0078880417297126325 0.0075551397647393584
leaf_weight=14256.62481109798 3218.2589856386185 24686.826036475599 14735.633201152086 598.3586938008666 5124.4513749480247 21146.766009271145 3902.7228277921677 6655.5888567268848 1052.9532286897302 6399.5713322013617 10324.832303613424 14951.972308121622 493.67415814846754 376.55779089778662 266.52459015697241
leaf_count=45821 10823 78303 41924 1695 19502 63345 12001 19329 5729 23905 38066 75389 1816 1678 1499
internal_value=2.40737e-05 -0.00195552 -0.00344316 0.000891037 0.0041278 -0.00195907 0.000479814 -0.00598965 0.00583135 0.00233398 0.00361758 0.00537254 0.0116563 -0.000231496 0.0128117
internal_weight=128191 86476.2 56794.6 29681.6 41715.1 35882.4 28589.5 20912.2 21395.9 20319.2 13543.1 20076.4 1092.03 6776.13 1319.48
internal_count=440825 264234 170419 93815 176591 105269 90304 65150 102119 74472 48889 94891 3511 25583 7228
is_linear=0
shrinkage=0.0142514


Tree=99
num_leaves=16
num_cat=0
split_feature=51 25 81 163 166 19 35 163 166 99 168 166 166 165 167
split_gain=4985.41 2070.22 1115.1 1098.44 992.842 694.935 565.628 553.36 548.698 377.86 374.049 319.311 301.405 218.46 133.804
threshold=0.22869011759757998 -0.54306152462959278 -1.0000000180025095e-35 0.010173383168876173 -0.23414029926061627 0.37347906827926641 0.36979167163372045 0.010173383168876173 -0.18416839092969892 -0.42628782987594599 0.85824123024940502 -0.20527692884206769 0.077623657882213606 -0.11370706558227538 -0.079352453351020799
decision_type=10 10 2 8 8 10 10 8 10 8 10 10 10 10 2
left_child=1 5 11 10 -5 8 -7 13 -1 -9 -3 14 -13 -4 -2
right_child=2 3 7 4 -6 6 -8 9 -10 -11 -12 12 -14 -15 -16
leaf_value=-0.0016784152246594611 0.0024825527724363227 0.002460992006262984 -0.0014657883615303647 0.0078163060457976455 -0.0029330080222227006 0.0010002146030559612 -0.0054529007851376529 0.011769803093679865 -0.0058681606205545096 0.0030740174208390633 0.0080386276960364936 -0.0051979981921833705 0.00031766367481763529 0.0074717664254342871 0.013450317819554044
leaf_weight=8064.1370686590672 520.09563232958317 9246.0968427285552 582.16351790726185 1981.5268763005733 14627.239034421742 8447.9271365404129 4096.3929261341691 1058.0468702688813 29842.627642899752 24871.076815322042 3318.4223000556231 3061.2291596457362 5871.7585074752569 12100.762378871441 399.40065179765224
leaf_count=23522 1478 31075 1742 6135 46295 21792 11453 3863 92339 98391 13857 9644 20496 57777 1554
internal_value=-7.37074e-05 -0.00226723 0.00353012 0.000754711 -0.00165053 -0.00401467 -0.00110709 0.0046221 -0.00497685 0.00342888 0.00393414 -0.000749364 -0.00157251 0.00706152 0.00724716
internal_weight=128089 79624.4 48464.5 29173.3 16608.8 50451.1 12544.3 38612 37906.8 25929.1 12564.5 9852.48 8932.99 12682.9 919.496
internal_count=441413 246468 194945 97362 52430 149106 33245 161773 115861 102254 44932 33172 30140 59519 3032
is_linear=0
shrinkage=0.0142514


Tree=100
num_leaves=16
num_cat=0
split_feature=69 10 165 168 166 81 147 165 166 166 123 95 68 199 100
split_gain=5097.71 1791.46 970.671 869.932 648.106 598.902 583.41 577.178 1645.99 729.451 276.764 242.119 194.164 182.723 166.833
threshold=-1.5236610770225523 0.3000000268220902 0.15729004889726642 0.82023268938064586 0.077623657882213606 -1.0000000180025095e-35 -0.22663807123899457 0.024813328869640831 -0.13252303749322888 0.056589325889945037 3.1618808507919316 1.5048615932464602 12.254343032836916 330.50000000000006 -0.0052728760056197635
decision_type=2 10 10 10 8 2 8 10 8 8 8 8 10 2 8
left_child=3 2 4 7 -2 13 14 9 -9 -1 -7 -4 -8 -3 -5
right_child=1 5 11 6 -6 10 12 8 -10 -11 -12 -13 -14 -15 -16
leaf_value=-0.0051927888190121535 -0.0020864106483731346 -0.0020447599028405859 0.013070382719450577 0.00020073404424914099 0.0013970458307281566 0.0086007566341085046 0.0021510198156634306 0.01004290921222431 -0.0078248456210414704 -0.00053603775635538398 0.0049046473045851737 0.0031418478884302171 -0.0052918531559380446 0.0030539051593995448 0.010901930910979666
leaf_weight=15065.289175540209 18674.779384590685 2855.5596665218472 1439.0564239472151 375.85569635033607 25882.311726525426 5019.0387552380562 1343.4666935503483 1129.5650189444423 14342.614027410746 12501.179896339774 22838.811459936202 763.59500886499882 1514.1291708797216 2854.6238206326962 1390.7895945757627
leaf_count=45266 55176 9662 5645 1287 89332 24690 3999 3184 42583 38525 98252 2749 4738 10480 5299
internal_value=5.99055e-06 0.00219685 0.000393598 -0.00368633 -6.29422e-05 0.00470874 0.00218746 -0.00431743 -0.00652036 -0.00308099 0.00557058 0.00962862 -0.0017927 0.00050416 0.00862532
internal_weight=127991 80327.8 46759.7 47662.9 44557.1 33568 4624.24 43038.6 15472.2 27566.5 27857.9 2202.65 2857.6 5710.18 1766.65
internal_count=440867 295986 152902 144881 144508 143084 15323 129558 45767 83791 122942 8394 8737 20142 6586
is_linear=0
shrinkage=0.0142514


Tree=101
num_leaves=16
num_cat=0
split_feature=18 10 70 166 168 18 166 147 3 115 163 197 166 111 203
split_gain=4723.92 1388.07 1072.18 968.906 813.969 797.292 603.179 542.505 518.857 392.157 304.005 288 273.187 208.059 168.095
threshold=-0.42346639931201929 0.095099620521068587 -1.3119409084320066 -0.18416839092969892 0.82820320129394542 -0.84441503882408131 -0.23414029926061627 0.077781163156032576 -0.26190473139286036 0.19539267569780353 0.29483880102634435 0.25855457782745367 -0.22009155154228208 0.417776569724083 107.00693511962892
decision_type=10 8 2 10 10 10 8 10 10 10 10 2 8 10 10
left_child=1 5 10 7 -5 8 -7 -4 -1 11 12 -3 -2 -11 -12
right_child=2 9 3 4 -6 6 -8 -9 -10 13 14 -13 -14 -15 -16
leaf_value=-0.0060812166083734197 0.0077127134605650049 0.0033883686989264312 0.013377186095761037 0.0024093140976115903 0.0075497564545502563 0.0055380014062852076 -0.0020979115734192262 0.0029853270127492403 -0.0023913559833748277 0.00019113497063749611 -0.00028376660787941544 -0.0061287675474592049 -0.00090318080822031355 -0.0064766822201090084 -0.0098597263217535796
leaf_weight=21448.9465598315 840.80395459383726 10820.093862757087 3348.6419218480587 31305.51169398427 7819.0097271874547 2311.2306800037622 23101.323877736926 1467.4844256266952 12110.311723321676 2500.0522063076496 559.25424738228321 686.73687267303467 6727.5294821411371 1533.3845618367195 1113.7729882597923
leaf_count=65554 2543 31868 15264 128635 40638 6212 70635 4417 33277 7608 1676 1622 22679 4387 3644
internal_value=6.58852e-06 -0.00230917 0.00325114 0.00417914 0.00343664 -0.0033077 -0.00140343 0.0102108 -0.00474969 0.00148 -0.00116126 0.00282035 5.40541e-05 -0.00234381 -0.00665883
internal_weight=127694 74512.1 53182 43940.6 39124.5 58971.8 25412.6 4816.13 33559.3 15540.3 9241.36 11506.8 7568.33 4033.44 1673.03
internal_count=440659 221163 219496 188954 169273 175678 76847 19681 98831 45485 30542 33490 25222 11995 5320
is_linear=0
shrinkage=0.0142514


Tree=102
num_leaves=15
num_cat=0
split_feature=53 168 69 166 49 166 70 165 166 38 166 166 11 164
split_gain=4654.47 1585.52 1454.28 956.145 878.677 592.556 536.443 443.033 442.881 429.111 293.779 264.002 201.054 153.882
threshold=0.59135928750038158 0.86137318611145031 -2.3139513731002803 -0.17089480906724927 0.69921875000000011 -0.20527692884206769 3.7004506587982182 -0.11370706558227538 -0.17089480906724927 0.081520330160856261 0.39580373466014868 0.077623657882213606 -0.12731689959764478 -0.0091362558305263502
decision_type=10 10 2 10 8 8 2 10 8 10 10 8 8 10
left_child=1 2 8 -4 9 7 11 -2 -1 -3 -6 -7 -8 -9
right_child=5 4 3 -5 10 6 12 13 -10 -11 -12 -13 -14 -15
leaf_value=-0.00088888107344168698 0.00071258580941265459 0.0012130397203514822 0.0031428518470536285 -0.0018175276237650344 0.0016821045101537953 -0.00023693709202273123 0.0014709497589171486 0.0033236384545084234 -0.0055381997948674433 0.011886829697024903 -0.0086608634574725351 0.003164629145745502 0.0061555949533228255 0.014003663558069925
leaf_weight=4965.1975353807211 828.76631972193718 1031.6955752670765 9819.7055713757873 40212.118119567633 1817.2930044382811 6899.6936514824629 2153.003267429769 312.10176707804203 25701.348078683019 2959.1398730129004 804.68842834234238 14112.823553398252 13707.45712890476 2247.2532488778234
leaf_count=14644 2418 3157 27198 121991 6551 23611 9128 1200 79246 12328 2900 55977 69548 10421
internal_value=5.64965e-05 -0.00179202 -0.00234178 -0.000843955 0.0049168 0.00406523 0.00354113 0.00976888 -0.00478544 0.00912754 -0.00149228 0.00204769 0.00551968 0.0127014
internal_weight=127572 87311.2 80698.4 50031.8 6612.82 40261.1 36873 3388.12 30666.5 3990.84 2621.98 21012.5 15860.5 2559.36
internal_count=440318 268015 243079 149189 24936 172303 158264 14039 93890 15485 9451 79588 78676 11621
is_linear=0
shrinkage=0.0142514


Tree=103
num_leaves=15
num_cat=0
split_feature=81 10 163 4 105 160 174 199 163 26 167 167 147 112
split_gain=4499.94 2210.51 1322.75 851.768 615.575 549.477 456.154 366.184 315.342 278.644 227.786 352.241 200.632 118.713
threshold=-1.0000000180025095e-35 0.31094428896903997 0.015889315865933899 -0.70115345716476429 -0.32406818866729731 0.72887390851974498 0.90225037932395946 320.50000000000006 0.020727863535285 0.83372226357460033 -0.47467489540576929 -0.29139983654022211 0.29633860290050512 0.46740816533565527
decision_type=2 10 8 10 10 10 10 2 8 8 2 2 10 10
left_child=3 2 6 10 -4 7 -2 -5 13 -10 -1 -12 -7 -3
right_child=1 8 4 5 -6 12 -8 -9 9 -11 11 -13 -14 -15
leaf_value=0.0041567236534514589 0.0060048387018067709 0.0070622838745567785 0.0010242668152576455 -0.0042254480515306232 -0.0027535067852092776 0.0080596020026248456 0.0014596272578014089 -0.00085645993163439285 0.0011321568940282749 0.0051830966419574879 -0.013784575466964748 -0.0058076609195483655 -0.0025221751877090477 0.0156492800721807
leaf_weight=426.78998875617981 7978.992796599865 9076.6343761235476 14551.102822169662 13826.637493185699 22013.679675124586 1403.9030339568853 10239.87583386898 12455.569521963596 4611.440750926733 13678.027924790978 1212.2611250281334 15494.680297285318 491.21951216459274 339.19780317693949
leaf_count=1065 29536 44779 41771 42393 71129 4395 35025 40705 16291 59438 3859 47522 1345 2047
internal_value=-9.89733e-06 0.00197209 0.000313025 -0.00361811 -0.00125013 -0.00209443 0.00345023 -0.00262883 0.00525267 0.00416171 -0.00612388 -0.00638651 0.00531679 0.00737172
internal_weight=127800 82489 54783.7 45311.1 36564.8 28177.3 18218.9 26282.2 27705.3 18289.5 17133.7 16706.9 1895.12 9415.83
internal_count=441300 300016 177461 141284 112900 88838 64561 83098 122555 75729 52446 51381 5740 46826
is_linear=0
shrinkage=0.0142514


Tree=104
num_leaves=15
num_cat=0
split_feature=17 71 165 166 25 25 192 166 166 130 165 47 163 166
split_gain=4560.93 1476.76 838.639 670.523 622.371 532.394 414.978 398.187 365.168 276.257 274.795 216.021 204.146 45.133
threshold=0.19924828410148623 -2.4354614019393916 0.15729004889726642 0.074811182916164412 -0.10315347835421561 -0.63141080737113942 4.5143356323242196 -0.18416839092969892 -0.73506680130958546 0.88603046536445629 0.15729004889726642 0.1269628778100014 0.020727863535285 0.072928849607706084
decision_type=8 2 10 8 10 10 2 10 8 10 10 10 8 10
left_child=1 5 3 -3 6 8 7 -2 -1 -4 12 -7 -6 -12
right_child=4 2 9 -5 10 11 -8 -9 -10 -11 13 -13 -14 -15
leaf_value=0.0065472538581112447 0.0061565903003205653 -0.0027924002997598645 0.012545840778643139 0.00041720538669614378 0.0072105281256229841 -0.0096900181200244902 -0.011600625304314013 0.0017610795230719031 -0.0057922295736912034 0.0022052061024631004 0.013947352991437364 0.00093254438337979177 0.0038704650707533741 0.007775494613018857
leaf_weight=497.64051997661591 5171.8213822767138 23706.775191098452 1218.9465919062495 29884.881757572293 6715.2573518678546 431.2706551104784 424.49339054524899 21956.593061685562 22893.271981462836 921.37276943773031 918.41153705865145 3945.7170078456402 8323.7335805594921 326.45288963615894
leaf_count=1217 17659 66767 4417 94508 38122 1367 1080 79089 71753 2991 5154 12123 42313 2067
internal_value=-3.67517e-05 -0.00199102 -0.000653223 -0.0010026 0.00368572 -0.00467607 0.00238027 0.00259906 -0.00552969 0.00809455 0.00589459 -0.000114227 0.0053619 0.0123293
internal_weight=127337 83499.9 55732 53591.7 43836.8 27767.9 27552.9 27128.4 23390.9 2140.32 16283.9 4376.99 15039 1244.86
internal_count=440627 255143 168683 161275 185484 86460 97828 96748 72970 7408 87656 13490 80435 7221
is_linear=0
shrinkage=0.0142514


Tree=105
num_leaves=15
num_cat=0
split_feature=17 81 48 163 168 70 78 28 195 165 105 165 164 28
split_gain=4499.18 1476.16 987.937 603.391 590.103 579.561 534.44 380.654 367.35 342.088 309.037 265.238 266.448 173.429
threshold=0.19117730110883716 -1.0000000180025095e-35 0.029947916977107528 0.010173383168876173 0.830928534269333 3.5952576398849492 1.0000000180025095e-35 0.42708332836627966 -2.9101051092147823 0.15729004889726642 1.5560628771781924 -0.075890779495239244 0.065100360661745085 0.42708332836627966
decision_type=8 2 10 10 10 2 2 8 2 8 10 8 10 8
left_child=1 4 7 -4 6 8 -1 -3 -2 -10 -6 13 -13 -7
right_child=5 2 3 -5 10 11 -8 -9 9 -11 -12 12 -14 -15
leaf_value=-0.0054039010020190056 -0.010754238307634447 0.0004043849069794118 0.0035862511019921156 -0.00060730608910353277 -0.0016760824352014881 0.0052379264596075885 -0.0016486214475454138 -0.0045771823405145618 0.002091637689122473 0.0087425971650267505 0.0075489307034210329 0.0052554211100679978 0.0098007106839650623 -0.0046935314614804215
leaf_weight=26658.863803505898 429.37211827933788 4512.1325776129961 14302.27364050597 13590.538453012705 1743.026160672307 643.32421747595072 10821.813851736486 10064.336438834667 23318.956131264567 1684.0632048025727 1278.4968389496207 14567.202845036983 3193.8070054501295 802.57513774186373
leaf_count=81806 1039 12587 46466 40682 5618 2109 31174 30309 85349 6280 4470 74195 16033 3233
internal_value=7.80921e-05 -0.00188471 -2.83453e-05 0.00154298 -0.00383122 0.00372636 -0.00431964 -0.00303515 0.00231517 0.00253963 0.00222737 0.00559495 0.00607279 -0.000274693
internal_weight=127611 82971.5 42469.3 27892.8 40502.2 44639.3 37480.7 14576.5 25432.4 25003 3021.52 19206.9 17761 1445.9
internal_count=441350 253112 130044 87148 123068 188238 112980 42896 92668 91629 10088 95570 90228 5342
is_linear=0
shrinkage=0.0142514


Tree=106
num_leaves=16
num_cat=0
split_feature=69 25 19 35 17 163 163 169 1 123 49 168 49 164 168
split_gain=4346.83 1290.7 998.932 954.625 756.044 723.663 558.118 354.483 295.788 287.414 272.81 268.055 242.542 237.048 165.333
threshold=1.5591745972633364 -0.52633318305015553 0.39241443574428564 0.31770832836627966 0.34329453110694891 0.010173383168876173 0.29900564253330236 0.074992053210735335 0.75870203971862804 3.4065871238708501 0.11848958209156991 0.85053852200508129 0.71484375000000011 0.04635118134319783 0.80684211850166332
decision_type=2 10 8 10 8 8 10 8 10 8 10 10 8 8 10
left_child=1 2 6 -4 7 8 -1 9 -3 -2 -7 13 -13 -6 -9
right_child=4 5 3 -5 11 10 -8 14 -10 -11 -12 12 -14 -15 -16
leaf_value=-0.0038902105413140347 0.00662189704744226 0.0028456954266117994 0.0012302482411134508 -0.0049033275236498386 0.003437171700270223 -0.0061106241217615395 -0.0085338003756129759 -0.0017070303842380266 0.01166106242862586 0.001754363070278073 -0.00056367324089972844 0.011611596820926219 0.0041773030164794231 0.0066757333794770978 0.0052238306484292596
leaf_weight=27441.725485622883 3101.4669235274196 9529.7645875811577 14730.644860938191 7927.1215478181839 14524.807384707034 2178.034476429224 6502.7097530066967 6906.1485070213675 841.26834309846163 11983.03324764967 10396.505428947508 2211.4277788251638 1493.21235588938 6711.6290770694613 777.70984590798616
leaf_count=85883 11468 33683 37914 22764 66277 6299 19724 23418 3115 40933 33283 14284 9026 29101 3515
internal_value=-3.7355e-05 -0.00207718 -0.00323299 -0.000915672 0.00336371 0.000774002 -0.00477979 0.00148603 0.00356083 0.00275518 -0.00152448 0.00507782 0.0086152 0.00446071 -0.0010055
internal_weight=127257 79547.8 56602.2 22657.8 47709.4 22945.6 33944.4 22768.4 10371 15084.5 12574.5 24941.1 3704.64 21236.4 7683.86
internal_count=440687 242665 166285 60678 198022 76380 105607 79334 36798 52401 39582 118688 23310 95378 26933
is_linear=0
shrinkage=0.0142514


Tree=107
num_leaves=16
num_cat=0
split_feature=10 81 81 163 17 163 159 166 117 166 166 166 166 123 143
split_gain=4172.54 1586.55 952.931 762.311 684.121 495.992 482.684 479.063 396.23 388.706 293.701 273.248 238.858 216.465 93.0581
threshold=0.15359457582235339 1.0000000180025095e-35 -1.0000000180025095e-35 0.010173383168876173 -0.46712975203990931 0.020727863535285 0.35782468318939215 -0.23414029926061627 -0.069897096604108797 -0.13252303749322888 -0.20527692884206769 -0.22678092867135999 0.077623657882213606 15.778401374816896 0.3560865074396134
decision_type=10 2 2 10 8 8 10 10 10 10 8 10 10 10 10
left_child=1 4 11 9 10 13 -6 -5 -7 -3 -1 14 -13 -4 -2
right_child=2 3 5 7 6 8 -8 -9 -10 -11 -12 12 -14 -15 -16
leaf_value=-0.0016435561764782593 0.012258059827060691 0.0092942277069578104 0.0071657508006881003 0.004765152866284139 -0.0020231711018178326 0.0034937844727672544 -0.0072850769726446711 -0.0025283734260848926 -0.0062971014564297371 0.0020428980859950436 -0.0073715234560637428 -0.0044119180167810504 0.00037593734866350618 0.0004430225930942605 0.0024853153463500356
leaf_weight=2180.3894617855549 400.38507632911205 1705.4555940181017 11677.355501107872 2097.2981365174055 31588.692263349891 24409.407814987004 3987.6793883368373 14300.296301625669 869.34789594262838 12547.458197072148 10943.776767775416 3247.9725167602301 6073.5816957205534 1061.1860161796212 391.32385496795177
leaf_count=6679 1385 4933 55977 6508 92528 96849 11444 44160 3592 43987 35884 10216 20990 5175 1316
internal_value=-3.22057e-05 -0.00204023 0.00327835 0.000499903 -0.00363891 0.00431262 -0.00261298 -0.0015955 0.00315706 0.0029106 -0.00641992 -0.000609628 -0.00129234 0.00660572 0.00742815
internal_weight=127482 79351 48130.6 30650.5 48700.5 38017.3 35576.4 16397.6 25278.8 14252.9 13124.2 10113.3 9321.55 12738.5 791.709
internal_count=441623 246123 195500 99588 146535 161593 103972 50668 100441 48920 42563 33907 31206 61152 2701
is_linear=0
shrinkage=0.0142514


Tree=108
num_leaves=16
num_cat=0
split_feature=25 10 166 150 168 159 166 111 49 165 47 166 166 19 121
split_gain=4098.67 1615.36 819.95 853.463 792.567 715.593 697.352 634.387 490.353 484.821 446.102 368.491 357.777 332.253 97.6202
threshold=-0.3166161030530929 0.020002218894660476 -0.18416839092969892 0.13023363053798678 0.82023268938064586 -0.31434737145900721 -0.17089480906724927 -0.053852329030632966 0.69921875000000011 -0.056997399777173989 0.283972978591919 -0.56154954433441151 -0.60884830355644215 1.2135071158409121 1.0236126780509951
decision_type=10 8 8 8 10 10 8 10 8 10 10 10 8 10 10
left_child=1 4 9 10 6 12 -1 -5 -6 11 -4 -2 -3 -7 -11
right_child=2 5 3 7 8 13 -8 -9 -10 14 -12 -13 -14 -15 -16
leaf_value=0.00024814019314659691 0.0097817846062247301 0.012083149672071256 -0.0050944448857616854 -0.018958360794132389 0.0063480393186322566 -0.0018666529273717962 -0.0042710292233841983 0.0003189517743851221 -0.0023189149087848651 0.014198304016804662 0.0048855072968320345 -0.0060909880523384681 0.0027836172933613347 0.0048112446670140769 0.0051611098967588023
leaf_weight=8212.6126374900341 641.83067437261343 897.16305998712778 943.81256666779518 359.61598169803619 2774.3714805617929 13205.197338029742 44582.487481445074 9626.3945870399475 2539.3058948665857 2476.2745192572474 25130.658997930586 552.90174199640751 13233.951446399093 1709.0312192887068 269.25108273327351
leaf_count=22801 1942 2233 3565 1385 9323 41523 134123 38530 8208 11883 118185 1933 39581 4833 1287
internal_value=6.51238e-05 -0.0016683 0.00384192 0.00316743 -0.00304002 0.001076 -0.00356804 -0.000375369 0.00220629 0.0100145 0.00452425 0.0024362 0.00337408 -0.00110141 0.0133122
internal_weight=127155 87154.1 40000.7 36060.5 58108.8 29045.3 52795.1 9986.01 5313.68 3940.26 26074.5 1194.73 14131.1 14914.2 2745.53
internal_count=441335 262625 178710 161665 174455 88170 156924 39915 17531 17045 121750 3875 41814 46356 13170
is_linear=0
shrinkage=0.0142514


Tree=109
num_leaves=16
num_cat=0
split_feature=17 81 17 168 49 41 163 116 17 112 167 112 67 26 85
split_gain=4040.82 1331.4 782.883 635.88 549.833 538.434 526.517 469.559 442.871 353.374 351.918 320.769 254.878 239.412 214.278
threshold=0.1666667237877846 1.0000000180025095e-35 -0.43643650412559504 0.82820320129394542 0.72005209326744091 0.11718750000000001 1.0000000180025095e-35 2.3773663043975835 0.40326045453548437 -0.047793529927730553 0.083459861576557173 0.47941033542156225 -2.9818352460861202 0.85844823718070995 0.19425381720066073
decision_type=8 2 10 10 8 8 10 10 10 10 2 8 10 8 2
left_child=1 2 14 8 12 -4 9 -8 10 -3 -2 -6 -5 -10 -1
right_child=3 6 5 4 11 -7 7 -9 13 -11 -12 -13 -14 -15 -16
leaf_value=-0.006667165281212026 0.0020232842014644105 0.0021710335180025343 -0.006229194848651684 0.00026514749764141357 -0.012858640504402741 -0.0013923673308908311 -0.00067609664659046688 -0.014274382822978677 0.0013049922129672049 0.012086951372828055 -0.0034433378693358965 0.0040862932577546531 0.011956953771256469 0.0053329402196302927 -0.0021610852141026021
leaf_weight=12940.964436292648 19866.61595018208 11756.616835303605 5485.8127171397209 422.76310794055462 247.25805572420359 31602.505947485566 14837.29102177918 534.26459731161594 3886.4249971583486 778.20457246899605 2719.0858540534973 2748.3972387760878 3632.8396681323647 13097.571315154433 2568.9224487692118
leaf_count=41981 68768 38522 15306 1834 1339 92420 44037 1585 16249 3166 10016 14635 21804 61543 8172
internal_value=3.63478e-05 -0.00189721 -0.00323217 0.0033752 0.00731797 -0.0021078 0.000618938 -0.00114878 0.00267259 0.0027867 0.00136515 0.00268745 0.0107382 0.00441124 -0.00592083
internal_weight=127126 80504.6 52598.2 46621 7051.26 37088.3 27906.4 15371.6 39569.7 12534.8 22585.7 2995.66 4055.6 16984 15509.9
internal_count=441377 245189 157879 196188 39612 107726 87310 45622 156576 41688 78784 15974 23638 77792 50153
is_linear=0
shrinkage=0.0142514


Tree=110
num_leaves=16
num_cat=0
split_feature=25 81 105 166 168 168 166 49 165 159 33 70 166 34 121
split_gain=4046.14 1561.98 944.903 857.082 854.773 762.49 738.301 727.837 594.771 582.801 528.216 412.638 403.121 259.518 83.148
threshold=-0.33712495863437647 -1.0000000180025095e-35 -1.0000000180025095e-35 -0.18416839092969892 0.82820320129394542 0.81720325350761425 0.077623657882213606 0.70963540673255932 -0.056997399777173989 0.3687442839145661 0.080015398561954512 -2.2878776788711543 -0.56154954433441151 0.23437500000000003 1.0309994220733645
decision_type=10 2 8 8 10 8 8 8 10 10 10 2 10 10 10
left_child=1 9 11 8 6 -4 -5 -6 12 10 -1 -3 -2 -11 -10
right_child=3 2 5 4 7 -7 -8 -9 14 13 -12 -13 -14 -15 -16
leaf_value=-0.0065113437839772158 0.0093633037705270188 -0.0006001003608035021 -0.0035867501130987887 -0.001009281304003469 0.010834153513577392 0.0018680365978996916 0.0035840557835492728 0.0021879824209836323 0.014168526813331377 -0.011000289485124135 -0.0022101052618259472 0.0038255718383399255 -0.0066274987940036249 -0.0051095656510278115 0.0060035106634478827
leaf_weight=7312.5136018097401 666.36714199930429 6331.551411613822 16214.038797743618 11611.543743848801 4504.6705488190055 7665.1927768290043 18320.693241655827 3524.7348918095231 2572.5639529377222 2859.17337423563 28014.099038109183 13198.033686928451 616.24903467297554 3240.8591691553593 281.11230187118053
leaf_count=25436 2008 17884 49102 44623 24079 25074 81054 18345 12182 7268 83180 36658 2080 10663 1355
internal_value=-3.09869e-05 -0.00182338 6.57401e-05 0.00358103 0.00290978 -0.00183577 0.00180217 0.00703872 0.00974135 -0.00380288 -0.00310046 0.00239076 0.00168037 -0.00787071 0.0133643
internal_weight=126933 84835.5 43408.8 42097.9 37961.6 23879.2 29932.2 8029.41 4136.29 41426.6 35326.6 19529.6 1282.62 6100.03 2853.68
internal_count=440991 255265 128718 185726 168101 74176 125677 42424 17625 126547 108616 54542 4088 17931 13537
is_linear=0
shrinkage=0.0142514


Tree=111
num_leaves=15
num_cat=0
split_feature=69 81 71 166 1 123 166 165 33 169 166 101 199 164
split_gain=3851.3 1423.04 810.037 680.457 663.228 565.745 552.585 534.317 492.742 440.242 312.188 218.411 161.527 41.4041
threshold=2.0128874778747563 1.0000000180025095e-35 -2.6486479043960567 -0.23414029926061627 0.77979108691215526 22.53312969207764 -0.17089480906724927 -0.11370706558227538 0.5821935534477235 0.095542304217815413 -0.18416839092969892 -0.16975749284029004 100.50000000000001 0.010546936653554441
decision_type=2 2 2 8 10 10 10 10 8 8 8 10 2 10
left_child=1 2 10 7 5 -3 -4 -2 11 -10 -1 -5 -6 -9
right_child=3 4 6 8 12 -7 -8 13 9 -11 -12 -13 -14 -15
leaf_value=-0.0013245764567410886 0.00031871185218788293 0.00086657652195629392 0.0014991264959644775 -0.0021282157375214798 0.0027210613030116621 -0.0061173307918626638 -0.0027402623608293324 0.008666137188692925 0.0051358761714149761 0.0016015901543436893 -0.0062933765881325199 0.0077544725518515541 0.01354587107864777 0.014354841193984108
leaf_weight=3072.64988514781 837.10193295031786 27945.397125698626 7904.8759651333094 4317.7184169590473 393.22527989000082 2572.6337656751275 29732.749353140593 299.00887520611286 19108.852956242859 11445.999975897372 15644.558043807745 507.52965918183327 972.39223145693541 2001.5791120156646
leaf_count=9344 2383 90223 21753 15079 997 7852 88339 1217 85162 52779 50046 2860 3603 9244
internal_value=-5.22216e-05 -0.00169349 -0.0030548 0.00370767 0.000712643 0.000277831 -0.00184988 0.0100683 0.00314356 0.00381192 -0.0054777 -0.00108865 0.0104292 0.0136157
internal_weight=126756 88238.5 56354.8 38517.8 31883.6 30518 37637.6 3137.69 35380.1 30554.9 18717.2 4825.25 1365.62 2300.59
internal_count=440881 272157 169482 168724 102675 98075 110092 12844 155880 137941 59390 17939 4600 10461
is_linear=0
shrinkage=0.0142514


Tree=112
num_leaves=16
num_cat=0
split_feature=69 81 10 163 159 99 10 32 164 123 163 33 169 159 151
split_gain=3734.84 1375.02 759.643 658.363 527.069 522.278 519.826 381.475 378.801 377.244 301.342 239.094 156.297 153.169 95.4573
threshold=1.9652203917503359 1.0000000180025095e-35 -0.41758160293102259 0.020727863535285 0.072864122688770308 -0.32602983713150019 0.41304418444633489 -0.67392048239707936 0.094216141849756255 22.256393432617191 0.015889315865933899 0.72700005769729625 0.091785203665494933 -0.31434737145900721 -0.033448562026023858
decision_type=2 2 8 10 10 10 10 10 10 10 8 8 8 10 10
left_child=1 2 7 9 -4 -5 8 -1 10 -3 -2 13 -13 -8 -10
right_child=6 3 4 5 -6 -7 11 -9 14 -11 -12 12 -14 -15 -16
leaf_value=-0.0065504073942550048 0.0040307344731532148 0.003400427777560059 -0.00070932223224834704 0.0046779413032651835 -0.0044195485169690367 -0.0022872023562092751 0.006315684485754011 -0.0019351358060575661 0.013020857193640378 -0.0084474103170959873 0.00043001630697902138 0.0076735743205575699 0.0046117790441805159 0.00040805199378160685 0.0043473864611085792
leaf_weight=13693.707876384258 7345.9412083551288 14177.524752184749 26375.406117916107 2592.4986296370625 11027.944245785475 13962.148314617574 1339.3716122582555 4953.0989450663328 766.56745313853025 567.63654348254204 13208.671669311821 7778.5329801365733 5997.4995888024569 2664.7320164293051 388.34590182453394
leaf_count=44665 32085 48434 76658 7892 33138 42344 4523 14222 2967 1724 49402 39350 31263 11462 1267
internal_value=5.76848e-06 -0.00163852 -0.00297469 0.000754244 -0.00180324 -0.00119643 0.00364288 -0.00532448 0.00216312 0.0029443 0.00171687 0.00544965 0.00634062 0.00238422 0.0101047
internal_weight=126840 87350 56050.2 31299.8 37403.4 16554.6 39489.7 18646.8 21709.5 14745.2 20554.6 17780.1 13776 4004.1 1154.91
internal_count=441396 269077 168683 100394 109796 50236 172319 58887 85721 50158 81487 86598 70613 15985 4234
is_linear=0
shrinkage=0.0142514


Tree=113
num_leaves=16
num_cat=0
split_feature=81 11 166 147 166 59 112 168 166 116 3 48 68 168 56
split_gain=3699.52 1857.18 704.521 1986.06 779.904 676.604 666.006 617.623 578.489 507.384 438.052 618.155 426.634 318.084 269.398
threshold=-1.0000000180025095e-35 -0.36652383208274836 -0.18416839092969892 0.13805558532476428 0.074811182916164412 -6.3322818279266349 0.47941033542156225 0.81720325350761425 -0.17089480906724927 -8.0422315597534162 0.28571432828903204 0.027343750000000003 13.339511871337892 0.34305822849273687 -0.58869716525077809
decision_type=2 10 10 10 10 10 10 10 8 10 10 10 8 10 10
left_child=2 10 3 13 9 -5 -6 8 -3 -4 11 -2 -9 -1 -12
right_child=1 7 4 5 6 -7 -8 12 -10 -11 14 -13 -14 -15 -16
leaf_value=0.0062450316870395293 -0.0030131061743490064 0.008189295210258362 -0.0056399172914506877 0.0015807732205171522 -0.0027908521317866241 -0.0095686838398536863 0.011245634032044465 0.010682415552024434 0.0024344046018571577 -0.014240856181190158 0.0057075652461031712 0.00073256589360858331 0.0036141296934258408 0.016450164109493064 -0.00026433258274176249
leaf_weight=1311.6207894086838 15545.153624802828 4080.3721609711647 14416.854825973511 1936.0375066399574 21596.078919172287 2576.6958791315556 709.04719683527946 4278.3495661467314 27170.232268080115 1542.0166796296835 3668.1954039186239 21087.777920737863 2916.9291850551963 1177.1227758154273 2637.2006031423807
leaf_count=3788 47029 14777 43904 5347 69696 7431 2585 24667 112652 5060 11887 64337 16125 3758 8115
internal_value=-3.91102e-05 0.00177742 -0.0033051 0.00085134 -0.00406564 -0.00478542 -0.00234462 0.00405258 0.00318583 -0.00647103 -0.000259708 -0.000856909 0.00781702 0.0110721 0.00320987
internal_weight=126650 81384.2 45265.5 7001.48 38264 4512.73 22305.1 38445.9 31250.6 15958.9 42938.3 36632.9 7195.28 2488.74 6305.4
internal_count=441158 299589 141569 20324 121245 12778 72281 168221 127429 48964 131368 111366 40792 7546 20002
is_linear=0
shrinkage=0.0142514


Tree=114
num_leaves=15
num_cat=0
split_feature=51 81 81 165 99 50 163 163 48 202 111 112 199 194
split_gain=3513.98 1450.88 830.325 689.399 540.918 769.457 538.226 475.345 453.673 349.055 237.736 192.213 177.991 136.191
threshold=0.23765271157026294 1.0000000180025095e-35 -1.0000000180025095e-35 0.15729004889726642 -0.35288470983505243 -0.071064658463001237 1.0000000180025095e-35 0.018284503370523456 0.061197916045784957 0.20027523487806323 -0.15743095427751538 0.46740816533565527 342.50000000000006 125.50000000000001
decision_type=10 2 2 10 10 10 10 8 10 10 10 10 2 2
left_child=1 4 10 6 5 -1 -3 11 -6 -9 -2 -4 -12 -5
right_child=2 3 7 13 8 -7 -8 9 -10 -11 12 -13 -14 -15
leaf_value=-0.0034090391730381489 -0.0097524442347563817 0.0022533334085344196 0.0059965471370302479 0.0042053316756713987 -0.009121390462769309 0.0026864913267165501 -0.0016407107852824242 0.0019436977849914337 -0.003910681672821761 0.0058791870473769436 -0.0020079460101919445 0.015579518513481373 0.0019829991558476139 0.013098231514703915
leaf_weight=13935.393041498959 548.38090842962265 13007.714242771268 11899.874601192772 543.79742983728647 3930.5999327600002 6024.3704837113619 16171.587819240987 18588.050554171205 24842.321308925748 6072.7636852487922 4724.2737133651972 440.82630757987499 4368.2515077665448 980.59688999503851
leaf_count=40423 1932 44479 57872 1828 10321 17890 49756 79251 78572 20351 15313 2662 15256 3990
internal_value=-2.00517e-05 -0.00184318 0.00308491 0.00058331 -0.00337198 -0.00156925 9.51993e-05 0.00405551 -0.00462252 0.00291283 -0.000640234 0.00633894 -9.06067e-05 0.00992615
internal_weight=126079 79436.4 46642.4 30703.7 48732.7 19959.8 29179.3 37001.5 28772.9 24660.8 9640.91 12340.7 9092.53 1524.39
internal_count=439896 247259 192637 100053 147206 58313 94235 160136 88893 99602 32501 60534 30569 5818
is_linear=0
shrinkage=0.0142514


Tree=115
num_leaves=16
num_cat=0
split_feature=71 11 166 166 168 166 168 166 151 166 151 166 48 124 39
split_gain=3678.48 1361.26 756.562 825.882 687.003 672.746 1234.27 781.525 578.729 476.872 920.258 521.139 448.639 373.504 227.204
threshold=-1.2942773103713987 -0.39948657155036921 -0.18416839092969892 0.077623657882213606 0.82023268938064586 -0.17089480906724927 0.34305822849273687 0.062037762254476554 -0.065273538231849657 -0.16043478995561597 0.13444542884826663 0.074811182916164412 0.60026040673255932 -2.126943707466125 -0.35905192792415613
decision_type=2 10 8 8 10 8 10 8 10 10 10 10 10 10 10
left_child=4 9 8 -4 5 6 -1 -7 -3 10 -2 -11 13 -6 -14
right_child=1 2 3 -5 12 7 -8 -9 -10 11 -12 -13 14 -15 -16
leaf_value=-0.0018800731914911167 0.0048270809466992408 0.012227960474851042 -2.2395508947941132e-05 0.0042745899155008042 -0.013234882114779089 -0.0072785421752804037 0.016679773704267181 -0.0029505539293924552 0.0014848325021079949 -0.003974755215015292 -0.0073256131795630171 0.00028200183775031984 0.0026623382312544836 0.00064903841692750663 0.012283170426987877
leaf_weight=6307.5056752413511 6766.8713601380587 3220.5770188421011 13861.190646789968 26362.848890975118 477.96168883144855 13311.730781927705 822.60250564664602 23317.63685259223 1489.4377872720361 9637.5230946838856 1556.637714728713 14829.582760363817 1083.7296308428049 2226.7527250349522 923.29806540906429
leaf_count=18377 20029 13906 52977 120113 1468 40627 2370 71402 5391 27319 4363 47527 3370 7296 3499
internal_value=-0.000105963 0.0018155 0.00342665 0.00279385 -0.00318707 -0.00374381 0.000261301 -0.00452343 0.00883074 -0.000392315 0.00255429 -0.00139473 0.00198351 -0.00180468 0.00708846
internal_weight=126196 77724.7 44934.1 40224 48471.2 43759.5 7130.11 36629.4 4710.01 32790.6 8323.51 24467.1 4711.74 2704.71 2007.03
internal_count=440034 291625 192387 173090 148409 132776 20747 112029 19297 99238 24392 74846 15633 8764 6869
is_linear=0
shrinkage=0.0142514


Tree=116
num_leaves=16
num_cat=0
split_feature=71 11 166 147 166 165 1 10 34 19 156 49 111 174 172
split_gain=3284.01 1185.34 1135.15 1331.01 1235.95 538.288 478.868 421.37 356.37 444.403 368.144 191.114 99.9321 73.1516 50.9468
threshold=1.888611972332001 -0.9320421814918517 -0.18416839092969892 0.17298286408185962 0.074811182916164412 0.15729004889726642 -0.21914488822221753 0.41666580736637121 0.24479166418313983 0.30715523660182958 -0.085352849215269075 0.65234375000000011 -0.28542248904705042 1.0309060215950014 45.316265106201179
decision_type=2 8 8 8 8 8 8 8 10 10 10 8 10 10 10
left_child=1 8 3 -3 -4 6 12 -8 10 -10 -1 13 -2 -7 -13
right_child=5 2 4 -5 -6 11 7 -9 9 -11 -12 14 -14 -15 -16
leaf_value=-0.0016176642242756872 -0.0026828266643731591 0.010916522614029353 -0.0041047793480122529 -0.0018674107112513602 0.00044343718849334688 0.014436741539742323 0.0019285111273376204 0.0050070141985364934 -0.0042437882394702536 0.0010446450854570627 -0.0081739998843104022 0.008048270580875384 -0.013221752346838958 0.0065801547035308884 0.00048523855655387312
leaf_weight=2384.3973966240883 339.67962807416916 3649.8988181054592 18408.811594679952 3025.0433096140623 35605.34269297123 1270.0517066046596 20844.524783551693 15932.790369138122 12321.335942164063 4372.5844423919916 6431.1403652131557 346.28233382105827 395.54838512092829 297.16206508874893 378.72766501456499
leaf_count=6661 1543 11560 55097 8419 115074 6991 82195 78168 40996 10913 16377 1628 1673 1533 1606
internal_value=5.84821e-05 -0.00150498 -0.00042149 0.00512296 -0.00110666 0.00344421 0.00303453 0.0032622 -0.00408269 -0.00285861 -0.00640069 0.0101485 -0.00835331 0.0129473 0.00409788
internal_weight=126003 86198.6 60689.1 6674.94 54014.2 39804.8 37512.5 36777.3 25509.5 16693.9 8815.54 2292.22 735.228 1567.21 725.01
internal_count=440434 265097 190150 19979 170171 175337 163579 160363 74947 51909 23038 11758 3216 8524 3234
is_linear=0
shrinkage=0.0142514


Tree=117
num_leaves=16
num_cat=0
split_feature=18 71 166 168 26 168 35 168 58 3 25 165 166 156 41
split_gain=3340.48 1063.47 899.938 829.299 789.022 710.135 625.349 748.108 587.261 465.957 449.598 392.976 364.882 334.917 88.7057
threshold=-0.36625647544860834 -2.5084042549133296 -0.23414029926061627 0.82023268938064586 0.74190121889114391 0.073697000741958632 0.21354166418313983 0.79932311177253734 -0.0041773358825594178 0.23113976418972018 -0.92450350522994984 -0.029691113159060475 -0.60884830355644215 0.071571998298168196 0.65364584326744091
decision_type=10 2 8 10 10 10 10 8 10 10 10 10 10 10 10
left_child=1 10 5 4 -4 12 9 -8 -5 -3 11 -1 -2 -12 -7
right_child=2 6 3 8 -6 14 7 -9 -10 -11 13 -13 -14 -15 -16
leaf_value=-0.0032666664505671722 0.0089692695257433657 -0.00057733423065492353 -0.0016706777756352635 -0.0030862011561847125 0.0029775132242338262 0.0082918799175872478 -0.0027877708608559076 0.0025694453994617259 0.007944719864581706 0.0038225104916292905 -1.6333184676352719e-05 -0.0079818746154219754 -0.0075364714731609448 -0.0051534729477072938 0.014343378398818175
leaf_weight=6672.2629033327103 484.40529750287533 10858.220046147704 11034.965953119099 1132.8938066214323 22623.548599600792 622.13220656663179 28020.836496882141 6527.4935637041926 7272.3594751879573 8892.0167601555586 6768.2025175839663 7771.1608780324459 620.26341879367828 4162.9324105083942 2356.9195552840829
leaf_count=21615 1409 29441 40374 4628 97955 3996 83403 23009 40793 23624 20875 25259 1959 12024 9605
internal_value=2.25028e-05 -0.00174478 0.00307369 0.00245358 0.0014536 0.00946094 -0.000619214 -0.00177559 0.00645792 0.00140358 -0.00415335 -0.00580367 -0.000298492 -0.00197274 0.0130798
internal_weight=125821 79673.1 46147.5 42063.8 33658.5 4083.72 54298.6 34548.3 8405.25 19750.2 25374.6 14443.4 1104.67 10931.1 2979.05
internal_count=439969 239250 200719 183750 138329 16969 159477 106412 45421 53065 79773 46874 3368 32899 13601
is_linear=0
shrinkage=0.0142514


Tree=118
num_leaves=15
num_cat=0
split_feature=25 10 168 165 159 68 71 18 48 19 200 40 68 147
split_gain=3181.43 1284.79 743.477 731.568 606.576 553.591 552.42 489.758 343.429 284.904 269.748 228.24 92.4061 67.191
threshold=-0.3166161030530929 0.12264079228043558 0.82023268938064586 0.15729004889726642 -0.31434737145900721 12.254343032836916 -2.6696169376373287 -0.068171653896570192 0.027343750000000003 1.3175174593925478 -0.0061022399459034196 0.52104973793029796 23.99801063537598 -0.019088432192802426
decision_type=10 8 10 10 10 8 2 10 10 10 2 10 8 10
left_child=1 2 6 7 10 -4 -1 8 -2 -6 -3 -9 13 -5
right_child=3 4 5 12 9 -7 -8 11 -10 -11 -12 -13 -14 -15
leaf_value=-0.0050645521034658149 -0.00094073131603944395 -0.0048950150974776761 0.006393942022419251 0.012207086388403775 -0.0017343600062579869 -0.002514316280149058 -0.0021192321159074195 -0.00094899542474999809 0.0027355532509521917 0.0058090925499225373 0.0041166650625973746 0.0057475821859908653 0.0027596635744838761 0.0044549363796557327
leaf_weight=19651.87682081759 7416.9774333015084 718.7368413284421 3060.9271646365523 2152.6716904044151 10678.555066689849 2637.7528116852045 37833.385670974851 1140.761315472424 16967.948005773127 1123.8663314506412 10981.321653731167 11014.904851362109 281.55503448843956 253.96086138486862
leaf_count=61986 31155 1794 10451 11321 34027 8513 108982 4586 66292 3225 33411 62261 1409 1044
internal_value=-5.73121e-05 -0.00158122 -0.00263938 0.00331016 0.00126355 0.00227059 -0.00312612 0.00278228 0.00161737 -0.00101602 0.00356305 0.00511913 0.0104854 0.0113892
internal_weight=125915 86686.4 63183.9 39228.8 23502.5 5698.68 57485.3 36540.6 24384.9 11802.4 11700.1 12155.7 2688.19 2406.63
internal_count=440457 262389 189932 178068 72457 18964 170968 164294 97447 37252 35205 66847 13774 12365
is_linear=0
shrinkage=0.0142514


Tree=119
num_leaves=15
num_cat=0
split_feature=81 10 163 4 105 174 160 199 163 159 167 167 188 168
split_gain=3279.71 1712.25 1040.4 602.425 598.221 498.825 475.087 374.337 249.015 245.368 226.42 381.184 196.813 175.359
threshold=-1.0000000180025095e-35 0.37500002980232244 0.010173383168876173 -0.68150532245635975 -0.73624783754348744 0.91517117619514476 0.71469339728355419 330.50000000000006 0.21580974012613299 -0.31434737145900721 -0.47467489540576929 -0.29139983654022211 140.50000000000003 0.84575432538986217
decision_type=2 10 8 10 8 10 10 2 10 10 2 2 2 10
left_child=3 2 5 10 -4 -2 7 -5 13 -10 -1 -12 -8 -3
right_child=1 8 4 6 -6 -7 12 -9 9 -11 11 -13 -14 -15
leaf_value=0.004936751438203481 0.0056428151737672443 0.0052933831543858232 0.0013616981953548666 -0.0038977514669424279 -0.0022330627330373535 0.0010038881679360894 0.0025350791420759152 -0.00044531826219160149 0.0066723959605968879 0.00024815562628092671 -0.013149235720196837 -0.0048532444482005848 0.013343968375931466 0.0092630241490555005
leaf_weight=437.34720106422901 8877.8550120890141 14081.549700036645 15113.575878858566 13823.296636387706 24881.605674825609 10023.27854051441 1458.9139166921377 11843.974433161318 1821.1716507822275 3583.3373649865389 1211.8985030055046 15665.778127267957 446.92512289434671 2692.4389157816768
leaf_count=1087 34085 62593 44114 42411 82264 35656 4513 39063 7463 16071 3973 48691 1272 17691
internal_value=-1.27057e-05 0.0016984 0.000427473 -0.00310323 -0.000874657 0.0031828 -0.00179491 -0.00230466 0.00507342 0.002413 -0.00518664 -0.00544898 0.00507013 0.00593059
internal_weight=125963 81074.8 58896.3 44888.1 39995.2 18901.1 27573.1 25667.3 22178.5 5404.51 17315 16877.7 1905.84 16774
internal_count=440947 299937 196119 141010 126378 69741 87259 81474 103818 23534 53751 52664 5785 80284
is_linear=0
shrinkage=0.0142514


Tree=120
num_leaves=14
num_cat=0
split_feature=71 11 166 194 166 1 168 49 167 130 34 1 170
split_gain=3115.46 1187.12 959.239 1136.38 850.248 425.515 402.376 491.356 440.736 396.901 357.263 262.932 109.64
threshold=2.0258235931396489 -0.76193320751190174 -0.23414029926061627 85.500000000000014 0.074811182916164412 -0.21914488822221753 0.82820320129394542 0.72526040673255932 0.081206899136304869 0.70751124620437633 0.23437500000000003 -0.04685817472636699 0.0047875291202217349
decision_type=2 8 8 2 8 8 10 8 2 10 10 10 10
left_child=1 9 3 -3 -4 12 8 -8 -7 11 -11 -1 -2
right_child=5 2 4 -5 -6 6 7 -9 -10 10 -12 -13 -14
leaf_value=-0.0097941443082270319 -0.014094569871988191 -0.0016651007118213255 -0.0032349590893026741 0.012497445267247482 0.00064538264159943212 0.0037959733632574972 0.010929936658322781 0.0022238131365360098 -0.0009457009659470649 -0.0050778531787442349 -0.0018660619301349383 -0.00023998947409950103 -0.0026744616425626562
leaf_weight=2990.3671367168427 297.09464886039495 2113.2898267358541 17743.307360164821 2526.1326534822583 32432.736944675446 25684.828378498554 3140.6112722381949 2267.0692002028227 4711.6960545927286 10851.330357134342 19996.42057685554 727.31826058030128 401.45324832946062
leaf_count=9090 1293 6285 53594 8219 106385 106484 20176 13074 21689 28925 61343 2280 1877
internal_value=-2.49834e-05 -0.00145775 -0.000153524 0.00604637 -0.00072679 0.0034833 0.00369823 0.00728012 0.00306098 -0.00352605 -0.00299588 -0.00792503 -0.00753224
internal_weight=125884 89380.9 54815.5 4639.42 50176 36502.8 35804.2 5407.68 30396.5 34565.4 30847.8 3717.69 698.548
internal_count=440714 276121 174483 14504 159979 164593 161423 33250 128173 101638 90268 11370 3170
is_linear=0
shrinkage=0.0142514


Tree=121
num_leaves=16
num_cat=0
split_feature=81 10 163 166 151 168 166 167 164 116 174 130 151 166 174
split_gain=3123.17 1618.43 1102.98 596.364 1740.79 779.145 696.613 798.167 593.679 542.98 451.404 444.26 242.245 379.057 223.937
threshold=-1.0000000180025095e-35 0.31094428896903997 0.010173383168876173 -0.18416839092969892 0.05265221185982228 0.34305822849273687 0.067843846976757063 0.044789895415306098 0.065100360661745085 -8.0422315597534162 0.90384384989738475 0.79877603054046642 0.10115001723170282 -0.12685918807983396 0.76972928643226635
decision_type=2 10 8 10 10 10 10 2 8 10 10 10 10 8 8
left_child=3 2 10 4 5 -1 9 -8 -4 -5 -2 -6 13 -3 -14
right_child=1 12 8 6 11 -7 7 -9 -10 -11 -12 -13 14 -15 -16
leaf_value=0.0023755848276649331 0.0057723997098086564 0.010100242635836322 -0.0017620316218152853 -0.005223403385831756 -0.015782856292436896 0.015735461084214395 0.00075269868694230761 -0.0045742323963541753 0.0042878206739076557 -0.014287538346056056 0.0011616052234011101 -0.0031168249692291559 -0.0040259725054467045 0.0045328282168173653 0.0033122929715723908
leaf_weight=3462.7419300302863 7696.5781540498137 2930.0882334113121 33037.250020124018 13476.317724660039 1128.7196305841208 1191.695484817028 10380.802701771259 12704.658760309219 3659.2719595059752 1490.7585117667913 9808.2605926170945 1121.0653721243143 977.11935892701149 16307.406535327435 6225.9767489954829
leaf_count=9776 29043 12562 102731 41411 3595 3829 32263 42572 11421 4902 34223 3066 4191 78573 26665
internal_value=-2.24709e-05 0.00165549 0.000245367 -0.00303233 0.000821126 0.00579633 -0.0037315 -0.00217888 -0.00115875 -0.00612627 0.00318891 -0.00947163 0.00454612 0.00538084 0.00231681
internal_weight=125599 80642 54201.4 44956.8 6904.22 4654.44 38052.5 23085.5 36696.5 14967.1 17504.8 2249.79 26440.6 19237.5 7203.1
internal_count=440823 299409 177418 141414 20266 13605 121148 74835 114152 46313 63266 6661 121991 91135 30856
is_linear=0
shrinkage=0.0142514


Tree=122
num_leaves=15
num_cat=0
split_feature=25 19 166 168 35 168 166 150 147 68 168 3 174 116
split_gain=2936.09 1210.75 829.296 877.424 771.009 767.858 830.482 755.299 498.273 448.865 438.049 421.785 263.044 119.559
threshold=-0.32876685261726374 0.58000481128692638 -0.23414029926061627 0.82205596566200267 0.30729167163372045 0.82023268938064586 -0.17089480906724927 0.12573761492967608 -0.23042928427457807 30.277069091796879 0.073697000741958632 -0.16769701242446897 0.76972928643226635 1.1096657514572146
decision_type=10 8 8 10 10 10 8 8 10 8 10 10 8 10
left_child=1 5 10 7 11 6 -1 -4 -7 -5 -2 -3 -6 -12
right_child=2 4 3 9 12 8 -8 -9 -10 -11 13 -13 -14 -15
leaf_value=0.00091372215841342317 -0.00023051218566039213 -0.00082820519098818516 0.0030237150837055171 0.0084425398113767165 -0.0090669484622490134 0.0076355015653354836 -0.0042104890163328886 -0.0018475445955600804 -0.0011368515987579739 0.00013010260751068216 0.013863378803244258 0.0037916436298612798 -0.0014849228980566042 0.0036939549505015015
leaf_weight=7636.8113132491708 658.86374460160732 5649.6231611967087 19448.768893010914 6376.5120933949947 1013.6837863028049 2116.0922141224146 40442.790880218148 9683.5493362918496 3473.9615133404732 1663.6273155510426 2273.1450389251113 13861.85569742322 11163.087903171778 261.90950954705477
leaf_count=21902 1955 14881 86702 35576 3071 7909 125125 37722 11062 8656 11090 38993 35386 1351
internal_value=-1.34229e-05 -0.00151111 0.00315356 0.00255478 0.000697809 -0.00281533 -0.00339658 0.00140451 0.00218393 0.00672258 0.0101222 0.00245395 -0.00211615 0.0128128
internal_weight=125724 85357.9 40366.4 37172.5 31688.3 53669.7 48079.6 29132.3 5590.05 8040.14 3193.92 19511.5 12176.8 2535.05
internal_count=441381 258329 183052 168656 92331 165998 147027 124424 18971 44232 14396 53874 38457 12441
is_linear=0
shrinkage=0.0142514


Tree=123
num_leaves=16
num_cat=0
split_feature=81 11 163 4 160 19 169 186 199 147 123 168 167 188 99
split_gain=2971.88 1602.96 615.697 596.395 491.149 456.219 451.239 421.217 342.263 269.31 268.291 250.455 234.283 204.815 116.378
threshold=-1.0000000180025095e-35 -0.37084998190402979 0.020727863535285 -0.72710680961608876 0.72887390851974498 1.0400794148445132 0.11136261373758317 1.4865415692329409 334.50000000000006 0.22172030806541446 22.256393432617191 0.82023268938064586 -0.47467489540576929 138.50000000000003 -0.11655445769429205
decision_type=2 10 8 10 10 10 10 2 2 10 10 10 2 2 10
left_child=3 6 10 11 8 -4 7 -2 -5 -8 -3 12 -1 -6 -13
right_child=1 2 5 4 13 -7 9 -9 -10 -11 -12 14 -14 -15 -16
leaf_value=0.0049520745574451793 -0.00049259686901704494 0.0063722362684168156 0.00042655739797671109 -0.003687605789345585 0.002631482074082286 0.0044363347182201172 -0.0017716966423548645 0.0030852627090009722 -0.00045852378339796582 -0.0077655902526852106 -0.0047360062741460133 0.0076567947862094983 -0.005836661576242309 0.013496033912342026 -0.0025586092041357633
leaf_weight=420.23505419492722 25779.27273093164 14371.875830233097 12263.602497585118 14494.280407682061 1481.7664896249771 10872.131166569889 5802.1699468195438 9021.879724547267 12345.11341534555 2064.0651675760746 455.56283550709486 419.78284381330013 14976.577003806829 462.3467720001936 491.81858560442924
leaf_count=1046 79305 70576 48767 44485 4617 47413 18352 27091 40533 5591 2130 1325 46748 1309 1590
internal_value=-5.02195e-06 0.00163356 0.00376384 -0.00293502 -0.00170132 0.00231087 -0.000261855 0.000434934 -0.00220235 -0.00334451 0.00603093 -0.00511244 -0.00554218 0.00521561 0.00214567
internal_weight=125722 80630.6 37963.2 45091.9 28783.5 23135.7 42667.4 34801.2 26839.4 7866.24 14827.4 16308.4 15396.8 1944.11 911.601
internal_count=440878 299225 168886 141653 90944 96180 130339 106396 85018 23943 72706 50709 47794 5926 2915
is_linear=0
shrinkage=0.0142514


Tree=124
num_leaves=16
num_cat=0
split_feature=70 11 166 166 194 165 166 59 166 49 168 165 166 168 130
split_gain=2938.47 1432.71 763.201 662.731 552.188 518.921 964.299 1075.18 690.8 536.865 535.835 483.209 582.791 205.783 175.031
threshold=-2.2470101118087764 -0.40375293791294092 -0.22678092867135999 0.077623657882213606 82.500000000000014 -0.029691113159060475 0.034070245921611793 -5.2873318195343009 -0.19088128209114072 0.74869790673255932 0.85824123024940502 0.16141229122877124 0.074811182916164412 0.4225743710994721 0.88734185695648204
decision_type=2 10 8 8 2 10 8 8 8 8 8 10 8 10 10
left_child=5 11 4 -4 -3 6 7 -1 13 -8 -10 12 -2 -7 -13
right_child=1 2 3 -5 -6 8 9 -9 10 -11 -12 14 -14 -15 -16
leaf_value=0.0013492431502552286 -0.003018152406963957 0.0021877761679350073 0.00029767593565016391 0.0040536319583656354 0.013255984367289928 0.0012949225369897276 -0.0018367941063159108 -0.0076526896455455318 -0.0055748084014577565 0.0070837420709339667 0.00057459059423615913 0.013219828290157679 0.00067509554240292088 0.015345281560497151 0.0025467241481707844
leaf_weight=4921.2124012410641 14327.09422840178 1434.2648404315114 14864.24563088268 26644.969396933913 2531.0817705094814 422.13356007635593 2237.4316223710775 5956.4740610867739 21402.316050469875 3535.2802027761936 3325.0552024096251 666.03009893745184 22007.973315611482 424.69952607154846 587.22112397104502
leaf_count=14264 39452 4792 57211 122882 12094 1278 6785 18597 66638 10568 10508 2330 70010 1313 1847
internal_value=2.14955e-05 0.00157762 0.00327929 0.00270864 0.00925271 -0.00303966 -0.00108165 -0.00358011 -0.00431445 0.00362627 -0.00474791 -0.000481074 -0.000781173 0.00834196 0.00821921
internal_weight=125287 83062.9 45474.6 41509.2 3965.35 42224.6 16650.4 10877.7 25574.2 5772.71 24727.4 37588.3 36335.1 846.833 1253.25
internal_count=440569 310618 196979 180093 16886 129951 50214 32861 79737 17353 77146 113639 109462 2591 4177
is_linear=0
shrinkage=0.0142514


Tree=125
num_leaves=16
num_cat=0
split_feature=69 81 186 163 10 182 123 123 105 164 165 163 33 169 160
split_gain=2958.39 1095.06 676.183 605.109 465.187 437.799 424.028 419.488 374.84 342.866 311.033 237.097 236.346 141.629 111.132
threshold=1.9882415533065798 1.0000000180025095e-35 1.0683503150939944 0.020727863535285 0.4388145804405213 -0.93364301323890675 26.913537025451664 22.53312969207764 1.0000000180025095e-35 0.065100360661745085 -0.11370706558227538 0.015889315865933899 0.69948199391365062 0.10926650464534761 0.4680184274911881
decision_type=2 2 2 10 10 10 10 10 10 8 10 8 8 10 10
left_child=1 2 6 7 9 -5 -1 -3 -4 11 -11 -2 14 -14 -6
right_child=4 3 8 5 12 -7 -8 -9 -10 10 -12 -13 13 -15 -16
leaf_value=-0.0032921616827713434 0.0033703828142759643 0.0032531535878342652 0.0019403127485073321 0.0071171063186141869 0.00074278830702985106 -0.0018412952295732005 -0.010608013194058522 -0.009723211271988939 -0.0026934288696271887 -0.0060313080701847712 0.0075608288627470339 6.0010144160494697e-06 0.0071230430660470115 0.0039340303653012968 0.0091669227146320802
leaf_weight=39818.127899855375 6581.3823071420193 14075.343327112496 8398.6169904917479 1194.1572015956044 2819.8331668823957 15343.591969661415 1676.8158541917801 524.78784023225307 6136.1466379463673 384.21503261476755 3104.684701487422 12032.082679368556 8338.7172477692366 4280.8625816702843 358.43824130296707
leaf_count=122832 29959 48759 22052 3508 11386 46890 5382 1609 19205 1167 12952 46332 43157 23776 1522
internal_value=-2.51352e-05 -0.00147043 -0.00266122 0.00067228 0.00329894 -0.0011944 -0.00358781 0.00278669 -1.59187e-05 0.00196408 0.00606392 0.00119559 0.00516648 0.00604128 0.00169299
internal_weight=125068 87167.6 56029.7 31137.9 37900.2 16537.7 41494.9 14600.1 14534.8 22102.4 3488.9 18613.5 15797.9 12619.6 3178.27
internal_count=440488 270237 169471 100766 170251 50398 128214 50368 41257 90410 14119 76291 79841 66933 12908
is_linear=0
shrinkage=0.0142514


Tree=126
num_leaves=16
num_cat=0
split_feature=69 25 35 165 168 33 165 145 167 163 48 164 31 193 174
split_gain=2935.97 1120.71 705.468 822.364 593.895 468.104 436.246 445.98 408.108 402.206 398.713 268.413 258.902 185.458 162.871
threshold=-1.5593331456184385 -0.1971710920333862 0.30729167163372045 -0.075890779495239244 0.86137318611145031 0.23133455961942676 0.0077658498194068679 5.5154407024383554 -0.043529668822884553 0.020727863535285 0.59505209326744091 0.094216141849756255 0.1150682643055916 163.50000000000003 1.0010558962821963
decision_type=2 10 8 8 10 8 10 10 2 8 10 10 10 2 10
left_child=4 2 5 -4 6 -2 7 -1 -8 12 13 -11 -3 -6 -12
right_child=1 9 3 -5 10 -7 8 -9 -10 11 14 -13 -14 -15 -16
leaf_value=4.5022911114857426e-05 -0.0053369522842213147 0.00070852539873238901 -0.0073623167090015639 8.4241335642126717e-05 0.0022651381753867341 0.003521016532257355 0.006639810977555876 -0.0038873606168301584 -0.0051467056622368276 0.0020654233541808052 0.011319372312371219 0.010052542459452184 0.0070425618193655157 -0.0076075010677143749 0.0015358762839383926
leaf_weight=11756.657636448741 1308.0459155067801 1514.3022367954254 3320.7236587703228 32404.831700854003 914.32876482605934 16440.796976424754 615.62374284863472 11674.045496344566 19313.478930674493 13232.117459543049 1082.2263439819217 913.50543542951345 9746.9547554180026 669.28986053913832 507.76009261608124
leaf_count=36294 4094 6223 9747 108432 3091 45874 1716 35789 58225 64357 4001 4218 55394 2092 1630
internal_value=4.19701e-05 0.00171674 0.000545838 -0.000607934 -0.00279703 0.00286819 -0.0032326 -0.00191424 -0.00478259 0.00418116 0.00315404 0.00258126 0.00619083 -0.00190749 0.0081952
internal_weight=125415 78881.3 53474.4 35725.6 46533.4 17748.8 43359.8 23430.7 19929.1 25406.9 3173.61 14145.6 11261.3 1583.62 1589.99
internal_count=441177 298339 168147 118179 142838 49968 132024 72083 59941 130192 10814 68575 61617 5183 5631
is_linear=0
shrinkage=0.0142514


Tree=127
num_leaves=16
num_cat=0
split_feature=71 25 169 168 19 165 25 167 68 165 164 60 168 95 119
split_gain=2697.82 1076.79 590.386 571.305 554.768 466.644 439.007 437.622 403.655 352.249 338.915 332.995 310.743 178.48 160.345
threshold=-1.2942773103713987 -0.14124320447444913 0.11809552833437921 0.84575432538986217 1.0480186343193056 -0.028718601912260052 -0.81687504053115834 -0.018390471115708348 9.4811820983886737 -0.075890779495239244 0.057198150083422668 -0.00973342591896653 0.89743435382843029 1.0946996212005617 0.13820423185825351
decision_type=2 10 10 10 10 10 8 2 10 10 10 10 10 10 8
left_child=3 2 4 5 -2 7 -7 -1 11 -4 12 -5 -3 -12 -10
right_child=1 10 9 8 -6 6 -8 -9 14 -11 13 -13 -14 -15 -16
leaf_value=-0.0026996868247063256 0.00061819008282504773 0.0028286949701103333 -0.0066664204880033306 -0.0016827962170720525 0.004553287206762454 -0.0061369674339178835 -0.0025237948757542792 0.0022884237034850345 -0.010688363769673795 -0.00075578563186673886 0.008945959238337086 0.01015086394352018 0.0094668264148112784 -0.000964261620285005 -0.00019374299948143441
leaf_weight=12199.033052906394 38765.561213888228 13131.446529425681 2869.3552280217409 698.16167625039816 8957.7771922945976 12948.575997203588 14453.72542629391 5051.4617677479982 405.12187461555004 7152.4779825359583 4042.1103649958968 1566.726840570569 1607.5864318534732 406.17491200566292 1094.2718974351883
leaf_count=36808 126648 69473 8293 2211 27838 40225 43815 15396 1235 24358 22548 5594 11244 2215 3704
internal_value=9.73584e-06 0.00166836 0.000696466 -0.00262574 0.00135682 -0.00307522 -0.00423116 -0.00123902 0.00270606 -0.00244809 0.00459332 0.00650314 0.00355275 0.00804105 -0.0030296
internal_weight=125350 76932.5 57745.2 48417.1 47723.3 44652.8 27402.3 17250.5 3764.28 10021.8 19187.3 2264.89 14739 4448.29 1499.39
internal_count=441605 292617 187137 148988 154486 136244 84040 52204 12744 32651 105480 7805 80717 24763 4939
is_linear=0
shrinkage=0.0142514


Tree=128
num_leaves=16
num_cat=0
split_feature=70 166 167 166 166 168 112 74 163 160 165 47 3 125 121
split_gain=2666.86 1234.12 1675.05 1731.67 1485.85 1317.17 809.026 511.326 486.94 370.803 330.715 229.416 199.377 154.637 144.9
threshold=-2.2470101118087764 -0.23414029926061627 -0.128162145614624 -0.56154954433441151 0.074811182916164412 0.78230103850364696 0.47941033542156225 0.15012725442647937 0.39642862975597387 0.8580736815929414 -0.019326644018292424 0.11713733524084093 -0.26666650176048273 0.46337714791297918 1.0309994220733645
decision_type=2 8 2 10 8 10 10 8 10 10 10 8 10 10 10
left_child=7 2 3 -2 5 -3 -6 8 9 -1 12 -12 -9 -10 -4
right_child=1 4 14 -5 6 -7 -8 10 13 -11 11 -13 -14 -15 -16
leaf_value=-0.0036640215767322405 0.006828949600620365 -0.0024395461999711554 0.015361942614345359 -0.016833542162110464 0.0021537639108862982 0.011559702260589229 0.014559276957425054 -0.00080832038613823983 -0.011652764114722733 0.0080265631777574516 -0.0093573960969829742 -0.0017865165574069391 0.0041713167852694523 -0.0040071965572729884 0.0056708631177191278
leaf_weight=25682.259526669979 2084.0928789973259 26099.603333383799 3022.9040433093905 899.08364160358906 47868.904014460742 1440.3333247676492 1092.0051027387381 3312.9291574507952 2070.774676322937 563.07533937692642 950.55017851293087 5612.9179733097553 3220.439157128334 725.6540060788393 349.69809062033892
leaf_count=81241 5928 85458 13383 2743 188979 7111 5535 10229 6572 1822 3109 16480 8396 2190 1494
internal_value=-4.23263e-05 0.0014422 0.00747641 -0.000302753 0.000940868 -0.00170737 0.00243047 -0.00296133 -0.00401557 -0.00341319 -0.000623593 -0.00288304 0.00164627 -0.00966892 0.0143572
internal_weight=124995 82856.6 6355.78 2983.18 76500.8 27539.9 48960.9 42138.6 29041.8 26245.3 13096.8 6563.47 6533.37 2796.43 3372.6
internal_count=440670 310631 23548 8671 287083 92569 194514 130039 91825 83063 38214 19589 18625 8762 14877
is_linear=0
shrinkage=0.0142514


Tree=129
num_leaves=16
num_cat=0
split_feature=81 10 48 168 166 147 166 168 105 12 196 163 168 117 112
split_gain=2513.34 1415.71 950.173 666.828 596.2 1726.59 629.38 591.226 591.022 501.854 354.21 350.246 319.01 314.56 166.283
threshold=-1.0000000180025095e-35 0.23181492835283282 0.022135416977107528 0.85824123024940502 -0.18416839092969892 0.13805558532476428 -0.67659330368041981 0.830928534269333 0.67966565489768993 0.77280065417289745 0.79707574844360363 0.020727863535285 0.34305822849273687 0.019959598779678348 0.46740816533565527
decision_type=2 10 10 10 10 10 10 10 10 10 2 8 10 10 10
left_child=4 2 10 -4 5 12 -7 9 -9 -6 -2 14 -1 -13 -3
right_child=1 11 3 -5 7 6 -8 8 -10 -11 -12 13 -14 -15 -16
leaf_value=0.0058142098590194735 -0.0031704820815327498 0.0056743120141477888 0.0006940400180343205 0.0070724877012959611 -0.0047236230772977564 0.0062254860990825023 -0.0068937026450606965 -0.0050999731893469069 0.0066233859286589135 7.54952624076348e-05 0.0062556376271324628 0.0031036468959959344 0.016055723735991862 -0.0076993238595223189 0.015501817832535661
leaf_weight=1301.7517935857177 16360.548291474581 10006.788002438843 27755.377552248538 3782.518900051713 29061.022169470787 939.29176390171051 3547.8813901543617 1436.1565916091204 2228.7837283909321 5220.6257893443108 851.78050345182419 20233.736062042415 1175.686755284667 562.60642137378454 362.31283365935087
leaf_count=3853 51246 51918 86764 16607 92035 2362 10457 4806 8514 15885 2050 85341 3874 2518 2388
internal_value=-1.01462e-05 0.00150583 -1.0802e-05 0.00145906 -0.00270769 0.00112509 -0.00414744 -0.00341115 0.00202942 -0.00399278 -0.002704 0.00387819 0.0106747 0.00281137 0.00601779
internal_weight=124827 79915.7 48750.2 31537.9 44911.2 6964.61 4487.17 37946.6 3664.94 34281.6 17212.3 31165.4 2477.44 20796.3 10369.1
internal_count=440618 298832 156667 103371 141786 20546 12819 121240 13320 107920 53296 142165 7727 87859 54306
is_linear=0
shrinkage=0.0142514


end of trees

feature_importances:
mkt_mom_252=380
mkt_breadth_200=126
dd_48=108
mkt_mom_63=101
st_24_4.0=95
h24_atr_roc_14=83
don_pos_24=73
st_48_3.0=72
dd_96=69
dd_24=64
dc_1.0=56
don_pos_12=42
atrp_z_14=40
ru_24=37
dd_12=35
atr_roc_56=31
st_10_3.0=27
h24_bb_pctb_50=25
since_lo_384=23
mkt_ema_dist_200=23
h24_tstat_96=21
ru_96=18
rel_mom_63=17
tstat_384=16
ru_12=15
since_hi_384=15
ema_dist_20=15
cusum_age_n_0.5=15
ru_48=14
since_lo_96=13
vol_level=12
h4_dd_96=12
mkt_mom_21=12
h24_ema_dist_50=10
h4_ema_slope_200=9
h24_mom_24=9
h24_vol_ratio=9
var_ratio_5_250=9
don_pos_48=8
h4_mom_384=8
h4_atrp_z_14=8
cusum_d_0.5=8
don_pos_6=7
h24_bb_bwz_20=7
dd_6=6
dd_192=6
ema_dist_50=6
h4_st_24_4.0=6
atrp_z_56=6
cusum_age_n_1.0=6
h4_vol_ratio=5
h24_ema_slope_50=5
since_hi_192=4
ru_384=4
ema_dist_10=4
h24_ema_dist_200=4
h24_ru_96=4
cusum_p_0.25=4
since_hi_96=3
ema_slope_100=3
cusum_d_1.0=3
since_lo_48=2
er_384=2
ema_dist_200=2
ema_x_20_100=2
dc_age_1.0=2
dc_2.0=2
h24_don_pos_96=2
h24_st_24_4.0=2
nret_252=2
cusum_age_p_0.25=2
cusum_n_0.5=2
ru_6=1
don_pos_96=1
don_pos_192=1
ru_192=1
don_pos_384=1
ema_slope_50=1
ema_dist_100=1
ema_slope_200=1
ema_x_50_200=1
tstat_96=1
adx56=1
rsi_14=1
dc_0.5=1
dc_ov_0.5=1
dc_ov_1.0=1
dc_ov_2.0=1
h4_ema_dist_200=1
h4_don_pos_96=1
h4_ru_96=1
h4_adx14=1
h4_di14=1
h24_mom_96=1
h24_adx14=1
bb_bwz_100=1
bb_since_sq_100=1
h4_atr_roc_14=1
h24_atrp_z_14=1
rel_mom_252=1
chop_50=1
cusum_d_0.25=1
cusum_age_p_0.5=1
cusum_p_1.0=1
cusum_n_1.0=1
bocpd_p20=1
bocpd_erl=1

parameters:
[boosting: gbdt]
[objective: binary]
[metric: binary_logloss]
[tree_learner: serial]
[device_type: cpu]
[data_sample_strategy: bagging]
[data: ]
[valid: ]
[num_iterations: 130]
[learning_rate: 0.0142514]
[num_leaves: 23]
[num_threads: 4]
[seed: 0]
[deterministic: 0]
[force_col_wise: 0]
[force_row_wise: 0]
[histogram_pool_size: -1]
[max_depth: 4]
[min_data_in_leaf: 1281]
[min_sum_hessian_in_leaf: 0.001]
[bagging_fraction: 0.53567]
[pos_bagging_fraction: 1]
[neg_bagging_fraction: 1]
[bagging_freq: 1]
[bagging_seed: 7719]
[bagging_by_query: 0]
[feature_fraction: 0.797531]
[feature_fraction_bynode: 1]
[feature_fraction_seed: 2437]
[extra_trees: 0]
[extra_seed: 11797]
[early_stopping_round: 0]
[early_stopping_min_delta: 0]
[first_metric_only: 0]
[max_delta_step: 0]
[lambda_l1: 0]
[lambda_l2: 0.0584579]
[linear_lambda: 0]
[min_gain_to_split: 0]
[drop_rate: 0.1]
[max_drop: 50]
[skip_drop: 0.5]
[xgboost_dart_mode: 0]
[uniform_drop: 0]
[drop_seed: 21238]
[top_rate: 0.2]
[other_rate: 0.1]
[min_data_per_group: 100]
[max_cat_threshold: 32]
[cat_l2: 10]
[cat_smooth: 10]
[max_cat_to_onehot: 4]
[top_k: 20]
[monotone_constraints: ]
[monotone_constraints_method: basic]
[monotone_penalty: 0]
[feature_contri: ]
[forcedsplits_filename: ]
[refit_decay_rate: 0.9]
[cegb_tradeoff: 1]
[cegb_penalty_split: 0]
[cegb_penalty_feature_lazy: ]
[cegb_penalty_feature_coupled: ]
[path_smooth: 0]
[interaction_constraints: ]
[verbosity: -1]
[saved_feature_importance_type: 0]
[use_quantized_grad: 0]
[num_grad_quant_bins: 4]
[quant_train_renew_leaf: 0]
[stochastic_rounding: 1]
[linear_tree: 0]
[max_bin: 255]
[max_bin_by_feature: ]
[min_data_in_bin: 3]
[bin_construct_sample_cnt: 200000]
[data_random_seed: 38]
[is_enable_sparse: 1]
[enable_bundle: 1]
[use_missing: 1]
[zero_as_missing: 0]
[feature_pre_filter: 1]
[pre_partition: 0]
[two_round: 0]
[header: 0]
[label_column: ]
[weight_column: ]
[group_column: ]
[ignore_column: ]
[categorical_feature: ]
[forcedbins_filename: ]
[precise_float_parser: 0]
[parser_config_file: ]
[objective_seed: 8855]
[num_class: 1]
[is_unbalance: 0]
[scale_pos_weight: 1]
[sigmoid: 1]
[boost_from_average: 1]
[reg_sqrt: 0]
[alpha: 0.9]
[fair_c: 1]
[poisson_max_delta_step: 0.7]
[tweedie_variance_power: 1.5]
[lambdarank_truncation_level: 30]
[lambdarank_norm: 1]
[label_gain: ]
[lambdarank_position_bias_regularization: 0]
[eval_at: ]
[multi_error_top_k: 1]
[auc_mu_weights: ]
[num_machines: 1]
[local_listen_port: 12400]
[time_out: 120]
[machine_list_filename: ]
[machines: ]
[gpu_platform_id: -1]
[gpu_device_id: -1]
[gpu_device_id_list: ]
[gpu_use_dp: 0]
[num_gpu: 1]

end of parameters

pandas_categorical:[]
