tree
version=v4
num_class=1
num_tree_per_iteration=1
label_index=0
max_feature_idx=158
objective=binary sigmoid:1
feature_names=vol_ratio vol_level mom_6 don_pos_6 dd_6 ru_6 since_hi_6 since_lo_6 er_6 mom_12 don_pos_12 dd_12 ru_12 since_hi_12 since_lo_12 er_12 mom_24 don_pos_24 dd_24 ru_24 since_hi_24 since_lo_24 er_24 mom_48 don_pos_48 dd_48 ru_48 since_hi_48 since_lo_48 er_48 mom_96 don_pos_96 dd_96 ru_96 since_hi_96 since_lo_96 er_96 mom_192 don_pos_192 dd_192 ru_192 since_hi_192 since_lo_192 er_192 mom_384 don_pos_384 dd_384 ru_384 since_hi_384 since_lo_384 er_384 ema_dist_10 ema_slope_10 ema_dist_20 ema_slope_20 ema_dist_50 ema_slope_50 ema_dist_100 ema_slope_100 ema_dist_200 ema_slope_200 ema_dist_400 ema_slope_400 ema_x_10_40 ema_x_20_100 ema_x_50_200 tstat_24 tstat_96 tstat_384 st_10_3.0 st_24_4.0 st_48_3.0 adx14 di14 adx56 di56 rsi_14 rsi_56 dc_0.5 dc_ov_0.5 dc_age_0.5 dc_1.0 dc_ov_1.0 dc_age_1.0 dc_2.0 dc_ov_2.0 dc_age_2.0 dc_4.0 dc_ov_4.0 dc_age_4.0 vol_z flow_48 flow_192 h4_mom_24 h4_mom_96 h4_mom_384 h4_ema_dist_50 h4_ema_dist_200 h4_ema_slope_50 h4_ema_slope_200 h4_don_pos_96 h4_dd_96 h4_ru_96 h4_er_96 h4_tstat_96 h4_st_24_4.0 h4_adx14 h4_di14 h4_dc_1.0 h4_dc_2.0 h4_dc_ov_1.0 h4_vol_ratio h24_mom_24 h24_mom_96 h24_mom_384 h24_ema_dist_50 h24_ema_dist_200 h24_ema_slope_50 h24_ema_slope_200 h24_don_pos_96 h24_dd_96 h24_ru_96 h24_er_96 h24_tstat_96 h24_st_24_4.0 h24_adx14 h24_di14 h24_dc_1.0 h24_dc_2.0 h24_dc_ov_1.0 h24_vol_ratio btc_mom_24 btc_mom_96 btc_mom_384 btc_ema_dist_50 btc_ema_dist_200 btc_ema_slope_200 btc_tstat_96 btc_tstat_384 btc_st_24_4.0 btc_dc_1.0 btc_dc_2.0 btc_dc_ov_1.0 btc_er_96 btc_h4_dc_1.0 btc_h4_mom_96 btc_h24_dc_1.0 btc_h24_mom_96 rel_mom_96 rel_mom_384 br_mom_96 br_mom_384 br_dc_1.0 br_dc_2.0 br_ema_dist_200 br_tstat_96 br_h24_dc_1.0 br_h4_mom_96 br_n
feature_infos=[-1.2553665637969971:1.0058882236480713] [-0.40157291293144226:1.3988523483276367] [-7.2710871696472168:7.9382634162902832] [-0.5:0.5] [-7.2880325317382812:0] [0:7.1133885383605957] [0:0.83333331346511841] [0:0.83333331346511841] [-1:1] [-7.6183004379272461:6.5023832321166992] [-0.5:0.5] [-6.6674470901489258:0] [0:6.5293645858764648] [0:0.91666668653488159] [0:0.91666668653488159] [-1:1] [-5.9007911682128906:5.6647915840148926] [-0.5:0.5] [-6.417640209197998:0] [0:5.4907479286193848] [0:0.95833331346511841] [0:0.95833331346511841] [-0.93357473611831665:0.90983951091766357] [-5.4341278076171875:5.0016875267028809] [-0.5:0.5] [-5.4997057914733887:0] [0:4.8903746604919434] [0:0.97916668653488159] [0:0.97916668653488159] [-0.84452652931213379:0.80483013391494751] [-4.3387560844421387:4.1342482566833496] [-0.5:0.5] [-4.2960591316223145:0] [0:4.2575263977050781] [0:0.98958331346511841] [0:0.98958331346511841] [-0.69074559211730957:0.61405456066131592] [-3.6594812870025635:3.7369682788848877] [-0.5:0.5] [-3.6963872909545898:0] [0:3.8025546073913574] [0:0.99479168653488159] [0:0.99479168653488159] [-0.4922356903553009:0.456319659948349] [-3.7145490646362305:3.6780655384063721] [-0.5:0.5] [-3.6979122161865234:0] [0:3.6350808143615723] [0:0.99739581346511841] [0:0.99739581346511841] [-0.33833065629005432:0.33833065629005432] [-7.1027340888977051:9.001978874206543] [-3.1923973560333252:3.761411190032959] [-8.7298641204833984:10.156052589416504] [-2.8083999156951904:3.2531194686889648] [-9.9021978378295898:10.910921096801758] [-2.5065758228302002:2.856281042098999] [-15.595531463623047:12.192795753479004] [-2.1696920394897461:2.3951501846313477] [-43.135784149169922:17.598821640014648] [-1.4894733428955078:2.1244313716888428] [-122.25618743896484:27.04557991027832] [-1.4532238245010376:2.323699951171875] [-5.7401118278503418:5.7555747032165527] [-14.36347770690918:9.3372821807861328] [-42.323757171630859:13.966823577880859] [-31.666011810302734:34.730545043945312] [-68.750099182128906:66.981437683105469] [-118.15264892578125:118.17365264892578] [-6.5526342391967773:6.7835249900817871] [-11.936184883117676:11.726921081542969] [-17.301918029785156:15.466374397277832] [0.0053902976214885712:0.88181865215301514] [-0.9715607762336731:0.98719304800033569] [0.014460284262895584:0.58095836639404297] [-0.81181430816650391:0.92267525196075439] [-0.5:0.5] [-0.5:0.5] [-1:1] [-10:10] [0:5.9080829620361328] [-1:1] [-10:10] [0:6.3681869506835938] [-1:1] [-10:10] [0:7.2950563430786133] [-1:1] [-9.198185920715332:9.198185920715332] [0:8.336151123046875] [-12.60142993927002:7.4496984481811523] [-0.86705023050308228:0.87284559011459351] [-0.81818300485610962:0.7171592116355896] [-6.2823195457458496:5.9334492683410645] [-4.5441765785217285:4.6044211387634277] [-3.6556134223937988:3.6938509941101074] [-8.8838090896606445:9.9322900772094727] [-142.49221801757812:17.598821640014648] [-1.9978591203689575:2.9517080783843994] [-1.4733091592788696:2.6308739185333252] [-0.5:0.5] [-4.7951993942260742:0] [0:4.7619476318359375] [-0.62000536918640137:0.62000536918640137] [-56.972610473632812:56.901138305664062] [-10.842866897583008:9.9294042587280273] [0.061189081519842148:0.91050964593887329] [-0.96213442087173462:0.98672193288803101] [-1:1] [-1:1] [-10:10] [-0.9450492262840271:1.0058882236480713] [-6.4329323768615723:6.4329323768615723] [-3.7360169887542725:3.7004513740539551] [-3.4986577033996582:3.5055546760559082] [-16.765830993652344:9.6274070739746094] [-204.41888427734375:13.627140998840332] [-1.6807023286819458:2.9465796947479248] [-1.095982551574707:2.4305260181427002] [-0.5:0.5] [-3.7544903755187988:0] [0:3.7544903755187988] [-0.56281739473342896:0.56281739473342896] [-48.879199981689453:48.879199981689453] [-8.0403175354003906:10.282553672790527] [0.027223723009228706:0.88868629932403564] [-0.87129664421081543:0.97797906398773193] [-1:1] [-1:1] [-9.6878814697265625:8.4828624725341797] [-0.90021377801895142:1.0058882236480713] [-5.3206601142883301:5.0561437606811523] [-3.8841304779052734:3.8547213077545166] [-3.4062032699584961:3.4489097595214844] [-8.1268711090087891:10.910921096801758] [-37.112438201904297:17.146467208862305] [-1.4947097301483154:2.0717892646789551] [-68.750099182128906:66.981437683105469] [-104.90005493164062:104.55944061279297] [-7.8582844734191895:11.726921081542969] [-1:1] [-1:1] [-10:10] [-0.58760297298431396:0.61405456066131592] [-1:1] [-4.5441765785217285:4.4840817451477051] [-1:1] [-3.6736288070678711:3.6736288070678711] [-4.426846981048584:4.5035958290100098] [-4.4064745903015137:4.0652828216552734] [-3.8841304779052734:3.6038727760314941] [-3.4062032699584961:3.4489097595214844] [0:1] [0:1] [0:1] [-5:5] [0:1] [-4.5441765785217285:4.4840817451477051] [0:10]
tree_sizes=2179 2405 2413 2408 2411 2421 2410 2396 2416 2410 2403 2418 2402 2418 2409 2402 2408 2405 2416 2415 2408 2415 2424 2422 2409 2418 2418 2418 2410 2398 2414 2415 2418 2420 2412 2412 2431 2428 2410 2409 2420 2429 2424 2426 2419 2433 2418 2408 2424 2418 2421 2428 2427 2426 2420 2413 2431 2412 2431 2423 2399 2415 2416 2428 2421 2430 2435 2436 2429 2429 2413 2418 2418 2437 2427 2417 2398 2430 2427 2435 2418 2412 2423 2429 2431 2439 2425 2434 2426 2429 2423 2437 2446 2439 2433 2416 2444 2422 2435 2423 2426 2446 2434 2428 2440 2431 2417 2432 2428 2424 2438 2422 2444 2433 2434 2441 2427 2434 2429 2444 2427 2432 2419 2417 2433 2425 2427 2434 2428 2447 2442 2434 2439 2432 2434 2434 2445 2437 2442 2445 2436 2422 2437 2413 2430 2444 2416 2443 2448 2441 2432 2423 2442 2429 2439 2432 2435 2445 2427 2444 2432 2416 2442 2445 2427 2438 2434 2429 2434 2452 2435 2431 2430 2432 2439 2452 2450 2433 2438 2444 2433 2437 2442 2444 2433 2423 2433 2441 2430 2428 2432 2434 2428 2453 2442 2434 2430 2425 2427 2440 2432 2418 2437 2441 2446 2441 2427 2440 2429 2443 2434 2439 2447 2442 2436 2446 2453 2430 2441 2436 2437 2439 2438 2451 2433 2429 2426 2417 2441 2431 2430 2432 2431 2447 2435 2446 2450 2435 2427 2433 2431 2436 2445 2449 2442 2430 2432 2441 2433 2438 2428 2439 2423 2439 2435 2444 2451 2440 2438 2430 2444 2435 2422 2455 2443 2430 2435 2438 2452 2439 2436 2438 2430 2432 2426 2465 2446 2440 2449 2428 2423 2422

Tree=0
num_leaves=20
num_cat=0
split_feature=31 31 31 26 70 39 31 31 18 70 82 39 26 82 70 39 26 82 82
split_gain=161181 31463.4 23523.1 9473.88 4829.94 4240.94 3851.26 3282.83 2458.66 2170.56 2090.73 1541.82 1270.27 1181.9 992.384 980.557 901.044 861.589 797.287
threshold=0.025906533934175972 -0.31859138607978815 0.30120298266410833 0.64893454313278209 1.9516889452934267 -0.46408276259899134 -0.41376464068889612 0.40779790282249456 -1.1071565747261045 -2.616987824440002 0.08266607299447061 -0.28400442004203791 0.39670695364475256 0.31920054554939276 -2.8883121013641353 -0.67832511663436879 0.94113090634346019 0.12805931270122531 -0.38771960139274592
decision_type=10 8 10 8 2 10 10 10 8 2 2 10 10 2 2 10 10 2 2
left_child=1 6 4 5 8 9 15 -4 -2 18 14 17 -8 -6 -5 -1 -12 -10 -3
right_child=2 3 7 10 13 -7 12 -9 11 -11 16 -13 -14 -15 -16 -17 -18 -19 -20
leaf_value=-0.018238949232151969 -0.0074096992242295382 -0.012705046898241779 0.012244863775358735 -0.011070354525488237 0.0061930388511269134 9.6214940436242495e-05 -0.012753672490380773 0.017835711546966428 -0.00086876549202690215 -0.0052453186672384222 0.0040872157842148649 0.0074634595378040413 -0.0057969087960860911 0.010799229627338291 0.0011985147230427573 -0.010597580004215278 0.011974685633606007 0.0037709496511732798 -0.0082663248075725733
leaf_weight=30175.5 3525.75 9746 27647.75 967.25 17464.25 12585.75 23157.5 30892.75 11532.75 27072 4126.5 7588.25 4339.25 13823.75 10568.5 2620.75 3887.75 10475.25 13552.5
leaf_count=120702 14103 38984 110591 3869 69857 50343 92630 123571 46131 108288 16506 30353 17357 55295 42274 10483 15551 41901 54210
internal_value=-1.25474e-05 -0.00848235 0.00982434 -0.00377717 0.00493377 -0.00599006 -0.0149171 0.0152012 0.00181205 -0.00751014 0.00334759 0.00291559 -0.0116617 0.00823467 0.000149573 -0.0176363 0.00793706 0.00134127 -0.0101339
internal_weight=265750 142799 122950 82506.2 64410 62956.2 60293 58540.5 33122 50370.5 19550 29596.2 27496.8 31288 11535.8 32796.2 8014.25 22008 23298.5
internal_count=1062999 571197 491802 330025 257640 251825 241172 234162 132488 201482 78200 118385 109987 125152 46143 131185 32057 88032 93194
is_linear=0
shrinkage=0.0117215


Tree=1
num_leaves=20
num_cat=0
split_feature=70 70 26 40 40 84 25 40 25 25 25 38 40 84 40 40 84 38 25
split_gain=157797 29745 14727.4 10539.3 8549.43 5288.5 3832.58 3444.51 3088.03 2283.21 1884.46 1422.69 1367.82 1354.7 1219.17 1172.27 844.571 690.124 587.718
threshold=-1.7577984333038328 2.6807446479797368 0.23958345502614978 0.5662098526954652 0.39943024516105657 1.0000000180025095e-35 -0.51834920048713673 0.2474508807063103 -0.16525191068649289 -0.74257260560989369 -1.023470342159271 0.18107669800519946 0.24289079010486606 -1.0000000180025095e-35 0.42247900366783148 0.073451694101095213 -1.0000000180025095e-35 0.055957717821002013 -0.34476678073406214
decision_type=2 2 8 8 10 2 10 10 10 10 10 10 8 2 10 10 2 10 10
left_child=2 4 5 14 12 15 -6 -4 -5 -9 -7 -11 -2 -8 -3 -1 -10 -12 -15
right_child=1 3 7 8 6 10 13 9 16 11 17 -13 -14 18 -16 -17 -18 -19 -20
leaf_value=-0.018972565070389805 -0.010382478080183876 -0.0010136704816121837 -0.010116499921437717 0.011750921816442069 0.00089796921865559784 -0.014322590243578974 0.0035972734378565338 -0.0071265550455961542 0.013615965979382789 -0.003076171796750697 -0.0084203425322752871 0.0040057209350708202 -0.002738941409443162 0.0070727939452413608 0.0062236500635599176 -0.014941010710287408 0.017981751920897592 -0.0025449449337342162 0.010820059937429861
leaf_weight=17542.580779016018 4178.9196371734142 4784.1993213891983 18166.458503887057 25426.405507072806 21437.577817857265 6050.9792047739029 9952.136248961091 16245.989189192653 8182.5850055813789 14809.837831005454 7508.9912105798721 5264.4537983685732 13841.669061020017 13083.498111277819 9586.7864696234465 24904.98237387836 29968.473175793886 4365.9411480277777 10633.21409226954
leaf_count=70176 16716 19137 72668 101709 85751 24205 39809 64985 32732 59240 30037 21058 55367 52335 38348 99625 119882 17464 42534
internal_value=-1.93252e-05 0.00785304 -0.0103733 0.0128897 0.00248196 -0.0143603 0.00477349 -0.00595135 0.0149384 -0.00386291 -0.00900284 -0.00121647 -0.00452256 0.00723877 0.00381655 -0.0166166 0.0170543 -0.0062694 0.00876181
internal_weight=265936 151075 114860 77948.4 73127 60373.5 55106.4 54486.7 63577.5 36320.3 17925.9 20074.3 18020.6 33668.8 14371 42447.6 38151.1 11874.9 23716.7
internal_count=1063778 604320 459458 311808 292512 241507 220429 217951 254323 145283 71706 80298 72083 134678 57485 169801 152614 47501 94869
is_linear=0
shrinkage=0.0117215


Tree=2
num_leaves=20
num_cat=0
split_feature=31 31 31 19 82 82 31 31 79 79 39 79 79 31 19 79 19 39 30
split_gain=155038 27718.6 24686 6879.73 4444.77 4106.43 3189.72 3049.2 2460.1 1541.36 1438.27 1343.96 1262.07 1062.52 1035.31 965.365 949.571 922.573 690.765
threshold=0.0085822599940001982 -0.32886159420013422 0.30120298266410833 0.94058176875114452 0.26356239616870886 -0.29253953695297236 0.40384863317012792 -0.42081217467784876 -0.67250269651412953 -0.55956983566284169 -0.28400442004203791 0.70751070976257335 -0.83086848258972157 -0.1691719591617584 1.2825437188148501 0.63367855548858654 0.54977247118949901 -0.62334674596786488 -0.64861682057380665
decision_type=8 10 10 10 2 2 10 10 2 2 10 2 2 10 10 2 10 10 8
left_child=1 7 4 5 8 12 -4 17 -2 -7 15 -6 -3 -11 -5 -10 -9 -1 -15
right_child=2 3 6 14 11 9 -8 16 10 13 -12 -13 -14 18 -16 -17 -18 -19 -20
leaf_value=-0.017873231588238211 -0.0051404892244909101 -0.013806503814274052 0.011872235460553514 0.0026141651913246899 0.0067988574641040444 -0.0070331819897600616 0.017387064429361703 -0.012722857376750465 0.00076798338224425998 -0.0043080704389488848 0.0076099778193915273 0.013290128805754057 -0.0075851526189579547 0.0056252705315010774 0.011044344193120116 0.006427325533774955 -0.0056065127156264627 -0.0085482746305387373 -0.00087217405211347735
leaf_weight=29142.388411492109 5680.8588752448559 5529.5916425734758 26786.820214375854 6291.8894516974688 23660.328214287758 10084.159454628825 31933.492215067148 23447.118770927191 21290.253144741058 13160.447059094906 7746.2957960963249 5407.3825000226498 24450.266691550612 2598.9012971073389 2926.7885925173759 5120.5224135518074 2953.3316490799189 1601.0680396407843 15734.622680827975
leaf_count=116605 22724 22121 107162 25168 94647 40339 127771 93803 85163 52644 30987 21632 97807 10396 11708 20483 11814 6405 62940
internal_value=-1.58054e-05 -0.00863073 0.0092939 -0.00420901 0.00453263 -0.00543687 0.014877 -0.0148769 0.00198774 -0.00304983 0.00317596 0.00801608 -0.00874246 -0.00177013 0.00531169 0.00186991 -0.0119324 -0.0173944 5.48477e-05
internal_weight=265547 137921 127626 80776.7 68905.6 71558 58720.3 57143.9 39837.9 41578.1 34157.1 29067.7 29979.9 31494 9218.68 26410.8 26400.5 30743.5 18333.5
internal_count=1062319 551750 510569 323123 275636 286247 234933 228627 159357 166319 136633 116279 119928 125980 36876 105646 105617 123010 73336
is_linear=0
shrinkage=0.0117215


Tree=3
num_leaves=20
num_cat=0
split_feature=31 31 31 26 70 31 32 31 70 40 26 40 26 32 40 71 32 40 32
split_gain=151673 28108.5 23368.9 8558.75 5266.52 3875.64 3831.42 2828.84 2451.64 1950.78 1624.69 1520.15 1366.08 1339.74 1025.13 944.891 881.991 751.675 1047.43
threshold=0.012993216980248691 -0.30781820416450495 0.30857223272323614 0.64893454313278209 1.9516889452934267 -0.41376464068889612 -0.56291285157203663 0.40779790282249456 -3.1141546964645381 0.48371517658233648 0.94113090634346019 0.28272178769111639 0.39254514873027807 -0.78250625729560841 0.66700366139411937 2.0627567768096928 -0.53311809897422779 0.37633651494979864 -0.38141690194606775
decision_type=10 8 10 8 2 10 8 10 2 8 10 10 10 10 8 2 10 8 10
left_child=1 5 4 8 6 -1 -2 -4 13 -6 -5 -10 -7 -3 -9 -11 -13 -8 -19
right_child=2 3 7 10 9 12 17 14 11 15 -12 16 -14 -15 -16 -17 -18 18 -20
leaf_value=-0.016982433180793392 -0.0057845588449774226 -0.013330142037404088 0.012012420259979898 0.0011612047660483219 0.0016172918739403299 -0.01232036874348507 -0.0027005474562171996 0.0098354448419852563 -0.0075208661082242206 0.0076199654439604511 0.0088906576041646399 -0.0041458501599400547 -0.0058361183041654302 -0.0067298868775318293 0.017922907745471089 0.012062603491158718 0.00029509475602841644 0.0020270872374849821 0.0067922684976048815
leaf_weight=32780.681766062975 7557.1980969160795 7265.1539544910192 25804.790840283036 13106.928963065147 5416.7267920970917 24842.980738058686 2358.2171832621098 2430.2086932212114 13089.526504099369 17716.954319164157 5207.7086864411831 18484.238508597016 5519.8799021840096 10306.302147626877 28600.114834576845 10689.987988576293 9193.7741093784571 13977.123219802976 11616.541914746165
leaf_count=131209 30230 29068 103252 52429 21668 99404 9433 9726 52364 70878 20834 73941 22082 41231 114478 42770 36776 55910 46470
internal_value=1.66161e-05 -0.00839184 0.00933323 -0.00361971 0.00476336 -0.0141815 0.00160867 0.0149037 -0.00581372 0.00807186 0.00336755 -0.00423206 -0.0111469 -0.00947288 0.0172974 0.00930031 -0.0026717 0.00361068 0.00419413
internal_weight=265965 139797 126168 76653.6 69332.7 63143.5 35509.1 56835.1 58339 33823.7 18314.6 40767.5 30362.9 17571.5 31030.3 28406.9 27678 27951.9 25593.7
internal_count=1064153 559338 504815 306643 277359 252695 142043 227456 233380 135316 73263 163081 121486 70299 124204 113648 110717 111813 102380
is_linear=0
shrinkage=0.0117215


Tree=4
num_leaves=20
num_cat=0
split_feature=55 81 81 55 55 82 82 82 40 39 82 40 40 18 39 39 26 39 26
split_gain=144247 22384.4 19611.8 10470.1 9775.49 4724.73 4285.83 2990.73 2664.27 2663.96 2428.79 1416.17 1132.78 1246.48 1110.71 1108.8 1101.86 1232.08 975.658
threshold=0.040201004594564445 1.0000000180025095e-35 -1.0000000180025095e-35 -1.5234954953193662 1.3956596255302431 -0.10347947850823401 0.1827821955084801 -0.065017387270927415 0.089211504906415953 -0.087939105927944169 0.069621145725250258 0.2694059163331986 0.57139754295349132 -0.42421892285346979 -0.27970549464225763 -0.42628519237041468 0.30003747344017034 -0.58187505602836598 0.3308002650737763
decision_type=8 2 2 10 10 2 2 2 8 10 2 10 8 8 10 10 10 10 10
left_child=1 3 6 8 10 11 -2 18 -1 12 -4 -3 -6 -14 -8 -9 17 -10 -5
right_child=2 5 4 7 9 -7 14 15 16 -11 -12 -13 13 -15 -16 -17 -18 -19 -20
leaf_value=-0.018066452648247383 -0.0043297459214837403 -0.0088833307636369801 0.0040761547297416536 -0.011822482676635654 0.0062544320875728048 0.0051467247312982937 0.0023415530499597006 -0.005350270569910478 -0.014677003559271247 0.01801786018804051 0.0096531660298876422 -0.0018388195960758228 0.0083977739778458658 0.014447537914938836 0.0087433551102301579 0.0010402567823110985 -0.008472850970445641 -0.0067197994624368009 -0.007372659283361672
leaf_weight=20307.500363841653 13543.32321870327 5404.7334000915289 19212.538840040565 14782.754380017519 3486.6324530094862 13853.976786956191 10751.230208232999 16722.379679873586 23283.798989504576 20278.55936306715 24436.078667804599 14185.473799422383 5840.6369549334049 26207.052275151014 5694.4252878576517 4790.7512860000134 7027.4205497056246 3085.610955029726 12835.016014412045
leaf_count=81330 54178 21628 76862 59157 13951 55422 43011 66902 93209 81212 97777 56749 23372 104908 22787 19164 28120 12347 51350
internal_value=-1.55093e-06 -0.00841779 0.00885859 -0.0111264 0.0113633 -8.73604e-05 0.000549144 -0.00721057 -0.0147041 0.0146134 0.00720185 -0.00379056 0.01266 0.0133519 0.00456745 -0.00392758 -0.0126483 -0.0137526 -0.00976243
internal_weight=265730 136279 129450 102835 99461.5 33444.2 29989 49130.9 53704.3 55812.9 43648.6 19590.2 35534.3 32047.7 16445.7 21513.1 33396.8 26369.4 27617.8
internal_count=1063436 545378 518058 411579 398082 133799 119976 196573 215006 223443 174639 78377 142231 128280 65798 86066 133676 105556 110507
is_linear=0
shrinkage=0.0117215


Tree=5
num_leaves=20
num_cat=0
split_feature=70 24 24 81 81 84 84 84 84 24 81 84 81 26 24 71 71 25 26
split_gain=143957 27490.8 15887.5 6298.96 5162.54 3906.69 3652.7 2688.61 2559.71 2255.95 2066.8 1984.42 1433.98 1418.12 1417.39 1168.02 1117.55 1085.34 962.684
threshold=-1.7577984333038328 0.22393804043531421 -0.31249941885471338 -1.0000000180025095e-35 -1.0000000180025095e-35 -1.0000000180025095e-35 1.0000000180025095e-35 1.0000000180025095e-35 1.0000000180025095e-35 0.39818602800369268 -1.0000000180025095e-35 1.0000000180025095e-35 1.0000000180025095e-35 1.0926537513732912 -0.4153072834014892 1.0643218755722048 -2.408498883247375 -1.076256990432739 0.76232644915580761
decision_type=2 10 10 2 2 2 2 2 2 10 2 2 2 10 10 2 2 10 10
left_child=2 4 8 -3 11 13 10 18 14 -7 -4 -2 -8 -5 -1 -9 -13 -10 -6
right_child=1 3 6 5 7 9 12 15 17 -11 -12 16 -14 -15 -16 -17 -18 -19 -20
leaf_value=-0.017512856780881218 -0.0055811143785321916 0.0034122072348010818 -0.0095745437092819002 0.0068847204080784387 -8.0247323374810808e-05 0.012672507947821715 -0.0033074932647600263 0.004967184584636135 -0.014054619090885338 0.017714961945272743 -0.0034040274285053141 -0.0036269647808505308 0.0039772482030317824 0.013846991326056544 -0.01312152127965165 0.010022339391792021 0.0030088224725606789 -0.0074694215123547649 0.005692142325029589
leaf_weight=25185.022627711296 11008.341168388724 9588.6035081148148 25756.894792214036 13211.867567390203 14587.451649278402 23870.873061239719 16192.2605997473 14168.517427057028 5642.3034672439098 25772.943419605494 10543.938233137131 5109.8364562392235 4793.7799488008022 5830.4920384436846 17670.224105328321 11394.834027767181 10854.27686150372 9081.6144541949034 5429.9604545235634
leaf_count=100918 44043 38368 103078 52878 58359 95572 64784 56687 22595 103274 42185 20442 19178 23346 70760 45601 43425 36349 21724
internal_value=-2.42989e-05 0.00750469 -0.00990997 0.0123215 0.0023057 0.0135637 -0.00553617 0.00471006 -0.0142576 0.0152974 -0.00778559 -0.00175797 -0.0016409 0.00903077 -0.0157103 0.00722758 0.000882634 -0.0100111 0.00149037
internal_weight=265694 150828 114866 78274.8 72553.2 68686.2 57286.9 45580.8 57579.2 49643.8 36300.8 26972.5 20986 19042.4 42855.2 25563.4 15964.1 14723.9 20017.4
internal_count=1063566 603719 459847 313438 290281 275070 229225 182371 230622 198846 145263 107910 83962 76224 171678 102288 63867 58944 80083
is_linear=0
shrinkage=0.0117215


Tree=6
num_leaves=20
num_cat=0
split_feature=70 70 82 82 77 81 26 81 77 82 25 81 77 82 81 81 25 82 81
split_gain=140313 26945.7 13558 7885.88 6401.66 5098.88 4871.55 3328.39 3015.61 2290.13 1478.88 1463.09 1229.08 1223.75 1214.66 1099.21 1034.1 880.417 768.839
threshold=-1.712830603122711 2.7388114929199223 -0.34177371859550471 0.1827821955084801 0.03665753826498986 1.0000000180025095e-35 0.20987506210803988 -1.0000000180025095e-35 -0.025591682642698284 0.22599512338638308 -0.16525191068649289 1.0000000180025095e-35 0.014229405205696823 0.11497968435287477 1.0000000180025095e-35 1.0000000180025095e-35 -0.37735083699226374 -0.31664639711379999 -1.0000000180025095e-35
decision_type=2 2 2 2 10 2 10 2 10 2 10 2 8 2 2 2 10 2 2
left_child=2 3 6 7 9 8 14 -2 -4 18 -6 -5 17 -10 -1 -11 -13 -9 -3
right_child=1 4 5 11 10 -7 -8 12 13 15 -12 16 -14 -15 -16 -17 -18 -19 -20
leaf_value=-0.016797814573651631 -0.0047073126199065765 -0.0007198628744218582 -0.010702339667629174 0.002997449892543027 0.011938977426057687 0.0016544817411134516 -0.0096106892839519214 -0.0035290797643521641 -0.0067921509397888017 0.0057677083858614676 0.016593521907529253 0.0062519254775687365 0.0057037237358557947 -0.0012601639752282761 -0.0086348962796532307 0.013428644629499054 0.011351965184552283 0.0021606140120025408 0.0062663629291302946
leaf_weight=33306.69562163949 17947.718095690012 2577.4253799766302 18505.496927574277 9668.9526603221893 13826.133062571287 11405.193742737174 27562.961361631751 5855.0948313772678 12123.287888497114 3434.6470627337694 31545.430198535323 12796.725606247783 8002.3927592635155 10055.021408170462 2791.8332727104425 10902.059688270092 9690.3241948485374 10232.446099042892 13333.919233933091
leaf_count=133536 71806 10311 74115 38685 55378 45629 110344 23424 48514 13744 126488 51209 32024 40227 11178 43659 38799 40934 53364
internal_value=-1.56716e-05 0.00747304 -0.00970769 0.00245314 0.012396 -0.00526929 -0.013336 -0.000889316 -0.00721012 0.00820861 0.015182 0.00682023 0.001957 -0.00428805 -0.0161725 0.0116056 0.00845915 8.77309e-05 0.00513529
internal_weight=265564 149813 115750 74193.7 75619.6 52089 63661.5 42037.7 40683.8 30248.1 45371.6 32156 24089.9 22178.3 36098.5 14336.7 22487 16087.5 15911.3
internal_count=1063368 599825 463543 296881 302944 208485 255058 168188 162856 121078 181866 128693 96382 88741 144714 57403 90008 64358 63675
is_linear=0
shrinkage=0.0117215


Tree=7
num_leaves=20
num_cat=0
split_feature=31 31 31 26 70 31 82 82 31 40 82 18 70 26 40 70 31 24 33
split_gain=139368 25929.3 21129.4 8463.41 4874.93 2987.09 2411.62 2404.69 2307.59 1758.79 1757.03 1311.54 1145.02 1122.2 959.761 925.044 924.475 865.678 862.223
threshold=0.017164818942546848 -0.32547436654567713 0.31609885394573217 0.63166114687919628 1.9516889452934267 -0.42737607657909388 0.15525580942630771 -0.12365256249904631 0.40779790282249456 0.51731640100479137 0.10856156423687936 -1.1487862467765806 -3.2319545745849605 0.37171697616577154 0.65613588690757763 -3.2089816331863399 -0.14815469086170194 0.28547915816307073 0.68292018771171581
decision_type=10 8 10 8 2 10 2 2 10 8 2 8 2 10 8 2 10 10 10
left_child=1 5 4 7 6 -1 11 12 -4 -6 15 -2 -3 -7 -10 -5 -9 -11 -12
right_child=2 3 8 10 9 13 -8 16 14 17 18 -13 -14 -15 -16 -17 -18 -19 -20
leaf_value=-0.016687791257626657 -0.0087217597193157258 -0.011105119046445688 0.011705038011278424 -0.011676136827254472 0.0025643597414947159 -0.01235436853209557 0.0048937000716590389 -0.0053878163469966876 0.0090450228622806026 0.0077276925347570299 0.0032845841837561567 5.7375371653527878e-05 -0.0065112615080919947 -0.0060830812790127241 0.017177395802302653 0.00098786398998618945 -0.0010246799630393038 0.012174134131607419 0.011219192700821034
leaf_weight=28770.845416679978 2722.132522970438 10743.694277107716 23791.572218686342 826.07463495433331 6950.5360475629568 24595.870515912771 16736.290657639503 13574.541990831494 2231.8599705994129 19036.648352965713 3775.5044469088316 15753.091495871544 24950.340106412768 4747.6534239798784 28657.230542570353 11812.634193345904 13126.4482832551 8979.5169417560101 3782.587803080678
leaf_count=115474 10893 43034 95323 3306 27810 98567 66966 54324 8945 76205 15105 63023 99852 19005 115032 47257 52517 35974 15145
internal_value=-3.4513e-07 -0.00799868 0.00901296 -0.00377611 0.00475418 -0.0139959 0.00167382 -0.00591037 0.0144744 0.00785293 0.00281657 -0.00124549 -0.00790032 -0.0113453 0.0165971 0.000140194 -0.00324562 0.00916175 0.00727786
internal_weight=265565 140706 124859 82591.8 70178.2 58114.4 35211.5 62395 54680.7 34966.7 20196.8 18475.2 35694 29343.5 30889.1 12638.7 26701 28016.2 7558.09
internal_count=1063757 563586 500171 330540 280871 233046 140882 249727 219300 139989 80813 73916 142886 117572 123977 50563 106841 112179 30250
is_linear=0
shrinkage=0.0117215


Tree=8
num_leaves=20
num_cat=0
split_feature=55 32 81 24 81 82 77 39 82 82 82 39 32 82 82 24 71 32 71
split_gain=133212 21115.9 20193.2 10054 6307.36 4462.06 3190.59 3141.89 2648.2 2576.52 2478.55 1199.72 944.182 905.719 830.74 768.865 751.499 749.548 741.426
threshold=0.019184768199920658 -0.22145229578018186 1.0000000180025095e-35 -0.34054361283779139 -1.0000000180025095e-35 -0.11044942587614058 0.03665753826498986 -0.59748867154121388 0.10167556256055833 -0.071369327604770647 0.10856156423687936 -0.078105255961418138 -0.59354043006896962 -0.4799294769763946 0.038738736882805831 -0.42242476344108576 1.3090863823890688 -0.40348395705223078 -1.311403691768646
decision_type=10 8 2 8 2 2 10 10 2 2 2 10 8 2 2 10 2 10 2
left_child=2 4 3 7 8 13 14 15 -2 18 -6 -8 -11 -4 -3 -1 -12 -10 -5
right_child=1 6 5 9 10 -7 11 -9 17 12 16 -13 -14 -15 -16 -17 -18 -19 -20
leaf_value=-0.016728300147017993 -0.0047681952219505068 0.0050009142071161874 -0.0067842654327377964 -0.010514178041933808 0.0035951861779798394 0.0049538966514628673 0.013507870742319232 -0.0066618104199074697 0.00023456970528830826 -0.0061436059675756237 0.0068408271585808445 0.017458118321514261 -0.0011368525636393804 -0.0016311016988698006 0.01094995670749146 -0.013428930646114631 0.010863515533154752 0.0054329921605960228 -0.0066409527589426139
leaf_weight=28175.390507489443 10980.677622839808 5108.6324445158243 8062.0298424214125 20705.038348987699 19008.025243893266 13682.526430279016 25059.461711704731 6306.908784493804 7798.0939209163189 11540.245912387967 11352.158001556993 19282.831158816814 9390.0872254520655 11194.688710093498 9035.9016619771719 16006.885115399957 15147.435353219509 7434.0109610259533 10369.90866522491
leaf_count=113177 43935 20453 32280 82952 76069 54749 100539 25259 31198 46196 45451 77496 37570 44794 36209 64215 60692 29754 41515
internal_value=-5.50108e-06 0.00845924 -0.00814364 -0.010709 0.00419447 -0.000159374 0.0136852 -0.0144351 -0.000385689 -0.00708659 0.00683153 0.0152339 -0.00390116 -0.00379411 0.00881307 -0.0155407 0.00914775 0.00277607 -0.0092276
internal_weight=265641 130207 135434 102494 71720.4 32939.2 58486.8 50489.2 26212.8 52005.3 45507.6 44342.3 20930.3 19256.7 14144.5 44182.3 26499.6 15232.1 31074.9
internal_count=1064503 521796 542707 410884 287099 131823 234697 202651 104887 208233 182212 178035 83766 77074 56662 177392 106143 60952 124467
is_linear=0
shrinkage=0.0117215


Tree=9
num_leaves=20
num_cat=0
split_feature=31 31 31 19 25 25 31 31 31 33 33 25 38 33 33 25 19 39 39
split_gain=132660 28713.8 17023.3 6023.9 5416.38 3995.52 3632.14 2474.85 1519.52 1205.5 1160.98 1478.56 1363.11 1110.11 1021.76 935.612 902.666 900.035 876.782
threshold=0.060705581679940231 -0.30414585769176478 0.33813618123531347 0.94058176875114452 -0.59540551900863636 -0.88298955559730519 -0.41376464068889612 -0.12301912903785704 0.42592330276966101 0.34869161248207098 0.64836892485618602 -0.37310339510440821 0.20949284732341769 0.68292018771171581 0.53364631533622753 -0.81235525012016285 0.5978267788887025 -0.47803418338298792 -0.66692915558814991
decision_type=10 8 10 10 8 8 10 8 10 10 8 10 10 10 10 10 10 10 10
left_child=1 6 4 5 15 16 18 14 -4 -8 12 -12 -6 -5 17 -2 -3 -7 -1
right_child=2 3 8 13 10 7 9 -9 -10 -11 11 -13 -14 -15 -16 -17 -18 -19 -20
leaf_value=-0.016519648171724854 -0.0059484376314607786 -0.010356895682259875 0.012458036038147909 0.002343144324906237 0.0021954435011558148 -0.0066182775050852849 -0.011084051628831127 -0.0001093525353706609 0.016654939854464562 -0.0030812623800140887 0.0057828359003308837 0.010518220974549795 0.0091631194687969916 0.010059559429511204 0.0025257466325710326 0.00087937501709319291 -0.0040545559721763581 -0.0009470651049037121 -0.0090834780073699856
leaf_weight=30082.503764733672 3986.0352631658316 13548.570473432541 22613.930690482259 6666.5914910584688 10896.374871060252 21735.770618841052 28471.580534443259 28977.970270887017 26150.400825724006 2868.1607514321804 16565.205725952983 20294.775743961334 5966.6170595437288 4156.7401253283024 2289.6355717778206 8815.4896068125963 4110.653410166502 4680.3952363431454 2450.2709980905056
leaf_count=120998 15952 54289 90749 26673 43606 87017 114167 115954 105196 11481 66319 81335 23898 16653 9163 35271 16454 18727 9830
internal_value=1.55926e-06 -0.00726328 0.00945571 -0.0028471 0.0055963 -0.00402189 -0.0132177 -0.00252641 0.0147155 -0.0103545 0.00722837 0.00839509 0.00467004 0.00532189 -0.00496432 -0.00125355 -0.00889713 -0.00561517 -0.0159665
internal_weight=265328 150039 115289 86166.3 66524.5 75343 63872.5 57683.8 48764.3 31339.7 53723 36860 16863 10823.3 28705.8 12801.5 17659.2 26416.2 32532.8
internal_count=1063732 601406 462326 344930 266381 301604 256476 230861 195945 125648 215158 147654 67504 43326 114907 51223 70743 105744 130828
is_linear=0
shrinkage=0.0117215


Tree=10
num_leaves=20
num_cat=0
split_feature=32 24 32 71 32 38 24 38 38 24 83 32 12 32 71 24 83 38 38
split_gain=124009 28223.1 15106.6 6862.22 5842.77 4245.37 3709.83 2549.13 1556.31 1433.57 1318.19 1189.14 1096.61 1038.95 1010.08 960.647 878.416 875.788 643.405
threshold=-0.46127225458621973 -0.20576745271682736 -0.20131182670593259 1.4694945812225344 -0.73131102323532093 -0.16685440391302106 -0.3817425668239593 0.17275200784206393 -0.33954069018363947 0.15536697953939441 4.0689902305603036 -0.62030890583991993 0.78156751394271862 -0.10660607740283011 -1.3738634586334226 0.28547915816307073 4.6586997509002694 -0.29015994071960444 0.18505438417196277
decision_type=10 8 10 2 10 10 10 10 10 10 2 8 10 10 2 10 2 10 10
left_child=1 4 5 11 6 17 -1 16 -6 18 15 14 -8 -9 -3 -5 -4 -2 -7
right_child=2 3 7 10 8 9 12 13 -10 -11 -12 -13 -14 -15 -16 -17 -18 -19 -20
leaf_value=-0.015715956286043831 -0.0075950487573995962 -0.008060483211220661 0.010363131992290563 0.0030179526593567961 -0.013310453917437555 0.0025624148945453829 -0.010956426418315374 0.012780023299544165 -0.0044052509034053465 0.0084561982210924463 -0.0023480767356005897 -0.001600956492790253 -0.0042256674223634582 0.016719791896395674 -0.0034804462104763953 0.008435073441500119 0.0011984447843810546 0.00025589416391995362 0.0061519353225602614
leaf_weight=36573.297658056021 2933.1554679423571 12972.086303979158 11730.512955710292 13766.135218650103 3227.9249326735735 12182.609124243259 23872.769458696246 15671.507785305381 16133.49341148138 25183.090552464128 4275.2568324655294 15118.910771161318 3909.8320593833923 24316.849517658353 13605.011324867606 6691.8878560215235 1644.5038766115904 5742.907743781805 15844.378762736917
leaf_count=147184 11745 51961 47092 55100 12957 48752 95780 62931 64609 100931 17111 60498 15657 97949 54460 26818 6587 22985 63440
internal_value=-1.46259e-05 -0.00703399 0.00912974 -0.00132814 -0.0115599 0.00518604 -0.0132587 0.013699 -0.00590412 0.00642536 0.0035613 -0.00422882 -0.0100135 0.0151841 -0.00572103 0.00479748 0.00924034 -0.00241153 0.00459508
internal_weight=265396 150147 115250 66429.3 83717.3 61886.1 64355.9 53363.4 19361.4 53210.1 24733.3 41696 27782.6 39988.4 26577.1 20458 13375 8676.06 28027
internal_count=1064547 602135 462412 265948 336187 247853 258621 214559 77566 213123 99029 166919 111437 160880 106421 81918 53679 34730 112192
is_linear=0
shrinkage=0.0117215


Tree=11
num_leaves=20
num_cat=0
split_feature=32 26 32 32 79 77 26 84 71 84 26 84 32 79 26 32 26 26 32
split_gain=120607 29017.2 15088.8 9347.48 4832.12 3729.97 3329.34 2896.14 2249.69 2193.75 2049.14 1369.53 1127.97 1056.3 952.782 810.359 803.545 801.029 800.132
threshold=-0.46127225458621973 0.43051581084728247 -0.20131182670593259 -0.75659278035163868 0.96955901384353649 0.0040940449107438335 0.18058196455240252 -1.0000000180025095e-35 -1.0000000180025095e-35 -1.0000000180025095e-35 0.79037076234817516 1.0000000180025095e-35 -0.089008215814828859 1.2324975132942202 0.85882440209388744 -0.60980904102325428 0.5938764512538911 1.0703865289688113 -0.36461302638053888
decision_type=10 8 10 10 2 10 10 2 2 2 8 2 10 2 10 10 10 10 10
left_child=1 3 5 6 8 11 -1 14 -3 -5 -10 16 -9 18 -4 -11 -2 -6 -7
right_child=2 4 7 9 17 13 -8 12 10 15 -12 -13 -14 -15 -16 -17 -18 -19 -20
leaf_value=-0.01561318065953406 -0.0042542440394020197 -0.003927816784710457 0.0052697778532455686 -0.0091608753972205435 0.0056929900146342393 0.0036757072536484285 -0.010226315454263451 0.012989360949519496 -0.0015765002370360765 -0.005494546084865405 0.0056088958009063482 0.0044828458824700216 0.016914063376990831 0.011871213830581335 0.011963825730240732 -0.00052878352051717104 0.0037652080580045204 0.013765778516627841 0.0072562974388898525
leaf_weight=37170.785238668323 7699.4875474125147 23657.174635246396 6266.8227391839027 13045.824032023549 4236.375647649169 12455.8092546314 27766.396121844649 19997.473070889711 13971.764089122415 8472.9701346158981 8912.6617763638496 6371.1571856737137 21630.932679206133 5014.2621893435717 5561.4476774781942 9647.8298478573561 2187.7219373881817 2854.4454188942909 28098.97632278502
leaf_count=149758 30818 94706 25138 52302 16962 49863 111442 80389 55911 33947 35689 25499 87266 20125 22366 38614 8756 11454 112608
internal_value=9.93841e-06 -0.00692788 0.00902067 -0.0107818 -2.03273e-05 0.00507464 -0.0133143 0.0135804 -0.00139493 -0.00549926 0.00122481 0.000254004 0.015037 0.00679357 0.00843452 -0.00285476 -0.00247512 0.00897714 0.00615931
internal_weight=265020 149736 115284 96103.8 53632.4 61827.4 64937.2 53456.7 46541.6 31166.6 22884.4 16258.4 41628.4 45569 11828.3 18120.8 9887.21 7090.82 40554.8
internal_count=1063613 600785 462828 386063 214722 247669 261200 215159 186306 124863 91600 65073 167655 182596 47504 72561 39574 28416 162471
is_linear=0
shrinkage=0.0117215


Tree=12
num_leaves=20
num_cat=0
split_feature=70 70 39 40 82 71 81 25 40 39 81 40 40 40 81 25 82 40 82
split_gain=123596 25426.8 12621.8 8616.89 7895.04 6326.51 3163.13 2242.74 1767.12 1727.73 1632.21 1464.09 1460.18 1029.19 929.6 908.856 753.962 748.647 676.836
threshold=-1.9294576048851011 2.7388114929199223 -0.53696066141128529 0.58750268816947948 0.16207697242498401 -2.1881833076477046 -1.0000000180025095e-35 -0.16895462572574613 0.36794511973857885 -0.38120260834693903 1.0000000180025095e-35 0.073451694101095213 0.1894311532378197 0.43209011852741247 1.0000000180025095e-35 -0.3980868905782699 -0.50189512968063343 0.17561572790145877 -0.10347947850823401
decision_type=2 2 10 8 2 2 2 10 10 10 2 8 8 10 2 10 2 10 2
left_child=2 4 5 13 6 11 17 -5 -8 -4 -6 -1 -7 -3 -14 -12 -13 -2 -16
right_child=1 3 9 7 10 12 8 -9 -10 -11 15 16 14 -15 18 -17 -18 -19 -20
leaf_value=-0.016927514624170331 -0.013477848445335892 -0.00053398881389932792 -0.0037842460078714169 0.010704616496165121 0.0026705727873533344 -0.011229158348333122 -0.0038335254488701862 0.015416139100332474 0.003390403995001838 0.003231168836071776 0.0058584201082957687 -0.014329408768948773 -0.0075728318525144257 0.0059229275665059295 -0.0049387000985079308 0.010504986604396744 -0.010708041900147748 -0.0040506254865022634 0.0031083874856471438
leaf_weight=17418.660006821156 1218.5845182538033 5017.302622243762 14209.309128090739 22511.168883889914 11321.024577632546 11949.19301263988 6132.6749325096607 37480.362160742283 19046.592149272561 7274.4498964399099 12164.250637486577 17840.296480864286 19573.87519018352 10421.288939759135 4767.3251451551914 11242.366174176335 15080.661596521735 18303.571707502007 2032.242417961359
leaf_count=70380 4893 20080 56902 90412 45320 48030 24545 151198 76253 29112 48723 71848 78473 41778 19091 45131 60606 73267 8131
internal_value=2.00942e-05 0.0067708 -0.00947045 0.0116437 0.0021412 -0.0114232 -0.0011161 0.013653 0.00162902 -0.00140788 0.00633194 -0.0141564 -0.00782656 0.00382689 -0.00627638 0.00809842 -0.0126792 -0.00465443 -0.0025312
internal_weight=265005 154859 110146 75430.1 79429.1 88662.3 44701.4 59991.5 25179.3 21483.8 34727.6 50339.6 38322.6 15438.6 26373.4 23406.6 32921 19522.2 6799.57
internal_count=1064173 621600 442573 303468 318132 356559 178958 241610 100798 86014 139174 202834 153725 61858 105695 93854 132454 78160 27222
is_linear=0
shrinkage=0.0117215


Tree=13
num_leaves=20
num_cat=0
split_feature=31 31 31 70 70 82 31 81 82 31 81 82 82 19 82 81 81 79 81
split_gain=122186 22787.4 18626.2 6445.78 4349.19 3139.34 2847.23 2200.74 2148.86 2115.04 1644.6 1478.89 1072.25 924.234 748.624 715.765 623.312 530.337 529.754
threshold=0.017164818942546848 -0.31859138607978815 0.31224910914897924 -2.1254112720489498 1.9516889452934267 -0.12365256249904631 -0.43077264726161951 1.0000000180025095e-35 0.10856156423687936 0.41866245865821844 -1.0000000180025095e-35 -0.32495057582855219 0.31920054554939276 0.5707814395427705 0.29515361785888677 1.0000000180025095e-35 1.0000000180025095e-35 0.74007686972618114 -1.0000000180025095e-35
decision_type=10 8 10 2 2 2 10 2 2 10 2 2 2 10 2 2 2 2 2
left_child=1 6 4 11 8 -5 -1 -7 10 -4 -2 16 18 -8 -9 -13 -3 -14 -6
right_child=2 3 9 5 12 7 13 14 -10 -11 -12 15 17 -15 -16 -17 -18 -19 -20
leaf_value=-0.015752891079976863 -0.0052262270821284724 -0.011109936836239391 0.011194958597424079 -0.0038733633251971616 0.00092356934125905439 -0.001027267922788337 -0.011265616829482083 0.0038008263422082433 0.0043380420215751673 0.015808192204360052 0.0020190028618272469 -0.0059751936907317602 0.0083339079256195669 -0.0046513856998285979 0.0098879572013462324 -0.00053637913785192087 -0.0058091545250018722 0.01332221559892194 0.0063409733402747534
leaf_weight=27554.566259726882 8239.947752431035 11476.340797513723 27533.548511311412 18735.938718572259 2951.8517243266106 11886.475859582424 28917.785114958882 7425.6791068166494 17983.744975432754 27838.787304848433 8965.7984506338835 18042.407675892115 11238.39053145051 3276.8323727101088 4461.183762922883 4080.2553242444992 4268.5985158830881 4095.6559412628412 15785.963463515043
leaf_count=111440 32989 46104 110773 75003 11814 47568 116346 29724 72006 112611 35881 72314 45086 13131 17886 16328 17108 16471 63284
internal_value=1.07462e-05 -0.00749843 0.00845316 -0.00342139 0.00439924 -0.000287813 -0.0129796 0.00253901 0.00150737 0.01352 -0.00145316 -0.00693674 0.00738289 -0.0105963 0.00610021 -0.00497369 -0.00968354 0.00968444 0.00548975
internal_weight=264760 140126 124634 80376.9 69261.4 42509.3 59749.2 23773.3 35189.5 55372.3 17205.7 37867.6 34071.9 32194.6 11886.9 22122.7 15744.9 15334 18737.8
internal_count=1063867 562952 500915 322035 277531 170181 240917 95178 140876 223384 68870 151854 136655 129477 47610 88642 63212 61557 75098
is_linear=0
shrinkage=0.0117215


Tree=14
num_leaves=20
num_cat=0
split_feature=63 38 38 79 79 19 38 11 105 19 38 152 152 79 79 79 105 109 19
split_gain=109829 16325.1 14964 7757.83 7711.62 3818 3161.7 2575.3 2573.86 2154.3 1428.73 1342.85 1247.59 947.024 886.735 721.274 547.193 545.431 534.459
threshold=-0.012466346845030783 0.36098840832710272 -0.39381358027458185 0.87311154603958141 -0.87498885393142689 1.0375793576240542 0.18107669800519946 -1.2625153660774229 -2.8698371648788448 0.31554968655109411 0.43109443783760076 0.68333333730697643 0.21111111342906955 -1.7337058782577512 1.6913185715675356 -0.61289155483245839 -3.5150564908981319 1.0000000180025095e-35 0.59243810176849376
decision_type=10 10 8 2 2 10 10 8 10 8 10 2 2 2 2 2 10 10 10
left_child=2 3 9 7 13 6 12 -2 -9 -1 -3 15 -6 -4 -5 -10 -14 -13 -11
right_child=1 10 4 14 5 -7 -8 8 11 18 -12 17 16 -15 -16 -17 -18 -19 -20
leaf_value=-0.015507615033488997 -0.0054941780836450724 0.011498139703334581 -0.014281063235316591 0.0091590306763395402 -0.0069756287330025868 0.0069866617667400889 0.0025867721203757352 -0.0016950841982542179 -0.0030446270808600654 -0.0097760780635914903 0.016108994269799472 0.0079687264914583104 -0.0061550035153494229 -0.0092309821590199903 0.014129504156572792 0.0034585835779994698 -0.0027756511130254051 0.0047364926603404144 -0.0012350889484426836
leaf_weight=28225.922103911638 4425.43439643085 17229.970867261291 8864.5022677183151 11833.547487810254 25203.392030090094 4576.6987469792366 8662.8845689296722 10291.71895763278 2546.3743551075459 6402.6432327926159 20864.730136021972 15338.623075902462 8642.8072695881128 12619.312685504556 8777.245645403862 27175.832726240158 27825.656821638346 13762.059964552522 1202.266596019268
leaf_count=114236 17724 69391 35760 47578 101154 18335 34688 41217 10196 25772 84574 61561 34671 50743 35398 108915 111493 55205 4819
internal_value=6.77848e-06 0.00755914 -0.00754669 0.00493737 -0.00514044 -0.00336297 -0.00403851 0.00315414 0.00370956 -0.0140127 0.0140318 0.00465546 -0.00496977 -0.0113279 0.0112893 0.00289949 -0.00357995 0.00644517 -0.00843371
internal_weight=264472 132246 132226 94150.8 96395.3 74911.4 70334.7 73540 69114.6 35830.8 38094.7 58822.9 61671.9 21483.8 20610.8 29722.2 36468.5 29100.7 7604.91
internal_count=1063430 531759 531671 377794 386844 300341 282006 294818 277094 144827 153965 235877 247318 86503 82976 119111 146164 116766 30591
is_linear=0
shrinkage=0.0117215


Tree=15
num_leaves=20
num_cat=0
split_feature=55 40 55 82 82 24 71 40 79 71 40 40 40 79 40 82 11 71 71
split_gain=114177 16667.7 16479.9 7608.31 4256.73 2985.81 2873.47 2673.87 2310.38 2248.88 1757.08 1546.23 1382.11 1288.22 1024.98 929.623 786.267 765.994 707.344
threshold=-0.019715158268809315 0.1894311532378197 1.3956596255302431 -0.33328172564506525 0.31920054554939276 0.33332082629203802 -0.81364387273788441 0.62392309308052074 -0.87498885393142689 0.3532532006502152 0.083954609930515303 0.43209011852741247 0.38101932406425482 -0.94642931222915638 0.47424882650375372 -0.4799294769763946 -1.0782801508903501 1.4694945812225344 -1.1078764200210569
decision_type=10 8 10 2 2 10 2 8 2 2 10 8 10 2 10 2 8 2 2
left_child=1 10 4 8 9 16 13 -7 -3 15 -1 -11 -8 -5 -6 -2 -4 -16 -10
right_child=2 3 5 6 14 7 12 -9 18 11 -12 -13 -14 -15 17 -17 -18 -19 -20
leaf_value=-0.01621614738260917 -0.0078246112720642257 -0.013475163971791547 -0.0017553495355208915 -0.008240316728173316 0.001019739614610574 0.0062040116835120002 -0.0026991833480998046 0.014752644080096865 -0.008549289461361664 -0.0011222286380260177 -0.011405969199303742 0.0054089320481588397 0.0041259204091705593 -0.0027500319328005395 0.0062881365746611049 -0.00048955341836650354 0.0084302874976521329 0.010516088896266823 -0.0045908717500023647
leaf_weight=20373.771225959063 2821.830381333828 10723.461903229356 1115.197564586997 7471.1209863424301 2965.4623975902796 5800.8180084377527 6144.1522043943405 40146.731424704194 16019.151864662766 6668.4219003468752 22144.93265606463 19568.911811649799 12015.569645866752 27352.226490437984 12377.953716024756 14356.909765481949 14275.84731541574 11517.921922981739 10283.594984248281
leaf_count=82720 11305 43295 4466 30029 11872 23315 24599 162622 64374 26687 89267 78470 48115 109625 49641 57479 57423 46312 41203
internal_value=7.35212e-06 -0.00767182 0.00773973 -0.00481269 0.00386281 0.0121785 -0.00196232 0.0136771 -0.00888765 0.00159214 -0.0137185 0.00374946 0.00181622 -0.00393265 0.00752834 -0.00170339 0.00769072 0.00833428 -0.00700709
internal_weight=264144 132528 131616 90009.3 70277.4 61338.6 52983.1 45947.5 37026.2 43416.1 42518.7 26237.3 18159.7 34823.3 26861.3 17178.7 15391 23895.9 26302.7
internal_count=1062819 533227 529592 361240 281766 247826 212368 185937 148872 173941 171987 105157 72714 139654 107825 68784 61889 95953 105577
is_linear=0
shrinkage=0.0117215


Tree=16
num_leaves=20
num_cat=0
split_feature=70 32 33 33 32 33 81 32 25 81 38 38 33 70 38 38 25 33 33
split_gain=113441 24965.1 13486 8089.5 5098.21 3855.55 2629.32 2018.42 1711.04 1705.79 1571.82 1419.5 1471.65 1362.02 1195.14 1112.51 942.417 924.113 858.373
threshold=-1.7577984333038328 -0.26185217499732966 0.2042249068617821 0.56846868991851818 -0.59354043006896962 0.78628048300743114 -1.0000000180025095e-35 -0.79589796066284169 -0.16525191068649289 1.0000000180025095e-35 0.33428569138050085 0.0085326740518212336 0.39979411661624914 3.0106879472732548 -0.065515745431184755 -0.34655348956584925 -0.65011373162269581 0.82011112570762645 0.09005585685372354
decision_type=2 10 8 8 10 10 2 10 10 2 10 10 10 2 10 10 10 10 10
left_child=2 3 7 11 9 10 16 18 -7 -4 -3 12 -2 -8 -6 -9 -5 -15 -1
right_child=1 5 4 6 14 8 13 15 -10 -11 -12 -13 -14 17 -16 -17 -18 -19 -20
leaf_value=-0.016110728300137208 -0.0069759199192734314 0.0052868770953072523 -0.0084546070485129205 -0.0029689086266209918 -0.0040798682753562946 0.011026464520010821 0.0053799377976638963 -0.013914530355626575 0.01559569405702672 -0.0027340737079980088 0.012996035819367754 0.0015773462038306818 -0.0010170710426356327 0.0069017533010345463 0.0022205607966436242 -0.0062361226365393787 0.0034250789836998106 0.013339016448586784 -0.012556708650685127
leaf_weight=22271.868678376079 10246.743480190635 13101.433228626847 36095.574102878571 5240.0648746192455 6315.2884888797998 18902.226096317172 24845.051021367311 4018.7503380030394 29108.205574899912 8969.0901260226965 5043.2792737483978 10202.08598344028 12802.244588598609 6215.12008048594 11884.549336582422 7457.2068897783756 7931.8486121147871 6225.0349582284689 17234.39119130373
leaf_count=90590 41079 52621 145078 20977 25302 76241 99611 16235 118295 35943 20363 40849 51236 24947 47574 29969 31776 25078 69695
internal_value=-2.52229e-05 0.00668169 -0.00882259 0.00242746 -0.0052044 0.012062 0.00538452 -0.013308 0.013803 -0.00731807 0.00744352 -0.0020604 -0.00367052 0.00697408 3.19123e-05 -0.00894774 0.000880666 0.0101418 -0.0145686
internal_weight=264110 149863 114247 83708.2 63264.5 66155.1 50457.1 50982.2 48010.4 45064.7 18144.7 33251.1 23049 37285.2 18199.8 11476 13171.9 12440.2 39506.3
internal_count=1063459 603073 460386 335553 253897 267520 202389 206489 194536 181021 72984 133164 92315 149636 72876 46204 52753 50025 160285
is_linear=0
shrinkage=0.0117215


Tree=17
num_leaves=20
num_cat=0
split_feature=55 40 55 24 40 38 25 25 40 25 40 40 42 38 67 38 42 38 42
split_gain=108289 16028.3 15643.7 5520.58 3827.93 3315.11 3253.39 2604.04 2156.01 1911.06 1861.91 1758 1817.17 1300.78 1279.43 966.26 1094.33 760.055 705.797
threshold=-0.019715158268809315 0.20746167004108432 1.3956596255302431 -0.30134950578212732 0.43209011852741247 0.41898863017559057 -0.59540551900863636 -0.91723835468292225 0.089211504906415953 -0.38948777318000788 0.57139754295349132 0.34086087346076971 0.49739582836627966 0.19745822995901111 3.569932341575623 0.36098840832710272 0.61197915673255932 0.24121392518281939 0.19531250000000003
decision_type=8 10 10 10 8 8 8 10 8 8 8 10 10 10 10 10 8 10 10
left_child=1 8 4 7 -2 9 18 -3 -1 -4 -11 -5 -13 -14 -9 16 -8 -18 -6
right_child=2 3 5 11 6 -7 15 14 -10 10 -12 12 13 -15 -16 -17 17 -19 -20
leaf_value=-0.01577145846106032 -0.0018635334934781591 -0.011431813167618056 0.0033068374838976684 -0.0052881173457833231 0.0084917159075479469 0.015421066556263994 0.0078839324623622281 -0.0077138913259919952 -0.010687164788819812 0.0041738845276615951 0.011984867527054044 0.0031071008329965422 -0.0039602060091891017 0.0023931709066217768 -0.00062084249242594207 0.010732870681374856 0.0020724342814114577 0.0063840755761733333 -0.0020042028110725703
leaf_weight=21408.651235222816 13483.507589951158 17290.664247304201 5455.2820430099964 17198.614441901445 951.86665613949299 22655.978059142828 17946.258135512471 8070.8152848035097 25319.420220330358 4967.7287907749414 28043.55034083128 11506.154600307345 19400.611225306988 5717.5686206817627 6155.4866310358047 6094.3244053572416 12578.34620949626 10177.352296501398 9044.218496337533
leaf_count=87255 53978 69867 21897 68971 3822 92312 72073 32494 102185 19952 113437 46079 77780 22896 24662 24572 50411 40850 36211
internal_value=-1.10828e-05 -0.00750609 0.00752211 -0.00448243 0.00374834 0.011858 0.00508091 -0.00837669 -0.0130232 0.0097513 0.0108132 -0.00219945 -0.000746588 -0.00251313 -0.00465087 0.00637699 0.00571901 0.00400534 -0.000987335
internal_weight=263466 132068 131398 85339.9 70275.9 61122.5 56792.4 31517 46728.1 38466.6 33011.3 53822.9 36624.3 25118.2 14226.3 46796.3 40702 22755.7 9996.09
internal_count=1061704 532189 529515 342749 281917 247598 227939 127023 189440 155286 133389 215726 146755 100676 57156 187906 163334 91261 40033
is_linear=0
shrinkage=0.0117215


Tree=18
num_leaves=20
num_cat=0
split_feature=32 81 40 40 32 40 32 19 69 40 32 32 32 49 19 40 40 60 19
split_gain=104825 22724.8 13243.4 8710.74 8228.19 4275.47 4063.44 2677.37 2299.02 1709.69 1189.93 976.669 796.487 756.438 734.572 724.959 678.928 674.928 643.927
threshold=-0.45685282349586481 -1.0000000180025095e-35 0.52722081542015087 0.14747664332389834 -0.20529492199420926 0.34086087346076971 -0.6819067895412444 0.35706450045108801 1.7473530769348147 0.36346563696861273 -0.093439489603042589 -0.35225614905357355 -0.87944710254669178 0.24348958581686023 1.3589833378791811 0.056442905217409141 0.6999744474887849 -0.29110363125801081 0.70719087123870861
decision_type=10 2 10 10 10 8 10 10 2 10 10 10 10 8 8 10 10 10 10
left_child=1 3 9 15 11 -3 7 12 13 -2 -6 -4 17 -7 -10 -1 -12 -5 -9
right_child=2 5 4 6 10 8 -8 18 14 -11 16 -13 -14 -15 -16 -17 -18 -19 -20
leaf_value=-0.01634505240807076 -0.0045402217473789362 -0.005787032091541678 0.0043771257952519233 -0.0079794116177096894 0.011669200068962706 0.0042886061416836738 -0.0031933266814495828 -0.0072810624618080012 0.005081260261165889 0.0025136672208095167 0.0097933244359941218 0.0079971187438510234 -0.009018233818427002 -0.0011663577453965128 0.011298583770061002 -0.012699643164771528 0.016031187850457238 -0.014199404773329212 -0.0030106440468709045
leaf_weight=14869.551319003105 7613.7527095675468 9717.1066734790802 16320.402066901326 3037.9094663113356 23155.420362874866 4762.7647859305143 24736.459626659751 17998.712219581008 10138.801489219069 12340.657312244177 2825.3875898271799 27969.119316607714 11546.437958627939 12902.059403762221 3539.5635260939598 16620.388670131564 23281.923857048154 13602.195718988776 6704.9900912344456
leaf_count=60810 30507 39031 65438 12239 93718 19075 99134 72377 40680 49463 11451 112486 46511 51683 14258 67451 95105 55141 26864
internal_value=-1.06666e-05 -0.00643541 0.00848927 -0.00923193 0.010338 0.000997313 -0.00711887 -0.00895261 0.00310335 -0.00017995 0.0136344 0.00666617 -0.0114229 0.00030811 0.00670658 -0.0144318 0.0153654 -0.0130766 -0.00612593
internal_weight=263684 150177 113507 109117 93552.3 41060.3 77626.7 52890.2 31343.2 19954.4 49262.7 44289.5 28186.5 17664.8 13678.4 31489.9 26107.3 16640.1 24703.7
internal_count=1063422 605254 458168 440527 378198 164727 312266 213132 125696 79970 200274 177924 113891 70758 54938 128261 106556 67380 99241
is_linear=0
shrinkage=0.0117215


Tree=19
num_leaves=20
num_cat=0
split_feature=31 31 31 26 26 39 39 31 11 55 26 26 39 41 26 0 33 41 126
split_gain=107689 20524.6 16486.4 6055.19 3070.5 2829.55 2149.82 2092.36 2061.57 1772.85 1252.43 1117.24 855.428 829.342 810.501 744.953 696.052 687.852 629.694
threshold=0.017164818942546848 -0.30414585769176478 0.30857223272323614 0.64893454313278209 0.28127610683441168 -0.46408276259899134 -0.63379108905792225 0.41866245865821844 -1.2047376632690427 0.61262744665145885 0.95048141479492199 0.43935781717300421 -0.33216872811317438 0.41406250000000006 0.12839388847351077 0.32711203396320349 0.59462684392929088 0.46093750000000006 0.38831976056098944
decision_type=10 8 10 10 10 8 10 10 8 10 10 10 10 8 10 10 10 10 10
left_child=1 4 8 5 6 11 14 -4 -2 12 -5 17 13 -10 -1 -6 -15 -3 -11
right_child=2 3 7 10 15 -7 -8 -9 9 18 -12 -13 -14 16 -16 -17 -18 -19 -20
leaf_value=-0.015533476485126221 -0.0036939111851700536 -0.010134748448631067 0.010413755159128206 0.0010345050032169098 -0.0079794058388217692 9.3504773462890542e-05 -0.0065757938850506846 0.01498031238859974 -0.0024092092972196116 0.0073356903653642143 0.0079054209755550376 -0.0035996319486961076 0.005158407359879459 -0.00034833884953062836 -0.012195786816293956 0.00096635108747335295 0.0050521746441415756 -0.0062770721578090088 0.0032792002811978288
leaf_weight=26837.078697651625 4372.0631560236216 9248.2197943180799 28278.924227356911 12652.817768439651 12064.378332197666 12752.248334497213 5736.0639474242926 27543.314148321748 6237.386297956109 26068.646131798625 5101.5955966413021 15691.430863574147 11337.697989925742 5696.4047039300203 17000.694316133857 1425.0318314582109 7694.2475668936968 21037.832812190056 6655.5882656425238
leaf_count=109705 17516 37270 114420 50661 48605 51049 23131 112670 24983 104825 20509 62888 45478 22803 68995 5729 30839 84505 26733
internal_value=-1.58085e-06 -0.00706231 0.0079517 -0.00297894 -0.0120118 -0.00479191 -0.0133622 0.0126722 0.00407704 0.00461164 0.00301658 -0.00614628 0.00259831 0.00111517 -0.0142462 -0.00703433 0.00275817 -0.00746194 0.00651358
internal_weight=263432 139547 123884 76484.1 63063.2 58729.7 49573.8 55822.2 68062 63690 17754.4 45977.5 30965.7 19628 43837.8 13489.4 13390.7 30286.1 32724.2
internal_count=1063314 563047 500267 306882 256165 235712 201831 227090 273177 255661 71170 184663 124103 78625 178700 54334 53642 121775 131558
is_linear=0
shrinkage=0.0117215


Tree=20
num_leaves=20
num_cat=0
split_feature=33 82 33 79 79 57 63 57 79 84 17 84 17 82 40 40 82 84 17
split_gain=101294 20351 12723.9 6264.72 4720.72 3319.49 2725.59 2605.37 1535.42 1342.96 1258.65 1146.69 862.671 828.712 771.29 769.998 737.561 716.55 631.48
threshold=0.4620316624641419 0.26356239616870886 0.20035243779420855 -0.33035776019096369 0.578323394060135 -0.37000726163387293 0.48340839147567755 -1.9171385169029234 -1.518943130970001 -1.0000000180025095e-35 0.22566667199134829 -1.0000000180025095e-35 0.25620041787624365 -0.52486604452133168 0.62392309308052074 0.062327073886990554 -0.22976448386907575 -1.0000000180025095e-35 0.40849901735782629
decision_type=8 2 10 2 2 10 10 10 2 2 10 2 8 2 10 10 2 2 10
left_child=2 3 7 8 10 13 16 15 -2 -7 -3 -8 -13 -4 -6 -1 -5 -9 -16
right_child=1 4 5 6 14 9 11 17 -10 -11 -12 12 -14 -15 18 -17 -18 -19 -20
leaf_value=-0.015886143936750117 -0.011332251080845113 0.0060147473419627246 -0.0082431891587336978 -0.0014315374843279392 0.0085497207093809899 -0.0042091175012657451 0.0039906634868982745 -0.010716837254591887 -0.0025604680360537808 0.0025110047059700821 0.010306892173220655 0.005898341918831566 0.012005828776447123 -0.0050101838702382709 0.012291886644676765 -0.012560996196270964 0.0026192125521267476 -0.0045064845134301619 0.015583430796313033
leaf_weight=16111.587872609496 3390.9315061718225 24442.496645346284 18757.052062928677 8870.3756998628378 4055.2738965153694 6922.2993642836809 11476.283224925399 4610.6292839497328 14039.521357357502 9900.1533089876175 15404.250521883368 6174.833769351244 6717.6058489382267 26430.968080371618 15833.80267418921 26079.136574417353 20215.164310932159 5820.0781722813845 17984.100877910852
leaf_count=66201 13681 98287 75574 35556 16336 27733 46171 18612 56317 39683 62425 24837 27286 106155 64350 106143 81043 23429 73646
internal_value=-2.40442e-05 0.00636169 -0.00830189 0.00181867 0.0105034 -0.00470175 0.00380826 -0.0125404 -0.00427977 -0.000256265 0.00767908 0.00669807 0.00909655 -0.00635572 0.0134683 -0.0138388 0.00138368 -0.00726936 0.0140518
internal_weight=263237 148605 114632 70884.7 77719.9 62010.5 53454.3 52621.4 17430.5 16822.5 39846.7 24368.7 12892.4 45188 37873.2 42190.7 29085.5 10430.7 33817.9
internal_count=1063465 599935 463530 284891 315044 249145 214893 214385 69998 67416 160712 98294 52123 181729 154332 172344 116599 42041 137996
is_linear=0
shrinkage=0.0117215


Tree=21
num_leaves=20
num_cat=0
split_feature=31 31 31 26 18 31 24 40 84 40 24 18 105 19 26 18 18 40 87
split_gain=102017 23371.4 12459.7 6532.94 3049.92 2823.71 2090.8 1701.43 1456.75 1384.88 1312.74 1139.71 1128.37 1114.56 1069.13 914.247 597.996 518.988 496.259
threshold=0.073932543396949782 -0.30781820416450495 0.33813618123531347 0.70280030369758617 -0.8032570183277129 -0.41731570661067957 -0.16079954802989957 0.47912377119064337 -1.0000000180025095e-35 0.62392309308052074 0.20444860309362414 -0.21675105392932889 2.5220495462417607 1.2825437188148501 0.39254514873027807 -1.1206731200218198 -1.2616407275199888 0.28272178769111639 -1.0000000180025095e-35
decision_type=10 8 10 10 8 10 8 8 2 8 10 8 10 10 10 10 10 10 2
left_child=1 5 4 6 16 -1 12 -6 17 -4 -9 -11 18 15 -7 -5 -2 -8 -3
right_child=2 3 9 13 7 14 8 10 -10 11 -12 -13 -14 -15 -16 -17 -18 -19 -20
leaf_value=-0.014297356362766621 -0.0087232092968558828 -0.0053740637666224297 0.0060395593877845318 -0.0064406390395597129 0.00073968989850490999 -0.010281645361579914 -0.0063457883720819301 0.0051780053915733834 0.0008934391211859996 0.010792543792464358 0.0091124740951169323 0.01487747547387459 -0.00048364874738722415 0.0094589006015771242 -0.004542557404815655 0.0032998080321090424 -5.7416116545415321e-05 -0.0026502663234034096 -0.0084241357433310574
leaf_weight=30948.542970687151 1257.976181447506 14530.415185123682 3668.6751068979502 1450.1128514260054 7018.8548012822866 25540.509913116693 7874.7869835793972 26427.082856446505 13877.569651901722 14103.746227025986 21032.4498270154 30342.586474552751 4252.7227963507175 3774.1132419109344 5468.3068838715553 13160.415039435029 7491.5072796344757 15609.17859607935 15238.33128669858
leaf_count=127019 5048 58434 14837 5817 28116 103515 31626 106124 55584 57294 84908 124544 17045 15203 21975 52761 30001 62520 61347
internal_value=1.21787e-06 -0.00625142 0.0085211 -0.00242834 0.00509763 -0.0117875 -0.00403293 0.00612897 -0.00211664 0.0130152 0.00692524 0.0135876 -0.00613447 0.00379908 -0.00927374 0.00232435 -0.0013232 -0.00389453 -0.00694073
internal_weight=263068 151725 111343 89767.6 63227.9 61957.4 71383 54478.4 37361.5 48115 47459.5 44446.3 34021.5 18384.6 31008.8 14610.5 8749.48 23484 29768.7
internal_count=1063718 612846 450872 360337 254197 252509 286556 219148 149730 196675 191032 181838 136826 73781 125490 58578 35049 94146 119781
is_linear=0
shrinkage=0.0117215


Tree=22
num_leaves=20
num_cat=0
split_feature=31 70 31 40 81 31 82 81 31 82 82 18 82 40 81 82 81 40 40
split_gain=100436 17823.9 17383.7 4428.54 4307.59 4260.09 2655.16 2215.74 2177.36 1650.52 1573.96 1174.26 1150.18 909.832 677.95 662.464 661.73 608.43 540.272
threshold=-0.0088728410191833956 -2.7045011520385738 0.30120298266410833 0.30075921118259435 -1.0000000180025095e-35 -0.40392006933689112 0.032500952482223518 -1.0000000180025095e-35 0.40779790282249456 0.069621145725250258 0.069621145725250258 -0.59873440861701954 -0.31664639711379999 0.68388816714286815 1.0000000180025095e-35 -0.014280732255429028 1.0000000180025095e-35 0.41314627230167394 0.056442905217409141
decision_type=10 2 10 8 2 10 2 2 10 2 2 10 2 8 2 2 2 8 10
left_child=1 5 4 -3 6 18 -2 15 -4 -9 17 -12 14 -10 -7 -5 -14 -6 -1
right_child=2 3 8 7 10 12 -8 9 13 -11 11 -13 16 -15 -16 -17 -18 -19 -20
leaf_value=-0.015685175444597157 -0.005260140283052387 -0.0067176447104494025 0.0097527488875163836 -0.0049529646878837654 -0.0014696150978625636 -0.011257483403621812 0.0025616948114600829 0.00035980582060775822 0.0076591120283979958 0.0074556266100119306 0.0036857159408748884 0.0091561426669020639 -0.007167507651474639 0.014981850986618547 -0.0061531952950075039 -0.00045990053206694179 -0.0008822386526266897 0.004069508266285553 -0.012602029483841287
leaf_weight=14873.39028686285 9502.1126740574837 19585.076063245535 27319.977630451322 9453.8857434540987 3224.3518275022507 17804.277009770274 15919.090271562338 12757.783802643418 2631.0140515416861 6940.2755357474089 7693.6275760233402 18362.355116188526 17579.431668311357 27457.667052462697 4595.4377844035625 8609.9120936095715 2655.7278230339289 17195.40278595686 18654.410254657269
leaf_count=61432 38101 78844 110796 37939 12905 72229 63823 51085 10701 27883 30869 74067 70879 113133 18504 34479 10641 69002 76375
internal_value=-4.79374e-06 -0.00713528 0.00735747 -0.00219828 0.00351524 -0.0108508 -0.000364142 0.000148362 0.012166 0.00286575 0.0056363 0.0075456 -0.00838396 0.014348 -0.0102178 -0.00281474 -0.00634457 0.00319418 -0.0139797
internal_weight=262815 133510 129306 57346.9 71896.9 76162.7 25421.2 37761.9 57408.7 19698.1 46475.7 26056 42634.9 30088.7 22399.7 18063.8 20235.2 20419.8 33527.8
internal_count=1063687 540290 523397 230230 288767 310060 101924 151386 234630 78968 186843 104936 172253 123834 90733 72418 81520 81907 137807
is_linear=0
shrinkage=0.0117215


Tree=23
num_leaves=20
num_cat=0
split_feature=70 31 31 82 32 31 31 84 79 19 82 70 153 19 31 84 19 79 32
split_gain=97829.8 24479.5 10797.9 6108.5 3908.95 2939.59 1846.54 1708.74 1582.53 1087.94 1079.92 1005.84 747.836 726.296 714.117 622.358 561.9 535.267 500.644
threshold=-1.9294576048851011 0.27419364452362066 -0.36676068603992457 0.069621145725250258 -0.59906095266342152 0.38530413806438452 -0.12301912903785704 1.0000000180025095e-35 0.69221568107604992 0.33418257534503942 -0.34177371859550471 2.0692554712295537 0.52777779102325451 0.80212813615798961 -0.089015755802392946 1.0000000180025095e-35 0.66838321089744579 -0.3581403493881225 -0.44331768155097956
decision_type=2 10 10 2 8 10 8 2 2 10 2 2 2 8 10 2 10 2 10
left_child=2 3 9 6 10 -3 13 14 12 15 17 -8 -5 -2 -6 -1 -12 -4 -9
right_child=1 5 4 8 7 -7 11 18 -10 -11 16 -13 -14 -15 -16 -17 -18 -19 -20
leaf_value=-0.014372182615267466 -0.0055273501215590435 0.0087179396862796816 -0.011242091684295682 0.00184871059312901 -0.0085815415833645371 0.0138214444488665 -0.0010444500145827291 -0.00041223784601274329 0.0093659601632227214 -0.0081167629153433441 -0.0062860203733905605 0.0032030787943364216 0.0054680703591367674 -7.6453960728157993e-05 -0.0017565272174834782 -0.010305407259449575 -0.00057402008953164475 -0.0075254246174091769 0.0044202529077079283
leaf_weight=31928.635338798165 11801.926732391119 27808.216357424855 10246.678313314915 12988.109617367387 4336.3876074701548 35610.70464335382 16928.018941044807 7120.6744601279497 10014.481342032552 5645.14196588099 19874.678153201938 13954.956193342805 19909.517600759864 4691.6433572620153 4104.2893390059471 6523.9099478274584 2691.1579249948263 11674.069263964891 4995.8459121733904
leaf_count=131531 47423 112651 41561 52127 17464 146637 67804 28528 40453 22917 80030 55999 79957 18790 16444 26645 10784 47096 20028
internal_value=-1.78331e-05 0.0060076 -0.00850313 0.00208619 -0.00546425 0.0115877 -0.000815486 -0.00123525 0.00528845 -0.0129802 -0.00741679 0.000875829 0.00404145 -0.00397912 -0.00527683 -0.0136889 -0.00560611 -0.00927283 0.00158493
internal_weight=262849 153708 109141 90288.7 65043.8 63418.9 47376.5 20557.2 42912.1 44097.7 44486.6 30883 32897.6 16493.6 8440.68 38452.5 22565.8 21920.7 12116.5
internal_count=1064869 621841 443028 362553 261935 259288 190016 82464 172537 181093 179471 123803 132084 66213 33908 158176 90814 88657 48556
is_linear=0
shrinkage=0.0117215


Tree=24
num_leaves=20
num_cat=0
split_feature=70 33 33 24 40 79 79 105 40 57 105 33 70 33 24 105 70 78 33
split_gain=95824.1 21205.5 10270 8753.39 3802.19 2332.69 2015.17 1730.05 1533.84 1509.83 1340.39 1296.96 901.528 877.743 817.658 591.843 561.026 510.562 475.218
threshold=-1.9294576048851011 0.62679612636566173 0.18368285149335864 0.31133213639259344 0.37224599719047552 -0.87498885393142689 -0.48607327044010157 2.5220495462417607 0.62392309308052074 -2.4892961978912349 3.2816994190216069 0.3527361154556275 2.279635071754456 0.36529825627803808 0.40177026391029363 2.0630968809127812 -3.0652507543563838 1.0000000180025095e-35 0.066551800817251219
decision_type=2 10 10 10 8 2 2 10 10 8 10 10 2 10 10 10 2 2 8
left_child=2 4 9 6 13 -4 17 11 -5 18 -6 -7 -8 -2 -10 -11 -13 -3 -1
right_child=1 3 5 8 10 7 12 -9 14 15 -12 16 -14 -15 -16 -17 -18 -19 -20
leaf_value=-0.015229604158542201 -0.0071579731734239304 -0.0021676754118181698 -0.0097323049107817337 0.0073756264625864671 0.0013386780709960244 -0.0069393561260044307 0.0047410514154096325 0.0015862216546075354 0.01117238930452704 -0.010340611827734972 0.0075983163580015953 -0.0051735574410938477 0.0081619441122950716 -0.0020791695509516876 0.014617359082423677 -0.0037524927919250061 -0.0012883311071092967 0.0048351781704080625 -0.012316649793190877
leaf_weight=18296.762324273586 7782.2173126786947 4980.4469762295485 13044.075813367963 6734.6881893724203 28215.131180167198 22621.702162578702 19337.390322744846 6274.2866364270449 14996.421453639865 10420.537675708532 5620.0728028863668 8689.1213687807322 23755.938057184219 11730.470974177122 28339.95696786046 2326.6226838231087 12389.96744287014 1979.793226853013 14908.789192482829
leaf_count=75842 31318 19958 52857 27227 113177 91310 77716 25147 61267 42414 22665 34941 96049 46992 117096 9395 49686 7970 61254
internal_value=8.39726e-06 0.00597626 -0.00839604 0.00915605 6.9802e-06 -0.00532013 0.00568553 -0.00416451 0.0126211 -0.0126095 0.00238292 -0.00499057 0.00663027 -0.00411086 0.0134319 -0.00914717 -0.00289382 -0.000166284 -0.0139313
internal_weight=262444 153473 108972 100125 53347.9 63019.2 50053.6 49975.1 50071.1 45952.7 33835.2 43700.8 43093.3 19512.7 43336.4 12747.2 21079.1 6960.24 33205.6
internal_count=1064281 621435 442846 407283 214152 253941 201693 201084 205590 188905 135842 175937 173765 78310 178363 51809 84627 27928 137096
is_linear=0
shrinkage=0.0117215


Tree=25
num_leaves=20
num_cat=0
split_feature=70 32 32 40 40 19 81 40 32 70 32 32 81 32 40 81 40 40 98
split_gain=93676.1 21991.1 9567.64 6404.07 5108.93 4328.7 3027.53 2212.4 1882.88 1532.24 1280.9 1169.69 1158.47 1060.42 868.465 682.685 620.615 527.722 455.798
threshold=-1.9294576048851011 -0.27431276440620417 -0.6819067895412444 0.38547345995903021 0.59772968292236339 0.29336990416049963 -1.0000000180025095e-35 0.28711111843585974 -0.11515893414616583 3.0106879472732548 -0.91017544269561756 -0.51323008537292469 1.0000000180025095e-35 -0.51323008537292469 0.23839592188596728 1.0000000180025095e-35 0.56124901771545421 0.45533059537410742 -0.14869555830955503
decision_type=2 10 10 8 10 8 2 10 10 2 10 10 2 10 10 2 8 10 8
left_child=2 3 5 14 17 10 13 -4 -6 -8 15 -9 -7 18 -2 -1 -11 -3 -5
right_child=1 4 7 6 8 12 9 11 -10 16 -12 -13 -14 -15 -16 -17 -18 -19 -20
leaf_value=-0.014178971122832836 -0.0084767249087486316 2.2585986191271781e-05 -0.0081513129955811028 0.0011887289791746203 0.010101319832053941 -0.0078965847806969774 0.0040130561073836064 -0.0033256885152213008 0.014350123052433827 0.0049235457929305056 -0.0096200994401366893 0.0020380675320003346 -0.0015487181737708963 0.0026570132224052459 -0.0026121538153330089 -0.0065499800162694202 0.01052922696001907 0.0054087812059583473 -0.0041522612649332854
leaf_weight=33048.976508721709 4514.8796420097351 4086.7938079833984 7513.6384329795837 3088.3590213656425 29291.361555084586 24734.651988640428 31411.604176849127 11873.714181855321 28757.187202304602 3987.8539621531963 14579.454560652375 10508.862498477101 4715.32266099751 10501.814611777663 14902.887163728476 1755.163413181901 8938.665769264102 6411.2585726827383 7495.1230030953884
leaf_count=136608 18221 16393 30398 12371 119181 100196 126153 47678 119266 16034 59354 42120 18939 42129 59724 7104 36237 25897 30036
internal_value=1.46007e-05 0.00591394 -0.00830723 0.00192364 0.0108505 -0.0104481 0.00367791 -0.00265834 0.0122111 0.005416 -0.0125703 -0.000807846 -0.00688223 2.11212e-05 -0.00398426 -0.0137989 0.00881182 0.00331667 -0.00259452
internal_weight=262118 153388 108730 84841.2 68546.6 78833.6 65423.4 29896.2 58048.5 44338.1 49383.6 22382.6 29450 21085.3 19417.8 34804.1 12926.5 10498.1 10583.5
internal_count=1064039 621642 442397 340905 280737 322201 262960 120196 238447 178424 203066 89798 119135 84536 77945 143712 52271 42290 42407
is_linear=0
shrinkage=0.0117215


Tree=26
num_leaves=20
num_cat=0
split_feature=70 70 76 77 38 105 38 38 70 79 25 25 79 25 98 105 105 142 49
split_gain=91692.7 18316.4 8307.97 4290.69 3697.64 2449.11 2178.17 1477.25 1225.62 1216.4 1150.98 1142.07 1093.65 956.022 927.58 811.063 674.334 513.305 511.772
threshold=-1.7577984333038328 2.7388114929199223 -0.075525250285863862 0.03737896494567395 0.26872345805168157 2.3898177146911626 -0.43669520318508143 -0.233946718275547 -2.8630639314651485 -1.5695689320564268 -0.13189988583326337 -0.63327118754386891 1.5392569303512575 -0.42280204594135279 -0.35647504031658167 -2.6491892337799068 2.0630968809127812 -0.41354365646839136 0.49869792163372045
decision_type=2 2 10 10 10 10 10 8 2 2 10 10 2 10 8 10 10 2 10
left_child=2 4 6 12 7 8 -1 14 -4 -8 -5 -9 15 -6 -2 -3 -11 -10 -13
right_child=1 3 5 10 13 -7 9 11 17 16 -12 18 -14 -15 -16 -17 -18 -19 -20
leaf_value=-0.014223477262538023 -0.00011645729280856125 0.0020218968493828531 -0.0077619394153089754 0.010094142121997666 0.0033547838285160167 0.0010943436913278127 -0.012816758096103067 -0.0015901524546807957 -0.0062130948546679264 -0.0088323366023194579 0.014048224897920606 0.00463412955322017 0.012576452292546366 0.0085691587453529654 -0.0060187539231396567 0.0070003063138062271 -0.0035343984081024783 -0.0027597384138524782 0.001468366585663526
leaf_weight=20516.936778619885 8081.5551448017359 5761.5517513155937 23232.796566307545 16849.544978395104 8623.9854555726051 8235.9659245014191 10258.660215616226 11436.247023180127 9382.7564854323864 21240.476524636149 26735.644075348973 11985.978935360909 3901.193267211318 11098.478217244148 6662.0072781145573 20840.859272405505 3958.7671415358782 16136.670608624816 16954.923861145973
leaf_count=85449 32457 23158 94086 68966 34667 33033 42173 45833 37842 86513 111088 48157 15915 45058 26777 84228 15972 64866 68043
internal_value=-5.71175e-06 0.00603425 -0.00796848 0.0101649 0.00194337 -0.00481502 -0.0111757 0.000384073 -0.00581337 -0.00940397 0.0125258 0.00154355 0.00678443 0.00629573 -0.00278874 0.00592479 -0.00800407 -0.00403394 0.00278215
internal_weight=261895 148932 112963 74088.8 74843.2 56988.2 55974.8 55120.7 48752.2 35457.9 43585.2 40377.1 30503.6 19722.5 14743.6 26602.4 25199.2 25519.4 28940.9
internal_count=1064281 604347 459934 303355 300992 229827 230107 221267 196794 144658 180054 162033 123301 79725 59234 107386 102485 102708 116200
is_linear=0
shrinkage=0.0117215


Tree=27
num_leaves=20
num_cat=0
split_feature=33 81 39 39 33 82 82 71 39 39 26 33 71 39 39 33 69 82 18
split_gain=86037 19816.6 10916.1 7835.39 6198.73 5099.65 3967.95 1878.98 1523.3 1471.94 1345.42 1056.16 1044.09 805.497 720.233 706.389 644.542 610.408 607.828
threshold=0.4394549578428269 1.0000000180025095e-35 -0.55155396461486805 -0.15967959910631177 0.17951450496912005 -1.0000000180025095e-35 0.08266607299447061 1.860268294811249 -0.36308579146862024 -0.24482360482215879 0.39254514873027807 0.79278042912483226 -0.9076409339904784 -0.078105255961418138 -0.68984422087669361 0.60014981031417858 -2.0375113487243648 -0.42677217721939081 -0.64566573500633229
decision_type=8 2 10 10 10 2 2 2 10 10 10 10 2 10 10 10 2 2 10
left_child=2 5 4 6 14 12 15 18 -4 16 -6 -9 17 -5 -1 -3 -7 -2 -8
right_child=1 3 8 13 10 9 7 11 -10 -11 -12 -13 -14 -15 -16 -17 -18 -19 -20
leaf_value=-0.013560848359874382 -0.011066939029264594 0.00084294850205339088 -0.0025578968767616486 0.011017187897196062 -0.0084961944647985056 -0.0023574402327619197 0.0032064891015139421 0.0071006430593370563 0.0041981925799637705 0.0084352884377871026 -0.0044010798813718275 0.012397323574531468 -0.0017149104281337238 0.014753228320432491 -0.0086230249786907534 0.0044798088175640044 0.0021686528194060964 -0.0056312201357281069 0.0073124780078936023
leaf_weight=37650.035190761089 5111.0637115687132 12868.535207360983 13734.618703365326 14939.308045580983 26320.13883331418 5916.3323149383068 7483.4624143093824 7788.8974659442902 6854.1170389652252 4288.7573059052229 19119.370437219739 16142.814890041947 5225.988377019763 18187.375036105514 4729.2523502707481 17089.24691927433 15871.568044856191 6583.0104660987854 14970.608895778656
leaf_count=156278 20741 51583 55212 61294 106732 23743 30061 31520 27508 17419 76907 66289 20941 76067 19329 68845 63705 26495 60538
internal_value=-6.87089e-06 0.00566893 -0.00798896 0.00831684 -0.0097895 -0.00107354 0.00624785 0.00839492 -0.000306552 0.00217784 -0.00677625 0.010682 -0.00608055 0.0130773 -0.0130149 0.00291944 0.000938424 -0.00802424 0.00594878
internal_weight=260875 152467 108408 109470 87818.8 42996.7 76343.6 46385.8 20588.7 26076.7 45439.5 23931.7 16920.1 33126.7 42379.3 29957.8 21787.9 11694.1 22454.1
internal_count=1061207 619241 441966 446197 359246 173044 308836 188408 82720 104867 183639 97809 68177 137361 175607 120428 87448 47236 90599
is_linear=0
shrinkage=0.0117215


Tree=28
num_leaves=20
num_cat=0
split_feature=33 25 33 33 82 57 25 57 25 153 153 82 71 82 33 33 82 33 82
split_gain=84709.3 20798.2 10621 7496.43 3716.57 2834.87 2421.83 2152.4 1859.29 1204.36 989.782 988.245 827.541 740.799 630.055 626.781 580.055 532.414 465.019
threshold=0.45727041363716131 -0.42280204594135279 0.19620779901742938 0.76079660654068004 -0.071369327604770647 -0.37000726163387293 -0.20915916562080381 -2.0268151760101314 -0.93527621030807484 0.5634920895099641 0.58571431040763866 0.26356239616870886 -1.2449732422828672 -0.52486604452133168 0.61074438691139232 0.076240535825490965 -0.071369327604770647 0.95432740449905407 0.19676738977432254
decision_type=8 10 10 10 2 10 10 10 10 2 2 2 2 2 10 10 2 10 2
left_child=2 4 7 9 8 13 -5 15 12 14 -7 -6 -2 -4 -3 -1 -9 -8 -12
right_child=1 3 5 6 11 10 17 16 -10 -11 18 -13 -14 -15 -16 -17 -18 -19 -20
leaf_value=-0.014324122617091888 -0.010383590408123455 0.0006779749109646643 -0.0076778243526797341 0.0084718951772512121 0.00044858865434966764 -0.0030619166522047173 0.010911220355987263 -0.0092072522623208707 -0.0010525116734689266 0.0073521507972370273 6.2305353046019184e-05 0.0043622153459771445 -0.00092452387131779126 -0.004631852481441062 0.004953617741186354 -0.011302945597577005 -0.00366472869787925 0.014104817695855382 0.0056943726045328592
leaf_weight=21186.106159180403 6197.8697349429131 10302.565295934677 19008.409169286489 22833.123297289014 18306.03296713531 8271.5545057803392 10189.78995873034 6639.1317816376686 11605.111059755087 12310.948969975114 4300.9482241272926 17176.275123119354 1603.0188443213701 26369.254426240921 8753.1746708750725 18405.082760795951 4326.709711715579 29302.481271952391 3765.923724219203
leaf_count=88666 25162 41367 77052 92927 73443 33177 41881 27041 46553 49860 17251 69091 6425 106271 35372 75983 17479 122171 15126
internal_value=1.33135e-05 0.00581936 -0.00766992 0.00917531 8.94178e-05 -0.00440432 0.0115272 -0.0116525 -0.00403208 0.00449694 -0.000217064 0.00234471 -0.00844836 -0.00591107 0.00264562 -0.0129271 -0.00703277 0.0132877 0.00270039
internal_weight=260854 148580 112273 93692.1 54888.3 61716.1 62325.4 50557 19406 31366.7 16338.4 35482.3 7800.89 45377.7 19055.7 39591.2 10965.8 39492.3 8066.87
internal_count=1062298 604252 458046 383578 220674 248877 256979 209169 78140 126599 65554 142534 31587 183323 76739 164649 44520 164052 32377
is_linear=0
shrinkage=0.0117215


Tree=29
num_leaves=20
num_cat=0
split_feature=70 33 33 70 40 82 71 40 40 46 33 82 71 79 79 82 40 79 82
split_gain=85829 19856.3 9039 7529.77 3849.7 2920.39 1949.24 1621.25 1482.42 1172.22 881.117 874.071 845.451 776.821 763.2 700.856 643.66 631.812 560.504
threshold=-2.0095046758651729 0.6539159119129182 0.19620779901742938 2.8794844150543217 0.37224599719047552 -0.28454948961734766 -2.1281459331512447 0.62392309308052074 0.078639652580022826 -0.17164971679449079 0.35710020363330847 -0.045748354867100709 2.3328441381454472 -0.70347777009010304 -0.68806436657905568 -0.45790375769138331 0.28711111843585974 0.21542903035879138 0.02652270253747702
decision_type=2 10 10 2 8 2 2 10 8 10 10 2 2 2 2 2 10 2 2
left_child=2 4 8 6 10 13 18 -5 -1 11 -2 -6 -9 -4 -7 -10 -16 -8 -3
right_child=1 3 5 7 9 14 17 12 15 -11 -12 -13 -14 -15 16 -17 -18 -19 -20
leaf_value=-0.014489397406457327 -0.0069652923058753577 -0.0036166068324822559 -0.010891730723724435 0.0069561019553701442 -0.00030605352807536157 -0.0059074008811545132 0.0047686460503095522 0.0101613476226197 -0.011823700278350646 0.0102559618845619 -0.0019591255826330693 0.0034021518681402792 0.013603440433092674 -0.0065045606181614634 -0.0052332688459922139 -0.0081470982480636306 -0.00049573539482205794 0.0081062827728199255 0.0025140728734885042
leaf_weight=18450.403341904283 7774.7748946845531 3467.4346405863762 7862.1371145993471 8575.5971077680588 14770.999062985182 6962.2411190867424 16834.070461422205 14702.981221869588 16696.856438875198 2433.9734668880701 12765.946132257581 21330.75127248466 32254.04628585279 19517.221077412367 4971.7185084223747 12945.002889841795 18687.862155169249 14760.262307152152 4937.4558917880058
leaf_count=77625 31376 13905 32134 34780 59245 28131 67939 60422 69097 9894 51171 85799 134580 79000 20073 52932 74979 59974 19826
internal_value=7.17479e-06 0.00557817 -0.00811079 0.00888083 0.000236073 -0.00499221 0.00499902 0.0116736 -0.0118677 0.00242027 -0.00385973 0.00188572 0.0125312 -0.00777254 -0.00250227 -0.0102257 -0.00149542 0.00633275 -1.814e-05
internal_weight=260702 154608 106093 95531.8 59076.4 58001.2 39999.2 55532.6 48092.3 38535.7 20540.7 36101.8 46957 27379.4 30621.8 29641.9 23659.6 31594.3 8404.89
internal_count=1062882 628911 433971 391426 237485 234317 161644 229782 199654 154938 82547 145044 195002 111134 123183 122029 95052 127913 33731
is_linear=0
shrinkage=0.0117215


Tree=30
num_leaves=20
num_cat=0
split_feature=55 33 55 40 25 25 84 40 33 25 35 33 25 25 33 25 84 33 84
split_gain=81032.9 15659.8 11752.7 2870.68 2883.98 2706.13 2672.13 2301.1 2245.7 1722.5 2788.4 1568.4 959.466 891.771 883.434 781.466 657.209 623.6 588.435
threshold=0.019184768199920658 0.25314885377883917 1.3956596255302431 0.46465790271759039 -0.57378965616226185 -0.37310339510440821 1.0000000180025095e-35 0.62392309308052074 0.43073284626007086 -0.79100868105888356 0.43229167163372045 0.11706932634115221 -0.15075504034757611 -0.8749726116657256 0.68292018771171581 -1.087896943092346 -1.0000000180025095e-35 0.75476714968681347 1.0000000180025095e-35
decision_type=10 8 10 8 8 8 2 8 10 10 10 10 8 10 8 10 2 8 2
left_child=1 6 3 -2 -5 -4 11 -7 18 10 -10 -1 -9 -8 16 -12 -6 -14 -3
right_child=2 8 5 4 14 7 13 12 9 -11 15 -13 17 -15 -16 -17 -18 -19 -20
leaf_value=-0.013988272689742781 -0.0011114008382514203 -0.0058011569778204201 0.0030141032422206435 -0.00094219523457088989 0.00073596916611178888 0.0050202118741243789 -0.0096616297667235906 0.0098065996585044099 0.0035972539468304963 0.0016063815508676376 -0.010688752737647363 -0.009740831202170893 0.0087288655717181404 -0.0037696032429259288 0.007295036040806311 -0.0042666739848726803 0.005683113657991931 0.014025582403665996 -0.0022642598120631457
leaf_weight=25330.84228824079 15468.298837393522 23499.275079965591 6058.7077492773533 10237.105377525091 6036.2979473024607 7037.0691950321198 6056.1206945329905 15433.717979937792 5166.8134698420763 20990.823025628924 4344.8489982187748 23229.767101064324 3599.0184363871813 8539.6525733172894 26501.865000352263 6583.9616532623768 9497.8505027145147 27670.604290276766 8970.410102263093
leaf_count=106465 62016 94906 24474 41085 24265 28548 24983 63536 20739 84188 17735 95214 14807 34609 107479 26522 38287 116227 36130
internal_value=-3.34841e-06 -0.00641467 0.00666791 0.00332307 0.00463519 0.0104542 -0.0106392 0.0112914 -0.00257657 -0.000605071 -0.00348725 -0.0119621 0.0122333 -0.00622583 0.00599323 -0.00683712 0.00376472 0.0134229 -0.00482634
internal_weight=260253 132713 127541 67741.4 52273.1 59799.1 63156.4 53740.4 69556.1 37086.4 16095.6 48560.6 46703.3 14595.8 42036 10928.8 15534.1 31269.6 32469.7
internal_count=1062215 541491 520724 273132 211116 247592 261271 223118 280220 149184 64996 201679 194570 59592 170031 44257 62552 131034 131036
is_linear=0
shrinkage=0.0117215


Tree=31
num_leaves=20
num_cat=0
split_feature=70 55 39 71 40 39 81 81 40 39 81 40 70 40 71 71 40 81 40
split_gain=82467.9 16471.1 9945.14 5665.92 5325.5 3695.12 2147.17 1961.44 1341.43 1233.31 1141.16 954.573 935.146 853.332 727.594 702.917 599.014 466.42 431.631
threshold=-1.712830603122711 1.1297926902770998 -0.52678069472312916 -2.0065735578536983 0.39474938809871679 -0.12279007956385611 1.0000000180025095e-35 -1.0000000180025095e-35 0.078639652580022826 -0.36308579146862024 1.0000000180025095e-35 0.5662098526954652 3.2779655456542973 0.2474508807063103 -2.408498883247375 1.1374465227127077 0.50751906633377086 1.0000000180025095e-35 0.1894311532378197
decision_type=2 10 10 2 8 8 2 2 8 10 2 10 2 10 2 2 10 2 8
left_child=2 4 3 8 13 7 14 -3 -1 -4 18 -9 -13 -2 -6 -8 -17 -10 -5
right_child=1 5 9 10 6 -7 15 11 17 -11 -12 12 -14 -15 -16 16 -18 -19 -20
leaf_value=-0.014260786976346815 -0.0078507607637423125 0.0022871530516682848 -0.0023252279263722623 -0.0089681144733850596 -0.0035145116193513195 0.013407168375176796 0.0035194851475824291 0.0040197500560158576 -0.01071594884620144 0.0036436244786634295 -0.0017855482472395336 0.0075651417322838274 0.011653742333613167 -0.0019669493238032437 0.0018339601533519528 0.0033070904408439138 0.0077055913322872172 -0.0059448053161916675 -0.0057713045369904596
leaf_weight=17718.027996212244 4413.4103605002165 7344.671078696847 15027.002849876881 8456.4833904206753 4708.9083496034145 26130.767331436276 17642.138711243868 4750.7414285540581 34327.691944301128 6930.6336431503296 8278.5456234067678 15091.871641039848 16164.331066027284 14421.688423007727 13341.348510995507 5685.047801271081 17518.756846606731 3172.6478244662285 19440.850348412991
leaf_count=75050 17872 29656 60423 34715 18892 109928 70923 19212 141542 27806 33289 61639 67057 57813 53552 22840 71045 12886 78592
internal_value=-9.2999e-06 0.00577671 -0.00752342 -0.00922483 0.00206879 0.00992276 0.00380353 0.00781642 -0.0115874 -0.000439376 -0.00561351 0.00894207 0.00968668 -0.00335362 0.000435934 0.0052906 0.00663233 -0.0103162 -0.00674702
internal_weight=260566 147214 113352 91394.2 77731.3 69482.4 58896.2 43351.6 55218.4 21957.6 36175.9 36006.9 31256.2 18835.1 18050.3 40845.9 23203.8 37500.3 27897.3
internal_count=1064732 600429 464303 376074 312937 287492 237252 177564 229478 88229 146596 147908 128696 75685 72444 164808 93885 154428 113307
is_linear=0
shrinkage=0.0117215


Tree=32
num_leaves=20
num_cat=0
split_feature=81 82 82 38 69 57 57 69 82 82 82 82 38 38 126 38 126 52 5
split_gain=77142.7 16688 16066.7 3877.42 3652.67 3463.1 2503.47 1685.97 1323.43 1216.04 1099.51 1048.58 982.149 825.934 603.05 573.891 562.547 430.87 389.103
threshold=1.0000000180025095e-35 -0.00792554998770356 -1.0000000180025095e-35 0.41120074689388281 -2.2403265237808223 -0.37000726163387293 0.21409051120281222 1.7203562855720522 -0.4799294769763946 0.31920054554939276 0.43784078955650335 -0.4799294769763946 -0.34301143884658808 0.28001846373081213 -0.22356015443801877 -0.40692749619483942 0.23229540884494784 0.17449903488159182 0.24188034236431125
decision_type=2 2 2 10 2 8 10 2 2 2 2 2 10 10 8 10 10 10 10
left_child=1 4 6 7 8 12 11 -4 18 -9 -7 -2 -3 16 -14 -10 -8 -6 -1
right_child=2 5 3 -5 17 10 13 9 15 -11 -12 -13 14 -15 -16 -17 -18 -19 -20
leaf_value=-0.013703555677099452 -0.0057000926534979046 -0.0087213115853697499 0.0055034147414551714 0.013406965353239403 -0.0073151477406466405 0.00032603951449380609 0.0039967205731429598 0.0065236025946462401 -0.01315967227688236 0.010902550027257742 0.005320063931776085 -0.0004150795802415969 0.00089568655603797383 0.0076809624524256971 -0.0044318402488876451 -0.0076056372390499389 -0.0013689617238162946 -0.0042946116300238424 -0.010745031079012778
leaf_weight=23545.91658206284 7560.1798005700111 5438.8317353725433 26316.045851290226 23019.792986303568 26942.779509156942 18497.201681450009 7405.9282276332378 13610.507633924484 3258.4629700928926 24953.050825580955 8985.5256599634886 16139.267106935382 4145.3317388892174 5196.4505272656679 9791.3157933056355 12818.44721031189 4188.6747863292694 8713.6772618591785 9046.276568159461
leaf_count=99014 30619 22297 106251 97283 109626 74292 29859 55476 13709 103037 36344 64762 16673 21183 39536 52351 16833 35103 37692
internal_value=-1.0868e-06 -0.00632212 0.00645747 0.00927111 -0.00943787 -0.000713157 0.000347631 0.0077994 -0.0115273 0.00936192 0.00196196 -0.00210495 -0.00450543 0.00380741 -0.00284836 -0.00874872 0.00205945 -0.00658028 -0.0128906
internal_weight=259574 131184 128390 87899.4 84325.6 46858.2 40490.5 64879.6 48669.1 38563.6 27482.7 23699.4 19375.5 16791.1 13936.6 16076.9 11594.6 35656.5 32592.2
internal_count=1061940 536637 525303 362047 347495 189142 163256 264764 202766 158513 110636 95381 78506 67875 56209 66060 46692 144729 136706
is_linear=0
shrinkage=0.0117215


Tree=33
num_leaves=20
num_cat=0
split_feature=31 70 31 33 32 81 33 31 82 82 31 70 105 33 81 31 33 141 33
split_gain=80276.5 18198 10445.1 5001.25 4149.08 2493.43 1695.14 1530.52 1523.53 1490.98 1109.4 1030.97 811.15 666.527 637.77 629.815 616.231 598.596 489.954
threshold=0.069564670324325575 -2.7883058786392207 0.33813618123531347 0.48489971458911901 -0.76297605037689198 -1.0000000180025095e-35 0.11706932634115221 -0.1691719591617584 0.051347017288208015 0.26356239616870886 0.41866245865821844 3.2057138681411748 -3.6588506698608394 0.67108082771301281 -1.0000000180025095e-35 0.23162125796079638 0.35710020363330847 1.0000000180025095e-35 0.81311807036399852
decision_type=10 2 10 8 10 2 8 10 2 2 10 2 10 10 2 10 10 2 8
left_child=1 4 5 7 6 8 -1 16 -2 14 -4 15 -6 -11 -5 -7 -3 -9 -13
right_child=2 3 10 9 12 11 -8 17 -10 13 -12 18 -14 -15 -16 -17 -18 -19 -20
leaf_value=-0.013534978992850531 -0.0039014965475016195 -0.0066226800985859247 0.0096611397137613773 -0.0020914981611826907 -0.0092282540642124877 0.0034550338585646392 -0.0093839788279003571 -0.003089188700750577 0.0032128591962215136 0.0026919885103494834 0.013338176962938672 0.0066145282614454588 -0.0038762299271672363 0.0097293949987533809 0.0023440280997681908 0.0066478672469345466 -0.0027248045226165455 0.0011943055268810387 0.01164145699095202
leaf_weight=25819.756744280457 6175.4591031819582 20073.051811724901 20264.928579956293 6816.9609077572823 5173.5759231746197 18354.125865533948 29089.103620067239 9899.1852624565363 12405.923568099737 3136.2092453241348 26584.931536003947 5591.7535856366158 15811.508136376739 4566.279164403677 12749.701078236103 15945.040632650256 7777.5549644827843 8157.8851930648088 5327.2256298214197
leaf_count=109553 24792 81469 83768 27336 21224 73862 119631 39713 49926 12588 112780 22743 63977 18573 51180 64766 31271 32707 21948
internal_value=-1.15836e-05 -0.00562563 0.00755145 -0.00145404 -0.00964619 0.00446278 -0.0113408 -0.00381505 0.000846504 0.00252058 0.0117533 0.00594761 -0.00520446 0.00688073 0.000798056 0.00494282 -0.00553734 -0.00115493 0.00908665
internal_weight=259720 149071 110649 73176.8 75893.9 63799.5 54908.9 45907.7 18581.4 27269.2 46849.9 45218.1 20985.1 7702.49 19566.7 34299.2 27850.6 18057.1 10919
internal_count=1063807 609222 454585 294837 314385 258037 229184 185160 74718 109677 196548 183319 85201 31161 78516 138628 112740 72420 44691
is_linear=0
shrinkage=0.0117215


Tree=34
num_leaves=20
num_cat=0
split_feature=33 71 39 33 33 39 41 39 39 39 39 33 39 71 33 33 153 71 33
split_gain=74750.7 16378.3 10231.1 7049.03 6232.63 4245.05 2946.04 1621.19 1532.72 1438.49 1148.86 943.14 769.034 727.171 701.309 655.423 421.303 401.41 433.996
threshold=0.45727041363716131 1.1704092621803286 -0.55155396461486805 0.74855336546897899 0.18368285149335864 -0.36308579146862024 0.44010417163372045 -0.078105255961418138 -0.2886239737272262 -0.36308579146862024 -0.50699514150619496 0.34425543248653417 -0.20937424153089521 2.2723004817962651 0.066551800817251219 0.61615294218063366 0.61250001192092907 -2.5107978582382198 0.65965110063552868
decision_type=8 2 10 10 10 10 10 10 8 10 8 10 10 2 10 10 2 2 10
left_child=2 5 4 8 14 6 10 13 15 -4 -2 -6 -7 -5 -1 -3 -11 -8 -19
right_child=1 3 9 7 11 12 17 -9 -10 16 -12 -13 -14 -15 -16 -17 -18 18 -20
leaf_value=-0.013880458949297868 -0.0089450206217939251 0.00089575118950144922 -0.0022560112080763652 0.0080784480428139037 -0.0073042135874348511 0.0031771688273746958 -0.0020753603760923318 0.01402485572168964 0.0085923198803823948 0.0011013712080525299 -0.0028102434118184986 -0.0038397919457614192 0.008114332032163267 0.011155879190831965 -0.010811791852751105 0.0048412332427170655 0.0066373942941565824 0.00044175957722292485 0.0046857422464815085
leaf_weight=19798.908659860492 7526.3264481425285 13695.859990075231 14620.267085105181 20547.946073204279 29814.757623553276 16437.002850055695 3670.4530126899481 16662.398206785321 7664.857564419508 3587.2751486897469 9509.0480156391859 17069.351231500506 5896.4508036971092 22626.873642116785 22773.624247357249 10008.567961782217 3991.6243910193443 7619.7339348942041 5838.1429350674152
leaf_count=84369 30649 54984 58885 84381 121479 66169 14786 71288 31393 14411 38162 68800 24189 94047 95037 40475 16055 30559 23518
internal_value=5.31812e-06 0.0054762 -0.00723146 0.00854759 -0.00899858 0.000516413 -0.00208102 0.0109067 0.00404282 -0.000108492 -0.00552913 -0.00604543 0.00448776 0.0096964 -0.0122457 0.00256474 0.00402846 0.00135122 0.00228775
internal_weight=259359 147704 111656 91206.5 89456.6 56497.2 34163.7 59837.2 31369.3 22199.2 17035.4 46884.1 22333.5 43174.8 42572.5 23704.4 7578.9 17128.3 13457.9
internal_count=1063636 604600 459036 376568 369685 228032 137674 249716 126852 89351 68811 190279 90358 178428 179406 95459 30466 68863 54077
is_linear=0
shrinkage=0.0117215


Tree=35
num_leaves=20
num_cat=0
split_feature=55 40 39 24 71 40 39 42 26 24 26 39 39 41 71 41 41 40 18
split_gain=72986.4 12018.8 11508.7 4387.26 4058.9 3440.59 2853.04 1813.69 1700.5 1498.9 1493.28 1827.34 1454.75 1116.56 856.429 749.556 645.477 711.972 643.834
threshold=0.019184768199920658 0.19832354038953784 -0.19628747552633283 -0.29755400121212 0.57492831349372875 0.51249146461486828 -0.52678069472312916 0.61718750000000011 0.16972338408231738 0.39093266427516943 0.73524245619773876 -0.41716054081916804 -0.38120260834693903 0.62760415673255932 -1.2449732422828672 0.52343750000000011 0.61718750000000011 0.29632361233234411 -0.3714707344770431
decision_type=10 8 8 8 2 10 10 10 10 10 10 10 10 10 2 10 8 8 10
left_child=1 8 4 6 12 -6 13 18 -1 -4 11 16 15 -3 -12 -2 -5 -18 -7
right_child=2 3 9 10 5 7 -8 -9 -10 -11 14 -13 -14 -15 -16 -17 17 -19 -20
leaf_value=-0.013252884529787855 -0.0054126271375116329 -0.011029018707251561 0.0090772746576391027 -0.0053240660444387406 0.00075327242182219884 0.0060895569627916375 -0.0012080341734217121 0.0046104976312085566 -0.0085071168248763741 0.013491185261784397 -0.0036691998903201264 0.0021707073595716888 0.0031351887786475827 -0.0057336607769483102 0.005559347966064508 -0.00014575878433195681 -0.0047573701170685566 -0.00062000592186698864 0.010685450172374414
leaf_weight=24410.569354087114 6138.6598319411278 15506.004397213459 21584.643993631005 16306.8137126863 14701.105527058244 5679.3179538697004 8386.1895360946655 18459.327317923307 18400.241961345077 21260.133058935404 1828.056847974658 9557.7467465996742 12474.773848101497 8589.9051994085312 5467.1967290043831 9342.7193116396666 9569.0938870459795 14156.335611104965 17270.282624229789
leaf_count=104006 24650 64406 89190 65931 59078 23089 33772 75123 75969 90837 7363 38337 50223 35155 21978 37557 38702 56894 71585
internal_value=-1.79071e-05 -0.00611345 0.00633058 -0.00366545 0.00380889 0.00562627 -0.00710088 0.0073549 -0.0112189 0.0112737 -0.00170168 -0.00243021 0.000159628 -0.00914864 0.00324253 -0.00223916 -0.00352931 -0.00229174 0.00955543
internal_weight=259089 132178 126911 89367.3 84066.2 56110 32482.1 41408.9 42810.8 42844.8 56885.2 49590 27956.2 24095.9 7295.25 15481.4 40032.2 23725.4 22949.6
internal_count=1063845 542513 521332 362538 341305 228875 133333 169797 179975 180027 229205 199864 112430 99561 29341 62207 161527 95596 94674
is_linear=0
shrinkage=0.0117215


Tree=36
num_leaves=20
num_cat=0
split_feature=31 31 31 81 82 81 82 31 40 82 81 18 40 32 12 81 84 1 84
split_gain=74343.2 15346 11967.4 3558.21 3489.99 2750.81 2210.37 2135.44 1489.94 1228.45 1146.06 1026.22 827.086 753.761 739.082 719.579 619.796 538.203 534.744
threshold=-0.045003097504377358 0.2900546938180924 -0.3427977561950683 1.0000000180025095e-35 0.12143678590655328 -1.0000000180025095e-35 -0.096792194992303834 0.40779790282249456 0.083954609930515303 -0.17842575162649152 1.0000000180025095e-35 -0.59873440861701954 0.65613588690757763 -0.65909257531166066 0.65554919838905346 1.0000000180025095e-35 1.0000000180025095e-35 -0.099455099552869783 1.0000000180025095e-35
decision_type=8 10 10 2 2 2 2 10 10 2 2 10 8 10 10 2 2 10 2
left_child=2 4 8 9 5 13 -5 -3 -1 14 -6 -12 -9 -2 -4 -10 -11 -18 -7
right_child=1 7 3 6 10 18 -8 12 15 16 11 -13 -14 -15 -16 -17 17 -19 -20
leaf_value=-0.013548538643411859 -0.0079780598755765982 0.0082670879765397529 -0.0085010959450619109 -0.0029219355300840267 0.0025031612587836762 0.00089752776801774181 0.0042932164656867798 0.0057481936769674764 -0.0099651867372342242 -0.0053538652786821505 0.0029516900034701472 0.008267945015530128 0.013329647317592778 -0.0021864924889600239 -0.004088157012286116 -0.0039110909530333951 -0.0048928744716539175 0.00030791841347909565 0.0043894418000377678
leaf_weight=19320.770653501153 4646.4383636415005 29602.96136033535 17469.363279804587 13605.72757807374 15177.144565418363 14175.822808206081 10176.083949878812 2188.2887005805969 28308.21018345654 11702.583741307259 7234.9586797356606 16309.311487048864 26768.342009902 9193.4975662529469 7531.0755925625563 3026.3834253400564 4230.0078774690628 7645.6429124176502 10476.644896000624
leaf_count=83075 18853 122108 71467 54774 60999 56983 40983 9058 118098 47336 29132 66602 114746 36864 30448 12351 17058 30772 42244
internal_value=-9.65687e-06 0.00596991 -0.00660922 -0.00354849 0.0025368 3.70033e-05 0.000166561 0.0104938 -0.0109778 -0.00536641 0.0050203 0.00663883 0.0127618 -0.00414101 -0.00717679 -0.0093838 -0.00344165 -0.00155051 0.00238424
internal_weight=258789 135773 123016 72360.5 77213.8 38492.4 23781.8 58559.6 50655.4 48578.7 38721.4 23544.3 28956.6 13839.9 25000.4 31334.6 23578.2 11875.7 24652.5
internal_count=1063951 557589 506362 292838 311677 154944 95757 245912 213524 197081 156733 95734 123804 55717 101915 130449 95166 47830 99227
is_linear=0
shrinkage=0.0117215


Tree=37
num_leaves=20
num_cat=0
split_feature=31 31 31 26 25 39 31 31 26 84 33 25 24 25 39 26 71 39 98
split_gain=73511.5 15022.8 11591 4994.16 3855.49 2607.07 1592.92 1455.39 1222.92 1025.91 1290.29 1045.63 894.688 620.382 602.395 592.727 567.747 471.057 468.669
threshold=0.025906533934175972 -0.33593735098838801 0.31960353255271917 0.5938764512538911 -0.63327118754386891 -0.45932874083518976 -0.42737607657909388 0.41866245865821844 0.94113090634346019 -1.0000000180025095e-35 0.64836892485618602 -0.35261178016662592 -0.17698192596435544 -0.88298955559730519 -0.65563878417015065 0.35500462353229528 0.51211205124855053 -0.56651791930198658 0.038241298869252212
decision_type=10 8 10 8 8 10 10 10 10 2 10 10 10 10 10 10 2 10 8
left_child=1 6 4 5 13 12 14 -4 -5 10 -6 -11 -3 -2 -1 17 -10 -8 -12
right_child=2 3 7 8 9 -7 15 -9 16 11 18 -13 -14 -15 -16 -17 -18 -19 -20
leaf_value=-0.013230983167784019 -0.0062158950433144934 -0.0071277750388974272 0.0088896145966403921 0.00027371446063789208 -0.00033203228667899902 0.00038701961200217686 -0.0099646459902768911 0.012875557912840271 -0.0032321359575207798 0.0043041217049553399 0.0074653481549029031 0.0083280518548257774 -0.0039869924895938698 -0.00055139578391334818 -0.006123655383424376 -0.00462114794357045 0.0079581077540863913 -0.0034634816713615085 0.0019376998267085024
leaf_weight=25133.791058182716 3683.7557117193937 27866.299844264984 24777.177424699068 18481.821824476123 9557.1011436283588 11855.940405383706 19546.293008521199 26264.964808195829 701.34908738732338 20227.423816785216 6676.2961337864399 15936.697911500931 22756.199273809791 9392.3118079155684 1815.3440077602863 4262.8253886699677 4851.2431965768337 1695.9894098341465 3104.5032763034105
leaf_count=108109 14879 113707 102890 74170 38395 47541 81512 112845 2830 81662 27232 65053 91837 37658 7535 17357 19753 6919 12608
internal_value=-1.81641e-05 -0.00581606 0.00671728 -0.00281385 0.00356752 -0.00456011 -0.0107642 0.0109456 0.00172564 0.00491616 0.00273198 0.00608159 -0.00571839 -0.00215539 -0.0127579 -0.00864783 0.00653707 -0.00944995 0.00571959
internal_weight=258587 138967 119620 86512.9 68578.1 62478.4 52454.2 51042.1 24034.4 55502 19337.9 36164.1 50622.5 13076.1 26949.1 25505.1 5552.59 21242.3 9780.8
internal_count=1064492 571270 493222 349838 277487 253085 221432 215735 96753 224950 78235 146715 205544 52537 115644 105788 22583 88431 39840
is_linear=0
shrinkage=0.0117215


Tree=38
num_leaves=20
num_cat=0
split_feature=55 55 40 79 38 40 71 71 79 40 40 38 79 87 40 11 38 49 102
split_gain=69766.7 12001.7 10054.6 4167.53 3105.51 2218.78 1893.78 1682.24 1660.51 1507.48 1050.35 960.144 825.349 719.728 719.031 859.013 557.953 528.71 495.97
threshold=-0.15718908607959745 1.1761382818222048 0.17561572790145877 -1.1003200411796568 0.4072175025939942 0.42247900366783148 0.89485913515090953 -0.81364387273788441 1.4909331798553469 0.37633651494979864 0.078639652580022826 0.089884165674448027 -0.77295073866844166 -1.0000000180025095e-35 0.49309873580932623 -0.76848307251930226 0.24121392518281939 0.26953125000000006 0.83665704727172863
decision_type=8 10 10 2 8 8 2 2 2 10 8 10 2 2 8 8 10 10 10
left_child=2 5 10 -4 8 -2 12 11 14 -9 -1 13 -7 -5 -3 -16 18 -11 -14
right_child=1 4 3 7 -6 6 -8 9 -10 17 -12 -13 16 -15 15 -17 -18 -19 -20
leaf_value=-0.013461621645908318 -0.0017456575152107337 0.0011429097240793107 -0.0096226721306426396 -0.0036408195247108225 0.01260752387547984 -0.0058980028688121059 0.0054530433028273312 -0.0035441783919339569 0.011377739234048832 0.005700143794077934 -0.0095256978594943434 -0.0010583484414679069 0.0018138104279246709 -0.0070296757987497226 0.0014676566125255324 0.0074499097524686198 0.0040729874765212774 0.0006464533726194834 -0.0028342647344296343
leaf_weight=18205.739147484303 14624.315048053861 3636.0277165472507 15562.007590189576 19705.936446115375 24435.785180687904 2138.1046519577503 28672.229751691222 10644.722212731838 10776.18299536407 4432.3679008632898 19864.777792438865 10288.058900311589 9417.8851671665907 15424.182414218783 3801.2288904935122 25544.984535321593 8400.8222157359123 7883.9746586680412 4713.3546270281076
leaf_count=78903 58715 14656 64727 80154 105073 8611 116484 42945 45329 17829 82875 41430 37836 63076 15388 105580 33922 31700 18937
internal_value=1.64358e-05 0.005784 -0.00641984 -0.00415182 0.00925742 0.00229697 0.00340558 -0.0029039 0.00738094 -0.000317599 -0.011415 -0.00421056 0.00102307 -0.0051324 0.00606797 0.0066768 0.00168523 0.00247248 0.000261373
internal_weight=258173 136161 122012 83941.3 68194.2 67966.7 53342.4 68379.2 43758.4 22961.1 38070.5 45418.2 24670.2 35130.1 32982.2 29346.2 22532.1 12316.3 14131.2
internal_count=1064170 560531 503639 341861 286026 274505 215790 277134 180953 92474 161778 184660 99306 143230 135624 120968 90695 49529 56773
is_linear=0
shrinkage=0.0117215


Tree=39
num_leaves=20
num_cat=0
split_feature=70 70 24 40 82 82 84 24 40 40 40 71 82 40 24 82 40 71 46
split_gain=69921.1 15349.5 7716.07 5449.47 4856.64 2661.41 1597.03 1584.54 1506.56 1089.09 1040.69 772.972 592.195 591.762 570.503 551.299 498.637 451.901 333.853
threshold=-1.9294576048851011 2.7970715761184697 -0.34726393222808832 0.58750268816947948 0.13477291911840442 -0.34177371859550471 1.0000000180025095e-35 0.39818602800369268 0.36346563696861273 0.2694059163331986 0.45074939727783209 0.26042534410953527 -0.11704054102301596 0.4272222518920899 -0.429584190249443 0.26356239616870886 0.17561572790145877 0.89485913515090953 -0.33467102050781244
decision_type=2 2 10 8 2 2 2 10 8 10 10 2 2 10 10 2 10 2 10
left_child=2 4 6 13 8 18 14 -5 16 -7 -6 -10 -8 -3 -1 -11 -2 -12 -4
right_child=1 3 5 7 10 9 12 -9 11 15 17 -13 -14 -15 -16 -17 -18 -19 -20
leaf_value=-0.013329183070656893 -0.010543056427758723 -0.00077207247724165706 -0.0075691126048271721 0.008775572191544229 -0.0002777010671481882 -0.0060942106755362824 -0.008894642152318815 0.012756417919840522 -0.0015590570883237851 -0.0022075155889638332 0.004111946215828906 0.0022128709586533091 -0.0032878743626513197 0.004338306992730882 -0.010204189299366199 0.0016019442467181484 -0.0034253178908254162 0.0069052742528607162 -0.0001216846185245708
leaf_weight=20927.787540987134 1509.2627041786909 4474.6291767656803 24771.751046419144 27114.50392948091 4868.50016695261 8043.4591653347015 8105.3324033766985 28513.24417604506 13867.26572959125 19102.324140921235 15810.345483988523 16113.954922363162 3854.7960687428713 10162.127244457603 13927.833847627044 7159.424911916256 12095.838654324412 16346.75320418179 856.33669666945934
leaf_count=90407 6233 17952 101779 112569 19546 32897 33911 122734 55698 77022 63915 64909 15751 41312 58761 28762 48720 66933 3439
internal_value=6.71673e-06 0.00514289 -0.00725216 0.00914651 0.00165154 -0.00446419 -0.0108173 0.0108205 -0.00100015 -0.00232676 0.00477175 0.000468379 -0.00709746 0.00277726 -0.0120881 -0.00116849 -0.00423157 0.00553588 -0.0073206
internal_weight=257625 150876 106749 70264.5 80611.9 59933.3 46815.7 55627.7 43586.3 34305.2 37025.6 29981.2 11960.1 14636.8 34855.6 26261.7 13605.1 32157.1 25628.1
internal_count=1063250 620521 442729 294567 325954 243899 198830 235303 175560 138681 150394 120607 49662 59264 149168 105784 54953 130848 105218
is_linear=0
shrinkage=0.0117215


Tree=40
num_leaves=20
num_cat=0
split_feature=31 31 31 71 25 24 40 25 40 49 40 25 19 40 25 40 25 0 46
split_gain=68791.5 16784.4 8742.74 4005.67 3010.02 2520.3 1914.37 1869.94 1410.98 1223.33 1126.37 973.171 825.153 809.803 790.114 601.91 599.34 504.771 502.738
threshold=0.082609359174966826 -0.2971466183662414 0.34547275304794317 -0.75991633534431446 -0.54289990663528431 -0.38506083190441126 0.37633651494979864 -0.93527621030807484 0.49797669053077703 0.22786458581686023 0.64505255222320568 -0.15075504034757611 0.54977247118949901 0.28711111843585974 -0.35657407343387598 0.50751906633377086 -0.79816138744354237 0.18691474944353106 -0.43608985841274256
decision_type=10 8 10 2 8 10 8 8 8 8 8 8 10 10 10 10 10 10 10
left_child=1 5 4 7 16 18 -5 -3 -6 15 -4 -12 -7 -9 -10 -8 -2 -14 -1
right_child=2 3 10 6 8 12 9 13 14 -11 11 -13 17 -15 -16 -17 -18 -19 -20
leaf_value=-0.012317494607138135 -0.0045114875067982854 -0.0080707191628844772 0.0050932543346462441 -0.0027150441537743433 0.0011142305595717727 -0.0082054441650473361 0.0032686615184571912 -0.0057736499398073418 0.0046416723336529832 0.00079070966787735543 0.0092537424413684077 0.01311883173030661 -0.0052440859894785146 -0.0016750773863109969 0.0079904336648066454 0.0091376834326774136 0.0010362500464449148 0.0029827233947991006 -0.0038316218690852949
leaf_weight=31038.5565071702 3518.9372246563435 12416.843179687858 3852.0935439914465 13964.282461822033 7521.4469649940729 25222.234174609184 5322.7215535789728 8987.7459111809731 16340.560823962092 18015.622761338949 14084.672177180648 26143.885459005833 3828.2963322550058 25124.625261679292 24234.520512193441 4413.8987207710743 10913.035689786077 1378.8402794152498 1016.5298396497965
leaf_count=133907 14170 50930 15941 56202 30225 104839 21384 36560 66287 72485 59118 113466 15556 101086 99680 18053 43832 5565 4181
internal_value=-1.12033e-05 -0.00510768 0.00719403 -0.00181542 0.00437309 -0.00975487 0.000821912 -0.00417919 0.00578125 0.00260241 0.0111911 0.0117717 -0.00732831 -0.00275815 0.00664524 0.00594471 -0.000321537 -0.00306206 -0.0120514
internal_weight=257339 150730 106609 88245.7 62528.5 62484.5 41716.5 46529.2 48096.5 27752.2 44080.7 40228.6 30429.4 34112.4 40575.1 9736.62 14432 5207.14 32055.1
internal_count=1063467 620748 442719 356700 254194 264048 168124 188576 196192 111922 188525 172584 125960 137646 165967 39437 58002 21121 138088
is_linear=0
shrinkage=0.0117215


Tree=41
num_leaves=20
num_cat=0
split_feature=32 24 40 32 81 39 82 24 40 82 32 32 98 32 81 82 82 105 40
split_gain=64635.9 15499.9 8928.59 5726.91 4799.14 3773.43 2574.16 1979.81 1312.05 1051.94 813.682 637.259 601.195 585.873 557.553 521.666 500.07 482.185 443.616
threshold=-0.46127225458621973 -0.24098326265811917 0.55625393986701976 -0.20529492199420926 -1.0000000180025095e-35 -0.56651791930198658 1.0000000180025095e-35 -0.40511716902256006 0.37224599719047552 -0.077916942536830888 -0.089008215814828859 -0.34366723895072931 0.013483408838510515 -0.87944710254669178 1.0000000180025095e-35 -0.26067870855331415 -0.34177371859550471 2.2863016128540044 0.54197534918785106
decision_type=10 8 10 10 2 10 2 10 10 2 10 10 8 10 2 2 2 10 10
left_child=1 5 8 11 9 7 15 13 17 -3 -5 -4 18 -1 -9 -6 -16 -2 -8
right_child=2 4 3 10 6 -7 12 14 -10 -11 -12 -13 -14 -15 16 -17 -18 -19 -20
leaf_value=-0.012980292784665722 -0.0048015760615259338 -0.0056544215939928061 0.0035804181915534581 0.0096684096360265814 -0.0030265120051049758 -0.0028494819813041157 0.0048538734654944033 -0.0085259583224618959 0.0023129144832584919 -0.0018929059035429575 0.012831587831470936 0.0065055206041694695 0.0019868142668064059 -0.0088818789610141582 -0.0068627186085741462 0.0010162639300985736 0.0023223534607143739 0.0026270523039362407 0.0098773753406913752
leaf_weight=25120.631562516093 6870.7489724904299 22263.765437886119 17475.28900668025 22529.5609741956 7899.151602178812 11745.603713989258 4678.8507530838251 26713.916346877813 14637.548522502184 18921.397605881095 23313.748346120119 25070.720332279801 3765.4349063485861 6213.8905691057444 2192.4164256304502 9803.4088791906834 1272.8084527552128 1437.9745420068502 5167.1262958198786
leaf_count=109086 27698 90558 70617 94739 31839 47590 18875 111427 59085 76160 101602 102694 15200 26106 8995 39401 5122 5781 21317
internal_value=-6.48951e-06 -0.00514274 0.00671746 0.00840834 -0.00129964 -0.00894434 0.00215806 -0.0101066 0.00020226 -0.00392834 0.0112827 0.00530668 0.0059861 -0.0121747 -0.00795155 -0.00078929 -0.00349597 -0.00351217 0.00750726
internal_weight=257094 145758 111336 88389.3 72499.1 73259.3 31314 61513.7 22946.3 41185.2 45843.3 42546 13611.4 31334.5 30179.1 17702.6 3465.22 8308.72 9845.98
internal_count=1063892 601676 462216 369652 293350 308326 126632 260736 92564 166718 196341 173311 55392 135192 125544 71240 14117 33479 40192
is_linear=0
shrinkage=0.0117215


Tree=42
num_leaves=20
num_cat=0
split_feature=31 31 31 70 25 31 19 25 31 153 19 153 79 126 153 32 32 70 49
split_gain=65927 15843.9 8488.13 4397.94 2729.02 2135.6 1995.17 1278 992.409 863.983 747.132 724.676 709.172 651.666 551.013 535.53 435.436 397.073 356.128
threshold=0.082609359174966826 -0.31149506568908686 0.33813618123531347 -2.1628160476684566 -0.55838730931282032 -0.42737607657909388 1.1269701123237612 -0.97176638245582569 0.42592330276966101 0.47222222387790685 0.52442550659179699 0.41428571939468389 0.77545312047004711 -0.2570767849683761 0.52777779102325451 -0.56813323497772206 -0.59906095266342152 -3.2089816331863399 0.52994790673255932
decision_type=10 8 10 2 8 10 10 10 10 2 10 2 2 10 2 10 10 2 10
left_child=1 5 4 7 15 -1 9 17 -4 13 -7 -9 14 -5 -6 -2 -13 -3 -11
right_child=2 3 8 6 12 10 -8 11 -10 18 -12 16 -14 -15 -16 -17 -18 -19 -20
leaf_value=-0.012257629899739844 -0.0043401623273859541 -0.009826237176060135 0.0089980352489403125 0.00069663915844428426 0.0028455179459446842 -0.0084942013824192142 0.0063715038989986357 -0.0054924642839451303 0.012490303521042996 0.0029995336765002473 -0.0034504049266250638 -0.0037870992799311884 0.0082419387836402749 -0.0032507245662982561 0.0058127963463076556 0.00091795612420904262 0.00036009705037616139 -0.0052008647502331338 -0.00015987651014206359
leaf_weight=26483.741686344147 3638.385725736618 7536.9467720389366 21562.236824512482 8387.1858726292849 13651.947122380137 27158.125569328666 6349.3576498776674 13770.28017142415 24156.386168420315 8700.8843271434307 4790.9385806471109 6870.4095555245876 10072.529828906059 18175.711952731013 23570.541439518332 9720.7479555606842 7013.7430614829063 3994.8904308527708 11183.143481746316
leaf_count=115531 14660 31222 90750 33762 55338 113624 25867 55938 105647 35022 19505 27863 41664 73159 96055 39032 28219 16278 44952
internal_value=-2.60518e-05 -0.00502032 0.00703559 -0.00198728 0.00415839 -0.00979211 0.000221115 -0.00496104 0.0108487 -0.000622422 -0.00774092 -0.00358894 0.00547924 -0.00200483 0.00472696 -0.000519161 -0.001695 -0.00823761 0.00122451
internal_weight=256788 150415 106373 91982.6 60654.2 58432.8 52796.3 39186.3 45718.6 46446.9 31949.1 27654.4 47295 26562.9 37222.5 13359.1 13884.2 11531.8 19884
internal_count=1064088 620942 443146 372282 246749 248660 212762 159520 196397 186895 133129 112020 193057 106921 151393 53692 56082 47500 79974
is_linear=0
shrinkage=0.0117215


Tree=43
num_leaves=20
num_cat=0
split_feature=31 31 31 33 67 39 33 39 98 40 40 40 31 60 39 33 39 39 65
split_gain=65023.9 13361.6 10541.8 2335.88 3234.06 2377.41 1681.99 1621.5 1964.75 1509.46 1173.99 1147.27 881.851 868.254 683.9 909.771 589.932 571.212 430.658
threshold=0.025906533934175972 -0.33923211693763727 0.33813618123531347 0.41318099200725561 -0.91635558009147633 -0.47329443693161005 0.60543477535247814 -0.28400442004203791 0.35303780436515814 0.089211504906415953 0.47424882650375372 0.62392309308052074 0.42592330276966101 -0.054344834759831422 -0.62334674596786488 0.21205792576074603 -0.40818546712398524 -0.48270329833030695 0.62898099422454845
decision_type=10 8 10 8 10 10 10 8 10 10 10 8 10 8 10 10 10 8 10
left_child=1 9 7 5 6 -3 -5 8 10 -1 -2 -4 -13 -12 15 -11 -10 18 -6
right_child=2 3 11 4 17 -7 -8 -9 16 14 13 12 -14 -15 -16 -17 -18 -19 -20
leaf_value=-0.012780985608164175 -0.00012948821838940544 -0.0057865078945731454 0.0043624592308580913 -0.00031694515832531836 -0.0035545383260588517 0.00078294510995323939 0.0059407946379827345 0.0060287225442883542 -0.0049595536987981168 -0.010507289414452619 0.0070415521850315469 0.0094721256033053897 0.012913238523049471 0.002897985794641721 -0.0037721298350045364 -0.0055884728058935929 0.00039562454283244568 -0.0012928419511190627 -0.0084345044419681207
leaf_weight=19719.800497770309 8478.5094009488821 37172.550572812557 3554.2526993453503 16738.520360529423 4220.3250103741884 9495.5924613922834 9089.979836717248 25190.124962165952 4838.6096650213003 20250.99617652595 13141.368843391538 19406.546227216721 22749.894846722484 14834.082021445036 3598.9479731172323 7058.3138370811939 6743.104522973299 4078.693167373538 6214.6649767011404
leaf_count=86819 34014 151659 14715 67192 17145 38120 36916 103089 19554 86285 53834 82045 100161 60031 14881 29121 27110 16373 25561
internal_value=3.26986e-05 -0.00545219 0.00637987 -0.00266512 -0.000598873 -0.00445009 0.00188874 0.00362085 0.00235584 -0.0102387 0.00369148 0.0107956 0.0113352 0.00484865 -0.00860825 -0.00924182 -0.00184712 -0.00502176 -0.00647316
internal_weight=256575 137638 118936 87010.3 40342.2 46668.1 25828.5 73225.8 48035.7 50628.1 36454 45710.7 42156.4 27975.5 30908.3 27309.3 11581.7 14513.7 10435
internal_count=1064625 570072 494553 352966 163187 189779 104108 297632 194543 217106 147879 196921 182206 113865 130287 115406 46664 59079 42706
is_linear=0
shrinkage=0.0117215


Tree=44
num_leaves=20
num_cat=0
split_feature=70 33 33 70 38 79 40 84 40 84 79 17 33 79 79 33 105 105 105
split_gain=62851.2 14732.6 6961.48 5951.07 2903.78 1812.38 1746.57 1443.83 1424.22 1407.93 1331.28 876.922 694.132 609.43 581.469 552.822 462.055 447.933 487.451
threshold=-2.0095046758651729 0.64836892485618602 0.18368285149335864 2.8794844150543217 0.23737987875938418 -1.4234593510627744 0.28711111843585974 -1.0000000180025095e-35 0.65613588690757763 1.0000000180025095e-35 -0.46339483559131617 0.37209658324718481 0.49933472275733953 0.51655200123786937 -0.27683348953723902 0.085637986660003676 2.2138348817825322 2.6216995716094975 -0.54513782262802113
decision_type=2 10 10 2 10 2 8 2 10 2 2 10 8 2 2 10 10 10 10
left_child=2 4 7 10 6 -4 -2 15 -5 14 -3 -10 -8 -12 -7 -1 -9 18 -11
right_child=1 3 5 8 -6 9 12 16 11 17 13 -13 -14 -15 -16 -17 -18 -19 -20
leaf_value=-0.013081243557955971 -0.0054008007717621948 -0.00052368154368493324 -0.009887856833565925 0.0063222237851307131 0.0067131917046070553 -0.0075325105710062883 -0.0012896013400023544 -0.0077752753947975262 0.0091598250234739657 0.00055892913792833683 0.0041454909407048941 0.012574910941670903 0.0017785628110402456 0.0075656186256649058 -0.0041199212054089185 -0.010010793940477433 -0.0011528400278989191 0.0019899014716015405 -0.0036812684012223823
leaf_weight=18700.051699385047 9486.177944123745 6657.1767560690641 7286.3458068370819 10497.461126506329 8007.2158780992031 10047.583592697978 21121.13448651135 8127.0032201111317 18111.675768703222 5759.2153805792332 23199.453164041042 25366.887313574553 19427.314226523042 10437.880766481161 22032.436081111431 15195.300704613328 1771.030680090189 4502.7080277949572 10494.363558679819
leaf_count=82657 38581 26850 30440 43316 32791 41344 84861 34348 76688 23292 94459 111069 78207 43188 89807 64824 7268 18109 42530
internal_value=2.14781e-05 0.00481634 -0.00700598 0.00767625 0.000170116 -0.00441398 -0.00087963 -0.0105602 0.0102206 -0.00365509 0.00426403 0.011158 0.000180575 0.00521128 -0.00519344 -0.0117126 -0.00659582 -0.00127433 -0.00218017
internal_weight=256228 152312 103916 94270.5 58041.8 60122.7 50034.6 43793.4 53976 52836.3 40294.5 43478.6 40548.4 33637.3 32080 33895.4 9898.03 20756.3 16253.6
internal_count=1064629 630010 434619 395570 234440 245522 201649 189097 231073 215082 164497 187757 163068 137647 131151 147481 41616 83931 65822
is_linear=0
shrinkage=0.0117215


Tree=45
num_leaves=20
num_cat=0
split_feature=70 32 32 19 81 57 70 102 32 32 32 81 81 141 32 19 141 81 47
split_gain=61310.1 15061.5 7268.72 3627.69 3538.33 1977.8 1571.85 1189.09 1156.15 1005.9 867.844 821.805 762.038 720.365 696.65 487.889 456.073 431.34 381.051
threshold=-1.8468611240386961 -0.24555339664220807 -0.6819067895412444 0.33780659735202795 -1.0000000180025095e-35 1.8793519139289858 3.1818178892135625 0.15706843137741092 -0.52827107906341542 -0.87944710254669178 -0.070847555994987474 1.0000000180025095e-35 1.0000000180025095e-35 1.0000000180025095e-35 -0.44331768155097956 0.15570958703756335 -1.0000000180025095e-35 1.0000000180025095e-35 0.28204879164695745
decision_type=2 10 10 8 2 10 2 8 10 10 10 2 2 2 10 10 2 2 10
left_child=2 4 3 9 8 17 13 -4 -2 12 -7 -5 15 18 -9 -1 -16 -3 -6
right_child=1 5 7 11 6 10 -8 14 -10 -11 -12 -13 -14 -15 16 -17 -18 -19 -20
leaf_value=-0.01289116409647076 -0.0032694818400967572 0.0018127463314988961 -0.0085588332582063956 -0.0060349018547782582 -0.0024255802451790542 0.0092216985220362219 0.0072025169243741813 -0.0023253189328980499 0.0011568967063765633 -0.0076951051063615114 0.012567438432895598 -0.00056733779884610386 -0.0046236860558864987 0.0038418461780428451 -0.0016570928291684041 -0.0099697951610256737 0.0039957624236549244 0.0067695664773275164 0.0016598814430570648
leaf_weight=22934.604159623384 17761.858989477158 3033.6937069147825 3272.2123355716467 21066.036187618971 3980.0146094858646 24662.890895590186 12829.120208650827 19137.398839399219 14882.579144954681 13611.086280018091 19462.51840364933 4607.2986278533936 2165.8317160159349 24573.935532018542 3228.3105485439301 12823.257542386651 4931.3815988451242 12156.878469333053 14484.304802328348
leaf_count=100769 71684 12303 13509 86861 16014 105126 52938 77522 59992 56876 86180 18608 8922 99660 13021 54949 19874 50205 58517
internal_value=-2.44671e-05 0.00487698 -0.0067469 -0.00866189 0.00181324 0.00944621 0.00360416 -0.00190735 -0.00125211 -0.0104556 0.0107033 -0.0050551 -0.011441 0.00252823 -0.0011034 -0.0118507 0.00176091 0.00578393 0.000777308
internal_weight=255605 147828 107777 77208.1 88511.8 59316 55867.4 30569.3 32644.4 51534.8 44125.4 25673.3 37923.7 43038.3 27297.1 35757.9 8159.69 15190.6 18464.3
internal_count=1063530 612619 450911 326985 358805 253814 227129 123926 131676 221516 191306 105469 164640 174191 110417 155718 32895 62508 74531
is_linear=0
shrinkage=0.0117215


Tree=46
num_leaves=20
num_cat=0
split_feature=31 31 31 26 25 26 25 84 40 40 84 70 25 26 25 32 33 32 32
split_gain=60395.6 14136.5 8749.38 3860.94 2935.87 2044.28 1707.85 1604.35 1510.06 1087.74 1087.13 1071.68 982.362 858.518 774.886 739.964 696.831 659.026 612.572
threshold=0.060705581679940231 -0.31149506568908686 0.33813618123531347 0.69010925292968761 -0.54289990663528431 0.23958345502614978 -0.88298955559730519 -1.0000000180025095e-35 0.53684043884277355 0.62392309308052074 1.0000000180025095e-35 -2.9142763614654537 -0.17961713671684262 0.99774047732353222 -0.35261178016662592 -0.56813323497772206 0.34425543248653417 -0.84376439452171315 -0.50388169288635243
decision_type=10 8 10 10 8 10 8 2 8 8 2 2 8 10 10 10 10 10 10
left_child=1 5 4 6 15 10 -3 16 -6 -4 -1 -5 -11 -13 -10 -2 -8 -12 -9
right_child=2 3 9 11 8 -7 7 18 14 12 17 13 -14 -15 -16 -17 -18 -19 -20
leaf_value=-0.0117621736468859 -0.004457474971529915 -0.0064695406153273162 0.0042589507970513798 -0.0084784778414055562 0.0014040684644821091 -0.0058395458438616705 -0.0059670002142668916 -0.0013732086097634217 0.0044103573021983108 0.0082700495339408341 -0.010281526713441447 0.0019018378018228451 0.012242416351200169 0.0077231438060855907 0.0078059165671539995 0.0010806740874559971 -0.0023444006942523574 -0.0038212307333062049 0.0025852151196798872
leaf_weight=33151.540688067675 4580.5187624543905 16800.783978626132 3542.4825791269541 1059.5743389725685 10873.58101016283 15916.688559263945 13183.358921945095 13534.496731117368 16227.875863417983 12429.879788517952 4383.7706663608551 12323.965120702982 29219.704926893115 4840.772203758359 21804.006389021873 11817.237498402596 16415.73241057992 4359.355632185936 8872.4170287251472
leaf_count=145371 18492 69106 14716 4318 43819 66045 53725 54564 66048 52554 18898 49567 129083 19911 90291 47486 66102 18117 35621
internal_value=4.11969e-05 -0.0049376 0.0065673 -0.00195212 0.00382126 -0.00942944 -0.00322254 -0.00217116 0.0052598 0.0105314 -0.0107893 0.00284242 0.0110622 0.00355179 0.00636064 -0.000470468 -0.00396132 -0.0070791 0.000195256
internal_weight=255338 144842 110495 87031.1 65303.2 57811.4 68806.8 52006 48905.5 45192.1 41894.7 18224.3 41649.6 17164.7 38031.9 16397.8 29599.1 8743.13 22406.9
internal_count=1063834 601345 462489 352914 266136 248431 279118 210012 200158 196353 182386 73796 181637 69478 156339 65978 119827 37015 90185
is_linear=0
shrinkage=0.0117215


Tree=47
num_leaves=20
num_cat=0
split_feature=55 82 82 38 82 18 38 19 55 82 55 101 19 152 152 55 82 82 18
split_gain=56747.2 11297 7348.93 3748.11 2457.92 2354.51 2124.55 1861.61 1385.8 1318.06 1305.67 785.355 726.674 671.322 627.094 506.083 487.706 455.748 450.158
threshold=-0.25171196460723871 0.43784078955650335 -0.37804923951625818 0.34593503177165991 -0.16446672379970548 -0.35220922529697413 -0.38697588443756098 0.35706450045108801 -1.6622141003608701 0.2556366920471192 1.6609115004539492 -0.97150960564613331 0.58707839250564586 0.64583334326744091 0.21111111342906955 -1.0564553141593931 0.75797712802886974 -0.78193995356559742 -0.47710023820400232
decision_type=8 2 2 10 2 10 10 10 10 2 10 8 10 2 2 10 2 2 8
left_child=2 3 7 4 14 -3 12 8 -1 11 16 -8 -4 -6 -2 -13 -7 -10 -5
right_child=1 5 6 18 13 10 9 -9 17 -11 -12 15 -14 -15 -16 -17 -18 -19 -20
leaf_value=-0.011563491221346766 -0.0056625175664781697 0.0052257835316694189 -0.0097583180169250015 0.0022469021676021338 0.0013172883417059489 0.0056605229710480123 5.8801387866005801e-05 -0.0054088028516296061 -0.009893562503611477 0.0021404577791914198 0.011834513103109793 -0.0054852006781445249 0.0026885134776425497 0.0040639143124454411 -0.00099277805686562781 -0.0023843095115531677 0.0099426878669018615 -0.005612114662327204 0.010047346342607115
leaf_weight=29742.291229739785 5296.7401996701956 17568.675407394767 7025.8906461894512 1177.5880344361067 25797.25338563323 8555.962878704071 9174.874874189496 15878.920814827085 5431.5367347747087 8609.6288310289383 27948.6145221591 13938.201260387897 699.54645679891109 23276.060703188181 15409.111883476377 15134.785416945815 6563.778359875083 9598.0336781293154 8203.4797863215208
leaf_count=130814 21429 72390 30141 4814 104388 35122 37262 65513 22870 34755 123096 57616 2829 95461 62146 61200 27517 39470 35287
internal_value=2.71043e-05 0.00504669 -0.00606226 0.00212935 0.00119271 0.00885293 -0.00294011 -0.00886984 -0.0100939 -0.00199877 0.0103289 -0.00293125 -0.00862655 0.00262135 -0.00219236 -0.00387414 0.00753192 -0.00717229 0.00907616
internal_weight=255031 139797 115234 79160.2 69779.2 60637 54582.9 60650.8 44771.9 46857.5 43068.4 38247.9 7725.44 49073.3 20705.9 29073 15119.7 15029.6 9381.07
internal_count=1064120 581650 482470 323525 283424 258125 223803 258667 193154 190833 185735 156078 32970 199849 83575 118816 62639 62340 40101
is_linear=0
shrinkage=0.0117215


Tree=48
num_leaves=20
num_cat=0
split_feature=32 82 32 17 17 38 82 38 38 32 82 32 60 126 12 82 49 152 32
split_gain=56391.1 12753.3 7715.07 3353.79 2934.69 2328.37 1496.75 1476.24 1462.93 1031.65 966.926 683.787 818.247 673.8 668.08 666.381 630.101 524.058 505.187
threshold=-0.46127225458621973 -0.26884911954402918 -0.18165231496095655 0.031999364495277412 -0.3387028276920318 -0.18357228487730023 0.56067019701004039 -0.38359774649143213 0.16867836564779284 -0.76297605037689198 0.38998781144618994 -0.60980904102325428 -0.36350820958614344 -0.27608837187290186 0.73668220639228832 0.069621145725250258 0.20182291418313983 0.21111111342906955 -0.070847555994987474
decision_type=10 2 10 8 10 10 2 10 10 10 2 10 8 8 10 2 10 2 10
left_child=1 4 5 7 9 13 16 -3 15 -1 -7 12 -9 -2 17 -4 -5 -6 -10
right_child=2 3 8 6 14 10 -8 11 18 -11 -12 -13 -14 -15 -16 -17 -18 -19 -20
leaf_value=-0.011668779870136176 0.0029286134476463332 -0.0087160083451094245 0.0019878707543830552 0.0030512269546440394 -0.0082515989152955188 0.0031411127525094664 0.0080998406725665568 0.0015730923643694484 0.009818429859374124 -0.0061129483021896032 0.0061979323426333078 -0.00042054035736836587 -0.0047406575181408363 -0.0044259492604279234 -0.0030147887283842748 0.0082437715017834329 -0.0007859767721350759 -0.0052191457646702209 0.012743403452085552
leaf_weight=28358.470658034086 2450.0424959808588 6110.8598483502865 3386.8101872205734 9429.1435146480799 16771.084356084466 30531.618545681238 4349.174818828702 3319.459334269166 17088.396581202745 5579.7086305767298 26749.176992207766 13600.150858491659 18362.480741754174 5555.0188077837229 7974.9021854698658 7675.1873533129692 15536.980488285422 15064.301015973091 16702.751540645957
leaf_count=124904 9914 26118 13917 38237 70517 123959 17988 13430 73723 23066 110299 54747 75380 22493 32414 32757 62715 62059 75029
internal_value=-2.89001e-07 -0.00481684 0.00631672 -0.00125925 -0.0082263 0.00374319 0.00177335 -0.00340679 0.0100587 -0.0107602 0.00457053 -0.0024821 -0.00377339 -0.00217303 -0.00606116 0.00633662 0.000664741 -0.00682152 0.011272
internal_weight=254596 144457 110139 70708.2 73748.5 65285.9 29315.3 41393 44853.1 33938.2 57280.8 35282.1 21681.9 8005.06 39810.3 11062 24966.1 31835.4 33791.1
internal_count=1063666 601575 462091 288615 312960 266665 118940 169675 195426 147970 234258 143557 88810 32407 164990 46674 100952 132576 148752
is_linear=0
shrinkage=0.0117215


Tree=49
num_leaves=20
num_cat=0
split_feature=70 70 39 40 26 40 81 39 39 81 40 40 39 39 42 26 105 41 41
split_gain=56627.9 13033.9 6861.74 4897.22 4136.74 3564.62 1867.12 1304.16 1005.94 809.451 760.642 687.38 677.65 663.328 644.963 440.663 363.619 352.382 346.027
threshold=-1.9690172076225279 2.7388114929199223 -0.56133562326431263 0.5662098526954652 0.22498008608818057 0.41775727272033697 -1.0000000180025095e-35 -0.082861207425594316 -0.389755830168724 1.0000000180025095e-35 0.23839592188596728 0.056442905217409141 -0.173064149916172 -0.35431972146034235 0.60677084326744091 0.81950762867927562 1.0000000180025095e-35 0.59114584326744091 0.66927084326744091
decision_type=2 2 10 8 8 10 2 10 10 2 8 10 10 10 8 10 10 10 10
left_child=2 5 4 15 11 10 13 14 -4 17 -2 -1 -8 16 -5 -3 -7 -6 -13
right_child=1 3 8 7 9 6 12 -9 -10 -11 -12 18 -14 -15 -16 -17 -18 -19 -20
leaf_value=-0.012883202903709713 -0.0068445456233644985 0.00014252818504665132 -0.0027622258310298726 0.010077889908500543 -0.0077829679911944382 0.0007456440319058759 0.0037240760055610991 0.012429206393062378 0.0024126263974491111 -0.0017579901834676194 -0.0015145909816008795 -0.01084100260583757 0.0082345692994466417 0.002943313471802423 0.0070642242233924912 0.0044132894457317336 -0.0034404299318498283 -0.0051131631662682756 -0.0083112329653528012
leaf_weight=13564.690102532506 4604.991899356246 7952.5623299926519 15794.168787226081 19705.701499342918 11490.606133267283 4646.8820304423571 33289.437814995646 17454.056280955672 7639.7237183302641 7098.6706547290087 18040.912509873509 16819.730855122209 5311.0416648685932 6026.2305639535189 20029.358901292086 5676.3635327517986 7324.8887272179127 17302.816540047526 14398.736764669418
leaf_count=61540 18948 32128 64131 84252 47711 18686 135229 78760 30716 28778 72554 72737 22434 24409 84517 23178 29461 71595 61614
internal_value=-1.76502e-05 0.00459042 -0.00665925 0.00824382 -0.0082807 0.00132404 0.00289627 0.0097481 -0.00107444 -0.00531036 -0.00260434 -0.0106573 0.00434926 -0.00022157 0.00856381 0.00192577 -0.0018173 -0.00618403 -0.00968127
internal_weight=254172 150062 104109 70818 80675.3 79244.4 56598.5 57189.1 23433.9 35892.1 22645.9 44783.2 38600.5 17998 39735.1 13628.9 11971.8 28793.4 31218.5
internal_count=1063378 624556 438822 302835 343975 321721 230219 247529 94847 148084 91502 195891 157663 72556 168769 55306 48147 119306 134351
is_linear=0
shrinkage=0.0117215


Tree=50
num_leaves=20
num_cat=0
split_feature=81 24 24 40 84 84 40 26 84 76 71 71 24 102 26 26 38 38 101
split_gain=54179 11746.7 11174.8 3606.33 2997.81 2356.99 2108.44 1390.76 1200.66 913.801 850.724 835.215 787.018 679.218 512.445 468.47 409.995 377.666 470.824
threshold=1.0000000180025095e-35 -0.24098326265811917 0.29310464859008795 0.38101932406425482 -1.0000000180025095e-35 1.0000000180025095e-35 0.59772968292236339 0.15120055526494983 1.0000000180025095e-35 0.042563771829009063 -1.3738634586334226 1.6097475886344912 0.40177026391029363 0.87788391113281261 0.4706429541110993 0.5938764512538911 0.37621837854385382 0.073058057576417937 -1.189072251319885
decision_type=2 8 10 10 2 2 10 10 2 8 2 2 10 8 10 10 8 10 10
left_child=1 5 3 14 10 7 -4 -1 13 -6 -3 -10 -8 -5 -2 -12 -11 18 -7
right_child=2 4 6 8 9 17 12 -9 11 16 15 -13 -14 -15 -16 -17 -18 -19 -20
leaf_value=-0.012041228171530444 -0.0047107182467386278 -0.0069705378472629817 0.0039513591027414531 0.0027905923930576374 -0.00066580069093611477 -0.0011668241635050384 0.0086301082424893906 -0.0079166254112595855 0.0039170129334946558 0.0024638154758302526 -0.0042407035023567762 0.0077533965593386224 0.011861262700244901 -0.0020156131552842254 -0.00025955309439067473 -0.0004234827360497146 0.0085593435840516305 -0.0027818924334571033 -0.0073440551754741443
leaf_weight=26410.254831686616 8020.4347954243422 11145.857484817505 7740.3349505215883 16279.482910618186 21740.262626886368 2001.9903944134712 17455.853076115251 19948.048573374748 26004.960286796093 9006.3862043172121 12583.072477042675 11191.23213288188 26957.137763038278 5352.1190304011106 6371.1127028614283 6808.6382326185703 1809.7906464636326 5590.7374156564474 11405.948741033673
leaf_count=117682 32865 45957 31755 65990 87778 8325 74688 84573 105826 36572 51114 46555 120430 21659 25604 27424 7654 22820 48168
internal_value=-1.38622e-05 -0.00536353 0.00546714 0.00251236 -0.00175484 -0.00884541 0.00961246 -0.0102713 0.00379879 0.000719684 -0.0043915 0.00507539 0.0105965 0.00160055 -0.0027438 -0.00290255 0.00349992 -0.00535789 -0.00642533
internal_weight=253824 128451 125373 73219.3 63094 65357 52153.3 46358.3 58827.8 32556.4 30537.6 37196.2 44413 21631.6 14391.5 19391.7 10816.2 18998.7 13407.9
internal_count=1063439 538067 525372 298499 256499 281568 226873 202255 240030 132004 124495 152381 195118 87649 58469 78538 44226 79313 56493
is_linear=0
shrinkage=0.0117215


Tree=51
num_leaves=20
num_cat=0
split_feature=31 31 31 24 25 31 126 31 32 93 47 31 93 102 32 24 108 12 32
split_gain=54576.5 13766.9 7314.34 2801.47 2398.05 2009.34 1016.93 927.82 839.978 1178.86 680.42 616.542 543.378 519.109 488.17 478.692 458.34 380.16 458.611
threshold=0.082609359174966826 -0.31149506568908686 0.33813618123531347 -0.084138233214616762 -0.54289990663528431 -0.41376464068889612 -0.2570767849683761 0.44638763368129736 -0.61502885818481434 -0.80913665890693653 0.31057603657245642 -0.13571662455797193 -1.7813901305198667 0.28085657954216009 -0.56813323497772206 0.3148693591356278 -1.0000000180025095e-35 0.72964212298393261 -0.80975022912025441
decision_type=10 8 10 8 8 10 8 10 10 8 10 8 8 8 10 10 10 10 8
left_child=1 5 4 8 14 -1 10 -4 9 -3 -5 -8 -7 -6 -2 -15 -10 18 -11
right_child=2 3 7 6 13 12 11 -9 16 17 -12 -13 -14 15 -16 -17 -18 -19 -20
leaf_value=-0.011237340526089143 -0.0040456070122414254 8.4591851952334042e-05 0.0085970975324424995 4.9725533377733957e-05 0.0010589320348429556 -0.0018457527365662244 -0.0030867662670751661 0.012048995553550396 -0.0039028567883419621 -0.0086477676561431387 0.0054798280450555183 0.00035954535514702199 -0.007365678357257488 0.0048330810218827364 0.00089688983068039068 0.0078827433426069907 -4.6130961223571198e-05 -0.002560102353043226 -0.0051007186967419
leaf_weight=29225.02442240715 3659.2534282356501 5223.6653307080269 25543.295353829861 5623.4255937933922 3966.8641227334738 2734.2737592458725 10654.836830765009 18966.615655526519 7415.0296068191528 9084.1307165622711 7246.5242939591408 21465.089515820146 25199.767305880785 32676.331508532166 10770.79398791492 9123.3393843024969 9828.1464832723141 3678.5181465297937 11517.885092109442
leaf_count=131022 14782 21232 110272 22658 16040 11223 43089 85956 30095 37944 29536 86612 106430 133904 43324 38236 39565 14937 47136
internal_value=-1.20398e-05 -0.00457166 0.00647147 -0.00175742 0.0038052 -0.00908581 0.000330642 0.0100736 -0.00376615 -0.0049669 0.00311156 -0.000785074 -0.00682736 0.00511829 -0.000360953 0.00550273 -0.00170765 -0.00605271 -0.00667273
internal_weight=253603 148896 104706 91737.3 60196.6 57159.1 44989.9 44509.9 46747.4 29504.2 12869.9 32119.9 27934 45766.5 14430 41799.7 17243.2 24280.5 20602
internal_count=1063993 621479 442514 372804 246286 248675 181895 196228 190909 121249 52194 129701 117653 188180 58106 172140 69660 100017 85080
is_linear=0
shrinkage=0.0117215


Tree=52
num_leaves=20
num_cat=0
split_feature=31 31 31 33 30 31 93 40 32 39 34 32 40 33 33 40 39 30 33
split_gain=52966.6 12293.4 8463.55 2160.17 2001.72 1839.93 1697.86 1625.4 1354.96 1260.27 1109.42 1331.97 898.415 886.124 831.211 698.891 527.167 471.673 441.687
threshold=-0.067590329796075807 0.28615200519561773 -0.37021706998348231 0.52383148670196544 -0.083772160112857805 0.40384863317012792 0.7661721706390382 0.45972447097301489 -0.56813323497772206 -0.48270329833030695 0.68229165673255932 -0.40348395705223078 0.078639652580022826 0.34425543248653417 0.82011112570762645 0.67267686128616344 -0.57674753665924061 -0.025836423970758911 0.18775840103626254
decision_type=8 10 10 10 10 10 10 10 10 10 10 10 10 10 10 8 10 10 10
left_child=2 6 12 9 -5 -3 7 -2 -8 13 11 -9 -1 -4 -12 -7 18 -15 -14
right_child=1 5 3 4 -6 15 8 10 -10 -11 14 -13 16 17 -16 -17 -18 -19 -20
leaf_value=-0.012206946849728418 -0.00050991607431957275 0.0069567078156021114 -0.0062672445998203574 0.0037900198900334015 -0.007125506962361341 0.0051421587310542787 -0.0057557747272304642 -0.00021065740181776333 0.0012369801803020768 -0.0003320428011146372 0.0044150483142373614 0.0046669809656212343 -0.010008567415610709 -0.0022248782807228517 0.009841656501628368 0.011736901370760047 -0.0024477718826237953 -0.0066075033653575973 -0.0058838196300376473
leaf_weight=17104.816310912371 15542.694493621588 29008.593992963433 32814.465803667903 9057.6937587708235 3072.0171915143728 2469.8621810972691 6187.4943177700043 13840.760599672794 9820.8010104298592 9004.0311461091042 12151.18210414052 17286.276886239648 17402.437953695655 16104.563590139151 5732.5234950631857 25926.946182146668 1763.2516188770533 4262.4546022415161 4643.8793287426233
leaf_count=78159 62441 122437 136103 36675 12809 10547 25209 55868 39774 36235 49518 70504 76331 65159 24083 117555 7328 17571 19535
internal_value=6.04799e-07 0.00489971 -0.00586502 -0.0035061 0.00101716 0.00904359 0.00194518 0.00279238 -0.00147028 -0.00438845 0.00383938 0.00249958 -0.0101452 -0.00507478 0.00616505 0.011168 -0.00865361 -0.00314858 -0.00914684
internal_weight=253197 137967 115230 74315.2 12129.7 57405.4 80561.7 64553.4 16008.3 62185.5 49010.7 31127 40914.4 53181.5 17883.7 28396.8 23809.6 20367 22046.3
internal_count=1063841 577936 485905 304552 49484 250539 327397 262414 64983 255068 199973 126372 181353 218833 73601 128102 103194 82730 95866
is_linear=0
shrinkage=0.0117215


Tree=53
num_leaves=20
num_cat=0
split_feature=70 32 39 82 40 19 81 81 32 32 32 70 81 40 81 40 40 40 43
split_gain=52175.2 13430.5 6304.55 4311.7 3540.36 3148.71 1515.63 1463.21 1269.64 1216.5 922.521 750.921 696.509 666.606 493.282 430.903 430.752 399.928 378.376
threshold=-2.0095046758651729 -0.26185217499732966 -0.53696066141128529 0.069621145725250258 0.62896993756294262 0.2615028321743012 -1.0000000180025095e-35 1.0000000180025095e-35 -0.1277000233530998 -0.91017544269561756 -0.53808733820915211 3.0610302686691289 1.0000000180025095e-35 0.35462789237499243 1.0000000180025095e-35 0.45074939727783209 0.49309873580932623 0.18029504269361499 -0.0080393287353217584
decision_type=2 10 10 2 10 8 2 2 10 10 10 2 2 8 2 10 10 10 10
left_child=2 3 5 6 16 9 -2 15 -6 14 -4 -9 -7 -8 -1 -5 -3 -11 -19
right_child=1 4 10 7 8 12 13 11 -10 17 -12 -13 -14 -15 -16 -17 -18 18 -20
leaf_value=-0.011667565996330502 -0.0036642726712468711 0.00011653653113400366 -0.0028412751813980809 -0.0016110725039999404 0.0078128901036874383 -0.0059426088808027539 -0.0029790975966065497 0.0044620534507437918 0.011562335352462863 -0.01006986948272197 0.0021644870505858685 0.0087357950255430097 -0.0013473481327628057 0.0016447155388778991 -0.0047587029795090781 0.0025396159178053867 0.004704848389248506 -0.004063913990593985 -0.0082675930077969594
leaf_weight=28547.689814776182 18571.639529004693 5147.0453714728355 11598.470860034227 4949.2374214679003 22838.302139818668 29009.767201557755 5355.6545568108559 19459.02178581059 27898.873315215111 5339.3496614098549 8934.5639229416847 8014.6168602108955 5389.0432468056679 21031.97314478457 1540.1243036389351 11123.358728453517 6174.3454601913691 5975.7694882005453 5945.8027570545673
leaf_count=128425 75219 20819 47083 19916 96978 121326 21635 79365 126435 23336 35965 33718 21861 84927 6423 44951 25709 24846 24967
internal_value=-1.12459e-05 0.0043771 -0.00647072 0.00144489 0.0085568 -0.00792884 -0.00110112 0.0040727 0.00987896 -0.00989031 -0.000663127 0.00571513 -0.0052241 0.000704464 -0.0113179 0.00126101 0.00262338 -0.00739001 -0.0061725
internal_weight=252845 150564 102281 88505.5 62058.6 81747.5 44959.3 43546.2 50737.2 47348.7 20533 27473.6 34398.8 26387.6 30087.8 16072.6 11321.4 17260.9 11921.6
internal_count=1063904 629672 434232 359731 269941 351184 181781 177950 223413 207997 83048 113083 143187 106562 134848 64867 46528 73149 49813
is_linear=0
shrinkage=0.0117215


Tree=54
num_leaves=20
num_cat=0
split_feature=31 31 31 71 33 18 39 31 24 39 33 70 39 39 18 33 39 39 70
split_gain=51123.2 10512.9 9464.09 3042.34 2427.58 2377.88 1617.11 1192.39 1111.23 1106.75 675.868 642.724 626.19 598.37 585.762 544.587 520.251 518.647 475.829
threshold=0.0041775282006710776 -0.3427977561950683 0.33052237331867224 -1.0739802718162534 0.57897195219993602 -0.79567474126815785 -0.49748252332210535 -0.44467324018478388 0.13856917619705203 -0.082861207425594316 0.68292018771171581 -3.2544479370117183 -0.27091114223003382 -0.65014511346817005 -1.193596303462982 0.24491385370492938 -0.29312525689601893 -0.59212774038314808 3.3465713262557988
decision_type=10 8 10 2 10 8 10 10 10 8 8 2 10 10 10 10 10 10 2
left_child=1 7 5 6 -5 14 11 13 16 -4 12 -3 -10 -1 -2 17 -7 -9 -12
right_child=2 3 9 4 -6 8 -8 15 10 -11 18 -13 -14 -15 -16 -17 -18 -19 -20
leaf_value=-0.012072046816002144 -0.0064850257713596508 -0.007878881096904022 0.0081877248291443595 -0.0018539909483711553 0.0049015997803765346 0.0009606475835310166 -0.00043165573571197997 -0.009076691895620782 0.0014202645582398004 0.011938794238189254 0.005290424850930558 -0.0045708773781892552 0.0070043884818773629 -0.0039259196009181806 -0.00040458304752479858 -0.0039295622997028755 0.0042104571546800083 -0.0028711769881692773 0.0090445345407185011
leaf_weight=19586.867824047804 2795.5758686512709 13509.252810880542 28140.005462795496 29819.190789356828 9655.2289929986 18501.403545588255 9550.6969243437052 20919.979088813066 8903.2741951346397 17922.039992034435 13784.27146448195 20426.388256326318 3985.6685721725225 1352.5666864812374 9572.5704784244299 4261.2564229816198 10666.368326053023 2059.4613259583712 7125.6054389625788
leaf_count=89941 11408 56695 122146 120438 39335 74599 38476 91108 36037 82381 57003 83831 16507 5774 38507 17668 43566 8568 30181
internal_value=-1.27402e-05 -0.00508647 0.00546816 -0.00255609 -0.000199695 0.00290753 -0.00469383 -0.00944016 0.00383027 0.0096525 0.00527656 -0.00589224 0.00315657 -0.0115508 -0.00178855 -0.00780927 0.00215148 -0.00852401 0.00657837
internal_weight=252538 131141 121397 82960.8 39474.4 75334.7 43486.3 48180.1 62966.6 46062 33798.8 33935.6 12888.9 20939.4 12368.1 27240.7 29167.8 22979.4 20909.9
internal_count=1064169 551834 512335 338775 159773 307808 179002 213059 257893 204527 139728 140526 52544 95715 49915 117344 118165 99676 87184
is_linear=0
shrinkage=0.0117215


Tree=55
num_leaves=20
num_cat=0
split_feature=31 31 31 26 25 82 26 82 32 82 31 153 32 67 26 26 32 32 25
split_gain=50121.8 12230.4 6974.94 4065.93 2721.35 1784.22 1289.75 1064.67 849.417 736.902 722.412 684.419 670.143 642.358 557.655 509.5 494.029 492.253 477.802
threshold=0.073932543396949782 -0.3427977561950683 0.35274235904216772 0.63733327388763439 -0.54289990663528431 -0.26067870855331415 0.23596578836441043 0.10856156423687936 -0.57308340072631825 0.33595469594001776 0.44638763368129736 0.41428571939468389 -0.87944710254669178 5.0857548713684091 0.36341477930545812 0.99774047732353222 -0.6819067895412444 -0.56813323497772206 -0.29045948386192316
decision_type=10 8 10 10 8 2 10 2 8 2 10 2 10 10 10 10 10 10 10
left_child=1 6 4 5 17 14 12 13 -7 -6 -4 -10 -1 -5 16 -9 -3 -2 -11
right_child=2 3 10 7 9 8 -8 15 11 18 -12 -13 -14 -15 -16 -17 -18 -19 -20
leaf_value=-0.011170209967265692 -0.0040499566894819251 -0.0084442627042296148 0.0084859756887176452 0.00094608650713174844 0.0036843762046176475 -0.0032764267319710396 -0.0056379263413946683 0.0029533961676658509 -0.0027105149739849468 0.005101021426266973 0.01166586814712771 0.0019540446328020545 -0.0073980264061408989 -0.0073823867162155516 -0.0037458641395920205 0.008484009863859221 -0.0045360937250851609 0.00070560645868061921 0.0084069664633814184
leaf_weight=29003.188230678439 4042.3872328400612 10598.407330825925 21691.622993215919 12482.126900807023 25618.314895182848 22807.007659956813 10461.24990580976 5753.4857973754406 7088.5244969129562 14196.418569967151 18665.225995853543 10993.468045488 8593.8447376340628 1393.2212972939014 15169.425295189023 3822.9302827268839 7827.4816758781672 11290.420761883259 10650.553263813257
leaf_count=131808 16362 44746 94952 50222 105026 93041 44188 23259 28597 58643 85954 44225 37160 5697 61891 15963 31970 45435 44937
internal_value=-9.56913e-07 -0.00445693 0.00612696 -0.00207942 0.00377172 -0.00341932 -0.00929862 0.00217535 -0.00177334 0.00508517 0.00996257 0.000124305 -0.0103131 9.88631e-05 -0.00542003 0.00517645 -0.00679186 -0.000552403 0.00652464
internal_weight=252149 145994 106155 97936.1 65798.1 74484.3 48058.3 23451.8 40889 50465.3 40356.8 18082 37597 13875.3 33595.3 9576.42 18425.9 15332.8 24847
internal_count=1064076 612767 451309 399611 270403 304470 213156 95141 165863 208606 180906 72822 168968 55919 138607 39222 76716 61797 103580
is_linear=0
shrinkage=0.0117215


Tree=56
num_leaves=20
num_cat=0
split_feature=31 31 31 71 25 84 31 25 71 84 84 25 38 25 98 98 93 31 47
split_gain=48869.3 12345.9 7002.51 3513.67 2597.38 1332.33 1301.83 1206.35 1003.62 922.294 787.263 745.062 593.245 490.351 479.799 446.503 394.577 382.032 365.784
threshold=0.073932543396949782 -0.3427977561950683 0.36689189076423651 -1.1436077356338499 -0.54289990663528431 1.0000000180025095e-35 -0.44467324018478388 -0.88298955559730519 2.3526109457015996 -1.0000000180025095e-35 1.0000000180025095e-35 -0.33307446539402003 0.45685906708240515 -0.88298955559730519 0.11103697493672372 -0.36330434679985041 -1.7813901305198667 -0.12301912903785704 0.31559364497661596
decision_type=10 8 10 2 8 2 10 10 2 2 2 10 8 10 10 10 8 8 8
left_child=1 6 4 5 13 14 -1 -7 10 -6 -5 -11 -4 -2 17 18 -8 -3 -10
right_child=2 3 12 8 9 7 16 -9 15 11 -12 -13 -14 -15 -16 -17 -18 -19 -20
leaf_value=-0.011478274977311709 -0.0054195454257030809 -0.0060825573506132847 0.0090529614690967632 -0.002080171100218681 0.0028106642540324236 -0.0059299584547247266 -0.0036137448409717223 -0.00024118055822138263 0.0013910095316556747 0.0043696721642827348 0.0016999611134554998 0.0077308145885514393 0.012200639241443257 0.00046207197871155211 -0.0090774491572816699 0.0010298369754649969 -0.0080779896058115631 -0.0022511535582531578 0.0073995500926457717
leaf_weight=20922.353361278772 2268.4585228264332 15678.77533826232 23594.522030383348 23803.045150950551 17089.233337715268 7735.0829673111439 3130.7508757263422 15075.572072967887 2197.8218486607075 17611.537696540356 11073.676172837615 18943.204515293241 13183.552270442247 12948.178581655025 5676.5120378881693 8255.4163929969072 23926.419711083174 4678.8727704435587 3834.6741536706686
leaf_count=96416 9226 65086 104635 96388 70311 32211 13198 60953 8834 72371 44716 79761 61515 52110 23732 33412 103893 18936 15851
internal_value=-1.19299e-05 -0.0044058 0.00605988 -0.00201992 0.00385222 -0.00424575 -0.00927619 -0.00217432 0.000192404 0.00506421 -0.000879611 0.00611528 0.0101883 -0.000421683 -0.00605714 0.00280636 -0.00756499 -0.00520555 0.00522422
internal_weight=251628 145989 105639 98009.4 68860.6 48844.8 47979.5 22810.7 49164.6 53644 34876.7 36554.7 36778.1 15216.6 26034.2 14287.9 27057.2 20357.6 6032.5
internal_count=1063555 613626 449929 400119 283779 200918 213507 93164 199201 222443 141104 152132 166150 61336 107754 58097 117091 84022 24685
is_linear=0
shrinkage=0.0117215


Tree=57
num_leaves=20
num_cat=0
split_feature=31 31 31 25 82 33 31 40 40 25 40 25 82 60 33 40 82 40 25
split_gain=48243.3 10538.4 8554.1 2909.13 2432.31 1814.95 1696.79 1414.1 1305.99 886.38 686.435 587.454 572.727 567.173 528.626 469.258 436.64 377.498 520.626
threshold=-0.040296021848917001 0.28615200519561773 -0.3427977561950683 -0.70390814542770375 -0.19259389489889142 0.57897195219993602 0.41499422490596777 0.45533059537410742 0.078639652580022826 -0.46307535469532007 0.66700366139411937 -1.0027981400489805 0.34488935768604284 -0.33417715132236475 0.27805277705192571 0.25603277981281286 0.40798145532608038 0.56124901771545421 -0.30184063315391535
decision_type=8 10 10 8 2 10 10 10 10 10 8 10 2 10 10 10 2 8 8
left_child=2 3 8 11 13 15 17 -5 -1 -9 -8 -2 -11 -4 -10 -6 -7 -3 -19
right_child=1 6 4 7 5 16 10 9 14 12 -12 -13 -14 -15 -16 -17 -18 18 -20
leaf_value=-0.011830713129173241 -0.0072899379273297866 0.0025630258127800664 -0.0028030995679222833 -0.00043883107609436382 -0.0048808911493634704 0.0025077186458904179 0.004455066382285087 0.0018794482222125326 -0.0082301784698448465 0.0037820175650591314 0.011591185135190042 -0.0015322078150031683 0.0069761072426140821 -0.0059942558346846361 -0.002773144711944146 -0.001248475167470499 0.0085999758996979456 0.0050526217740797302 0.0084198785312177456
leaf_weight=16872.232826530933 3187.9537188261747 2548.482112005353 11235.873188734055 12263.84042878449 6177.9799829572439 5190.7557669728994 2054.9911462664604 17342.781554341316 28084.500287875533 17769.670519828796 23178.12152056396 10147.364782974124 13783.293489590287 24426.666635945439 2703.8127120584249 23182.374672308564 2345.0440396815538 9618.194260969758 19173.268884420395
leaf_count=78660 13197 10505 46037 49259 25492 21076 8859 70047 122871 72741 107562 40897 57374 101110 11149 93708 9694 40236 83064
internal_value=1.70915e-05 0.00493543 -0.005345 0.00203793 -0.00280946 -0.000698725 0.00874843 0.00311944 -0.00920187 0.00401169 0.0110147 -0.00291896 0.00518141 -0.00499133 -0.0077534 -0.00201607 0.00442419 0.00691698 0.00729999
internal_weight=251287 131068 120219 74494.9 72558.7 36896.2 56573.1 61159.6 47660.5 48895.7 25233.1 13335.3 31553 35662.5 30788.3 29360.4 7535.8 31339.9 28791.5
internal_count=1063538 553741 509797 303515 297117 149970 250226 249421 212680 200162 116421 54094 130115 147147 134020 119200 30770 133805 123300
is_linear=0
shrinkage=0.0117215


Tree=58
num_leaves=20
num_cat=0
split_feature=70 32 32 82 24 57 81 38 81 32 81 70 32 82 82 19 32 82 19
split_gain=47014.7 12427.9 5509.85 3751.68 2840.23 1787.25 1586.79 1453.32 1156.77 857.859 820.237 670.314 644.251 530.235 516.825 426.998 425.685 403.535 389.32
threshold=-2.0095046758651729 -0.25389094650745386 -0.70664972066879261 0.12805931270122531 -0.3817425668239593 1.8448989391326907 -1.0000000180025095e-35 -0.3078941255807876 1.0000000180025095e-35 -0.070847555994987474 1.0000000180025095e-35 3.0350961685180669 -0.51323008537292469 -0.30050873756408686 -0.065017387270927415 0.42288456857204443 -0.87944710254669178 -0.25289122760295862 0.23346313089132312
decision_type=2 10 10 2 10 10 2 10 2 10 2 2 10 2 2 8 10 2 10
left_child=2 3 4 6 16 14 -2 -4 -5 -7 15 -10 -9 -8 -3 -6 18 -12 -1
right_child=1 5 7 8 10 9 13 12 11 -11 17 -13 -14 -15 -16 -17 -18 -19 -20
leaf_value=-0.01170353782414809 -0.0032466897359746741 0.0013974414842700814 -0.0075989437713564565 0.0014034904829283252 -0.0076183939522206923 0.0081240899386169126 -0.0013636286035619105 -0.0024774550082410198 0.0043240194039612292 0.011471993445499373 -0.0043830192745305131 0.0084632052036649596 0.0012757988714522486 0.0020709262139931559 0.0062120003790602542 -0.0048059429151583264 -0.0074770362271137794 0.0016458856362475283 -0.007351369485901248
leaf_weight=23292.860792547464 20365.53674569726 4184.3458120375872 5313.4478657841682 14447.211327254772 20097.478426292539 25137.88437333703 8883.6192307025194 14684.2680862993 18514.790945038199 18609.297862276435 3716.4946579039097 7630.3172302395105 10951.172275230289 20139.831853747368 11578.961551353335 12045.343542724848 5400.7230059653521 2559.5580966472626 3389.2515804767609
leaf_count=107682 82574 17084 22489 58422 86068 110301 35913 59792 75843 86670 15338 32398 44191 81541 48539 50060 23515 10301 14998
internal_value=-6.71616e-07 0.00417867 -0.00615865 0.00142944 -0.00796814 0.00833338 -0.000740414 -0.00203375 0.00406844 0.00955357 -0.00581209 0.00553847 -0.000874404 0.00101941 0.00493793 -0.00656868 -0.0105439 -0.00192726 -0.0111576
internal_weight=250942 149492 101451 89981.3 70501.7 59510.5 49389 30948.9 40592.3 43747.2 38418.9 26145.1 25635.4 29023.5 15763.3 32142.8 32082.8 6276.05 26682.1
internal_count=1063719 629285 434434 366691 307962 262594 200028 126472 166663 196971 161767 108241 103983 117454 65623 136128 146195 25639 122680
is_linear=0
shrinkage=0.0117215


Tree=59
num_leaves=20
num_cat=0
split_feature=81 33 33 32 24 84 39 26 32 33 39 18 71 32 33 84 67 18 26
split_gain=45918 10145.7 9485.46 3901.9 3524.73 2333.61 2017.01 1108.09 1039.75 976.31 959.272 840.76 733.928 744.538 573.353 397.37 390.094 362.644 359.456
threshold=1.0000000180025095e-35 0.25314885377883917 0.68292018771171581 -0.53808733820915211 0.35147613286972051 1.0000000180025095e-35 -0.64446151256561268 0.13221801072359088 -0.25389094650745386 0.43073284626007086 -0.2886239737272262 -0.49554608762264246 -1.8777168393135069 -0.76297605037689198 0.92171752452850353 -1.0000000180025095e-35 -2.4185981750488277 -0.11605076491832732 0.5938764512538911
decision_type=2 8 10 8 10 2 10 10 10 10 10 10 2 10 10 2 10 10 10
left_child=1 6 5 12 11 9 7 -1 -7 -2 15 -4 13 16 -6 -5 -3 -16 -14
right_child=2 3 4 10 14 8 -8 -9 -10 -11 -12 -13 18 -15 17 -17 -18 -19 -20
leaf_value=-0.011557120221928882 -0.0035637192199831202 -0.004247967801769459 0.0031687683073476588 -0.0022017327854468192 0.0076229297789497481 0.0025861528312248645 -0.0036682429303707049 -0.007880666569084498 0.0090586549125857233 0.00070910801522311082 0.0050039135886767077 0.0066056183248207898 -0.0038021831157577569 -0.0036377756046867514 0.0094202046875312157 0.0012261959516796522 -0.0097390590770007647 0.012293703113486817 -0.000679148512885128
leaf_weight=23533.244707167149 12184.268971040845 2453.8190347254276 15977.375425696373 7033.6799416840076 8429.553946480155 11829.804925307631 8906.2155778855085 22173.984993964434 4785.6960783302784 18438.624951690435 7260.6750862598419 25496.659356608987 18649.282438188791 9266.3146250993013 10467.786448419094 13577.559052944183 6995.7401631623507 16298.790756806731 6963.6159573942423
leaf_count=109185 49940 10194 65370 28400 36834 47878 37105 96338 20250 74577 30186 107893 76376 37741 47355 54831 29830 76076 28026
internal_value=-1.4977e-05 -0.00497297 0.00505926 -0.00208834 0.00760429 0.000926838 -0.00878402 -0.00977848 0.00446047 -0.000992384 0.00134747 0.00528413 -0.0042482 -0.0060128 0.010333 5.52355e-05 -0.0083271 0.0111791 -0.00295448
internal_weight=250723 126814 123909 72200.7 76670.2 47238.4 54613.4 45707.2 16615.5 30622.9 27871.9 41474 44328.8 18715.9 35196.1 20611.2 9449.56 26766.6 25612.9
internal_count=1064385 538212 526173 295584 333528 192645 242628 205523 68128 124517 113417 173263 182167 77765 160265 83231 40024 123431 104402
is_linear=0
shrinkage=0.0117215


Tree=60
num_leaves=20
num_cat=0
split_feature=55 40 38 79 79 26 153 40 18 26 87 18 38 48 79 71 79 153 19
split_gain=43073.5 9339.99 6286.14 3706.16 3121.4 1803 1515.16 1353.42 1548.24 1305.29 783.73 753.328 692.667 577.822 470.32 462.886 426.628 401.88 384.462
threshold=0.19538209587335589 0.19383514672517779 0.38386248052120214 -1.1003200411796568 1.0926107764244082 0.64893454313278209 0.47222222387790685 0.49309873580932623 -0.86212509870529164 0.16972338408231738 1.0000000180025095e-35 -0.22020091116428372 0.22581449151039126 0.27473957836627966 -1.9289442896842954 -1.8999984860420225 1.9420580863952639 0.41428571939468389 1.2825437188148501
decision_type=10 8 8 2 2 10 2 8 8 10 2 10 10 8 2 2 2 2 10
left_child=1 9 4 14 7 6 15 -2 -9 -1 -10 -4 13 -8 -3 -5 -6 -12 -7
right_child=2 3 11 5 16 18 12 8 10 -11 17 -13 -14 -15 -16 -17 -18 -19 -20
leaf_value=-0.011133467460627079 -0.00045949870681407301 -0.010447262651419134 0.0072867645738209502 -0.0057645400978414609 0.0066506239972217397 0.0018365014672619274 -0.0038606079316727336 -0.0033390437642175129 0.0057806885405995972 -0.0068001796623824561 0.00022420686766684626 0.011347979609061937 0.003084253903555584 -0.00022691975293594299 -0.0061458926916669425 -0.0029642096678011908 0.010518576385011512 0.0035711316044080162 0.0082613541121807545
leaf_weight=22284.097639471292 15470.855252593756 5993.0781446248293 9511.6208571642637 12638.648808017373 9686.160078600049 10907.808539256454 8439.3607465028763 4175.5271616876125 21042.552032426 17005.9757193923 6538.1102133393288 19602.304091706872 6007.9019719213247 20779.813062131405 8763.1930046379566 22900.595830321312 6848.9438268989325 20047.24463942647 1430.9181453734636
leaf_count=103644 62385 26521 41548 52948 41535 43950 34717 16838 88112 73237 27000 91684 24324 84749 37326 93395 30368 83099 5890
internal_value=-2.33033e-05 -0.0044371 0.0053373 -0.00249782 0.00370549 -0.00153549 -0.00225642 0.00258228 0.00349049 -0.00926302 0.00409057 0.010028 -0.000533041 -0.00127867 -0.00790654 -0.0039632 0.00826529 0.00274894 0.00259574
internal_weight=250075 137151 112923 97861.3 83809.4 83105 70766.3 67274.3 51803.4 39290.1 47627.9 29113.9 35227.1 29219.2 14756.3 35539.2 16535.1 26585.4 12338.7
internal_count=1063270 580701 482569 403820 349337 339973 290133 277434 215049 176881 198211 133232 143790 119466 63847 146343 71903 110099 49840
is_linear=0
shrinkage=0.0117215


Tree=61
num_leaves=20
num_cat=0
split_feature=82 71 71 40 39 39 40 25 40 19 41 39 104 25 84 82 40 42 39
split_gain=40066.2 12401.9 6540.8 3989.8 3488.46 2267.32 1815.41 1598.31 1431.78 1094.82 882.741 820.669 618.04 574.622 568.474 482.328 334.585 320.9 317.529
threshold=-0.11704054102301596 1.3755924105644228 -1.656450033187866 0.57666704058647167 -0.36308579146862024 -0.58694934844970692 0.2694059163331986 -0.17961713671684262 0.28711111843585974 0.22308599203825 0.57031250000000011 -0.34091098606586451 -9.2938117980957013 -0.43159662187099451 -1.0000000180025095e-35 -0.64483004808425892 0.43209011852741247 0.59114584326744091 -0.19628747552633283
decision_type=2 2 2 10 10 10 8 10 10 10 10 10 10 10 2 2 8 10 10
left_child=2 4 5 16 6 9 -2 17 -4 15 -8 12 -10 -6 -9 -1 -3 -5 -19
right_child=1 3 8 7 13 -7 10 14 11 -11 -12 -13 -14 -15 -16 -17 -18 18 -20
leaf_value=-0.011441927641730038 -0.0062712508467221923 0.00033687604043958804 -0.0051311301514289339 0.0079873509995056734 0.0022210744579670562 -0.0031699532893550075 -0.0023718674200568493 0.0073734699788282352 0.0015786756627561166 -0.0067214690697901276 0.0013453068439159088 0.0035567917392592503 -0.0027278624214401182 0.0058035048331041327 0.010993950057603424 -0.008416226181786491 0.0035889253914443212 0.0033409209631750617 0.0067978073278864891
leaf_weight=21252.436254709959 9273.4288729727268 6953.3018298596144 13855.610396921635 9193.998876824975 13968.776978030801 10714.379112735391 16913.747611805797 7888.5241599678993 6365.4023262113333 17377.418687671423 18198.286536291242 5427.8318467587233 16171.902044340968 11039.021145492792 27452.853298559785 11589.724721685052 11595.120789542794 6991.1611529886723 7819.6835408359766
leaf_count=98578 39552 28003 57726 39300 56640 43950 68839 34775 25722 74877 73877 22395 65522 46333 126918 51156 47702 28778 33893
internal_value=-7.76999e-06 0.00391107 -0.00562462 0.00712067 0.000307084 -0.008074 -0.00166545 0.00860341 -0.0020533 -0.00911833 -0.000445671 -0.000525364 -0.00151116 0.00380637 0.0101912 -0.0103809 0.00237177 0.00625814 0.00517386
internal_weight=250043 147288 102755 77894.6 69393.3 60934 44385.5 59346.2 41820.7 50219.6 35112 27965.1 22537.3 25007.8 35341.4 32842.2 18548.4 24004.8 14810.8
internal_count=1064536 624610 439926 339369 285241 268561 182268 263664 171365 224611 142716 113639 91244 102973 161693 149734 75705 101971 62671
is_linear=0
shrinkage=0.0117215


Tree=62
num_leaves=20
num_cat=0
split_feature=24 40 40 24 24 38 38 26 48 40 19 38 38 43 98 40 87 40 19
split_gain=41109.8 8646.16 7025.75 4335.61 3070.6 1103.45 1079.88 950.116 892.732 764.087 754.217 651.779 517.428 808.191 477.855 447.344 629.397 347.84 330.914
threshold=0.035283630713820464 0.1708270534873009 0.53684043884277355 0.33705437183380133 -0.24509431421756742 0.094205420464277281 0.24121392518281939 0.12839388847351077 0.31640625000000006 0.36794511973857885 1.1126297712326052 0.45271821320056921 0.36098840832710272 0.053202513605356223 0.29660393297672277 0.27814978361129766 1.0000000180025095e-35 0.62392309308052074 0.51982018351554882
decision_type=10 8 8 10 8 10 10 10 10 10 10 8 8 8 8 8 2 8 10
left_child=1 7 9 12 5 8 10 -1 18 -2 15 17 13 -4 -7 -6 -17 -5 -3
right_child=2 4 3 11 6 14 -8 -9 -10 -11 -12 -13 -14 -15 -16 16 -18 -19 -20
leaf_value=-0.011400374695193458 -0.0025092407578387321 -0.0091514553770904311 0.0051968355696005173 0.0050138579724566777 -0.003992517033742397 0.0018708809118880439 0.0030881202746378396 -0.0074534921260740773 -0.0045714484780693676 0.0015095704403693708 0.0050050504941661971 0.0116485487882469 0.0066074141514499566 0.0016334623136746789 -0.0035575430267968805 0.00027453062620991491 -0.0028275441112373717 0.0089839564617063914 -0.0023784950293048134
leaf_weight=17620.293891862035 10379.883655250072 10981.954404249787 19618.656656876206 3576.9287677556276 10401.739808484912 3671.8238887935877 8099.9576242417097 16433.10522800684 22351.133811026812 17301.462268099189 2290.3659316152334 13535.180699244142 10226.951686248183 15817.373711660504 5598.1964047253132 18484.555165246129 17458.610741913319 24434.483125984669 1110.6564166098833
leaf_count=83336 42009 48033 81522 15178 42914 14917 33020 72282 94415 70203 9337 64759 44067 64843 23030 74737 70858 109336 4598
internal_value=-1.78471e-06 -0.00439981 0.00514681 0.00677948 -0.00266826 -0.00500217 -0.000868706 -0.00950212 -0.00596786 1.76434e-06 -0.00152886 0.00951927 0.00428309 0.00360839 -0.00140806 -0.00185411 -0.00123309 0.00848158 -0.00853515
internal_weight=249393 134502 114891 87209.6 100449 43713.8 56735.2 34053.4 34443.7 27681.3 48635.3 41546.6 45663 35436 9270.02 46344.9 35943.2 28011.4 12092.6
internal_count=1063394 571477 491917 379705 415859 184993 230866 155618 147046 112212 197846 189273 190432 146365 37947 188509 145595 124514 52631
is_linear=0
shrinkage=0.0117215


Tree=63
num_leaves=20
num_cat=0
split_feature=31 31 31 82 25 33 40 40 67 19 40 25 25 40 25 19 25 82 99
split_gain=42362.4 10288 6583.78 3295.04 2415.81 1521.35 1338.18 1191.51 977.402 842.505 836.616 830.935 745.429 583.958 559.125 546.028 431.771 369.332 323.68
threshold=0.060705581679940231 -0.3427977561950683 0.36689189076423651 -0.071369327604770647 -0.55838730931282032 0.61615294218063366 0.49797669053077703 0.062327073886990554 0.26840014755725866 0.5978267788887025 0.67267686128616344 -1.098528206348419 -0.35261178016662592 0.2694059163331986 -0.13189988583326337 0.42288456857204443 -0.8749726116657256 -0.65964150428771962 -0.30343458056449885
decision_type=10 8 10 2 8 10 8 10 10 10 8 10 10 8 8 10 10 2 8
left_child=1 7 4 9 16 13 -6 -1 -7 11 -4 -3 -8 -5 -12 -9 -2 -13 -15
right_child=2 3 10 5 6 8 12 15 -10 -11 14 17 -14 18 -16 -17 -18 -19 -20
leaf_value=-0.011571644144972257 -0.0048448545447095899 -0.0085468390067687597 0.0042654363143625621 -0.0043250065800820364 0.00044065311144647027 0.0061647572113944461 0.0036090688414922639 -0.0081003357713821059 -0.0016446083057558485 -0.0014609546200577293 0.0081038764510414536 -0.0063069738543938356 0.0066156051148423111 0.0021783799425009625 0.011394288082142365 -0.0038813218885281071 0.00029641409589497376 -0.0033138211864389422 -0.00088068380315499807
leaf_weight=13879.267513811588 2707.6835699826479 6904.5773095786572 3599.1050105541945 5589.4794879108667 8824.8568998128176 8324.079516902566 19018.434828385711 27969.953679770231 2979.5319445878267 13535.760826930404 11179.155925199389 7518.8744362592697 28418.704294651747 6191.5944301784039 21111.344549492002 5039.4641371965408 12581.401085212827 23423.628200426698 20172.117532491684
leaf_count=66711 11054 29724 15569 23101 35603 34422 78239 124946 12076 54873 50032 31424 120704 24969 100438 21230 50646 95904 81443
internal_value=1.9145e-05 -0.0041933 0.00556778 -0.00196792 0.00351086 0.000415858 0.00463323 -0.00868179 0.00410713 -0.00397399 0.00966361 -0.00487131 0.00541259 -0.000891988 0.0102618 -0.00745942 -0.000620081 -0.00404534 -0.000160966
internal_weight=248969 141528 107441 94639.6 71551.1 43256.8 56262 46888.7 11303.6 51382.8 35889.6 37847.1 47437.1 31953.2 32290.5 33009.4 15289.1 30942.5 26363.7
internal_count=1063108 600823 462285 387936 296246 176011 234546 212887 46498 211925 166039 157052 198943 129513 150470 146176 61700 127328 106412
is_linear=0
shrinkage=0.0117215


Tree=64
num_leaves=20
num_cat=0
split_feature=70 32 39 33 26 39 70 33 39 32 32 33 33 18 19 39 26 41 18
split_gain=41216.4 11205.3 5374.54 3582.81 3403.22 1864.56 1339.13 1141.33 1025.01 995.264 946.008 774.027 666.901 622.508 487.595 482.965 370.043 347.608 336.748
threshold=-2.0095046758651729 -0.2497310861945152 -0.55639785528182972 0.56846868991851818 0.23958345502614978 -0.10328898206353186 2.7970715761184697 0.76722386479377758 -0.4452193528413772 -0.95023405551910389 -0.51323008537292469 0.36118941009044653 0.77971249818801891 -0.79567474126815785 0.63736262917518627 -0.23613344877958295 0.081496480852365508 0.58593750000000011 -0.24712077528238294
decision_type=2 10 10 8 10 10 2 10 10 8 10 10 8 10 10 10 10 10 10
left_child=2 3 4 8 9 7 13 15 11 16 -4 -2 -8 -5 17 -3 -1 -6 -9
right_child=1 5 10 6 14 -7 12 18 -10 -11 -12 -13 -14 -15 -16 -17 -18 -19 -20
leaf_value=-0.011982558019923376 -0.0051952819065074016 0.0020875984127176131 -0.0025434604780613886 -0.00057478911178778219 -0.0066724348820106213 0.010786265150378057 0.0032639926420278708 0.0065239529085188838 0.0018900459765635097 -0.0070917914685140809 0.0024679249942596822 -0.0011109387821643484 0.0079944043461698932 0.0029572309037928925 -0.00095695397385625765 0.0068246391805498255 -0.0092241317637186994 -0.0039378622112999249 0.0093777210380180023
leaf_weight=14961.103221401572 9710.6348732858896 9037.6191774308681 14534.853118702769 9245.1787326782942 10317.879365593195 20709.160894036293 7035.7675588726997 11827.705045387149 9724.5017347186804 17155.8386413306 8008.1892703026533 18525.418922111392 9945.795295715332 26430.90036663413 4921.7649440020323 4396.9052395671606 13225.463839128613 17213.670640647411 11573.656086057425
leaf_count=71427 39972 37382 59357 37263 43496 98217 28896 51426 39229 74920 32319 74552 42404 108094 20105 18640 60516 72052 52480
internal_value=-2.99081e-06 0.00392521 -0.00580306 0.00135576 -0.007263 0.00796923 0.00333406 0.00637968 -0.00138883 -0.00933723 -0.000762507 -0.0025187 0.00604166 0.00204216 -0.00436036 0.00364708 -0.010697 -0.00496746 0.00794326
internal_weight=248502 148163 100339 90618.2 77795.7 57545 52657.6 36835.9 37960.6 45342.4 22543 28236.1 16981.6 35676.1 32453.3 13434.5 28186.6 27531.6 23401.4
internal_count=1062747 628555 434192 370410 342516 258145 216657 159928 153753 206863 91676 114524 71300 145357 135653 56022 131943 115548 103906
is_linear=0
shrinkage=0.0117215


Tree=65
num_leaves=20
num_cat=0
split_feature=31 31 31 25 82 40 33 39 40 25 40 62 25 35 33 39 82 39 33
split_gain=40789.5 9025.61 7473.24 2766.32 2209.8 1548.85 1454.63 1156.44 1042.04 713.658 680.548 623.051 601.039 555.035 654.389 544.596 538.541 535.731 693.235
threshold=-0.040296021848917001 0.31960353255271917 -0.35298322141170496 -0.60573065280914296 -0.071369327604770647 0.45533059537410742 0.56327518820762645 -0.078105255961418138 0.062327073886990554 -0.94427254796028126 0.60313263535499584 0.48177038133144384 -0.22813542932271955 0.73437500000000011 0.35710020363330847 -0.40338359773159022 0.33595469594001776 -0.62334674596786488 0.19620779901742938
decision_type=10 10 8 8 2 8 10 8 10 10 10 10 10 10 10 10 2 10 10
left_child=2 3 8 9 13 -5 15 10 -1 -2 -3 16 -12 14 -4 -6 -7 18 -10
right_child=1 7 4 5 6 11 -8 -9 17 -11 12 -13 -14 -15 -16 -17 -18 -19 -20
leaf_value=-0.011451412272542335 -0.0057715082239386921 0.0022898477723859237 -0.0050209712535815819 -0.00050415371466062205 -0.0023972616282270393 0.0036475912507794059 0.0044058642281076948 0.011199916621735554 -0.0090943300183869685 -0.00039118585544481053 0.0057226400854318111 0.0012634813962405496 0.0093068704984285485 -0.0066492015907868435 -0.0017200687009220671 0.0025791275230850454 0.0062940879095328851 -0.0028870456718536192 -0.0046172754969895351
leaf_weight=13750.801579162478 4282.1772195100784 3321.931150585413 19214.372307121754 11088.947339728475 20225.862393915653 22757.652329102159 7029.323908880353 16297.568052887917 20830.378613606095 15900.313692614436 10651.814001470804 7717.835240483284 16871.99458540976 10921.748560741544 14511.242611154914 3531.6180725097656 19954.338799074292 3092.6897298544645 6258.0891495943069
leaf_count=66709 17768 14004 80293 44566 82527 93449 28839 78627 94946 64029 46091 31873 76884 46165 58858 14170 83500 13163 26676
internal_value=1.07578e-05 0.00458393 -0.00492548 0.00222622 -0.00268587 0.00346129 -0.00026943 0.00866681 -0.00876759 -0.00153808 0.00732099 0.00433308 0.00792577 -0.00435113 -0.00360285 -0.00165571 0.00488675 -0.00753693 -0.00806487
internal_weight=248211 128845 119366 81701.3 75434.2 61518.8 30786.8 47143.3 43932 20182.5 30845.7 50429.8 27523.8 44647.4 33725.6 23757.5 42712 30181.2 27088.5
internal_count=1063137 550791 512346 335185 310852 253388 125536 215606 201494 81797 136979 208822 122975 185316 139151 96697 176949 134785 121622
is_linear=0
shrinkage=0.0117215


Tree=66
num_leaves=20
num_cat=0
split_feature=81 33 33 25 25 84 84 84 33 25 33 33 18 25 1 12 25 18 1
split_gain=39360.2 8929.11 8252.61 3483.98 2655.82 2147.91 1618.89 1388.18 934.915 877.003 824.118 725.535 527.545 450.008 440.227 387.567 440.892 365.972 357.28
threshold=1.0000000180025095e-35 0.24491385370492938 0.68292018771171581 -0.23885195702314374 -0.81954026222228993 1.0000000180025095e-35 -1.0000000180025095e-35 1.0000000180025095e-35 0.094702854752540602 -0.29793190956115717 0.40861698985099798 0.90651020407676708 -0.59873440861701954 -0.47182625532150263 -0.09379855170845984 0.72964212298393261 -1.0433425307273863 -0.1428004056215286 -0.11771307513117789
decision_type=2 8 10 10 8 2 2 2 10 10 10 10 10 10 10 10 10 10 10
left_child=1 7 5 12 15 10 -6 8 -1 -7 -2 -5 -4 -8 -9 16 -3 -13 -15
right_child=2 4 3 11 6 9 13 14 -10 -11 -12 17 -14 18 -16 -17 -18 -19 -20
leaf_value=-0.011299327754262189 -0.0035363690132569747 -0.0077687986175335715 0.0022301443571330114 0.0069438402190642803 -0.0029005836670918383 0.002292597652955519 4.4506956863661816e-05 -0.0075470496358111313 -0.0076776693209032326 0.0079282837179746601 0.00049174672504801939 0.0087048495947190732 0.0053797584661175249 -3.2527709238312877e-05 -0.0029147362887783643 -0.0026101874093007547 -0.004070354413973824 0.011462582362337922 0.0041957080214214256
leaf_weight=18325.639888420701 10732.308727189898 9287.1911342889071 10644.243866875768 11529.99820061028 20356.653226330876 10588.114896968007 15309.417140394449 4682.4818910509348 21704.496021777391 5914.8402640223503 19857.327359333634 11053.267949938774 23631.601674988866 3847.8449514210224 7160.0747698694468 6353.9015151113272 8647.3889366984367 18597.043069675565 9559.8484262377024
leaf_count=88395 44288 39747 43395 50521 83062 42939 61846 20452 95737 25026 80413 50494 99846 15794 30734 26160 35598 88975 39485
internal_value=4.4614e-05 -0.00457631 0.00476679 0.00716922 -0.00194342 0.000915768 -0.000373733 -0.00829739 -0.00934125 0.00432081 -0.000923123 0.00946715 0.00440383 0.00141837 -0.00475754 -0.0051115 -0.00599313 0.0104422 0.0029843
internal_weight=247784 125235 122549 75456.2 73362.2 47092.6 49073.8 51872.7 40030.1 16503 30589.6 41180.3 34275.8 28717.1 11842.6 24288.5 17934.6 29650.3 13407.7
internal_count=1062907 537010 525897 333231 301692 192666 200187 235318 184132 67965 124701 189990 143241 117125 51186 101505 75345 139469 55279
is_linear=0
shrinkage=0.0117215


Tree=67
num_leaves=20
num_cat=0
split_feature=81 82 82 32 31 32 84 82 39 32 31 69 97 156 69 84 84 84 76
split_gain=38634.3 9290.16 8597.56 2768.86 2555.64 2301.51 1869.5 1011.85 716.718 695.934 661.86 476.453 450.82 449.071 411.175 398.672 385.688 350.755 344.105
threshold=1.0000000180025095e-35 -0.077916942536830888 0.089401971548795714 -0.15330367535352704 -0.41376464068889612 -0.53311809897422779 1.0000000180025095e-35 -0.33328172564506525 -0.27091114223003382 -0.2497310861945152 -0.26717473566532129 -1.8367859721183775 2.2497397661209111 0.76388889551162731 2.0656783580780034 1.0000000180025095e-35 1.0000000180025095e-35 1.0000000180025095e-35 -0.02590903919190168
decision_type=2 2 2 10 10 8 2 2 10 10 10 2 8 10 2 2 2 2 8
left_child=1 4 6 14 -1 10 7 -2 16 13 -3 17 -9 -8 -4 -5 18 -6 -7
right_child=2 5 3 15 11 8 9 12 -10 -11 -12 -13 -14 -15 -16 -17 -18 -19 -20
leaf_value=-0.010365110002636671 -0.0038439936607402442 -0.0058017059607815384 0.004484837095629089 0.0069978869768256291 -0.0078157137528036564 -0.0058463888757354851 0.0033656786525415642 0.001475175279624369 0.0052408870147854468 0.0072905885099686409 -0.0018471549082656749 -0.0044633531287631206 -0.0028907844262522583 -0.0025657277872849584 0.0068123569544170865 0.010711125583430561 0.0018698638380289943 -0.0049978131041267275 -1.6954608562598623e-05
leaf_weight=24148.941696286201 10229.718213617802 8994.6278573423624 26943.368983060122 4992.5179267972708 16763.460447907448 1848.6240005046129 9984.8379500359297 17066.533130452037 6033.2673697024584 5723.8813820779324 16472.911986753345 22978.194120571017 3989.8766736239195 2108.344902575016 17315.505280151963 23812.226631417871 12659.105938136578 9816.9260253608227 5418.7844135463238
leaf_count=115630 42227 38889 111867 22660 73182 7599 40638 69409 25412 25053 66872 95026 16227 8583 74658 113733 51160 41644 21982
internal_value=7.33601e-06 -0.00456991 0.00469577 0.00724431 -0.00723702 -0.000745771 0.000901998 -0.000824134 0.00170957 0.00393014 -0.00324785 -0.00570861 0.000645612 0.00232865 0.00539854 0.0100737 0.000635506 -0.00678026 -0.00151373
internal_weight=247302 125135 122167 73063.6 73707.5 51427.3 49103.2 31286.1 25959.8 17817.1 25467.5 49558.6 21056.4 12093.2 44258.9 28804.7 19926.5 26580.4 7267.41
internal_count=1062451 537396 525055 322918 325482 211914 202137 127863 106153 74274 105761 209852 85636 49221 186525 136393 80741 114826 29581
is_linear=0
shrinkage=0.0117215


Tree=68
num_leaves=20
num_cat=0
split_feature=81 82 82 26 18 26 82 82 82 38 38 82 38 19 18 99 119 47 38
split_gain=37833.4 9086.56 8652.38 2902.87 2601.82 1709.47 1388.16 1065.79 843.08 818.236 714.833 551.866 442.764 423.584 420.805 395.067 391.592 361.331 345.055
threshold=-1.0000000180025095e-35 0.075965005904436125 -0.039856798946857445 0.23958345502614978 -0.36003012955188746 0.73524245619773876 0.30295258760452276 0.53476873040199291 -0.41662278771400446 0.24500092118978503 -0.32565887272357935 -0.4799294769763946 0.38386248052120214 0.64382615685462963 -0.16253729909658429 0.16841494292020801 -0.23771183937788007 0.33462420105934149 -0.390341967344284
decision_type=2 2 2 10 10 10 2 2 2 10 10 2 10 10 10 8 8 10 10
left_child=2 5 3 8 -3 9 10 12 -1 11 -4 -2 -6 -5 -9 -13 -12 -8 -10
right_child=1 4 6 13 7 -7 17 14 18 -11 16 15 -14 -15 -16 -17 -18 -19 -20
leaf_value=-0.010202222438818156 -0.0039698066203208409 0.0040602878837046399 -0.0064945888762609335 -0.005326421107854331 0.0054744926939565295 0.0040912975692998675 -0.0017434883296624292 0.0082227868149579754 -0.010020816595908368 0.0040180930177471279 0.00078429157341591295 0.00078634187022240181 0.010121964591607222 -0.0023751730520578714 0.011091860262652254 -0.00229144616472878 -0.0024509066052720014 0.0027291269952252149 -0.0053045601099926355
leaf_weight=29803.34707698226 7923.3272509276867 24917.592193990946 4498.7568926662207 25935.890588641167 14252.015815064311 14773.643955230713 2970.5600478798151 11638.851888284087 2852.9543855190277 4532.4915011674166 7596.6122514158487 14758.521982684731 3554.456444889307 9075.7442089766264 19549.360915854573 9335.2518031597137 15815.673287808895 14640.231514930725 8898.8857255429029
leaf_count=140394 32895 103860 19604 109189 61109 61940 12088 52349 13397 18883 30901 59784 16780 36920 93073 38062 64454 60216 38205
internal_value=-6.64371e-06 0.00451944 -0.00464936 -0.00705482 0.00714978 0.000729876 -0.000601897 0.00871835 -0.00915013 -0.000630577 -0.00222709 -0.00129111 0.00641421 -0.00456348 0.0100281 -0.000407223 -0.00140144 0.00197339 -0.00646705
internal_weight=247324 125236 122089 76566.8 73912.3 51323.2 45521.8 48994.7 41555.2 36549.6 27911 32017.1 17806.5 35011.6 31188.2 24093.8 23412.3 17610.8 11751.8
internal_count=1064103 538735 525368 338105 327171 211564 187263 223311 191996 149624 114959 130741 77889 146109 145422 97846 95355 72304 51602
is_linear=0
shrinkage=0.0117215


Tree=69
num_leaves=20
num_cat=0
split_feature=70 32 32 71 70 84 84 25 84 19 19 25 84 71 32 19 105 32 1
split_gain=37673.9 10375.4 4458.12 2281.7 2090.84 2035.1 1361.94 1198.9 1068.98 619.305 617.569 595.875 579.501 530.122 501.854 505.817 477.796 459.602 346.721
threshold=-2.1254112720489498 -0.25389094650745386 -0.70664972066879261 -2.3009083271026607 2.279635071754456 -1.0000000180025095e-35 1.0000000180025095e-35 -0.14328959584236142 -1.0000000180025095e-35 0.53440645337104808 1.337754547595978 -0.59540551900863636 -1.0000000180025095e-35 2.1716045141220097 -0.91017544269561756 0.15570958703756335 -2.5616766214370723 -0.46594791114330286 -0.091004081070423112
decision_type=2 10 10 2 2 2 2 10 2 10 8 10 2 2 10 10 10 10 10
left_child=2 4 3 14 8 16 -4 -7 13 -5 12 -10 -6 -2 15 -1 -3 -8 -18
right_child=1 5 6 9 10 7 17 -9 11 -11 -12 -13 -14 -15 -16 -17 18 -19 -20
leaf_value=-0.011206300747491623 -0.0026557637673611592 -0.0002761916373216628 -0.0048744148663408624 -0.0059429784486693211 0.0010853528846744554 0.006804006154692779 -0.0010125626555652866 0.010688964162606944 -0.00044526751335285757 -0.0020357801351656496 0.0072952205849855043 0.0027968266506775653 0.0045938399238602693 0.00085002277264159879 -0.0070432304888186489 -0.0076111235474615258 0.0072525694428378943 0.0031831230657496817 0.0029444127682810668
leaf_weight=19177.048253193498 20843.432600066066 3294.3970220685005 12258.645689085126 23019.988391950727 12307.81144721806 21674.162815585732 11946.199674069881 22423.279497787356 13367.810047701001 7394.9608135968447 5383.510700494051 18620.653418064117 13652.902696505189 8263.6358939856291 9876.3347620517015 7808.96428604424 4585.6747904568911 5099.0173028409481 5920.174699023366
leaf_count=92469 85017 13597 51182 99627 50387 95322 48733 107871 53990 30545 23060 75983 56783 33471 43510 35834 20244 20631 25765
internal_value=-4.85794e-06 0.00366473 -0.00571642 -0.00737809 0.0012271 0.00755461 -0.00189866 0.00878408 -3.58607e-05 -0.00499528 0.00368705 0.00144263 0.00293295 -0.00166057 -0.00933974 -0.0101734 0.00361778 0.000245191 0.00483675
internal_weight=246919 150337 96581.2 67277.3 92439.8 57897.7 29303.9 44097.4 61095.5 30414.9 31344.2 31988.5 25960.7 29107.1 36862.3 26986 13800.2 17045.2 10505.8
internal_count=1064021 641490 422531 301985 378691 262799 120546 203193 248461 130172 130230 129973 107170 118488 171813 128303 59606 69364 46009
is_linear=0
shrinkage=0.0117215


Tree=70
num_leaves=20
num_cat=0
split_feature=33 24 33 33 82 84 24 84 69 84 82 82 82 33 33 110 33 152 41
split_gain=35759.6 9748.13 5067.7 2743.22 2620.08 1509.91 1470.42 1460.73 1226.09 983.436 673.661 564.526 437.775 437.681 405.119 398.68 397.163 328.354 304.895
threshold=0.4394549578428269 0.21237495541572574 0.17951450496912005 0.72434747219085704 0.12805931270122531 1.0000000180025095e-35 0.39818602800369268 1.0000000180025095e-35 -2.1291606426239009 1.0000000180025095e-35 0.3277024924755097 -0.74388340115547169 0.02652270253747702 0.076240535825490965 0.94627383351326 0.84741812944412243 0.30247950553894049 0.10555555671453477 0.43489582836627966
decision_type=8 10 10 8 2 2 10 2 2 2 2 2 2 10 8 10 10 2 10
left_child=2 4 7 9 8 16 -5 13 11 -3 -7 -2 -9 -1 -8 -6 -4 -10 -13
right_child=1 3 5 6 15 10 14 12 17 -11 -12 18 -14 -15 -16 -17 -18 -19 -20
leaf_value=-0.01108516260407685 -0.0096042624170849401 0.000683285481317662 -0.0055817688453584525 0.0062235113584426021 0.0039020762005185518 -0.0014978830932436623 0.0074181642304623685 -0.0057208356158805884 -0.0029342269842880242 0.0064228826875957325 0.0041074125925281684 -0.00437769060130301 0.00051501845656929215 -0.0082938294875857244 0.010932012891104596 0.00055895843664727132 -0.003277942322665072 0.00077093333083915166 -0.00052925809645316881
leaf_weight=16026.068353548646 2068.5812643021345 11153.027653828263 20426.024953737855 27407.540902197361 25730.007720395923 14987.013932183385 6110.9753629416227 7592.2014926224947 3793.3449408710003 6469.9703990519047 3642.0751375555992 7904.8682131767273 1936.4345651119947 15923.276520296931 20094.916080340743 6063.5706736296415 21001.515569522977 23628.973767727613 4408.2358862310648
leaf_count=78748 9048 45713 86876 120032 105801 61590 27689 33760 15421 27683 14834 32711 8023 72600 97851 25008 86111 95739 17951
internal_value=-1.59663e-05 0.00372284 -0.00534882 0.00681304 0.00073058 -0.00317061 0.00813162 -0.00849914 -0.00119797 0.00279617 -0.000398263 -0.00396691 -0.0044554 -0.00970104 0.0101199 0.00326536 -0.00441635 0.000256343 -0.0030035
internal_weight=246369 144834 101535 71236.4 73597.6 60056.6 53613.4 41478 41804 17623 18629.1 14381.7 9528.64 31949.3 26205.9 31793.6 41427.5 27422.3 12313.1
internal_count=1063189 620647 442542 318968 301679 249411 245572 193131 170870 73396 76424 59710 41783 151348 125540 130809 172987 111160 50662
is_linear=0
shrinkage=0.0117215


Tree=71
num_leaves=20
num_cat=0
split_feature=33 24 39 26 40 82 24 152 39 33 26 24 33 152 47 33 49 39 60
split_gain=34679.1 8872.15 5874.94 3906.97 2512.32 2456.62 1593.32 892.281 843.944 764.316 590.263 494.635 436.69 394.428 371.115 346.949 343.495 328.991 326.981
threshold=0.4620316624641419 0.20444860309362414 -0.56651791930198658 0.25431445240974432 0.59772968292236339 0.057551985606551177 0.39093266427516943 0.10555555671453477 -0.37217080593109125 0.076240535825490965 0.46137368679046636 -0.084138233214616762 0.92171752452850353 0.78888890147209179 0.40028913319110876 0.6539159119129182 0.69140625000000011 -0.15512856841087339 -0.0077683262061327687
decision_type=8 10 10 10 8 2 10 2 10 10 10 10 8 2 8 10 10 10 8
left_child=2 5 3 9 15 7 -6 -2 -4 -1 -5 18 17 -7 -10 -3 -16 -8 -9
right_child=1 4 8 10 6 13 12 11 14 -11 -12 -13 -14 -15 16 -17 -18 -19 -20
leaf_value=-0.010682543510913722 -0.0050757968820655981 0.00062563160990289227 -0.0015163122068984304 -0.0048383391708686279 0.0059003819104582952 0.0021089160215233605 0.0051206443470842959 0.0007218833478703201 -0.0047260676453360507 -0.0075567106325136824 -0.0017825681739581415 0.00094971728219480354 0.010649133313222568 0.0047590955216594748 0.0067120885404741799 0.0042320747258503119 0.0016629904074085171 0.01072192319694688 -0.0035338996555993735
leaf_weight=18500.586927950382 7151.8130768984556 7492.7951196730137 15415.888124361634 23758.397477611899 28865.573076933622 21772.065176665783 4190.9987207204103 3551.7911405563354 733.95709513127804 26660.467046871781 13743.981536790729 15438.784336805344 21475.203192770481 11995.173148408532 3312.3050942718983 7168.7655678391457 4207.334840580821 2253.2725021392107 8147.2420474588871
leaf_count=90739 29881 30388 63009 100308 126053 88989 18492 14387 2960 119135 56002 62570 104694 49751 13490 30123 17091 10803 33521
internal_value=-4.21298e-06 0.0038391 -0.00504619 -0.00652013 0.00672344 0.000809836 0.00784012 -0.0013997 0.000102768 -0.00884208 -0.00372025 -0.000427392 0.00983901 0.00305297 0.00312261 0.00239291 0.0039009 0.0071107 -0.00224299
internal_weight=245836 139503 106333 82663.4 71446.6 68056.9 56785 34289.6 23669.5 45161.1 37502.4 27137.8 27919.5 33767.2 8253.6 14661.6 7519.64 6444.27 11699
internal_count=1062386 599652 462734 366184 320553 279099 260042 140359 96550 209874 156310 110478 133989 138740 33541 60511 30581 29295 47908
is_linear=0
shrinkage=0.0117215


Tree=72
num_leaves=20
num_cat=0
split_feature=70 31 31 70 32 84 31 84 25 71 84 31 112 71 0 31 104 84 47
split_gain=35419.3 10191.2 4577.58 1893.81 1800.7 1533.05 1466.53 998.751 865.119 751.987 558.195 551.763 452.8 437.388 373.788 372.521 330.187 321.742 320.874
threshold=-2.0495083332061763 0.2900546938180924 -0.38699328899383539 3.0853937864303593 -0.65319544076919545 -1.0000000180025095e-35 0.42223148047924047 1.0000000180025095e-35 -0.5380311608314513 -1.8777168393135069 -1.0000000180025095e-35 -0.4521376341581344 0.20607348531484607 -2.4941095113754268 0.11677801236510278 -0.12301912903785704 -8.0224623680114728 -1.0000000180025095e-35 0.31559364497661596
decision_type=2 10 10 2 10 2 10 2 10 2 2 8 8 2 10 10 10 2 10
left_child=2 3 11 5 9 13 -3 15 -7 -4 -5 -1 -9 -2 -11 -6 18 -8 -15
right_child=1 6 4 10 7 8 17 12 -10 14 -12 -13 -14 16 -16 -17 -18 -19 -20
leaf_value=-0.010432006144218074 -0.005172477688852626 0.0060664698323049148 -0.0066680009991662683 0.0027851987307669045 -0.0062855188237041712 0.00012318148859731944 0.0066471572677571341 0.0031901398779952683 0.0036106585878452032 -0.0043932997724582673 0.00680276766648104 -0.0073722792068601686 -0.0010131569722611022 -0.00072423923514230504 -0.0006273988392484453 -0.001684109676656364 -0.001736733211391651 0.010633319981288782 0.0032793435273252964
leaf_weight=17573.476365104318 3526.6472730338573 30735.069825261831 21210.653012394905 10598.570209473372 4808.7120139747858 17464.255560904741 3443.149042353034 6444.7133968621492 22171.952598109841 14942.544512569904 8674.2542837262154 15681.836820796132 7710.7796340435743 7640.1856265664101 4788.4756864756346 4884.0138157606125 20558.43628063798 18874.887120351195 4268.7763102352619
leaf_count=86772 14629 135364 91846 44084 20303 70593 16056 26111 91081 62721 36895 72211 31225 30956 19706 19785 83544 93535 17402
internal_value=2.04672e-06 0.00362246 -0.00546094 0.00132169 -0.00364423 0.00048526 0.00773577 -0.00108238 0.002075 -0.00513503 0.00459944 -0.00899533 0.000902616 -0.00126556 -0.00348118 -0.00397653 -0.000837779 0.0100259 0.000714446
internal_weight=246001 147956 98045.2 94903.1 64789.9 75630.3 53053.1 23848.2 39636.2 40941.7 19272.8 33255.3 14155.5 35994 19731 9692.73 32467.4 22318 11909
internal_count=1064819 634139 430680 389184 271697 308205 244955 97424 161674 174273 80979 158983 57336 146531 82427 40088 131902 109591 48358
is_linear=0
shrinkage=0.0117215


Tree=73
num_leaves=20
num_cat=0
split_feature=81 82 82 33 32 32 33 19 79 84 84 31 31 84 82 84 42 84 119
split_gain=35207.3 8122.29 7833.42 2598.62 2590.83 1875.78 1756.55 716.282 689.188 637.278 601.745 585.333 502.162 393.934 377.27 372.924 405.595 359.978 353.813
threshold=1.0000000180025095e-35 -0.071369327604770647 0.069621145725250258 0.15548874437808993 -0.15330367535352704 -0.53311809897422779 0.49933472275733953 0.51451528072357189 1.6913185715675356 -1.0000000180025095e-35 1.0000000180025095e-35 0.25491216778755194 -0.26717473566532129 1.0000000180025095e-35 0.48849146068096166 1.0000000180025095e-35 0.44010417163372045 1.0000000180025095e-35 0.33492361009120947
decision_type=2 2 2 10 10 8 10 10 2 2 2 10 10 2 2 2 10 2 10
left_child=1 3 6 17 8 12 10 15 -4 -7 -2 18 -3 -6 -11 16 -5 -1 -8
right_child=2 5 4 7 13 9 11 -9 -10 14 -12 -13 -14 -15 -16 -17 -18 -19 -20
leaf_value=-0.010227068517755296 -0.0029079982316657983 -0.0053312912459406604 0.0045119417659133087 -0.0056957194872546786 0.0066388239127261632 -0.0018908574215388556 0.0023357058304523041 -0.0029570719054652574 0.0084919188192269929 0.0015033178908411572 0.0016817446876871579 0.0054726117525892327 -0.0018425640550020056 0.010316806710092505 0.0052116006216983927 -0.0043840728410091878 -0.0092122474492209554 -0.006746287714235898 -0.0021294150531551218
leaf_weight=23720.882983967662 15598.652729198337 8713.803497672081 37908.941717088223 11397.622465744615 5038.3514214456081 6027.5652186125517 16173.965999320149 14611.212754637003 7127.7265634834766 14720.947364658117 5224.2715988308191 7825.6901407390833 16263.674660772085 23387.86900319159 5059.2183265239 10913.777807697654 7683.8990599364042 5167.3062276095152 2851.5132347345352
leaf_count=116006 64072 38009 159443 49543 23150 24556 65649 60091 31431 59895 21248 34210 66121 114420 21367 45959 33399 23599 11589
internal_value=2.29644e-06 -0.00438044 0.00449872 -0.00687077 0.00689933 -0.000775023 0.000797973 -0.00509244 0.00514589 0.00144059 -0.00175588 0.00277828 -0.00306349 0.00967087 0.0024568 -0.00612952 -0.00712128 -0.00961038 0.0016647
internal_weight=245417 124280 121137 73494.7 73462.9 50785.2 47674.1 44606.5 45036.7 25807.7 20822.9 26851.2 24977.5 28426.2 19780.2 29995.3 19081.5 28888.2 19025.5
internal_count=1063757 538545 525212 328597 328444 209948 196768 188992 190874 105818 85320 111448 104130 137570 81262 128901 82942 139605 77238
is_linear=0
shrinkage=0.0117215


Tree=74
num_leaves=20
num_cat=0
split_feature=70 32 24 82 82 32 32 79 32 77 19 82 79 82 82 108 86 19 82
split_gain=34035.5 9104.95 4330.83 2846.5 1514.15 1434.54 1369.97 945.972 874.962 663.281 647.105 636.735 454.739 431.928 428.297 394.451 349.356 305.348 304.367
threshold=-2.0095046758651729 -0.26185217499732966 -0.34054361283779139 0.10167556256055833 0.36243277788162237 -0.79589796066284169 -0.57839885354042042 0.578323394060135 -0.093439489603042589 0.035956341773271568 0.25434061884880071 -0.56124863028526295 -0.36789733171463007 -0.38771960139274592 -0.72593286633491505 -1.0000000180025095e-35 5.1845848560333261 0.62012755870819103 0.56067019701004039
decision_type=2 10 10 2 2 10 10 2 10 10 10 2 2 2 2 10 2 10 2
left_child=2 3 5 11 9 10 13 16 -6 -3 -1 -2 -13 -4 -8 -7 -5 -15 -9
right_child=1 4 6 7 8 15 14 18 -10 -11 -12 12 -14 17 -16 -17 -18 -19 -20
leaf_value=-0.01001790691064401 -0.0035804378546209861 0.002568837255738551 -0.0055998785777210689 0.0032266637164451032 0.0069084554700904275 -0.0069034087323545969 -0.0082309009699372999 0.0048731562636010473 0.010483573842676033 0.0068258895431653824 -0.0058708655648077555 -0.0024983897256204389 0.00057277149393499536 -0.0037640874262909818 0.00025997477933363447 -0.002124300797742304 0.00047307449098786812 7.6853007593228459e-05 0.009069136134062945
leaf_weight=27378.385537669063 9006.4617610573769 10908.310660868883 18635.31419236958 21623.000743210316 21361.661898255348 4062.8619982004166 840.38773384690285 6086.879694417119 17190.898038670421 9380.2493341714144 6524.2977281063795 8520.7164707928896 29455.557418510318 17176.761926278472 14839.874569520354 5734.841332167387 8959.7690352648497 3405.9046473503113 4016.5430891811848
leaf_count=133140 36972 45627 80336 88945 95551 18002 3563 25598 85733 43007 29335 34656 119546 71672 60205 24278 36594 13815 17523
internal_value=-5.74686e-06 0.00357726 -0.00532941 0.00118273 0.00714306 -0.00808229 -0.00313555 0.00345149 0.00850799 0.00454262 -0.00922442 -0.000782708 -0.000117412 -0.00430579 -0.000206621 -0.00411774 0.00242092 -0.00312914 0.00655825
internal_weight=245109 146510 98598.6 87668.9 58841.1 43700.4 54898.2 40686.2 38552.6 20288.6 33902.7 46982.7 37976.3 39218 15680.3 9797.7 30582.8 20582.7 10103.4
internal_count=1064098 629752 434346 359834 269918 204755 229591 168660 181284 88634 162475 191174 154202 165823 63768 42280 125539 85487 43121
is_linear=0
shrinkage=0.0117215


Tree=75
num_leaves=20
num_cat=0
split_feature=70 33 33 18 82 40 82 57 71 82 18 33 82 71 45 49 126 40 82
split_gain=32917.3 8672.72 4459.86 3875.32 1675.31 1539.38 1273.95 752.365 635.163 580.559 525.008 517.19 431.802 390.893 372.264 327.856 302.766 378.956 289.435
threshold=-2.0095046758651729 0.64836892485618602 0.15962000191211703 -0.42421892285346979 -0.32495057582855219 0.37633651494979864 0.48849146068096166 -2.5273935794830318 -2.4263670444488521 0.30295258760452276 -0.16253729909658429 0.31071750819683081 0.31920054554939276 -2.4941095113754268 0.41554795205593115 0.50390625000000011 0.43011757731437689 0.2474508807063103 -0.50189512968063343
decision_type=2 10 10 10 2 8 2 8 2 2 10 10 2 2 8 10 8 10 2
left_child=2 5 7 8 13 11 14 -1 -3 15 -8 -2 16 -4 -5 -7 17 -6 -9
right_child=1 3 4 6 12 9 10 18 -10 -11 -12 -13 -14 -15 -16 -17 -18 -19 -20
leaf_value=-0.009658602947287924 -0.0058363559426575125 -0.0011258148832888626 -0.0079414326485086496 0.0049248181058476918 -0.0045377614488383549 0.0020267562187145519 0.0072186581929979442 -0.0086772574287177339 0.0031295472177913005 0.0039319746346415324 0.010148013920119972 -0.0015239841453403844 0.0010956332112263237 -0.0047024000234658263 0.0090780705215672847 -0.00057367831863098118 -0.0049371294706588957 -0.00091197113172342354 -0.0043050116970832072
leaf_weight=25411.708720356226 5023.730919867754 6185.0484086722136 6728.7224573940039 22550.942702740431 5052.2449131160975 11712.626229792833 14926.086438536644 3148.259815454483 21638.684554338455 9379.1281169205904 20344.029182508588 15848.210138291121 6449.9680390357971 22321.23692278564 3444.0182759463787 15387.673187613487 4806.4950621575117 18112.006270706654 6376.5900167822838
leaf_count=125074 21078 25049 29684 97647 21524 47513 67808 14486 90090 38963 99054 64091 26218 95435 16338 62666 19729 74188 27889
internal_value=2.3322e-06 0.00352529 -0.00523979 0.00581352 -0.00338641 -3.01374e-05 0.00746067 -0.00860239 0.00218346 0.00142222 0.00891391 -0.00256729 -0.00163521 -0.0054584 0.0054827 0.000550992 -0.00226533 -0.00170654 -0.00576781
internal_weight=244847 146440 98407.2 89088.8 63470.7 57351.4 61265.1 34936.6 27823.7 36479.4 35270.1 20871.9 34420.7 29050 25995 27100.3 27970.7 23164.3 9524.85
internal_count=1064524 630297 434227 395986 266778 234311 280847 167449 115139 149142 166862 85169 141659 125119 113985 110179 115441 95712 42375
is_linear=0
shrinkage=0.0117215


Tree=76
num_leaves=20
num_cat=0
split_feature=31 31 31 82 70 82 40 33 40 70 70 33 31 70 67 64 33 40 99
split_gain=32084.6 8783.4 4987.68 2977.27 1296.62 1185.24 1165.79 1120.14 824.587 758.836 601.63 465.714 465.025 448.365 397.953 349.711 344.788 332.216 314.892
threshold=0.082609359174966826 -0.33923211693763727 0.36689189076423651 -0.26067870855331415 -2.0495083332061763 0.31920054554939276 0.078639652580022826 0.68292018771171581 0.65613588690757763 -3.2089816331863399 2.1051245927810673 0.27805277705192571 0.44638763368129736 2.7970715761184697 1.792470455169678 1.8249948620796206 0.35710020363330847 0.49797669053077703 -0.30839078128337855
decision_type=10 8 10 2 2 2 10 10 8 2 2 10 10 2 10 10 10 8 8
left_child=1 6 5 9 -5 10 -1 18 -4 -3 15 -8 -10 -7 -9 -2 -11 -12 -6
right_child=2 3 8 4 7 13 11 14 12 16 17 -13 -14 -15 -16 -17 -18 -19 -20
leaf_value=-0.010376286929355629 0.0014038515073095008 -0.0068804159439586872 0.0030101553871345892 -0.0020017356330931241 0.002450969744018437 0.0037868183150321305 -0.0068935244420315093 0.0063462703483948028 0.0078031609079137476 -0.00451608834377087 0.00011428037205654204 -0.0019559360392564567 0.010709636525737469 0.0067113129311446636 -0.00078008387365817607 -0.002080283307598053 -0.0018689259010883086 0.0040619484014357684 -0.00040927991429702863
leaf_weight=15601.725347876549 10872.58597239852 10202.980685338378 3192.7036551982164 24859.140082091093 7140.5349009335041 19973.813834905624 27479.7604688555 7009.3742793649435 15273.5751273036 12906.640506342053 3714.880900323391 2926.2976267635822 15896.390335485339 11391.57008959353 1265.6088688522577 6193.0675091296434 14287.395934477448 13844.580176383257 20181.872231140733
leaf_count=78954 44117 44311 14019 102286 28844 83428 125686 29570 71617 53986 15058 12229 80674 50048 5112 25205 58086 58627 81481
internal_value=4.54483e-06 -0.0035437 0.00509078 -0.00155699 5.1362e-05 0.00320321 -0.00776631 0.0014855 0.00871107 -0.00415548 0.00170635 -0.00642019 0.00929232 0.00485315 0.00525721 0.00013836 -0.00312809 0.00322804 0.000339678
internal_weight=244214 143861 100353 97853.5 60456.5 65990.5 46007.8 35597.4 34362.7 37397 34625.1 30406.1 31170 31365.4 8274.98 17065.7 27194 17559.5 27322.4
internal_count=1063338 620545 442793 403676 247293 276483 216869 145007 166310 156383 143007 137915 152291 133476 34682 69322 112072 73685 110325
is_linear=0
shrinkage=0.0117215


Tree=77
num_leaves=20
num_cat=0
split_feature=33 25 33 33 82 25 82 82 25 58 101 141 25 42 152 82 33 49 147
split_gain=31179.2 8541.34 4601.93 3779.11 1633.62 1349.49 1248.78 926.528 875.683 782.905 750.531 693.747 605.641 495.325 444.071 371.702 313.963 294.798 296.774
threshold=0.44367043673992163 -0.3980868905782699 0.16753179579973224 0.76722386479377758 1.0000000180025095e-35 -0.1581144034862518 -0.28454948961734766 -0.51321798563003529 -0.8587927222251891 -0.31098654866218561 -0.13796778768301007 1.0000000180025095e-35 -0.67329967021942128 0.51302084326744091 0.76388889551162731 0.19676738977432254 0.066551800817251219 0.68098959326744091 0.72647717595100414
decision_type=8 10 10 10 2 10 2 2 8 10 10 2 10 10 2 2 10 10 10
left_child=2 4 7 10 8 -5 -4 16 9 -2 15 -8 -13 -9 -6 -3 -1 -14 -19
right_child=1 3 6 5 14 -7 11 13 -10 -11 -12 12 17 -15 -16 -17 -18 18 -20
leaf_value=-0.010895601005587998 0.0015349086577163317 0.0010263794039828394 -0.0046053531371086226 0.005891943934500707 0.00097149327032698479 0.0096585676423673467 -0.0029273583387244974 -0.008886763945284714 -0.00019656560111667158 -0.0059931532605540464 0.0078878330467688079 -0.0027770109049091722 0.0046199360200143372 -0.0042442360317056045 0.0039130353347319275 0.0038858536143884363 -0.008126963029318526 -0.0015640316209448938 0.0045412403623168529
leaf_weight=12555.595130354166 2395.2753691971302 17616.73811930418 32774.169502392411 25122.252044826746 20214.295066252351 27631.17520545423 16614.180842727423 4774.8417392373085 16803.008999630809 8970.9213273227215 3375.8174366354942 4745.5510984808207 4257.9210764169693 9529.3385187089443 10824.030699849129 9674.7102589607239 11114.703055799007 3351.9139099270105 1595.4246646165848
leaf_count=63919 9684 72290 139121 110915 82251 135478 68534 22976 68043 38124 14804 19708 17361 42152 44687 40852 52730 13637 6495
internal_value=1.87425e-05 0.00355039 -0.00495274 0.0059664 0.000145325 0.00786821 -0.00301661 -0.00817826 -0.00189763 -0.00440682 0.00269144 -0.00131083 0.000615981 -0.00580587 0.00199946 0.0020425 -0.00960481 0.00236775 0.000416851
internal_weight=243942 142628 101314 83420.7 59207.5 52753.4 63339.2 37974.5 28169.2 11366.2 30667.3 30565 13950.8 14304.2 31038.3 27291.4 23670.3 9205.26 4947.34
internal_count=1063761 617128 446633 374339 242789 246393 264856 181777 115851 47808 127946 125735 57201 65128 126938 113142 116649 37493 20132
is_linear=0
shrinkage=0.0117215


Tree=78
num_leaves=20
num_cat=0
split_feature=70 32 39 24 70 39 32 32 71 102 71 49 38 71 105 32 38 49 68
split_gain=31295.4 8749.77 4354.19 2646.21 1901.58 1298.76 862.028 761.306 662.576 626.475 559.155 491.035 628.924 471.334 440.186 364.954 305.099 285.495 274.585
threshold=-2.0095046758651729 -0.22145229578018186 -0.56133562326431263 -0.3817425668239593 2.1051245927810673 -0.082861207425594316 -0.53808733820915211 -0.44774943590164179 -1.656450033187866 0.31514249742031103 2.4665772914886479 0.51432290673255932 0.068811144679784789 2.1487039327621464 -2.9736864566802974 -0.92621198296546925 -0.035057779401540749 0.23307291418313983 -18.354590415954586
decision_type=2 10 10 10 2 10 10 10 2 8 2 8 10 2 10 10 10 10 8
left_child=2 4 3 15 7 9 -4 13 18 -3 14 -11 -13 -2 -6 -1 -9 -12 -5
right_child=1 5 6 8 10 -7 -8 16 -10 11 17 12 -14 -15 -16 -17 -18 -19 -20
leaf_value=-0.0098675371667477519 -0.001849332669107731 0.0010086156327317288 -0.0025317195600753641 -0.0039368602346028965 -0.001608027131938212 0.010166381720295568 0.0021080005637497626 -0.00066659037291463895 -0.0029691044829808803 0.0084547425208608227 0.0078575557317614297 0.0010715012502208207 0.0064831059115348201 0.0012783696033157924 0.0029893662150460754 -0.0068669203997228923 0.0025929696984910528 0.0038507046007625655 -0.0066538494650595784
leaf_weight=23342.049718528986 26663.041945084929 3028.6445737183094 13604.233667805791 7279.3194960951805 3180.7746358513832 16114.75320443511 9205.0406993031502 5297.4546522796154 18585.471634671092 12014.430289193988 4590.0507450401783 3716.272193312645 14494.836781397462 8785.2178393900394 27352.716724321246 7664.4585841447115 15341.67883245647 5388.2744281589985 18275.993974626064
leaf_count=116123 108588 12779 56061 31870 12890 82079 37229 21449 77704 55491 19868 15901 65800 35690 114067 35240 63005 22982 80315
internal_value=-2.1047e-05 0.00341817 -0.00514553 -0.00650668 0.00136588 0.00743131 -0.000659048 -3.20305e-05 -0.00465902 0.00609972 0.00330016 0.00660869 0.00538156 -0.00107386 0.00250958 -0.00913153 0.00175653 0.00570786 -0.00588421
internal_weight=243925 145968 97956.6 75147.3 96599.2 49368.9 22809.3 56087.4 44140.8 33254.2 40511.8 30225.5 18211.1 35448.3 30533.5 31006.5 20639.1 9978.33 25555.3
internal_count=1065131 630589 434542 341252 398539 232050 93290 228732 189889 149971 169807 137192 81701 144278 126957 151363 84454 42850 112185
is_linear=0
shrinkage=0.0117215


Tree=79
num_leaves=20
num_cat=0
split_feature=70 33 25 33 40 79 33 79 57 141 141 25 25 33 79 33 126 120 89
split_gain=30271.6 8335.15 4493.21 4085.66 1405.42 1301.38 972.581 804.314 676.897 631.756 605.749 586.384 533.426 502.95 410.802 349.506 394.38 329.972 284.234
threshold=-2.1254112720489498 0.64836892485618602 -0.26457545161247248 0.15122319012880328 0.37224599719047552 -1.5695689320564268 0.86913180351257335 -0.4412828236818313 -2.8276251554489131 -1.0000000180025095e-35 -1.0000000180025095e-35 -0.83479920029640187 -0.10923664271831511 0.37371447682380682 0.70751070976257335 0.36529825627803808 0.43011757731437689 -0.19457682967185971 7.3508372306823739
decision_type=2 8 10 10 10 2 10 2 8 2 2 10 10 10 2 10 8 10 2
left_child=3 4 7 8 13 -5 -4 -3 -1 15 17 -11 -8 -2 -9 -7 -17 -6 -12
right_child=1 2 6 5 10 9 12 14 -10 11 18 -13 -14 -15 -16 16 -18 -19 -20
leaf_value=-0.0096945329886265422 -0.0044703612467258784 -0.00072655992280439984 0.0054168709264706691 -0.0080556478953465408 0.00041508764891045382 -0.0047456814677855463 0.0074647471685270412 0.0028716825337134727 -0.006086180050836866 -0.0037153182276922626 0.0030791123631438333 0.00016211602673901599 0.010490547907584854 -0.00087977373365966821 0.0059162765883659452 -0.00096826105150616716 -0.0062789203612115168 -0.0040469846391197137 -0.0038343097013788592
leaf_weight=21963.399866625667 9608.8611961901188 7278.4293383359909 13555.819844141603 7222.7097151875496 15841.468080535531 20500.002307504416 14700.785952344537 27567.383470162749 10842.857664361596 8510.4171806871891 17869.101601317525 14398.195540100336 18575.971203804016 12117.479061082006 7842.0676626861095 8625.8130960017443 2452.9578263759613 2635.4419368952513 836.97156317532063
leaf_count=110675 40001 29700 59764 32413 64429 88085 68576 114942 49354 36008 73485 58911 93744 48884 33648 35459 10234 10768 3430
internal_value=1.88559e-05 0.0033204 0.00557319 -0.00516547 -0.000103858 -0.00338647 0.00807976 0.00282034 -0.00850709 -0.00276436 0.00127988 -0.00128064 0.00915998 -0.00247086 0.00354941 -0.00383898 -0.0021548 -0.000225648 0.0027654
internal_weight=242946 148430 89520.5 94516.4 58909.3 61710.1 46832.6 42687.9 32806.3 54487.4 37183 22908.6 33276.8 21726.3 35409.5 31578.8 11078.8 18476.9 18706.1
internal_count=1062510 641371 400374 421139 240997 261110 222084 178290 160029 228697 152112 94919 162320 88885 148590 133778 45693 75197 76915
is_linear=0
shrinkage=0.0117215


Tree=80
num_leaves=20
num_cat=0
split_feature=70 32 39 71 40 40 70 32 32 32 32 40 65 40 43 70 112 32 17
split_gain=30053.8 8243.98 4466.62 2750.6 2582.62 2310.51 1293.22 772.309 721.361 552.448 534.055 517.185 489.664 481.637 416.326 348.649 343.666 332.116 330.014
threshold=-1.9294576048851011 -0.22145229578018186 -0.55639785528182972 -2.3188937902450557 0.41775727272033697 0.63968011736869823 2.279635071754456 -0.53808733820915211 -0.089008215814828859 -0.88684332370758046 -0.36461302638053888 0.23839592188596728 -1.2584784626960752 0.1894311532378197 -0.048904161900281899 3.5708366632461552 0.60281100869178783 -0.57839885354042042 -0.40696696937084192
decision_type=2 10 10 2 8 10 2 10 10 10 10 10 8 8 8 2 8 8 10
left_child=2 4 3 9 11 -3 10 -4 -7 18 12 -2 -6 -5 -15 -8 -9 -14 -1
right_child=1 5 7 13 6 8 15 16 -10 -11 -12 -13 17 14 -16 -17 -18 -19 -20
leaf_value=-0.010462947450501673 -0.0055412779750506728 0.0019772389467474427 -0.0022232230847606766 -0.0059761838910376121 0.0033507021571393715 0.007056660648812726 0.0034956946901104663 0.0039716778791186172 0.010236601945417461 -0.0063196067974197337 0.00328505059118008 -0.001088009468551334 -0.0026286367706146048 -0.0016320549074870152 -0.0045927328061716975 0.0061874996618575496 -0.00052825482234124287 0.00045401705511453465 -0.0076763869805659569
leaf_weight=17114.603795140982 4368.3649113029242 9007.5886014103889 13336.098597854376 12824.386281013489 5676.5108729451895 21216.100992709398 20969.248014733195 5672.8569552451372 18765.759829133749 10971.24518674612 11418.2614171803 19563.972670838237 6914.4389465004206 12383.71009080112 13863.952710270882 9757.0105641484261 3939.6448626816273 15580.274961158633 9468.0437821000814
leaf_count=86452 18486 38151 54933 57989 23134 97332 88018 22957 96154 49205 47391 79003 28051 51421 58727 42155 15940 63003 44987
internal_value=9.15197e-06 0.00344725 -0.00493618 -0.00629442 0.00141914 0.00734648 0.00255094 -0.000399231 0.00855428 -0.00855979 0.00114942 -0.00190546 0.000281822 -0.00411326 -0.00319856 0.0043545 0.00213058 -0.000495269 -0.00947803
internal_weight=242812 143238 99574.5 76625.9 94248.1 48989.4 70315.7 22948.6 39981.9 37553.9 39589.5 23932.3 28171.2 39072 26247.7 30726.3 9612.5 22494.7 26582.6
internal_count=1063489 620878 442611 348781 389241 231637 291752 93830 193486 180644 161579 97489 114188 168137 110148 130173 38897 91054 131439
is_linear=0
shrinkage=0.0117215


Tree=81
num_leaves=20
num_cat=0
split_feature=70 31 39 40 26 31 82 65 82 40 26 70 39 19 86 31 25 40 99
split_gain=29413.2 8886.35 3961.15 2638.98 2585.5 1379.93 1375.97 582.713 564.593 557.913 545.745 532.22 512.097 371.472 333.903 328.779 328.018 470.897 304.925
threshold=-2.1254112720489498 0.28200545907020574 -0.56651791930198658 0.39943024516105657 0.22134087979793551 0.41866245865821844 0.28732380270957952 -0.88116589188575734 -0.52486604452133168 0.68388816714286815 0.54190078377723705 2.1421483755111699 -0.39434882998466486 0.74884840846061718 5.9902129173278817 -0.11423020437359808 -0.31343451142311091 0.63454091548919689 0.2987943440675736
decision_type=2 10 10 8 10 10 2 10 2 8 10 2 10 10 2 10 8 8 10
left_child=2 3 4 10 8 16 11 -8 -1 -7 -2 -5 -4 -6 -9 -10 -3 -18 -14
right_child=1 5 12 6 13 9 7 14 15 -11 -12 -13 18 -15 -16 -17 17 -19 -20
leaf_value=-0.0095328618597642287 -0.0036338658446197531 0.0035505144953174145 -0.0020238011390874312 -9.7226876328583721e-05 -0.0042700057157719273 0.0035174279116565945 0.0069908046361749354 0.0036412714810333952 -0.0072569601158713045 0.0099317824953057115 -0.00017940784562268917 0.0025532359611586068 0.0033274601208530528 0.0011445642041707021 -0.0027232008382435053 -0.0018273361413834962 0.0027120109427107545 0.0070567738909641043 -0.0019234662139521509
leaf_weight=24760.116964221001 14301.050517424941 8753.1181042343378 15101.266882359982 25266.181400924921 30126.022029474378 2091.0395150482655 8189.6205665171146 17011.67778018117 13550.753084346652 19984.833421036601 11198.039922073483 17676.769734025002 5077.337690025568 1838.273551300168 1196.7799313515425 1748.2543235123158 4263.4061456173658 18338.789533928037 2146.2053689062595
leaf_count=123317 59027 37450 62333 102258 129182 9483 35049 70896 63011 102878 45090 73002 20515 7509 4938 7342 18182 84054 8658
internal_value=3.66087e-06 0.00325909 -0.00511189 0.00110463 -0.00644869 0.0070811 0.00229015 0.00439497 -0.00843263 0.00932856 -0.00211837 0.000994585 -0.000796932 -0.00395801 0.00322001 -0.00664022 0.00549302 0.00624086 0.00176618
internal_weight=242620 148271 94348.2 94840.1 72023.4 53431.2 69341 26398.1 40059.1 22075.9 25499.1 42943 22324.8 31964.3 18208.5 15299 31355.3 22602.2 7223.54
internal_count=1064174 642307 421867 390260 330361 252047 286143 110883 193670 112361 104117 175260 91506 136691 75834 70353 139686 102236 29173
is_linear=0
shrinkage=0.0117215


Tree=82
num_leaves=20
num_cat=0
split_feature=33 25 39 33 33 79 25 39 87 25 39 39 68 33 25 79 33 33 132
split_gain=28313.5 7995.9 4739.09 4099.57 2502.37 1612.7 1318 1031.58 639.261 763.907 556.556 467.082 455.892 430.425 411.457 375.645 341.435 325.484 306.523
threshold=0.41318099200725561 -0.3980868905782699 -0.56651791930198658 0.76079660654068004 0.15962000191211703 -0.94642931222915638 -0.16895462572574613 -0.2886239737272262 -1.0000000180025095e-35 -0.77648177742958058 -0.38120260834693903 -0.70725789666175831 -19.037276268005368 0.60543477535247814 -1.087896943092346 1.4909331798553469 0.93796733021736156 0.066551800817251219 1.5804001092910769
decision_type=8 10 10 10 10 2 10 10 2 8 10 10 8 10 10 2 10 10 10
left_child=2 5 4 7 11 14 -5 13 15 -10 -4 17 -6 -3 -2 -7 -8 -1 -11
right_child=1 3 10 6 12 8 16 -9 9 18 -12 -13 -14 -15 -16 -17 -18 -19 -20
leaf_value=-0.010606583541046995 -0.0086150097152660979 -0.00029459760052226718 -0.0013420900707149022 0.005521628963762194 -0.0026453110359820932 0.0017908370606805999 0.0069471620518589874 0.0056922292772278492 -0.0035292067913272112 0.00019057419269393464 0.0028039761878678507 -0.0049958074145479304 -0.0053083990759690142 0.0029100547158867145 -0.0029470494289741958 0.0081968620888395634 0.0099938988635808589 -0.0080187269055653192 0.0043721835529954445
leaf_weight=14819.946498483419 2753.3963667303324 14210.386661112309 12747.05543038249 23940.699556350708 12654.874855414033 23122.23393034935 6935.8660882711411 8816.5077576041222 7916.585985481739 20279.348159223795 6803.0020470619202 3856.5992677509785 29829.670464068651 9654.0836399793625 4918.3884806483984 1309.5691783130169 21664.305108249187 13167.640340298414 2710.1923435330391
leaf_count=76970 12325 57586 52474 106236 53971 94134 32219 38538 32632 82762 27628 17730 127547 40266 20293 5555 110208 63446 11177
internal_value=3.24399e-06 0.00319306 -0.00503291 0.00553341 -0.00638318 2.68044e-05 0.00756048 0.00227146 0.00072567 -0.00039448 0.000102271 -0.00886777 -0.00451703 0.00100338 -0.00500118 0.00214168 0.00926128 -0.00939672 0.00068746
internal_weight=242110 148232 93878.8 85221.8 74328.7 63009.7 52540.9 32681 55337.9 30906.1 19550.1 31844.2 42484.5 23864.5 7671.78 24431.8 28600.2 27987.6 22989.5
internal_count=1063697 643931 419766 385053 339664 258878 248663 136390 226260 126571 80102 158146 181518 97852 32618 99689 142427 140416 93939
is_linear=0
shrinkage=0.0117215


Tree=83
num_leaves=20
num_cat=0
split_feature=31 31 24 70 19 32 32 19 31 84 84 79 84 87 153 19 79 32 79
split_gain=27772.2 7384.18 5050.48 2042.17 1353.71 1283.36 1031.03 874.778 841.818 723.62 715.54 650.185 637.637 532.755 471.242 427.822 376.26 303.489 270.875
threshold=-0.080657579004764543 0.33052237331867224 -0.3194874227046966 1.9516889452934267 0.76331010460853588 -0.51323008537292469 -0.80975022912025441 0.22308599203825 0.44638763368129736 1.0000000180025095e-35 1.0000000180025095e-35 1.4909331798553469 -1.0000000180025095e-35 -1.0000000180025095e-35 0.41428571939468389 1.2825437188148501 -0.45258304476737971 -0.76978838443756092 0.33785600960254675
decision_type=8 10 10 2 10 10 10 10 10 2 2 2 2 2 2 10 2 8 2
left_child=2 3 6 5 9 13 7 -1 -3 16 -8 12 -5 -2 -7 -6 -4 -15 -14
right_child=1 8 4 11 15 14 10 -9 -10 -11 -12 -13 18 17 -16 -17 -18 -19 -20
leaf_value=-0.0095687853827400408 0.00060412018070578712 0.006256405257090529 -0.0061238226792113236 0.0011982605431845022 0.00040782265439347513 -0.00061625446167044981 -0.0074374239925107067 -0.0054644892250652706 0.0096683322383601996 -0.00081217279362853355 -0.0015182112489988649 0.0078823260654802794 0.0034620783797742268 -0.0070009097034166821 0.0025241618114431033 0.006717220057704725 -0.0032923993600643209 -0.0026463234574674497 0.0062341080654550402
leaf_weight=24805.085285872221 6164.4036282300949 25496.437887921929 8583.2893147617579 14854.602836370468 9977.6398634761572 9382.2604960799217 5259.3207551389933 10180.717349171638 16558.434792980552 13711.686134263873 6017.2716978490353 4335.881201416254 15978.421249449253 2769.9954057484865 21779.585840433836 1710.5152861624956 26441.534201860428 10663.05926810205 7038.7205727398396
leaf_count=125204 25129 118397 37308 61478 40401 38052 23757 46722 85909 56509 25584 19471 66935 11902 88834 7219 111050 43260 30293
internal_value=-1.37506e-06 0.00353017 -0.00447065 0.0016857 -0.00223776 0.000101234 -0.0073845 -0.00837888 0.0076044 -0.00309667 -0.00428852 0.00359008 0.00309413 -0.00224746 0.00157889 0.00134269 -0.00398988 -0.00355483 0.00431522
internal_weight=241709 135022 106687 92966.9 60424.7 50759.3 46262.4 34985.8 42054.9 48736.5 11276.6 42207.6 37871.7 19597.5 31161.8 11688.2 35024.8 13433.1 23017.1
internal_count=1063414 589660 473754 385354 252487 207177 221267 171926 204306 204867 49341 178177 158706 80291 126886 47620 148358 55162 97228
is_linear=0
shrinkage=0.0117215


Tree=84
num_leaves=20
num_cat=0
split_feature=81 55 55 38 38 105 102 79 79 99 126 38 38 85 10 147 12 102 38
split_gain=28589.5 5960.44 5404.16 1567.68 1022.03 970.604 864.148 821.602 651.9 586.316 559.253 494.507 404.977 360.23 356.099 321.055 312.842 301.534 282.848
threshold=-1.0000000180025095e-35 0.90334773063659679 -1.3158135414123533 0.41898863017559057 -0.46149435639381403 2.8340569734573369 0.24299762398004535 1.637990474700928 -1.5695689320564268 0.16361256688833239 -0.15752502530813214 -0.28303012251853937 0.18107669800519946 -0.012045094277709721 0.090226981788873686 -0.64743071794509877 0.5480494797229768 1.2302345037460329 0.24121392518281939
decision_type=2 10 10 8 10 10 10 2 2 10 10 10 10 2 8 10 10 10 10
left_child=2 6 4 7 -1 10 14 17 -6 15 11 -4 16 -13 -2 -8 -12 -3 -11
right_child=1 3 5 -5 8 -7 9 -9 -10 18 12 13 -14 -15 -16 -17 -18 -19 -20
leaf_value=-0.0099939207903106484 -0.0026532341558872983 0.0049840341094944231 -0.0030945675061849354 0.0093981889107515749 -0.0084127727554053015 0.0013684007959122784 0.0016040000628968507 0.0083271328495181651 -0.0050564797195626976 -0.00047241128606185492 -0.0047125152576693733 0.002629484221889323 -0.00093864185640461556 -0.0018382494753567031 0.0013602499355375717 0.0041218359891324642 -0.0023058971028969777 0.0021740087357865951 0.0028006957832381559
leaf_weight=12148.948352664709 8783.0988641083241 27040.466903939843 7530.9011414945126 18408.823857218027 11485.628858849406 10173.738247409463 11561.85775706172 9628.7568837553263 26512.529907107353 13029.874423891306 21503.803769156337 6205.0700097829103 8019.8725704103708 4098.6522820293903 4618.6381515413523 17625.069074839354 11443.78044334054 6574.5642082840204 5000.9633536785841
leaf_count=64280 36708 119527 31811 94871 54921 42183 47620 45496 119568 53344 90357 25358 32792 16829 18792 72729 47003 28665 20858
internal_value=-1.53127e-05 0.00396591 -0.00410176 0.00653144 -0.007029 -0.00197193 0.00135515 0.00530667 -0.00607551 0.00210053 -0.00255017 -0.000816261 -0.00330412 0.000852155 -0.00127011 0.00312652 -0.00387884 0.00443632 0.000437845
internal_weight=241395 122272 119123 61652.6 50147.1 68975.8 60619.5 43243.8 37998.2 47217.8 58802.1 17834.6 40967.5 10303.7 13401.7 29186.9 32947.6 33615 18030.8
internal_count=1063712 538610 525102 288559 238769 286333 250051 193688 174489 194551 244150 73998 170152 42187 55500 120349 137360 148192 74202
is_linear=0
shrinkage=0.0117215


Tree=85
num_leaves=20
num_cat=0
split_feature=81 82 82 25 26 32 84 84 84 24 82 84 32 84 115 19 19 24 11
split_gain=27724.3 6795.53 6211.15 2406.76 2344.79 1538.78 1430.83 923.631 911.53 659.602 656.785 537.172 419.478 405.467 396.768 393.516 373.741 372.419 335.096
threshold=1.0000000180025095e-35 -0.071369327604770647 0.075965005904436125 -0.25379081070423121 0.23958345502614978 -0.52827107906341542 1.0000000180025095e-35 1.0000000180025095e-35 1.0000000180025095e-35 0.15105558186769488 -0.4799294769763946 -1.0000000180025095e-35 -0.92621198296546925 1.0000000180025095e-35 1.1105372309684756 0.6495441496372224 0.17913912981748584 -0.22154328227043149 -0.87000378966331471
decision_type=2 2 2 10 10 8 2 2 2 10 2 2 10 2 8 10 10 10 10
left_child=1 4 6 18 8 13 10 -5 16 -8 -2 -7 -10 17 -12 -6 -1 -3 -4
right_child=2 5 3 7 15 11 9 -9 12 -11 14 -13 -14 -15 -16 -17 -18 -19 -20
leaf_value=-0.01025623518113504 -0.0043577681198295201 -0.0063541125731543455 0.0011612516286866399 0.0051701354112740298 -0.0047072619749348576 -0.0016702012315134725 0.001452286876225103 0.0092257807836608804 -0.008665387963929537 0.0060964563827632318 0.00081107690840340511 0.0023755166925415053 -0.0036092570969546971 -0.0012334062340590998 -0.0028561546715657584 -0.0017860055198757299 -0.0072908621798297851 -0.0022284173738260733 0.004355509422672218
leaf_weight=19039.838886886835 5677.1570643335581 5786.0430029034615 5484.7109638005495 10645.3186160326 24697.469189494848 5864.1927749961615 9738.1657661348581 29110.193524181843 3327.4695511311293 7393.9675275981426 19652.12686021626 19289.788593113422 7105.4826243370771 13120.576209202409 5081.9708807021379 8572.977219119668 8880.8980815261602 6311.3237676769495 25979.406683325768
leaf_count=97941 24132 26119 22503 48197 105935 23979 39688 145512 16024 32691 80359 79731 31096 53935 20701 35046 42352 25946 110589
internal_value=5.82949e-06 -0.00391836 0.00403682 0.00622642 -0.00623777 -0.00061902 0.000755383 0.00814346 -0.00821326 0.00346219 -0.000770975 0.00143166 -0.00523755 -0.00266393 5.56153e-05 -0.0039563 -0.00931988 -0.00421011 0.00379997
internal_weight=240759 121996 118763 71219.6 71624.1 50371.9 47543.4 39755.5 38353.7 17132.1 30411.3 25154 10433 25217.9 24734.1 33270.4 27920.7 12097.4 31464.1
internal_count=1062476 538104 524372 326801 328394 209710 197571 193709 187413 72379 125192 103710 47120 106000 101060 140981 140293 52065 133092
is_linear=0
shrinkage=0.0117215


Tree=86
num_leaves=20
num_cat=0
split_feature=81 70 33 70 84 84 84 19 33 33 70 33 17 79 79 11 79 95 35
split_gain=27125.3 6313.37 5561.26 2348.2 1945.55 1677.42 1676.18 940.098 671.104 573.746 546.515 535.81 504.118 481.505 385.166 327.532 305.262 289.896 279.148
threshold=1.0000000180025095e-35 -2.9651983976364131 0.70661899447441112 3.2057138681411748 -1.0000000180025095e-35 1.0000000180025095e-35 1.0000000180025095e-35 0.18902102112770083 0.31486167013645178 0.49933472275733953 2.9588054418563847 0.92171752452850353 0.093221627175807967 0.60552248358726513 -1.6730177402496336 -0.16245434433221814 -0.62697875499725331 1.1278378963470461 0.21354166418313983
decision_type=2 2 10 2 2 2 2 10 10 10 2 10 10 2 2 10 2 10 10
left_child=1 5 6 13 8 7 9 -1 -3 18 16 -5 17 -4 -7 -13 -6 -8 -2
right_child=2 4 3 11 10 14 12 -9 -10 -11 -12 15 -14 -15 -16 -17 -18 -19 -20
leaf_value=-0.0096118102425730729 0.00061602603576400774 -0.0053542355858774097 0.003036004701363258 0.0059493497188121006 -0.0021351450000736999 -0.0076264613914645051 0.0032387676985253955 -0.0058459270793532999 -0.0019596009818422465 0.0010351425280679897 0.0043397200284304655 0.0073047629778362766 0.0065607927181495799 0.0059746381760166284 -0.0030569253911322414 0.010214446722201764 0.00075492664955102077 -0.001815082619253476 -0.0029577962761730171
leaf_weight=23187.206936612725 3913.7607095241547 13682.291970744729 23677.60161690414 9709.1193974912167 6633.3672825843096 3031.3165073990822 9346.9795621484518 15261.464009165764 19335.292534425855 15023.166064694524 4768.9994380772114 8392.6518034040928 6241.6565823704004 11390.546752408147 15434.889682173729 16269.589514106512 20417.174675121903 1855.03061427176 12778.752971127629
leaf_count=117454 16203 59547 100478 44402 27202 14206 38259 69924 79063 61459 20475 41003 27006 51193 66569 84094 83330 7594 52719
internal_value=7.59328e-06 -0.00387846 0.00399695 0.00613206 -0.00137684 -0.00672657 0.000979542 -0.00812146 -0.0033691 -0.000625895 0.000691373 0.00830945 0.00389546 0.00399384 -0.00381569 0.00923209 4.49934e-05 0.00239983 -0.00212018
internal_weight=240351 121752 118599 69439.5 64837.1 56914.9 49159.3 38448.7 33017.6 31715.7 31819.5 34371.4 17443.7 35068.1 18466.2 24662.2 27050.5 11202 16692.5
internal_count=1062180 537770 524410 321170 269617 268153 203240 187378 138610 130381 131007 169499 72859 151671 80775 125097 110532 45853 68922
is_linear=0
shrinkage=0.0117215


Tree=87
num_leaves=20
num_cat=0
split_feature=70 70 39 24 39 39 105 152 19 112 156 49 156 39 39 102 101 49 18
split_gain=25793.3 7067.64 3520.3 2369.25 2039.76 1776.68 684.267 565.798 547.221 513.64 454.935 426.324 409.243 381.566 378.201 326.073 304.823 287.577 277.659
threshold=-2.1254112720489498 2.9321964979171757 -0.55639785528182972 -0.3817425668239593 -0.26668824255466456 -0.087939105927944169 -2.2654315233230586 0.29285715520381933 0.51451528072357189 0.61518749594688427 0.68333333730697643 0.49869792163372045 0.64583334326744091 -0.65563878417015065 -0.35431972146034235 0.20397275686264041 -1.0314405560493467 0.52473959326744091 -0.20631178468465802
decision_type=2 2 10 10 10 10 10 2 8 8 10 8 10 10 10 10 10 10 10
left_child=2 4 3 13 7 6 17 -2 16 14 12 18 15 -1 -4 -9 -5 -3 -8
right_child=1 5 9 8 -6 -7 11 10 -10 -11 -12 -13 -14 -15 -16 -17 -18 -19 -20
leaf_value=-0.0089873855984119802 -0.0017847046794454023 0.003884176605053738 -0.00019115579428903603 -0.0033427612584710021 0.0042135895679509764 0.0096591993932577096 0.0053460071212837485 -0.0012606935589232055 -0.0016868982948001533 -0.0028511536723562336 -0.0015281997846033331 0.004566689735055798 0.0091348041138162653 -0.0044568654079539119 0.0047031692621751576 0.0015360301237787887 -0.0057462672614608662 -0.00027463948115937891 0.0085844252879008886
leaf_weight=27213.830202579498 17888.727503180504 5688.0471346825361 10039.602536335588 11026.089542120695 20573.622730836272 15339.851844727993 6447.9138711988926 6959.7796049118042 9064.2391297668219 8475.7096863090992 10483.730794399977 18160.500371694565 853.64202408492565 2896.4637382924557 2743.2482381761074 31937.59735570848 21914.069655716419 3802.4857683777809 8914.9081766605377
leaf_count=138610 73248 24049 41307 48716 89158 81230 28736 28472 37904 34733 42860 81910 3480 13203 11116 130760 96451 15928 42052
internal_value=7.00557e-06 0.00306617 -0.00481035 -0.00604572 0.000981311 0.00623349 0.00500723 4.04135e-06 -0.00424299 -0.000617619 0.00064155 0.00579385 0.00121435 -0.00855535 0.000865824 0.00103517 -0.00494467 0.00222131 0.00723538
internal_weight=240424 147051 93373.3 72114.7 88697.1 58353.7 43013.9 68123.5 42004.4 21258.6 50234.7 33523.3 39751 30110.3 12782.9 38897.4 32940.2 9490.53 15362.8
internal_count=1063923 641883 422040 334884 367978 273905 192675 278820 183071 87156 205572 152698 162712 151813 52423 159232 145167 39977 70788
is_linear=0
shrinkage=0.0117215


Tree=88
num_leaves=20
num_cat=0
split_feature=81 33 24 39 33 39 33 126 39 33 18 39 142 156 71 18 39 39 147
split_gain=26396.6 6146.04 5470.59 2118.68 1695.23 1378.87 1287.89 776.711 705.204 609.534 576.32 489.275 450.311 441.158 436.89 370.196 364.272 354.547 321.593
threshold=1.0000000180025095e-35 0.2203960865736008 0.30035600066185003 -0.39434882998466486 0.53364631533622753 -0.67832511663436879 0.79964327812194835 -0.15752502530813214 -0.31498818099498743 0.09005585685372354 -0.17918843030929563 -0.16433193534612653 -0.87696158885955799 0.78888890147209179 -2.1281459331512447 -0.59873440861701954 -0.227592758834362 -0.54209333658218373 0.64364719390869152
decision_type=2 8 10 8 10 10 10 8 10 10 10 10 2 10 2 10 10 10 8
left_child=1 5 4 7 8 9 11 12 13 -1 -8 -4 -3 -2 17 -6 -5 -9 -16
right_child=2 3 6 16 15 -7 10 14 -10 -11 -12 -13 -14 -15 18 -17 -18 -19 -20
leaf_value=-0.0098710380664165411 -0.00053665013191138921 -0.004099983059404037 0.0024764613784827721 0.00088090997155418674 0.0016820511002549434 -0.0030046291822093413 0.0061956483287149023 -0.0070087506302214976 0.003889638406630739 -0.0067976516054187846 0.009395884470141707 0.0084927338022224696 -6.460395087445737e-05 -0.0051064992984435923 -0.0039250540396126507 0.0039889305636934417 0.0050283358842372399 -0.003125263855900587 -0.0011670760538692064
leaf_weight=17681.385194316506 19293.534154057503 4996.3075409829617 9185.886795938015 13592.064988330007 13643.015100777149 8323.3950028270483 12303.393992528319 8549.246522217989 4402.6350784599781 18431.778920724988 21867.873175919056 2316.9439091682434 15632.505893602967 3394.6460134536028 16221.24572609365 32301.82653260231 3683.9821751117706 5281.9874608665705 9083.1089110225439
leaf_count=93750 79296 21151 39174 55351 55819 36318 58052 37714 18147 86531 113174 11162 64880 13930 67097 137564 16169 21700 37569
internal_value=-5.14693e-06 -0.00384609 0.00392532 -0.00184273 0.0019344 -0.00731656 0.0071063 -0.0028876 -0.000391117 -0.0083078 0.00824864 0.00370299 -0.00104549 -0.00122493 -0.0038574 0.00330512 0.00177089 -0.00553343 -0.00293705
internal_weight=240187 121477 118710 77040.4 73035.7 44436.6 45674.1 59764.4 27090.8 36113.2 34171.3 11502.8 20628.8 22688.2 39135.6 45944.8 17276 13831.2 25304.4
internal_count=1064548 538230 526318 321631 304756 216599 221562 250111 111373 180281 171226 50336 86031 93226 164080 193383 71520 59414 104666
is_linear=0
shrinkage=0.0117215


Tree=89
num_leaves=20
num_cat=0
split_feature=70 82 33 25 33 82 84 25 40 40 84 25 26 71 26 107 25 25 99
split_gain=24686.7 7225.05 3544.67 2340.26 2183.87 1279.86 1087.06 1012.92 752.68 672.313 522.95 468.109 397.705 366.71 362.395 326.691 323.943 308.289 289.054
threshold=-2.0881493091583248 0.31920054554939276 0.17146603018045428 -0.23885195702314374 0.51394230127334606 -0.26067870855331415 1.0000000180025095e-35 -0.43159662187099451 0.62392309308052074 0.57666704058647167 -1.0000000180025095e-35 -0.69746330380439747 0.073369599878788008 -2.655378937721252 0.53182989358901989 0.064406562596559538 -1.1461079120635984 -0.093565046787261949 0.15452010929584506
decision_type=2 2 10 10 8 2 2 8 10 10 2 10 8 2 10 10 10 10 10
left_child=2 4 6 -3 10 13 12 15 -5 -9 14 -7 -1 -4 -2 -6 -8 -10 -11
right_child=1 3 5 8 7 11 16 9 17 18 -12 -13 -14 -15 -16 -17 -18 -19 -20
leaf_value=-0.010185699795273671 -0.0040781177708221709 0.0035693894307698344 -0.0073859031199717496 0.0034898198759081302 0.0018672604711867384 -0.0026081156381365014 -0.0078878652058260567 0.0015049261220967528 0.0073508576125481222 0.0061756594126939754 0.00050224218991346123 0.0003471453695325217 -0.0073346183460632156 -0.0039907018148045374 -0.00097358399242066548 -0.0012184055655556011 -0.0023301124993538951 0.0097735647152594318 0.0030005621833841898
leaf_weight=12839.78328563273 12387.522883400321 30702.340701952577 5408.8113797605038 4449.2250447422266 8245.740888223052 14990.466371104121 1895.602705270052 12750.866210892797 13761.128326669335 11199.716090857983 9665.8861675262451 14443.994907423854 15031.773778915405 23529.31460955739 8881.5022709369659 10942.709711879492 5930.5588904172182 16499.209079250693 6187.6452806740999
leaf_count=68620 51394 130904 24463 18953 33383 62614 9389 52547 66293 50491 39374 59071 73795 101788 35889 44412 26632 86362 27797
internal_value=1.76216e-05 0.00304004 -0.00466237 0.00593092 0.000682983 -0.00288116 -0.00757121 0.00221376 0.00801602 0.0035532 -0.00175772 -0.00115879 -0.00865545 -0.00463072 -0.00278421 0.000108235 -0.00369567 0.00867832 0.00505126
internal_weight=239744 145673 94070.3 65411.9 80261.6 58372.6 35697.7 49326.7 34709.6 30138.2 30934.9 29434.5 27871.6 28938.1 21269 19188.5 7826.16 30260.3 17387.4
internal_count=1064171 637799 426372 302512 335287 247936 178436 208630 171608 130835 126657 121685 142415 126251 87283 77795 36021 152655 78288
is_linear=0
shrinkage=0.0117215


Tree=90
num_leaves=20
num_cat=0
split_feature=33 24 33 79 33 105 105 87 105 24 79 33 139 153 153 126 153 153 110
split_gain=23563.3 6230.87 3977.14 2012.48 1892.79 1265.63 1076.39 785.467 874.787 618.3 616.149 589 438.66 437.062 398.815 328.227 317.815 299.062 289.143
threshold=0.4620316624641419 0.30035600066185003 0.17951450496912005 -0.97222709655761708 0.79278042912483226 2.6216995716094975 2.0630968809127812 -1.0000000180025095e-35 3.0391571521759038 0.42024061083793646 -0.27683348953723902 0.066551800817251219 -2.5167082548141475 0.52777779102325451 0.5634920895099641 0.23229540884494784 0.47222222387790685 0.35416667163372045 -0.43277823925018305
decision_type=8 10 10 2 8 10 10 2 10 10 2 10 2 2 2 10 2 2 10
left_child=2 3 6 -2 14 10 11 13 12 -6 -4 -1 -9 -5 -3 17 18 -7 -12
right_child=1 4 5 7 9 15 -8 8 -10 -11 16 -13 -14 -15 -16 -17 -18 -19 -20
leaf_value=-0.0094458356778241454 -0.0048732773355393008 0.0013750483029550484 -0.0045765291721725238 0.0018265715941051112 0.0062382184508652291 -0.0014452812581486505 -0.00054070596984358971 -0.0026846854067191796 0.0030032246558066816 0.0093478253401858089 -0.0013743346116195754 -0.0064026179724706754 0.00048713469508710735 0.0044324762034494312 0.0055079968231925907 -0.0009491317850031574 -0.0003415216525185068 0.0058803657245870677 -0.0039111150937767829
leaf_weight=15867.241431802511 6707.9450809210539 9127.3675631284714 21575.044162750244 18177.865472316742 16628.814098358154 978.87005341053009 3094.7060144245625 8511.5897628962994 15421.11971065402 19260.885566473007 11205.256289362907 20150.517996743321 20079.135468959808 17300.358692914248 4942.1637161523104 2720.9911352843046 10423.857976511121 3364.6782954633236 13826.764067813754
leaf_count=84310 28764 38655 92948 74758 78912 3994 13347 35120 65915 101167 47097 96245 82587 72525 22205 11102 42912 13755 57567
internal_value=-1.05566e-05 0.00319112 -0.00423414 0.00128149 0.0064838 -0.00243524 -0.00717887 0.00180214 0.000755355 0.00791202 -0.00301492 -0.00774851 -0.000458546 0.00309937 0.00283352 0.00223896 -0.0020623 0.00423054 -0.00277789
internal_weight=239365 136157 103208 86198 49959.2 64095.5 39112.5 79490.1 44011.8 35889.7 57030.9 36017.8 28590.7 35478.2 14069.5 7064.54 35455.9 4343.55 25032
internal_count=1063885 600608 463277 359669 240939 269375 193902 330905 183622 180079 240524 180555 117707 147283 60860 28851 147576 17749 104664
is_linear=0
shrinkage=0.0117215


Tree=91
num_leaves=20
num_cat=0
split_feature=31 31 31 26 39 18 31 67 33 62 39 39 26 39 26 65 39 34 118
split_gain=23685 6906.92 4080.54 2074.35 1512.3 1188.67 924.283 709.393 766.659 645.649 601.899 465.795 448.723 498.368 401.938 372.103 369.904 368.435 361.861
threshold=0.082609359174966826 -0.33923211693763727 0.36337666213512426 0.60447442531585704 -0.47329443693161005 -0.67002674937248219 -0.44467324018478388 2.9436159133911137 0.71824395656585704 -0.49837726354598993 -0.055943222716450684 -0.68388447165489186 0.94113090634346019 -0.19628747552633283 0.30003747344017034 0.60001450777053844 -0.62334674596786488 0.48437500000000006 -0.18995608389377591
decision_type=10 8 10 10 8 8 10 10 10 8 8 10 8 10 10 10 10 10 10
left_child=1 6 5 4 9 -2 11 8 -5 18 -4 -1 13 -7 16 -11 -8 -14 -3
right_child=2 3 10 7 -6 12 14 -9 -10 15 -12 -13 17 -15 -16 -17 -18 -19 -20
leaf_value=-0.0095582585322024419 -0.00037593478025606611 -0.0023592155211481173 0.0066020418783839172 0.00093481311938046119 0.00057131497490576057 0.0020622420377404455 -0.0069413470841392664 -0.0042624877814767068 0.0059053136985043331 -0.0032260123363757436 0.0099461467957510201 -0.0027748133299495036 0.0036961042306038593 0.0053620207555753916 -0.0028871136962721079 -0.0055659070300960647 -0.0021711452966607738 0.0074786575964200623 0.0028245963012300062
leaf_weight=16407.791809991002 13621.529613062739 4479.9269453138113 22059.607256397605 18714.844757854939 17684.908537521958 27791.057225614786 17301.959463968873 2680.7387811243534 5502.8415440618992 31520.330866187811 11379.194128096104 1544.8627858906984 8794.5112821161747 8130.5702565610409 6195.0711824893951 13373.430761143565 2594.7259726673365 6011.0643383711576 3117.2870791554451
leaf_count=88538 55552 18795 107787 75760 71473 115560 83106 11090 23759 132480 62308 7167 38415 35823 26881 57289 11332 27202 13036
internal_value=-7.38192e-06 -0.00307944 0.00442563 -0.00133203 -0.00239264 0.00269794 -0.00692801 0.00143469 0.00206882 -0.00339104 0.00774616 -0.00897888 0.00352314 0.00281211 -0.00551014 -0.00392557 -0.00632253 0.00524115 -0.000230064
internal_weight=238906 141119 97787.5 97074.3 70175.9 64348.7 44044.4 26898.4 24217.7 52491 33438.8 17952.7 50727.2 35921.6 26091.8 44893.8 19896.7 14805.6 7597.21
internal_count=1063353 620706 442647 403682 293073 272552 217024 110609 99519 221600 170095 95705 217000 151383 121319 189769 94438 65617 31831
is_linear=0
shrinkage=0.0117215


Tree=92
num_leaves=20
num_cat=0
split_feature=81 82 82 18 31 84 32 84 1 32 71 1 84 84 82 1 18 84 1
split_gain=24349.7 6084.71 5695.87 1965.96 1823.83 1282.04 1276.59 968.363 656.887 536.773 526.658 512.366 493.299 481.086 433.211 424.791 410.429 403.112 427.621
threshold=1.0000000180025095e-35 -0.058646237477660172 0.11497968435287477 -0.34065331518650049 -0.41376464068889612 1.0000000180025095e-35 -0.51323008537292469 1.0000000180025095e-35 -0.11183826625347136 -0.34366723895072931 -1.8053812980651853 -0.091004081070423112 1.0000000180025095e-35 -1.0000000180025095e-35 -0.29253953695297236 -0.088181592524051652 -0.10536694526672362 1.0000000180025095e-35 -0.10101978480815886
decision_type=2 2 2 10 10 2 8 2 8 10 2 10 2 2 2 10 10 2 10
left_child=1 4 5 -4 -1 8 17 11 -2 -7 12 -5 -6 -8 -10 -14 -9 -3 -19
right_child=2 6 3 7 10 9 13 16 14 -11 -12 -13 15 -15 -16 -17 -18 18 -20
leaf_value=-0.0086663257541692573 0.0019342461847284402 -0.0038884574709060812 0.0034133776620185207 0.0080735635360350364 -0.0071663841689284082 0.0011961907008925128 -0.0015947794331309575 0.0073253661489313801 -0.0038869188230341994 0.0052260292194144919 -0.0033386438963187623 0.0029731351259505829 -0.0071942170917250418 0.0023524503687509142 -0.00047846288255167337 -0.0022823691188852422 0.010081272107005186 -0.0034863484351927015 0.00076557923371112658
leaf_weight=22014.513568013906 9844.2219028621912 12022.862974077463 24954.092503100634 4125.3181402683258 14801.37270578742 8699.0976337045431 5499.0312881618738 15739.49014621973 7956.4948509335518 9519.0270093530416 23689.508953720331 7926.6135424822569 3574.3450731933117 18337.81269133091 14334.351084128022 7498.1045099645853 14858.743310034275 5394.5419656485319 8104.8183355331421
leaf_count=116588 40887 52029 106479 19265 68111 35490 22514 76118 33280 42147 99829 35338 15819 76128 58596 32222 78482 22285 33218
internal_value=2.01906e-05 -0.00367528 0.00380898 0.00603134 -0.00585805 0.000823834 -0.000508682 0.00756039 -0.000584612 0.00330578 -0.00460722 0.00473118 -0.00576465 0.00144118 -0.00169786 -0.00387975 0.0086703 -0.00232944 -0.00093663
internal_weight=238894 120937 117957 67604.3 71577.8 50353.2 49359.1 42650.2 32135.1 18218.1 49563.3 12051.9 25873.8 23836.8 22290.8 11072.4 30598.2 25522.2 13499.4
internal_count=1064825 538743 526082 315682 332569 210400 206174 209203 132763 77637 215981 54603 116152 98642 91876 48041 154600 107532 55503
is_linear=0
shrinkage=0.0117215


Tree=93
num_leaves=20
num_cat=0
split_feature=81 82 82 26 18 84 39 84 84 82 38 1 1 126 18 18 1 19 62
split_gain=23951.6 5918.77 5475.95 2189.18 1974.88 1269.47 1226.97 1210.37 813.432 634.126 624.067 567.237 547.205 503.475 410.358 409.287 406.301 386.708 341.336
threshold=1.0000000180025095e-35 -0.077916942536830888 0.069621145725250258 0.22134087979793551 -0.35220922529697413 1.0000000180025095e-35 -0.36747276782989496 1.0000000180025095e-35 1.0000000180025095e-35 -0.4799294769763946 -0.33237656950950617 -0.11030662059783934 -0.091004081070423112 -0.14999564737081525 -0.35609731078147883 -0.15595279633998868 -0.09379855170845984 0.5978267788887025 -0.45620992779731745
decision_type=2 2 2 10 10 2 10 2 2 2 8 10 10 8 10 10 10 10 10
left_child=1 3 5 8 -4 9 10 12 -1 -2 -3 -11 -6 -12 -7 -9 -10 -5 -13
right_child=2 6 4 17 7 14 -8 15 16 11 13 18 -14 -15 -16 -17 -18 -19 -20
leaf_value=-0.0090223427568274974 -0.0042965416920519106 -0.0051059934692725467 0.0031962310847834835 -0.004586839247427925 0.0076266310139300412 0.0015642452134437615 0.0024724593507970218 0.0069404672841642074 -0.0082630929318559306 0.0027179681250823788 0.0014342035354955767 0.0020987918619837166 0.0026533708356228452 -0.0019143829890384051 0.0052273829009483802 0.009674281352225228 -0.0032147664990809623 -0.0018898837853938298 -0.0019933949750522381
leaf_weight=25540.547987341881 5647.9239912927151 6103.3251419216394 25064.4655315727 24367.994954258204 4613.5009865760803 9212.7645410597324 13171.881065174937 13217.747624352574 3394.3595836907625 7558.8377918452024 8419.3328913301229 3519.3686484098434 8953.9561612308025 22915.018895789981 7746.665809109807 18673.728952944279 6256.9072574228048 10497.489535138011 13386.620102986693
leaf_count=133027 24154 27510 106672 106223 21426 37871 54968 62936 16058 31131 34541 14350 39683 94544 34188 98230 28319 43214 54651
internal_value=1.19952e-05 -0.00365646 0.00377624 -0.00586235 0.0058422 0.000679669 -0.000601629 0.00729872 -0.00792487 -0.000765016 -0.00168406 5.3577e-05 0.00435465 -0.00101424 0.00324235 0.00854711 -0.00500588 -0.00377663 -0.0011398
internal_weight=238262 120667 117596 70057.3 70523.4 47072.2 50609.6 45458.9 35191.8 30112.8 37437.7 24464.8 13567.5 31334.4 16959.4 31891.5 9651.27 34865.5 16906
internal_count=1063696 538404 525292 326841 328947 196345 211563 222275 177404 124286 156595 100132 61109 129085 72059 161166 44377 149437 69001
is_linear=0
shrinkage=0.0117215


Tree=94
num_leaves=20
num_cat=0
split_feature=70 32 32 40 40 26 79 40 87 32 32 32 26 112 125 152 101 32 71
split_gain=22180 6882.53 3126.62 2280.92 2071.74 2023.76 1138.15 721.501 686.287 686.079 674.703 484.426 418.664 396.274 376.556 339.609 306.142 286.726 280.117
threshold=-2.1995607614517207 -0.22543872147798535 -0.7253720462322234 0.38101932406425482 0.63968011736869823 0.22498008608818057 1.5392569303512575 0.1894311532378197 1.0000000180025095e-35 -0.089008215814828859 -0.49928465485572809 -0.96664538979530323 0.54190078377723705 0.21339719742536548 0.24063979834318164 0.23611111193895343 -0.15934511274099347 -0.47530965507030482 0.63411003351211559
decision_type=2 10 10 8 10 10 2 10 2 10 10 8 10 8 10 2 10 10 2
left_child=2 3 5 12 16 11 8 -4 18 -6 -10 -1 -2 17 -12 -7 -3 -9 -5
right_child=1 4 7 6 9 15 -8 13 10 -11 14 -13 -14 -15 -16 -17 -18 -19 -20
leaf_value=-0.0089402198270163886 -0.0035512420155910207 0.00077215678151608684 -0.0060621384834678889 0.0014675949095936303 0.0061720768999688948 -0.0048518084510688403 0.0070623926550350026 -0.0004087060879192635 -0.0016174015093572704 0.0093178437285815381 0.0034307555279600404 -0.0059428389765758174 -0.00031672242498228197 -0.0021648046196067741 0.0005034891138970928 -0.0021461223525153041 0.0082442976501088706 0.003466887815521924 0.0036993704753665617
leaf_weight=23417.444661065936 13480.857756242156 8481.6888618916273 4040.6366332024336 12652.379246547818 21274.786992311478 14238.983773633838 5608.4446297883987 8759.9415281713009 13217.880483075976 17659.630116686225 9885.8903741389513 11163.838565960526 9282.2546035498381 13124.934106886387 15478.780170053244 11638.347093135118 804.33344122767448 3717.8574481010437 20016.745425105095
leaf_count=123605 56255 36155 18465 51541 100506 62975 25258 36376 53842 96163 41315 52754 37463 54043 64593 49883 3543 15155 83821
internal_value=-1.00419e-05 0.0027836 -0.00459352 0.00102354 0.00641762 -0.00612205 0.00198868 -0.00147367 0.00158713 0.00760363 0.000528023 -0.00797723 -0.00223395 -0.000744672 0.00164649 -0.00363795 0.00143837 0.000750362 0.00283669
internal_weight=237946 147844 90102 99623.2 48220.4 60458.6 76860.1 29643.4 71251.7 38934.4 38582.6 34581.3 22763.1 25602.7 25364.7 25877.3 9286.02 12477.8 32669.1
internal_count=1063711 650455 413256 414088 236367 289217 320370 124039 295112 196669 159750 176359 93718 105574 105908 112858 39698 51531 135362
is_linear=0
shrinkage=0.0117215


Tree=95
num_leaves=20
num_cat=0
split_feature=70 82 33 33 70 82 38 84 102 84 24 115 82 120 24 33 86 26 152
split_gain=22128.5 6538.4 3061.41 2116.91 1964.81 1176.17 907.534 811.669 517.16 502.272 398.863 337.042 325.97 320.881 302.321 331.172 291.075 289.576 288.458
threshold=-2.1254112720489498 0.34488935768604284 0.14666128158569339 0.51883146166801464 3.2057138681411748 -0.34177371859550471 0.38386248052120214 1.0000000180025095e-35 0.96906962990760814 -1.0000000180025095e-35 0.4239655882120133 -2.3764486312866206 0.24025877565145495 -0.87781310081481922 0.15536697953939441 0.70661899447441112 3.9981586933135991 0.073369599878788008 0.70714285969734203
decision_type=2 2 10 8 2 2 10 2 10 2 10 8 2 8 10 8 2 8 2
left_child=2 3 7 9 18 16 8 17 14 11 -6 -2 -7 -11 -5 -16 -4 -1 -3
right_child=1 4 5 6 10 12 -8 -9 -10 13 -12 -13 -14 -15 15 -17 -18 -19 -20
leaf_value=-0.0098169732787745032 3.4250919269450897e-05 0.0026681235758295807 -0.006163596107104638 0.0012548891564767531 0.0064111717314095842 -0.0021692720206170865 0.0073877961944738661 -0.0038579187250413018 -0.00050164507563643581 0.0042091304326224007 0.0092115577937542711 -0.0033873895862360764 0.00051119281493760356 -0.00064130658635333309 0.0017035759710161713 0.0048485812584176504 -0.0037339026594195952 -0.0071738915059486093 0.004845011049784612
leaf_weight=12296.256551295519 5121.8773894608021 16480.494173958898 11838.637822329998 16427.94819073379 13072.621461063623 25397.203966706991 4225.8641359955072 6507.5443686395884 10931.689519524574 2443.2266267687082 15849.234753012657 17336.176547065377 8248.1967439055443 7781.1821664869785 8390.9836519658566 10261.571238026023 16265.923805698752 11442.260217651725 17223.483157172799
leaf_count=67666 21103 69894 53347 66882 62038 106554 21097 30624 45496 9972 85304 71268 33757 31752 34738 45562 71793 58121 76605
internal_value=8.49804e-06 0.00285264 -0.00449078 0.000693141 0.00571062 -0.0029924 0.00220332 -0.00754521 0.00172368 -0.00162816 0.00795196 -0.00260781 -0.00151225 0.000524683 0.002417 0.00343766 -0.00476163 -0.00855125 0.00378314
internal_weight=237542 145546 91996 82920.5 62625.8 61750 50238.1 30246.1 46012.2 32682.5 28921.9 22458.1 33645.4 10224.4 35080.5 18652.6 28104.6 23738.5 33704
internal_count=1063573 641711 421862 347870 293841 265451 213775 156411 192678 134095 147342 92371 140311 41724 147182 80300 125140 125787 146499
is_linear=0
shrinkage=0.0117215


Tree=96
num_leaves=20
num_cat=0
split_feature=81 32 32 26 26 84 84 84 39 26 32 32 71 32 10 34 26 84 102
split_gain=22204.5 5155.08 4802.03 2340.53 1553.69 1425.79 1094.67 1045.18 620.073 590.063 482.478 394.351 367.427 312.064 310.321 294.668 506.801 306.412 285.749
threshold=-1.0000000180025095e-35 -0.20529492199420926 -0.6819067895412444 0.20987506210803988 0.7762885093688966 1.0000000180025095e-35 1.0000000180025095e-35 -1.0000000180025095e-35 -0.65563878417015065 0.33873914182186132 -0.080155096948146806 -0.40789718925952906 -1.3738634586334226 -0.40789718925952906 0.013726724777370693 0.42187500000000006 1.0817481875419619 -1.0000000180025095e-35 0.93702447414398204
decision_type=2 10 10 10 10 2 2 2 10 10 10 10 2 10 8 10 10 2 8
left_child=2 4 3 8 6 9 14 -3 -1 -4 -9 -7 -5 -8 18 -6 17 -17 -2
right_child=1 7 5 12 15 11 13 10 -10 -11 -12 -13 -14 -15 -16 16 -18 -19 -20
leaf_value=-0.0084786833006967859 -0.001169202681524911 0.0034640988521125759 -0.0061848332930374943 -0.0045118479315691623 0.0025500881723353823 -0.00016890190066918108 0.00089226404109722299 0.0066001581174912026 -0.004208926555091785 -0.0016244157636204611 0.0095533771695650756 0.0026467529717363095 -0.0021405002549039886 0.0037430965971175377 0.00050771049683894659 0.0021089198012214541 0.0074901823265877835 0.0065422709386109825 -0.004819315067780325
leaf_weight=28345.092359021306 13017.285986021161 9234.4394412189722 6637.3632010519505 21142.847141325474 12752.515857338905 19715.709385097027 9266.4033590108156 16855.480505689979 5682.158941462636 9455.9584289342165 14374.452428251505 10434.832584649324 15719.810052499175 12283.338042005897 11357.433492124081 7814.2263479977846 6501.8550440818071 2949.1517658978701 3795.3280207961798
leaf_count=148815 54071 42659 28908 93790 54602 80306 37707 81292 25483 38617 79688 43911 65525 51663 46353 32472 29625 12659 15917
internal_value=-4.44067e-06 0.00353445 -0.00363601 -0.00555237 0.00180428 -0.000696976 0.000532369 0.00694086 -0.00776905 -0.00351148 0.00796556 0.000806861 -0.00350259 0.00251952 -0.000988603 0.00390895 0.00490786 0.00333515 -0.00199871
internal_weight=237336 120202 117134 70889.9 79737.5 46243.9 49719.8 40464.4 34027.3 16093.3 31229.9 30150.5 36862.7 21549.7 28170 30017.7 17265.2 10763.4 16812.6
internal_count=1064063 538708 525355 333613 335069 191742 205711 203639 174298 67525 160980 124217 159315 89370 116341 129358 74756 45131 69988
is_linear=0
shrinkage=0.0117215


Tree=97
num_leaves=20
num_cat=0
split_feature=81 31 31 25 24 153 153 24 79 25 31 61 130 49 79 111 99 95 79
split_gain=22073.8 5333.79 4875.21 1390.91 1156.61 1118.58 840.765 720.92 714.964 678.133 410.172 375.096 371.206 361.198 320.871 288.586 283.995 281.097 266.107
threshold=1.0000000180025095e-35 -0.28268563747406 0.31960353255271917 -0.88298955559730519 -0.41182006895542139 0.47222222387790685 0.52777779102325451 0.4054268896579743 0.51655200123786937 -0.44503936171531672 0.10871249064803125 -2.9258135557174678 -0.28459899127483362 0.66536459326744091 -1.9289442896842954 -0.42746646702289576 -0.54560306668281544 -1.2794522047042844 2.0100904703140263
decision_type=2 8 10 8 10 2 2 10 2 10 10 10 10 10 2 10 8 8 2
left_child=1 4 5 14 -1 8 10 -4 12 -7 17 -8 -2 -11 -3 -14 -17 -5 -10
right_child=2 3 7 6 -6 9 11 -9 18 13 -12 -13 15 -15 -16 16 -18 -19 -20
leaf_value=-0.0085149701955281546 -0.0055823199441980848 -0.0088077251791869714 0.0053726802894592338 0.00098966281306350789 -0.0049318307132741566 0.0015537273796376299 0.0036971344543659736 0.0085478038245444758 0.0020352033709473494 0.0059032779937957308 0.0010015898819380935 0.00026257001786658452 0.0049967517117076032 0.0029381050445118459 -0.0038492597587382921 0.0028321853664031037 -0.0013521965892298645 -0.0031025796801083644 0.0080451640605652842
leaf_weight=21139.511102452874 2100.4253641963005 2081.0109830498695 20164.807076275349 2599.1564781963825 30227.196942105889 19403.764043495059 5568.4469519108534 19542.885586097836 11461.672037631273 12283.949736088514 5278.40159329772 19996.168168216944 1239.3618466109037 10589.618186026812 13053.760349601507 2553.0685048848391 16528.526947915554 19782.267633110285 1091.9125503450632
leaf_count=113533 8714 9626 95377 10728 138839 79759 22895 106221 48025 53021 21977 82412 5137 45220 55769 10583 68453 81466 5000
internal_value=-1.87077e-05 -0.00355639 0.00360262 -0.00141094 -0.00640963 0.00188591 -0.000518576 0.00693947 0.000334742 0.00316825 -0.00193413 0.00101336 -0.000919181 0.00453489 -0.00454352 -0.000431352 -0.000789569 -0.00262681 0.00257187
internal_weight=236686 119726 116960 68359.2 51366.7 77252.3 53224.4 39707.7 34975 42277.3 27659.8 25564.6 22421.4 22873.6 15134.8 20321 19081.6 22381.4 12553.6
internal_count=1062755 537245 525510 284873 252372 323912 219478 201598 145912 178000 114171 105307 92887 98241 65395 84173 79036 92194 53025
is_linear=0
shrinkage=0.0117215


Tree=98
num_leaves=20
num_cat=0
split_feature=81 31 31 40 31 31 141 19 40 19 68 114 112 40 67 127 141 33 43
split_gain=21589.5 5261.82 4860.28 1697.06 1174.16 946.666 571.645 571.525 528.163 512.851 475.45 405.974 394.814 380.923 357.783 338.507 322.116 320.621 297.452
threshold=-1.0000000180025095e-35 0.28615200519561773 -0.36676068603992457 0.37633651494979864 0.11303289234638215 0.42592330276966101 1.0000000180025095e-35 1.337754547595978 0.050745183601975448 0.48981963098049169 18.706761360168461 0.66639423370361339 -0.67545917630195607 0.6999744474887849 3.1886664628982548 1.0000000180025095e-35 -1.0000000180025095e-35 0.30247950553894049 -0.011864345520734785
decision_type=2 10 10 10 10 10 2 10 10 10 10 8 8 8 10 10 2 8 10
left_child=2 3 8 17 6 -3 9 10 -1 12 16 15 -4 -7 -8 -12 -5 -2 -18
right_child=1 5 4 7 -6 13 14 -9 -10 -11 11 -13 -14 -15 -16 -17 18 -19 -20
leaf_value=-0.0095856734658336697 -0.0044733161562463698 0.0052071302131519934 -0.0019938449038549599 0.0016304331613521033 0.00075896458906732486 0.0032940763556683766 -0.00048830609783933265 0.0061140970712141897 -0.0063573044209769411 -0.002074440197562988 0.0020631925205739461 0.0021012835721879548 -0.0056650008974567876 0.009158966538519166 -0.0032702749436658916 -0.0037597035385372982 0.0056775007581043807 -0.00078826602434205672 0.0027166152140434986
leaf_weight=10097.461731150746 4559.9258078038692 27671.780412584543 5291.2323182523251 18122.64065477252 16372.706892982125 1708.0227127373219 18176.111257642508 5376.4494600296021 23569.602813616395 16321.729464396834 1978.2587652653456 7333.5481309443712 17261.796416699886 17046.796177402139 9748.5436317771673 4361.8970045745373 7296.7445294260979 11147.974477499723 13104.664555624127
leaf_count=57389 19967 128572 22947 75020 68116 8222 76063 23875 117158 67541 8207 30449 75149 95033 41234 18066 30572 45394 54583
internal_value=8.67336e-06 0.00350679 -0.00357535 0.00154991 -0.00205327 0.00659332 -0.00274258 0.00248144 -0.00733151 -0.00366144 0.00210471 0.000226428 -0.00480664 0.00862959 -0.00146141 -0.00194194 0.00277085 -0.00186305 0.00378087
internal_weight=236548 119709 116839 73282.1 83172.1 46426.6 66799.4 57574.2 33667.1 38874.8 52197.8 13673.7 22553 18754.8 27924.7 6340.16 38524 15707.9 20401.4
internal_count=1063557 537960 525597 306133 351050 231827 282934 240772 174547 165637 216897 56722 98096 103255 117297 26273 160175 65361 85155
is_linear=0
shrinkage=0.0117215


Tree=99
num_leaves=20
num_cat=0
split_feature=32 26 32 32 79 38 38 26 38 152 82 60 26 82 79 112 18 26 60
split_gain=19994.3 5956.18 3472.89 2578.74 1419.11 1179.63 949.429 805.336 773.587 712.876 613.414 413.635 404.083 387.168 341.02 318.679 289.101 280.599 255.956
threshold=-0.46127225458621973 0.34676916897296911 -0.16935668140649793 -0.79589796066284169 0.94328463077545177 -0.26036003232002253 0.16867836564779284 0.12839388847351077 -0.34655348956584925 0.29285715520381933 0.29515361785888677 0.035400018095970161 0.81950762867927562 0.37118105590343481 0.36667433381080633 0.69136914610862743 -0.10893874242901801 1.0926537513732912 -0.33417715132236475
decision_type=10 8 10 10 2 10 10 10 10 2 2 10 8 2 2 10 10 10 10
left_child=1 3 5 7 9 18 13 -1 -5 -3 15 12 -11 -4 -12 -7 -8 -6 -2
right_child=2 4 6 8 17 10 16 -9 -10 11 14 -13 -14 -15 -16 -17 -18 -19 -20
leaf_value=-0.0087179474559299711 -0.0001302465127689715 -0.0027007275335985867 0.0014497091416225273 -0.0069378286269686576 0.0028977616187884515 0.0021537385984726079 0.0066537007387969969 -0.0054987318828202307 -0.0016332157896627902 -1.4265861887127892e-05 0.0029998919419096408 -0.0019475381339202548 0.0034135215561772766 0.006304098203090293 0.0055748638470789029 -0.00080064955839869627 0.0091499911185914974 0.0078723955976577505 -0.006115490634448854
leaf_weight=21316.070819064975 1623.2777142673731 20925.521959081292 5115.509225949645 4498.7478164285421 4575.7593124955893 23523.30649587512 12355.191274702549 21802.26979392767 23101.096236929297 19562.570439234376 21302.625723063946 10460.649690896273 6206.478103607893 4043.3616828918457 10662.572722107172 6361.0230937749147 14173.512015327811 2378.6902139931917 2464.4183666110039
leaf_count=114745 6662 87267 22585 21184 19026 97616 62373 102737 96785 80412 90582 42651 25981 20013 48022 26436 78098 10959 10376
internal_value=4.63444e-07 -0.00295853 0.003926 -0.00530365 -0.000370679 0.0023305 0.00687044 -0.00709403 -0.00250298 -0.000979544 0.00273382 1.56717e-05 0.000813653 0.00360332 0.00386225 0.00152475 0.00799425 0.00461986 -0.00375287
internal_weight=236453 134828 101625 70718.2 64109.7 65937.2 35687.6 43118.3 27599.8 57155.2 61849.5 36229.7 25769 9158.87 31965.2 29884.3 26528.7 6954.45 4087.7
internal_count=1064510 601747 462763 335451 266296 279694 183069 217482 117969 236311 262656 149044 106393 42598 138604 124052 140471 29985 17038
is_linear=0
shrinkage=0.0117215


Tree=100
num_leaves=20
num_cat=0
split_feature=33 25 33 24 79 38 38 25 141 25 67 38 33 132 33 33 33 97 48
split_gain=19528.9 5929.28 3095.43 2820.82 1346.23 1226.62 827.119 779.626 654.566 570.297 665.716 562.211 381.155 332.769 305.16 298.168 281.458 250.147 247.028
threshold=0.41318099200725561 -0.33694465458393091 0.79964327812194835 -0.3817425668239593 -1.2528607845306394 0.21754832565784457 0.31492272019386297 -0.14328959584236142 1.0000000180025095e-35 -0.57930028438568104 -7.6262362003326407 -0.095523748546838746 0.24898988753557208 1.3738455772399905 0.62158864736557018 0.6539159119129182 0.051405161619186408 -7.5858898162841788 0.37890625000000006
decision_type=8 10 10 10 2 10 10 10 2 10 8 10 10 8 10 10 10 10 8
left_child=3 4 6 11 -2 8 15 -4 12 10 14 16 -5 -12 -6 -3 -1 -10 -13
right_child=1 2 7 5 9 -7 -8 -9 17 -11 13 18 -14 -15 -16 -17 -18 -19 -20
leaf_value=-0.0092039221499871943 -0.0056764498272580729 0.00045043978285225754 0.005360869678736095 -0.0053418941773772308 0.0011390847932009622 0.0043081030086694347 0.0065647012639086667 0.0085905249461925761 0.0028721152098413727 0.0018091040220183153 -0.0017371965374849902 -0.0059226136168602853 -0.0030136065979239394 0.0019587413904560971 0.0062506910214098028 0.0031207711600071755 -0.0066699476728112441 -0.001810555677105084 -0.00078887881157579606
leaf_weight=12314.643919378519 4826.3105933815241 17039.073528409004 19207.90945827961 17518.266487523913 5081.3836976885796 3133.6838797479868 4976.6096792519093 22539.060204222798 1708.5715664476156 33301.624190926552 23006.405939862132 2923.8315108716488 21830.906891778111 3896.2926458418369 2331.4944287985563 8651.8371507525444 12643.552331224084 16705.833698824048 2301.710852265358
leaf_count=69086 21349 70003 90212 80268 20594 12954 23455 121766 7321 138727 94386 13766 91526 15969 9866 37397 64013 70945 10152
internal_value=-1.33461e-05 0.00266055 0.0050319 -0.00426558 0.000289287 -0.00281152 0.00220201 0.00710837 -0.00319934 0.00071691 -0.00034352 -0.00719479 -0.00405271 -0.00120069 0.00276132 0.00135173 -0.00792765 -0.001373 -0.00367487
internal_weight=235939 144858 72414.5 91081 72443.5 60897.3 30667.5 41747 57763.6 67617.2 34315.6 30183.7 39349.2 26902.7 7412.88 25690.9 24958.2 18414.4 5225.54
internal_count=1063755 643724 342833 420031 300891 263014 130855 211978 250060 279542 140815 157017 171794 110355 30460 107400 133099 78266 23918
is_linear=0
shrinkage=0.0117215


Tree=101
num_leaves=20
num_cat=0
split_feature=81 25 55 40 40 40 153 25 25 126 126 126 40 38 153 40 12 153 25
split_gain=20118.7 4564.87 4064.36 2110.58 1259.24 1196.04 845.269 501.829 461.771 457.079 454.782 431.872 353.007 317.931 308.946 295.435 273.475 350.495 298.033
threshold=-1.0000000180025095e-35 -0.25379081070423121 -1.1490020751953123 0.62392309308052074 0.39943024516105657 0.078639652580022826 0.47222222387790685 -0.72917565703392018 -0.076955687254667268 0.43739141523838049 0.41247783601284033 -0.28583897650241846 0.22095772624015811 0.23365735262632373 0.64583334326744091 0.29189890623092657 0.60168471932411205 0.47222222387790685 -1.1589778661727903
decision_type=2 10 10 10 10 10 2 10 10 10 10 10 8 10 2 10 10 2 10
left_child=2 4 5 14 12 -1 9 -8 -5 15 -6 -7 -2 -12 -3 -4 17 -13 -19
right_child=1 3 6 8 10 11 7 -9 -10 -11 13 16 -14 -15 -16 -17 -18 18 -20
leaf_value=-0.0088874322877948043 -0.0048699449863751198 0.0009980995022417778 -0.0039293221190894317 0.0062353815472394316 0.0028274602764041799 -0.0025226686090939784 -0.0024299764967906311 0.00069805910665374183 0.0088381029210788976 -0.0071114405344905466 -0.0027569814582373573 -0.0071081875806347167 -0.00058030286912575226 0.0015852458414637397 0.0057233942640520378 -0.001392297425622475 -0.0025953523778852066 -0.0071069028503226907 -0.0030665929417083731
leaf_weight=13424.626648038626 3299.7765935063362 10347.843999177217 10503.808868855238 21654.642742589116 41677.166369900107 8753.6867356449366 9901.2405517995358 24278.313301056623 17056.468080669641 3167.0798752009869 3553.1174914687872 14926.292640671134 12784.738611325622 6554.3064298182726 2309.8953758478165 15836.674075320363 3968.3413472920656 3709.5083816200495 7882.8947806954384
leaf_count=76217 14725 43811 45225 105852 175508 40226 41182 100561 93174 13447 14572 72391 52297 28179 9990 65215 17261 18396 35410
internal_value=9.94313e-06 0.00339327 -0.00345727 0.0060287 0.00139718 -0.00586571 -0.00146423 -0.000209117 0.00738679 -0.00291675 0.00228678 -0.00482729 -0.0014661 5.59719e-05 0.00186934 -0.00240656 -0.00548659 -0.00591659 -0.00437112
internal_weight=235590 119238 116352 51368.9 67869.1 52665.4 63687.1 34179.6 38711.1 29507.6 51784.6 39240.7 16084.5 10107.4 12657.7 26340.5 30487 26518.7 11592.4
internal_count=1063639 538108 525531 252827 285281 259901 265630 141743 199026 123887 218259 183684 67022 42751 53801 110440 143458 126197 53806
is_linear=0
shrinkage=0.0117215


Tree=102
num_leaves=20
num_cat=0
split_feature=81 70 70 40 40 40 40 25 25 25 141 25 83 156 141 48 101 143 112
split_gain=19898.3 4540.21 4415.8 1639.1 1619.76 986.03 974.582 560.598 501.303 478.766 450.827 435.758 423.892 389.442 348.444 328.784 300.155 297.215 294.153
threshold=-1.0000000180025095e-35 3.0350961685180669 -3.1141546964645381 0.60835659503936779 0.37224599719047552 0.2694059163331986 0.062327073886990554 -0.36057512462139124 -1.076256990432739 -0.12037440389394759 1.0000000180025095e-35 -0.72269210219383229 3.8393944501876835 0.68333333730697643 -1.0000000180025095e-35 0.56119790673255932 -0.16353752464056012 0.18764929473400119 -0.02346701733767986
decision_type=2 2 2 8 10 10 10 10 10 10 2 10 2 10 2 10 8 10 8
left_child=2 4 6 -3 18 -4 -1 17 -8 -5 -10 -7 13 -13 -9 16 -14 -6 -2
right_child=1 3 5 9 7 11 8 14 10 -11 -12 12 15 -15 -16 -17 -18 -19 -20
leaf_value=-0.009173311416054231 -0.00029792475057554711 0.0019191868521127721 -0.0037642028395748514 0.0058392271419188766 0.0010340279129090689 -0.0023185895267830328 -0.0068144420330576282 0.0019922124527608697 -0.0056561344283645437 0.008557312458812933 -0.0023247732470421155 0.0021672854783953699 -0.0042101488390537851 -0.001666731974099576 0.004923564136600082 0.00021219062214895528 0.0038383745354915217 0.0041908343505178431 -0.0036336665022151057
leaf_weight=11015.674890995026 7361.5928360521793 9561.7577517032623 18607.082867950201 16123.709706664085 29668.779961168766 14139.199866056442 15729.251104786992 9027.5214712172747 11780.92099738121 20695.355373829603 10689.712974131107 15002.222666814923 5833.9169913977385 4784.6941564828157 14738.64705710113 7868.5434794574976 696.01307220757008 4737.2920741289854 7154.7437895685434
leaf_count=63625 30635 40838 82241 76844 122105 58877 78131 38435 54822 113228 46884 61763 23976 19743 66131 32297 2966 19816 30037
internal_value=1.76059e-05 0.00338442 -0.0034339 0.00624896 0.00155522 -0.00147321 -0.00609843 0.00242915 -0.00520669 0.00737146 -0.00407539 -0.000589689 0.000126482 0.00123931 0.00381314 -0.00140234 -0.00334169 0.00147122 -0.00194521
internal_weight=235217 119069 116147 46380.8 72688.6 66931.7 49215.6 58172.2 38199.9 36819.1 22470.6 48324.6 34185.4 19786.9 23766.2 14398.5 6529.93 34406.1 14516.3
internal_count=1063394 538069 525325 230910 307159 281863 243462 246487 179837 190072 101706 199622 140745 81506 104566 59239 26942 141921 60672
is_linear=0
shrinkage=0.0117215


Tree=103
num_leaves=20
num_cat=0
split_feature=24 40 24 79 40 84 84 18 87 48 24 46 71 79 79 79 68 79 124
split_gain=17422.5 4291.78 3637.39 1984.9 1909.06 1485.69 1125.34 834.969 609.607 542.387 533.994 499.903 379.893 360.081 352.76 339.367 342.87 305.149 285.95
threshold=-0.0044367206282913676 0.16165003925561908 0.35147613286972051 -1.518943130970001 0.65613588690757763 -1.0000000180025095e-35 1.0000000180025095e-35 -0.68898460268974293 -1.0000000180025095e-35 0.27473957836627966 -0.42242476344108576 -0.32514414191246027 -2.3009083271026607 0.578323394060135 0.4822350293397904 0.50499349832534801 -19.372948646545407 0.32802262902259832 -1.0004622340202329
decision_type=10 8 10 2 8 2 2 8 2 10 10 10 2 2 2 2 10 2 8
left_child=1 10 5 -3 -4 13 8 -7 15 11 -1 -8 -10 18 -9 16 -5 -11 -2
right_child=2 3 4 6 -6 7 9 14 12 17 -12 -13 -14 -15 -16 -17 -18 -19 -20
leaf_value=-0.0088650022743750456 5.9101655120946893e-05 -0.0070294439933766724 0.0017548180599827505 -0.00023498823321483164 0.0076147423307352281 -0.00031278471913848539 -0.0039545346073028174 0.0030580998600241351 -0.0066754815266887027 0.00086309776665539613 -0.0056013379566734953 0.0002383639092700971 -0.0030821800668040431 0.0017157363502147002 0.0055338469222097359 0.0022140038075093723 -0.0032835807699799851 0.0056302441587650024 -0.0026704477740687169
leaf_weight=13244.947001725435 12696.216380015016 9297.9500818103552 10310.767839491367 9209.184242144227 29633.90804246068 8173.0559886842966 6721.8402299880981 25846.994096457958 5819.2983781695366 20802.297332137823 14792.129932150245 9278.6342598348856 13433.266205132008 8961.2708415538073 11480.433903366327 3138.1841785460711 11260.998420253396 2002.9335024356842 8994.8074918985367
leaf_count=75431 52350 45086 44519 38997 157768 33401 29151 111235 26710 86683 72020 37807 56562 37848 52088 12917 48305 8342 37082
internal_value=1.00134e-05 -0.00314141 0.00324025 -0.00190462 0.00610405 0.00173669 -0.00131931 0.00307993 -0.00262802 0.000126864 -0.00714919 -0.00152627 -0.00417504 -0.000258038 0.00382252 -0.00136355 -0.0019139 0.0012871 -0.00107443
internal_weight=235099 119002 116097 90964.6 39944.7 76152.8 81666.6 45500.5 42860.9 38805.7 28037.1 16000.5 19252.6 30652.3 37327.4 23608.4 20470.2 22805.2 21691
internal_count=1064302 538011 526291 390560 202287 324004 345474 196724 183491 161983 147451 66958 83272 127280 163323 100219 87302 95025 89432
is_linear=0
shrinkage=0.0117215


Tree=104
num_leaves=20
num_cat=0
split_feature=81 82 82 32 33 32 33 12 156 98 82 46 127 100 71 124 46 119 33
split_gain=19335.3 4955.76 4560.91 1681.92 1661.21 1035.68 953.734 512.975 469.602 373.726 361.678 317.318 315.198 440.577 303.333 299.659 297.54 390.203 296.408
threshold=1.0000000180025095e-35 -0.077916942536830888 0.057551985606551177 -0.14080462604761121 0.13023390620946887 -0.56291285157203663 0.51394230127334606 0.60168471932411205 0.68333333730697643 0.314428061246872 0.54746186733245861 -0.43095862865447992 -1.0000000180025095e-35 -0.010020866524428127 2.5220041275024419 -2.2344193458557124 -0.14142076671123502 0.36354364454746252 0.25314885377883917
decision_type=2 2 2 10 10 8 10 10 10 8 2 10 8 8 2 10 10 10 10
left_child=1 4 6 9 -1 18 8 -6 11 10 -4 -2 15 -14 -12 -7 17 -8 -3
right_child=2 5 3 -5 7 12 16 -9 -10 -11 14 -13 13 -15 -16 -17 -18 -19 -20
leaf_value=-0.0080338576439629161 -0.0010994404389511776 -0.004340016728248566 0.0035417796225742041 0.0078143554128613704 -0.0049053967909279458 0.0042771384740233976 0.0023190694760371134 -0.0021712460791703156 -0.004668368339398459 0.0023577083535039115 0.0051168365225261426 0.0031041853450360021 -0.0026504110153326064 0.0012500464572955841 0.0092253894087548447 -0.00048915037270629079 0.0062966420492673219 -0.0023151753518544723 -0.0014686310085341402
leaf_weight=22068.445119127631 14400.332810819149 7384.0311598628759 17808.714521884918 23831.803893104196 32920.204727485776 5956.1069907695055 19357.918634444475 13288.581449702382 4377.9593255221844 13842.272675305605 11178.867963224649 2953.3848171532154 5547.2904993742704 13902.002106338739 3227.0479598194361 2594.1654054820538 2125.6716440469027 2846.3440105319023 14952.040443643928
leaf_count=121569 59783 34076 76480 130442 147812 24539 81048 56272 18099 61109 49509 12061 22828 57812 15385 10737 10256 11836 61627
internal_value=-4.07193e-06 -0.00333111 0.00339935 0.00528615 -0.00538775 -0.000540198 0.000535304 -0.00412061 -0.00124865 0.00397466 0.00466724 -0.000380836 0.000961262 0.000135727 0.00605058 0.00283364 0.00212842 0.00172321 -0.00242141
internal_weight=234563 118613 115950 69888.7 68277.2 50335.6 46061.6 46208.8 21731.7 46056.9 32214.6 17353.7 27999.6 19449.3 14405.9 8550.27 24329.9 22204.3 22336.1
internal_count=1063280 537272 526008 332925 325653 211619 193083 204084 89943 202483 141374 71844 115916 80640 64894 35276 103140 92884 95703
is_linear=0
shrinkage=0.0117215


Tree=105
num_leaves=20
num_cat=0
split_feature=70 70 38 84 84 84 70 1 1 10 1 86 38 102 120 142 126 102 70
split_gain=18184.5 5196.12 2539.8 1631 1359.98 1301.28 789.965 668.971 535.628 491.757 444.876 433.226 362.345 352.362 340.824 333.478 377.401 327.675 306.271
threshold=1.6519265174865725 -3.1141546964645381 0.39915990829467779 1.0000000180025095e-35 1.0000000180025095e-35 -1.0000000180025095e-35 3.1818178892135625 -0.091004081070423112 -0.091004081070423112 -0.36528366804122919 -0.089602276682853685 4.8865754604339608 0.28375799953937536 0.23000890016555789 -0.27495077252387995 -0.5790426731109618 -0.15371464192867276 0.83007061481475841 3.417771697044373
decision_type=2 2 10 2 2 2 2 10 10 10 10 2 10 10 10 2 10 10 2
left_child=1 3 5 9 15 7 -7 13 12 -1 -5 -8 -6 -2 -9 -3 -17 -10 -4
right_child=2 4 18 10 8 6 11 14 17 -11 -12 -13 -14 -15 -16 16 -18 -19 -20
leaf_value=-0.0081303858465734159 -0.00098412411355452956 -0.003414904720879641 0.0056025851075575481 -0.004764642824277656 -0.0018949663465484639 0.0030780510100309661 0.0075309487531494707 0.00038667953961295693 0.0033740515275023737 -0.0054292553952834874 -0.0011562988619383749 0.0030950061292285211 0.0031710834495786906 0.0041854630940176187 -0.0038542968826210003 5.3743506336080448e-05 -0.0024513804186499983 0.00049509788843069284 0.0086757295899995597
leaf_weight=19015.23738309741 2219.9422540813684 16198.111267179251 6889.3607463985682 7876.3623307049274 10214.80937936902 27540.858091711998 11636.796422198415 14113.888269513845 12197.25703266263 18574.391162276268 11621.827530875802 4149.146840184927 2371.1385682672262 9638.2528714388609 3168.2868558615446 14569.677444428205 19060.270951122046 9794.4171347022057 13725.71764293313
leaf_count=102266 9133 70185 34836 35456 42000 118324 56573 60570 50367 89639 51120 18800 10079 42418 13599 60989 79805 40569 78028
internal_value=4.27917e-06 -0.0026426 0.00402743 -0.00537314 -0.000794819 0.00299301 0.00428071 0.00107654 0.000990884 -0.00679985 -0.00261785 0.00637129 -0.000936452 0.00321765 -0.000394944 -0.00203387 -0.00136679 0.00209373 0.00765619
internal_weight=234576 141494 93082.2 57087.8 84405.7 72467.2 43326.8 29140.4 34577.6 37589.6 19498.2 15785.9 12585.9 11858.2 17282.2 49828.1 33629.9 21991.7 20615.1
internal_count=1064756 632475 432281 278481 353994 319417 193697 125720 143015 191905 86576 75373 52079 51551 74169 210979 140794 90936 112864
is_linear=0
shrinkage=0.0117215


Tree=106
num_leaves=20
num_cat=0
split_feature=55 79 79 153 69 153 79 79 55 79 69 153 126 126 45 147 147 153 49
split_gain=15920.6 4537.52 2783.35 1822.13 1023.58 908.039 752.999 516.958 490.248 452.781 439.178 387.873 341.01 292.121 287.482 285.536 273.358 269.202 251.84
threshold=-0.42970786988735193 0.94328463077545177 -0.97222709655761708 0.52777779102325451 1.9480407834053042 0.47222222387790685 0.49404042959213262 1.6913185715675356 0.90334773063659679 -0.62697875499725331 -2.4741201400756831 0.52777779102325451 -0.14999564737081525 0.7676236927509309 0.4246117919683457 -0.53371432423591603 0.72647717595100414 0.13392857462167743 0.57161459326744091
decision_type=8 2 2 2 2 2 2 2 10 2 2 2 8 10 8 10 10 2 8
left_child=2 3 11 8 9 6 10 17 12 -5 -4 -1 15 16 -10 -2 -11 -3 -7
right_child=1 7 5 4 -6 18 -8 -9 14 13 -12 -13 -14 -15 -16 -17 -18 -19 -20
leaf_value=-0.0075258981608055681 -0.0013509908146904436 0.0010986233858267412 -0.0054339042983195659 -0.0020722562364758157 0.0046669926096566091 0.00076583930924612061 0.001916298499247472 0.0077855814563539266 0.00099514907000203354 0.0014447956841352899 -0.0028532028639982623 -0.0045242562704816804 -0.00199714279690494 -0.0053406905732663193 0.0073371558869455645 0.002326397736032194 0.003883704005944628 0.0054659299536541596 -0.0016060001107332316
leaf_weight=21025.722282797098 5741.5488868355751 2319.6508136987686 15027.021189078689 4263.8190665394068 23295.430120497942 10849.632655397058 3344.0905192196369 17367.929893493652 13649.653036698699 21386.131208017468 23073.766503602266 8427.0874824672937 21359.790993407369 707.4289988130331 1036.1610268503428 5818.1680453270674 8968.814112842083 12233.304190158844 14145.788945421576
leaf_count=110660 23555 10140 72554 17555 108997 46290 14061 92265 59499 89691 100719 40078 87925 2970 5149 23881 37766 59375 60592
internal_value=-4.10735e-06 0.0025428 -0.00367302 0.00137762 0.00276063 -0.00234201 -0.00340573 0.00641645 -0.000325936 0.00150125 -0.00387373 -0.00667131 -0.00112024 0.00199296 0.00145351 0.000500846 0.00216783 0.00477267 -0.000576713
internal_weight=234041 138148 95893.1 106227 58621.6 66440.3 41444.9 31920.9 47605.3 35326.2 38100.8 29452.8 32919.5 31062.4 14685.8 11559.7 30354.9 14553 24995.4
internal_count=1063722 618768 444954 456988 256979 294216 187334 161780 200009 147982 173273 150738 135361 130427 64648 47436 127457 69515 106882
is_linear=0
shrinkage=0.0117215


Tree=107
num_leaves=20
num_cat=0
split_feature=31 70 31 82 31 18 33 84 84 1 26 98 1 84 18 0 33 26 26
split_gain=17602.5 5185.43 3158.91 1664.72 1338.91 1050.3 795.798 619.883 610.66 521.321 521.028 437.239 419.787 375.154 337.167 283.07 281.787 270.861 268.912
threshold=0.078156895935535445 -2.9651983976364131 0.37797118723392492 -0.11044942587614058 -0.43077264726161951 -0.70929837226867665 0.66535547375679027 -1.0000000180025095e-35 1.0000000180025095e-35 -0.10101978480815886 0.46137368679046636 0.3392332941293717 -0.089602276682853685 -1.0000000180025095e-35 -0.14962323755025861 0.32711203396320349 0.94627383351326 0.91570216417312633 0.22871495038270953
decision_type=10 2 10 2 10 8 10 2 2 10 10 10 10 2 8 10 10 10 10
left_child=1 4 5 10 -1 15 -5 9 18 -7 -3 -9 -10 16 -15 -2 -4 -11 -6
right_child=2 3 13 6 8 7 -8 11 12 17 -12 -13 -14 14 -16 -17 -18 -19 -20
leaf_value=-0.0078516217837468431 -5.5184265428154322e-05 -0.0036119345101929185 0.0016948969113951395 0.00011231476402217973 -0.0064002791981272317 0.0039956276220764319 0.0041444700966174284 0.0048506134221381276 -0.0046332956801338763 -0.0012744133431086462 -0.00088957293596714725 0.0021649402267903857 -0.00072180707809751704 0.0058997839047138347 0.0088227395609970592 -0.0059674288187522486 0.0075558405378608473 0.0028604554612082574 -0.0039084160474779006
leaf_weight=19199.058615371585 10892.339216858149 21957.207542702556 2815.761326149106 30451.710500180721 12997.191807731986 6376.8207241743803 8608.4187476038933 25900.829538717866 6240.3771122843027 8313.3796862661839 17266.238502010703 12359.391166821122 9494.6087032258511 8954.5382250547409 14752.172628998756 1216.0148901492357 1876.6514225006104 2922.6089087128639 11289.205834299326
leaf_count=108452 44514 95008 13373 124465 62850 27355 36930 114298 27436 34550 70566 53854 41076 46124 84778 4961 10092 13125 50458
internal_value=2.07237e-06 -0.00268995 0.00384245 -0.000709718 -0.00530633 0.00246943 0.0010029 0.00314744 -0.00408144 0.00132539 -0.00241478 0.00398489 -0.00227763 0.00712447 0.00772555 -0.000659248 0.00406461 -0.000195197 -0.00524682
internal_weight=233885 137504 96380.5 78283.6 59220.4 67981.4 39060.1 55873 40021.4 17612.8 39223.4 38260.2 15735 28399.1 23706.7 12108.4 4692.41 11236 24286.4
internal_count=1064265 617241 447024 326969 290272 292657 161395 243182 181820 75030 165574 168152 68512 154367 130902 49475 23465 47675 113308
is_linear=0
shrinkage=0.0117215


Tree=108
num_leaves=20
num_cat=0
split_feature=24 40 39 39 40 43 43 26 40 39 26 39 25 105 105 40 25 26 153
split_gain=15920.7 4494.61 3362.72 1829.02 1547.66 1366.32 1075.23 740.064 723.506 548.973 550.483 546.303 506.357 427.431 394.744 388.452 480.979 278.83 273.74
threshold=0.057240234687924392 0.1708270534873009 -0.15512856841087339 -0.4452193528413772 0.48371517658233648 -0.015847599133849141 0.021876038983464244 0.12839388847351077 0.28711111843585974 -0.58187505602836598 0.21369200944900515 -0.29312525689601893 -0.072780523449182496 0.39255188405513769 -0.23478283733129499 0.60835659503936779 -0.20915916562080381 0.8826453983783723 0.38750000298023229
decision_type=10 8 8 10 10 8 10 10 8 8 10 10 10 10 10 10 10 10 2
left_child=1 7 4 5 -2 8 15 -1 -3 10 -7 13 -4 -8 17 -6 -17 -10 -5
right_child=2 3 12 18 6 9 11 -9 14 -11 -12 -13 -14 -15 -16 16 -18 -19 -20
leaf_value=-0.0086523832502919812 -0.00064250129225722143 -0.0028723735276460255 0.0057173743953646359 -0.0017891194650025281 0.0028710212280646887 -0.0072990897088499995 0.0028053007037997916 -0.0049187242699242776 0.00065167860626871887 -0.0023047724225338392 -0.0035711468070941206 0.0030843042148350811 0.0090596355299206541 -0.0016365644131415829 -0.002802814318188612 0.0037884610526249993 0.0076269361573206062 0.0056934616725577607 0.0015811242022760335
leaf_weight=14484.351906850934 19782.64404027164 16289.305148199201 16355.91808103025 3858.7658510357141 9347.0348379909992 10169.778318986297 4442.5539257377386 14957.848650321364 16981.44750277698 13719.628032103181 11871.222629055381 15378.733964070678 10295.030752643943 8901.9358361661434 4377.9945928901434 8568.7122419625521 9597.4408830702305 1631.7028937488794 22606.447605371475
leaf_count=83134 80705 71047 82694 15717 40032 50340 19617 72644 70462 57437 51118 68005 60155 37112 19118 37491 48184 6878 92582
internal_value=-2.12358e-05 -0.00273049 0.00343407 -0.00156018 0.00217681 -0.00249438 0.00316844 -0.00676091 -0.000984324 -0.00415134 -0.00529712 0.00158022 0.00701524 -0.0001555 0.000354918 0.00482376 0.00582355 0.00110022 0.00108858
internal_weight=233618 130948 102670 101506 76019.1 75041.1 56236.4 29442.2 39280.5 35760.6 22041 28723.2 26650.9 13344.5 22991.1 27513.2 18166.2 18613.2 26465.2
internal_count=1064472 590477 473995 434699 331146 326400 250441 155778 167505 158895 101458 124734 142849 56729 96458 125707 85675 77340 108299
is_linear=0
shrinkage=0.0117215


Tree=109
num_leaves=20
num_cat=0
split_feature=33 32 33 25 105 38 58 33 25 32 33 38 126 26 32 38 85 26 68
split_gain=16481 5712.01 2281.61 1332.17 1172.35 948.385 946.214 791.285 776.056 651.733 536.148 499.586 489.787 449.144 351.223 350.227 329.107 324.191 312.275
threshold=0.39979411661624914 -0.24555339664220807 0.12160227447748186 -0.60573065280914296 2.5900614261627202 0.44833303987979894 -0.31098654866218561 0.62679612636566173 -1.087896943092346 -0.91017544269561756 0.77335384488105785 -0.36345067620277399 0.5570131540298463 0.30003747344017034 -0.78910928964614857 0.33428569138050085 0.24221913516521457 0.95048141479492199 11.559797286987306
decision_type=8 10 10 10 10 10 8 10 8 10 10 10 10 10 10 10 2 10 8
left_child=2 3 9 6 13 10 17 -5 -8 -1 15 -11 16 14 -4 -3 -9 -2 -6
right_child=1 5 4 7 18 -7 8 12 -10 11 -12 -13 -14 -15 -16 -17 -18 -19 -20
leaf_value=-0.0083106956834070947 0.0013494763489397318 0.0016756752689031159 -0.0056866687760163308 0.00014714651536585472 0.0049917375963078377 0.0085809805439859867 -0.0061646350739341226 0.0044371667300769045 -0.001099842547782187 -0.0081737386758942016 0.0057358346927520541 -0.0020169565949496753 -0.0011231078198746644 -0.0023329499691687053 -0.0030019400952226785 0.006269847994280763 0.0020672526837800585 0.0071350390323404985 -0.0004279613472017588
leaf_weight=17177.083119720221 6479.4633807390928 9667.6126960963011 14470.946368247271 23262.850367292762 2774.8355461657047 11606.639118269086 4997.443653896451 17962.317708447576 24246.270917207003 2805.7694807946682 25003.952277094126 5092.8990241736174 3696.0230997204781 28802.066722661257 12640.111827194691 2972.2939011007547 14706.749504745007 1656.8834244161844 3048.9029271006584
leaf_count=99121 26374 41593 69866 94532 11393 68659 22811 77159 99318 14972 125192 23426 15647 122439 54028 14037 63280 7168 12458
internal_value=-1.8468e-06 0.00239943 -0.00404699 0.000748468 -0.00283409 0.00564943 -0.000986016 0.00183576 -0.00196958 -0.00702776 0.00474081 -0.00422156 0.00291518 -0.00335536 -0.0044386 0.00276554 0.00337253 0.00254464 0.00216395
internal_weight=233071 146259 86812.6 97008 61736.9 49250.5 37380.1 59627.9 29243.7 25075.8 37643.9 7898.67 36365.1 55913.1 27111.1 12639.9 32669.1 8136.35 5823.74
internal_count=1063473 655770 407703 406289 270184 249481 155671 250618 122129 137519 180822 38398 156086 246333 123894 55630 140439 33542 23851
is_linear=0
shrinkage=0.0117215


Tree=110
num_leaves=20
num_cat=0
split_feature=82 32 31 82 31 32 47 126 153 42 42 19 47 156 141 31 104 126 82
split_gain=16147.2 5663.87 3095.31 1315.59 1018.45 866.636 778.079 650.255 612.96 541.817 481.004 463.999 420.697 389.474 351.749 307.73 292.239 270.702 259.349
threshold=-0.12365256249904631 -0.27835614979267115 -0.38023005425930018 0.31920054554939276 0.41866245865821844 -0.53808733820915211 0.17414606362581256 -0.15752502530813214 0.41428571939468389 0.44010417163372045 0.43489582836627966 0.18598026782274249 0.26741503179073339 0.76388889551162731 -1.0000000180025095e-35 -0.22915524989366529 -10.291416645050047 0.43739141523838049 -0.54896706342697132
decision_type=2 10 10 2 10 10 8 8 2 10 10 10 10 10 2 8 10 10 2
left_child=2 3 11 6 14 9 -2 -8 16 -4 12 -1 -5 -10 -3 -9 -7 -17 -11
right_child=1 4 5 10 -6 8 7 15 13 18 -12 -13 -14 -15 -16 17 -18 -19 -20
leaf_value=-0.0081599008803050037 -0.0057215801193754639 0.0025419873539036233 -0.0020663202196400071 -0.0012246995183087812 0.0076813456325142936 0.00076014578978580972 0.0020780400812066965 -0.0029792159681511685 0.0024968372803653243 -0.0061616925065298284 0.0015208069037489821 -0.0048873569384648473 0.0054788131586084371 -0.00326348304900597 0.0051290243610641649 0.00026700683458924279 -0.003878642909136519 -0.0024409513175162904 -0.0035560088947137513
leaf_weight=18222.56243596971 3521.9483401924372 10691.301544383168 24340.135660380125 1477.8304952532053 19505.087794110179 2572.2197418659925 14297.773393839598 7497.7882498055696 9139.5293174535036 8848.9815217554569 19854.787731274962 9053.7311820089817 9520.9471887350082 1936.1657915860415 22739.626203283668 23211.617977172136 6707.807330802083 6465.5583352297544 13268.989530712366
leaf_count=103794 16718 48263 104839 6157 111749 10622 59325 33288 38070 40169 82874 45456 41909 8061 106048 95430 27795 26464 56962
internal_value=-4.58279e-06 0.00253667 -0.00375266 0.000676788 0.00555128 -0.00239282 -0.000410166 -4.43183e-05 -0.00037544 -0.00327611 0.00261307 -0.00707875 0.00457742 0.00148513 0.00430403 -0.000861383 -0.00259419 -0.000324408 -0.00460388
internal_weight=232874 138784 94090.1 85848.3 52936 66813.8 54994.7 51472.7 20355.7 46458.1 30853.6 27276.3 10998.8 11075.7 33430.9 37175 9280.03 29677.2 22118
internal_count=1063993 628225 435768 362165 266060 286518 231225 214507 84548 201970 130940 149250 48066 46131 154311 155182 38417 121894 97131
is_linear=0
shrinkage=0.0117215


Tree=111
num_leaves=20
num_cat=0
split_feature=81 31 33 40 25 153 31 79 31 87 125 35 147 141 33 40 147 118 138
split_gain=16802.9 4188.09 3955.57 1585.16 1166.5 709.787 690.275 675.05 547.188 474.346 447.038 440.764 370.6 350.692 317.026 313.999 269.409 264.467 320.298
threshold=-1.0000000180025095e-35 0.33813618123531347 0.20793335884809497 0.42247900366783148 -0.89168435335159291 0.52777779102325451 -0.4521376341581344 1.5874905586242678 0.4421782940626145 1.0000000180025095e-35 0.23854840546846393 0.42187500000000006 -0.59109061956405629 1.0000000180025095e-35 0.40410755574703222 0.70587337017059337 0.64364719390869152 0.70064684748649608 15.452981948852541
decision_type=2 10 10 10 10 2 10 2 10 2 10 10 8 2 8 8 10 10 10
left_child=2 3 6 14 11 -6 -1 9 -3 16 -11 -4 -12 -8 -2 -10 -5 18 -7
right_child=1 8 4 7 5 17 13 -9 15 10 12 -13 -14 -15 -16 -17 -18 -19 -20
leaf_value=-0.0082764725640740271 -0.0028077878812608173 0.0052119640278911672 -0.0020999865418139326 0.0026623160116032991 -0.001965641084158168 0.0021151725631314345 -0.0060148525476802928 0.0065363822278203011 0.0028503930764967956 0.0029980675580674235 -0.0031165248383714528 -0.0054356415033507601 0.00092772866808118754 -0.0029985476539658683 0.000119610692243706 0.0087423334857120189 0.0053837322469143202 -0.0039477164904060148 -0.0007188510056457901
leaf_weight=14534.179104581475 8982.0890507400036 19807.742979615927 10015.388136520982 20406.484269842505 29038.055239826441 14482.795768976212 16393.70034866035 5420.2377109527588 1398.9958921968937 11523.213977470994 3948.841930180788 12019.210827931762 14372.236380621791 7936.6377433687449 11664.557402074337 13589.212209656835 6654.699370637536 1532.190167427063 8789.8238228857517
leaf_count=85033 38540 98734 43561 86719 121132 59854 81497 25261 6968 48634 16667 53957 60605 37372 47174 80888 28304 6334 36408
internal_value=-1.93859e-05 0.0030906 -0.00321138 0.00165828 -0.00165291 -0.000722479 -0.00625127 0.00259053 0.00650266 0.00221217 0.0011917 -0.0039233 5.32003e-05 -0.00503473 -0.00115565 0.00819765 0.0033356 0.000733323 0.00104514
internal_weight=232510 117768 114742 82972.4 75877.5 53842.9 38864.5 62325.7 34796 56905.5 29844.3 22034.6 18321.1 24330.3 20646.6 14988.2 27061.2 24804.8 23272.6
internal_count=1063642 538494 525148 351904 321246 223728 203902 266190 186590 240929 125906 97518 77272 118869 85714 87856 115023 102596 96262
is_linear=0
shrinkage=0.0117215


Tree=112
num_leaves=20
num_cat=0
split_feature=81 82 82 18 33 32 33 82 79 127 45 104 70 18 104 0 127 108 61
split_gain=16560.6 4427.63 4074.97 1566.32 1484.46 951.976 862.048 614.159 498.152 348.578 435.39 338.603 320.55 285.017 250.814 291.881 246.721 445.452 277.317
threshold=1.0000000180025095e-35 -0.084485113620758043 0.10856156423687936 -0.34065331518650049 0.10846081748604776 -0.51323008537292469 0.57385841012001049 0.52250388264656078 -1.7936280965805051 1.0000000180025095e-35 1.0000000180025095e-35 -9.2938117980957013 -3.0652507543563838 -0.10536694526672362 -10.834242820739744 0.12081390246748926 -1.0000000180025095e-35 -1.0000000180025095e-35 -1.9564077854156492
decision_type=2 2 2 10 10 10 10 2 2 10 10 10 2 10 10 10 10 10 10
left_child=1 4 6 -4 -1 12 9 -5 -6 10 14 -10 -3 -9 -2 -16 18 -18 -7
right_child=2 5 3 7 8 16 -8 13 11 -11 -12 -13 -14 -15 15 -17 17 -19 -20
leaf_value=-0.0079034112246731004 0.00094748146350642846 -0.0035129107016855085 0.0027408517917705375 0.0045173970063387223 -0.0067347437063340647 0.0056753879928222607 0.0023364406931562338 0.0062958716713716993 -0.0016608177082950142 -0.0026256262830669 0.0032503982332923419 -0.0041072574807738743 -0.00093624229929096484 0.0087710378945907736 -0.0034438843036115122 0.0022345914893949948 -0.0030395662417259262 0.001587206653793553 0.0010381770612381384
leaf_weight=18506.90616363287 5728.5442814081907 10802.132195398211 24579.182052731514 14230.809734433889 7693.983756378293 3159.1903202086687 22062.40636202693 13048.004095807672 10511.697029918432 9246.9461608976126 4652.6569942682981 30321.535255402327 17195.306881770492 13342.686733692884 6091.40499573946 1543.9137724488974 3754.7678546011448 11733.336154699326 4026.9888619333506
leaf_count=106536 23706 48594 106548 67640 37507 12966 95308 66838 46502 38219 19165 134232 70931 76020 25269 6410 15474 49129 16838
internal_value=-1.53145e-05 -0.00310257 0.00315763 0.00508021 -0.00507858 -0.000487351 0.000615085 0.00649333 -0.00399799 -0.000778692 0.000171408 -0.00347878 -0.00193248 0.0075539 -0.000904337 -0.00229236 0.0012972 0.000462664 0.00308853
internal_weight=232232 117706 114527 65200.7 67034.1 50671.7 49325.9 40621.5 48527.2 27263.5 18016.5 40833.2 27997.4 26390.7 13363.9 7635.32 22674.3 15488.1 7186.18
internal_count=1063832 538709 525123 317046 324777 213932 208077 210498 218241 112769 74550 180734 119525 142858 55385 31679 94407 64603 29804
is_linear=0
shrinkage=0.0117215


Tree=113
num_leaves=20
num_cat=0
split_feature=32 82 39 79 84 79 79 105 47 49 82 49 62 84 124 32 32 69 86
split_gain=15158.7 4691.07 2537.48 1664.22 1283.49 1224.08 657.623 654.633 649.654 553.419 531.64 411.765 367.237 358.301 348.92 332.776 330.896 278.737 266.207
threshold=-0.42564395070075983 -0.26067870855331415 -0.12279007956385611 -0.47486168146133417 -1.0000000180025095e-35 0.31877818703651434 0.51655200123786937 -2.8698371648788448 0.14907205104827884 0.48307292163372045 0.56067019701004039 0.45182292163372045 -0.4910889714956283 1.0000000180025095e-35 -3.1732984781265254 -0.62585538625717152 -0.066025041043758378 -2.2403265237808223 5.9648630619049081
decision_type=10 2 10 2 2 2 2 10 8 8 2 10 10 2 10 8 10 2 2
left_child=1 3 4 13 7 8 18 12 -3 14 -7 -9 -2 -1 -10 -11 -4 -5 -6
right_child=2 5 16 17 6 10 -8 11 9 15 -12 -13 -14 -15 -16 -17 -18 -19 -20
leaf_value=-0.0072950382015748525 0.0024004070321950485 -0.0060001996963505774 0.0058566314549349623 -0.0043461994405385746 0.0031784762379602743 0.0013598749017477213 0.0059450442154518396 0.0036223524199198503 0.0021767649003506923 -0.0030861594773803217 0.0067990811568633966 7.3375238949833723e-05 -0.0042578725513087176 -0.004372942403662386 -0.00099096716631090378 -0.00070306517495106482 0.0088864869381883801 -0.0021338203493142878 -0.00093391668742118369
leaf_weight=24478.179175719619 1460.1463211476803 3684.4402614086866 10408.661492660642 11969.693810433149 30739.755044639111 15398.295399531722 13732.603507980704 7917.317544311285 9963.5478781014681 15566.453809663653 2921.8702391684055 10343.744967877865 4939.2433729171753 7720.2547772526741 9139.2513008266687 16685.144392237067 9912.6870783418417 22819.652554005384 2316.2696563601494
leaf_count=131376 6025 18217 54650 57361 132905 64071 66381 35288 41437 68147 13444 45098 20432 36319 37910 68303 60118 97375 9839
internal_value=-1.37767e-05 -0.00243584 0.00369003 -0.00467785 0.00264899 -0.000387718 0.00378908 0.000484341 -0.00126125 -0.000918693 0.0022349 0.00161473 -0.00273546 -0.00659807 0.000661882 -0.00185468 0.00734306 -0.00289741 0.00288986
internal_weight=232117 140347 91770.4 66987.8 71449.1 73359 46788.6 24660.5 55038.8 51354.4 18320.2 18261.1 6399.39 32198.4 19102.8 32251.6 20321.3 34789.3 33056
internal_count=1064696 633960 430736 322431 315968 311529 209125 106843 234014 215797 77515 80386 26457 167695 79347 136450 114768 154736 142744
is_linear=0
shrinkage=0.0117215


Tree=114
num_leaves=20
num_cat=0
split_feature=81 82 82 25 26 84 84 84 84 82 97 82 156 121 26 19 33 110 25
split_gain=15776.3 4274.48 4047.21 1692.41 1656.6 972.232 906.042 758.141 639.404 555.969 453.053 435.12 421.35 419.546 417.388 355.545 350.096 319.424 270.994
threshold=1.0000000180025095e-35 -0.10347947850823401 0.075965005904436125 -0.22045078873634336 0.25431445240974432 -1.0000000180025095e-35 1.0000000180025095e-35 1.0000000180025095e-35 1.0000000180025095e-35 0.47848455607891088 2.2967354059219365 -0.53658396005630482 0.76388889551162731 0.30240471661090856 0.27350166440010076 0.17913912981748584 0.90651020407676708 0.84741812944412243 -0.38530647754669184
decision_type=2 2 2 10 10 2 2 2 2 2 8 2 10 8 10 10 10 10 10
left_child=1 4 6 17 8 14 10 16 15 13 11 -2 18 -7 -3 -1 -5 -4 -8
right_child=2 5 3 7 -6 9 12 -9 -10 -11 -12 -13 -14 -15 -16 -17 -18 -19 -20
leaf_value=-0.0087228451768385923 -0.0038209740414932476 -0.005209703536269151 0.0037028197560042314 0.0022976012554055216 -0.002983359877917324 0.0028307369137713029 0.0017464377564671654 0.0079511254594273953 -0.0041464163168362048 0.0039966115194873843 -0.0038726467758981318 0.00054305489147635515 -0.0013725503265730439 -0.00073186618845454176 -0.0014264072971134645 -0.005810393787219233 0.0071080711338065428 0.0009447580115548277 0.0050364292708406653
leaf_weight=16711.573083952069 3658.215580329299 6174.8591778874397 27042.258341029286 6035.9976972490549 29752.285061791539 5627.8407690525055 6549.1366605013609 23619.84248316288 9654.5650271177292 5603.549874201417 5280.5231044441462 21282.563212305307 2963.5618277043104 23109.576733052731 11407.120278552175 9140.8562254309654 3177.6076460033655 7357.0058279186487 7309.6913616806269
leaf_count=96742 16112 28833 117551 27406 128749 23149 26803 132555 45897 24287 21824 87699 12819 96011 47265 46704 16732 32803 33026
internal_value=-9.04275e-06 -0.00303076 0.0030895 0.0049342 -0.00502711 -0.000520537 0.000452001 0.00683767 -0.00673654 0.000627248 -0.00076167 -0.00010001 0.00263039 -3.24515e-05 -0.00276025 -0.00769922 0.00397038 0.00311399 0.00348724
internal_weight=231459 117182 114276 67232.7 65259.3 51922.9 47043.7 32833.4 35507 34341 30221.3 24940.8 16822.4 28737.4 17582 25852.4 9213.61 34399.3 13858.8
internal_count=1062967 537637 525330 327047 318092 219545 198283 176693 189343 143447 125635 103811 72648 119160 76098 143446 44138 150354 59829
is_linear=0
shrinkage=0.0117215


Tree=115
num_leaves=20
num_cat=0
split_feature=31 33 24 39 79 25 79 84 33 33 84 84 61 104 33 39 25 25 33
split_gain=14841.9 4527.69 2897.97 1858.9 1073.16 924.666 848.765 804.238 611.35 527.068 515.496 458.609 403.047 388.812 367.859 325.164 311 289.621 277.894
threshold=0.073932543396949782 0.22842843085527423 0.33705437183380133 -0.68388447165489186 0.46021844446659094 -0.55305445194244374 -1.7337058782577512 -1.0000000180025095e-35 0.071544431149959578 0.74855336546897899 1.0000000180025095e-35 -1.0000000180025095e-35 -4.3331189155578604 -9.1301879882812482 0.70661899447441112 -0.38559816777706141 -0.35657407343387598 -0.10923664271831511 0.6539159119129182
decision_type=10 8 10 10 2 8 2 2 10 10 2 2 10 8 10 10 10 8 10
left_child=1 3 5 8 6 -2 -3 9 -1 -4 13 18 -12 -8 -6 -14 -13 -9 -7
right_child=2 4 7 -5 14 11 10 17 -10 -11 12 16 15 -15 -16 -17 -18 -19 -20
leaf_value=-0.0087376898651409136 -0.00064216839195339328 -0.0069579179420154076 -0.00022745235266239487 -0.0013259646142832961 0.00079300224341451717 -0.00097288625596397035 -0.00041866647245200839 0.0055428456380332411 -0.0055512684760319923 0.0054647433807867365 0.0029012056646861911 0.0022573879439268104 -0.0015601716438847005 -0.0028411047445093909 0.0049327794181969909 0.0017310242098545875 0.0045214184906333691 0.0081449948665116446 0.0025348036128633794
leaf_weight=13554.784870818257 14330.360200643539 3758.4800423383713 3710.3825663030148 11371.13833630085 12176.144951716065 6005.8649914413691 13414.429585069418 9403.4515521526337 21852.537039831281 5590.5004796683788 5321.5058826804161 15617.116066172719 15723.089830800891 28362.687921211123 3873.7157878279686 5566.7353662401438 18079.554656133056 16911.348006770015 6376.5523241609335
leaf_count=81208 58446 17821 16051 50274 49870 24533 56229 48808 109427 28334 22111 66321 65490 119720 17289 22529 82926 97317 27710
internal_value=2.00757e-07 -0.00250567 0.00352227 -0.00545253 -0.000941664 0.00195748 -0.00155148 0.00617335 -0.00677605 0.00319907 -0.00125209 0.00276588 2.31174e-05 -0.00206394 0.00179786 -0.000698659 0.00347441 0.00722085 0.00083483
internal_weight=231000 134975 96025.1 46778.5 88196.8 60409.4 72146.9 35615.7 35407.3 9300.88 68388.4 46079.1 26611.3 41777.1 16049.9 21289.8 33696.7 26314.8 12382.4
internal_count=1062414 611968 450446 240909 371059 259936 303900 190510 190635 44385 286079 201490 110130 175949 67159 88019 149247 146125 52243
is_linear=0
shrinkage=0.0117215


Tree=116
num_leaves=20
num_cat=0
split_feature=81 82 82 26 71 33 82 82 38 156 11 82 126 105 79 38 62 145 38
split_gain=15387.2 4008.22 3860 1580.99 1263.3 854.603 699.152 620.605 441.607 430.55 381.679 380.312 380.124 379.362 297.84 271.577 312.044 255.67 253.449
threshold=-1.0000000180025095e-35 0.075965005904436125 -0.11704054102301596 0.21755177527666095 2.2337175607681279 0.56327518820762645 0.37118105590343481 0.52250388264656078 -0.33237656950950617 0.68333333730697643 -0.66212421655654896 -0.37804923951625818 -0.14999564737081525 2.5900614261627202 -0.19279490411281583 0.30724836885929113 0.16309817880392077 1.5139355063438418 0.38770984113216406
decision_type=2 2 2 10 2 10 2 2 10 8 10 2 10 10 2 10 10 8 10
left_child=2 5 3 11 10 9 8 18 -4 13 -3 -1 -10 -2 -5 16 -7 -14 -6
right_child=1 4 6 14 7 15 -8 -9 12 -11 -12 -13 17 -15 -16 -17 -18 -19 -20
leaf_value=-0.0075588047588593362 -0.00087457156815384243 0.0015143751342622141 -0.0046093414703338364 -0.004367658390202726 0.003547347595050346 0.0024179184065603065 0.0016501943336212851 0.0078514599995651909 0.0013997684469218444 -0.0039340600479113395 0.0041486665541895784 -0.0043950761116593384 -0.002090145672328291 0.0032228030935076996 -0.0021301896557947356 0.004687488130658609 -0.0011974942254231909 0.0017429407843481909 0.0079335757265215825
leaf_weight=24314.301925808191 18878.989434078336 10914.117286264896 5249.1576296687126 15481.680667296052 9349.7070365548134 12973.598288342357 13497.019750252366 19601.749085888267 7287.5448639690876 5208.3497871160507 24822.700912922621 6801.6061775237322 21086.444435209036 3691.5747471451759 17476.879373580217 4675.6042719334364 4371.0523328632116 2678.4585689604282 2256.1310930252075
leaf_count=136433 78638 46230 24857 69909 43378 54608 56840 110686 30061 21562 113676 33135 87659 15263 74676 22291 18160 11054 12878
internal_value=-8.76497e-06 0.00298122 -0.0030741 -0.00497612 0.00485397 0.000462612 -0.000625655 0.00657741 -0.00147234 -0.00090427 0.00334566 -0.00687105 -0.000938996 -0.000201787 -0.00318354 0.00218609 0.00150641 -0.00165685 0.00441419
internal_weight=230617 116744 113873 64074.5 66944.4 49799.2 49798.6 31207.6 36301.6 27778.9 35736.8 31115.9 31052.4 22570.6 32958.6 22020.3 17344.7 23764.9 11605.8
internal_count=1061994 537370 524624 314153 326848 210522 210471 166942 153631 115463 159906 169568 128774 93901 144585 95059 72768 98713 56256
is_linear=0
shrinkage=0.0117215


Tree=117
num_leaves=20
num_cat=0
split_feature=31 31 31 82 126 25 31 71 126 102 82 156 38 25 82 82 110 141 25
split_gain=14204.4 4387.38 2680.81 1614.5 990.319 983.392 761.575 460.732 403.812 489.629 383.615 374.197 368.246 301.179 289.428 277.329 269.296 261.403 235.365
threshold=0.082609359174966826 -0.3427977561950683 0.38154223561286932 -0.26067870855331415 -0.25285361707210535 -0.50874000787734974 -0.4521376341581344 -1.656450033187866 0.43739141523838049 0.19104319810867312 0.38006880879402166 0.68333333730697643 0.47101515531539923 -0.26457545161247248 0.64352595806121837 0.52250388264656078 -0.84430235624313343 -1.0000000180025095e-35 -1.087896943092346
decision_type=10 8 10 2 8 8 10 2 10 8 2 10 8 10 2 2 10 2 10
left_child=1 6 5 7 14 -2 -1 18 9 -6 11 17 -4 -12 -5 -11 -9 -7 -3
right_child=2 3 12 4 8 10 -8 16 -10 15 13 -13 -14 -15 -16 -17 -18 -19 -20
leaf_value=-0.0077810938482167748 -0.00019201934126538743 -0.0066637670844295043 0.0057352996885878891 0.0021511395911180025 -0.0040081398650356021 0.001410388772134193 -0.0044239538437962043 0.00079115297978880504 -0.0035386789767409194 -0.00018326010639657439 0.0030411489254982345 -0.00064263578053989673 0.0087651654083765723 0.0057000537179382558 0.0074188889295717557 0.0033364718600369767 -0.0025014925050417919 0.0040616661224995776 -0.0035424649925741001
leaf_weight=14786.821053236723 16825.631867647171 4721.0501517355442 18686.320888325572 13670.075730934739 4324.0480538457632 9724.8433502614498 25340.587395220995 4298.1174463033676 6122.1489333808422 30795.058366596699 14360.162040680647 5445.5859554409981 8016.7176969796419 10007.089297860861 1584.9327524453402 3393.4731709808111 16369.243021264672 10829.837762221694 11569.779881373048
leaf_count=88133 68856 22730 100871 56670 18266 41551 125271 17998 25322 127180 63591 23485 49936 47437 7154 14280 68464 47129 50280
internal_value=1.05179e-07 -0.00240695 0.00351124 -0.00105606 0.000132996 0.0022613 -0.00566484 -0.00298176 -0.000748337 -0.000302901 0.00308056 0.00208718 0.00665176 0.0041375 0.00270891 0.000168133 -0.00181661 0.00281031 -0.00445523
internal_weight=230872 136975 93896.2 96847.9 59889.7 67193.2 40127.4 36958.2 44634.7 38512.6 50367.5 26000.3 26703 24367.3 15255 34188.5 20667.4 20554.7 16290.8
internal_count=1064604 621748 442856 408344 248872 292049 213404 159472 185048 159726 223193 112165 150807 111028 63824 141460 86462 88680 73010
is_linear=0
shrinkage=0.0117215


Tree=118
num_leaves=20
num_cat=0
split_feature=70 33 40 18 70 40 153 105 156 33 33 18 120 147 99 71 48 40 153
split_gain=13543.5 4636.49 2562.05 1370.86 1106.34 1003.53 763.878 524.466 473.898 473.177 457.792 367.9 352.652 441.914 299.572 291.683 286.813 317.881 285.924
threshold=1.9127965569496157 0.22842843085527423 0.58208438754081737 -0.24013043940067288 -3.2997984886169429 0.089211504906415953 0.47222222387790685 2.0630968809127812 0.78888890147209179 0.55812969803810131 0.92171752452850353 -1.445186913013458 -1.4490586519241331 -0.68928775191307057 -0.32281039655208582 2.2534846067428593 0.45703125000000006 0.34086087346076971 0.5634920895099641
decision_type=2 10 8 10 2 8 2 8 10 10 10 10 8 8 8 2 8 10 2
left_child=1 5 9 -4 11 -1 12 16 15 14 -5 -3 -6 -14 -2 -8 -7 -18 -16
right_child=2 4 3 10 6 7 8 -9 -10 -11 -12 -13 13 -15 18 -17 17 -19 -20
leaf_value=-0.0077804719086463211 0.0015813351307723445 -0.0071459103843989815 0.0030731130997416383 0.0046819876938262858 0.0017807917893335062 -0.0061878085918884752 0.0011760888800404663 -0.00021361723973168859 -0.0016357338352891377 0.0016968739789991821 0.0075632146827610677 -0.0026195764038989102 -0.0040367914523140556 -0.00095974471544286902 -0.004619052249002692 0.0044140756452933413 -0.004637959129542877 -0.00099576219474194314 0.00094814840919985673
leaf_weight=14533.492938131094 2551.679620295763 2948.5016027092934 29788.035843685269 11972.843106791377 4586.9592405259609 10418.024899363518 27769.146607801318 4228.1177741885185 7551.4744425714016 12683.870866090059 21449.343908891082 14967.096731305122 8287.5910589396954 28183.032450869679 4762.0889526307583 4416.4400611817837 13015.925039380789 4424.5999694317579 1714.6348381191492
leaf_count=87260 10386 13994 134831 57891 19191 52650 114535 18223 31298 53664 122931 64983 34624 117650 19404 18976 63228 20455 7031
internal_value=-5.82638e-06 -0.00217883 0.00371248 0.00490533 -0.00073958 -0.00522431 -0.000154878 -0.00406171 0.00100334 0.000238238 0.00653505 -0.00337281 -0.00127578 -0.0016611 -0.00181007 0.00162327 -0.00464507 -0.00371651 -0.00314709
internal_weight=230253 145330 84922.5 63210.2 98710.2 46620.2 80794.6 32086.7 39737.1 21712.3 33422.2 17915.6 41057.6 36470.6 9028.4 32185.6 27858.5 17440.5 6476.72
internal_count=1063205 657067 406138 315653 415251 241816 336274 154556 164809 90485 180822 78977 171465 152274 36821 133511 136333 83683 26435
is_linear=0
shrinkage=0.0117215


Tree=119
num_leaves=20
num_cat=0
split_feature=81 33 33 25 39 84 39 126 33 25 19 84 120 126 19 84 33 142 85
split_gain=14353.7 3412.49 3320.9 1829.34 1272.08 1155.1 951.914 650.552 525.185 492.861 446.569 435.104 376.236 338.937 320.492 381.656 304.48 289.158 361.201
threshold=-1.0000000180025095e-35 0.18368285149335864 0.68292018771171581 -0.21689816564321515 -0.42174968123435969 1.0000000180025095e-35 -0.68388447165489186 -0.15752502530813214 0.929856836795807 -0.27930851280689234 0.10564004257321359 1.0000000180025095e-35 -0.2883590161800384 0.7676236927509309 0.41865874826908117 1.0000000180025095e-35 0.38217288255691534 -0.96018794178962696 -0.13047836720943448
decision_type=2 10 10 10 10 2 10 10 10 10 10 2 10 10 10 2 8 2 2
left_child=1 6 5 13 7 12 10 11 -5 -7 -1 17 16 -4 15 -9 -2 -3 -19
right_child=2 4 3 8 -6 9 -8 14 -10 -11 -12 -13 -14 -15 -16 -17 -18 18 -20
leaf_value=-0.008577727793702335 -0.0020907668784999195 -0.0042576253409809866 0.0028947903320788834 0.0043909204704083308 0.0010677604671271946 0.0016918684038518951 -0.0019699631273679707 -0.0060656441967326929 0.0075851313298448911 0.0060994583716757027 -0.0055526007685810239 0.0017821834714002579 -0.0034383830389987406 -0.0043852462353399669 -0.0022225127468662384 -0.0028884828071146069 0.00066441944170696112 0.00064398897253164242 -0.0038355690350387914
leaf_weight=13437.951248973608 7798.0401172786951 4829.5879456698895 34785.093637704849 10588.911842793226 18255.521698743105 10950.95581817627 6254.4192169010639 9611.675165116787 22082.464074477553 5109.6478810310364 13844.763763070107 6210.0388981699944 5811.3416632711887 881.5313540995121 18458.204708173871 11455.387620463967 18633.398534998298 7511.9292957931757 3659.8768757134676
leaf_count=80508 33670 21320 153235 51790 75767 45047 28837 43791 127785 23164 74003 25938 24102 3817 77767 49259 76383 32273 15587
internal_value=4.49746e-07 -0.00296621 0.00288797 0.00455034 -0.00164947 0.000535039 -0.00610354 -0.00245305 0.00655374 0.00310093 -0.00704865 -0.000846747 -0.000744384 0.00271212 -0.0033547 -0.00434313 -0.000149565 -0.00186812 -0.000828435
internal_weight=230171 113529 116641 68338 79992.2 48303.4 33537.1 61736.7 32671.4 16060.6 27282.7 22211.4 32242.8 35666.6 39525.3 21067.1 26431.4 16001.4 11171.8
internal_count=1064043 525050 538993 336627 341702 202366 183348 265935 179575 68211 154511 95118 134155 157052 170817 93050 110053 69180 47860
is_linear=0
shrinkage=0.0117215


Tree=120
num_leaves=20
num_cat=0
split_feature=31 31 24 82 39 19 25 39 25 115 39 19 101 101 19 132 86 95 101
split_gain=12980.4 3992.84 2825.34 1415.31 995.206 944.044 836.482 630.048 510.606 494.717 468.516 349.417 310.699 309.338 261.694 291.511 246.736 244.547 233.962
threshold=-0.089015755802392946 0.34547275304794317 -0.36121243238449091 0.26356239616870886 -0.62334674596786488 0.65585172176361095 -0.94427254796028126 -0.061458950862288468 -0.36448104679584498 1.1105372309684756 -0.51221364736556996 0.10904465243220331 -1.1431530117988584 -0.19674056023359296 1.2659142017364504 -1.1455506682395933 6.112574815750123 -1.3228471875190733 -1.2501903772354124
decision_type=10 10 8 2 10 8 8 8 10 10 10 10 8 8 10 10 2 8 8
left_child=2 3 4 6 11 10 -2 -3 -5 13 12 -1 -4 16 15 -7 -8 -14 -17
right_child=1 7 5 8 -6 14 9 -9 -10 -11 -12 -13 17 -15 -16 18 -18 -19 -20
leaf_value=-0.0078804455096257841 -0.004457680299626939 0.0047938893571463984 -0.0014516593534005375 0.0016186531244645537 -0.001261161819479947 -0.0024111505171244157 0.00051538181784597918 0.0082400499142882989 0.0043103261248529055 -0.0012888628921896191 0.00012604006199847312 -0.0052111192450961233 -0.00029493580429965338 0.003854349779896606 0.0050074638679889014 0.0042405815076199662 0.0049108203494773557 -0.0040454191847248775 0.00020445732579808454
leaf_weight=16938.74222111702 5163.4622355848551 23739.785234153271 11622.12135656178 19896.597823217511 5291.8440573513508 4405.2628226280212 29359.560994461179 10631.57058365643 18923.567677676678 15283.918214380741 7370.6083748489618 11576.20170596242 2623.0854354798794 5229.151600509882 1651.7709618955851 2554.3400364518166 1843.654946744442 27148.200027734041 8427.1144017577171
leaf_count=98020 22693 122735 51588 83416 23492 18125 121398 66226 85387 63267 30165 62224 11770 22069 7183 10479 7615 120947 34528
internal_value=9.03974e-07 0.00243923 -0.00318293 0.00120783 -0.00593607 -0.00176687 2.99903e-05 0.00586469 0.00293255 0.000479853 -0.00259645 -0.00680191 -0.00308102 0.0012222 0.000607686 0.000128518 0.000778555 -0.00371546 0.00115026
internal_weight=229681 130071 99609.3 95699.9 33806.8 65802.5 56879.7 34371.4 38820.2 51716.3 48764 28514.9 41393.4 36432.4 17038.5 15386.7 31203.2 29771.3 10981.5
internal_count=1063327 594806 468521 405845 183736 284785 237042 188961 168803 214349 214470 160244 184305 151082 70315 63132 129013 132717 45007
is_linear=0
shrinkage=0.0117215


Tree=121
num_leaves=20
num_cat=0
split_feature=82 25 33 33 79 39 79 39 25 33 39 104 79 126 87 156 130 116 25
split_gain=12765.3 3989.14 2732.99 2052.04 780.835 763.729 750.005 685.972 576.329 518.455 505.608 696.556 376.733 327.85 325.043 316.317 280.771 273.292 262.208
threshold=-0.11704054102301596 -0.33307446539402003 0.22842843085527423 0.79964327812194835 -0.47486168146133417 -0.23613344877958295 -1.7337058782577512 -0.67245027422904957 -0.11668100580573081 0.09005585685372354 -0.41716054081916804 -9.1301879882812482 1.5392569303512575 -0.15371464192867276 1.0000000180025095e-35 0.76388889551162731 0.59919553995132457 -11.25645589828491 -0.54815396666526783
decision_type=2 10 10 10 2 10 2 10 10 10 10 10 2 8 2 10 10 8 10
left_child=2 4 7 5 -2 13 -4 9 -5 -1 11 14 18 16 -8 -12 -3 -15 -6
right_child=1 3 6 8 12 -7 10 -9 -10 -11 15 -13 -14 17 -16 -17 -18 -19 -20
leaf_value=-0.0081552274160417784 -0.001736106484636232 0.0039162691216021537 -0.006587711770680826 0.0047732751846250024 3.0016051635309623e-05 0.0055003184249724987 0.0010213472306649313 -0.0019112249048992636 0.0076895974342534338 -0.0050779934182285501 0.0021479870099529864 -0.0028532326883953475 0.0055116347599593832 0.0057114524149073755 -0.0048053232794891335 -0.003087610509269981 -0.0019174950881658444 -0.00058233982163896647 0.0017306943060137348
leaf_weight=14248.694249898195 17898.537607982755 6340.5255165994167 4025.5592287629843 19529.786519452929 25096.797610551119 6560.2353582084179 11702.535974919796 5228.140156775713 18134.755098804832 16356.491700083017 7681.2747322320938 30744.702799603343 2507.0588593780994 998.85648176074028 1458.4850903153419 1974.5372224450111 1364.2587217539549 13033.481025293469 24707.223729789257
leaf_count=87380 77401 26865 19173 97280 104439 31325 49139 23873 106954 82552 32166 130664 11227 4208 6173 8239 5724 54903 104281
internal_value=3.14717e-05 0.00232061 -0.00330497 0.00438989 0.000375708 0.00200234 -0.00172233 -0.00584562 0.00618131 -0.00651575 -0.00135396 -0.00188787 0.00109873 0.000941902 0.000368301 0.0010725 0.00288064 -0.000125616 0.000874118
internal_weight=229592 136172 93420.4 65961.9 70209.6 28297.4 57587.1 35833.3 37664.5 30605.2 53561.5 43905.7 52311.1 21737.1 13161 9655.81 7704.78 14032.3 49804
internal_count=1063966 624607 439359 327259 297348 123025 245554 193805 204234 169932 226381 185976 219947 91700 55312 40405 32589 59111 208720
is_linear=0
shrinkage=0.0117215


Tree=122
num_leaves=20
num_cat=0
split_feature=70 31 32 40 26 79 18 40 25 153 153 32 26 99 99 138 110 153 1
split_gain=12784.8 4422.13 2061.45 1516.47 1350.81 786.705 635.95 632.571 728.109 585.953 497.926 391.125 381.484 350.102 329.763 324.139 319.948 288.103 281.697
threshold=-2.2325139045715328 0.33813618123531347 -0.7253720462322234 0.41775727272033697 0.16218022257089618 1.5874905586242678 -0.69608980417251576 0.67267686128616344 -0.10923664271831511 0.41428571939468389 0.52777779102325451 -0.95023405551910389 0.4706429541110993 0.15452010929584506 0.40043520927429205 -15.739425182342528 -0.74413299560546864 0.5634920895099641 -0.14427779614925382
decision_type=2 10 10 8 10 2 8 8 8 2 2 8 10 10 10 10 10 2 10
left_child=2 3 4 12 11 6 -5 -3 -9 -4 15 -1 17 -12 -11 -8 -6 -2 -19
right_child=1 7 9 5 16 -7 10 8 -10 14 13 -13 -14 -15 -16 -17 -18 18 -20
leaf_value=-0.0079381986876339902 -0.0038969195115524232 0.0014914968723892233 -0.0031856066163662472 -0.00065849533477037173 -0.001537890302610118 0.0061402168240525462 0.0025998392880364086 0.0045410331715173601 0.0081337206783040853 0.0010560370857156988 0.0039954564745325206 -0.0047195004153393451 -0.00020665572769576747 0.0014590409793005846 -0.0029262626035996523 -0.00010351476311990296 -0.0040985617892459018 -0.0061389480274296913 0.0023782465030995599
leaf_weight=17316.553465500474 9405.4589243680239 4344.9897569417953 11010.281464010477 15308.463073402643 9780.8902005851269 5286.6238377690315 9366.543317168951 16238.75528216362 15045.474758848548 14170.970970571041 19441.894235834479 7601.2285349220037 17322.215551912785 12203.952034786344 3553.7543624937534 17356.033111378551 21570.334538668394 678.75996555387974 2200.1114480048418
leaf_count=103840 40092 20362 48158 62584 45577 25134 39569 83186 92154 59151 83832 38451 70370 52323 14769 72985 99139 2818 9104
internal_value=-1.53871e-05 0.00211001 -0.00362046 0.00093361 -0.0049245 0.00178173 0.00146715 0.00569179 0.00627362 -0.00106495 0.00202469 -0.00696165 -0.00132804 0.0030191 0.000254807 0.000845477 -0.00330142 -0.00290593 0.000336992
internal_weight=229203 144199 85004 108570 56269 78963.5 73676.9 35629.2 31284.2 28735 58368.4 24917.8 29606.5 31645.8 17724.7 26722.6 31351.2 12284.3 2878.87
internal_count=1063598 654513 409085 458811 287007 336427 311293 195702 175340 122078 248709 142291 122384 136155 73920 112554 144716 52014 11922
is_linear=0
shrinkage=0.0117215


Tree=123
num_leaves=20
num_cat=0
split_feature=82 33 24 71 40 40 33 33 104 82 141 18 147 18 38 87 38 126 126
split_gain=12545 4401.35 2687.25 1089.11 965.419 649.5 624.409 582.41 577.019 474.248 367.97 338.296 336.286 334.881 282.393 276.982 270.875 288.597 263.829
threshold=0.10856156423687936 0.29828624427318579 0.33705437183380133 -1.1436077356338499 0.078639652580022826 0.44607837498188024 0.56327518820762645 0.83425483107566845 9.1284379959106463 -0.57542690634727467 1.0000000180025095e-35 -0.17918843030929563 0.72647717595100414 -0.56147682666778553 0.33428569138050085 1.0000000180025095e-35 0.38386248052120214 0.40049888193607336 -0.15752502530813214
decision_type=2 8 10 2 10 10 8 10 10 2 2 10 8 10 10 2 10 10 8
left_child=1 4 5 9 -1 -2 -5 14 13 -3 -6 -9 -10 -7 -4 -14 17 -8 -11
right_child=2 3 7 6 10 8 16 11 12 18 -12 -13 15 -15 -16 -17 -18 -19 -20
leaf_value=-0.0077356728888543129 -0.0006875431889230482 -0.004968348139564276 0.0020872431220990157 -0.00076039461329745173 -0.0047943714471441129 0.0015619014439538018 0.0020101807428276157 0.004824759914815192 -0.0010286532872110388 0.00073821698515501777 -0.0024511820637543058 0.0078794965641202329 0.008594025234720009 0.0039861634008166343 0.0075001634396496672 0.0015349830812191158 0.0057782871440625093 -0.0019020235497349931 -0.0021941969600446304
leaf_weight=12548.611796036363 11346.146107256413 7057.7124053835869 6204.3918756395578 25718.648316681385 28156.823213845491 11529.426307111979 18708.700866028666 7348.3899234235287 8622.9696402847767 5506.0413549095392 13805.76925098896 16539.194585725665 859.3034345805645 24662.976645573974 1672.1131273061037 5807.5967150479555 2191.0209798067808 2987.6550398916006 17824.995814889669
leaf_count=78053 47448 32119 27632 105579 136488 47970 79515 38539 37099 22905 64775 99589 3690 109666 9129 25079 11641 12531 74942
internal_value=-1.44539e-05 -0.0023145 0.00325587 -0.000563785 -0.00488233 0.00184994 0.000506729 0.00603337 0.00240923 -0.00231032 -0.00402524 0.0069454 0.000498997 0.00321539 0.00325507 0.00247156 0.00187041 0.00147 -0.00150211
internal_weight=229098 134506 94592.5 79994.8 54511.2 62828.4 49606 31764.1 51482.3 30388.7 41962.6 23887.6 15289.9 36192.4 7876.51 6666.9 23887.4 21696.4 23331
internal_count=1064389 618548 445841 339232 279316 270952 209266 174889 223504 129966 201263 138128 65868 157636 36761 28769 103687 92046 97847
is_linear=0
shrinkage=0.0117215


Tree=124
num_leaves=20
num_cat=0
split_feature=32 33 31 82 141 126 31 79 33 156 126 112 79 41 33 86 105 25 31
split_gain=12327.7 4248.49 2460.68 1323.86 948.697 760.814 758.13 513.514 430.136 387.614 471.57 366.102 360.05 356.434 336.641 300.83 280.971 277.891 253.24
threshold=-0.44331768155097956 0.24491385370492938 0.38530413806438452 -0.18570337444543836 -1.0000000180025095e-35 -0.23172509670257566 -0.4521376341581344 -1.7936280965805051 0.48964989185333258 0.68333333730697643 0.41247783601284033 -0.10814027488231658 1.5392569303512575 0.62239584326744091 0.62679612636566173 5.9202361106872567 2.0630968809127812 -0.29045948386192316 0.46769522130489355
decision_type=10 8 10 2 2 8 10 2 10 10 10 10 2 10 10 2 10 10 10
left_child=1 6 4 7 8 14 -1 -3 11 17 -11 -2 15 -9 -5 -7 -8 -6 -4
right_child=2 3 18 5 9 12 16 13 -10 10 -12 -13 -14 -15 -16 -17 -18 -19 -20
leaf_value=-0.0073754397899143233 0.00029901285209847899 -0.006772838154943085 0.0053767521574572983 0.0011592931623531631 0.0029505039796704391 -0.00031110538459329492 -0.0044785920213791927 -0.0032281143199445663 0.0013854490490551245 0.0031682231867309813 -0.0018690402279574398 -0.0046814733111148928 0.0052368055586531582 -0.00080095476380757176 0.0048030935247532465 -0.0042033129697526496 -0.0008024645041550683 0.0051734848216387873 0.0077804968937558554
leaf_weight=14188.178862065077 4642.4246582835913 3386.3652751892805 14444.791486099362 7794.9051757007837 20139.109200686216 32972.104414373636 29109.923810094595 16312.838391184807 17089.315438687801 6666.5907715708017 4110.1180869787931 3573.6476979553699 1472.1074347347021 16967.527690410614 6304.5134895592928 2951.7207361012697 3179.7628058940172 12684.037144839764 10786.626869514585
leaf_count=87193 19161 16276 79586 31982 85906 136095 143976 69947 74690 29269 17914 14762 6809 71626 27702 12134 13653 58451 67014
internal_value=2.658e-05 -0.00224843 0.00328019 -0.000736165 0.00213213 0.000475899 -0.00511518 -0.00243763 0.000326303 0.0031795 0.00124718 -0.0018744 -0.000399229 -0.00199209 0.00279384 -0.000633428 -0.00411742 0.0038126 0.0064106
internal_weight=228777 134640 94136.7 88162.1 68905.2 51495.4 46477.9 36666.7 25305.4 43599.9 10776.7 8216.07 37395.9 33280.4 14099.4 35923.8 32289.7 32823.1 25231.4
internal_count=1064146 617393 446753 372571 300153 214722 244822 157849 108613 191540 47183 33923 155038 141573 59684 148229 157629 144357 146600
is_linear=0
shrinkage=0.0117215


Tree=125
num_leaves=20
num_cat=0
split_feature=33 32 39 33 71 32 39 33 36 153 32 33 32 68 0 33 39 39 96
split_gain=11702.5 4213.2 2509.06 1431.94 1222.75 931.132 804.823 656.86 823.861 429.07 406.902 394.769 384.259 376.073 309.716 284.09 282.925 262.07 253.359
threshold=0.39979411661624914 -0.22969870269298551 -0.59212774038314808 0.11706932634115221 -1.8777168393135069 -0.65319544076919545 -0.078105255961418138 0.64836892485618602 0.017518118023872379 0.35416667163372045 -0.52827107906341542 0.80598866939544689 -0.62585538625717152 -18.695856094360348 -0.38389305770397181 0.79964327812194835 -0.26668824255466456 -0.70150634646415699 -2.0250397920608516
decision_type=8 10 10 10 2 10 10 8 8 2 8 10 10 8 10 10 10 10 8
left_child=2 4 3 17 5 18 11 -6 15 14 -10 16 -11 -5 -4 -9 -3 -1 -2
right_child=1 6 9 13 7 -7 -8 8 10 12 -12 -13 -14 -15 -16 -17 -18 -19 -20
leaf_value=-0.0075826038545145765 0.0019706977946532846 0.00090734941395352597 0.002016507724018931 -0.001740359001259152 0.00025755690194332259 0.00027995116492675749 0.0076040438108478858 0.0030498096946869977 -0.0021925811416533963 -0.0014736546699655173 0.0018430935649959112 0.0050911265113690622 0.0024782270588239591 -0.0040943808255366034 -0.0045288883621183154 0.0062578012712668869 0.0046085501934559556 -0.0030103594656110508 -0.0048117993337180188
leaf_weight=18294.100869521499 812.11520266532898 7163.1733153313398 1339.9262428730726 13449.200214877725 32496.962306931615 16379.412109524012 12426.956874325871 7774.9748757183552 4066.5098700523376 5061.4028633981943 21418.547446474433 19766.11884534359 10080.879329174757 30772.630656808615 3694.3183045685291 7547.1763942837715 4692.1363356113434 1947.2951347380877 9176.9383107423782
leaf_count=111275 3457 31213 5623 60961 132523 66882 78016 32996 16807 21886 92345 103293 41342 140960 15576 35079 21990 10036 41256
internal_value=2.11286e-05 0.00205732 -0.00343601 -0.00456472 0.000722739 -0.00144103 0.00507524 0.00150129 0.00249102 0.000171272 0.00119773 0.00407658 0.00115705 -0.00337974 -0.00278549 0.00463705 0.00237838 -0.0071467 -0.00425708
internal_weight=228361 143721 84639.8 64463.2 99672.6 26368.5 44048.4 73304.2 40807.2 20176.5 25485.1 31621.4 15142.3 44221.8 5034.24 15322.2 11855.3 20241.4 9989.05
internal_count=1063516 655857 407659 323232 421345 111595 234512 309750 177227 84427 109152 156496 63228 201921 21199 68075 53203 121311 44713
is_linear=0
shrinkage=0.0117215


Tree=126
num_leaves=20
num_cat=0
split_feature=81 82 82 25 19 84 84 84 119 156 84 40 97 82 19 110 11 145 130
split_gain=12862 3351.94 3280.3 1385.3 1327.02 932.095 893.885 572.63 503.973 445.846 427.122 424.626 482.827 361.667 346.147 293.21 261.699 230.332 229.426
threshold=-1.0000000180025095e-35 0.1896992772817612 -0.17842575162649152 -0.25379081070423121 0.25434061884880071 1.0000000180025095e-35 1.0000000180025095e-35 1.0000000180025095e-35 -0.24575291574001309 0.76388889551162731 1.0000000180025095e-35 0.28711111843585974 1.9632974267005923 0.38006880879402166 0.2615028321743012 0.80437177419662487 -0.15619418770074842 1.4807413816452029 0.54618632793426525
decision_type=2 2 2 10 10 2 2 2 8 10 2 8 10 2 10 10 10 8 10
left_child=2 5 4 15 7 11 14 -1 -8 -7 -5 -2 -13 17 -4 -3 -12 -10 -14
right_child=1 3 6 10 -6 9 8 -9 13 -11 16 12 18 -15 -16 -17 -18 -19 -20
leaf_value=-0.0074796506391343297 -0.0031286622066230658 0.0034376641145243345 -0.0048830384749164422 0.0039663912735247824 -0.002932357210843606 0.0036131867862566457 0.0025728091452324798 -0.00387836148267128 -0.0018581259043255205 -0.0010145124541920516 0.0057577170196574561 0.00094803686591166526 -0.0037233957566110702 0.0019824264795403755 -0.0015839776935961125 0.00054603284770355222 0.0082620736880533972 0.0020974836283456835 0.0018692700205620064
leaf_weight=21405.291405111551 6255.5443700700998 20335.027341976762 6695.6322314739227 7727.200256690383 28999.664079815149 16231.267804548144 10380.56881454587 8584.5390639454126 15633.84421351552 3460.46997846663 10627.990491971374 24976.527485072613 5198.1398717612028 5945.5742120444775 12605.416982263327 6324.5602911561728 13318.640968173742 2302.8388769477606 1233.554684817791
leaf_count=124793 27485 88856 31859 38314 130531 71522 43337 41582 65145 15215 57576 104220 21633 25559 53013 28135 81133 9458 5126
internal_value=3.14513e-06 0.00274744 -0.00281759 0.00472528 -0.00472386 0.00073478 -0.00071708 -0.00645259 0.000419587 0.00279971 0.0063823 -0.000345891 0.000210257 -0.000517918 -0.00273294 0.00275275 0.00715726 -0.00134822 -0.00264789
internal_weight=228242 115689 112553 58333.4 58989.5 57355.5 53563.9 29989.8 34262.8 19691.7 31673.8 37663.8 31408.2 23882.3 19301 26659.6 23946.6 17936.7 6431.69
internal_count=1064492 539215 525277 294014 296906 245201 228371 166375 143499 86737 177023 158464 130979 100162 84872 116991 138709 74603 26759
is_linear=0
shrinkage=0.0117215


Tree=127
num_leaves=20
num_cat=0
split_feature=33 70 24 33 70 84 84 25 84 24 79 84 141 25 126 130 62 25 79
split_gain=11503.8 4064.7 1811.17 1583.92 1190.28 979.644 621.387 581.192 557.962 505.604 477.555 356.942 355.254 335.003 314.509 328.41 313.644 301.343 294.292
threshold=0.39538815617561346 2.9321964979171757 -0.3817425668239593 0.82011112570762645 -2.9651983976364131 1.0000000180025095e-35 1.0000000180025095e-35 -1.076256990432739 1.0000000180025095e-35 0.4239655882120133 0.4822350293397904 1.0000000180025095e-35 -1.0000000180025095e-35 -0.55838730931282032 -0.13517826795578 0.58170959353446972 0.45734639465808874 -1.1461079120635984 -0.47486168146133417
decision_type=8 2 10 8 2 2 2 10 2 10 2 2 2 10 10 10 10 10 2
left_child=2 4 6 8 7 18 -1 -2 -3 -5 12 -12 -6 -14 15 -7 -9 -8 -4
right_child=1 3 5 9 10 14 17 16 -10 -11 11 -13 13 -15 -16 -17 -18 -19 -20
leaf_value=-0.0069539605896194239 -0.0060769037850907284 0.00037297160020859305 -0.0048304188214604617 0.0048325809455391387 -0.00057078660040534555 0.0045197316548112008 -0.0066147235314100907 9.4662859225458791e-05 0.0043948408740529339 0.0077842905922698808 0.0012359478257760396 0.0044465429238282088 -0.00010933159580051629 0.0022102957318614488 -0.00077372470782640452 -0.0043928725410692952 -0.0047958085191196652 -0.0012819750084279917 -0.0026030683359530289
leaf_weight=20541.245820328593 4411.8007217049599 11787.465549021959 11638.831843629479 17361.467277079821 22700.084754183888 3286.3820353895426 2061.6566315740347 8036.9838601350784 7908.2865698635578 15059.424272373319 10424.962317228317 8767.9470660984516 14054.827884927392 21825.508520156145 12775.939346849918 666.27410031855106 2298.8525605797768 4877.4143414795399 27600.988034039736
leaf_count=121725 21024 50636 55661 88122 93439 13926 11229 33541 37234 92640 43337 40613 57192 93692 54139 2839 9660 22766 121580
internal_value=-6.42518e-07 0.00199879 -0.00346575 0.00461612 0.000523662 -0.00225416 -0.00592936 -0.00252693 0.00199112 0.00620824 0.00110271 0.00270626 0.000576464 0.00130218 0.000120977 0.00300047 -0.00100139 -0.0028832 -0.00326619
internal_weight=228086 144638 83448.7 52116.6 92521 55968.4 27480.3 14747.6 19695.8 32420.9 77773.3 19192.9 58580.4 35880.3 16728.6 3952.66 10335.8 6939.07 39239.8
internal_count=1064995 661130 403865 268632 392498 248145 155720 64225 87870 180762 328273 83950 244323 150884 70904 16765 43201 33995 177241
is_linear=0
shrinkage=0.0117215


Tree=128
num_leaves=20
num_cat=0
split_feature=31 31 31 126 19 40 71 40 39 126 39 19 31 147 0 31 0 60 156
split_gain=11038.4 3496.96 2260.75 986.563 980.991 673.254 667.296 595.195 582.183 501.574 480.34 492.456 474.275 388.237 383.547 351.438 300.121 294.015 287.634
threshold=-0.097254343330860124 0.36689189076423651 -0.39361287653446192 0.39427983760833746 0.6495441496372224 0.46465790271759039 -2.0486315488815303 0.68388816714286815 -0.49748252332210535 -0.2570767849683761 -0.65563878417015065 0.12928324937820437 0.1633434593677521 0.68651181459426891 0.32711203396320349 0.45431154966354376 0.36041100323200231 -0.21301743388175962 0.68333333730697643
decision_type=8 10 10 10 10 10 2 8 10 8 10 10 10 8 10 10 10 10 10
left_child=2 3 10 5 8 -2 -7 -3 9 -4 11 -1 13 -5 -6 -9 -13 -8 -14
right_child=1 7 4 12 14 6 17 15 -10 -11 -12 16 18 -15 -16 -17 -18 -19 -20
leaf_value=-0.0078642297271191413 -0.00020418341950989439 0.0012310722560261028 -0.0011191908405512681 -0.00501564617251141 7.6811126623057094e-07 -0.0001094091714465992 0.0046770207691220356 0.0051816340116229466 0.00027703888995263444 -0.0039040378235531185 -0.00092356724238403009 -0.0049819636695101182 0.0023480762484800735 -0.00046676612282576445 0.0058167678206181069 0.0079838751261587064 0.0031148155824943262 0.0024833163453998079 -0.0014727942368059365
leaf_weight=13911.797653213143 18204.838257834315 3440.2267987281084 12078.670203104615 5405.6556826382875 14319.247907474637 12170.575138524175 10663.323694005609 14051.947301104665 7869.7868858873844 33845.385648801923 2405.2294548302889 9559.6670387238264 6053.6310096234083 4918.5836640000343 1724.7997587174177 11288.943595781922 657.94968838989735 40038.288815543056 4860.2734660208225
leaf_count=86863 73995 16569 53422 22643 59196 50558 48091 76606 32243 153366 11494 52505 26336 20633 7193 72689 3362 174738 20974
internal_value=-6.11651e-06 0.00220763 -0.00301729 0.00119165 -0.00190955 0.00178065 0.00235522 0.0058155 -0.00266797 -0.00317252 -0.00592861 -0.00642614 -0.00105636 -0.00285443 0.000633532 0.00643617 -0.00445469 0.00294662 0.00064702
internal_weight=227469 131096 96372.5 102315 69837.9 81077 62872.2 28781.1 53793.8 45924.1 26534.6 24129.4 21238.1 10324.2 16044 25340.9 10217.6 50701.6 10913.9
internal_count=1063476 603832 459644 437968 305420 347382 273387 165864 239031 206788 154224 142730 90586 43276 66389 149295 55867 222829 47310
is_linear=0
shrinkage=0.0117215


Tree=129
num_leaves=20
num_cat=0
split_feature=81 32 33 32 33 31 31 30 30 33 141 32 95 125 141 32 95 152 141
split_gain=12067.7 3105.26 2804.06 1085.08 1083.16 554.927 540.748 528.708 487.123 318.674 311.799 309.274 285.95 276.841 263.463 254.978 251.051 250.092 232.447
threshold=-1.0000000180025095e-35 -0.20529492199420926 0.2042249068617821 -0.60980904102325428 0.61074438691139232 -0.45949462056159968 0.45431154966354376 -0.092177454382181154 0.058923512697219856 0.79278042912483226 -1.0000000180025095e-35 -0.8026362657546996 -1.2231709957122801 0.38611117005348211 1.0000000180025095e-35 -0.44774943590164179 1.2314082384109499 0.29285715520381933 1.0000000180025095e-35
decision_type=2 10 10 10 10 10 10 10 10 10 2 10 8 10 2 10 10 2 2
left_child=2 4 5 7 16 -1 10 13 9 -6 -3 -9 -5 17 -7 -10 -2 -4 -14
right_child=1 6 3 12 8 14 -8 11 15 -11 -12 -13 18 -15 -16 -17 -18 -19 -20
leaf_value=-0.0074301042699995278 0.00017782803858891382 0.0025589781781813633 -0.0032791576983326096 0.0032834590897590568 0.0027282309324183169 -0.0052110034319122461 0.0075256810077990385 -0.0062656685813648671 -0.00040540840833235611 0.0061293735718674957 0.0053962870363124405 -0.0029365649983809959 -0.0015217777503458681 0.0010919862262708693 -0.0025804979561602995 0.0022936130128695643 -0.0031211078497875113 -0.00078657565682397181 0.00059339894847450594
leaf_weight=12280.051800295711 32126.675147131085 7908.9837121963501 12651.613245218992 3529.0947855710983 8332.6487209796906 16186.484515205026 12101.814133629203 6820.384482935071 6217.8219597637653 7020.5023429095745 16693.678984731436 8906.6009138822556 11698.657033130527 4172.3037283867598 7840.5469836145639 21106.968686118722 3492.8335156738758 9845.200106933713 18234.023762717843
leaf_count=77779 133501 38660 55447 14579 35280 84753 77013 32331 25597 33202 87249 37712 48296 18148 38276 93019 14426 42185 75724
internal_value=1.33888e-05 0.0026812 -0.00272189 -0.00143892 0.00136169 -0.0053998 0.00549333 -0.00268384 0.00262066 0.00429039 0.00448746 -0.00438744 0.000139159 -0.00167627 -0.00435594 0.00167962 -0.000147491 -0.00219028 -0.00023382
internal_weight=227167 115002 112165 75857.9 78297.5 36307.1 36704.5 42396.1 42677.9 15353.2 24602.7 15727 33461.8 26669.1 24027 27324.8 35619.5 22496.8 29932.7
internal_count=1063177 537947 525230 324422 335025 200808 202922 185823 187098 68482 125909 70043 138599 115780 123029 118616 147927 97632 124020
is_linear=0
shrinkage=0.0117215


Tree=130
num_leaves=20
num_cat=0
split_feature=81 82 82 25 24 84 84 84 82 121 156 104 121 79 33 133 33 33 64
split_gain=11786 3097.42 3026.65 1361.87 1157.68 940.353 765.551 715.283 434.623 412.329 395.935 378.132 369.788 366.477 328.753 291.899 281.309 280.689 274.703
threshold=-1.0000000180025095e-35 0.075965005904436125 -0.18570337444543836 -0.23885195702314374 -0.42242476344108576 1.0000000180025095e-35 1.0000000180025095e-35 1.0000000180025095e-35 0.46827714145183569 0.85399055480957042 0.76388889551162731 -2.5355007648468013 0.30240471661090856 -0.19279490411281583 0.19620779901742938 1.022341310977936 0.929856836795807 0.60543477535247814 0.11714583262801172
decision_type=2 2 2 10 10 2 2 2 2 10 10 10 8 2 10 10 10 10 10
left_child=2 6 4 18 -1 14 9 16 12 17 -8 -11 -7 -6 -4 -13 -5 -2 -3
right_child=1 3 5 7 13 8 10 -9 -10 11 -12 15 -14 -15 -16 -17 -18 -19 -20
leaf_value=-0.0071375655597911286 -0.00066787980546441892 0.0047208186200537643 -0.0055735618826836374 0.0019225381602425539 -0.0045245689075372629 0.0023626615467256711 0.0033101032987987119 0.0070645291627612419 0.0033677141075598238 0.00076333577083691141 -0.001418950479056745 -0.0066432484507093709 -0.00084510409130718366 -0.0022980537586560377 -0.0019369498062853305 -0.00049120807030972346 0.0063270524437162926 0.002054806024127824 0.0020288508558216627
leaf_weight=16989.474497973919 18190.16769836843 6561.7170781046152 4427.095097258687 6675.8594574034214 22037.250601485372 6304.0457745343447 13739.855921581388 23746.744875952601 5811.9571428745985 2457.1402469575405 2940.7576553821564 3571.0886064320803 22458.111756697297 18998.14046253264 14916.812598213553 1508.2101403623819 2837.9758155196905 7259.2229087501764 25386.199559897184
leaf_count=103152 75997 28256 22776 30947 107228 26131 59934 139775 25442 10309 12814 14860 93422 84116 62657 6255 15672 31080 112217
internal_value=-6.07724e-07 0.00263676 -0.00270704 0.00431608 -0.00456442 -0.000707084 0.000430957 0.00597607 0.000450947 -0.000603997 0.00247557 -0.00300767 -0.000140689 -0.00349565 -0.00277493 -0.00482708 0.00324864 0.000109911 0.00258478
internal_weight=226818 114875 111943 65208.5 58024.9 53918 49666.4 33260.6 34574.1 32985.8 16680.6 7536.44 28762.2 41035.4 19343.9 5079.3 9513.84 25449.4 31947.9
internal_count=1063040 538116 524924 326867 294496 230428 211249 186394 144995 138501 72748 31424 119553 191344 85433 21115 46619 107077 140473
is_linear=0
shrinkage=0.0117215


Tree=131
num_leaves=20
num_cat=0
split_feature=32 31 40 32 19 71 126 32 36 126 32 104 147 108 40 40 19 40 110
split_gain=10740.3 3523.31 2277.65 1280.55 1060.44 1054.88 588.081 570.181 618.617 516.47 436.403 408.082 342.141 327.136 324.288 316.099 311.797 311.242 256.563
threshold=-0.40789718925952906 -0.29012812674045557 0.57139754295349132 -0.1277000233530998 0.23346313089132312 1.1704092621803286 -0.25285361707210535 -0.64769074320793141 -0.0082674552686512453 -0.15752502530813214 -0.95023405551910389 9.6029272079467791 -0.84040749073028553 -1.0000000180025095e-35 0.6999744474887849 0.184929333627224 1.3184884190559389 0.46946281194686895 -0.22214917093515393
decision_type=10 8 10 10 10 2 10 8 10 8 10 10 10 10 10 10 10 8 10
left_child=1 4 9 11 10 7 17 8 -3 12 -1 -4 18 -11 -5 -12 -8 -7 -2
right_child=2 5 3 14 -6 6 16 -9 -10 13 15 -13 -14 -15 -16 -17 -18 -19 -20
leaf_value=-0.0070254250988157742 0.0024753157411881079 -0.0010195783277427634 0.0038859690966154248 0.0025922952228906587 -0.0025430261529393902 0.0013143193217465105 -0.00046956652368650967 -0.00039769618587181084 -0.0044826055723155445 -0.0032445583489475582 -0.0064390870221098665 0.001422568813651 0.0043068707624541874 0.00055986080248799784 0.0071450448340072258 -0.0022637212978103222 0.0045392327689714523 0.0054723991029317848 -0.0055023214057054893
leaf_weight=18297.643120989203 1129.5336961299181 14912.836753174663 31519.151180267334 2458.0677765160799 22778.036719188094 4595.385536134243 16744.459039032459 32641.972052678466 13513.586074501276 7389.4590112566948 4250.709053888917 13120.588145002723 4318.5431072860956 5333.9839498251677 19297.180396646261 6072.3720757514238 1877.8718576878309 5381.2157690227032 1045.3558197021484
leaf_count=110912 4698 63185 143897 12619 107006 18731 69499 133733 60252 30774 23418 59357 18002 22240 119318 28875 8603 24181 4375
internal_value=-6.32025e-07 -0.0019882 0.00327401 0.00430226 -0.00443421 -0.00058532 0.00127181 -0.00145519 -0.00266818 -0.000279544 -0.00593603 0.00316304 0.00240509 -0.00165154 0.00663396 -0.00399362 4.05557e-05 0.00356464 -0.00137678
internal_weight=226678 141066 85611.9 66395 51398.8 89667.3 28598.9 61068.4 28426.4 19216.9 28620.7 44639.7 6493.43 12723.4 21755.2 10323.1 18622.3 9976.6 2174.89
internal_count=1063675 648395 415280 335191 270211 378184 121014 257170 123437 80089 163205 203254 27075 53014 131937 52293 78102 42912 9073
is_linear=0
shrinkage=0.0117215


Tree=132
num_leaves=20
num_cat=0
split_feature=82 32 26 70 32 31 70 26 26 32 87 153 110 153 132 153 156 101 126
split_gain=10393.9 3781.64 2316.37 943.036 909.27 715.353 548.915 441.184 423.022 418.168 354.783 351.028 354.202 344.527 313.878 295.092 291.985 249.135 228.434
threshold=-0.11704054102301596 -0.2578009814023971 0.2772826105356217 -2.7045011520385738 -0.86479431390762318 0.45007927715778356 3.2298917770385747 0.13221801072359088 1.0817481875419619 -0.69460639357566822 -1.0000000180025095e-35 0.47222222387790685 -0.82335424423217762 0.41428571939468389 1.5804001092910769 0.52777779102325451 0.76388889551162731 -0.20089729130268094 -0.14999564737081525
decision_type=2 10 10 2 10 10 2 10 8 10 2 2 10 2 8 2 10 8 10
left_child=2 3 4 9 7 -3 10 -1 -8 -2 15 12 -4 18 -12 -5 17 -13 -6
right_child=1 5 11 6 13 -7 8 -9 -10 -11 14 16 -14 -15 -16 -17 -18 -19 -20
leaf_value=-0.0076252502869399779 -0.0034116330718848343 0.0038732560170596786 5.2390928992792379e-05 0.00070060721980396009 -0.0018179514791579552 0.007134600341872026 0.0018639982171151899 -0.0045119051865223558 0.0065074503349743101 -5.1646786566669273e-05 -0.00045619566509537239 8.1602305256239281e-05 -0.002757491585383816 -0.0013407462306036586 0.0035095884586776416 0.0031961801638166996 -0.0030756980324856088 0.0041487789373413032 -0.0059960419631720106
leaf_weight=15661.720649212599 9184.0460686981678 33613.667799070477 8413.0944397449493 14502.200091287494 2689.0682583153248 12812.212613165379 7043.6377655118704 10649.04346576333 4372.1394930630922 11379.727331832051 26566.356949731708 11242.007869973779 23021.340229094028 9157.9992545992136 3034.0262159705162 11814.950523450971 3226.0612282902002 2513.0694056004286 5570.327231362462
leaf_count=97717 43065 166637 36303 60127 12713 82025 30572 55912 21383 47502 110272 47530 98443 40650 12780 49507 13692 10880 26162
internal_value=-8.57046e-06 0.00207113 -0.00304002 0.000641356 -0.00499491 0.00477642 0.00131226 -0.00637025 0.00365202 -0.00155442 0.000833266 -0.00127285 -0.00200597 -0.00291159 -4.72663e-05 0.00182282 8.51561e-05 0.000830434 -0.00464468
internal_weight=226467 134323 92143.7 87897.1 43728.2 46425.9 67333.3 26310.8 11415.8 20563.8 55917.5 48415.6 31434.4 17417.4 29600.4 26317.2 16981.1 13755.1 8259.4
internal_count=1063872 623870 440002 375208 233154 248662 284641 153629 51955 90567 232686 206848 134746 79525 123052 109634 72102 58410 38875
is_linear=0
shrinkage=0.0117215


Tree=133
num_leaves=20
num_cat=0
split_feature=82 31 32 31 79 79 40 40 126 147 82 68 153 153 46 104 79 87 147
split_gain=10357.4 3237.73 2332.21 1173.81 832.943 683.622 660.052 445.482 408.322 436.376 407.115 371.886 417.717 356.778 315.386 304.529 304.196 264.349 264.305
threshold=0.12143678590655328 -0.3427977561950683 -0.15330367535352704 0.20793310552835467 0.35702368617057806 -0.36789733171463007 0.062327073886990554 0.70587337017059337 0.43739141523838049 0.68651181459426891 -0.37804923951625818 23.089457511901859 0.52777779102325451 0.47222222387790685 -0.12568979710340497 -11.197475433349608 -1.3795883059501646 1.0000000180025095e-35 0.53167477250099193
decision_type=2 8 10 10 2 2 10 10 10 8 2 10 2 2 8 8 2 2 8
left_child=1 6 4 5 11 10 -1 -4 13 -10 -3 12 -2 15 -5 -7 -8 -13 -14
right_child=2 3 7 14 -6 8 16 -9 9 -11 -12 17 18 -15 -16 -17 -18 -19 -20
leaf_value=-0.0075739197551372567 -5.0570124452636515e-05 -0.0049184045426484725 0.0024401547666323227 0.0013459277344208666 0.0037957520006318287 0.00074636878874256385 -0.0058644144594988384 0.0069054060532696467 -0.0067891062617762262 -0.00051494488892503214 -0.0018990971673464813 0.0052885510678184642 0.0015879338097776329 0.00088489261986736964 0.0059366621988263821 -0.0018243424126418262 -0.0031845677552423206 -0.0015917066623164569 0.0042422511918627217
leaf_weight=10097.773058518767 13418.099714070559 9930.1028274744749 3665.6620142459869 11966.088184028864 22277.953563168645 8552.3374141007662 8637.1898754239082 19991.434512123466 3003.3106790930033 3074.2326930463314 16136.776915505528 816.70822516083717 14026.6931707412 18392.008448556066 2465.7736161500216 24236.668037459254 18222.131533414125 8903.3560076206923 8171.8701450377703
leaf_count=66490 56818 45966 17898 53043 102797 35711 48199 122971 12621 12908 68901 3460 60123 76314 12759 101554 91619 37877 34977
internal_value=2.24418e-06 -0.00206315 0.00305046 -0.000945341 0.00194093 -0.00147992 -0.00501748 0.00621659 -0.000762985 -0.00362949 -0.00305266 0.001028 0.0015824 -0.000421104 0.00213858 -0.00115377 -0.00405066 -0.00100235 0.00256848
internal_weight=225986 134714 91271.8 97757.3 67614.7 83325.4 36957.1 23657.1 57258.6 6077.54 26066.9 45336.7 35616.7 51181 14431.9 32789 26859.3 9720.06 22198.6
internal_count=1063006 626085 436921 419777 296052 353975 206308 140869 239108 25529 114867 193255 151918 213579 65802 137265 139818 41337 95100
is_linear=0
shrinkage=0.0117215


Tree=134
num_leaves=20
num_cat=0
split_feature=70 70 39 19 141 39 153 25 25 62 0 19 93 25 120 153 49 102 0
split_gain=10106.3 3188.66 1895.21 1319.01 1003.99 927.132 500.837 439.758 359.64 312.399 305.964 300.505 294.017 291.876 284.169 258.857 244.994 253.688 223.087
threshold=-2.1628160476684566 3.0350961685180669 -0.56133562326431263 0.21320018172264102 -1.0000000180025095e-35 -0.067096944898366914 0.58571431040763866 -0.43604516983032221 -1.1589778661727903 0.44237329065799719 0.12469036132097246 1.4706781506538393 -0.94126200675964344 -0.75660541653633107 -0.24463798850774762 0.61250001192092907 0.50911459326744091 0.31089805066585546 0.34847268462181097
decision_type=2 2 10 10 2 8 2 10 8 10 10 10 8 10 10 2 8 10 10
left_child=2 4 3 8 14 6 11 -6 -1 13 -5 16 18 -4 15 -2 17 -3 -12
right_child=1 5 9 10 7 -7 -8 -9 -10 -11 12 -13 -14 -15 -16 -17 -18 -19 -20
leaf_value=-0.0073302809022772926 -0.00060704355201037939 0.0007086118104991777 -0.0012739842643489964 -0.003152420615767957 0.00064563382698652684 0.0074194333025674941 0.0048075261170230678 0.0028339581400355978 -0.0047915304952204155 -0.0026298247801658592 6.2092197428666271e-05 0.0058400627095132633 -0.0025055387760444673 0.0019523027814526163 -0.0028594971962835948 0.003016822252605752 0.00012827541613998154 0.004835498741999367 0.0065320718272194062
leaf_weight=13627.381552442908 30697.877505600452 3734.5881572663784 6393.6137842983007 24979.506721958518 25416.410163134336 10494.561799570918 19556.934581592679 25066.007315248251 18129.178794234991 5225.9532725960016 2300.4454353302717 2581.5659246593714 4254.1397049129009 9624.0002930760384 7137.9665565490723 2946.9322857111692 8299.8520547449589 4529.3985721021891 1051.1146900355816
leaf_count=84148 128414 15879 27136 116866 104966 68663 99800 112506 94151 21750 10598 13451 19021 39629 30047 12524 37984 22207 4680
internal_value=-9.17303e-06 0.00192537 -0.0031838 -0.00418574 0.000628345 0.00433006 0.00348838 0.00173301 -0.00588553 -0.000147891 -0.00252616 0.00213668 -0.00046598 0.000664513 -0.000739254 -0.000287765 0.00155211 0.00297774 0.00212226
internal_weight=226047 140462 85585.3 64341.8 91265.2 49196.9 38702.3 50482.4 31756.6 21243.6 32585.2 19145.4 7605.7 16017.6 40782.8 33644.8 16563.8 8263.99 3351.56
internal_count=1064420 646441 417979 329464 388457 257984 189321 217472 178299 88515 151165 89521 34299 66765 170985 140938 76070 38086 15278
is_linear=0
shrinkage=0.0117215


Tree=135
num_leaves=20
num_cat=0
split_feature=81 82 82 26 24 33 32 156 153 79 127 108 12 1 110 46 105 1 102
split_gain=10795.4 2836 2794.76 1320.34 1116.11 654.694 644.715 419.36 318.367 311.799 292.413 397.665 290.253 288.378 273.621 271.089 263.671 292.676 262.366
threshold=-1.0000000180025095e-35 0.1896992772817612 -0.19259389489889142 0.20987506210803988 0.40177026391029363 0.53364631533622753 -0.53311809897422779 0.68333333730697643 0.23611111193895343 0.1997003182768822 -1.0000000180025095e-35 -1.0000000180025095e-35 0.66802966594696056 -0.19482287764549253 0.80437177419662487 -0.16682687401771543 2.3557112216949467 -0.030209796503186222 0.15285304188728335
decision_type=2 2 2 10 10 10 10 10 2 2 10 10 10 8 10 8 10 10 10
left_child=2 5 3 -1 9 7 18 8 13 14 -8 -12 -5 -2 -3 -7 -10 -18 -4
right_child=1 4 6 12 -6 15 10 -9 16 -11 11 -13 -14 -15 -16 -17 17 -19 -20
leaf_value=-0.0063031045584579452 0.0045123703194545122 0.0029903229878670882 -0.0041725677370680857 -0.0035067041977226094 0.0067950516223326011 0.001404283872811345 0.0025461607569635782 -0.0037354041439570961 0.00021993172538434935 0.004268425374991381 -0.0032305329493537531 0.00091223168347014268 -0.0010449608256323814 -0.0022430914076345745 -0.00026528532788739744 0.0045879256698299672 0.00094639488196399059 0.0078715292714627797 -0.0013219890123548281
leaf_weight=26686.411022692919 944.35222217440605 14115.876541465521 5414.3889044821262 20894.077030345798 17978.305928513408 26118.548273190856 8075.4375361204147 4946.9048181772232 8660.8022014945745 20460.815678328276 4294.1559516191483 12098.381363481283 9638.642849996686 8544.9667051881552 4729.8609390705824 4263.2448052763939 1868.7588833868504 1508.5257855206728 24352.643955677748
leaf_count=156172 3988 62241 25636 95795 110976 112213 33672 20625 36093 99269 17814 50587 41267 36108 21188 21150 7741 6230 104674
internal_value=2.25263e-06 0.00253575 -0.00259231 -0.00439886 0.00437593 0.000680673 -0.000685295 -0.000666496 4.19981e-05 0.00326608 0.000723964 -0.00017604 -0.00273096 -0.00156141 0.00217392 0.00185419 0.0013065 0.00407234 -0.00184334
internal_weight=225595 114141 111454 57219.1 57284.9 56856.1 54235 26474.3 21527.4 39306.6 24468 16392.5 30532.7 9489.32 18845.7 30381.8 12038.1 3377.28 29767
internal_count=1063439 537822 525617 293234 293674 244148 232383 110785 90160 182698 102073 68401 137062 40096 83429 133363 50064 13971 130310
is_linear=0
shrinkage=0.0117215


Tree=136
num_leaves=20
num_cat=0
split_feature=81 82 82 18 24 82 32 37 39 38 39 127 46 49 79 127 126 147 157
split_gain=10963 2798.31 2626.55 1269.43 1112.78 642.278 638.971 346.95 337.93 329.732 302.09 276.866 302.442 274.639 267.074 252.228 397.317 385.573 294.127
threshold=1.0000000180025095e-35 -0.11044942587614058 0.24792518466711047 -0.21675105392932889 -0.40511716902256006 -0.20020165294408795 -0.58360964059829701 -0.65515580773353566 -0.65563878417015065 0.36490306258201605 -0.23613344877958295 1.0000000180025095e-35 -0.37274479866027826 0.49348957836627966 0.191587008535862 -1.0000000180025095e-35 -0.16607327014207837 -0.82520955801010121 -0.065943982452154146
decision_type=2 2 2 10 10 2 8 10 10 10 10 10 10 10 2 8 10 10 8
left_child=1 4 5 14 8 11 -3 -6 -1 13 15 12 -2 -7 -4 16 17 -8 -17
right_child=2 6 3 -5 7 9 10 -9 -10 -11 -12 -13 -14 -15 -16 18 -18 -19 -20
leaf_value=-0.0070638428373080457 -0.00038270439572625129 -0.0020297252171656071 0.0017913111955278923 0.0064940075855891843 -0.0017226142329523539 0.0027268824917037718 -0.00033472361852443099 -0.0039244566876591759 -0.0024711172946269241 0.0054352826789459468 0.0036542551116735878 -0.0022900737685343175 0.0039868745126014566 0.00049614897113760411 0.0040272849552463238 -0.0027769672141435011 -0.00041903089723199208 0.0076125769094233563 0.00041854050598007524
leaf_weight=17353.286890909076 12771.666348055005 21880.66180293262 15255.791086658835 24313.510034397244 15611.239261478186 14470.485349655151 1309.6096956878901 26812.719946801662 2557.9828492105007 3331.1549045592546 3858.1950194835663 8325.1677072495222 2599.3722615838051 15929.917414933443 14243.887187451124 5875.1460450738668 4678.2324080616236 2300.2295314669609 12012.00860401988
leaf_count=108816 53703 96286 66738 142230 73005 61836 5409 122723 12335 18064 17661 34958 10864 67890 69319 24257 19226 9488 49375
internal_value=3.22072e-05 -0.00251783 0.00265118 0.00451127 -0.00419145 0.000907053 -0.000507263 -0.00311561 -0.00647739 0.00194551 0.00060263 -0.000571642 0.000361139 0.00155924 0.00287327 0.000149977 0.00183744 0.00474571 -0.000633289
internal_weight=225490 114249 111241 53813.2 62335.2 57427.8 51914.1 42424 19911.3 33731.6 30033.4 23696.2 15371 30400.4 29499.7 26175.2 8288.07 3609.84 17887.2
internal_count=1064183 538581 525602 278287 316879 247315 221702 195728 121151 147790 125416 99525 64567 129726 136057 107755 34123 14897 73632
is_linear=0
shrinkage=0.0117215


Tree=137
num_leaves=20
num_cat=0
split_feature=32 24 24 32 19 153 153 19 57 41 19 62 153 117 119 113 25 108 104
split_gain=9567.84 2987.84 1570.78 1178.44 998.108 750.379 566.655 437.704 405.94 347.907 406.913 342.479 279.121 275.439 271.222 250.251 240.696 234.818 273.499
threshold=-0.41240864992141718 -0.34726393222808832 0.38391143083572393 -0.81646335124969471 0.79416078329086315 0.5634920895099641 0.47222222387790685 0.21657874435186389 2.7228306531906132 0.12239583209156991 1.3589833378791811 -0.50560975074768055 0.41428571939468389 0.49268257617950445 -0.43141876161098475 -0.58782103657722462 -0.29793190956115717 1.0000000180025095e-35 -2.8018696308135982
decision_type=10 8 10 10 8 2 2 10 10 8 10 8 2 10 8 10 10 10 10
left_child=1 3 5 7 6 17 11 -1 -4 -6 -11 15 -5 16 -8 -3 -7 18 -2
right_child=2 4 8 12 9 13 14 -9 -10 10 -12 -13 -14 -15 -16 -17 -18 -19 -20
leaf_value=-0.0069151706381245888 0.00070371210137288318 -0.0017243492190928756 0.0034951649874616908 -0.0040316160353178771 -0.0036724937279672427 0.0025774827331567695 0.0024181674593684245 -0.003464636215489245 0.0066741328044033774 0.0010421799462215723 0.0054212619093002489 -0.002820595829467028 -0.00037478146468665708 0.00028548372058638901 -0.00072444037658621634 0.0027556739059012652 0.004575988726318779 0.0018119778193159514 -0.0027424086192729775
leaf_weight=19794.65214215219 8190.843644335866 4484.1486169844866 8530.2379909455776 4415.2304946631193 1712.6354367434978 19952.206284925342 4276.6888098567724 6883.8392900377512 16115.693687975407 17008.157610237598 3499.9777497947216 35628.942972272635 8119.3098599016666 4359.7754966020584 30796.553383216262 2740.0714799612761 14317.655761927366 9140.4890597015619 5125.550176769495
leaf_count=122035 35039 19701 42685 21496 7026 86494 18125 35871 102768 70694 16414 156539 35638 19682 129311 12010 69717 40328 21953
internal_value=6.35425e-07 -0.00189472 0.00308126 -0.00463655 -0.000820321 0.00207211 -0.00144513 -0.00602863 0.00557819 0.00137004 0.00179483 -0.00234903 -0.00166797 0.00306217 -0.000339894 -2.17302e-05 0.00341498 0.000367645 -0.000625189
internal_weight=225093 139360 85732.5 39213 100147 61086.5 77926.4 26678.5 24645.9 22220.8 20508.1 42853.2 12534.5 38629.6 35073.2 7224.22 34269.9 22456.9 13316.4
internal_count=1063526 644860 418666 215040 429820 273213 335686 157906 145453 94134 87108 188250 57134 175893 147436 31711 156211 97320 56992
is_linear=0
shrinkage=0.0117215


Tree=138
num_leaves=20
num_cat=0
split_feature=81 82 82 26 25 39 40 156 101 119 47 39 43 40 25 47 43 95 25
split_gain=10135.7 2731.82 2578.58 1222.3 1203.05 671.049 653.942 592.253 501.678 484.289 379.906 373.089 284.266 278.53 260.983 252.901 244.697 218.806 216.927
threshold=1.0000000180025095e-35 -0.18570337444543836 1.0000000180025095e-35 0.16972338408231738 -0.22813542932271955 -0.39899149537086481 0.67267686128616344 0.72499999403953563 -0.20089729130268094 -0.42644141614437098 0.19402278959751132 -0.68388447165489186 -0.067181408405303941 0.28711111843585974 -0.47182625532150263 0.11244148015975954 0.070550460368394866 1.0804802775382998 -0.076955687254667268
decision_type=2 2 2 10 10 8 10 10 10 8 10 10 10 10 10 10 10 10 10
left_child=1 3 7 11 16 9 -6 8 13 15 -11 -1 -5 -2 -7 -3 -4 -10 -8
right_child=2 5 4 12 6 14 18 -9 17 10 -12 -13 -14 -15 -16 -17 -18 -19 -20
leaf_value=-0.0070509058837539534 -0.0021558554601465657 -0.0050450611257805492 0.0031429199925634239 -0.0016223347469515276 0.0024393612180096599 -0.0001150798073965143 0.0052875430537917129 -0.0029831339736373294 0.0054888254675195328 -0.0054162620619531499 -0.0015841232238204962 -0.002996669426617068 -0.0037820312793372226 0.00078261772724640827 0.0027548042347374908 0.0022400934577338901 0.0011391607646084095 -0.00091851257402281714 0.0074534504744300113
leaf_weight=18877.482844591141 5394.689189568162 715.07292515039444 22798.911091864109 14591.090356752276 7553.2388607859612 8920.7856959551573 13225.943959563971 6699.3038696497679 3946.3616342842579 4042.6423359513283 28657.571300953627 3794.3817928284407 19811.540148466825 24334.83025765419 8477.0892564505339 5825.5098706930876 13286.727113813162 890.44567169249058 12946.99125084281
leaf_count=118007 23633 3876 99758 67598 35058 36339 73549 28393 17552 19347 122104 18537 89940 101409 36909 24652 59563 3997 83084
internal_value=5.58019e-06 -0.00245414 0.00252365 -0.00426344 0.00389634 -0.000629906 0.00548782 0.000200484 0.000819094 -0.0014792 -0.0020614 -0.00637615 -0.00286776 0.000248136 0.00128508 0.00142855 0.00240635 0.0043105 0.00636463
internal_weight=224791 113713 111077 57074.5 69811.8 56638.7 33726.2 41265.6 34566.3 39240.8 32700.2 22671.9 34402.6 29729.5 17397.9 6540.58 36085.6 4836.81 26172.9
internal_count=1063305 537309 525996 294082 351012 243227 191691 174984 146591 169979 141451 136544 157538 125042 73248 28528 159321 21549 156633
is_linear=0
shrinkage=0.0117215


Tree=139
num_leaves=20
num_cat=0
split_feature=81 31 31 84 84 25 71 25 120 147 115 114 39 24 149 39 123 50 114
split_gain=9955.83 2500.16 2350.2 1163.87 1107.61 706.842 669.174 484.889 386.688 411.917 380.551 353.615 328.829 336.745 311.971 289.519 278.176 274.883 277.94
threshold=-1.0000000180025095e-35 0.38154223561286932 -0.39027096331119532 1.0000000180025095e-35 1.0000000180025095e-35 -0.24995739012956616 -2.1881833076477046 -0.91723835468292225 -0.85553058981895436 0.55106750130653392 1.4454911947250368 0.25523485243320471 -0.68388447165489186 -0.45471411943435663 -1.5655323863029478 -0.044289421290159219 -3.0559077262878414 0.0076479027047753343 -0.23674137145280835
decision_type=2 10 10 2 2 10 2 10 8 8 8 8 10 10 10 8 8 10 10
left_child=2 3 12 10 6 -5 -4 -6 17 -10 14 -12 13 -1 -2 -3 -11 18 -9
right_child=1 15 4 5 7 -7 -8 8 9 16 11 -13 -14 -15 -16 -17 -18 -19 -20
leaf_value=-0.0077033349856021529 0.0070400191272746047 0.0048826167490339453 -0.0055947782484937194 0.0020571144764915984 -0.0027438631507020689 0.0055274002536739118 -0.0021138363318080572 0.0020020442269777679 -0.0017588451353085484 0.006554701569140447 -0.0058886279014822235 -0.00061704605638221866 -0.0015251380996248916 -0.0047917742495791971 0.00058544060211312943 0.0076496887508546519 0.00063052997814181419 -0.00054936577622757604 0.0072488210233933783
leaf_weight=10175.809944704175 1037.9849693030119 15906.182631149888 9786.8101940304041 34450.585028007627 8482.2925556898117 10530.439098164439 33787.853153780103 3900.7007615864277 13422.717010185122 1190.986713975668 2238.6462611556053 7729.5382170081139 2383.4891885519028 12203.364553302526 34018.623104408383 7914.1771239042282 10630.339164033532 2793.662483215332 2153.0840346962214
leaf_count=68195 4421 91661 47567 149249 38588 51633 146653 16247 56240 4991 9461 32947 12032 69867 145166 54284 44406 11720 8989
internal_value=-1.61393e-06 0.00243343 -0.00250065 0.00153893 -0.00158501 0.00287198 -0.00289822 -0.000240075 0.000384339 -0.000355117 0.000206387 -0.00181189 -0.00568165 -0.00612229 0.000781097 0.00580853 0.00123909 0.00248959 0.00388873
internal_weight=224737 113826 110911 90005.8 86148.4 44981 43574.7 42573.8 34091.5 25244 45024.8 9968.18 24762.7 22379.2 35056.6 23820.4 11821.3 8847.45 6053.78
internal_count=1064317 538822 525495 392877 375401 200882 194220 181181 142593 105637 191995 42408 150094 138062 149587 145945 49397 36956 25236
is_linear=0
shrinkage=0.0117215


Tree=140
num_leaves=20
num_cat=0
split_feature=82 24 32 39 39 82 24 82 18 84 124 115 102 95 147 112 129 145 32
split_gain=9104.52 2939.49 1996.92 997.774 975.136 539.534 507.744 477.604 354.534 311.028 298.408 287.933 272.55 271.087 262.303 282.506 241.392 235.974 227.496
threshold=0.12143678590655328 -0.29755400121212 -0.14905770123004911 -0.59748867154121388 -0.2886239737272262 0.52250388264656078 -0.42242476344108576 -0.30050873756408686 -0.42033310234546656 1.0000000180025095e-35 -1.5480660796165464 -1.8880193829536436 0.30220732092857366 1.1278378963470461 -0.68928775191307057 -0.85924160480499256 0.067554268985986723 -1.4736309647560117 -0.95023405551910389
decision_type=2 8 10 10 8 2 10 2 10 2 10 8 8 10 8 8 10 10 10
left_child=1 3 5 6 7 10 18 14 -7 -4 16 17 -6 -14 -3 -16 -2 -9 -1
right_child=2 4 9 -5 12 8 -8 11 -10 -11 -12 -13 13 -15 15 -17 -18 -19 -20
leaf_value=-0.0072895472885957909 0.001412081203714471 -0.0037564091256150098 0.0030624588880478251 -0.0008095068016005317 -0.0044908999223125965 0.0016606774258579324 -0.0037560018189586788 -0.001839379304122354 0.0042106544648561643 0.0065907358852975214 -9.8416535126435488e-05 -0.00084459952388436809 0.0038397793667989404 -0.0011753329375584528 0.0019724102643372413 -0.0019661056687243507 0.0050433584559333531 0.0023796915033842884 -0.0043960752040833589
leaf_weight=13573.749959439039 15933.424949064851 10009.363796636462 4307.2167921662331 9186.9880587756634 688.64703021943569 13783.737202912569 19016.542346745729 2344.5639897286892 16513.524812415242 18177.534922391176 18723.456107482314 31524.212265178561 8944.7117763310671 1762.5317081958055 2830.5245065689087 20509.390734314919 2972.3980972617865 7917.7856929898262 5347.2847646027803
leaf_count=88435 68131 43535 23013 39954 2947 60128 97127 9757 78415 114461 79769 131772 41181 8134 12281 89105 12685 33145 28472
internal_value=2.00261e-05 -0.00192315 0.00289241 -0.00427792 -0.000639955 0.00188897 -0.00511683 -0.00112468 0.00305271 0.00591872 0.000950677 -0.000289479 0.00255176 0.00301348 -0.00217026 -0.00148698 0.00198849 0.00141381 -0.00647823
internal_weight=224068 133656 90411.3 47124.6 86531.7 67926.5 37937.6 75135.8 30297.3 22484.8 37629.3 41786.6 11395.9 10707.2 33349.3 23339.9 18905.8 10262.3 18921
internal_count=1062447 625845 436602 253988 371857 299128 214034 319595 138543 137474 160585 174674 52262 49315 144921 101386 80816 42902 116907
is_linear=0
shrinkage=0.0117215


Tree=141
num_leaves=20
num_cat=0
split_feature=81 82 82 18 26 39 82 119 38 39 38 119 61 82 110 79 1 132 0
split_gain=9653.5 2742.32 2451.3 1191.7 1109.7 623.388 528.491 390.604 423.74 357.583 349.71 403.606 324.613 293.022 278.761 258.146 250.3 231.614 216.624
threshold=1.0000000180025095e-35 -0.17842575162649152 0.21832757443189624 -0.22995383292436597 0.16972338408231738 -0.38120260834693903 -0.29253953695297236 -0.42644141614437098 -0.33237656950950617 -0.65563878417015065 0.36490306258201605 0.36354364454746252 -2.0293750762939449 0.53476873040199291 -0.78122073411941517 0.20768019556999209 -0.10101978480815886 -1.5405874848365781 -0.54260900616645802
decision_type=2 2 2 10 10 10 2 8 8 10 10 10 10 2 10 2 8 10 10
left_child=1 4 6 15 9 7 18 17 -9 -1 11 -8 -7 -5 -6 -4 -10 -3 -2
right_child=2 5 3 13 14 12 10 8 16 -11 -12 -13 -14 -15 -16 -17 -18 -19 -20
leaf_value=-0.0068301111335414329 0.0047533097422545224 -0.0051491026331517706 0.0015794718940127491 0.0040701501252498737 -0.0010545109513545802 0.0060903944312133296 0.0016068860683177268 -0.0049955160829604 -0.0027292592436091462 -0.002622953446984043 0.0051165557507587842 -0.0024334273352667299 0.00086079388988818365 0.006865686452043141 -0.0034863795477356979 0.003786017811541721 -0.00048416064897263694 0.0020784770572742119 -0.0012292673928581408
leaf_weight=19317.888309448957 851.92371998727322 656.75735051929951 15725.510168299079 7359.1934282630682 8650.9944983720779 1851.4071966409683 30741.97145973146 4818.7308884114027 10393.907433703542 3287.0031265318394 3351.7004791349173 3797.7890363335609 12630.996757790446 18285.722151815891 26049.676538065076 13643.604781270027 19811.357850089669 5897.6930356174707 16889.339054331183
leaf_count=121503 3628 3018 68815 38312 40588 7888 130363 23723 43948 15796 18170 16066 53419 112650 118660 66455 83404 25546 71312
internal_value=5.38273e-06 -0.00239828 0.00246811 0.00422203 -0.00420089 -0.000554655 0.000732647 -0.00128402 -0.00177539 -0.00622167 0.00151409 0.0011613 0.00153804 0.00606788 -0.00288122 0.00260672 -0.00125823 0.00133861 -0.000936136
internal_weight=224013 113366 110647 55014 57305.6 56060.9 55632.7 41578.4 35024 22604.9 37891.5 34539.8 14482.4 25644.9 34700.7 29369.1 30205.3 6554.45 17741.3
internal_count=1063264 537493 525771 286232 296547 240946 239539 179639 151075 137299 164599 146429 61307 150962 159248 135270 127352 28564 74940
is_linear=0
shrinkage=0.0117215


Tree=142
num_leaves=20
num_cat=0
split_feature=82 31 31 82 31 71 126 31 71 153 47 84 68 116 46 1 126 145 146
split_gain=8767.51 2956.85 1752.14 1167.79 646.778 599.789 400.012 334.223 329.346 326.511 318.341 286.745 282.483 281.58 283.034 221.358 217.32 217.213 216.794
threshold=-0.12365256249904631 0.35644951462745672 -0.41376464068889612 0.46827714145183569 -0.23689177632331845 -1.3738634586334226 -0.20675743371248242 0.4421782940626145 2.2723004817962651 0.41428571939468389 0.14907205104827884 1.0000000180025095e-35 -20.393674850463864 -22.546833038330075 -0.15672361850738523 -0.09379855170845984 0.56734994053840648 -1.4736309647560117 -1.0000000180025095e-35
decision_type=2 10 10 2 8 2 8 10 2 2 10 2 10 8 10 10 10 8 10
left_child=2 3 -1 4 10 9 17 -3 16 -4 -2 12 -7 -8 -15 -14 -5 -6 -19
right_child=1 7 5 8 6 11 13 -9 -10 -11 -12 -13 15 14 -16 -17 -18 18 -20
leaf_value=-0.0060423171870128932 -0.0055207034613899879 0.0040270166487330773 -0.0039696570201501451 0.0025493473874506384 -0.00042156417376857427 0.00046304013422682097 0.0055581546080799675 0.0065605315887220343 0.0050464469753801712 -0.001753699263493636 -0.001166967079913266 0.00093099880396148001 -0.00062177189582907533 -0.00016551909300513656 0.0041028736279304333 -0.0032904586704414016 -0.0017570361012737654 0.004474272633875692 0.0010819994105971753
leaf_weight=18474.029296681285 2928.4980056881905 15624.609451115131 21359.261749312282 20792.07421143353 2856.7909874171019 7152.0358421802521 1285.0820480287075 13493.781901851296 7566.5859363526106 16059.518314629793 10663.848097994924 8929.8936692774296 6869.1716092377901 43612.54095454514 2220.9017724990845 11320.587622731924 1729.0013647675514 6887.2233951538801 4168.3903433680534
leaf_count=117730 15025 84197 101542 91191 11974 29932 5448 89271 36122 72636 47531 38001 28951 182357 10358 47713 7509 29191 17658
internal_value=-4.20314e-07 0.00190293 -0.00282529 0.000983623 0.000197335 -0.0019946 0.000712445 0.00520538 0.00293211 -0.00302029 -0.00211282 -0.000873428 -0.00150954 0.000196367 4.32874e-05 -0.00228474 0.00221726 0.00245705 0.00320022
internal_weight=223994 133829 90164.5 104711 74623.3 71690.5 61030.9 29118.4 30087.7 37418.8 13592.3 34271.7 25341.8 47118.5 45833.4 18189.8 22521.1 13912.4 11055.6
internal_count=1064337 627832 436505 454364 319542 318775 256986 173468 134822 174178 62556 144597 106596 198163 192715 76664 98700 58823 46849
is_linear=0
shrinkage=0.0117215


Tree=143
num_leaves=20
num_cat=0
split_feature=71 39 39 26 26 153 126 18 89 25 126 25 85 26 142 104 142 79 1
split_gain=7734.01 2634.54 2269.39 1435.63 1077.6 838.693 409.09 399.45 377.126 363.196 361.291 338.346 337.231 337.145 327.711 320.579 286.693 273.452 264.932
threshold=-1.4034401774406431 -0.1365903094410896 -0.57674753665924061 0.8826453983783723 0.1436700373888016 0.52777779102325451 -0.2570767849683761 -0.3873025625944137 7.5763535499572763 -0.093565046787261949 0.38831976056098944 -0.71630817651748646 -0.2027260288596153 1.1158502697944643 -1.0653882026672361 10.257712841033937 1.0549511313438418 0.10033207014203073 0.39558118581771856
decision_type=2 10 10 10 10 2 10 10 2 10 10 10 2 10 2 10 2 2 10
left_child=2 3 4 5 -1 6 14 -5 15 -3 11 -4 -6 -9 -2 -7 -12 -8 -16
right_child=1 9 10 7 12 8 17 13 -10 -11 16 -13 -14 -15 18 -17 -18 -19 -20
leaf_value=-0.0059032740023511297 -0.0025867755603815553 0.0041868002563856515 -0.0011112031123837736 0.0016404373193672811 -0.0017218654839085839 0.0027106782054295373 -0.0023721044802178892 0.0027839924235467562 -0.0066125889318515698 0.0073326063273916166 -0.0029296727773097551 0.0017888291821186301 -0.004107100010461876 0.0059758219394011906 0.001401897250643874 -2.8967790768567796e-05 0.0027394874268993961 -0.00031584046796899592 0.0087131193494419616
leaf_weight=24168.129613175988 2807.98346157372 10848.249945119023 9113.6606969386339 12529.041021287441 20661.51844201982 22484.159016057849 17478.416139259934 9304.0747644454241 693.33732198178768 9647.8623005598783 8046.3904920518398 13975.970139816403 13488.41597867012 9014.6023236662149 11132.820265501738 7937.3181252330542 1426.106114372611 18066.288241297007 703.64504811167717
leaf_count=145108 12001 60299 38557 55797 98396 97521 74341 43471 2968 65536 33730 58188 62763 48801 46770 34048 5986 76176 2982
internal_value=7.87259e-06 0.00181246 -0.00262587 0.00110567 -0.00400949 0.000288483 -0.000648836 0.00325766 0.00179976 0.00567422 -0.000146742 0.000644197 -0.00266613 0.00436028 0.000998766 0.0019964 -0.00207154 -0.00132786 0.00185278
internal_weight=223528 132648 90880.2 112152 58318.1 81304 50189.2 30847.7 31114.8 20496.1 32562.1 23089.6 34149.9 18318.7 14644.4 30421.5 9472.5 35544.7 11836.5
internal_count=1063439 620711 442728 494876 306267 346807 212270 148069 134537 125835 136461 96745 161159 92272 61753 131569 39716 150517 49752
is_linear=0
shrinkage=0.0117215


Tree=144
num_leaves=20
num_cat=0
split_feature=70 31 39 70 153 39 79 18 126 115 79 115 79 99 120 62 31 46 145
split_gain=8301.87 2974.91 1611.99 1010.73 852.307 607.072 597.407 529.456 406.122 396.009 383.399 378.5 293.742 282.234 271.979 244.379 237.147 234.307 223.418
threshold=-2.2325139045715328 0.31960353255271917 -0.56133562326431263 -3.6183030605316158 0.52777779102325451 -0.061458950862288468 0.61898991465568554 -0.63394579291343678 -0.36594267189502711 -2.607049703598022 -0.33911557495594019 1.4717711806297304 1.44479376077652 -0.75662183761596669 -0.3507287055253982 0.47372151911258703 -0.45949462056159968 -0.31577439606189722 1.1549636125564577
decision_type=2 10 10 2 2 8 2 10 10 8 2 10 2 8 10 10 10 8 8
left_child=2 4 3 16 6 12 9 -6 13 -2 -5 14 -3 -9 -4 17 -1 -10 -11
right_child=1 5 11 10 7 -7 -8 8 15 18 -12 -13 -14 -15 -16 -17 -18 -19 -20
leaf_value=-0.0070526986336342194 0.0015857542362416126 0.0028808981104109766 0.00021140501766110173 -0.0039007784654227716 5.8358025306471653e-05 0.0070837709460965254 0.0018919999016780843 0.00058801530595846386 0.0018698722637392627 -0.0017637820292175424 -0.0014832531013717798 -0.0024086347617810898 0.0055138778496587977 0.0080533099440561647 0.0044224118784375191 -0.00015399909404744438 -0.0047355084387296223 0.0043506265812790854 0.0013196015949877061
leaf_weight=10392.227181196213 7019.0198647528887 19752.521399915218 11229.212372601032 17229.487646475434 15334.213348925114 9616.9702820628881 13224.387683480978 917.0485578328371 15431.023318693042 32218.194129958749 18970.813805535436 6582.9237135648727 8317.7601792514324 2911.8399766087532 2571.6249995976686 4930.0943369418383 15343.051717221737 7948.1910853236914 3571.1631690263748
leaf_count=70253 29396 101186 46971 87985 63282 66370 57816 4031 66522 134587 85825 27464 47712 13075 10740 21300 79950 34994 14887
internal_value=-2.19729e-06 0.00172264 -0.00296025 -0.00390093 0.000695562 0.00454125 -0.000283498 0.00185074 0.00270529 -0.000956217 -0.00263564 -0.000100817 0.00366502 0.00627967 0.0010022 0.00221708 -0.00567675 0.00271674 -0.00145546
internal_weight=223512 141192 82319.3 61935.6 103505 37687.3 56032.8 47472.4 32138.2 42808.4 36200.3 20383.8 28070.3 3828.89 13800.8 28309.3 25735.3 23379.2 35789.4
internal_count=1064346 655158 409188 324013 439890 215268 236686 203204 139922 178870 173810 85175 148898 17106 57711 122816 150203 101516 149474
is_linear=0
shrinkage=0.0117215


Tree=145
num_leaves=20
num_cat=0
split_feature=82 70 33 40 40 39 110 39 82 18 126 98 33 145 110 118 12 132 126
split_gain=8312.63 2961.37 1812.45 1044.7 867.692 622.726 617.651 518.642 451.487 446.848 350.34 338.505 277.075 264.567 256.247 255.291 251.826 246.074 256.226
threshold=-0.11704054102301596 2.8794844150543217 0.17146603018045428 0.62392309308052074 0.2474508807063103 -0.46408276259899134 -0.86895737051963795 -0.68984422087669361 0.47848455607891088 -0.10893874242901801 -0.14999564737081525 0.10734397545456888 0.46651308238506323 1.4807413816452029 0.87173745036125194 -0.50030064582824696 0.14782877266407016 -1.2394387722015379 -0.21489752829074857
decision_type=2 2 10 8 10 10 10 10 2 8 10 10 10 10 10 8 10 10 10
left_child=2 4 7 -3 -2 6 17 16 10 -5 -6 12 -8 15 -10 -12 -1 -4 -19
right_child=1 3 5 9 8 -7 11 -9 14 -11 13 -13 -14 -15 -16 -17 -18 18 -20
leaf_value=-0.0071820693180575813 -0.0029579417580675874 0.0011301344252383919 -0.0025920302709689629 0.0039382613855316268 0.0019137261437314305 0.00067398635273704455 -0.002992300153843852 -0.0014263851441847473 0.0030255804208564338 0.0065598549795305387 0.0020256486506811059 -0.0047721884521379158 -0.00055933509991122567 0.0023405199039707894 0.00017419212776230281 -0.00098311112064954683 -0.0045930010695069707 0.0029670130393346442 -0.0013334829795418725
leaf_weight=12389.697981163859 8584.201881095767 11419.35412414372 3064.1440376788378 18776.606483921409 14614.923732876778 12405.184180393815 22547.65477836132 3891.0544076412916 17608.473905548453 17332.495791956782 4443.9308602362871 10041.727733761072 9011.2547664344311 4836.4876111745834 5743.8708096295595 29235.275109380484 9195.4552130401134 4891.9386139512062 3088.9939884245396
leaf_count=81669 40478 50330 13721 100080 60795 52000 100230 18905 77781 107192 18650 46607 37393 20272 25971 122718 53838 21254 13750
internal_value=1.11669e-05 0.00188046 -0.00272658 0.00422323 0.000570721 -0.00168757 -0.00224409 -0.00537563 0.000967546 0.00520005 0.000370104 -0.00289796 -0.00229852 -0.000216431 0.00232511 -0.000584984 -0.00608524 0.000219605 0.00130348
internal_weight=223123 132596 90527.1 47528.5 85067.2 65050.9 52645.7 25476.2 76483 36109.1 53130.6 41600.6 31558.9 38515.7 23352.3 33679.2 21585.2 11045.1 7980.93
internal_count=1063634 624267 439367 257602 366665 284955 232955 154412 326187 207272 222435 184230 137623 161640 103752 141368 135507 48725 35004
is_linear=0
shrinkage=0.0117215


Tree=146
num_leaves=20
num_cat=0
split_feature=70 70 39 70 153 39 79 112 79 153 79 79 156 115 32 95 115 110 32
split_gain=7655.75 2708.02 1580.1 963.164 828.622 802.671 500.606 447.335 410.942 406 389.863 379.496 332.259 301.352 300.133 282.865 250.185 242.96 231.076
threshold=-2.2325139045715328 2.9861536026000981 -0.59748867154121388 -3.6547504663467403 0.52777779102325451 -0.082861207425594316 1.637990474700928 0.61518749594688427 -0.27683348953723902 0.58571431040763866 -0.21735755354166028 0.31877818703651434 0.76388889551162731 -2.607049703598022 -0.40789718925952906 1.2314082384109499 -2.3400526046752925 -0.52253675460815419 -0.95829394459724415
decision_type=2 2 10 2 2 8 2 8 2 2 2 2 10 8 10 10 8 10 10
left_child=2 4 3 18 11 6 9 14 -6 16 -5 13 -10 -2 -4 -14 -3 -12 -1
right_child=1 5 7 10 8 -7 -8 -9 12 -11 17 -13 15 -15 -16 -17 -18 -19 -20
leaf_value=-0.0065946988522598178 0.0012437834117025009 0.0042833411191381702 0.00038289162364263385 -0.003757773356850539 -0.00022901474118616489 0.006551393650044899 0.0058309218939792823 -0.0022582206187332179 0.0028100117880237108 0.0038017962698524226 0.00038931309350907024 0.00088588623618789152 0.0013759037579399419 -0.0019279752124280007 0.0054392673004146136 -0.0041241580621877161 0.00044073398589792353 -0.0025308512174034821 -0.0040995914188660413
leaf_weight=14977.864370122552 4897.0819897353649 2795.7331147044897 12399.363285958767 19580.39291472733 12635.2459192276 11731.565468534827 7162.1651512235403 9323.0751816928387 27282.676914721727 14673.342480435967 6806.0551599115133 14619.18208219111 4531.7690359801054 25316.187000185251 1831.5595451444387 1766.200904622674 13405.215853378177 9173.6399659216404 7988.1909176558256
leaf_count=95073 20561 12568 52613 100084 52688 79127 40624 39481 119896 72671 31038 61741 19817 106016 7578 7791 61106 41532 41640
internal_value=1.53198e-05 0.00167375 -0.00282955 -0.00386093 0.000471671 0.00387166 0.00304165 -0.000265538 0.00157266 0.0023907 -0.00264965 -0.000663515 0.00225025 -0.00141332 0.00104148 -0.000176038 0.00110903 -0.00128834 -0.00573187
internal_weight=222897 140816 82080.1 58526.1 91048.3 49768 38036.5 23554 46215.9 30874.3 35560.1 44832.5 33580.6 30213.3 14230.9 6297.97 16200.9 15979.7 22966.1
internal_count=1063645 654606 409039 309367 388510 266096 186969 99672 200192 146345 172654 188318 147504 126577 60191 27608 73674 72570 136713
is_linear=0
shrinkage=0.0117215


Tree=147
num_leaves=20
num_cat=0
split_feature=81 84 84 18 19 39 126 119 19 89 61 19 11 120 147 147 147 130 118
split_gain=8667.71 2263.95 2125.09 1727.28 1669.2 549.999 545.997 535.371 397.517 379.762 366.962 341.488 339.966 304.024 302.474 283.768 336.289 506.807 295.873
threshold=1.0000000180025095e-35 -1.0000000180025095e-35 1.0000000180025095e-35 -0.22663414478301999 0.21657874435186389 -0.38120260834693903 -0.15752502530813214 0.32255949079990393 1.4233770370483401 5.9067223072052011 -1.741482079029083 0.57570496201515209 -0.70917671918869007 -0.84183299541473378 0.55106750130653392 -0.55531191825866688 -0.093597423285245882 -0.32183101773262018 -0.45733691751956934
decision_type=2 2 2 10 10 10 8 10 10 2 10 10 10 8 8 10 10 10 8
left_child=1 4 7 12 -1 6 13 8 15 -9 -7 -6 -4 -3 -8 18 17 -17 -2
right_child=2 5 3 -5 11 10 14 9 -10 -11 -12 -13 -14 -15 -16 16 -18 -19 -20
leaf_value=-0.0062446150342723274 0.0020439513982005988 0.0034504165727766581 0.00060635868472033293 0.0062128427372351198 -0.0031118298181333219 0.006782145309631421 -0.0029700628069959508 -0.0068166389085535482 0.0052298039822784078 -0.0005169648101230759 0.0009076077869514793 -0.00087127300253887134 0.002955461476725233 -0.0010711738398876975 -0.00047297856205969597 -0.0057724608660849165 0.0005538006944669255 0.0049501276911428065 -0.0016535956832170731
leaf_weight=23160.356839120388 4044.7862269431353 4690.4026629775763 12251.346518829465 24053.318533495069 25691.602688148618 1648.5085618197918 16106.912605389953 2143.7379606962204 2693.4657631516457 3353.6734253168106 11678.000546216965 14719.639672145247 27464.40535505116 3590.8057435452938 11375.20567701757 661.80027700960636 16847.652859389782 5420.1327221989632 11036.220342218876
leaf_count=139357 17448 20346 51779 144207 121674 7082 72132 9210 13719 14732 49494 61617 127594 15720 50241 2869 73199 23637 47557
internal_value=7.77625e-06 -0.00227702 0.00234847 0.00373502 -0.00373675 -0.000385795 -0.00114306 0.000433785 0.000897902 -0.00299193 0.00164485 -0.00229669 0.0022316 0.00149231 -0.00193776 0.000587926 0.00140872 0.0037658 -0.000660277
internal_weight=222632 112661 109971 63769.1 63571.6 49089.8 35763.3 46201.5 40704.1 5497.41 13326.5 40411.2 39715.8 8281.21 27482.1 38010.6 22929.6 6081.93 15081
internal_count=1063614 537663 525951 323580 322648 215015 158439 202371 178429 23942 56576 183291 179373 36066 122373 164710 99705 26506 65005
is_linear=0
shrinkage=0.0117215


Tree=148
num_leaves=20
num_cat=0
split_feature=32 26 84 84 25 87 1 26 1 26 126 118 113 38 132 126 118 105 126
split_gain=7587.61 2711.25 1738.25 1482.52 1366.96 656.379 611.096 595.075 594.728 509.416 358.227 407.882 402.122 345.48 338.059 259.836 302.441 256.884 250.471
threshold=-0.44331768155097956 0.35500462353229528 -1.0000000180025095e-35 1.0000000180025095e-35 -0.20915916562080381 -1.0000000180025095e-35 -0.091004081070423112 0.12086346745491029 -0.09241819009184836 0.80482178926467907 -0.11177144944667815 -0.67088016867637623 -0.44865073263645167 -0.24899516999721524 -1.5824218988418577 0.37166683375835424 0.70064684748649608 -3.1214190721511836 0.7926524579524995
decision_type=10 8 2 2 10 2 10 10 10 10 10 8 8 10 10 10 8 10 10
left_child=1 3 8 7 18 9 -5 -1 13 14 -10 -12 -13 -2 -3 16 -8 -14 -4
right_child=2 5 4 6 -6 -7 15 -9 10 -11 11 12 17 -15 -16 -17 -18 -19 -20
leaf_value=-0.0064728814544313023 -0.0033491745451719678 -0.0033864497068524851 0.0023586864165154021 -0.0034208972842708928 0.0057152370754385467 -0.0013994419611912234 0.0022128741773515042 -0.0036363836772426647 0.00089166317389643437 0.0032478712955068038 0.0059924689233359181 -0.0082818439594579667 -0.0066032671307033669 0.0030868058441472055 0.00063308429588611423 -0.0025552743772104948 -0.0022314918036106207 -0.0010877828623688838 -0.0048326436693085922
leaf_weight=16984.783353507519 1292.0341165810823 3276.701077952981 37776.199194803834 9871.1857493072748 25981.594078108668 28486.730611205101 8863.4026240557432 25631.948482453823 6251.9100917130709 9869.9436270445585 674.30862449109554 1786.2898460626602 1407.1845395117998 9054.2128763496876 22290.50731985271 3298.3701344430447 2735.6447254568338 6215.3786977678537 656.4092923104763
leaf_count=107525 5487 13908 168311 45408 155455 119643 39756 127624 27607 43694 2986 7944 5908 41605 93149 14535 12284 27833 2913
internal_value=-1.60336e-06 -0.00180477 0.00259736 -0.00344482 0.00363913 -7.52949e-05 -0.00116276 -0.00476978 8.13452e-05 0.000989362 -0.00131083 -0.00267535 -0.00330981 0.00227737 0.000115328 0.000336504 0.0011623 -0.00212299 0.00223301
internal_weight=222405 131309 91095.5 67385.3 64414.2 63923.9 24768.6 42616.7 26681.3 35437.2 16335.1 10083.2 9408.85 10346.2 25567.2 14897.4 11599 7622.56 38432.6
internal_count=1063575 617526 446049 347132 326679 270394 111983 235149 119370 150751 72278 44671 41685 47092 107057 66575 52040 33741 171224
is_linear=0
shrinkage=0.0117215


Tree=149
num_leaves=20
num_cat=0
split_feature=32 79 79 71 141 32 148 79 141 71 112 32 32 118 148 108 99 32 24
split_gain=7446.19 2449.62 1436.29 956.365 887.175 602.621 502.771 411.75 407.359 409.98 331.583 326.714 276.532 274.072 270.965 231.779 218.113 217.804 212.063
threshold=-0.42564395070075983 -0.85277852416038502 0.87311154603958141 1.5263750553131106 -1.0000000180025095e-35 -0.82316532731056202 0.036584064364433296 1.5874905586242678 1.0000000180025095e-35 -2.655378937721252 -0.083056662231683717 -0.16521170735359189 -0.039990399032831185 0.71913081407547008 -0.83608028292655934 1.0000000180025095e-35 0.11628910154104234 -0.67628848552703846 -0.45471411943435663
decision_type=10 2 2 2 2 10 10 2 2 2 10 10 10 10 8 10 10 10 10
left_child=1 5 4 8 6 18 -2 -5 9 -3 -8 -6 -4 17 -11 -12 -17 -10 -1
right_child=2 3 12 7 11 -7 10 -9 13 14 15 -13 -14 -15 -16 16 -18 -19 -20
leaf_value=-0.0070270203196397306 -0.0024225313887395608 -0.0045689275874371636 0.0042693255631252236 0.00063268876092827792 0.0021777000319900524 -0.0022084498524004266 0.0029647176730580394 0.0056055751912143272 -0.0014180634518173008 0.0020725215405722861 -0.003486207987846652 0.0046734804649622473 0.0070340694091040028 -0.0047421708455914402 -0.0019394163609600566 0.0049703512422930056 -0.00087395931611104814 0.00064522176343386416 -0.0046596350103746348
leaf_weight=8915.1067790091038 8395.8577790111303 8192.581713616848 17135.622910946608 23116.410775780678 31900.055469617248 10540.90265737474 7106.5762124657631 2516.7821051925421 11652.621260046959 2459.2640797495842 2490.6784226000309 9331.3058802187443 7131.3628322184086 1901.5927569419146 34730.145205259323 1290.4377599805593 2625.2942812591791 17641.175671413541 13178.48654961586
leaf_count=60323 36158 43255 92532 97235 139728 47754 31520 12398 53404 11214 10855 53029 49503 8160 154734 5981 11999 72536 71538
internal_value=6.98091e-07 -0.00172657 0.00266514 -0.000833412 0.0017325 -0.00452131 -0.000173577 0.00112559 -0.0014893 -0.00219785 0.0012255 0.00274485 0.00508777 -0.000457666 -0.00167298 -0.000707545 0.00107004 -0.000175996 -0.0056213
internal_weight=222252 134845 87407.2 102211 63140.2 32634.5 21908.8 25633.2 76577.4 45382 13513 41231.4 24267 31195.4 37189.4 6406.41 3915.73 29293.8 22093.6
internal_count=1063856 632551 431305 452936 289270 179615 96513 109633 343303 209203 60355 192757 142035 134100 165948 28835 17980 125940 131861
is_linear=0
shrinkage=0.0117215


Tree=150
num_leaves=20
num_cat=0
split_feature=82 33 82 82 69 33 40 38 126 38 85 84 86 30 84 60 130 130 142
split_gain=7619.36 2501.34 1729.94 659.613 658.391 593.502 480.235 457.035 396.941 386.062 333.184 309.412 357.552 302.615 276.662 255.646 239.15 212.479 195.61
threshold=1.0000000180025095e-35 0.2203960865736008 0.54746186733245861 -0.4799294769763946 2.6404163837432866 0.44367043673992163 0.050745183601975448 0.28375799953937536 0.21532569825649264 0.39915990829467779 0.23496833443641665 1.0000000180025095e-35 6.0149362087249765 -0.067473974078893648 1.0000000180025095e-35 0.33121797442436224 -0.060618050396442406 0.59919553995132457 0.16100898385047915
decision_type=2 8 2 2 2 10 10 10 10 10 2 2 2 10 2 10 10 10 2
left_child=1 6 5 13 15 11 -1 8 -5 10 -7 -2 16 -3 -8 -4 -13 -10 -17
right_child=2 3 4 7 -6 9 14 -9 17 -11 -12 12 -14 -15 -16 18 -18 -19 -20
leaf_value=-0.0071616017902704542 -0.0022304937994203039 -0.0015564478524345278 0.0039658658305668885 0.00010876741422199459 0.005932000555059388 0.0023487545469472091 -0.0046135485586574496 0.0030058364346231955 -0.0030376344380759175 0.0058141615433289296 0.00021392217099044247 0.004733375461840229 -0.0056590034276647891 -0.0042742301125349505 -0.0019682345296214657 -0.00076965652187828176 0.00029404942072601181 0.0006717992892611832 0.0025654285151552963
leaf_weight=8052.4059752821922 9472.805492863059 16957.471145376563 15717.607521116734 35233.334375977516 16098.485087901354 23889.305772140622 20262.397315576673 5552.9246844798326 10391.938888654113 2970.465934753418 17328.031078398228 2404.5173339545727 1009.4763299077749 8439.6810913980007 7489.974224165082 3210.1418973952532 5333.1378988474607 2654.9889254719019 9636.5622802227736
leaf_count=57615 41770 74650 75727 148037 99354 104293 112298 26215 44014 18360 76470 9973 4237 38775 37228 14928 22157 11201 47008
internal_value=2.53067e-05 -0.002069 0.00227537 -0.000906517 0.00403601 0.00101431 -0.00463915 -0.000171612 -0.000538337 0.00174804 0.00145188 -0.000765139 0.000823492 -0.00246268 -0.00390186 0.0029635 0.00168365 -0.00228293 0.00173217
internal_weight=222106 115035 107071 79230.3 44662.8 62407.7 35804.8 53833.2 48280.3 44187.8 41217.3 18219.9 8747.13 25397.2 27752.4 28564.3 7737.66 13046.9 12846.7
internal_count=1064310 550033 514277 342892 237017 277260 207141 229467 203252 199123 180763 78137 36367 113425 149526 137663 32130 55215 61936
is_linear=0
shrinkage=0.0117215


Tree=151
num_leaves=20
num_cat=0
split_feature=71 39 40 26 17 40 104 156 156 85 40 153 62 85 116 147 147 153 153
split_gain=6787 2619.21 2142.29 1514.7 734.395 511.992 441.819 382.548 701.915 348.661 341.965 314.543 310.944 302.998 282.934 288.318 362.02 276.856 262.883
threshold=1.2077346444129946 -0.54671323299407948 0.56124901771545421 0.2922749817371369 0.36843407154083258 0.050745183601975448 -9.6210246086120588 0.68333333730697643 0.64583334326744091 -0.06357142329216002 0.29632361233234411 0.73214286565780651 0.47372151911258703 0.21398428827524188 -12.643961429595945 0.53167477250099193 0.08659409731626512 0.41428571939468389 0.61250001192092907
decision_type=2 10 8 8 10 10 8 10 10 2 10 2 10 2 8 8 10 2 2
left_child=1 3 18 5 13 -1 10 8 14 -5 -7 -9 -13 -4 -3 16 -16 -15 -2
right_child=2 7 4 9 -6 6 -8 11 -10 -11 -12 12 -14 17 15 -17 -18 -19 -20
leaf_value=-0.0070465586034123154 -0.00051299713838033807 0.0046268724304595228 0.0040344613983234277 -0.00037156107075680587 0.0054514205740015089 -0.003243501248836227 -0.0045343615780595011 -0.0032262387160835707 0.0091582005017587249 -0.0027378885861137573 0.0013511498862294772 0.0023747015431471439 -0.0028303346740725295 -0.0011875061732974017 0.00029020818850113096 0.0018557824339957378 -0.0037409810042403902 0.0024456349121870563 0.0025367021198548843
leaf_weight=8088.5690778493881 24797.496748045087 2331.7308367937803 14446.319062188268 24535.317137122154 23450.598030328751 6321.0690328627825 28249.625462636352 6200.8178371340036 1373.7738627195358 13119.042320519686 3411.8756029754877 4200.8547931164503 2493.3435686379671 3503.0256875455379 18791.218219608068 12468.592178314924 3632.4645344913006 15912.975324168801 4580.4533367753029
leaf_count=58128 103488 9851 68452 106105 141711 33957 148707 26009 5826 56450 15454 17800 10536 16015 79339 52724 15333 78980 19364
internal_value=-2.18266e-05 -0.00166309 0.00253794 -0.00294218 0.00385672 -0.00436705 -0.00379247 0.00041705 0.00100093 -0.00119719 -0.00163347 -0.0013293 0.000432927 0.00274936 0.000694348 0.000428641 -0.000366016 0.00178951 -3.58725e-05
internal_weight=221909 135218 86690.9 83725.5 57312.9 46071.1 37982.6 51492.8 38597.8 37654.4 9732.94 12895 6694.2 33862.3 37224 34892.3 22423.7 19416 29378
internal_count=1064229 636219 428010 418801 305158 256246 198118 217418 163073 162555 49411 54345 28336 163447 157247 147396 94672 94995 122852
is_linear=0
shrinkage=0.0117215


Tree=152
num_leaves=20
num_cat=0
split_feature=81 82 82 19 17 84 84 84 95 121 95 121 61 84 147 89 95 85 133
split_gain=7959.3 2160.67 2007.23 1011.22 818.969 667.964 663.114 512.893 426.829 412.683 400.676 388.255 369.885 356.753 350.942 321.952 344.453 320.058 272.391
threshold=-1.0000000180025095e-35 0.1896992772817612 -0.14390957355499265 0.21320018172264102 0.34042777121067053 1.0000000180025095e-35 1.0000000180025095e-35 1.0000000180025095e-35 1.1278378963470461 0.85399055480957042 -1.1052713394165037 0.30240471661090856 1.0452181100845339 1.0000000180025095e-35 -0.55531191825866688 6.4853980541229257 -1.0419994592666624 -1.0000000180025095e-35 0.97772881388664257
decision_type=2 2 2 10 10 2 2 2 10 10 8 8 10 2 10 2 10 2 10
left_child=2 6 3 7 -3 10 9 -1 -8 14 -4 -7 -11 -6 15 16 -2 -10 -14
right_child=1 4 5 -5 13 11 8 -9 17 12 -12 -13 18 -15 -16 -17 -18 -19 -20
leaf_value=-0.006597874567239103 0.00019238539183566455 0.0026823472599659111 0.0014342389970660831 -0.0023699107227464025 0.0031789148495860648 0.0028757277732495991 0.0031197273421892397 -0.0030242871589855648 0.0043172635010093659 -0.00017595633598452409 -0.0031522131245629091 -0.00022503934382664333 -0.0072941907785280544 0.0065406930414822232 0.0016139536415949248 0.0027449066258557753 -0.0038495543536825683 -0.0038180623246180483 -0.0011929365354977209
leaf_weight=17640.633217915893 5834.5175019353628 33967.319166615605 3153.208744391799 32800.883294597268 6103.5536385178566 7048.7785397171974 16019.900171950459 8117.6994863152504 903.0963566750288 4378.068563953042 15035.442813545465 25733.93525223434 2674.6352768242359 15608.074019804597 14550.517264097929 2586.7048745602369 5725.8143047988415 2336.7786795496941 1619.3298298567533
leaf_count=113549 25103 159683 14080 152801 31633 29564 71731 40834 3868 18492 66938 108530 11245 102562 61772 10979 24125 10701 6747
internal_value=-9.59475e-06 0.00218281 -0.00225758 -0.00373755 0.00382195 -0.000556363 0.000570264 -0.00547541 0.00233567 -0.000340491 -0.00235628 0.00044324 -0.0025776 0.00560005 0.000337076 -0.000976713 -0.00181329 -0.00153577 -0.00501214
internal_weight=221839 112308 109531 58559.2 55678.9 50971.4 56629.4 25758.3 19259.8 37369.6 18188.7 32782.7 8672.03 21711.6 28697.6 14147 11560.3 3239.88 4293.97
internal_count=1064937 538641 526296 307184 293878 219112 244763 154383 86300 158463 81018 138094 36484 134195 121979 60207 49228 14569 17992
is_linear=0
shrinkage=0.0117215


Tree=153
num_leaves=20
num_cat=0
split_feature=24 24 40 40 153 105 105 18 26 40 43 46 68 85 24 151 133 105 133
split_gain=6313 1855.5 1733.68 1152.93 700.607 571.6 588.735 472.401 427.243 387.699 348.463 273.072 269.999 264.017 243.602 230.724 311.825 230.679 215.847
threshold=-0.084138233214616762 0.33705437183380133 0.15717274695634845 0.61347186565399181 0.52777779102325451 2.5900614261627202 -0.23478283733129499 -0.74295532703399647 0.10138313099741937 0.30075921118259435 -0.0011148665216751394 -0.43095862865447992 19.013351440429691 -0.29847869277000422 0.43917779624462133 -0.5283912420272826 1.1034999489784243 1.9464105367660525 -1.0606010556221006
decision_type=8 10 10 8 2 10 10 8 10 10 10 8 10 2 10 10 8 10 10
left_child=2 4 8 -3 15 6 9 -6 -1 13 -11 17 18 -4 -5 -2 -17 -8 -9
right_child=1 3 5 14 7 -7 11 12 -10 10 -12 -13 -14 -15 -16 16 -18 -19 -20
leaf_value=-0.0067581124328957576 0.00092263291245756279 0.00031350531567545642 -0.0011625256433425281 0.003946246138037228 -0.00076177026856772149 0.0012290132183087037 -0.0050779926605263844 1.4236345361459495e-05 -0.0035732659044726066 0.0013985633070098566 -0.0016908316125031407 -0.00170131365120463 0.00080658370855205095 -0.0043039033478648615 0.0061169435599912943 -0.0014208518536208232 0.0020394891909603146 -0.0015814003152825481 0.0033905881832254491
leaf_weight=10628.841295182705 14377.840757623315 9344.7923815995455 11269.962099775672 14237.995450258255 8019.2903696298599 10108.322805598378 10836.121809691191 2927.8348824381828 12927.825133472681 12883.990735158324 8181.943689212203 9911.1900177448988 10742.299774974585 5451.313086271286 14637.159206017852 23842.098495796323 4187.9519828259945 3441.0692669451237 23328.156882971525
leaf_count=73010 60669 40716 51488 79648 32953 42122 55420 13007 70922 54941 37843 42327 47848 25462 96072 101192 17724 15339 104847
internal_value=1.25702e-05 0.00173976 -0.00225635 0.0038933 0.0007975 -0.00135333 -0.00177482 0.00181555 -0.00501553 -0.000859888 0.00019811 -0.00320193 0.0023743 -0.00219121 0.00505064 -0.0002836 -0.000902581 -0.00423919 0.00301443
internal_weight=221286 125645 95640.6 38219.9 87425.5 72083.9 61975.6 45017.6 23556.7 37787.2 21065.9 24188.4 36998.3 16721.3 28875.2 42407.9 28030.1 14277.2 26256
internal_count=1063550 594676 468874 216436 378240 324942 282820 198655 143932 169734 92784 113086 165702 76950 175720 179585 118916 70759 117854
is_linear=0
shrinkage=0.0117215


Tree=154
num_leaves=20
num_cat=0
split_feature=82 70 79 40 40 79 24 84 82 68 156 153 110 87 5 37 84 126 153
split_gain=7142.69 2589.94 1623.43 921.598 818.503 480.814 430.107 418.725 413.976 403.715 385.967 293.404 278.225 264.061 250.395 228.277 226.011 214.383 214.242
threshold=-0.13022259622812268 2.9321964979171757 -0.64236244559288014 0.62392309308052074 0.2474508807063103 0.31877818703651434 0.42024061083793646 1.0000000180025095e-35 -0.61635273694992054 17.444208145141605 0.78888890147209179 0.47222222387790685 -0.032344864681363099 -1.0000000180025095e-35 0.27325402200222021 -0.37709797918796534 1.0000000180025095e-35 -0.2111248970031738 0.52777779102325451
decision_type=2 2 2 8 10 2 10 2 2 10 10 2 10 2 10 10 2 8 2
left_child=2 4 7 17 -2 9 -5 14 15 18 11 12 -10 -11 -1 -4 -7 -3 -6
right_child=1 3 8 6 5 16 -8 -9 10 13 -12 -13 -14 -15 -16 -17 -18 -19 -20
leaf_value=-0.0067421542878663985 -0.0028597613711569447 0.0031892290444514803 -0.0017570662462993362 0.0037479423598678853 -7.0262098379052855e-05 0.0011328102503045615 0.0063949119261718281 -0.0027118646655321095 8.4286153841102833e-05 0.0030513158201950093 -0.0034147547232411821 0.0012015939641850598 -0.0029805909143164637 -0.0016574498398234086 -0.0040094668858132705 -0.0041715083939743471 0.0035214956185600638 -0.00017640963262029898 0.0016836856697449217
leaf_weight=13020.036732837558 8718.990630865097 4084.8510284721851 14074.352600768209 18973.315159514546 15730.888848289847 10328.659867763519 15409.700212687254 8973.6095677316189 10181.290826171637 1810.9319162517786 5840.9720789641142 12946.046441540122 6754.4252822995186 15261.200575053692 7349.5897784680128 8752.8734879493713 11556.130120426416 7078.361305102706 24394.527148529887
leaf_count=83936 41569 18175 68584 99312 65811 43377 102907 44087 43867 7648 25188 55591 28800 64705 40327 41574 53875 31252 103566
internal_value=1.10658e-05 0.00172085 -0.00258271 0.00398819 0.00054394 0.000919936 0.00493778 -0.00483202 -0.00145395 0.000354215 -0.000665321 -0.000125651 -0.00114048 -0.00115449 -0.00576187 -0.00268617 0.00239654 0.00105922 0.000996421
internal_weight=221241 133348 87893.2 45546.2 87801.3 79082.3 34383 29343.2 58550 57197.5 35722.7 29881.8 16935.7 17072.1 20369.6 22827.2 21884.8 11163.2 40125.4
internal_count=1064151 632197 431954 251646 380551 338982 202219 168350 263604 241730 153446 128258 72667 72353 124263 110158 97252 49427 169377
is_linear=0
shrinkage=0.0117215


Tree=155
num_leaves=20
num_cat=0
split_feature=82 70 70 26 82 141 82 26 47 119 132 46 82 18 119 47 85 62 18
split_gain=6801.85 2430.59 1563.18 718.621 592.945 461.759 409.892 365.978 318.466 310.621 295.506 279.937 260.501 257.474 236.061 233.907 273.674 209.591 195.632
threshold=0.12805931270122531 -3.0652507543563838 3.3465713262557988 0.56750839948654186 -0.52486604452133168 1.0000000180025095e-35 0.54746186733245861 0.093447506427764906 0.11244148015975954 -0.42644141614437098 -1.5405874848365781 -0.37274479866027826 0.52250388264656078 -0.36003012955188746 0.33492361009120947 0.19402278959751132 0.0065856250002980241 -0.47675158083438868 -0.10178774222731589
decision_type=2 2 2 8 2 2 2 10 10 8 8 8 2 10 10 10 2 8 10
left_child=1 4 6 5 7 17 15 -1 -6 -7 -5 -11 -4 -8 -12 -2 -17 -3 -14
right_child=2 3 12 10 8 9 13 -9 -10 11 14 -13 18 -15 -16 16 -18 -19 -20
leaf_value=-0.0066131182334384087 -0.0034429621586340763 -0.00020025701145566133 0.0032267191993277738 -0.0034429687490507696 -0.0061158061421278049 0.0039164178366192124 0.0016020543390069723 -0.0037426230211539792 -0.0018982551631198253 -0.0016257578365432384 0.0014457470854147511 0.0016826118897142071 0.0041606571956975119 0.0039280708900680606 -0.0012617185228777528 0.0020450254947879192 -0.00010075785197399508 -0.0027532938773360957 0.0067085944145962358
leaf_weight=11130.451037481427 1783.1254179775715 5378.0124258548021 8621.1032153517008 2130.424369096756 2787.0210248976946 2456.2133589684963 15387.567401394248 13804.852826565504 20204.352328300476 10711.812574535608 29043.31926573813 5202.0792856812477 6947.645824238658 11421.271125614643 5200.390694797039 15147.906689703465 17682.430382460356 24825.232398167253 10915.16081045568
leaf_count=75634 8135 23738 45263 8765 16520 10509 68685 74877 95839 45924 124668 21671 40445 57542 22784 64033 75984 109687 72497
internal_value=6.41226e-06 -0.00166691 0.00253549 -0.000475806 -0.00377683 -0.00140846 0.0015081 -0.00502891 -0.00241518 5.71025e-05 0.000769753 -0.00054341 0.00491482 0.00259555 0.001034 0.000664673 0.000890053 -0.0022992 0.00572429
internal_weight=220780 132874 87906.2 84947.5 47926.7 48573.4 61422.3 24935.3 22991.4 18370.1 36374.1 15913.9 26483.9 26808.8 34243.7 34613.5 32830.3 30203.2 17862.8
internal_count=1063200 630616 432584 367746 262870 211529 274379 150511 112359 78104 156217 67595 158205 126227 147452 148152 140017 133425 112942
is_linear=0
shrinkage=0.0117215


Tree=156
num_leaves=20
num_cat=0
split_feature=31 31 39 126 39 26 126 96 31 39 26 85 84 104 126 153 122 126 95
split_gain=6447.47 2347.67 1171.06 979.159 780.707 671.159 465.197 423.201 420.273 401.385 437.262 399.495 273.912 289.336 264.361 261.617 260.357 267.794 254.642
threshold=0.1633434593677521 -0.39361287653446192 -0.087939105927944169 -0.2570767849683761 -0.45470261573791498 0.55702230334281932 0.7926524579524995 1.2440159916877749 -0.22915524989366529 -0.68388447165489186 0.085670173168182387 0.33605706691741949 1.0000000180025095e-35 -3.4668842554092403 0.2580744624137879 0.47222222387790685 -0.1491608917713165 -0.38493724167346949 -1.3449015617370603
decision_type=10 8 8 8 8 10 10 10 10 10 10 2 2 10 8 2 10 10 8
left_child=1 9 6 8 5 15 11 -7 -3 10 -1 12 13 -2 -6 18 -10 -18 -5
right_child=2 3 -4 4 14 7 -8 -9 16 -11 -12 -13 -14 -15 -16 -17 17 -19 -20
leaf_value=-0.0069006837009124734 0.0030681931563604835 -0.00063040309625893385 0.0061009040598437852 0.00059198593159716882 0.0013708972760028313 0.00041003423323383306 -0.0051355988820679837 -0.0051855950853749071 0.00033939616787460837 -0.00049805567719517696 -0.0035608558982075738 0.0013401852003309474 0.0040891348729374674 -0.0012610963723295335 -0.00097703021817799546 -0.0017282012354979857 0.0051134160706363535 0.001526362019736368 -0.0037866721042230335
leaf_weight=11053.019048988819 6517.7619320005178 11720.99757283926 12612.812553748488 1954.6417043507099 15130.529401376843 17521.808827966452 1153.4480926692486 2053.5908685922623 6470.6732770055532 2737.5190446674824 10681.603778392076 28996.574677571654 19396.866620242596 3123.006969243288 11635.229627221823 20033.156685292721 5588.7306255251169 5888.2383782565594 26266.200659915805
leaf_count=78097 30264 52428 87092 8954 62401 73314 5153 8946 27522 13808 62449 138111 94801 13950 47831 89026 23912 24896 120114
internal_value=-2.35156e-05 -0.00141598 0.00286052 -0.000762045 -0.00134469 -0.00201342 0.00216787 -0.000182446 0.00109525 -0.00473262 -0.00526487 0.00231503 0.00328665 0.00166611 0.000350278 -0.00275575 0.00222157 0.0032799 -0.00348316
internal_weight=220536 148736 71800.5 124264 94595.2 67829.4 59187.7 19575.4 29668.6 24472.1 21734.6 58034.2 29037.6 9640.77 26765.8 48254 17947.6 11477 28220.8
internal_count=1063069 693698 369371 539344 410586 300354 282279 82260 128758 154354 140546 277126 139015 44214 110232 218094 76330 48808 129068
is_linear=0
shrinkage=0.0117215


Tree=157
num_leaves=20
num_cat=0
split_feature=81 84 84 26 18 1 1 119 98 39 130 45 26 18 26 1 96 88 126
split_gain=7235.49 1835.13 1811.64 1589.27 1512.26 901.419 840.178 580.545 483.758 414.729 361.377 338.066 271.459 266.088 263.137 250.293 242.739 241.723 307.748
threshold=-1.0000000180025095e-35 1.0000000180025095e-35 1.0000000180025095e-35 0.23958345502614978 -0.29585772752761835 -0.10101978480815886 -0.10101978480815886 0.32255949079990393 0.0069630423095077285 -0.36747276782989496 -0.04078716225922107 -0.32230845093727106 0.8826453983783723 -0.10893874242901801 0.073369599878788008 0.093302484601736083 0.9474763572216035 1.0338799357414248 -0.2570767849683761
decision_type=2 2 2 10 10 10 8 10 10 10 10 10 10 10 10 10 10 2 10
left_child=1 3 6 14 -4 9 11 12 10 -3 -7 -2 17 -6 -1 -10 -5 18 -8
right_child=2 5 4 16 13 8 7 -9 15 -11 -12 -13 -14 -15 -16 -17 -18 -19 -20
leaf_value=-0.0070446274328256628 -0.00091750711822907922 -0.0037224495018968514 0.0017238898398764335 -0.0016188061532747206 0.0042539518099983685 0.0061141646426580605 0.0007839069598953196 -0.0048135660766911535 -0.0011614533003949953 0.001131194981751963 0.0013825924087166165 0.0035656273680464146 0.002028469401681401 0.0065177256357381343 -0.0046470015019363167 0.0016530981893238719 -0.0055989719224276225 0.0049954913851700446 -0.0020243631778426008
leaf_weight=10960.107159286737 2845.5697657763958 11913.527194529772 33950.953023076057 34052.311924472451 14783.611095249653 3130.5992663651705 8884.6585149019957 3982.6314703822136 14116.619671463966 3021.8341326117516 7540.5877088159323 12090.568524166942 6619.9652478098869 14238.857664614916 15418.010328710079 6241.5214861184359 2226.4269604682922 972.37446643412113 13459.029356762767
leaf_count=75468 12132 53944 151019 150357 80511 13621 37815 17196 61664 13006 32921 54922 31747 92438 86956 26765 9833 4112 57181
internal_value=-1.23444e-06 -0.00215567 0.00209144 -0.00346022 0.00340514 -0.000376511 0.000397271 -0.000622929 0.000762401 -0.00274019 0.00278098 0.00271142 -6.21081e-05 0.00536893 -0.00564855 -0.000297649 -0.0018665 -0.000657102 -0.00090804
internal_weight=220450 108622 111828 62656.9 62973.4 45964.7 48854.8 33918.7 31029.3 14935.4 10671.2 14936.1 29936 29022.5 26378.1 20358.1 36278.7 23316.1 22343.7
internal_count=1063608 524535 539073 322614 323968 201921 215105 148051 134971 66950 46542 67054 130855 172949 162424 88429 160190 99108 94996
is_linear=0
shrinkage=0.0117215


Tree=158
num_leaves=20
num_cat=0
split_feature=82 32 40 40 82 40 87 19 18 147 126 68 147 48 1 147 147 138 125
split_gain=6537.55 2383.86 1197.63 781.127 663.369 659.741 669.256 514.619 400.376 398.256 423.782 345.071 297.456 287.99 279.315 289.735 277.78 448.219 306.036
threshold=-0.11044942587614058 -0.22145229578018186 0.099362187087535872 0.67830759286880504 -0.53658396005630482 0.28711111843585974 -1.0000000180025095e-35 0.29700346291065222 -0.1328393220901489 0.64364719390869152 -0.14999564737081525 23.089457511901859 -1.2303401827812193 0.49348957836627966 0.48112995922565466 -0.63601300120353688 1.3093545436859133 6.8825688362121591 0.27843481302261358
decision_type=2 10 10 10 2 8 2 10 10 10 10 10 10 10 10 8 10 10 10
left_child=2 5 -1 -3 7 -2 9 -4 -5 10 -7 14 -12 -6 15 -8 18 -18 -11
right_child=1 3 4 8 13 6 11 -9 -10 16 12 -13 -14 -15 -16 -17 17 -19 -20
leaf_value=-0.0058097968715808525 -0.0021960624467134687 0.00089340004498863763 -0.0047805219281856891 0.0036866412533701149 -0.0020600774916176177 0.0027930912368049946 -0.0016158262515624422 -0.0018757789147529739 0.0064273879000238546 0.0034323018853289577 0.0028431766694406 -0.001368797873303922 -0.0011223655079511336 -0.00012989939614191072 0.0063470011181929126 0.0012098559382509666 -0.0014807204988630746 0.0061617786696260808 0.0092332914180056035
leaf_weight=12523.560628935695 9999.7693145424128 8005.2890470474958 14709.806334704161 15197.637940242887 18353.453623861074 15042.023994043469 6505.0131116807461 19555.105400934815 14383.31276974082 2805.8768811970949 3507.3608976304531 15867.362540200353 9824.4553666710854 25171.672006711364 1165.4017551094294 21090.932055667043 2305.3715344667435 1908.7315746992826 2297.3782031089067
leaf_count=86821 46891 37265 77067 84181 81437 65227 27824 89618 97543 12179 14987 67624 42019 109261 4990 90323 9963 8264 9945
internal_value=-2.66095e-05 0.00165722 -0.00244841 0.00414479 -0.00190567 0.000643659 0.000989136 -0.00312517 0.0050233 0.00213866 0.00144607 1.76932e-05 -7.59657e-05 -0.000944473 0.000783096 0.000542976 0.00423893 0.0019957 0.00607385
internal_weight=220220 129906 90313.6 37586.2 77790 92319.7 82319.9 34264.9 29581 37691.2 28373.8 44628.7 13331.8 43525.1 28761.3 27595.9 9317.36 4214.1 5103.26
internal_count=1063429 619225 444204 218989 357383 400236 353345 166685 181724 162584 122233 190761 57006 190698 123137 118147 40351 18227 22124
is_linear=0
shrinkage=0.0117215


Tree=159
num_leaves=20
num_cat=0
split_feature=81 84 84 18 71 33 18 0 119 119 79 79 111 130 121 99 111 130 126
split_gain=6862.03 1865.65 1716.93 1545.36 1331.79 590.91 464.329 411.038 378.353 371.33 358.494 350.893 279.124 277.235 272.452 370.837 287.773 459.532 303.637
threshold=1.0000000180025095e-35 -1.0000000180025095e-35 1.0000000180025095e-35 -0.22995383292436597 -2.3374253511428829 0.70661899447441112 -1.3994272947311399 0.32711203396320349 -0.25743480026721949 0.044744122773408897 -0.33911557495594019 0.35702368617057806 -0.068047948181629167 -0.30751015245914454 0.85399055480957042 0.36641664803028112 -0.23139829188585279 -0.25443437695503229 -0.09714911505579947
decision_type=2 2 2 10 2 10 8 10 8 8 2 2 10 8 10 10 10 10 10
left_child=1 4 5 11 -1 14 -3 -7 12 -10 -6 -4 -8 -11 15 16 17 -2 -18
right_child=2 6 3 -5 10 7 8 -9 9 13 -12 -13 -14 -15 -16 -17 18 -19 -20
leaf_value=-0.0056896532286385432 -0.003888234468462334 -0.0045309971302135398 0.0011772086904643906 0.0057222587663762732 -0.0037936814853481338 0.0027904823399811287 -8.1795419358299915e-05 -0.0054488876444519253 -0.0026008481733586159 0.0042337533466673067 -0.001385302976550002 0.0035851494901280277 0.0033408218816517671 -0.00028663452807659609 -0.0024593839794871133 0.0052892579938722982 -6.8747078239880035e-07 0.0036365082231735626 -0.0034346806772764592
leaf_weight=22346.974395975471 1448.0514304786921 3356.254777431488 27093.854238122702 23498.477764040232 12204.456259161234 13831.569848403335 6453.9151521325111 863.79084046185017 9862.1519173234701 2026.9538456648588 27964.23401285708 11999.185616120696 6618.3561015576124 20509.111645489931 7708.052856951952 1713.9756999611855 10342.842882037163 4605.2683984786272 5353.5841378718615
leaf_count=139846 6083 17109 117817 145313 60969 67399 28281 3639 43208 8786 121887 59820 28437 89067 32341 7172 43360 19345 22529
internal_value=-1.24956e-05 -0.00205636 0.0020857 0.00334781 -0.0033969 0.000362572 -0.000339192 0.00229832 -2.76283e-05 -0.000706803 -0.00211881 0.00191799 0.0016539 0.00012389 -0.000551036 7.76907e-05 -0.000338219 0.00182847 -0.00117527
internal_weight=219801 111342 108459 62591.5 62515.7 45867.1 48826.7 14695.4 45470.5 32398.2 40168.7 39093 13072.3 22536.1 31171.8 23463.7 21749.7 6053.32 15696.4
internal_count=1062408 537590 524818 322950 322702 201868 214888 71038 197779 141061 182856 177637 56718 97853 130830 98489 91317 25428 65889
is_linear=0
shrinkage=0.0117215


Tree=160
num_leaves=20
num_cat=0
split_feature=82 33 25 39 40 39 87 26 104 145 25 25 142 1 158 102 1 145 85
split_gain=6390.38 2350.29 1468.38 870.463 681.174 659.115 635.698 614.534 306.392 311.379 305.092 303.016 269.201 220.054 237.01 215.516 212.25 291.346 207.27
threshold=0.12143678590655328 0.28594850003719335 -0.27930851280689234 -0.64446151256561268 0.65613588690757763 -0.25802448391914362 1.0000000180025095e-35 0.12453516945242883 -11.197475433349608 -1.0458977818489072 -0.068842377513647066 -0.94427254796028126 0.5804133713245393 -0.16827007383108136 9.5000000000000018 0.32357357442379003 0.48112995922565466 1.1549636125564577 0.052377436310052879
decision_type=2 8 10 10 10 10 2 10 8 8 10 10 2 10 2 8 10 10 2
left_child=1 3 12 7 -4 6 8 -1 9 -3 -6 -8 18 -13 -15 -7 17 -10 -2
right_child=2 5 4 -5 10 15 11 -9 16 -11 -12 13 -14 14 -16 -17 -18 -19 -20
leaf_value=-0.0062104275462087659 0.0013515074472358628 -0.00036171353088181274 0.0014567413250232777 -0.00056039166857679769 0.003992352214205179 -0.0040243434823648014 -0.0039305350374479854 -0.0032222311762329829 -0.00065451976270657032 0.0031140719990685128 0.0064052013999912703 0.0010597616448247118 0.0023086592405492804 0.00023475362374759373 -0.0025024736794287865 0.0032559526594998856 -0.0056825705359672832 0.0046360822661829903 -0.00052724419000544514
leaf_weight=16162.049670338631 16080.127542465925 6255.8790394365788 10506.719232082367 9861.3436181098223 19122.559067353606 583.56296825408936 7991.5865734070539 23020.3982847929 22308.538737744093 8124.0835394114256 11766.526685714722 4403.6535385996103 15046.81832420826 5846.3273473680019 16872.927479535341 7566.9141844213009 1034.4697237312794 1504.7647356539965 16149.88500739634
leaf_count=109365 68691 26344 47096 44115 106175 2573 37411 118077 94383 34284 80514 18449 66617 24350 70268 36728 4420 6419 69041
internal_value=-3.97621e-06 -0.00164333 0.00242763 -0.00367475 0.00403902 -0.000434915 -0.000782064 -0.00445776 0.000243484 0.00160382 0.00491561 -0.00192715 0.0010154 -0.001334 -0.00179859 0.00272472 -0.000544537 -0.000316006 0.000410397
internal_weight=220209 131536 88672.6 49043.8 41395.8 82492.7 74342.2 39182.4 39227.7 14380 30889.1 35114.5 47276.8 27122.9 22719.3 8150.48 24847.8 23813.3 32230
internal_count=1065320 627186 438134 271557 233785 355629 316328 227442 165850 60628 186689 150478 204349 113067 94618 39301 105222 100802 137732
is_linear=0
shrinkage=0.0117215


Tree=161
num_leaves=20
num_cat=0
split_feature=33 31 39 26 71 39 126 126 1 153 126 130 126 47 68 33 119 26 34
split_gain=5887.35 2326.48 1598.81 933.333 796.542 618.22 493.46 383.198 362.535 354.325 348.737 347.07 289.801 252.83 247.291 242.861 237.052 256.595 230.201
threshold=0.38217288255691534 0.28615200519561773 -0.59212774038314808 0.16972338408231738 -1.9642092585563657 -0.072544157505035387 -0.2570767849683761 0.25378090143203741 0.54202011227607738 0.47222222387790685 0.57756593823432933 0.59919553995132457 0.7926524579524995 0.30575603246688848 -18.354590415954586 0.77335384488105785 0.37186218798160559 0.93238922953605663 0.55729165673255932
decision_type=8 10 10 10 2 8 10 10 10 2 8 10 10 8 8 10 10 10 10
left_child=2 4 3 -1 10 12 8 13 15 16 -2 -9 -3 -4 -5 -6 17 -8 -17
right_child=1 5 7 14 6 -7 9 11 -10 -11 -12 -13 -14 -15 -16 18 -18 -19 -20
leaf_value=-0.0053762986730615595 -0.00082164122688761451 0.003044560642194374 -0.0028295101045924388 -0.00086986404130433368 0.0015516404311694714 0.0061860975228249966 -0.00071117389406087097 -0.0035862441229270025 0.010509883157633307 0.0013180516346888362 -0.004771391760595072 0.0036567542396030881 -0.0049824838001140291 0.0021400551307572653 -0.0030059266493979984 -9.00341631576339e-05 -0.0037216445907707137 0.0027201512970287892 0.0061460281258152276
leaf_weight=23313.42370672524 21164.039590299129 32799.023060366511 1587.3528767675161 10812.567467555404 14314.204349562526 10269.03153860569 18509.93305529654 4518.5528276711702 748.93273729085922 30046.151768758893 3572.7232412993908 1116.2895106971264 609.6780568510294 11215.053616985679 24071.524989888072 1063.4823216795921 2877.1832989901304 3548.0547707676888 3424.869976401329
leaf_count=148831 90595 171637 6918 50308 59305 74435 76332 19188 3207 128669 15959 4734 2944 47189 113592 4602 12098 16185 16692
internal_value=1.25812e-05 0.00141783 -0.00260828 -0.00356089 0.000425645 0.00367143 0.0010305 0.000399358 0.00262874 0.000461285 -0.00139605 -0.00214223 0.00289471 0.00151987 -0.00234486 0.00230222 -0.00057136 -0.000156955 0.0046756
internal_weight=219582 142947 76634.8 58197.5 99269.6 43677.7 74532.8 18437.2 19551.5 54981.3 24736.8 5634.84 33408.7 12802.4 34884.1 18802.6 24935.2 22058 4488.35
internal_count=1063420 672660 390760 312731 423644 249016 317090 78029 83806 233284 106554 23922 174581 54107 163900 80599 104615 92517 21294
is_linear=0
shrinkage=0.0117215


Tree=162
num_leaves=20
num_cat=0
split_feature=32 31 84 25 71 87 32 84 31 98 95 156 38 88 136 152 101 156 71
split_gain=5725.07 2017.79 1307.92 999.988 894.076 489.634 416.578 337.544 320.937 294.53 284.225 279.847 278.84 260.92 236.187 227.833 259.734 224.451 210.648
threshold=-0.39893540740013117 -0.39027096331119532 -1.0000000180025095e-35 -0.15075504034757611 2.0627567768096928 -1.0000000180025095e-35 -0.6819067895412444 1.0000000180025095e-35 0.13392196595668796 -0.34947499632835383 1.3080737590789797 0.84999999403953563 -0.48479865491390223 -0.27767027914524073 -0.5597744584083556 0.26785714924335485 -0.62995126843452443 0.76388889551162731 -2.6076006889343257
decision_type=10 8 2 10 2 2 8 2 10 10 10 10 10 2 8 2 10 10 2
left_child=1 12 8 10 5 7 18 15 -2 14 -4 -12 -1 -8 -6 16 -3 -15 -7
right_child=2 4 3 -5 9 6 13 -9 -10 -11 11 -13 -14 17 -16 -17 -18 -19 -20
leaf_value=-0.006778017039921062 -0.0020329916212155491 -0.0017947960678267553 0.002784743519495086 0.0056899648276933432 0.00075259060013026582 -0.005278406813680591 -0.0045126956579694868 0.00088561757376098089 0.0010121670813359261 0.00025412148761196204 0.0014927644508525594 -0.0043859213323597622 -0.0037953059577399088 -4.9520233913624818e-06 0.0047718288623782293 -0.00034379757632085461 -0.0071459392979021713 -0.0026215074923835687 -0.0026149761062901765
leaf_weight=5616.4852788150311 6654.6111458092928 9970.7401649206877 32955.722977340221 18370.797423422337 3384.9120113402605 5454.8639431148767 2715.1265756189823 17396.278395831585 16492.81430067122 11473.99923337996 4220.5984655767679 1484.6009958088398 19164.520312339067 17280.875171691179 4954.3958886563778 17667.672126784921 1406.9744103997946 6069.057473808527 16515.700904220343
leaf_count=42596 27530 46162 154090 120182 15064 27036 11623 73840 77675 48855 19887 6991 115472 71261 21982 76355 6513 25078 74944
internal_value=-8.39299e-06 -0.00144651 0.00248574 0.00343916 -0.000788642 -0.0012634 -0.00209283 -0.00040488 0.000135557 0.00147401 0.00236685 -4.85863e-05 -0.00447705 -0.00108916 0.00314706 -0.00117789 -0.00246976 -0.000686974 -0.00328114
internal_weight=219251 139072 80179.1 57031.7 114291 94477.3 48035.6 46441.7 23147.4 19813.3 38660.9 5705.2 24781 26065.1 8339.31 29045.4 11377.7 23349.9 21970.6
internal_count=1063136 656781 406355 301150 498713 412812 209942 202870 105205 85901 180968 26878 158068 107962 37046 129030 52675 96339 101980
is_linear=0
shrinkage=0.0117215


Tree=163
num_leaves=20
num_cat=0
split_feature=32 79 84 32 84 79 49 109 62 105 38 34 114 136 142 121 125 121 18
split_gain=5649.03 1921.06 1478.92 1157.24 954.811 644.914 559.303 392.726 342.482 329.528 320.547 283.755 273.938 276.076 265.326 244.838 284.854 275.375 244.701
threshold=-0.48433069884777064 -0.47486168146133417 -1.0000000180025095e-35 -0.16935668140649793 1.0000000180025095e-35 0.99547600746154796 0.40494792163372045 -1.0000000180025095e-35 0.49873429536819464 -2.8698371648788448 -0.18357228487730023 0.20312500000000003 0.24155031889677051 0.62918794155120861 -2.4435312747955318 0.166133888065815 0.23854840546846393 0.33251537382602697 -0.10178774222731589
decision_type=10 2 2 10 2 2 10 10 10 10 10 10 8 10 2 10 10 10 10
left_child=1 4 6 8 -1 7 10 14 11 -8 -2 -4 13 -10 -3 -11 17 -17 -5
right_child=2 5 3 18 -6 -7 9 -9 12 15 -12 -13 -14 -15 -16 16 -18 -19 -20
leaf_value=-0.0049274865118548172 -0.00080842350086279325 -0.0033436700120616069 0.0011962158699905278 0.0040368932965278246 -0.0015250957063643372 0.0032551572409853314 -0.0043127279544233916 -0.001744294099806296 -0.0063070689673434387 0.0025939631601354907 0.0031587370462186994 0.0032791432232685052 0.0012048557930004567 0.001853586832954719 0.00033876448749813319 -0.0042052165605755455 -0.0029590402008317358 0.0027194270164905584 0.0065110537082965761
leaf_weight=27673.638289764524 4232.9475917369127 2906.8733420222998 14786.302576512098 11565.942354872823 19228.397378519177 5763.2356149554253 4168.7809948921204 32808.341598689556 1582.9561280012131 2701.893228366971 8187.576129630208 23039.967959433794 6022.0239988267422 869.01485578715801 32546.895048037171 1027.7805465459824 6135.2503662258387 3149.6415521800518 10799.326491996646
leaf_count=163686 17871 13785 66663 68381 88429 26380 17612 144858 6948 12201 38219 101108 26752 3870 144255 4675 27538 14490 76031
internal_value=1.75105e-05 -0.00167864 0.00210465 0.00304855 -0.00353406 -0.000502316 -8.53897e-05 -0.000820554 0.00198927 -0.00145438 0.00180773 0.00246616 -0.000140394 -0.00342458 3.48441e-05 -0.000532737 -0.00135592 0.00100188 0.0052371
internal_weight=219197 120927 98269.4 68665.5 46902 74025.3 29603.9 68262.1 46300.3 17183.3 12420.5 37826.3 8473.99 2451.97 35453.8 13014.6 10312.7 4177.42 22365.3
internal_count=1063752 581393 482359 349753 252115 329278 132606 302898 205341 76516 56090 167771 37570 10818 158040 58904 46703 19165 144412
is_linear=0
shrinkage=0.0117215


Tree=164
num_leaves=20
num_cat=0
split_feature=81 82 82 19 70 38 124 102 85 119 118 145 82 37 147 40 68 138 147
split_gain=6389.72 1774.78 1707.06 990.695 739.609 443.223 406.599 384.124 342.435 330.589 303.467 301.043 296.11 292.317 283.858 248.731 241.7 245.897 235.916
threshold=-1.0000000180025095e-35 0.1896992772817612 -0.18570337444543836 0.22308599203825 3.3465713262557988 0.31896188855171209 -0.90591990947723378 0.15285304188728335 1.0000000180025095e-35 -0.24575291574001309 -0.77288606762886036 -1.537463843822479 -0.54896706342697132 0.60225796699523937 0.64364719390869152 0.23426677286624911 19.627737045288089 44.974193572998054 0.30470131337642675
decision_type=2 2 2 10 2 10 8 8 2 8 10 10 2 10 8 8 10 10 10
left_child=2 5 3 12 13 6 11 -4 15 -9 -10 -2 -1 -3 16 -8 -11 -18 -17
right_child=1 4 7 -5 -6 -7 8 9 10 14 -12 -13 -14 -15 -16 18 17 -19 -20
leaf_value=-0.0061608240936451876 -0.0020664603254502934 0.0033176530454540124 -0.0033681810283436261 -0.0020865990273173101 0.0051454129376562524 0.0035308054978635288 -0.0045664192613876619 0.0012261884987419635 0.0020327423187998638 -0.00084323281505874334 -0.0034526403019404512 0.0015742848031425054 -0.003408052887682071 0.0010938954663753133 0.00032882924513539499 -0.00079345300665651091 -0.0045150010060487902 0.0028078908351615722 0.0025842998049676975
leaf_weight=16476.839691221714 3572.6271196305752 18668.485111027956 5924.1650976985693 30253.96941024065 21486.383650541306 5850.476153537631 1282.3341497927904 15038.848296180367 1628.893531665206 11183.001262485981 8771.0112405717373 23697.560998573899 8122.7425739765167 14420.256232991815 14598.85246257484 5875.6469768285751 5647.0420511215925 693.02619300782681 5462.4383383691311
leaf_count=109265 15125 86848 28311 142239 137188 30143 6176 63925 6856 47868 36916 100780 43451 69452 62506 24813 24266 2967 22906
internal_value=-3.07211e-05 0.00194754 -0.00205987 -0.00350955 0.00345227 0.000483952 0.000128031 -0.000561016 -0.00101854 -0.000206903 -0.00259087 0.00109596 -0.00525594 0.00234998 -0.00087825 0.000279527 -0.001883 -0.0037072 0.000835834
internal_weight=218655 110716 107938 54853.6 54575.1 56141 50290.5 53084.9 23020.3 47160.8 10399.9 27270.2 24599.6 33088.7 32121.9 12620.4 17523.1 6340.07 11338.1
internal_count=1062001 537203 524798 294955 293488 243715 213572 229843 97667 201532 43772 115905 152716 156300 137607 53895 75101 27233 47719
is_linear=0
shrinkage=0.0117215


Tree=165
num_leaves=20
num_cat=0
split_feature=82 26 32 32 26 152 68 47 47 126 126 127 60 88 114 89 144 130 46
split_gain=5701.83 1903.37 1410.4 1050.71 455.064 392.109 373.949 444.897 364.982 370.768 322.497 320.839 303.279 271.819 268.441 270.261 261.432 293.762 244.385
threshold=0.10856156423687936 0.33492609858512884 -0.16935668140649793 -0.81646335124969471 0.12839388847351077 0.21111111342906955 20.29952430725098 0.32979336380958563 0.18430305272340777 -0.12715017050504682 -0.14999564737081525 1.0000000180025095e-35 -0.30684873461723322 -0.21711930632591245 0.17470221966505053 5.8847131729125985 1.0000000180025095e-35 0.55939874053001415 -0.29631903767585749
decision_type=2 8 10 10 10 2 10 10 8 8 10 8 10 2 8 2 10 10 8
left_child=1 3 6 4 -1 -3 7 10 -5 13 -2 18 -9 -10 -8 -16 -11 -18 -7
right_child=2 5 -4 8 -6 11 14 12 9 16 -12 -13 -14 -15 15 -17 17 -19 -20
leaf_value=-0.0058884739425635341 0.00083909140514196634 -0.0016499252292623396 0.0047112895062157304 -0.0052372406973543338 -0.0031236902018699085 0.00059372423133544007 -0.0022965565130480901 0.0046390148035181013 -0.00029553542331749118 -0.0034957896862020939 -0.0045411760405014937 -0.00094565653902624314 0.0019179686359458293 0.0046530414920916488 0.00267333499980959 -0.0010748978969788176 -0.001577683810897747 0.0032506949379601442 0.0034100822159017527
leaf_weight=16165.886707663536 4978.6821099817753 18762.058498471975 24006.996698200703 3024.33827278018 16760.368024677038 26766.732265532017 5374.9234813004732 6663.1645385921001 4402.7746431827545 7419.696731030941 2183.4659657180309 17224.972535640001 36221.308640807867 2307.937216848135 5607.3270335048437 4962.7831456065178 9060.4801586419344 2116.2834931313992 5008.8115833848715
leaf_count=110422 21130 81467 153724 15635 89273 113642 23438 31891 19358 33289 9341 74033 160123 9979 24687 21685 39597 9196 22916
internal_value=1.55516e-05 -0.00156391 0.00227966 -0.00306087 -0.00448432 -0.000210068 0.00139372 0.00189156 -0.00140425 -0.000941797 -0.000810544 0.000341769 0.00234304 0.00141657 -0.000169353 0.000915003 -0.00179354 -0.00065859 0.00103984
internal_weight=219019 129020 89998.7 61257.8 32926.3 67762.6 65991.7 50046.6 28331.5 25307.2 7162.15 49000.5 42884.5 6710.71 15945 10570.1 18596.5 11176.8 31775.5
internal_count=1064826 618807 446019 326749 199695 292058 292295 222485 127054 111419 30471 210591 192014 29337 69810 46372 82082 48793 136558
is_linear=0
shrinkage=0.0117215


Tree=166
num_leaves=20
num_cat=0
split_feature=31 79 25 40 153 79 17 156 0 141 42 40 40 157 132 132 147 156 25
split_gain=5223.83 2231.75 1009.37 1019.03 761.888 542.757 486.875 445.789 373.035 348.005 337.657 338.862 332.377 316.598 303.009 292.808 286.501 271.626 260.38
threshold=0.16721489280462268 -0.55956983566284169 -0.20203401893377301 0.67267686128616344 0.47222222387790685 -1.6730177402496336 -0.24481165409088132 0.78888890147209179 0.34847268462181097 1.0000000180025095e-35 0.36718750000000006 0.49797669053077703 0.10414496809244157 0.32660515606403356 -1.3729110956192014 1.4032301902770998 0.45672583580017095 0.57777780294418346 -0.48114244639873499
decision_type=10 2 8 8 2 2 8 10 10 2 10 8 10 10 10 10 10 10 10
left_child=1 5 8 -4 6 -1 -3 -6 15 -9 11 14 -7 -11 -8 18 -15 -12 -2
right_child=2 4 3 -5 7 12 10 9 -10 13 17 -13 -14 16 -16 -17 -18 -19 -20
leaf_value=-0.005263761874318265 -0.00081438867985727311 -0.0030426356876130317 0.00053227127359156278 0.005426556369085539 0.0014296070214888472 -0.00540466741780394 -0.0028429639638522645 -0.0073257228956765744 -0.0032154681785727273 0.0033061536716692411 -0.00081156292681199146 0.0034399687740137687 -0.0019660548614488442 -0.0064423043289225639 0.00036299872480545677 0.0039127845689368012 -3.6232799456484643e-05 -0.00384036659867063 0.0017749581002242897
leaf_weight=14974.743449881673 6938.7468486726284 14203.777207136154 7782.4265787601471 23519.443487882614 35740.760654449463 4580.6103813797235 5042.7340797483921 1247.3823078274727 2264.6023107469082 1936.7102991044521 12350.352506965399 3858.8439316153526 24436.45062366128 1504.6321899294853 20187.0575645715 6519.6486073583364 2577.752554371953 6055.9891909062862 22906.320894524455
leaf_count=94214 28903 71142 36314 153385 153176 31131 21900 5388 9952 8269 52376 17597 113412 6388 86578 29972 10959 25877 106723
internal_value=5.67647e-06 -0.00123683 0.00264721 0.00421101 -0.000305794 -0.00345149 -0.00114041 0.00089152 0.00137827 -0.00175122 -0.000570315 0.000216001 -0.00251277 -0.000572205 -0.000279814 0.00166622 -0.00242044 -0.00181168 0.00117279
internal_weight=218629 148698 69931.2 31301.9 104706 43991.8 61698.8 43007.2 38629.3 7266.48 47495 29088.6 29017.1 6019.1 25229.8 36364.7 4082.38 18406.3 29845.1
internal_count=1063656 698407 365249 189699 459650 238757 275470 184180 175550 31004 204328 126075 144543 25616 108478 165598 17347 78253 135626
is_linear=0
shrinkage=0.0117215


Tree=167
num_leaves=20
num_cat=0
split_feature=81 82 82 26 24 156 82 31 38 37 107 133 12 120 116 117 40 1 126
split_gain=6071.57 1693.31 1612.63 806.585 747.153 462.463 377.382 361.956 315.005 293.594 256.162 246.982 243.27 242.205 295.883 235.142 225.17 230.137 233.824
threshold=1.0000000180025095e-35 -0.039856798946857445 0.21832757443189624 0.24703513085842135 0.40909174084663397 0.72499999403953563 -0.45790375769138331 -0.24443779885768888 0.31896188855171209 0.60225796699523937 0.068083368241786971 -1.8629017472267149 0.16985323280096057 -1.4490586519241331 -7.071385145187377 -0.17898805439472196 0.28711111843585974 -0.091004081070423112 -0.27105410397052759
decision_type=2 2 2 10 10 10 2 8 10 10 10 10 10 8 10 8 10 10 10
left_child=1 3 5 6 9 8 12 -3 16 11 -5 -4 -1 14 -9 -11 -2 -18 -19
right_child=2 7 4 10 -6 -7 -8 13 -10 15 -12 -13 -14 -15 -16 -17 17 18 -20
leaf_value=-0.0064220627697658423 -0.0014833448026116041 -0.0023414831174764813 -0.0036792970971351049 -0.0012973568180601801 0.0056617489168533444 -0.0018498719609065695 -0.0027051452119401121 0.0011691936045139526 0.0039524058804591535 -0.0014080607890836557 -0.0039051791399408084 0.0036661099508323788 -0.003840691752404857 1.3424563261686601e-05 0.009513675333595319 0.0020873561356903082 0.0022820994170791174 0.002307660538615538 -0.00037978461471075645
leaf_weight=12593.573405846953 5450.5404722839594 8900.5650071203709 630.36335399746895 25354.782800480723 15031.056124180555 8961.0221140086651 11123.735380649567 2062.5262586921453 4621.5430284738541 3337.0492588430643 6495.695554882288 21141.068996667862 8584.9795868247747 34717.378093943 795.58312071859837 12461.475857064128 13431.738350301981 6065.8237433433533 16487.445549964905
leaf_count=86929 24155 42404 2933 114063 103829 38848 57946 8594 24146 16425 28320 101398 51217 145530 3322 60795 57129 25587 69359
internal_value=4.71906e-06 -0.00192336 0.00198671 -0.00315732 0.0034537 0.000583299 -0.00446217 -0.000219349 0.0010574 0.00256734 -0.00183167 0.00344973 -0.00538104 0.000284463 0.00355005 0.00134805 0.000732466 0.00106883 0.000344652
internal_weight=218248 110629 107619 64152.8 52601 55018.1 32302.3 46476.1 46057.1 37570 31850.5 21771.4 21178.6 37575.5 2858.11 15798.5 41435.5 35985 22553.3
internal_count=1062929 538325 524604 338475 285380 239224 196092 199850 200376 181551 142383 104331 138146 157446 11916 77220 176230 152075 94946
is_linear=0
shrinkage=0.0117215


Tree=168
num_leaves=20
num_cat=0
split_feature=32 70 40 32 32 79 126 102 17 126 88 130 126 102 48 130 84 84 110
split_gain=5219.47 1931.82 1386.13 947.343 679.36 575.151 448.076 387.543 387.366 331.739 318.923 364.478 311.503 366.958 382.513 300.628 331.26 292.87 280.612
threshold=-0.46127225458621973 -3.0652507543563838 0.5662098526954652 -0.14905770123004911 -0.78250625729560841 0.50499349832534801 -0.15752502530813214 1.1163960695266726 -0.41751484572887415 -0.36039835214614863 0.20659548789262774 0.40107655525207525 0.30264458060264593 0.53538122773170482 0.56640625000000011 0.59919553995132457 1.0000000180025095e-35 -1.0000000180025095e-35 -0.14744107425212857
decision_type=10 2 10 10 10 2 8 10 10 10 2 10 10 8 10 10 2 2 10
left_child=1 4 6 7 8 9 15 -4 -1 -3 12 -12 13 14 -8 16 18 -6 -2
right_child=2 5 3 -5 17 -7 10 -9 -10 -11 11 -13 -14 -15 -16 -17 -18 -19 -20
leaf_value=-0.0057581436423832814 0.0035142603455584017 0.00090734099889538977 0.0027046267029905676 0.0048995583208552096 -0.0034295718563625999 0.0017055539763669466 -0.0091808351271838382 0.00043452667490342397 -0.0031894945413058944 -0.0013017878324518965 -0.0012573151229269561 0.0052389772923770771 -0.0083375318078836649 0.0017934049404980347 -0.0019921717427660544 -0.0029886487385686299 0.0076781448814398096 -0.00023296335287977947 -0.0023072406322601682
leaf_weight=14672.574612110853 3176.9847515970469 11500.209995284677 32376.067426875234 22522.352405756712 6295.7351058423519 14587.945606991649 1308.1805808842182 15185.089652001858 18187.437322482467 49358.479177579284 4181.8359070569277 1630.1564018577337 1239.2779893577099 2376.7155432552099 4393.2932698428631 1414.1160246729851 1523.2699140012264 10460.212444290519 1745.2821499109268
leaf_count=99278 13298 49715 147852 149017 30852 63702 5507 69201 99398 212716 17502 6833 5243 9972 18378 5936 6452 45227 7321
internal_value=-6.9174e-07 -0.00156473 0.00210079 0.00291983 -0.0033606 -0.000383048 -0.000396522 0.00198041 -0.00433971 -0.000884151 -0.00157528 0.000578404 -0.00291678 -0.00206361 -0.0036722 0.00187047 0.00294346 -0.00143712 0.00144899
internal_weight=218135 125063 93072.6 70083.5 49616 75446.6 22989.1 47561.2 32860 60858.7 15129.5 5811.99 9317.47 8078.19 5701.47 7859.65 6445.54 16755.9 4922.27
internal_count=1063400 600888 462512 366070 274755 326133 96442 217053 198676 262431 63435 24335 39100 33857 23885 33007 27071 76079 20619
is_linear=0
shrinkage=0.0117215


Tree=169
num_leaves=20
num_cat=0
split_feature=82 32 79 84 79 84 25 79 1 101 104 124 1 84 95 12 151 68 136
split_gain=5456.47 1858.69 1340.79 570.358 555.834 527.742 485.426 419.241 360.426 338.613 428.838 321.704 297.152 266.997 259.91 256.295 235.698 325.465 229.819
threshold=-0.10347947850823401 -0.27835614979267115 -0.47486168146133417 -1.0000000180025095e-35 1.8107579946517947 1.0000000180025095e-35 -0.12783323973417279 -0.46339483559131617 -0.098024301230907426 -0.20089729130268094 -9.2938117980957013 -2.1985442638397212 -0.089602276682853685 1.0000000180025095e-35 1.0648227930068972 0.1037527695298195 -0.034513384103775017 19.013351440429691 -0.7776050567626952
decision_type=2 10 2 2 2 2 10 2 10 10 10 10 10 2 8 10 10 10 10
left_child=2 4 5 8 7 15 -5 13 -3 10 -4 -9 -7 -2 -11 -1 -13 -18 -12
right_child=1 3 9 6 -6 12 -8 11 -10 14 18 16 -14 -15 -16 -17 17 -19 -20
leaf_value=-0.0064667567304845762 -0.0034521161324338511 0.003784954266684746 0.00030379016359342832 0.0029953188957959277 0.0055807604083430986 -0.0045846195579773369 0.0057973012576313212 0.0017321637574332428 -0.00055239315151340055 0.0038849732238923221 -0.0064812336937527934 -0.0014886776194197337 -0.00055121379101994838 -0.00034300332139461284 -0.0028046142983354861 -0.0039646399577130736 0.0020038621661275791 -0.00070135169841278649 -0.0018488305452901714
leaf_weight=10044.031474083662 5434.6475377082825 4212.1101667284966 15067.336150437593 21091.751993224025 2797.7066706418991 3805.8806629180908 14331.998420521617 26091.348063707352 6941.5687654614449 3019.8115398585796 1517.3647755235434 10170.026530668139 7304.5155409872532 12474.538871213794 1062.6783957630396 13219.286817863584 12034.211033433676 12370.459163278341 35135.197981357574
leaf_count=67528 26454 21528 67527 108988 14327 19571 100313 111561 33478 13199 6962 43654 34635 52521 4637 75598 51218 52076 158627
internal_value=-1.84714e-05 0.00153779 -0.00222646 0.00340449 0.000468627 -0.00404684 0.00413203 0.000285009 0.00109005 -0.00110391 -0.00136062 0.000750205 -0.00193956 -0.00128974 0.00213764 -0.00505032 8.51592e-06 0.000633257 -0.0020446
internal_weight=218126 127950 90176.1 46577.4 81372.9 34373.7 35423.8 78575.2 11153.7 55802.4 51719.9 60666 11110.4 17909.2 4082.49 23263.3 34574.7 24404.7 36652.6
internal_count=1064402 616118 448284 264307 351811 197332 209301 337484 55006 250952 233116 258509 54206 78975 17836 143126 146948 103294 165589
is_linear=0
shrinkage=0.0117215


Tree=170
num_leaves=20
num_cat=0
split_feature=82 33 70 39 39 87 33 33 25 147 147 49 147 147 124 33 82 11 143
split_gain=5292.23 1972.3 1243.17 757.654 523.409 537.429 470.122 399.025 385.388 337.071 353.061 269.136 299.814 250.288 281.918 282.616 227.261 222.745 209.116
threshold=0.10856156423687936 0.26158802211284643 3.2057138681411748 -0.64446151256561268 -0.24930362403392789 1.0000000180025095e-35 0.85511142015457164 0.076240535825490965 -0.44980026781558985 -0.64743071794509877 -0.093597423285245882 0.77734375000000011 -1.4211568832397459 0.64364719390869152 -3.2191029787063594 0.56327518820762645 -0.70807072520256031 -0.16572649776935575 0.17795754224061969
decision_type=2 8 2 10 10 2 10 10 10 8 8 10 10 10 8 10 2 10 10
left_child=1 3 8 7 5 13 -4 -1 18 11 16 -7 -13 14 15 -3 -11 -8 -2
right_child=2 4 6 -5 -6 9 17 -9 -10 10 -12 12 -14 -15 -16 -17 -18 -19 -20
leaf_value=-0.006058927601794566 -0.0002083066506412776 -0.00035378555048624281 0.0019951207345965736 -0.00039913739780381635 0.0024936420605103466 -0.0054884431157122982 0.0034773939794373742 -0.0034039837390138056 0.0020992465003130982 -0.0041111349131986311 -0.0018480483311865124 0.0033838989383417565 -0.0036921431212761078 0.0019576230285522399 -0.0016964837285007182 0.0026761794257689252 0.0023292841266513192 0.0060967600974817402 0.0026545699105280595
leaf_weight=11765.861511081457 23569.099219530821 14158.487213030457 9308.78031244874 8519.0034561604261 7444.498491987586 5199.8068010658026 6961.2570752948523 23369.594605073333 32521.858091846108 861.81842811405659 21523.320269197226 1215.4140321016312 2433.6641462594271 8455.974329829216 12349.388520121574 6005.2214533388615 5059.9378119856119 13045.084304496646 4094.1629022806883
leaf_count=86638 99181 59970 46166 38646 36429 22601 41795 125790 151221 4010 92615 5192 10536 35982 52804 25559 21512 90308 17183
internal_value=1.20805e-05 -0.0015133 0.00219961 -0.00353654 -0.000469922 -0.000756134 0.00417818 -0.00429647 0.00123464 -0.0017943 -0.00115106 -0.00378108 -0.00132879 0.00016406 -0.000303475 0.000550654 0.00137956 0.00519045 0.000217275
internal_weight=217862 128362 89500.2 43654.5 84707.5 77263 29315.1 35135.5 60185.1 36294 27445.1 8848.88 3649.08 40969.1 32513.1 20163.7 5921.76 20006.3 27663.3
internal_count=1064138 618284 445854 251074 367210 330781 178269 212428 267585 156466 118137 38329 15728 174315 138333 85529 25522 132103 116364
is_linear=0
shrinkage=0.0117215


Tree=171
num_leaves=20
num_cat=0
split_feature=82 32 17 39 87 102 39 88 19 121 98 88 60 39 85 116 116 153 99
split_gain=5099.91 1982.07 818.644 584.708 530.17 512.813 440.719 345.546 339.171 307.872 326.003 300.42 306.109 300.403 282.845 281.187 257.337 243.256 237.172
threshold=-0.17842575162649152 -0.2578009814023971 -0.40358980000019068 -0.072544157505035387 -1.0000000180025095e-35 0.195195347070694 -0.62862280011177052 -0.24702949821949002 0.52442550659179699 1.4509325027465823 0.092454679310321822 0.48646499216556555 -0.11465079709887503 -0.48270329833030695 -0.30668918788433069 1.8081968426704409 -19.702479362487789 0.31666667759418493 -0.52134358882904042
decision_type=2 10 10 10 2 8 10 2 10 10 8 2 10 10 2 10 8 2 8
left_child=2 4 6 -3 5 18 -1 15 13 10 -9 12 -7 14 -4 -6 -14 -12 -2
right_child=1 3 8 -5 7 11 -8 9 -10 -11 17 -13 16 -15 -16 -17 -18 -19 -20
leaf_value=-0.0052677370696652456 0.0022024543218356401 0.0026579810349420269 -0.0016469050956100834 0.0058957102204836437 -0.0047244606820167016 0.0026177789751429354 -0.0011786101232234764 0.0020384605967310463 -0.00040349157001721552 -0.0025689157909819893 -0.002955385022932547 0.0059326096150984957 0.007429331945741623 8.4788902006606426e-05 -0.0038159081088979066 0.0018968948654722133 7.8308517871062747e-05 7.7302191984353612e-05 -0.0023916824211767337
leaf_weight=16387.774384498596 2002.3486068695784 34511.739086434245 16514.854221343994 9867.6568483039737 4119.1528322398663 18700.164960443974 4667.0991795361042 10284.138609975576 19463.20907099545 6102.9376172274351 4316.8068281263113 2336.9505921900272 660.79320514202118 6141.8780499249697 16628.296362139285 1105.431815251708 15046.03339882195 22327.3859372437 6502.277006521821
leaf_count=108049 9035 180862 84691 74287 18034 82224 20886 44881 82903 26071 18782 10308 2802 25541 81153 4884 64092 94854 29753
internal_value=-2.34697e-05 0.00134137 -0.00238135 0.0033806 0.000372912 0.00128408 -0.00436363 -0.000481679 -0.00166947 -0.000135301 0.000268253 0.00188424 0.00160545 -0.00229608 -0.00273703 -0.0033213 0.000398105 -0.000416195 -0.00130697
internal_weight=217687 137884 79803.1 44379.4 93504.4 45248.6 21054.9 48255.9 58748.2 43031.3 36928.3 36743.9 34407 39285 33143.2 5224.58 15706.8 26644.2 8504.63
internal_count=1064092 660869 403223 255149 405720 198214 128935 207506 274288 184588 158517 159426 149118 191385 165844 22918 66894 113636 38788
is_linear=0
shrinkage=0.0117215


Tree=172
num_leaves=20
num_cat=0
split_feature=31 70 24 84 40 40 42 24 84 40 18 115 84 147 102 18 147 125 145
split_gain=4756.83 2047.55 953.367 746.438 647.32 515.98 502.369 330.811 326.542 308.246 306.815 284.178 261.12 253.487 276.513 250.222 216.533 216.143 234.856
threshold=0.15059687942266467 -3.2319545745849605 0.37312361598014837 1.0000000180025095e-35 0.2694059163331986 0.65613588690757763 0.41406250000000006 -0.43654572963714594 -1.0000000180025095e-35 0.50751906633377086 -0.68898460268974293 -2.6924705505371089 -1.0000000180025095e-35 1.9569672942161562 0.93702447414398204 -1.445186913013458 0.71326732635498058 0.39656744897365576 -1.6594135761260984
decision_type=10 2 10 2 8 8 8 10 2 8 8 8 2 10 8 10 8 8 8
left_child=1 3 10 7 -3 -4 9 -1 13 17 -2 -10 -12 14 -8 -5 -13 18 -6
right_child=2 4 5 15 6 -7 8 -9 11 -11 12 16 -14 -15 -16 -17 -18 -19 -20
leaf_value=-0.0059610018378743138 -0.00055060715513687226 -0.0020230973522291033 0.00067112408605774128 -0.0049174320450455257 -0.0035259151431461678 0.0052017526236754737 -0.0010487606932531428 -0.0033960905172569535 0.0047254356007565106 0.0035268306985876347 0.00029128054825115546 -0.000822481850303945 0.0024561416971292964 0.0042962345514109962 -0.0041707067444242303 -0.00068126121846200538 0.0014302453333202994 0.0034740271751047282 0.00070313633715565987
leaf_weight=11601.695403598249 8220.5266321003437 22822.865018755198 4219.8478508591652 2203.3694793581963 1997.4019473493099 19187.580992527306 13208.982058286667 17433.154394030571 1836.5169884413481 7219.6386021077633 10139.959523096681 16442.641298547387 31299.82124863565 908.61427955329418 5521.0383218675852 13807.125461608171 9080.2366054207087 3347.3129594326019 16824.535327106714
leaf_count=83745 34096 107335 20084 11855 8197 131898 56035 93305 7634 33404 44808 68453 150250 3871 23644 64414 37788 13735 68919
internal_value=9.4404e-07 -0.00123323 0.00243714 -0.003305 -0.000292002 0.00438646 0.000225673 -0.00442493 -0.000525972 0.00142715 0.0015167 0.000301858 0.00192688 -0.00167825 -0.00197305 -0.00127054 -2.04595e-05 0.000740388 0.000250545
internal_weight=217323 144255 73067.7 45045.3 99209.8 23407.4 76386.9 29034.8 46998 29388.9 49660.3 27359.4 41439.8 19638.6 18730 16010.5 25522.9 22169.3 18821.9
internal_count=1063470 682334 381136 253319 429015 151982 321680 177050 197425 124255 229154 113875 195058 83550 79679 76269 106241 90851 77116
is_linear=0
shrinkage=0.0117215


Tree=173
num_leaves=20
num_cat=0
split_feature=70 31 31 141 119 38 126 38 119 89 83 25 89 45 122 122 115 133 123
split_gain=4511.31 1870.79 934.214 618.912 636.558 360.068 357.769 367.947 324.354 319.185 294.912 266.014 249.552 224.007 226.984 209.751 214.263 206.38 206.335
threshold=-2.3354890346527095 0.33813618123531347 -0.44467324018478388 -1.0000000180025095e-35 -0.4160554558038711 0.47101515531539923 0.42413571476936346 0.089884165674448027 0.34703500568866735 6.6180710792541513 4.2268071174621591 -0.46747091412544245 7.4021465778350839 -0.018155565485358235 0.022023493424057964 0.15264479070901874 0.79471838474273693 0.91846272349357616 -7.4137239456176749
decision_type=2 10 10 2 8 8 8 10 10 2 2 8 2 10 10 8 10 10 8
left_child=2 3 -1 8 -5 -3 7 -4 9 10 -2 -6 -13 14 -11 16 -8 -10 -12
right_child=1 5 6 4 11 -7 15 -9 17 13 18 12 -14 -15 -16 -17 -18 -19 -20
leaf_value=-0.0051631378332366402 1.002342480018854e-07 0.0031112226679154711 -0.0017568374432983245 0.004570538520894887 -0.00012138518083387929 0.0062463880405824691 0.00079222961376300513 0.00092091354227439768 -0.0046288887283634419 0.002125940418891165 -0.0049320020302253426 0.0018132063786523859 -0.0051075353017916479 0.0052676174086596205 -0.0029472788528616418 -0.0016987675368739126 -0.0059985573068944984 0.00045174780266272438 -0.0011376371155071166
leaf_weight=13047.878813564777 30778.604536056519 25120.143405377865 45137.431753799319 7359.548644438386 20927.682660013437 6321.3812488168478 721.97746244072914 8339.578795209527 3744.2919396013021 4845.3759323805571 2974.0500330328941 26903.868874132633 713.48681455850601 2091.0718901306391 1591.106377363205 4078.0630406886339 5174.374093785882 1545.1273298710585 5798.4618976265192
leaf_count=94775 131748 146175 220317 32181 87040 49781 3478 35094 15980 20659 12717 120681 3142 9009 6739 18734 24095 6566 24754
internal_value=-1.82569e-05 0.00122722 -0.00230889 0.000501921 0.00136357 0.00374571 -0.00172027 -0.00133903 -0.000400887 -9.71427e-05 -0.000540823 0.000875433 0.00163026 0.00195654 0.000865733 -0.00375639 -0.00516722 -0.00314927 -0.00243365
internal_weight=217214 140714 76499.3 109273 55904.6 31441.5 63451.4 53477 53368.1 48078.7 39551.1 48545 27617.4 8527.55 6436.48 9974.41 5896.35 5289.42 8772.51
internal_count=1063665 667172 396493 471216 243044 195956 301718 255411 228172 205626 169219 210863 123823 36407 27398 46307 27573 22546 37471
is_linear=0
shrinkage=0.0117215


Tree=174
num_leaves=20
num_cat=0
split_feature=32 70 31 32 141 79 19 126 145 112 148 145 70 126 31 123 38 157 79
split_gain=4557.43 1699.28 1107.21 676.097 600.319 567.957 400.387 393.287 301.007 380.644 277.918 269.731 262.127 257.013 252.81 249.603 249.152 243.803 241.35
threshold=-0.44774943590164179 -3.1850100755691524 0.42592330276966101 -0.79589796066284169 -1.0000000180025095e-35 0.96955901384353649 0.13253828138113025 -0.2570767849683761 -2.3002216815948482 -0.1011204570531845 0.036584064364433296 1.5476677417755129 2.7388114929199223 0.56734994053840648 0.10871249064803125 12.352764129638674 -0.38697588443756098 1.660037159919739 -0.72041863203048695
decision_type=10 2 10 10 2 2 10 10 10 10 10 10 2 10 10 8 10 10 2
left_child=1 3 4 6 8 7 -1 12 -2 10 -10 18 -3 -6 -11 -15 -5 -13 -9
right_child=2 5 -4 16 13 -7 -8 11 9 14 -12 17 -14 15 -16 -17 -18 -19 -20
leaf_value=-0.005554670342510535 -0.0076130830336793871 0.00010861877738880485 0.0049923822978526974 -0.0055387317847282284 0.0025358940569926731 0.0029321729357624409 -0.0027980548235887991 -0.0032327936504983439 -0.00038201486944719265 -0.0038229999597202062 0.0029903860635565652 0.0031043496857376227 0.0037206503186779983 -0.0021790322720685673 -0.00015227101295667519 0.0034617942156892458 -0.00080600643258047335 -0.003335739529278976 -0.0010867517900676137
leaf_weight=15809.568981818855 660.79339736700058 18146.924847252667 14576.161418840289 1686.1977458745241 43144.806136474013 6442.1278602778912 13506.707189366221 8721.2001004219055 5703.5008013993502 3613.3603313565254 8122.3069028109312 3340.1071878671646 3232.7173241227865 3236.6968740671873 8861.3048707842827 1586.9899883121252 14556.21046166122 1041.9678980410099 41094.134770765901
leaf_count=107264 2934 78773 105137 9960 202072 29665 75300 40739 25043 15028 36497 14142 14183 14886 40849 7421 64536 4372 174955
internal_value=1.147e-05 -0.00141099 0.00203882 -0.00322547 0.00146288 -0.000402475 -0.00428786 -0.000687533 6.32629e-05 0.00026269 0.00160088 -0.00121846 0.00065823 0.00224915 -0.00122066 -0.000315492 -0.00130455 0.00156349 -0.00146379
internal_weight=217084 127578 89505.9 45558.7 74929.8 82019.2 29316.3 75577.1 26961.3 26300.5 13825.8 54197.4 21379.6 47968.5 12474.7 4823.69 16242.4 4382.08 49815.3
internal_count=1063756 613889 449867 257060 344730 356829 182564 327164 120351 117417 61540 234208 92956 224379 55877 22307 74496 18514 215694
is_linear=0
shrinkage=0.0117215


Tree=175
num_leaves=20
num_cat=0
split_feature=81 82 82 18 26 84 84 156 64 124 68 40 112 84 130 130 113 110 130
split_gain=5264.12 1448.01 1437.14 912.888 810.624 573.376 545.834 348.22 325.789 322.675 312.724 275.239 256.688 239.455 234.65 291.488 237.796 240.416 229.869
threshold=-1.0000000180025095e-35 0.26356239616870886 -0.21446141600608823 -0.22995383292436597 0.22498008608818057 1.0000000180025095e-35 1.0000000180025095e-35 0.76388889551162731 -0.14437274634838101 2.4287937879562382 18.047914505004886 0.22514344006776812 -0.22189777344465253 1.0000000180025095e-35 -0.29962703585624689 -0.47364659607410425 -0.020286990329623219 0.58014726638793956 -0.029507516883313652
decision_type=2 2 2 10 10 2 2 10 10 10 10 8 8 2 10 10 8 10 10
left_child=2 6 4 -3 13 12 9 -8 -6 11 14 -2 -4 -1 15 -7 17 -16 -11
right_child=1 3 5 -5 8 10 7 -9 -10 18 -12 -13 -14 -15 16 -17 -18 -19 -20
leaf_value=-0.0054416601477815692 -0.0032270307665025308 0.0018631142414084663 -0.00052455585332568833 0.0050650642847986085 -0.0012676823722189549 -0.0011314669506913061 0.0028416350197665971 -0.0011670836848927208 -0.0046990325186093028 -0.0050867102733636385 -0.0011499374162507396 0.00063056241658470378 -0.003247660466124804 -0.0027821632108731872 0.0029051347600166184 0.0075970021556194534 -0.00037585089514286803 -0.0022115494953993107 -0.00079606759049170145
leaf_weight=18350.249917671084 2758.1296155303717 27137.197197318077 8180.169108517468 22319.199568785727 23031.234786644578 781.04885569214821 17070.797595188022 3591.5785411000252 4538.617448464036 2754.1275175213814 11926.534187376499 29424.665304750204 11373.484552741051 6339.3715986460447 8245.4869614243507 1550.8619691729546 11215.514631092548 1471.1902021169662 4515.3524513691664
leaf_count=126099 13186 128721 37296 144530 106091 3335 78365 16361 20491 11724 50765 124941 51667 34104 34929 6578 47705 6268 19183
internal_value=1.89971e-05 0.00182471 -0.00183003 0.00330983 -0.00321993 -0.000502417 0.00060209 0.0021443 -0.00183605 -0.000206402 0.000391885 0.000297866 -0.00211044 -0.00476206 0.00118267 0.0046912 0.000787034 0.00212699 -0.00243267
internal_weight=216575 109571 107004 49456.4 52259.5 54744.3 60114.7 20662.4 27569.9 39452.3 35190.6 32182.8 19553.7 24689.6 23264.1 2331.91 20932.2 9716.68 7269.48
internal_count=1062339 537011 525328 273251 286785 238543 263760 94726 126582 169034 149580 138127 88963 160203 98815 9913 88902 41197 30907
is_linear=0
shrinkage=0.0117215


Tree=176
num_leaves=20
num_cat=0
split_feature=32 31 39 87 141 31 39 12 125 32 116 42 49 85 93 62 38 85 47
split_gain=4293.99 1542.08 1007.84 698.437 692.958 422.802 358.583 372.461 347.172 319.024 315.777 270.982 264.475 269.627 240.096 224.975 353.494 206.102 203.974
threshold=-0.41240864992141718 -0.39027096331119532 -0.087939105927944169 1.0000000180025095e-35 -1.0000000180025095e-35 -0.22915524989366529 -0.68388447165489186 0.16985323280096057 0.31522223353385931 -0.67628848552703846 -10.99844455718994 0.39322917163372045 0.44140625000000006 0.41666401922702795 -0.13034568727016446 -0.38817147910594935 -0.22996402531862256 -0.67295959591865528 0.31559364497661596
decision_type=10 8 10 2 2 8 10 10 10 10 10 10 10 2 8 10 10 2 10
left_child=1 6 4 5 10 8 7 -1 -3 14 -2 -7 13 -6 -5 -12 -17 -18 -11
right_child=2 3 -4 9 12 11 -8 -9 -10 18 15 -13 -14 -15 -16 16 17 -19 -20
leaf_value=-0.0057908098994491307 0.0026377277306764337 -0.0019955360997262416 0.0053447902532642285 -0.0015685268166347505 0.0048370202611504572 0.0019123630410241609 2.4181143689643847e-05 -0.0026308972421691689 0.0010551024585429259 -0.0052947104075207726 0.0018397629733159183 -0.00014360238886535485 0.0018710060873998124 0.0013247361815556062 -0.0038930066567624657 -0.0070411343196464015 -0.0065492064167661521 -0.00036929911596547297 -0.00055709533523856875
leaf_weight=12292.399624556303 5232.7279877066612 16027.761011958122 11602.722858004272 13440.174117967486 10183.295230135322 19850.159178361297 2757.6367569714785 8891.9078081250191 7512.2422764003277 1289.5325669646263 4155.9066338986158 15813.520796850324 30247.569801956415 4286.3672968745232 11247.611691236496 1290.0677462667227 759.60476124286652 14095.854666829109 25776.690898239613
leaf_count=89914 24020 73617 86120 61345 50165 85874 14191 53798 34175 5650 19299 66445 142832 22145 53116 5528 3295 65257 107221
internal_value=2.97276e-05 -0.00125534 0.00214733 -0.000672801 0.00161764 0.000196724 -0.00395179 -0.00446881 -0.00102192 -0.00166713 7.68368e-05 0.00100123 0.00249696 0.00380037 -0.00263022 -0.000585502 -0.00121152 -0.000695048 -0.000787168
internal_weight=216754 134900 81854.1 110958 70251.4 59203.7 23941.9 21184.3 23540 51754 25534.2 35663.7 44717.2 14469.7 24687.8 20301.4 16145.5 14855.5 27066.2
internal_count=1064007 645346 418661 487443 332541 260111 157903 143712 107792 227332 117399 152319 215142 72310 114461 93379 74080 68552 112871
is_linear=0
shrinkage=0.0117215


Tree=177
num_leaves=20
num_cat=0
split_feature=79 84 84 79 1 40 1 86 147 110 24 113 136 119 86 45 1 24 121
split_gain=4081.03 2140.26 1542.43 1138.52 684.902 590.198 540.929 422.961 412.256 509.835 403.627 369.524 369.229 466.116 259.148 245.223 242.603 228.837 228.232
threshold=-0.23399525135755536 1.0000000180025095e-35 1.0000000180025095e-35 0.4822350293397904 -0.089602276682853685 0.35886615514755255 -0.089602276682853685 5.9414854049682626 0.64364719390869152 -0.92256432771682728 -0.45471411943435663 1.0000000180025095e-35 0.82862719893455516 0.32600249350070959 4.9870197772979745 0.29082354903221136 0.096885032951831832 0.43917779624462133 1.2278224229812624
decision_type=2 2 2 2 8 8 10 2 8 10 10 10 10 10 2 10 10 10 10
left_child=2 4 10 7 5 -2 15 -3 9 -6 -1 -11 13 14 -10 -4 -13 -5 -7
right_child=1 3 6 17 8 18 -8 -9 12 11 -12 16 -14 -15 -16 -17 -18 -19 -20
leaf_value=-0.0060056021994547293 -0.0010923381306619849 0.0017834444161307405 -0.0031610123119547302 0.0037099758760207342 0.00074393405643572309 0.0030920850590476202 0.00063752793564227908 -0.002232400737197588 -9.0441307639561202e-05 -0.0018970066626177683 -0.0031656195024841391 -0.0038789900148057956 0.0080090359428875955 -0.0041665121720818 0.0035971776431491867 0.0010105927471705299 -0.0092607743888927837 0.0059877993847618815 -0.0021081481715403724
leaf_weight=8999.5128198340535 8921.2936197519302 39412.749177083373 10316.23579877615 19166.982114717364 7249.0243211239576 14491.652557909489 22742.611754737794 3946.0149178206921 9667.2613503187895 15901.773507371545 29632.90045864135 4470.776940099895 798.4808809235692 3037.8740805536509 3567.0735481902957 2370.321407482028 1564.6784342676401 9023.3279007598758 1244.260981708765
leaf_count=66371 40852 180255 47869 102021 32749 65510 100967 17522 43444 71402 152009 20029 3499 13394 16031 10283 6951 67060 5618
internal_value=2.02465e-05 0.00118048 -0.00221122 0.00261044 -0.000262672 0.00131435 -0.000444271 0.00141697 -0.00110354 -0.00194929 -0.00383042 -0.0028391 0.000343154 -4.39152e-05 0.00090806 -0.00238118 -0.00530442 0.00444341 0.00267839
internal_weight=216525 142463 74061.6 71549.1 70914.2 24657.2 35429.2 43358.8 46256.9 29186.3 38632.4 21937.2 17070.7 16272.2 13234.3 12686.6 6035.46 28190.3 15735.9
internal_count=1063836 686337 377499 366858 319479 111980 159119 197777 207499 131131 218380 98382 76368 72869 59475 58152 26980 169081 71128
is_linear=0
shrinkage=0.0117215


Tree=178
num_leaves=20
num_cat=0
split_feature=81 84 84 18 71 33 126 39 115 79 121 116 138 79 138 99 12 105 126
split_gain=4933.25 1369.39 1364.08 1252.1 1022.06 455.638 399.088 360.226 306.16 297.602 295.118 293.628 291.274 285.782 217.424 265.384 209.353 205.051 201.915
threshold=-1.0000000180025095e-35 1.0000000180025095e-35 1.0000000180025095e-35 -0.22995383292436597 -2.4263670444488521 0.76079660654068004 -0.15752502530813214 -0.44054038822650904 1.3719661831855776 -0.33035776019096369 0.32397519052028662 -10.99844455718994 0.55549234151840221 0.191587008535862 -17.321173667907711 -0.32777677476406092 0.16665346175432208 -0.85259616374969471 0.26555481553077703
decision_type=2 2 2 10 2 10 10 10 10 2 8 8 10 2 10 8 10 10 10
left_child=1 4 5 13 16 11 10 17 -7 -6 -3 -2 14 -4 15 -12 -1 -8 -5
right_child=2 6 3 18 9 8 7 -9 -10 -11 12 -13 -14 -15 -16 -17 -18 -19 -20
leaf_value=-0.0059941587785913592 0.0030387075782974666 0.0034599228803727494 0.00078548635336100404 0.0058968462784943472 -0.0033582218618493738 0.0031515191219760835 -2.4167511254427317e-05 0.00050416110377665159 -0.0014861875802140382 -0.001238833204054098 -0.0036846087146824701 -0.00072594224117113789 0.006074880807103185 0.002841061883404748 -0.0064434566207090243 0.0056097462666447866 -0.0033250925482240881 -0.0025947610810279857 0.0035454212732739122
leaf_weight=13488.429630130529 3090.047850728035 5907.4617958813906 23310.466858804226 14671.761352986097 13474.06301394105 9683.7214012444019 5999.3773540556431 15644.383520454168 2434.2519945651293 28118.529445797205 993.42957462370396 33230.040962830186 653.25900806486607 15458.43785277009 1117.0251149386168 698.45572553575039 5915.2738938480616 14715.084246322513 7848.5045219138265
leaf_count=93609 13093 25749 101513 93325 69699 49402 27306 65801 11433 123883 4301 141221 2881 76729 4951 3060 35527 68580 52417
internal_value=-2.16924e-05 -0.00181579 0.00172333 0.00288483 -0.00296507 0.000252984 -0.000282048 -0.000838023 0.00221884 -0.00192691 0.00187214 -0.000403912 -0.000842085 0.00160632 -0.00248745 0.000176409 -0.00518545 -0.00185112 0.00508186
internal_weight=216452 106725 109727 61289.2 60996.3 48438.1 45728.5 36358.8 12118 41592.6 9369.63 36320.1 3462.17 38768.9 2808.91 1691.89 19403.7 20714.5 22520.3
internal_count=1064480 525347 539133 323984 322718 215149 202629 161687 60835 193582 40942 154314 15193 178242 12312 7361 129136 95886 145742
is_linear=0
shrinkage=0.0117215


Tree=179
num_leaves=20
num_cat=0
split_feature=32 70 141 32 25 70 132 85 19 102 145 118 31 98 118 126 126 49 120
split_gain=4175.78 1750.37 917.736 805.726 520.522 509.659 336.517 402.973 301.568 299.02 295.684 289.495 288.115 284.283 269.226 260.778 231.513 220.869 213.874
threshold=-0.38141690194606775 -3.2997984886169429 -1.0000000180025095e-35 -0.78250625729560841 -0.23885195702314374 3.1818178892135625 -1.5405874848365781 -0.075395610183477388 0.21320018172264102 0.20397275686264041 1.6730039715766909 -0.095386378467082963 0.17538274824619296 -0.80063354969024647 -0.65285879373550404 -0.2570767849683761 -0.20675743371248242 0.23828125000000003 -1.4169353246688841
decision_type=10 2 2 10 10 2 8 2 10 10 10 8 10 8 10 8 10 10 8
left_child=1 3 12 8 -4 6 11 9 -1 16 13 -3 15 -9 -14 -2 -8 -7 -11
right_child=2 5 4 -5 -6 17 7 10 -10 18 -12 -13 14 -15 -16 -17 -18 -19 -20
leaf_value=-0.0051081303887844723 0.0025868852005138843 -0.0059046770008922209 0.0019575794541759361 -0.00099440461501487773 0.0043554510561750834 0.0038684763134462278 0.00043679315360954917 0.005611093905393735 -0.0022603979838915359 0.0040951405214946267 0.0020544442842386169 -0.0010214884259814668 0.0041848183272770595 -0.0016717761241736894 0.0005123494452278168 -0.002640484730382202 -0.0023795075446940979 0.00033112593184782323 0.00080247517531013639
leaf_weight=20326.455429218709 1659.2918003797531 2902.9681663662195 25037.551488026977 14862.161653414369 24830.109712682664 5142.0559320300817 8873.2971147745848 729.10286122560501 6897.6072230786085 3069.813075736165 3434.6840023994446 3907.5215110480785 3390.960258834064 37071.779924951494 13987.693980440497 5956.8610127419233 7285.4045194685459 4580.5812058150768 22088.393256038427
leaf_count=136009 6859 13158 113995 68007 154845 24305 40096 3189 36859 13074 14361 17576 17496 157369 72186 24852 33770 20348 94935
internal_value=-2.91975e-06 -0.0011896 0.00223454 -0.00319156 0.003153 -0.000338724 -0.000616168 -0.000409117 -0.00438916 0.000408939 -0.00122856 -0.00311597 0.000400855 -0.00152794 0.00123357 -0.00149721 -0.000834577 0.00220671 0.00120766
internal_weight=216034 141172 74862.5 42086.2 49867.7 99085.6 89363 82552.5 27224.1 41316.9 41235.6 6810.49 24994.8 37800.9 17378.7 7616.15 16158.7 9722.64 25158.2
internal_count=1063289 673056 390233 240875 268840 432181 387528 356794 172868 181875 174919 30734 121393 160558 89682 31711 73866 44653 108009
is_linear=0
shrinkage=0.0117215


Tree=180
num_leaves=20
num_cat=0
split_feature=82 82 26 25 71 47 85 153 31 120 26 156 132 114 148 119 98 132 98
split_gain=4464.16 1869.94 939.578 764.051 544.796 361.518 387.378 350.518 344.48 300.421 253.761 253.183 238.961 231.095 217.901 217.729 214.229 180.992 293.066
threshold=-0.26067870855331415 0.52250388264656078 0.3308002650737763 -0.22410344332456586 1.2077346444129946 0.17414606362581256 -0.10581953451037406 0.52777779102325451 -0.45949462056159968 -1.2957199811935423 1.1038698554039004 0.78888890147209179 1.3738455772399905 -1.1946524977684019 0.17374744266271594 0.33492361009120947 0.34579430520534521 -1.4033093452453611 -0.31302066147327418
decision_type=2 2 10 10 2 10 2 2 10 8 8 10 10 10 10 10 8 10 10
left_child=2 4 8 14 5 -2 9 10 -1 13 15 -9 -8 -7 -3 -6 -16 -4 -19
right_child=1 3 17 -5 7 6 12 11 -10 -11 -12 -13 -14 -15 16 -17 -18 18 -20
leaf_value=-0.0056766221988377406 -0.0032091443799215102 0.0026263550913439358 -0.0033675265750472325 0.0048037636574906218 0.00037435510306716655 0.00086085998784493243 -0.0013219696700305786 0.0032228324194914222 -0.003053693368242353 0.00044724111980015831 0.0033371271480197506 -0.00060270253768263094 0.0021212548863321075 0.0069239966188895273 0.0019752804654842968 -0.0032755441779596197 -0.0015681569399635014 0.001264034115946922 -0.0014010875328669097
leaf_weight=8940.5518146082759 5833.7790248468518 14356.432581499219 3522.9587034732103 20676.775740228593 19763.786815345287 1587.1357678845525 28327.181319087744 14263.459492921829 30415.676363132894 19168.595940753818 3520.2153912931681 2843.3604431599379 3048.1116181388497 1891.3741514533758 5019.7125928103924 2509.7335668057203 4357.8307645022869 8340.0791189521551 17581.808887884021
leaf_count=69634 29586 66132 15539 136121 85967 6701 121250 70288 160298 82805 18424 13951 12840 8015 23036 11025 20209 35959 76028
internal_value=-3.97194e-06 0.00114827 -0.0024682 0.00315739 0.000279421 -0.000443101 -0.000143147 0.0012872 -0.00365255 0.00102454 0.000423577 0.00258703 -0.000986136 0.00418169 0.00171978 -3.9898e-05 0.000328807 -0.000883556 -0.00054325
internal_weight=215969 147167 68801.1 44410.8 102757 59856.2 54022.4 42900.6 39356.2 22647.1 25793.7 17106.8 31375.3 3478.51 23734 22273.5 9377.54 29444.8 25921.9
internal_count=1063808 706350 357458 245498 460852 261197 231611 199655 229932 97521 115416 84239 134090 14716 109377 96992 43245 127526 111987
is_linear=0
shrinkage=0.0117215


Tree=181
num_leaves=20
num_cat=0
split_feature=81 24 33 40 39 40 39 126 126 142 125 130 121 12 25 97 25 145 141
split_gain=4692.29 1258.72 1170.94 608.046 498.254 487.031 454.303 451.216 359.986 304.631 244.876 236.414 239.872 227.224 227.086 223.968 219.595 215.686 278.023
threshold=-1.0000000180025095e-35 0.35147613286972051 0.14262157678604129 0.65613588690757763 -0.70725789666175831 0.36346563696861273 -0.39899149537086481 -0.16607327014207837 0.41247783601284033 -1.683611989021301 0.44789347052574163 0.53319352865219127 0.14477129280567172 0.5480494797229768 -0.060104509815573685 -5.6759421825408927 -1.1104604005813596 1.0729360580444338 1.0000000180025095e-35
decision_type=2 10 10 8 10 10 10 10 10 2 10 10 10 10 8 8 10 10 2
left_child=2 5 4 -3 -1 -2 7 9 -7 -4 15 -11 -13 16 -5 -8 -9 18 -10
right_child=1 3 6 14 -6 8 10 13 17 11 -12 12 -14 -15 -16 -17 -18 -19 -20
leaf_value=-0.0050557009930508635 -0.0010352015226612894 0.00066173267970545723 -0.0035151245386726357 0.0035326761625599518 -0.00067464164030167997 0.0017745540830517918 0.0076819001736200231 -0.0047626343089572278 -0.0054447968654984984 0.00092936497668050851 -0.0032745292342159131 -0.00028623301590819007 -0.0064292254733595835 -0.0010164843657181136 0.00592149383787149 0.00085727836212699901 -0.0022914163155162417 0.0012642294193562151 -0.00025385893312838785
leaf_weight=17431.517944037914 13909.351776883006 6502.3422922790051 3308.4599465578794 11023.754760786891 4492.4807309955359 54907.144192755222 672.48913694918156 6235.1173165142536 2055.4526795744896 16447.170069053769 1889.4046479612589 2755.9956952035427 1256.7951878607273 14500.949020236731 11166.897033751011 13367.942406699061 24127.554859995842 5359.1264584362507 4465.0514456778765
leaf_count=124861 59797 30683 15661 69626 22978 244705 2823 33523 8919 73145 7924 12297 5535 62932 81123 56675 107132 23854 20026
internal_value=4.33833e-06 0.0017092 -0.00174699 0.00381687 -0.00415964 0.000958888 -0.0011205 -0.00153432 0.0013744 -0.000228222 0.000662045 0.000306674 -0.00223618 -0.00222581 0.00473973 0.00119633 -0.00280215 -0.000474932 -0.00190374
internal_weight=215875 109389 106486 28693 21924 80696.1 84561.9 68632 66786.8 23768.4 15929.8 20460 4012.79 44863.6 22190.7 14040.4 30362.7 11879.6 6520.5
internal_count=1064219 538733 525486 181432 147839 357301 377647 310225 297504 106638 67422 90977 17832 203587 150749 59498 140655 52799 28945
is_linear=0
shrinkage=0.0117215


Tree=182
num_leaves=20
num_cat=0
split_feature=81 82 82 18 12 156 82 101 147 119 117 132 119 45 104 89 99 130 46
split_gain=4573.03 1309.85 1269.93 721.796 638.752 412.361 387.071 356.643 260.005 278.286 270.579 240.229 319.952 299.274 289.251 328.962 271.8 595.397 232.478
threshold=-1.0000000180025095e-35 -0.058646237477660172 0.19676738977432254 -0.24013043940067288 0.25797280669212347 0.72499999403953563 -0.54896706342697132 -0.20089729130268094 -0.66200813651084889 -0.44395786523818964 0.58413726091384899 -1.470003545284271 -0.42644141614437098 -0.062672823667526231 9.7618489265441912 6.1537954807281503 -0.19369605183601377 0.2254360765218735 -0.6968584656715392
decision_type=2 2 2 10 10 10 2 10 10 10 10 10 8 10 10 2 10 10 10
left_child=1 4 5 -4 6 7 -1 8 9 -2 -10 -3 -13 16 -15 -16 17 -14 -11
right_child=2 11 3 -5 -6 -7 -8 -9 10 18 -12 12 13 14 15 -17 -18 -19 -20
leaf_value=-0.0052303496243957803 0.0008810019677894449 -0.004182642821474335 0.0017176233281661138 0.0044659791621111215 -0.0016668602226238235 -0.0018703956946415465 -0.002535735428296295 0.0033669229178832851 0.0016051171833537663 -0.0038896733612154145 -0.003151502489355743 0.0026209456842565164 0.0036723348709338287 0.0015229419255629801 0.00050250450526363917 -0.0037071786853254559 -0.003311975562560771 -0.0039472512528559442 2.8822496600598675e-05
leaf_weight=16872.520804896951 8273.8248039036989 1960.582024037838 28239.657643154263 24592.635572403669 31636.770114392042 8722.700322881341 13070.870044931769 6858.7582779452205 22434.903769634664 4646.2420148402452 1751.4247400909662 5506.5941836833954 2989.0866207033396 13366.105451568961 6928.2729176282883 4008.6945853680372 7369.1900704205036 2623.9458436369896 3750.8481968045235
leaf_count=113240 35969 8983 133378 158460 151569 37882 67454 32346 96826 19988 7412 23801 12805 56813 29534 17114 32495 11334 16212
internal_value=8.89528e-06 -0.00172143 0.0016927 0.00299834 -0.00283015 0.000469759 -0.00405698 0.000898253 0.000482153 -0.000643599 0.00125797 -0.000195141 -1.02726e-05 -0.000400265 0.000367388 -0.00104505 -0.00183542 0.000108787 -0.0021441
internal_weight=215604 106333 109271 52832.3 61580.2 56438.7 29943.4 47716 40857.2 16670.9 24186.3 44752.5 42791.9 37285.3 24303.1 10937 12982.2 5613.03 8397.09
internal_count=1063615 525142 538473 291838 332263 246635 180694 208753 176407 72169 104238 192879 183896 160095 103461 46648 56634 24139 36200
is_linear=0
shrinkage=0.0117215


Tree=183
num_leaves=20
num_cat=0
split_feature=81 79 33 153 79 70 130 111 153 136 133 153 127 33 116 147 119 33 1
split_gain=4621.36 1246.46 1185.41 581.491 440.613 439.166 330.746 342.159 315.55 344.454 320.369 314.819 311.512 296.922 279.442 263.539 260.583 289.296 255.829
threshold=-1.0000000180025095e-35 1.5392569303512575 0.2042249068617821 0.47222222387790685 -1.7936280965805051 3.3696740865707402 -0.27919360995292658 -0.27861231565475458 0.52777779102325451 -0.083105850964784608 -0.67551958560943592 0.35416667163372045 1.0000000180025095e-35 0.051405161619186408 0.79802826046943676 -0.51198107004165638 0.29307572543621069 0.67108082771301281 -0.29928307235240931
decision_type=2 2 10 2 2 2 10 10 2 10 10 2 10 10 8 10 10 8 10
left_child=2 3 13 6 -4 12 -2 11 -6 10 -10 14 18 -1 -8 -14 17 -9 -5
right_child=1 -3 4 5 8 -7 7 16 9 -11 -12 -13 15 -15 -16 -17 -18 -19 -20
leaf_value=-0.005313543304215556 -0.0032514446794344714 0.0046911733457940079 -0.0046330270226225831 -0.0049739030841239222 -0.0013804964742275571 0.0039396029635376589 0.0025082296583470005 -0.00055171481169197494 0.00023555297742452197 -0.00041368637715098093 0.0056608713263465726 -0.0024332835752929722 -0.002958898246574177 -0.0028580756997592651 0.0088445151522653833 0.00083845041762747375 -0.0029496081068894524 0.0021590684540476967 0.0023553786677597242
leaf_weight=9756.433909535408 3709.3149121925235 16310.262991160154 4106.0267323404551 650.01881156116724 39638.648268550634 11911.568666353822 3324.5523624569178 16518.162211209536 3274.9493779242039 24331.916885182261 2732.1370480060577 1155.3198772296309 3079.7437725588679 22471.263529501855 1336.9917316436768 13139.220535419881 3813.5992062166333 8014.7121849581599 26088.641905717552
leaf_count=74029 16350 104819 21437 2817 173336 72809 14705 70002 13874 104127 11584 5258 13836 127160 5978 59162 16850 38014 117343
internal_value=9.96043e-06 0.00170512 -0.00172889 0.00117892 -0.00091199 0.00194977 6.16159e-05 0.000423303 -0.000692185 0.000207479 0.00271542 0.00300681 0.00139618 -0.00360473 0.00436047 0.000114183 -0.000108879 0.000335086 0.00217303
internal_weight=215363 109052 106311 92741.8 74083.7 54869.2 37872.7 34163.3 69977.7 30339 6007.09 5816.86 42957.6 32227.7 4661.54 16219 28346.5 24532.9 26738.7
internal_count=1063490 537943 525547 433124 324358 265967 167157 150807 302921 129585 25458 25941 193158 201189 20683 72998 124866 108016 120160
is_linear=0
shrinkage=0.0117215


Tree=184
num_leaves=20
num_cat=0
split_feature=81 24 82 12 82 102 95 82 97 130 1 147 119 130 147 130 11 39 97
split_gain=4383.48 1194.55 1180.2 775.043 545.491 384.337 395.301 334.673 321.089 503.808 387.534 326.693 421.453 292.921 286.514 359.481 263.704 244.426 205.009
threshold=-1.0000000180025095e-35 0.37312361598014837 -0.26067870855331415 0.32308574020862585 1.0000000180025095e-35 0.15285304188728335 -1.1213346123695371 0.52250388264656078 -2.2415047883987422 -0.029507516883313652 0.45968599617481237 0.64364719390869152 -0.11795873194932936 0.53319352865219127 0.10036569088697435 -0.32183101773262018 -0.50536587834358204 -0.173064149916172 2.2967354059219365
decision_type=2 10 2 10 2 8 8 2 8 10 10 8 8 10 10 10 10 8 8
left_child=2 4 3 -1 18 6 -4 17 9 -7 13 14 -13 -11 -10 -16 -6 -3 -2
right_child=1 7 5 -5 16 8 -8 -9 11 10 -12 12 -14 -15 15 -17 -18 -19 -20
leaf_value=-0.0043497397183002075 0.00056476268151846299 0.0012199651426219513 0.0021939647385004241 -0.0013902926871604058 0.00080394419925066643 0.0047416947765330465 -0.0046917073174742481 0.0051115345491722268 -0.0007130224755375901 0.0006435898278628427 0.0082078050380593234 0.0074505120670823374 1.4613969866397607e-05 -0.0038843863684901703 0.00395618971441959 -0.0044359923224677814 0.0026523499158531429 0.0050799541442645216 -0.0012541612243979292
leaf_weight=26852.276966236532 27922.770658150315 7648.9528391212225 1453.6454546004534 22259.622905731201 17915.145470395684 4144.6790896207094 5181.6188028305769 14085.023403391242 14517.457625597715 6249.8967336267233 688.00403502583504 1110.3402797430754 13746.59078656137 2835.0839545428753 766.44273405522108 6586.7327013537288 26062.196395143867 3185.7688046246767 12220.14090745151
leaf_count=168702 118194 38179 7130 106368 79908 17828 25427 102460 62820 26874 2915 4774 59470 12178 3324 28643 125546 21479 52511
internal_value=1.56415e-05 0.00166705 -0.00167685 -0.00300969 0.000998733 -0.000533337 -0.00318081 0.00392 -0.000185178 0.00132958 -0.000125311 -0.000759664 0.000581125 -0.000775738 -0.00167012 -0.00355153 0.00190018 0.00236339 1.06474e-05
internal_weight=215432 109040 106392 49111.9 84120.3 57280.5 6635.26 24919.7 50645.2 13917.7 9772.98 36727.6 14856.9 9084.98 21870.6 7353.18 43977.3 10834.7 40142.9
internal_count=1064730 538277 526453 275070 376159 251383 32557 162118 218826 59795 41967 159031 64244 39052 94787 31967 205454 59658 170705
is_linear=0
shrinkage=0.0117215


Tree=185
num_leaves=20
num_cat=0
split_feature=81 82 82 11 19 82 46 119 120 116 38 79 79 147 145 88 104 82 147
split_gain=4278.91 1205.88 1202.38 705.621 638.147 331.459 296.54 365.612 276.98 329.086 310.737 262.705 232.475 200.658 200.21 237.158 235.76 193.821 191.481
threshold=1.0000000180025095e-35 0.1896992772817612 -0.077916942536830888 -0.3214911669492721 0.20975616574287417 -0.53658396005630482 -0.18156664073467252 0.37186218798160559 -1.4836573004722593 -7.071385145187377 -0.32208150625228876 1.9420580863952639 0.67681872844696056 0.64364719390869152 1.5139355063438418 1.1094932556152346 9.6029272079467791 0.47848455607891088 0.32052510976791387
decision_type=2 2 2 10 10 2 10 10 8 10 8 2 2 8 8 2 10 2 8
left_child=2 6 4 13 5 -1 7 12 9 -4 -10 -5 -2 -3 15 17 -17 -12 -16
right_child=1 3 8 11 -6 -7 -8 -9 10 -11 14 -13 -14 -15 18 16 -18 -19 -20
leaf_value=-0.0052476978836490202 4.4599484147568205e-05 0.00064768810905043177 0.00073811426368802769 0.0034699499692881206 -0.0016877973512501477 -0.0025159638957862442 0.0033560096598895541 -0.002979499479199951 -0.0031857325659523203 0.0087088380783319069 -0.00054210973088572318 0.005969813769349356 0.0020766781382828398 0.0028763788693060509 -0.0033950846486506948 0.00025692082529282377 -0.0054923819358339634 0.0018477478591525567 0.0031221529559672155
leaf_weight=15055.438984066248 34203.429659374058 15400.43955051899 2702.3884439915419 21006.596368730068 34508.232903078198 10379.897135071456 4375.3829365447164 4543.6037033498287 5217.9050430655479 945.28654319047928 25626.659956902266 8062.6183673515916 9972.6099566817284 8671.4657276719809 713.05389955639839 1663.2303074151278 2355.193681165576 5675.1772961169481 3976.0720450282097
leaf_count=106317 145115 73125 11661 121729 164000 55626 22512 19169 25964 4103 107829 58203 44802 41392 3061 7060 9990 24911 17049
internal_value=1.78009e-05 0.00169098 -0.00161569 0.00293887 -0.00272792 -0.00413623 0.000441273 0.00017803 -0.000250916 0.00284583 -0.000502011 0.00416753 0.000504187 0.00145254 -0.000150359 -0.000452868 -0.00312496 -0.000107766 0.00211923
internal_weight=215055 106236 108819 53141.1 59943.6 25435.3 53095 48719.6 48875 3647.67 45227.3 29069.2 44176 24071.9 40009.4 35320.3 4018.42 31301.8 4689.13
internal_count=1063618 526047 537571 294449 325943 161943 231598 209086 211628 15764 195864 179932 189917 114517 169900 149790 17050 132740 20110
is_linear=0
shrinkage=0.0117215


Tree=186
num_leaves=20
num_cat=0
split_feature=79 84 79 84 1 46 62 1 1 110 139 114 136 125 152 11 19 120 88
split_gain=3476.64 1926.44 1260.38 1057.38 875.348 519.346 458.618 431.42 409.668 404.445 389.394 327.239 300.147 292.44 281.393 253.385 247.141 239.177 238.843
threshold=0.4822350293397904 -1.0000000180025095e-35 -0.47486168146133417 1.0000000180025095e-35 -0.091004081070423112 -0.2632488459348678 0.47372151911258703 -0.11335531249642371 -0.089602276682853685 -0.78122073411941517 0.85962206125259411 1.2281361222267153 -0.82033804059028614 0.322959914803505 0.84523808956146251 -0.82523071765899647 0.091584142297506346 -1.2353417873382566 0.32049061357975012
decision_type=2 2 2 2 10 8 8 10 10 10 2 8 10 10 2 10 10 8 2
left_child=1 2 16 8 5 17 12 13 -2 -9 -7 -8 -6 14 -4 -14 -1 -3 -17
right_child=3 4 7 -5 6 10 11 9 -10 -11 -12 -13 15 -15 -16 18 -18 -19 -20
leaf_value=-0.0055571990820647062 0.0029462887705823198 0.0020813561815067384 -0.00079005028549270493 0.004221617778367358 -0.0043913522948343499 -0.0021496873854640742 -0.0028048264752382006 0.00027822191908706963 -0.00027438150765599263 -0.0024647284938452778 0.0027499344203688048 0.0012242888424198095 0.00043675866451418932 0.0040523900737285184 0.0042211328490908461 0.0019808181711311362 -0.0032589690300776626 -0.0026405923232889596 0.0043055104335007382
leaf_weight=10257.92001324892 8332.4335256814957 1587.9887580499053 12106.880126647651 27788.282950133085 980.14801414310932 3395.5533448681235 5386.266149058938 10061.994204752147 15468.083539769053 27698.941098898649 6386.9427464008331 5655.1724675223231 9519.5994436889887 2692.2273037135601 1740.1344450935721 21905.749448373914 17672.708908647299 18012.488337859511 8431.3268997967243
leaf_count=72479 39608 7242 54759 169364 4301 14934 24296 46778 69644 124876 30314 26135 42177 12114 7646 98970 97829 81685 39475
internal_value=1.72067e-05 -0.000819962 -0.00208455 0.00266948 0.000459944 -0.00115599 0.00137529 -0.00104296 0.000854935 -0.00173411 0.00104819 -0.000742971 0.00194812 0.000535211 -0.000154275 0.00210649 -0.00410695 -0.00225602 0.00262971
internal_weight=215081 163492 82230.8 51588.8 81261.2 29383 51878.3 54300.2 23800.5 37760.9 9782.5 11041.4 40836.8 16539.2 13847 39856.7 27930.6 19600.5 30337.1
internal_count=1064626 786010 416481 278616 369529 134175 235354 246173 109252 171654 45248 50431 184923 74519 62405 180622 170308 88927 138445
is_linear=0
shrinkage=0.0117215


Tree=187
num_leaves=20
num_cat=0
split_feature=31 31 26 84 0 19 104 84 125 93 149 145 48 46 121 136 48 109 46
split_gain=3422.08 1387.73 1220.94 660.049 515.116 451.054 450.707 425.614 353.431 328.209 307.644 307.189 295.71 278.761 271.096 263.787 259.64 239.336 218.401
threshold=-0.11423020437359808 0.38901419937610632 0.35500462353229528 1.0000000180025095e-35 0.32711203396320349 0.19576881825923922 9.2863955497741717 -1.0000000180025095e-35 0.46277733147144323 0.23340854793787005 -1.5100518465042112 -1.146483778953552 0.27994792163372045 -0.25360670685768122 0.6696009933948518 -0.7776050567626952 0.69140625000000011 1.0000000180025095e-35 -0.421449065208435
decision_type=8 10 10 2 10 10 10 2 10 8 10 8 10 10 10 10 10 8 10
left_child=2 6 3 5 15 -1 7 8 10 -9 -2 17 18 -8 -15 -4 -12 -11 -5
right_child=1 -3 4 12 -6 -7 13 9 -10 11 16 -13 -14 14 -16 -17 -18 -19 -20
leaf_value=-0.0049323397677803089 0.0068002182854277719 0.0040298571241158491 -0.00350455530130224 -0.0056006802372870514 0.0044663903570008566 -0.0023552247264783137 -0.001743842766309134 0.0032345223847416752 -0.0050443823030447994 -1.3332963454980259e-05 -0.0010946806229515009 0.0015503376733612241 0.00025893450947192683 0.0026288371594852928 -0.00068072221536604491 -6.6067325624369133e-05 0.0011343317230411234 -0.0069161748843123557 -0.0010154433141277394
leaf_weight=19777.867703706026 977.61836190521717 20533.685564927757 3452.4071913361549 2522.5172735750675 3196.0959031581879 17797.085912123322 13929.962495908141 15942.350103721023 1701.9151882380247 2040.9977233111858 12419.540643855929 28198.342329472303 10680.577361732721 5471.6955483406782 8903.4675788581371 25975.535387039185 16952.259064331651 1019.4533325880766 3277.8242219388485
leaf_count=132609 4214 143306 14799 14120 13629 93093 59703 71807 7310 9143 53883 127273 50786 25013 40224 111126 73044 4555 14220
internal_value=2.22392e-05 0.0012393 -0.00177612 -0.00285647 1.47202e-05 -0.00371392 0.000705797 0.00115917 0.000116564 0.00186672 0.000409621 0.00116724 -0.000899084 -0.000563516 0.000581226 -0.000471912 0.000191698 -0.00234756 -0.00302394
internal_weight=214771 128091 86679.9 54055.9 32624 37575 107558 79252.5 32051.3 47201.1 30349.4 31258.8 16480.9 28305.1 14375.2 29427.9 29371.8 3060.45 5800.34
internal_count=1063857 619475 444382 304828 139554 225702 476169 351229 138451 212778 131141 140971 79126 124940 65237 125925 126927 13698 28340
is_linear=0
shrinkage=0.0117215


Tree=188
num_leaves=20
num_cat=0
split_feature=81 31 31 31 25 156 145 114 102 156 104 116 62 150 156 156 116 85 85
split_gain=4142.88 1098.34 1003.92 374.854 361.262 341.151 412.409 373.292 402.154 366.02 428.907 367.267 314.925 289.327 255.875 422.601 238.002 234.919 233.414
threshold=1.0000000180025095e-35 0.38530413806438452 -0.27883934974670405 -0.46347957849502558 -0.89168435335159291 0.68333333730697643 -1.537463843822479 -0.17221418768167493 1.1163960695266726 0.64583334326744091 9.2863955497741717 -10.99844455718994 -0.46932731568813318 0.57611095905303966 0.68333333730697643 0.64583334326744091 -2.9659979343414302 0.034697586670517928 0.063440624624490752
decision_type=2 10 8 10 8 10 10 8 10 10 10 8 10 10 10 10 8 2 2
left_child=2 5 3 -1 -4 6 -2 8 13 11 -11 -8 -13 -7 15 17 -16 -6 -9
right_child=1 -3 4 -5 14 7 9 18 -10 10 -12 12 -14 -15 16 -17 -18 -19 -20
leaf_value=-0.0050578717192753557 -0.001346043663949638 0.0041096912922651231 -0.0024186758902390347 -0.0024224111411594099 0.00079932793937544653 -0.0021739883406880884 0.0046228104416636039 0.0029433720391977961 -0.0070061444536595185 0.01179696988330157 0.00060091320733468893 0.0036623832679125415 0.00096172199830247044 0.0050042731339327434 -0.005540566118060925 0.0073415361961033229 -0.0010391125027764329 -0.001007460197507833 -0.00043912659755152955
leaf_weight=9529.7642753496766 6552.1111866235733 20000.454999983311 13379.682648167014 33722.405832722783 21532.384552910924 3714.5478142946959 4974.326237142086 4618.3652841895819 1955.3334470540285 1031.9669319391251 852.53818611800671 6763.6267171502113 47440.19995470345 949.17308804392815 1941.9099266678095 1074.909892231226 9123.8949550390244 18241.649842455983 7063.2405441552401
leaf_count=74620 29113 141036 62446 181150 91107 16300 22154 20449 8703 4681 3775 30464 212929 4347 8200 4550 38460 77031 31789
internal_value=-1.1813e-05 0.00163726 -0.00162092 -0.00300549 -0.000703016 0.00106074 0.0014449 -0.000358646 -0.00257771 0.00174477 0.00680107 0.00158114 0.00130014 -0.000695453 -0.000259963 0.000168604 -0.00183903 -2.94277e-05 0.00090135
internal_weight=214462 105916 108547 43252.2 65294.4 85915.4 67614.8 18300.7 6619.05 61062.7 1884.51 59178.2 54203.8 4663.72 51914.7 40848.9 11065.8 39774 11681.6
internal_count=1063304 525740 537564 255770 281794 384704 303116 81588 29350 274003 8456 265547 243393 20647 219348 172688 46660 168138 52238
is_linear=0
shrinkage=0.0117215


Tree=189
num_leaves=20
num_cat=0
split_feature=81 84 84 25 1 70 1 119 65 79 45 95 95 40 1 112 33 79 88
split_gain=4073.84 1214.35 1104.62 1003.87 842.18 821.095 733.065 549.828 414.472 355.146 273.938 266.28 266.047 244.488 238.839 244.374 231.76 231.146 220.446
threshold=-1.0000000180025095e-35 1.0000000180025095e-35 1.0000000180025095e-35 -0.22045078873634336 -0.11030662059783934 -3.7261559963226314 -0.11030662059783934 0.32255949079990393 0.12674782425165179 -0.47486168146133417 0.29082354903221136 -1.2597648501396177 1.268088221549988 0.36794511973857885 0.093302484601736083 0.55536416172981273 0.70661899447441112 0.24869634211063388 0.99909561872482311
decision_type=2 2 2 10 10 2 8 10 10 2 10 8 10 10 10 8 10 2 2
left_child=2 6 5 12 10 -1 13 16 -6 -7 -4 -11 17 -2 -10 -16 -8 -3 -9
right_child=1 3 4 -5 8 9 7 18 14 11 -12 -13 -14 -15 15 -17 -18 -19 -20
leaf_value=-0.0052655881035477093 -0.00062074834146582704 0.0012040183040953549 -0.00347661796784734 0.0046243010642188229 0.0025436407590556081 -0.0034824658603862233 -0.00078404120353985996 -0.0073740505163530446 -0.0010671802006861891 0.0012803195005230631 0.00086200083229931717 -0.0017215916528545842 -0.00088075734129025422 0.0032693235186103758 0.00484887739886575 -5.0215148351092342e-05 0.0015404394174691684 0.0033097164512109673 -0.001940145200992517
leaf_weight=13313.15850225836 2776.6535523831844 21408.502864971757 11254.704174622893 22739.43305683136 11495.173958823085 14629.86304410547 22508.143073394895 2094.7252729386091 14263.283274129033 4741.2524529546499 2420.4755122065544 27621.212734378874 5475.2406202405691 10913.590346708894 2157.5692912042141 3900.3249629288912 7957.6056180074811 10777.638553366065 2032.647535905242
leaf_count=94948 12030 93041 51897 153232 50922 82149 95442 9119 62901 21561 10418 124471 24853 50487 9369 16801 39260 52256 8864
internal_value=-2.05483e-05 0.00157313 -0.0016577 0.00268057 -0.000278428 -0.00269765 0.000187129 -0.000721581 0.000767286 -0.00196789 -0.00270853 -0.00128119 0.00150484 0.00248063 -0.000239314 0.00170652 -0.000176178 0.001911 -0.00472385
internal_weight=214481 108684 105797 60400.8 45491.5 60305.5 48283.4 34593.1 31816.4 46992.3 13675.2 32362.5 37661.4 13690.2 20321.2 6057.89 30465.7 32186.1 4127.37
internal_count=1064021 538584 525437 323382 202308 323129 215202 152685 139993 228181 62315 146032 170150 62517 89071 26170 134702 145297 17983
is_linear=0
shrinkage=0.0117215


Tree=190
num_leaves=20
num_cat=0
split_feature=81 70 26 40 153 40 132 95 95 153 155 132 156 157 114 145 48 158 153
split_gain=4089.3 1110.94 1002.67 611.535 490.061 456.614 320.667 288.649 274.096 246.995 278.636 237.723 229.685 223.255 213.883 207.817 272.908 216.997 203.865
threshold=-1.0000000180025095e-35 3.4398208856582646 0.22134087979793551 0.61347186565399181 0.35416667163372045 0.39474938809871679 -1.4033093452453611 1.268088221549988 -1.2597648501396177 0.52777779102325451 3.9999917745590214 1.5404330492019656 0.26785714924335485 1.7853748798370364 -0.083334997296333299 1.1549636125564577 0.43619792163372045 9.5000000000000018 0.47222222387790685
decision_type=2 2 10 8 2 10 10 10 8 2 10 10 10 10 10 10 10 2 2
left_child=2 5 4 -3 -1 -2 14 13 12 15 -11 -12 -8 18 -4 16 -10 -17 -7
right_child=1 3 6 -5 -6 7 8 -9 9 10 11 -13 -14 -15 -16 17 -18 -19 -20
leaf_value=-0.0045706431880886056 -0.00082598731807905477 0.00038717634146718188 -0.0051795358332252604 0.0046014218362235397 -0.0018840891007350629 0.000711889947346738 0.0028675494974706272 -0.00064489515407619412 -0.0035107248080783202 0.00094359403844988365 -0.0030501926960526358 0.0015709683597741088 -0.001655629741445123 -0.0046147343052228545 -0.00043311023564187033 -0.0035746966833184613 -0.0010512282196393954 0.0030238664969837389 0.0022339854272255795
leaf_weight=18210.189094901085 16655.1428091079 6120.6718912571669 3610.866527274251 20881.249160140753 19216.979400970042 17885.894157350063 5256.0871472805738 8630.9824718758464 9185.7441436052322 15911.657282173634 5524.783362865448 2094.8395240753889 2161.2771665155888 747.81600998342037 2041.8198393434286 923.15866908431053 19062.34602458775 2463.3058247119188 37475.633961036801
leaf_count=122316 70986 27913 16752 141285 102600 77913 23089 40250 41309 68169 23671 9012 9597 3553 9422 4171 84055 10950 175784
internal_value=-1.13337e-05 0.00158803 -0.00165207 0.00364731 -0.00319326 0.000904039 -0.000805935 0.00134924 -0.000563757 -0.000848299 6.1175e-05 -0.0017788 0.00154853 0.00165613 -0.00347388 -0.00152436 -0.00185324 0.00121296 0.00174274
internal_weight=214060 108397 105663 27001.9 37427.2 81395.5 68235.9 64740.3 62583.2 55165.8 23531.3 7619.62 7417.36 56109.3 5652.69 31634.6 28248.1 3386.46 55361.5
internal_count=1062797 537684 525113 169198 224916 368486 300197 297500 274023 241337 100852 32683 32686 257250 26174 140485 125364 15121 253697
is_linear=0
shrinkage=0.0117215


Tree=191
num_leaves=20
num_cat=0
split_feature=81 84 84 26 18 32 33 0 85 156 111 130 85 111 130 110 123 65 110
split_gain=3823.94 1147.94 1135.65 1036 1035.36 397.279 339.563 337.57 283.903 246.893 357.262 346.227 235.126 232.2 399.928 232.582 240.582 224.833 224.833
threshold=-1.0000000180025095e-35 1.0000000180025095e-35 1.0000000180025095e-35 0.23958345502614978 -0.21675105392932889 -0.6819067895412444 0.68292018771171581 0.33739055693149572 0.22797717154026034 0.76388889551162731 -0.26022683084011072 -0.25443437695503229 -0.18215679377317426 -0.27551274001598353 -0.25443437695503229 -0.76286986470222462 7.5270657539367685 2.2425011396408085 1.3280764818191531
decision_type=2 2 2 10 10 10 10 10 2 10 10 10 2 8 10 10 10 10 10
left_child=1 3 6 -1 8 7 13 -3 -4 10 11 -7 -5 14 -2 -15 -17 -8 -11
right_child=2 5 4 12 -6 9 17 -9 -10 18 -12 -13 -14 15 -16 16 -18 -19 -20
leaf_value=-0.0045215600312748907 -0.003552364607512291 -0.0020884458329448268 0.0025500581000317472 -0.0005023997942294815 0.0047294454801883783 0.0036560364976568546 0.0021162714274313059 0.0053658717521619347 0.00055548857382908769 -2.4732144805376728e-05 0.001888819095080147 -0.003459330513123918 -0.0024135788564550627 0.00086435910132957893 0.0034718658144142407 -0.00084285676916637904 -0.003800980479438098 -0.0018028842451930063 -0.0050723337498733865
leaf_weight=24368.618088193238 1491.129012838006 15043.376655168831 18521.940009817481 19191.425485774875 20779.917883887887 1238.6029259711504 14143.482001408935 861.66488064825535 20839.226834088564 3977.4518163502216 18706.411345630884 3674.7550567388535 16405.812254175544 6859.3646271675825 4202.9515268355608 13881.983593672514 5176.7126549035311 2325.6230453103781 1720.9390884190798
leaf_count=162530 6300 74025 84008 87209 139442 5223 70170 3653 99257 16693 78872 15524 72518 28917 17735 58964 21777 10556 7243
internal_value=-6.04786e-06 -0.00159736 0.00154067 -0.00266041 0.00261397 -0.000187105 0.000197548 -0.00167735 0.00149501 0.000622041 0.00115035 -0.00165684 -0.00138421 -0.000513442 0.00162543 -0.00098438 -0.00165 0.00156108 -0.00156356
internal_weight=213411 105189 108222 59965.9 60141.1 45223.2 48081.2 15905 39361.2 29318.2 23619.8 4913.36 35597.2 31612.1 5694.08 25918.1 19058.7 16469.1 5698.39
internal_count=1060616 523490 537126 322257 322707 201233 214419 77678 183265 123555 99619 20747 159727 133693 24035 109658 80741 80726 23936
is_linear=0
shrinkage=0.0117215


Tree=192
num_leaves=20
num_cat=0
split_feature=82 82 26 18 40 87 46 88 124 33 126 99 156 125 40 18 126 149 46
split_gain=3498.4 1438.64 798.647 592.48 528.376 492.061 440.908 317.609 370.048 272.996 216.446 354.867 217.528 216.134 211.805 208.139 207.349 195.578 191.71
threshold=-0.26067870855331415 0.47848455607891088 0.258442372083664 -0.3714707344770431 0.2474508807063103 1.0000000180025095e-35 -0.13618278503417966 0.32838161289691931 -3.3694499731063838 0.051405161619186408 0.26195932924747473 -0.72246676683425892 0.68333333730697643 0.30517831444740301 0.57139754295349132 -0.10536694526672362 0.13613941520452502 -0.60516539216041554 -0.48190179467201227
decision_type=2 2 10 10 8 2 10 2 8 10 10 10 10 8 10 10 10 10 10
left_child=2 4 9 -3 18 7 10 8 16 -1 11 -7 -12 -10 -5 -16 -6 -4 -2
right_child=1 3 17 14 5 6 -8 -9 13 -11 12 -13 -14 -15 15 -17 -18 -19 -20
leaf_value=-0.0054267711181377135 -0.0028722186502909549 0.00096803888335788126 0.0007071390827916691 0.0010134317202311208 0.0023578244165595604 -0.0066620559059916967 0.0038084731910214904 0.0042275414071446986 -0.0011405068099334136 -0.0029141572467342876 -0.00050596150155394982 0.00040499526553163776 -0.0030499612265177571 0.001391339638571795 0.0031090865163838871 0.0052095991705043828 -0.0040382195296220771 -0.0014391084883956654 0.0032937418970358221
leaf_weight=8046.0896045267582 8792.1399609297514 16925.468190714717 7260.035651922226 3542.4389219433069 19751.000517904758 998.9277738109231 3213.4102706089616 4787.5409512966871 11570.282462663949 23191.760358415544 10628.426349386573 21688.71500543505 8158.1536537110806 7692.2639090418816 14337.874484263361 12083.217138566077 701.30336355417967 29413.263077363372 732.7321734726429
leaf_count=64538 45345 76643 32174 15332 86137 4360 19071 22243 51183 129794 45755 95079 34878 33639 83247 85262 3074 130620 3277
internal_value=8.29997e-06 0.00103296 -0.00218821 0.00272297 0.000229765 0.000510196 -0.000358577 0.00138232 0.00103706 -0.0035649 -0.000683394 8.73269e-05 -0.00161311 -0.000128986 0.00371275 0.00407346 0.00213416 -0.00101405 -0.00239101
internal_weight=213515 145604 67911.1 46889 98714.9 89190 44687.6 44502.4 39714.9 31237.8 41474.2 22687.6 18786.6 19262.5 29963.5 26421.1 20452.3 36673.3 9524.87
internal_count=1061651 704525 357126 260484 444041 395419 199143 196276 174033 194332 180072 99439 80633 84822 183841 168509 89211 162794 48622
is_linear=0
shrinkage=0.0117215


Tree=193
num_leaves=20
num_cat=0
split_feature=81 24 26 39 141 39 143 119 18 126 120 156 126 113 133 39 107 99 126
split_gain=3724.39 1006.58 926.231 795.369 360.309 307.325 297.281 281.249 270.331 268.657 260.366 243.744 237.113 264.219 231.463 227.799 327.105 221.387 249.485
threshold=-1.0000000180025095e-35 0.34792859852314001 0.21369200944900515 -0.62334674596786488 1.0000000180025095e-35 -0.044289421290159219 -0.18805355578660962 0.34703500568866735 -0.50031578540801991 -0.27105410397052759 -1.4490586519241331 0.68333333730697643 0.4062934815883637 0.71725258231163036 1.1202167272567751 -0.34091098606586451 0.12630127370357516 0.44035114347934728 0.22344020754098895
decision_type=2 10 10 10 2 8 10 10 10 10 8 10 10 8 10 10 10 10 8
left_child=2 4 3 9 7 -3 -4 17 -6 -1 -8 -10 -13 -14 -9 16 -12 18 -2
right_child=1 5 6 -5 8 -7 10 14 11 -11 15 12 13 -15 -16 -17 -18 -19 -20
leaf_value=-0.002085575719398252 0.00051406233071724257 0.0027364048122733753 -0.0028899262682462496 -0.000240683606671759 0.00052596229766702443 0.0056366025448699418 0.0018000417921730707 -0.0043878620844272553 0.0030400841599435213 -0.0048440633509796325 -0.00057564896754804201 0.0020699923350570213 -0.0069296010787843944 0.001322353407013793 0.0024011062400289243 0.00093842932850417022 -0.002973539670733437 0.0037875603459771407 -0.0025044771286600771
leaf_weight=6496.9455630555749 25185.982334449887 22063.234143584967 8129.9214684963226 9732.0035898387432 19480.395335569978 6527.1668494641781 6035.3500037789345 3180.0717091560364 18405.651579864323 19758.927920371294 36290.77386932075 3670.9805741012096 1051.9085530787706 1044.9738765656948 863.1621767282486 9056.9209562242031 9944.5362646281719 2345.8667506426573 4398.6045281291008
leaf_count=44092 109061 130027 37914 43845 83271 54353 26552 13791 87419 130832 160268 17270 4860 4923 3719 39352 42529 10044 19258
internal_value=-1.06162e-05 0.00151683 -0.00157821 -0.00310383 0.000838952 0.00340256 -0.000786967 -2.97112e-05 0.00155442 -0.00416393 -0.000507196 0.00238191 0.000277853 -0.0028479 -0.00293308 -0.000759691 -0.00109264 0.000339801 6.36531e-05
internal_weight=213663 108218 105445 35987.9 79627.6 28590.4 69457.5 35973.7 43653.9 26255.9 61327.6 24173.5 5767.86 2096.88 4043.23 55292.2 46235.3 31930.5 29584.6
internal_count=1063380 537996 525384 218769 353616 184380 306615 155873 197743 174924 268701 114472 27053 9783 17510 242149 202797 138363 128319
is_linear=0
shrinkage=0.0117215


Tree=194
num_leaves=20
num_cat=0
split_feature=82 32 24 40 82 40 85 30 141 85 156 32 118 130 145 113 124 45 130
split_gain=3530.03 1196.56 847.013 528.294 379.802 309.619 351.166 291.338 286.957 283.93 278.145 270.867 260.702 268.799 239.403 248.59 325.799 244.589 226.899
threshold=-0.058646237477660172 -0.19728624820709226 -0.3817425668239593 0.68388816714286815 0.52250388264656078 0.28272178769111639 -0.017994570545852181 0.074804194271564498 1.0000000180025095e-35 -0.11776984855532645 0.68333333730697643 -0.92621198296546925 -0.077016349881887422 0.013609077781438829 -1.0458977818489072 -0.85808849334716786 -2.5493625402450557 0.267197996377945 0.58902180194854747
decision_type=2 10 10 10 2 8 2 10 2 2 10 10 10 10 8 8 10 10 10
left_child=2 4 11 -3 5 -2 -7 -6 9 12 14 -1 13 -4 -10 16 -16 -17 -14
right_child=1 3 8 -5 7 6 -8 -9 10 -11 -12 -13 18 -15 15 17 -18 -19 -20
leaf_value=-0.0046098582322139214 -0.0019865150527434289 0.00031200431486628892 -0.0038584501833149442 0.0041327381117717389 0.0038071037894966027 0.0015107114800172929 -0.0003544283363512813 0.0010290069209490248 -0.0032076247441508192 -0.0027821085159174912 -0.0022230858212273774 -0.001959560755007638 0.00092109224165512688 -0.00071776247683823908 0.0063282215467371367 -0.00035148236076235154 -0.0027765173735986217 0.0034364449099464189 -0.0062077165836073667
leaf_weight=14887.528595507145 8073.438860617578 6289.5493113622069 5771.4979330599308 23788.566763907671 7413.4528738111258 24711.34681238234 31557.688998296857 17232.186202645302 2013.6636151820421 18137.614629521966 6356.0477674752474 8302.7223343625665 10393.22927056998 10619.666403636336 2218.9800454303622 11637.324186488986 696.34340857714415 2907.8807677403092 628.67160215973854
leaf_count=110622 38863 30672 26841 163225 35542 104999 134860 78815 8791 81259 28111 43973 47837 48954 9785 51777 3136 12921 2868
internal_value=-2.82798e-05 0.00131444 -0.00171868 0.00333465 0.000630906 0.000156752 0.00046496 0.00186747 -0.00108573 -0.00164515 -9.86249e-05 -0.0036639 -0.000891172 -0.00182753 0.000596589 0.001039 0.00414873 0.000410081 0.000502251
internal_weight=213637 119066 94571.2 30078.1 88988.1 64342.5 56269 24645.6 71380.9 45550.7 25830.2 23190.3 27413.1 16391.2 19474.2 17460.5 2915.32 14545.2 11021.9
internal_count=1063851 586976 476875 193897 393079 278722 239859 114357 322280 207759 114521 154595 126500 75795 86410 77619 12921 64698 50705
is_linear=0
shrinkage=0.0117215


Tree=195
num_leaves=20
num_cat=0
split_feature=71 84 32 24 1 101 71 84 40 1 110 147 132 145 147 1 114 86 101
split_gain=3058.49 1362.49 1102.13 871.427 650.882 397.236 397.212 349.148 329.61 302.041 373.744 415.306 325.414 302.847 293.827 287.619 278.603 273.682 272.979
threshold=-1.4034401774406431 -1.0000000180025095e-35 -0.6819067895412444 0.39473734796047216 -0.089602276682853685 -0.93240553140640248 -2.6719005107879634 -1.0000000180025095e-35 0.41775727272033697 -0.14427779614925382 0.92310860753059398 -0.73132500052452076 -1.319922864437103 0.96826002001762401 0.12254879251122476 0.10415753349661828 -1.2355794906616209 5.3008110523223886 -1.2134028077125547
decision_type=2 2 10 10 10 8 2 2 10 10 10 10 8 8 10 10 10 2 8
left_child=2 4 6 9 8 16 -1 15 -2 13 11 12 -11 14 -3 -4 -6 -16 -13
right_child=1 3 7 -5 5 -7 -8 -9 -10 10 -12 18 -14 -15 17 -17 -18 -19 -20
leaf_value=-0.0041206208774610155 -0.00012286426979797295 0.00075175354347400926 -0.00079623661020474911 0.0047336838537949538 -0.0017569922137924679 -0.0020122905250275153 -0.0019693409456076837 0.00056926577527527768 0.0027305069680286565 -0.0060010124419597284 -7.9606813847047324e-06 0.0075123946793833095 0.0014001445795087579 0.0033190730361641642 -0.0010517050572110343 -0.0050954679541467618 0.0017856228525410004 -0.0073747414023090556 0.0031580471443763882
leaf_weight=19944.21990852803 10170.029830448329 5075.4655607938766 8322.6500788480043 15529.88409383595 4714.5062177926302 23455.338824361563 29022.775915130973 26116.52348293364 12248.305618606508 865.86019380390644 9352.5029048770666 2211.0494334995747 9969.0617918819189 2737.665873683989 2446.04592654109 2859.2545290961862 8542.6989592537284 1514.386094391346 18538.31532240659
leaf_count=131038 43694 23403 37210 112872 20407 103604 152922 109366 57182 3813 44737 10131 46172 12682 11552 13033 37033 6798 87293
internal_value=1.27099e-05 0.00116684 -0.00169121 0.00229504 -0.000135564 -0.00109633 -0.0028471 -0.000172894 0.0014373 0.00157478 0.00205038 0.00265944 0.000797094 -7.96904e-05 -0.00111532 -0.00190387 0.000524932 -0.00349846 0.00362994
internal_weight=213637 127371 86265.4 68240.2 59130.9 36712.5 48967 37298.4 22418.3 52710.4 40936.8 31584.3 10834.9 11773.6 9035.9 11181.9 13257.2 3960.43 20749.4
internal_count=1064942 621373 443569 359453 261920 161044 283960 159609 100876 246581 192146 147409 49985 54435 41753 50243 57440 18350 97424
is_linear=0
shrinkage=0.0117215


Tree=196
num_leaves=20
num_cat=0
split_feature=31 40 87 147 125 25 40 147 117 147 147 1 156 146 156 1 153 138 125
split_gain=3103.53 1370.04 843.2 575.967 788.206 571.637 809.126 554.955 528.827 494.053 479.759 456.724 401.294 387.809 382.827 375.481 366.564 342.48 342.328
threshold=0.20000479370355609 0.15717274695634845 -1.0000000180025095e-35 0.64364719390869152 0.29808332026004797 -0.20915916562080381 0.68388816714286815 -0.63601300120353688 0.36237709224224096 1.0000000180025095e-35 0.028860430233180526 0.41610908508300787 0.72499999403953563 -1.0000000180025095e-35 0.38750000298023229 0.39558118581771856 0.81666666269302379 2.4482644796371464 0.22741212695837024
decision_type=10 8 2 10 10 8 8 8 8 10 8 10 10 10 8 10 2 10 8
left_child=1 -1 3 9 12 -2 -7 18 -6 13 11 -9 14 17 -5 -11 -15 -3 -4
right_child=5 2 7 4 8 6 -8 10 -10 15 -12 -13 -14 16 -16 -17 -18 -19 -20
leaf_value=-0.0036498021393242645 0.0011268099374970055 0.0019301734014190086 -0.0010754426443239855 -0.0013841401789108641 0.010034106910009829 7.7501329843776508e-05 0.0045529932484087744 0.0006383168491217949 0.0029499923389736233 -0.0016029063059948346 -0.001488627537716953 0.010438593050604119 -0.0046339864084094951 -0.0018447779349858699 0.0039767688176803404 -0.010007386441920462 0.0039439109062923755 -0.001826348500979371 -0.004730741356625533
leaf_weight=21523.756436675787 31391.261298730969 21960.893702469766 5593.4961059615016 3396.8597979918122 2352.419103294611 7459.9521600902081 21665.14643765986 11519.898338519037 3783.3676806911826 12306.50077277422 36474.557988405228 669.658717058599 1813.4415961652994 11617.064116455615 3921.9100833833218 754.71325986087322 1703.6562506854534 3911.6651046648622 9551.6480438932776
leaf_count=144533 146562 96274 25258 14993 10359 35963 152588 51551 16935 54450 163391 2961 8035 51441 17274 3371 7419 17390 43536
internal_value=-2.07983e-05 -0.000910288 -0.000460746 0.000452226 0.00245312 0.00222541 0.00340764 -0.00142666 0.00569365 -0.000133238 -0.000816027 0.00119558 0.000266924 0.000524873 0.00149211 -0.00210548 -0.00109884 0.00136109 -0.00338447
internal_weight=213372 152856 131332 67522.5 15268 60516.4 29125.1 63809.3 6135.79 52254.5 48664.1 12189.6 9132.21 39193.3 7318.77 13061.2 13320.7 25872.6 15145.1
internal_count=1064284 729171 584638 297941 67596 335113 188551 286697 27294 230345 217903 54512 40302 172524 32267 57821 58860 113664 68794
is_linear=0
shrinkage=0.0117215


Tree=197
num_leaves=20
num_cat=0
split_feature=81 70 70 40 39 40 145 126 88 126 147 126 142 145 156 142 26 117 147
split_gain=3481.47 993.514 850.478 581.164 512.124 377.996 310.077 322.03 308.522 305.84 315.036 489.322 347.042 320.033 347.852 282.25 265.488 261.751 238.277
threshold=-1.0000000180025095e-35 3.4398208856582646 -3.2997984886169429 0.62896993756294262 -0.65563878417015065 0.38101932406425482 1.4807413816452029 -0.16607327014207837 -0.29302227497100825 0.7676236927509309 0.64364719390869152 0.41247783601284033 1.1317556500434878 1.4481876492500307 0.78888890147209179 -2.3381291627883907 0.073369599878788008 -0.15481068938970563 0.56416878104209911
decision_type=2 2 2 8 10 10 8 10 2 10 8 8 2 10 10 2 10 8 8
left_child=2 5 4 -3 16 -2 7 15 -9 10 11 17 -13 14 -12 -4 -1 -7 -8
right_child=1 3 6 -5 -6 9 18 8 -10 -11 13 12 -14 -15 -16 -17 -18 -19 -20
leaf_value=-0.0053113286159286698 -0.00081906354820963283 0.00043341637171301654 -0.0041161961371392252 0.0044278746809908349 -0.00083038145544623806 0.0002202205409196651 -0.0021771427215376178 -0.0035069687542582757 -0.0010704166092716757 -0.0045708112278371096 0.0026878621271050466 -0.0039297245067176504 0.0029510165954858211 0.0053824550292598554 -0.0010420694914591189 0.00056060072008367375 -0.002848746278210532 0.0022138253625265118 0.0033403826179011797
leaf_weight=10742.330340139568 15392.079782351851 6664.315185636282 1920.4006418660283 20134.101641722023 10476.988216221333 17786.757327668369 1440.3236698657274 9088.6406548991799 33185.07805057615 1207.7021366208792 14082.994297288358 4550.4953584522009 1272.9357257261872 4134.8129304945469 4527.1373957395554 20168.88058616221 13914.595380358398 18407.076497346163 4070.0210796371102
leaf_count=82747 65913 30800 9219 139038 48846 81965 6255 41508 145938 5530 64880 20501 6346 19350 20691 89604 82939 84110 17649
internal_value=3.42169e-06 0.00147924 -0.00151671 0.00343576 -0.00300378 0.000834022 -0.000768221 -0.00099684 -0.0015959 0.00121987 0.00132946 0.000727279 -0.00241991 0.00244001 0.00178034 0.000150104 -0.00392562 0.00123488 0.00189509
internal_weight=213168 108160 105007 26798.4 35133.9 81362 69873.3 64363 42273.7 65969.9 64762.2 42017.3 5823.43 22744.9 18610.1 22089.3 24656.9 36193.8 5510.34
internal_count=1063829 539124 524705 169838 214532 369286 310173 286269 187446 303373 297843 192922 26847 104921 85571 98823 165686 166075 23904
is_linear=0
shrinkage=0.0117215


Tree=198
num_leaves=20
num_cat=0
split_feature=33 39 39 126 26 126 116 147 116 147 147 33 126 156 0 1 1 126 156
split_gain=3000.98 1202.71 996.225 608.505 537.54 361.441 369.781 346.973 345.956 499.732 423.818 314.218 287.466 312.95 406.562 283.704 282.698 257.412 256.309
threshold=0.34869161248207098 -0.15967959910631177 -0.60245615243911732 0.43739141523838049 0.24703513085842135 -0.32094931602478022 -5.3588917255401602 0.68651181459426891 -11.54294443130493 -0.64743071794509877 -0.88911542296409596 0.70661899447441112 0.7676236927509309 0.68333333730697643 0.052856521680951125 -0.03289691545069217 0.022903163917362693 0.25378090143203741 0.57777780294418346
decision_type=8 10 10 10 10 8 10 8 8 8 10 10 10 8 10 10 10 10 10
left_child=2 3 4 5 -1 6 -2 16 18 10 -10 -11 13 -9 -15 -8 -5 -4 -7
right_child=1 -3 17 7 -6 8 15 12 9 11 -12 -13 -14 14 -16 -17 -18 -19 -20
leaf_value=-0.0039387457742494766 0.00052057935324565643 0.00349576341606996 0.0014143058509735787 -0.0016145641537039501 -0.0014820860434855839 0.0043443034549589202 0.0018273237992503372 0.0032939984910348333 -0.00032377277316623514 8.5503196422209563e-05 -0.0043048542381028884 0.0017872273268208572 -0.0042224598940132493 -0.0053016541451089859 0.0023298636220868006 0.0056350301244013704 -0.0059890352332640298 -0.0017810540307720618 -0.0016501979534341378
leaf_weight=28481.516806647182 9051.0978913530707 21590.010691665113 11425.76976403594 6139.2372610419989 21518.36537912488 4997.7720769718289 5416.458901360631 4103.1942816078663 14822.146623931825 33712.541330114007 4863.5456878021359 26707.127294570208 1701.3614901080728 1832.6098197773099 1964.8132086768746 5380.2925087362528 3028.8451432734728 4944.0245211720467 1204.4617459252477
leaf_count=188132 40590 145701 49033 26967 100799 22198 24369 18204 66147 142349 21594 127616 7504 8107 8691 24794 13416 21403 5418
internal_value=6.0554e-06 0.00094271 -0.00206128 0.000500914 -0.00288266 0.000844939 0.0022703 -0.00144338 0.000516631 0.00030968 -0.00131126 0.00083811 0.000114603 0.00105823 -0.00136292 0.00373284 -0.00307126 0.000448081 0.00317837
internal_weight=212885 146516 66369.7 124926 49999.9 106155 19847.8 18770.1 86307.6 80105.4 19685.7 60419.7 9601.98 7900.62 3797.42 10796.8 9168.08 16369.8 6202.23
internal_count=1063032 703665 359367 557964 288931 475075 89753 82889 385322 357706 87741 269965 42506 35002 16798 49163 40383 70436 27616
is_linear=0
shrinkage=0.0117215


Tree=199
num_leaves=20
num_cat=0
split_feature=82 82 25 47 156 31 147 147 156 147 147 109 41 32 133 147 119 92 135
split_gain=3132.68 1294.67 681.599 435.012 443.414 385.335 381.365 568.324 505.013 362.297 355.068 323.97 275.974 275.125 273.384 515.629 401.214 295.58 267.994
threshold=0.26356239616870886 -0.4799294769763946 -0.28666833043098444 0.14907205104827884 0.78888890147209179 -0.45585973560810084 0.65712237358093273 0.14598709344863894 0.64583334326744091 1.2390580177307131 1.9569672942161562 1.0000000180025095e-35 0.64843750000000011 -0.050752062350511544 1.0070268511772158 0.80286896228790294 0.31819154322147375 0.019270036369562153 -4.2194344997405997
decision_type=2 2 10 8 10 10 10 10 10 10 10 8 10 10 10 10 10 10 10
left_child=1 5 -2 -3 6 -1 7 8 -5 11 -11 -8 -7 -4 16 17 -6 -16 -9
right_child=2 3 13 4 14 12 9 18 -10 10 -12 -13 -14 -15 15 -17 -18 -19 -20
leaf_value=-0.0049360166755525476 0.00091230169406658114 -0.0037348502107767854 0.0026840442922494738 0.00014059963918671648 -0.00096556460038901425 -0.0031577713017695371 0.0059905906992780977 0.0016014860856667429 0.0055005513833440225 -0.0012399251068948851 0.0039789495551562784 0.0014414426658004612 -0.0011668086459335071 0.005191278630798107 0.0015259518955116969 0.0039822824104669956 -0.0056195883075691759 -0.006535731986574248 -0.0033654283150523524
leaf_weight=7875.0173998251557 33565.330722555518 4547.5236239284277 25953.889254428446 47934.171819746494 6061.6925509274006 17839.104302376509 3994.7499926313758 1772.5948506742716 2520.1287762895226 6519.0048635005951 2443.128335505724 4671.1576005592942 20689.639330737293 7868.3127551972866 1021.6183407753706 2639.2468788027763 4378.5625468567014 1556.2017936259508 9031.185167260468
leaf_count=65714 147988 26385 144539 212614 27056 91389 17734 7844 11252 29135 10706 20922 102966 64357 4549 11680 19567 6938 40506
internal_value=7.71074e-06 -0.000959968 0.00209661 -0.000203131 -3.23782e-05 -0.00257521 0.000325382 -0.000111994 0.000410735 0.00184342 0.000189392 0.00354891 -0.00208999 0.00327049 -0.00183269 0.000357674 -0.00292559 -0.00335573 -0.00254881
internal_weight=212882 145495 67387.5 99091 94543.4 46403.8 78886.1 61258.1 50454.3 17628 8962.13 8665.91 38528.7 33822.2 15657.3 5217.07 10440.3 2577.82 10803.8
internal_count=1063841 706957 356884 446888 420503 260069 350713 272216 223866 78497 39841 38656 194355 208896 69790 23167 46623 11487 48350
is_linear=0
shrinkage=0.0117215


Tree=200
num_leaves=20
num_cat=0
split_feature=81 84 84 1 78 1 79 119 65 118 45 113 24 133 145 118 95 95 118
split_gain=3240.38 1056.3 984.189 795.898 718.1 701.08 653.268 520.913 405.57 378.893 315.992 284.208 276.707 275.801 272.819 249.465 248.903 243.799 240.24
threshold=-1.0000000180025095e-35 1.0000000180025095e-35 1.0000000180025095e-35 -0.11030662059783934 1.0000000180025095e-35 -0.10261648893356322 -0.49928846955299372 0.32255949079990393 0.1882496848702431 0.73972281813621532 0.29082354903221136 0.67914816737174999 0.45124229788780218 1.1034999489784243 -1.0260554552078245 0.31647245585918432 1.268088221549988 -1.2597648501396177 -0.51881980895996083
decision_type=2 2 2 10 2 8 2 10 10 10 10 10 10 10 10 8 10 8 8
left_child=2 5 6 10 16 14 -1 -7 9 11 18 -5 -6 -9 -2 -15 -3 -8 -4
right_child=1 4 3 8 12 7 17 13 -10 -11 -12 -13 -14 15 -16 -17 -18 -19 -20
leaf_value=-0.0039622803888306303 -0.0012643426090827147 0.0014857963079806607 0.0019153301651673614 0.0024887103755361377 0.0029775311710442268 -0.00025993418931438873 0.00085092432863693047 -0.0069314466920517379 -0.00017364052151784572 -0.0050975228353187345 0.0013168212132150298 0.0086938133760277921 0.0054351020998964876 -0.0051872249037851325 0.0030153688527193088 0.0047211308185024529 -0.001745279475784193 -0.0018620146090490488 -0.0039084685971342379
leaf_weight=23852.771431706846 2453.1297402456403 22457.918253205717 1061.7571432068944 9912.4149419814348 24786.997360736132 29604.828853718936 5335.5319119244814 2654.3093731850386 19965.714825764298 805.38267859816551 2399.7676118463278 1113.514598660171 8501.7080264911056 702.76491156965494 11989.175945810974 649.37153578549623 3814.2694739922881 30470.992488674819 10198.772800840437
leaf_count=154846 10910 100394 4917 43919 136177 131241 25515 11594 87707 3624 10359 5014 68543 3047 55250 2833 17271 143318 47266
internal_value=-6.77306e-06 0.00142285 -0.00147036 -0.00017081 0.00246563 0.000129783 -0.00246009 -0.000798327 0.000845847 0.00256323 -0.00253469 0.00313236 0.00360854 -0.00475219 0.00228756 -0.000429312 0.00101557 -0.00145747 -0.00335652
internal_weight=212731 107614 105117 45457.3 59560.9 48053.6 59659.3 33611.3 31797 11831.3 13660.3 11025.9 33288.7 4006.45 14442.3 1352.14 26272.2 35806.5 11260.5
internal_count=1063745 537260 526485 202806 322385 214875 323679 148715 140264 52557 62542 48933 204720 17474 66160 5880 117665 168833 52183
is_linear=0
shrinkage=0.0117215


Tree=201
num_leaves=20
num_cat=0
split_feature=81 79 79 153 153 156 26 142 116 133 1 47 91 89 119 99 10 133 95
split_gain=3365.08 977.942 947.265 552.746 444.114 366.392 353.501 313.279 304.839 301.159 284.406 343.973 287.466 244.514 250.026 344.255 240.626 232.506 242.515
threshold=1.0000000180025095e-35 -1.6207457184791563 1.5874905586242678 0.52777779102325451 0.47222222387790685 0.76388889551162731 0.26580740511417394 2.5193175077438359 -10.99844455718994 -1.9655137062072752 -0.17567051202058789 1.0479944944381716 0.26788192987442022 7.5291378498077401 0.28882959485054022 0.43213687837123876 0.23913374543190005 1.1202167272567751 -1.2794522047042844
decision_type=2 2 2 2 2 10 8 2 8 10 8 10 8 2 10 10 10 8 8
left_child=1 -1 4 6 8 9 -3 -7 -2 -6 12 -12 -5 14 15 -10 -11 18 -8
right_child=2 3 -4 10 5 7 17 -9 13 16 11 -13 -14 -15 -16 -17 -18 -19 -20
leaf_value=-0.0042564045769138787 0.0034848074805460499 -0.0029726071875148651 0.0042051873435492932 -0.0012505867691940617 -0.005204672991435187 -0.00104384953866273 0.0011832404195212748 0.0061916563848582367 -0.00036697772563789297 0.0017268940839775852 0.0014199494755661704 -0.0012258076586241355 -0.0090206962854055637 0.0065407202877549725 -0.0027962911545259032 0.0047402438288944044 0.0036451021605037642 0.001783444745357425 -0.0017486587245059526
leaf_weight=14718.822603397071 3179.5245849713683 20196.856050975621 15171.283426046371 4748.3859119638801 727.62000581622124 8693.7147045582533 4472.5718212276697 884.58355418592691 25023.029630452394 30637.477238684893 20804.229469530284 9968.5795492678881 737.64344725012779 678.67976728826761 5212.9869136586785 1931.593049697578 12752.784960441291 3594.2261776775122 28362.258083939552
leaf_count=98929 14146 118797 101500 21373 3338 42033 19613 4830 110991 139610 92854 43373 3309 3008 23318 8309 74531 15707 123999
internal_value=4.6463e-06 -0.00145155 0.00149846 -0.00100613 0.0010398 0.00171505 -0.00172945 -0.00036224 3.28842e-05 0.002166 0.000123877 0.000562601 -0.00232904 -0.000303493 -0.000452519 2.78452e-06 0.00229232 -0.00103876 -0.00134874
internal_weight=212497 107604 104893 92884.8 89722 53696.2 56625.9 9578.3 36025.8 44117.9 36258.8 30772.8 5486.03 32846.3 32167.6 26954.6 43390.3 36429.1 32834.8
internal_count=1063568 537954 525614 439025 424114 264342 278116 46863 159772 217479 160909 136227 24682 145626 142618 119300 214141 159319 143612
is_linear=0
shrinkage=0.0117215


Tree=202
num_leaves=20
num_cat=0
split_feature=81 71 32 32 132 153 126 95 65 145 85 11 95 88 120 153 116 88 157
split_gain=3108.84 885.881 805.888 463.679 417.072 335.764 326.876 314.468 305.68 278.172 272.72 271.598 256.002 256.383 250.873 250.613 226.888 226.465 226.307
threshold=1.0000000180025095e-35 -2.3188937902450557 -0.14488481730222699 -0.78250625729560841 -1.4033093452453611 0.47222222387790685 -0.30967721343040461 1.268088221549988 0.50123143196105968 1.5476677417755129 -0.08714836090803145 -0.52917292714118946 -1.2597648501396177 -0.28531746566295618 -1.0595528483390806 0.41428571939468389 -4.8514304161071768 0.24303063750267032 -0.42772936820983881
decision_type=2 2 10 10 8 2 10 10 10 8 2 10 8 2 10 2 8 2 8
left_child=1 3 5 -1 16 8 -6 11 17 12 -9 -7 -8 -14 -10 -5 -3 18 -2
right_child=2 4 -4 15 6 7 9 10 14 -11 -12 -13 13 -15 -16 -17 -18 -19 -20
leaf_value=-0.0039172226471759887 0.0012357111596979634 -0.0069951259170426792 0.0034563294788738617 -0.0035835982801742713 0.0014288065091648361 0.00083284827104962965 0.0017713175827845677 0.0043157696086496165 0.001734324722896443 0.0020108878047512321 -0.0019005917654809576 0.0027321519571071257 -0.0028233120102612338 -0.000753484585266965 -0.0030042457287484119 -0.00030895618851071332 -0.0020274246727005809 0.0030789474787763431 -0.0011576354779418122
leaf_weight=22664.812585957348 12068.998962029815 1846.6392777711153 21276.964071534574 4540.1659647971392 11560.014446526766 18371.544924706221 4126.2389937117696 1150.5256803333759 1985.3294845372438 4562.1022969409823 5565.1844003051519 23735.525614738464 10986.362015649676 32590.882824026048 6555.6793079525232 10852.024941876531 3989.2758192643523 4365.7230832576752 9826.7493520081043
leaf_count=155069 52357 8925 149735 22994 51543 80921 18538 5050 8654 20054 26004 112352 50433 144512 28617 47523 19167 19399 42652
internal_value=-1.53785e-05 -0.00141394 0.00142072 -0.00285155 -0.00062786 0.00090198 -0.000352972 0.00152883 2.21702e-05 -0.000747523 -0.000824386 0.00190439 -0.00101217 -0.00127654 -0.00190106 -0.00127882 -0.00362088 0.000648791 0.000161495
internal_weight=212621 107719 104902 38057 69661.5 83625.3 63825.6 48822.8 34802.5 52265.6 6715.71 42107.1 47703.5 43577.2 8541.01 15392.2 5835.92 26261.5 21895.7
internal_count=1064499 538758 525741 225586 313172 376006 285080 224327 151679 233537 31054 193273 213483 194945 37271 70517 28092 114408 95009
is_linear=0
shrinkage=0.0117215


Tree=203
num_leaves=20
num_cat=0
split_feature=81 79 79 39 33 126 122 156 145 33 39 141 126 145 126 97 145 141 68
split_gain=3062.69 952.41 934.857 461.702 435.662 351.025 319.551 334.035 318.345 313.253 297.389 293.724 275.748 258.712 212.154 238.081 211.98 231.611 201.713
threshold=-1.0000000180025095e-35 1.637990474700928 -1.5695689320564268 -0.11308832466602324 0.2203960865736008 0.41247783601284033 0.13204329460859301 0.68333333730697643 -1.537463843822479 0.69470790028572094 -0.68984422087669361 1.0000000180025095e-35 -0.15752502530813214 1.5139355063438418 0.47731012105941778 -0.36545619368553156 0.9530811905860902 -1.0000000180025095e-35 -36.741247177124016
decision_type=2 2 2 10 10 8 8 10 10 10 10 2 10 8 10 8 10 2 8
left_child=2 3 -1 5 10 8 7 11 -2 -9 -4 -7 -6 14 15 -14 17 -8 -10
right_child=1 -3 4 -5 12 6 16 9 18 -11 -12 -13 13 -15 -16 -17 -18 -19 -20
leaf_value=-0.0040938153815036123 -0.0014810269188210755 0.0041924333933687488 -0.0032129165149312627 0.0036439015031376545 0.0006664329333881271 -0.0056898038878235458 -0.0043613150483314536 -0.010200031334169217 0.0037215286045371998 -0.0024680811247231216 -0.00034390470708024079 0.0016240227508878759 -0.0021474398617029465 0.0014524613008914185 -0.0034213394747550181 -0.00017203033601477264 0.0028552690796496017 0.0010752688465062682 0.0011158548658082008
leaf_weight=15293.042989708483 6211.1922794207931 14475.05403047055 16197.566230110824 8035.963792450726 20238.460418134928 1032.6958654820919 1726.8227940127254 1238.7724217176437 4363.0210684910417 1723.6920505464077 7161.6622254699469 2619.802685007453 13871.214679762721 5311.4759636074305 5539.3073315769434 21142.212258145213 3371.4363366961479 2780.1371671333909 60009.096454128623
leaf_count=102657 27679 97814 102780 57570 87186 4511 7614 5237 20016 7843 34058 11833 60393 23047 24275 91091 15058 12441 270931
internal_value=8.73141e-06 0.00139765 -0.00141774 0.000962238 -0.000959329 0.000708012 -0.00095242 -0.00284721 0.00104916 -0.00575556 -0.00233453 -0.000466801 -0.000472713 -0.000975465 -0.00129412 -0.000955532 0.000642207 -0.00101944 0.00129374
internal_weight=212343 107588 104755 93112.6 89461.9 85076.7 14493.4 6614.96 70583.3 2962.46 23359.2 3652.5 66102.7 45864.2 40552.7 35013.4 7878.4 4506.96 64372.1
internal_count=1064034 538547 525487 440733 422830 383163 64537 29424 318626 13080 136838 16344 285992 198806 175759 151484 35113 20055 290947
is_linear=0
shrinkage=0.0117215


Tree=204
num_leaves=20
num_cat=0
split_feature=79 84 79 84 1 143 1 1 38 46 110 92 132 121 38 88 119 118 26
split_gain=2620.03 1423.64 987.842 812.934 721.592 473.212 428.818 416.494 408.298 388.399 383.313 320.413 297.875 281.116 286.414 279.152 385.595 268.274 231.408
threshold=-0.47486168146133417 1.0000000180025095e-35 0.4822350293397904 1.0000000180025095e-35 -0.091004081070423112 -0.17796928435564038 -0.11335531249642371 -0.089602276682853685 0.29158116877079016 -1.0280349254608152 0.84741812944412243 -0.02240482252091169 1.665229916572571 1.2278224229812624 -0.28672622144222254 -0.32641008496284479 0.32255949079990393 -0.090536721050739274 0.060177106410264976
decision_type=2 2 2 2 10 8 10 10 10 10 10 8 10 10 10 2 10 10 10
left_child=3 4 6 18 5 17 8 -5 11 -6 -8 -3 15 14 -7 -11 -17 -2 -1
right_child=1 2 -4 7 9 13 10 -9 -10 12 -12 -13 -14 -15 -16 16 -18 -19 -20
leaf_value=-0.0054487593772825022 -0.0051796135684115015 0.0016310224355412083 0.0036635038807103222 -0.0028429177443013176 0.00010061305803567133 9.0938909945238776e-06 0.002286816146966126 0.00040234717153810593 0.0020987478348352801 -0.0043448812164242354 -0.00044876372160852746 -0.0029850694928974689 0.0046757182136391851 -0.0027006889081945987 0.002893453397983282 -0.00085838406362743309 -0.0044780099386556756 0.00087035220599915384 -0.0030224733638911329
leaf_weight=7534.0605207085609 2322.2379878759384 2691.3081162944436 26939.888919889927 8335.0110017135739 19345.266423337162 6642.0850936621428 28261.50064919889 15513.62886056304 5071.6572904512286 6535.8283159509301 9359.4919157400727 8692.3910404741764 870.39938168227673 1817.6445312649012 16408.947628691792 19318.46826826036 5096.5952997803688 1754.4143531322479 19585.402612134814
leaf_count=59976 11066 11870 169193 39917 89299 31031 128361 70073 25719 30014 43941 37162 3888 8376 74488 87754 22825 8276 110314
internal_value=2.50627e-06 0.000735254 0.00183065 -0.00231324 -0.000372715 0.00110579 0.000916367 -0.000733527 -0.000661241 -0.00120924 0.00160639 -0.00189264 -0.00200503 0.00171279 0.00206318 -0.00219628 -0.00161752 -0.00258581 -0.00370061
internal_weight=212096 161128 81016.2 50968.1 80111.9 28945.3 54076.3 23848.6 16455.4 51166.6 37621 11383.7 31821.3 24868.7 23051 30950.9 24415.1 4076.65 27119.5
internal_count=1063543 783263 416246 280280 367017 133237 247053 109990 74751 233780 172302 49032 144481 113895 105519 140593 110579 19342 170290
is_linear=0
shrinkage=0.0117215


Tree=205
num_leaves=20
num_cat=0
split_feature=79 84 84 26 25 68 124 112 25 95 45 26 18 110 85 103 95 138 43
split_gain=2620.49 1446.14 942.255 859.825 428.69 320.954 420.923 292.536 282.766 258.443 233.771 217.148 207.912 203.777 198.085 236.1 196.797 218.623 192.132
threshold=0.35702368617057806 -1.0000000180025095e-35 1.0000000180025095e-35 0.16218022257089618 -0.56323248147964466 -19.037276268005368 -3.3054680824279781 0.11619059741497041 -0.076955687254667268 1.3080737590789797 -0.29455573856830591 1.1519241929054262 -1.4220097661018369 0.80437177419662487 -0.023785875178873536 0.038258371874690063 -1.2231709957122801 42.527687072753913 -0.010864477604627608
decision_type=2 2 2 10 10 10 10 10 10 10 10 10 8 10 2 10 10 10 10
left_child=1 3 11 -1 12 6 10 -8 -4 13 -5 -2 -3 -6 -11 -16 -7 18 -18
right_child=2 4 8 5 9 16 7 -9 -10 14 -12 -13 -14 -15 15 -17 17 -19 -20
leaf_value=-0.0040717639515192921 0.00016176329217529046 -0.0035279147989708192 0.0027662292129140777 0.0005135282254424932 0.0020375744708481993 0.00025034944462129158 -0.0043691766277423718 0.0034354607466893991 0.0052398171215388605 0.0025668566236123321 0.0050362053586297832 0.0033422728781909521 -0.00032156094866483585 -0.0001397772839092052 -0.0086114351117014196 -0.0011991003345954467 -0.0016392680149643053 0.0015709812933391446 -0.0035206818329768545
leaf_weight=19684.305587902665 25412.85662638396 3004.2861925214529 22716.64761197567 11390.027646824718 26335.633230865002 5385.1956333592534 3722.6412017345428 782.70710214972496 8874.0309460833669 1369.3571981564164 1799.4432126507163 3313.7700458541512 33879.329084478319 7607.0899665802717 704.35991791635752 3188.0552499741316 18367.54394660145 2005.4742067456245 12629.36801623553
leaf_count=136439 112523 16152 122553 51975 121271 25036 16797 3503 69379 5966 7908 18928 148749 36327 3320 15375 85531 9215 57599
internal_value=1.67341e-06 -0.000819321 0.00206813 -0.00196535 0.000322119 -0.00122464 8.14417e-05 -0.0030026 0.00346442 0.00117518 0.00113834 0.000531061 -0.000584789 0.00154983 -0.00123783 -0.00258363 -0.00182637 -0.00216517 -0.0024079
internal_weight=212172 151855 60317.3 75766.7 76088.1 56082.4 17694.8 4505.35 31590.7 39204.5 13189.5 28726.6 36883.6 33942.7 5261.77 3892.42 38387.6 33002.4 30996.9
internal_count=1064546 741163 323383 394003 347160 257564 80183 20300 191932 182259 59883 131451 164901 157598 24661 18695 177381 152345 143130
is_linear=0
shrinkage=0.0117215


Tree=206
num_leaves=20
num_cat=0
split_feature=82 70 26 39 126 153 39 1 147 65 147 101 138 133 136 82 127 138 147
split_gain=2934.56 1031.6 761.997 464.323 347.996 318.079 314.103 276.289 268.018 336.883 289.124 260.214 245.097 238.869 225.29 201.87 195.094 271.418 241.735
threshold=-0.058646237477660172 3.2057138681411748 0.31585191190242773 -0.62334674596786488 0.53939157724380504 0.52777779102325451 -0.044289421290159219 0.45968599617481237 0.71326732635498058 -0.81556999683380116 0.94695913791656505 -1.2134028077125547 6.387587547302247 -0.23373707383871076 0.55705145001411449 0.52250388264656078 -1.0000000180025095e-35 3.49073338508606 0.74680688977241527
decision_type=2 2 10 10 8 2 8 10 8 10 8 10 10 10 10 2 10 10 10
left_child=2 4 3 11 5 7 15 16 9 -7 12 -1 -10 -11 -12 -3 18 -18 -2
right_child=1 6 -4 -5 -6 8 -8 -9 10 13 14 -13 -14 -15 -16 -17 17 -19 -20
leaf_value=-0.0016777149768722284 0.00018348551976560872 0.0014404657298233664 -0.00052946800705330559 -0.00062056142594639008 -0.0015489331485660763 0.003484897150099879 0.0053484710535198366 0.0053105687301873575 0.010331818031026797 -0.0017405186802848754 0.0010317359529095726 -0.0039676058669097661 0.002796206041395884 0.00092645952873840584 0.0047613238006864777 0.0034741169953193124 -0.0021292900109909905 0.00074126077117356174 0.0048699727779902601
leaf_weight=9498.1717633381486 10191.412171535194 14013.450611151755 48149.911905325949 11656.270498991013 9751.6759195029736 5310.9777135327458 6193.545093305409 1233.8291146606207 1154.4825446382165 6238.7595449239016 8425.8765881434083 24613.957237645984 1242.6164766773582 17512.676977865398 3010.2424312084913 12939.739911481738 11777.085094690323 7325.527668081224 1752.8317463472486
leaf_count=62989 45037 71760 209238 51958 43419 23520 52916 5397 5264 28248 38169 153580 5596 79593 13653 81806 52350 32233 7710
internal_value=-1.31534e-05 0.0012167 -0.00155926 -0.00264181 0.000531899 0.000802215 0.0029697 -7.67467e-05 0.00146335 0.000822964 0.00280511 -0.00333159 0.00648994 0.00022491 0.00202112 0.00241894 -0.000294661 -0.00102892 0.000879367
internal_weight=211993 118075 93918.3 45768.4 84928 75176.3 33146.7 32280.7 42895.6 29062.4 13833.2 34112.1 2397.1 23751.4 11436.1 26953.2 31046.9 19102.6 11944.2
internal_count=1064436 586671 477765 268527 380189 336770 206482 142727 194043 131361 62682 216569 10860 107841 51822 153566 137330 84583 52747
is_linear=0
shrinkage=0.0117215


Tree=207
num_leaves=20
num_cat=0
split_feature=81 84 84 71 71 82 86 111 49 111 147 113 130 111 147 99 147 147 147
split_gain=2864.57 947.627 864.418 814.949 727.57 376.512 335.383 374.522 331.186 310.344 315.402 277.161 270.075 297.524 262.022 261.511 350.776 282.73 338.937
threshold=1.0000000180025095e-35 -1.0000000180025095e-35 1.0000000180025095e-35 2.2723004817962651 -2.5754710435867305 -0.37804923951625818 5.9309172630310067 -0.45522910356521601 0.31640625000000006 0.1146163009107113 1.9569672942161562 0.19464395940303805 -0.28459899127483362 -0.27551274001598353 0.08659409731626512 -0.49075962603092188 -0.84040749073028553 0.65712237358093273 0.88281714916229259
decision_type=2 2 2 2 2 2 2 8 10 10 10 10 10 10 10 8 10 8 8
left_child=1 4 8 -4 -1 -3 7 -7 -2 12 11 -11 -10 -14 -15 16 -6 -17 -19
right_child=2 5 3 -5 15 6 -8 -9 9 10 -12 -13 13 14 -16 17 -18 18 -20
leaf_value=-0.0045539806317547241 0.0012766937152167788 -0.0029770534429603124 0.0013636195265718117 0.004304568049026793 -0.0017875936210992947 -0.0045320996815674773 -0.0029467493119683854 0.00084938174571214803 -0.0035751121004657885 -0.002198135946248268 0.0038449191663765449 -0.0077487173701103803 0.003459085222768363 0.001615497660179734 -0.0019022364464585763 -0.0026294121454838899 0.0037103584533123308 0.003674769802857537 -0.0014009222775376456
leaf_weight=15140.792928986251 20120.014232523739 5594.4772873967886 40258.764508120716 19084.182717293501 3644.3920055180788 1844.2170157656074 4051.8343634083867 36687.241628527641 2382.313973762095 4555.8880416229367 841.42192575335503 1689.3365164101124 3852.7820501551032 5353.2144806310534 6317.0771560072899 25929.661339499056 2798.1181354001164 2213.5691357553005 9400.0942903384566
leaf_count=110307 90245 30553 189659 134001 17498 8147 17892 158960 10631 19955 3626 7318 17718 24128 28104 125811 13298 10629 45321
internal_value=-3.12121e-07 -0.00134525 0.0013813 0.00231072 -0.00233926 -0.000124792 0.000251352 0.000589229 0.000158137 -0.000742716 -0.00281459 -0.00372277 7.98843e-05 0.000645327 -0.000288632 -0.00157491 0.000605044 -0.00194914 -0.000428078
internal_weight=211759 107304 104455 59342.9 59126.6 48177.8 42583.3 38531.5 45112 24992 7086.65 6245.22 17905.4 15523.1 11670.3 43985.8 6442.51 37543.3 11613.7
internal_count=1063801 538416 525385 323660 322864 215552 184999 167107 201725 111480 30899 27273 80581 69950 52232 212557 30796 181761 55950
is_linear=0
shrinkage=0.0117215


Tree=208
num_leaves=20
num_cat=0
split_feature=81 79 79 84 1 19 84 25 1 62 46 45 45 155 114 88 61 42 153
split_gain=2670.13 917.501 864.141 580.145 605.627 597.929 574.555 561.199 549.156 414.804 407.835 247.01 245.82 240.616 230.292 200.244 247.639 197.32 197.078
threshold=1.0000000180025095e-35 -1.5695689320564268 1.4909331798553469 -1.0000000180025095e-35 -0.10101978480815886 0.17575240135192874 1.0000000180025095e-35 -0.23885195702314374 -0.10101978480815886 0.43531720340251928 -1.0204759836196897 0.306393712759018 -0.32230845093727106 4.6616442203521737 0.17470221966505053 1.0708261132240298 3.4809005260467534 0.41406250000000006 0.86607143282890331
decision_type=2 2 2 2 8 10 2 10 10 8 10 10 10 10 8 2 10 10 2
left_child=1 -1 6 5 11 -3 8 -8 12 13 -10 -5 -2 18 -11 16 -12 -7 -6
right_child=2 3 -4 4 9 17 7 -9 10 14 15 -13 -14 -15 -16 -17 -18 -19 -20
leaf_value=-0.0039455747437448811 -0.0012369863766494844 -0.0041521365048288166 0.0038421967157376952 -0.0026277628111946319 0.0016647606078435049 -0.00035717290147238752 0.00092689706435897983 0.0036847682411631734 0.00086942767170664667 -0.0046832798302937515 -0.0019430294065860196 0.0017035269396576851 0.0026618450744960607 -0.0012449795542598002 -0.00010467292851327856 0.00078200148306899967 -0.0058813778834624995 -0.0021317792538954883 0.0043743628099484344
leaf_weight=15095.434125117958 2802.3812866806984 10779.026525273919 16297.199743188918 11307.404388353229 14144.788951411843 23226.639093317091 32708.956072837114 14683.254817411304 9707.7186769470572 1907.5858863890171 12346.709883071482 2136.0560241788626 10488.660030588508 2887.9033831954002 6918.456325173378 2756.8998943194747 2658.7250170707703 13666.217475011945 4995.3504631742835
leaf_count=102354 12047 69508 109124 50911 61724 108875 145407 92849 41793 8272 53627 9279 47339 12258 30539 11873 11638 62251 21538
internal_value=3.12263e-05 -0.00126944 0.00136443 -0.000829302 0.000136508 -0.00172638 0.000905465 0.00178274 -0.000114965 0.00104109 -0.00106115 -0.0019378 0.00183906 0.00190081 -0.00110397 -0.00211604 -0.00264887 -0.00101547 0.00237639
internal_weight=211515 107065 104451 91969.4 44297.5 47671.9 88153.3 47392.2 40761.1 30854.1 27470.1 13443.5 13291 22028 8826.04 17762.3 15005.4 36892.9 19140.1
internal_count=1063206 537509 525697 435155 194521 240634 416573 238256 178317 134331 118931 60190 59386 95520 38811 77138 65265 171126 83262
is_linear=0
shrinkage=0.0117215


Tree=209
num_leaves=20
num_cat=0
split_feature=81 70 31 141 141 156 126 141 123 154 133 126 0 25 156 126 128 89 68
split_gain=2664.28 865.042 772.409 344.489 317.703 308.071 431.608 275.967 273.087 251.984 343.797 247.431 286.07 238.875 218.747 213.792 265.781 213.437 325.143
threshold=1.0000000180025095e-35 -3.4233489036560054 0.40384863317012792 -1.0000000180025095e-35 1.0000000180025095e-35 0.68333333730697643 0.4062934815883637 1.0000000180025095e-35 5.2070226669311532 0.18333333730697635 -1.9132237434387205 -0.15752502530813214 -0.47492383420467371 -0.33694465458393091 0.43650794029235845 -0.3047135323286056 1.0000000180025095e-35 6.1235880851745614 -18.354590415954586
decision_type=2 2 10 2 2 10 10 2 8 10 8 10 10 10 10 8 10 2 10
left_child=1 7 4 15 9 13 -7 -1 -8 14 -11 -5 -13 -6 17 16 -3 -2 -19
right_child=2 3 -4 11 5 6 8 -9 -10 10 -12 12 -14 -15 -16 -17 -18 18 -20
leaf_value=-0.0038183636006982003 -0.0005950212526276543 -0.00081302267644916399 0.0037132867579775506 0.0019977015979948149 0.0012594935773297539 0.0016202921344097179 -0.0061292479537834697 -0.0015556803764516316 -0.00018328093423411725 -0.0080293993992670842 -0.00030992944080594884 -0.0046598290049851901 5.1493163163086581e-05 0.0031800246993640485 0.0039893942120180883 -0.0017583890406992241 0.0038685112422008846 0.005595691374635523 -0.0010208469873809417
leaf_weight=18869.836401976645 7426.5202531218529 7447.767253279686 16034.107553116977 8549.1085609570146 20577.272593602538 7286.1811971366405 2044.703611433506 12262.995312601328 2183.068672940135 795.88203950226307 24610.317404955626 1894.8833188563585 23033.924545936286 15726.327357187867 3343.8688704520464 32887.192773275077 2121.19737752527 2324.8780860751867 1793.7028721868992
leaf_count=128533 32317 34492 123039 37412 89204 33930 9240 67609 9992 3576 110196 8329 100081 80786 14562 151830 9727 10059 7760
internal_value=1.40358e-05 -0.00128422 0.00134869 -0.000609204 0.000917526 0.0015634 -0.000107139 -0.00292894 -0.00307678 0.00015062 -0.00055888 0.000279813 -0.000310636 0.00209295 0.00136028 -0.00130999 0.000231624 0.000592296 0.00272455
internal_weight=211214 107067 104147 75934.1 88112.7 47817.6 11514 31132.8 4227.77 40295.2 25406.2 33477.9 24928.8 36303.6 14889 42456.2 9568.96 11545.1 4118.58
internal_count=1062674 538013 524661 341871 401622 223152 53162 196142 19232 178470 113772 145822 108410 169990 64698 196049 44219 50136 17819
is_linear=0
shrinkage=0.0117215


Tree=210
num_leaves=20
num_cat=0
split_feature=81 84 18 84 19 120 104 117 33 32 99 133 101 118 120 101 120 104 60
split_gain=2556.22 806.573 933.55 783.938 941.294 385.082 315.987 315.714 298.566 294.211 379.932 287.205 363.788 274.623 308.157 266.507 234.928 230.257 223.334
threshold=-1.0000000180025095e-35 1.0000000180025095e-35 -0.21675105392932889 1.0000000180025095e-35 0.22987576574087146 -0.85553058981895436 2.2560081481933598 -0.37362061440944666 0.76079660654068004 -0.70664972066879261 -0.36092087626457209 -0.98412123322486866 -0.94004848599433888 -0.66083434224128712 -1.5594519972801206 -1.2134028077125547 -1.374349772930145 -10.834242820739744 0.043762007728219039
decision_type=2 2 10 2 10 8 10 10 10 10 8 10 10 8 10 10 10 8 8
left_child=3 8 -3 4 -1 6 7 11 13 -7 -11 16 -13 14 -2 -12 -5 -15 -10
right_child=1 2 -4 5 -6 9 -8 -9 18 10 15 12 -14 17 -16 -17 -18 -19 -20
leaf_value=-0.0042040198907624098 -0.00032843456151658801 0.0011141139114943248 0.0042227262902936671 0.0014978795197971638 -0.0011111934431280613 -0.0024668965201342236 -0.0011024289763667612 0.0064430534455242475 0.0030375765579655641 -0.005228335955434097 0.0074962673453252337 0.0077792009365260373 0.00015266467237950903 0.0009434658913189274 0.0097079077318060914 0.00011788327760599937 -0.0066445099716776635 -0.0012113515797447995 -0.00025124192922821741
leaf_weight=21000.377598591149 928.3449836820364 39170.527878388762 20072.384666793048 1055.3948580101132 37951.869193330407 10140.459755808115 3811.6050922349095 2481.1052699685097 7156.4974207803607 1791.6462403833866 671.7286709100008 1472.5908235237002 2021.6926511228085 9314.3916246145964 742.61446456611156 20887.160623341799 869.75889817625284 25206.70285359025 4684.528824813664
leaf_count=145313 3951 184170 139866 4613 177621 51180 17379 11040 37889 7557 2877 6387 8923 39643 3158 88352 3850 107687 22854
internal_value=-1.61188e-05 0.0012537 0.0021686 -0.00132397 -0.00221417 -0.000162472 0.00166496 0.00299939 0.000124778 -0.000802255 -7.76121e-05 0.00140202 0.00339691 -0.000403971 0.00420405 0.000355615 -0.00221617 -0.0006297 0.00173852
internal_weight=211431 107276 59242.9 104155 58952.2 45203.1 11712.1 7900.54 48033.1 33491 23350.5 5419.44 3494.28 36192.1 1670.96 21558.9 1925.15 34521.1 11841
internal_count=1064310 539218 324036 525092 322934 202158 52192 34813 215182 149966 98786 23773 15310 154439 7109 91229 8463 147330 60743
is_linear=0
shrinkage=0.0117215


Tree=211
num_leaves=20
num_cat=0
split_feature=82 70 33 33 25 68 46 114 117 84 133 65 124 136 1 56 84 104 102
split_gain=2666.42 957.286 695.785 472.912 370.93 308.451 369.098 276.065 267.489 256.431 248.364 247.375 246.78 222.702 218.286 211.098 209.552 231.906 208.61
threshold=-0.090670611709356294 3.3696740865707402 0.12160227447748186 0.85511142015457164 -0.49512636661529535 -18.354590415954586 -0.31577439606189722 -0.19937181472778318 0.087210565805435195 1.0000000180025095e-35 -1.9132237434387205 2.1757236719131474 -3.2191029787063594 -0.79708015918731678 -0.16300778836011884 -0.61105540394783009 -1.0000000180025095e-35 9.2863955497741717 0.16960729658603671
decision_type=2 2 10 8 10 10 10 10 10 2 8 10 10 10 10 8 2 10 10
left_child=2 4 -1 9 15 7 11 -4 -8 -3 -6 13 -9 -7 -14 -2 -12 -18 -17
right_child=1 3 5 -5 10 6 8 12 -10 -11 16 -13 14 -15 -16 18 17 -19 -20
leaf_value=-0.0037547928106701793 0.0037007860086334171 -0.00031761629870080086 -0.00080269416585640756 0.004199869728270687 -0.004217909603602593 -0.0058444287392763741 0.003337392125669855 0.0036383665609739236 -0.0012783557761525159 0.0032252495194681772 0.00026916250604025287 -0.0040790703948646026 0.004598883699873128 -0.0013678498515550051 -0.0034544554016598251 -0.0024685714712722206 0.0025496256016576983 0.00043501045373436919 -7.4554122549298229e-05
leaf_weight=15796.276764325798 1762.2306476011872 6785.7672756463289 12768.748009763658 17647.447326734662 1098.3087562695146 1569.1820928901434 3425.7206383422017 4639.4982975721359 3432.3673894256353 4759.3213967084885 16207.387644693255 6087.8302259519696 630.03315684199333 38746.503090254962 1564.5997467786074 5812.2395301237702 22984.938208892941 10338.190322160721 34976.551067113876
leaf_count=119607 8027 31492 58226 127943 4873 7292 14949 20914 14733 26248 70524 29684 2843 180107 7057 27606 112684 49805 148535
internal_value=2.14251e-05 0.00114283 -0.00152627 0.00299417 0.00056222 -0.00104211 -0.00150461 0.000214818 0.00103077 0.00114644 0.00123998 -0.00187964 0.00211219 -0.00154536 -0.00111851 -0.000244443 0.00136293 0.00189435 -0.000416905
internal_weight=211033 122372 88660.8 29192.5 93179.8 72864.5 53261.6 19602.9 6858.09 11545.1 50628.8 46403.5 6834.13 40315.7 2194.63 42551 49530.5 33323.1 40788.8
internal_count=1063149 607737 455412 185683 422054 335805 246765 89040 29682 57740 237886 217083 30814 187399 9900 184168 233013 162489 176141
is_linear=0
shrinkage=0.0117215


Tree=212
num_leaves=20
num_cat=0
split_feature=81 79 79 33 25 83 143 85 87 88 148 143 88 85 114 157 124 127 88
split_gain=2505.13 830.246 818.367 405.579 355.609 283.685 236.434 275.969 219.042 207.086 239.097 195.562 194.681 191.772 189.095 171.02 161.602 157.167 211.285
threshold=-1.0000000180025095e-35 -1.5695689320564268 1.637990474700928 0.26158802211284643 -0.27930851280689234 3.4175922870635991 0.17795754224061969 -0.0064177569001913062 1.0000000180025095e-35 -0.32641008496284479 0.36820261180400854 -0.20952650904655454 0.48646499216556555 -1.0000000180025095e-35 1.9053649306297304 -1.8479381203651426 0.4862255603075028 1.0000000180025095e-35 0.31222115457057958
decision_type=2 2 2 10 10 2 10 2 2 2 10 10 2 2 8 8 10 8 2
left_child=1 -1 4 15 6 16 7 11 12 -10 -11 -2 13 14 -5 -3 -6 18 -9
right_child=2 3 -4 8 5 -7 -8 17 9 10 -12 -13 -14 -15 -16 -17 -18 -19 -20
leaf_value=-0.0038316431989331786 -0.0020972849479916089 0.0045116612633569067 0.0038878527540892587 0.0014480323777112045 0.0016522270882522361 0.0028106499419393409 0.0023109092214476643 -0.00086645845257869052 -0.0037081723485164228 3.0608207039715398e-05 -0.0023718565437429034 0.0012730926607608748 0.0054007033987130094 -0.0014419076301115548 -0.0012240595535563271 -0.0021070309101658929 -0.00071037127920568364 -0.0019662044222905797 0.002218928590382844
leaf_weight=15059.889284260571 2627.3481134474277 525.4345079138875 14164.864155448973 15612.465291649103 9688.2300591096282 18212.432326860726 7056.6204843223095 12253.124658733606 3372.5241415947676 20295.124974310398 7886.0831823498011 22102.695713818073 1026.726979508996 6816.328359246254 4722.8126102983952 28828.206083737314 6719.5190516635776 9994.3047391474247 4033.9820532053709
leaf_count=102858 11312 3209 97413 66808 49676 104979 31609 53283 14935 87300 34178 94579 4422 29159 20171 162788 34600 42991 17503
internal_value=5.27043e-06 -0.00128828 0.00126605 -0.000857437 0.000864503 0.00180438 0.00030365 2.50508e-05 -0.000302733 -0.000973182 -0.000643088 0.000913384 0.00044821 0.000256468 0.000826756 -0.00198507 0.000685029 -0.000810914 -0.000100195
internal_weight=210999 104146 106853 89085.7 92688.3 34620.2 58068.1 51011.5 59732.1 31553.7 28181.2 24730 28178.3 27151.6 20335.3 29353.6 16407.7 26281.4 16287.1
internal_count=1063773 525828 537945 422970 440532 189255 251277 219668 256973 136413 121478 105891 120560 116138 86979 165997 84276 113777 70786
is_linear=0
shrinkage=0.0117215


Tree=213
num_leaves=20
num_cat=0
split_feature=82 79 79 82 82 156 156 151 114 95 151 110 110 110 33 145 89 154 118
split_gain=2518.35 1129.11 571.213 402.002 374.06 273.057 619.307 375.204 306.114 248.926 319.938 281.777 243.274 231.028 202.676 202.626 217.269 195.113 190.526
threshold=-0.29253953695297236 0.63367855548858654 -0.36789733171463007 0.48849146068096166 0.36243277788162237 0.68333333730697643 0.64583334326744091 0.56348583102226268 -0.083334997296333299 -0.83000788092613209 -0.043770508840680115 -0.22214917093515393 0.84741812944412243 -0.82335424423217762 0.051405161619186408 1.0162889957427981 6.8161878585815439 0.94999998807907116 -0.022907762788236138
decision_type=2 2 2 2 2 8 10 10 10 8 8 10 10 10 10 10 2 10 8
left_child=2 4 14 -3 5 6 9 -8 -7 11 -11 -2 -6 -4 -1 16 -10 -17 -14
right_child=1 3 13 -5 12 8 7 -9 15 10 -12 -13 18 -15 -16 17 -18 -19 -20
leaf_value=-0.0050021251309739726 0.0029056284192541279 0.0014840336075933045 0.00082327729989981556 0.003894715547968369 0.0017609674781025578 -0.0036099937820698804 0.014093007505402953 0.0025676238091477967 -0.00047198677039620341 -0.0015214923563849313 0.0005067649337266929 -0.00039083280331951342 -0.002561917899835313 -0.0014546291770710324 -0.0026342596498970796 0.0045593840415028598 -0.0064754240193372285 -0.0016122917891858127 0.00099996836369255584
leaf_weight=6436.4283087328076 7129.757849611342 21048.075580514967 7936.9076984301209 17378.458860017359 27312.080761618912 6291.1732967868447 634.39492925256491 979.15796799957752 4897.6826165020466 21724.698098838329 20988.887247569859 7088.1852561235428 3573.0297323614359 26472.219997085631 22265.418983027339 1856.7506109178066 974.66282062232494 1109.5442062318325 4819.7446679398417
leaf_count=55453 31972 103734 38204 120324 129915 27840 2818 4329 21700 96933 92915 31073 17670 122294 125135 8174 4376 4768 24162
internal_value=1.12298e-05 0.000848159 -0.00194845 0.00257597 0.000240739 -0.000236485 0.00012645 0.00723499 -0.00163891 -7.78948e-05 -0.000525101 0.00126426 0.00122498 -0.000928999 -0.00316888 -0.000230128 -0.00149004 0.00225629 -0.000519314
internal_weight=210917 147806 63111 38426.5 109380 73674.9 58545.1 1613.55 15129.8 56931.5 42713.6 14217.9 35704.9 34409.1 28701.8 8838.64 5872.35 2966.29 8392.77
internal_count=1063789 722703 341086 224058 498645 326898 260040 7147 66858 252893 189848 63045 171747 160498 180588 39018 26076 12942 41832
is_linear=0
shrinkage=0.0117215


Tree=214
num_leaves=20
num_cat=0
split_feature=33 32 105 40 40 42 148 32 126 68 32 126 153 145 106 126 88 132 156
split_gain=2236.16 891.399 579.939 571.016 474.707 473.017 374.926 360.982 297.188 269.838 261 260.687 225.402 225.001 222.312 219.47 220.468 212.422 221.889
threshold=0.36529825627803808 -0.22543872147798535 2.5900614261627202 0.68388816714286815 0.062327073886990554 0.51822915673255932 -0.29971951246261591 -0.70664972066879261 0.7926524579524995 -20.740277290344235 -0.066025041043758378 0.23229540884494784 0.35416667163372045 1.1549636125564577 0.15849120169878009 0.38831976056098944 -0.29302227497100825 1.4032301902770998 0.84999999403953563
decision_type=8 10 10 10 10 8 10 8 10 8 10 8 2 10 10 8 2 10 8
left_child=2 5 4 -3 -1 6 -2 -7 17 14 -5 12 -4 15 -6 16 -11 18 -9
right_child=1 3 11 10 9 7 -8 8 -10 13 -12 -13 -14 -15 -16 -17 -18 -19 -20
leaf_value=-0.0048106120731408221 0.0026410173766127274 -7.2256732916405714e-05 -0.001468432669831854 0.0024285105074923334 0.0031413164504129234 -0.0024725247295830839 0.0004148488436045155 0.00017044282660481734 -0.0056120563430282037 -0.0033230414794719479 0.0048597280898709291 -0.0013637828859436748 0.0055454499568536953 0.00038964957597194114 -0.00091258936220653733 -0.0049942546332940648 -0.0013859119329147668 0.0022780143771183956 -0.0024313427482645549
leaf_weight=7620.4359663575888 15142.95587772131 9695.3040377795696 816.87307906150818 18462.429694890976 2212.6869925707579 10089.699484556913 33071.392894685268 34250.565671026707 1249.9115429967642 13032.790490888059 9098.7698669731617 2090.0299334973097 2603.6634927690029 4315.5730774328113 10991.493201345205 4089.6853254884481 21316.528047949076 5525.1185641437769 5161.7583835721016
leaf_count=66324 66101 45815 3565 110099 10347 47146 143598 146753 5307 68500 77669 8866 11011 21980 55686 21595 107595 24133 22007
internal_value=-2.43257e-05 0.000818427 -0.00175305 0.00237451 -0.00206927 0.0002632 0.00111497 -0.000466699 -2.7499e-05 -0.00169411 0.00323455 0.0018887 0.00387183 -0.00214624 -0.000228925 -0.00243101 -0.00212265 0.000130658 -0.000171542
internal_weight=210838 141748 69089.8 37256.5 63579.2 104491 48214.3 56277.1 46187.4 55958.8 27561.2 5510.57 3420.54 42754.6 13204.2 38439 34349.3 44937.4 39412.3
internal_count=1064097 688628 375469 233583 352027 455045 209699 245346 198200 285703 187768 23442 14576 219670 66033 197690 176095 192893 168760
is_linear=0
shrinkage=0.0117215


Tree=215
num_leaves=20
num_cat=0
split_feature=82 79 79 82 33 119 136 119 105 126 147 147 147 147 138 153 119 153 110
split_gain=2472.09 1056.06 575.819 428.692 411.923 356.268 302.472 233.087 232.452 231.997 272.864 224.345 279.324 386.728 259.846 252.517 258.618 223.63 215.419
threshold=0.30295258760452276 -0.52303600311279286 0.35702368617057806 -0.49093401432037348 0.38217288255691534 0.34276683628559118 0.82862719893455516 -0.43141876161098475 2.5900614261627202 0.42413571476936346 0.71326732635498058 -0.64743071794509877 -0.093597423285245882 0.64364719390869152 17.975082397460941 0.13392857462167743 -0.45837835967540735 0.86607143282890331 0.82500481605529796
decision_type=2 2 2 2 8 10 10 8 10 8 8 10 10 10 10 2 10 2 10
left_child=1 3 18 -1 8 11 -7 -5 9 -3 -11 15 14 -14 -13 16 -6 -9 -2
right_child=2 4 -4 7 5 6 -8 17 -10 10 -12 12 13 -15 -16 -17 -18 -19 -20
leaf_value=-0.0036631429032634873 0.0014434830274732548 -0.001148543955033553 0.0031937881855089506 0.0015030870372768719 0.00040096683811483063 -0.0024611821097631596 0.0035505205152230206 -0.0024377781879740003 0.0018371756992558411 -0.0080997720027297538 -0.00068978629300373321 0.0037341762249600155 -0.00086245010737217979 0.0020794188128160206 -0.00094614155803370839 0.00059061693855148856 -0.0044356194533330803 0.0003504132145200636 -0.00078902224465113519
leaf_weight=18952.436406686902 25539.489567026496 31730.281539775431 28603.179870776832 3431.1693805605173 2797.1147431433201 8629.3200389742851 1305.2252379059792 16619.540343739092 3249.7864243090153 1465.6560832336545 1269.7615328505635 8861.5949943140149 12175.727060437202 12340.56613304466 1985.818232409656 15558.219116419554 3291.6017791181803 5176.1840747967362 7718.8051370084286
leaf_count=129715 118216 154911 180454 17141 11966 38536 5925 82332 13585 7078 6134 39114 53306 53895 8917 68893 13991 22876 37258
internal_value=5.96604e-06 -0.00081256 0.00197492 -0.00233172 -0.000170919 0.000381025 -0.0016649 -0.00132899 -0.00115025 -0.00143299 -0.00469495 0.000738077 0.00131306 0.000618942 0.00287717 -0.000201657 -0.00222066 -0.00177595 0.000925159
internal_weight=210701 148840 61861.5 44179.3 104661 66945.2 9934.55 25226.9 37715.5 34465.7 2735.42 57010.6 35363.7 24516.3 10847.4 21646.9 6088.72 21795.7 33258.3
internal_count=1064243 728315 335928 252064 476251 294543 44461 122349 181708 168123 13212 250082 155232 107201 48031 94850 25957 105208 155474
is_linear=0
shrinkage=0.0117215


Tree=216
num_leaves=20
num_cat=0
split_feature=82 81 32 40 156 151 85 110 40 121 141 68 40 116 101 121 112 92 153
split_gain=2438.09 824.09 669.701 432.515 386.073 400.549 348.301 342.182 383.672 314.04 280.975 269.519 263.136 230.418 221.858 200.799 183.028 178.421 177.483
threshold=0.057551985606551177 -1.0000000180025095e-35 -0.13660664856433866 0.056442905217409141 0.78888890147209179 0.062307456508278854 -0.36612847447395319 0.87173745036125194 0.44125939905643469 0.82006436586380016 1.0000000180025095e-35 -20.393674850463864 0.6999744474887849 -22.546833038330075 -1.0136801600456236 0.30240471661090856 -0.28257563710212702 -0.0049852542579174033 0.94999998807907116
decision_type=2 2 10 10 10 10 2 10 10 10 2 8 10 8 8 10 8 10 2
left_child=1 3 7 -1 5 11 -5 8 16 -7 17 -3 -4 -10 18 -13 -2 -8 -15
right_child=2 4 12 6 -6 9 10 -9 13 -11 -12 15 -14 14 -16 -17 -18 -19 -20
leaf_value=-0.0047419859916073672 0.0010802188166619923 0.0010436219086068211 0.00038838699012216455 -0.00059564565011524712 -0.002456176213380725 0.0031102580047203811 -0.0022762887876015179 -0.00080058986551985922 0.0066495591921813171 -0.00047944286134388604 -0.0012555816728679137 -0.0027689293097494017 0.0040895529352266442 0.0026852106380828981 0.0012547923691920025 -2.7014356359555769e-05 -0.0017149791217343485 -0.004477102550443251 0.0077704941469723997
leaf_weight=6894.0217203646898 5624.041130065918 10058.153585955501 3223.2959762662649 25552.166608467698 7173.6243431121111 10534.097289159894 11086.097912125289 13323.932125732303 1260.1516225785017 4895.4152546599507 17064.233419857919 7577.1687587723136 14671.279836505651 6807.6223452985287 39921.587723329663 7096.2624664381146 7464.6332920715213 9450.0919161885977 1084.7318156808615
leaf_count=61190 24161 43303 17116 133142 31062 46645 56363 61596 5747 21484 81516 33011 116125 31864 184038 30721 32181 48518 5316
internal_value=-2.64242e-05 -0.00115078 0.00138684 -0.00195793 4.40231e-05 0.000491776 -0.00165237 0.000902954 0.00126825 0.00197233 -0.00236968 -0.000432894 0.00342424 0.00174366 0.00161119 -0.00144505 -0.000514132 -0.00329295 0.00340493
internal_weight=210763 117381 93381.3 70046.6 47334.7 40161.1 63152.6 75486.7 62162.8 15429.5 37600.4 24731.6 17894.6 49074.1 47813.9 14673.4 13088.7 20536.2 7892.35
internal_count=1065099 586955 478144 380729 206226 175164 319539 344903 283307 68129 186397 107035 133241 226965 221218 63732 56342 104881 37180
is_linear=0
shrinkage=0.0117215


Tree=217
num_leaves=20
num_cat=0
split_feature=81 84 84 19 71 116 126 116 147 95 147 101 153 147 123 156 112 126 123
split_gain=2239.59 855.828 778.06 847.538 713.518 309.101 314.041 411.505 321.365 306.262 329.507 305.096 285.597 265.692 260.685 253.533 242.578 242.104 238.971
threshold=-1.0000000180025095e-35 1.0000000180025095e-35 1.0000000180025095e-35 0.22987576574087146 2.2723004817962651 -10.99844455718994 0.23229540884494784 4.5250711441040048 -0.54681852459907521 1.268088221549988 0.71326732635498058 -0.94004848599433888 0.52777779102325451 0.5090719759464265 2.8955906629562382 0.78888890147209179 1.0048843622207644 -0.16607327014207837 16.991964340209964
decision_type=2 2 2 10 2 8 10 8 10 10 10 10 2 10 10 10 10 10 10
left_child=2 5 3 17 9 -2 8 18 12 13 -11 -4 14 16 -7 -12 -3 -1 -8
right_child=1 4 11 -5 -6 6 7 -9 -10 10 15 -13 -14 -15 -16 -17 -18 -19 -20
leaf_value=-0.002415940255696203 0.0030730334714840044 0.0013484666736604978 0.0019645258593130499 -0.001094284492527001 0.0040085884985132823 -0.0013040714624224334 -0.0031564317095768976 0.0013954934015136726 0.0011149682274148689 -0.0050210381970724792 0.0031941032748555574 -0.00054229673358725632 0.0024938176036470344 0.0032920158885004162 -0.006790824800990863 -0.0029077866191192952 -0.0029569707124764391 -0.0050363212479382349 -0.010646843494263942
leaf_weight=7892.0157095342875 4107.3111016303301 22484.237225025892 8106.0562610030174 37867.518841385841 18687.647272177041 9925.604401960969 5324.3338818922639 2858.2362727448344 21349.462695337832 2031.7340527772903 2341.3143500164151 37148.203012570739 2370.2262785732746 9772.6855076029897 1331.9151315912604 1525.8337666168809 1932.2945105731487 12837.68272779882 642.18022204935551
leaf_count=56638 18523 106234 35704 177784 133838 44200 23496 12700 96595 9674 11239 167185 10905 46365 5883 7188 9085 88629 2840
internal_value=-2.19545e-05 0.0011707 -0.00124713 -0.00213847 0.00211825 7.7641e-06 -0.000281146 -0.00225398 0.000217767 0.00123522 -0.0012276 -9.24893e-05 -0.00118731 0.0016607 -0.0019659 0.00078353 0.00100525 -0.00404254 -0.00400087
internal_weight=210536 106685 103851 58597.2 58775.7 47909.3 43802 8824.75 34977.2 40088.1 5898.88 45254.3 13627.7 34189.2 11257.5 3867.15 24416.5 20729.7 5966.51
internal_count=1064705 538765 525940 323051 323623 215142 196619 39036 157583 189785 28101 202889 60988 161684 50083 18427 115319 145267 26336
is_linear=0
shrinkage=0.0117215


Tree=218
num_leaves=20
num_cat=0
split_feature=81 84 18 84 78 119 5 119 121 65 99 130 122 116 99 149 145 130 89
split_gain=2275.44 817.829 809.094 692.3 643.43 407.913 344.715 337.044 324.597 327.897 319.308 296.95 358.186 275.013 375.622 275.011 273.495 265.123 264.597
threshold=-1.0000000180025095e-35 1.0000000180025095e-35 -0.21675105392932889 1.0000000180025095e-35 1.0000000180025095e-35 -0.25743480026721949 0.23560190945863727 0.038771325722336776 0.85399055480957042 0.094034072011709227 0.33954396843910223 -0.29962703585624689 0.011039254721254112 -6.8074383735656729 -0.22675270587205884 0.66111195087432872 1.0543318986892702 -0.30751015245914454 6.8548815250396737
decision_type=2 2 10 2 2 8 10 8 10 10 10 10 10 8 10 10 10 10 2
left_child=3 8 15 4 6 -5 -1 -7 10 -10 11 12 -2 14 -13 -3 -11 -9 -15
right_child=1 2 -4 5 -6 7 -8 17 9 16 -12 13 -14 18 -16 -17 -18 -19 -20
leaf_value=-0.004385045194272982 -0.0050129110993199846 0.0015998487245567558 0.0040455058931077089 0.001520618820887444 -0.00072415047500181274 -0.002630380627626462 -0.0019625868123022993 0.0037971362928625333 0.00016999630252249501 -0.0057851991174060081 0.0045462652284508076 0.000910597948485221 0.0037051489250601974 -0.00038492652901183288 0.0067558491746080133 -0.00093540054990369026 -0.0003510880118875954 -0.00049764459163686688 0.0037920698642954012
leaf_weight=16514.97831068188 2670.0477600172162 31737.145479358733 19709.238980531693 13702.213165506721 26029.434775412083 10356.212544672191 15895.649649336934 2179.860141299665 6330.3424927741289 3382.2284220606089 2587.4332538545132 5058.5828718692064 833.67285476624966 20574.434587098658 2135.786424189806 7197.5766693130136 2036.7113693803549 19035.228796809912 2294.8718874752522
leaf_count=117364 11870 149891 139410 61155 117494 47061 87569 9761 28314 15245 11360 22602 3768 92790 9742 33855 8919 84969 10472
internal_value=-1.91147e-05 0.0011838 0.00211166 -0.0012549 -0.00209754 -0.000166668 -0.00319922 -0.000899545 4.74436e-05 -0.0016432 0.000597558 0.000290245 -0.00292778 0.00066726 0.00266206 0.0011309 -0.00375302 -5.2676e-05 3.7653e-05
internal_weight=210262 106548 58644 103714 58440.1 45273.5 32410.6 31571.3 47904.1 11749.3 36154.8 33567.4 3503.72 30063.7 7194.37 38934.7 5418.94 21215.1 22869.3
internal_count=1063611 538238 323156 525373 322427 202946 204933 141791 215082 52478 162604 151244 15638 135606 32344 183746 24164 94730 103262
is_linear=0
shrinkage=0.0117215


Tree=219
num_leaves=20
num_cat=0
split_feature=82 71 33 33 147 147 121 85 147 147 146 147 48 121 130 89 116 10 60
split_gain=2292.2 760.791 623.193 549.451 345.962 374.592 335.206 328.807 324.913 304.668 301.225 275.609 319.66 289.113 266.725 266.447 254.464 252.959 229.506
threshold=-0.12365256249904631 1.860268294811249 0.1259277015924454 0.78628048300743114 0.64364719390869152 0.012853736989200117 1.4509325027465823 -1.0000000180025095e-35 -0.59109061956405629 -0.90730410814285267 -1.0000000180025095e-35 -0.64743071794509877 0.49869792163372045 0.2185742259025574 -0.18981719762086866 6.62870216369629 -20.969247817993161 0.39467495679855352 0.076981198042631163
decision_type=2 2 10 8 10 10 10 2 10 10 10 10 10 10 10 2 8 10 10
left_child=2 4 -1 16 5 7 -6 -2 9 -9 -8 13 -13 -4 -14 -7 -3 -5 -10
right_child=1 3 11 17 6 15 10 8 18 -11 -12 12 14 -15 -16 -17 -18 -19 -20
leaf_value=-0.0035959777200036901 0.0015438729440609205 0.0079535892681027402 -0.00091267489703564307 0.00216105088676956 0.0023987856890093657 -0.00099259405085842366 0.0047070312254969679 -0.00070778321829095923 0.0043809175240613332 -0.0047493638717096814 -0.0019692262883505931 -0.0015274562824045892 -0.0020178149548895495 -0.003532329007425861 0.001090291354944212 -0.0047989254964631006 0.00053666608954736073 0.0044116278101894342 3.0152784315249539e-05
leaf_weight=15772.781951934099 17567.005474403501 631.73018522560596 13593.593271136284 14576.37890407443 15952.759677439928 11171.200722590089 1105.8375915065408 10256.653621919453 2256.9944097027183 3397.8470443338156 5213.5850481837988 20690.177716985345 4722.8135298416018 10086.97857285291 18890.153636410832 3249.3152411207557 21644.661067299545 13094.485213242471 6183.2725936695933
leaf_count=121133 77933 2880 63123 88980 71145 49969 4891 45844 10030 15071 23069 97182 21466 46832 85900 14540 98667 97144 27826
internal_value=4.95412e-06 0.001002 -0.00149842 0.00212644 0.000266029 -0.000240394 0.00149471 0.000347986 -0.000603457 -0.00171988 -0.00078796 -0.0010107 -0.00046461 -0.00203092 0.000467266 -0.00185661 0.000755083 0.00322889 0.00120243
internal_weight=210058 126302 83756.5 49947.3 76354.5 54082.3 22272.2 39661.8 22094.8 13654.5 6319.42 67983.7 44303.1 23680.6 23613 14420.5 22276.4 27670.9 8440.27
internal_count=1063625 627989 435636 287671 340318 241213 99105 176704 98771 60915 27960 314503 204548 109955 107366 64509 101547 186124 37856
is_linear=0
shrinkage=0.0117215


Tree=220
num_leaves=20
num_cat=0
split_feature=82 79 79 84 1 98 1 40 1 126 118 115 132 132 149 126 137 132 133
split_gain=2266.72 914.537 632.24 531.781 542.578 521.536 488.995 471.856 326.329 317.026 293.551 283.238 268.066 266.171 256.668 244.145 242.583 230.72 221.763
threshold=0.24792518466711047 -1.518943130970001 0.36667433381080633 -1.0000000180025095e-35 -0.11183826625347136 -0.23471054434776303 -0.098024301230907426 0.30075921118259435 -0.27501565217971796 0.40049888193607336 0.71913081407547008 0.72512707114219677 1.5404330492019656 1.102236866950989 0.048561483621597297 0.15213377028703692 7.9026944637298593 -0.44678427278995508 0.2132326886057854
decision_type=2 2 2 2 10 10 8 10 10 8 10 10 10 10 10 10 10 10 10
left_child=1 -1 8 4 7 11 13 18 -2 10 16 -6 17 -5 -11 -12 -8 -7 -3
right_child=2 3 -4 6 5 12 9 -9 -10 14 15 -13 -14 -15 -16 -17 -18 -19 -20
leaf_value=-0.0035504829217105544 -0.0060551756040162141 -0.0025573605585359361 0.0029985334207869273 -0.0018396175486982476 -0.00079444146228289871 -0.001487936542924715 0.0029194643532500369 0.0017130631936563951 0.00089651272604026884 0.00094338386928711723 -0.0060411097024949539 0.0052497503754061984 0.0031053932622197452 0.0030185390463813191 -0.0029715413294311051 0.0027475781228322852 0.00025085407326515448 -0.0037735122159192748 0.0019551166717850419
leaf_weight=15534.932308271527 928.78544930368662 7649.8727156817913 30179.672165513039 14207.710374370217 22070.184611283243 8853.3213401138783 17201.496492236853 13784.285779103637 36736.837806247175 5585.0786927714944 1111.5195573121309 1096.0908220931888 983.90382607281208 1717.6538326218724 3880.1234420239925 685.91352772712708 6432.5820570364594 19580.563069038093 1840.5012477114797
leaf_count=106907 4178 41402 189389 65462 107527 44366 77290 60268 170692 25019 5025 5240 4374 7989 17354 3059 28734 90187 9679
internal_value=-2.74821e-05 -0.000868462 0.00173505 -0.000538972 -0.00116045 -0.00181973 0.000388766 0.000329391 0.000721459 0.00116528 0.0018464 -0.000503484 -0.00285504 -0.00131199 -0.000664836 -0.00269503 0.0021941 -0.00306366 -0.0016796
internal_weight=210061 142216 67845.3 126681 75858.7 52584.1 50822.1 23274.7 37665.6 34896.7 25431.5 23166.3 29417.8 15925.4 9465.2 1797.43 23634.1 28433.9 9490.37
internal_count=1064141 699882 364259 592975 363043 251694 229932 111349 174870 156481 114108 112767 138927 73451 42373 8084 106024 134553 51081
is_linear=0
shrinkage=0.0117215


Tree=221
num_leaves=20
num_cat=0
split_feature=82 81 31 40 48 147 68 121 121 146 146 105 126 147 143 115 40 11 88
split_gain=2246.06 906.034 491.643 443.392 363.489 318.731 423.957 319.523 296.96 273.598 270.118 253.178 242.345 247.588 224.45 212.74 204.782 202.414 198.26
threshold=0.1827821955084801 -1.0000000180025095e-35 0.45007927715778356 0.056442905217409141 0.50911459326744091 0.64364719390869152 17.736027717590336 1.4509325027465823 1.4671676158905032 1.0000000180025095e-35 -1.0000000180025095e-35 3.4107705354690556 0.4062934815883637 0.59802892804145824 -0.18447030335664746 1.0052430629730227 0.57666704058647167 -0.54455214738845814 0.23536632955074313
decision_type=2 2 10 10 10 8 10 10 10 10 10 10 8 8 10 10 10 10 2
left_child=1 3 5 -1 -5 6 17 -7 11 -10 -9 12 18 15 -6 -14 -12 -2 -3
right_child=2 8 -4 4 14 7 -8 10 9 -11 16 -13 13 -15 -16 -17 -18 -19 -20
leaf_value=-0.0045355314567765348 -0.00021535865838689732 0.00012748539213470046 0.0042757511840983715 -0.0023221805994575674 -0.0026962142733447545 0.0031762731085470484 -0.0014020029031966412 0.0050123029210301945 0.0013421421742942047 -0.0047604834128046718 -0.0068650770597100267 0.002859544932054757 0.00037401604791849357 0.0003382756274506861 -0.00026441473646961959 -0.0064246112308346164 -0.00014666038592061706 0.0018718176885571811 0.0021569679097585793
leaf_weight=6866.1391821354628 8591.0715443193913 30394.430742636323 8561.9170576483011 33189.361612871289 6181.3511417359114 17806.188491560519 10118.784948445857 1201.3223408609629 1534.7197351306677 2878.354220315814 707.2709436416626 5625.4191533848643 905.46868927031755 3185.8641206249595 32727.670012928545 2054.6890583261847 4255.127223290503 24775.803069837391 8430.6599881276488
leaf_count=61684 38661 131104 74140 167001 32766 86904 47995 6017 6747 12644 3020 28480 3932 13857 159073 8855 21214 123592 36824
internal_value=2.40176e-05 -0.000889089 0.00163307 -0.00169345 -0.00142141 0.00129628 0.000697443 0.00238095 0.00026577 -0.00264229 8.00589e-05 0.000520512 0.000226595 -0.00193169 -0.000652128 -0.00435832 -0.00113179 0.00133465 0.000569205
internal_weight=209992 133974 76017.5 78964.5 72098.4 67455.6 43485.7 23969.9 55009.6 4413.07 6163.72 50596.5 44971.1 6146.02 38909 2960.16 4962.4 33366.9 38825.1
internal_count=1064510 662967 401543 420524 358840 327403 210248 117155 242443 19391 30251 223052 194572 26644 191839 12787 24234 162253 167928
is_linear=0
shrinkage=0.0117215


Tree=222
num_leaves=20
num_cat=0
split_feature=82 79 79 84 84 104 147 153 26 95 102 147 67 147 157 85 147 97 38
split_gain=2154.46 795.467 737.023 432.551 304.136 251.671 374.348 311.304 239.837 218.109 293.496 212.927 243.078 311.577 260.225 204.141 266.099 215.866 214.499
threshold=0.038738736882805831 -0.23399525135755536 0.54126253724098217 1.0000000180025095e-35 1.0000000180025095e-35 9.2863955497741717 0.72647717595100414 0.52777779102325451 0.5938764512538911 -1.3449015617370603 0.20397275686264041 0.53167477250099193 10.51522731781006 -0.053147327154874795 -0.43702626228332514 -0.32313627004623408 0.64364719390869152 2.6367757320404057 0.27634966373443609
decision_type=2 2 2 2 2 10 8 2 10 8 10 10 10 10 8 2 10 8 10
left_child=1 3 5 -1 -4 7 -7 9 15 -2 -11 12 13 -9 -14 16 17 -3 -17
right_child=2 8 4 -5 -6 6 -8 11 -10 10 -12 -13 14 -15 -16 18 -18 -19 -20
leaf_value=-0.0030509790798700326 0.0033244402896531631 -0.00017387503228716262 0.0012038030393652448 -0.00083035372789860102 0.0035930708729726684 -0.0021249012686727895 0.0013846171121555109 0.003181717538110669 0.00072691677253375352 -0.0034692841935385554 0.0002308483614621632 0.0032921912616104016 -0.0049627654918651103 -0.0011939100427364449 0.00054223264082430694 -0.0017274153312202385 0.0031355591546236412 -0.0072860013626676618 0.0025288963774220559
leaf_weight=31090.382338523865 2178.139008924365 11341.810995772481 11428.487239465117 19708.79414344579 20501.101712144911 9956.184888266027 7159.6960547566414 8963.6095650196075 23197.71950545907 3771.2878059595823 13149.375562109053 8881.0823833867908 1492.9961357936263 2962.5787121355534 5300.1746037006378 23034.770730920136 3469.8332071974874 595.11350721865892 1730.0068526342511
leaf_count=194071 9657 54259 57379 93434 140232 44992 33038 40995 101720 17133 58500 41809 7225 13417 25788 103491 16428 2765 7760
internal_value=-1.04124e-05 -0.00109778 0.00128615 -0.00219021 0.00273939 0.000558294 -0.000656958 0.00100381 -0.000221573 -0.000146692 -0.000597472 0.00179937 0.00108792 0.00209456 -0.000680465 -0.000769398 0.00028977 -0.000541939 -0.00142798
internal_weight=209913 114168 95744.7 50799.2 31929.6 63815.1 17115.9 46699.2 63369.3 19098.8 16920.7 27600.4 18719.4 11926.2 6793.17 40171.5 15406.8 11936.9 24764.8
internal_count=1064093 573928 490165 287505 197611 292554 78030 214524 286423 85290 75633 129234 87425 54412 33013 184703 73452 57024 111251
is_linear=0
shrinkage=0.0117215


Tree=223
num_leaves=20
num_cat=0
split_feature=32 40 40 25 109 147 147 119 136 125 147 147 158 146 85 1 85 108 125
split_gain=1836.01 779.719 767.426 446.628 445.968 365.041 313.623 335.704 490.976 331.072 468.966 304.549 537.404 291.154 280.154 261.773 276.403 270.998 260.982
threshold=-0.38141690194606775 0.58208438754081737 0.15717274695634845 -0.17961713671684262 1.0000000180025095e-35 -0.63601300120353688 0.64364719390869152 -0.44140300154685969 -0.7776050567626952 0.31224688887596136 0.92809960246086132 -0.15035066008567807 9.5000000000000018 1.0000000180025095e-35 0.22797717154026034 0.11167781427502634 -0.24514145404100415 -1.0000000180025095e-35 0.36477853357791906
decision_type=10 10 8 10 10 8 10 8 10 10 10 8 2 10 2 10 2 10 10
left_child=2 -2 -1 14 6 -6 7 8 18 -8 -11 12 -7 -10 -3 16 -9 -17 -4
right_child=1 3 4 -5 5 11 9 15 13 10 -12 -13 -14 -15 -16 17 -18 -19 -20
leaf_value=-0.0029013850222804052 -0.00063339957651398866 0.0026856537672774153 -0.0055402767444532076 0.0035105797444931822 -0.0029712493749057215 0.0068763246959711597 0.00051939905520449541 0.00096425100272869624 0.0029572690505306302 0.010734679002296519 0.0021209603042919118 -0.0011420792844092831 -0.00037722877445965229 -0.0025958378990557501 0.00046665299553529392 -0.0058708317257216607 -0.0013851516227622253 -0.0011359172031194583 0.0025978267009612926
leaf_weight=20261.12656955421 17556.503465801477 12880.315593838692 1903.4668054953218 21688.607449911535 12412.190771862864 1863.8088141903281 8518.2833120375872 12955.115775644779 10730.838593766093 1176.7237495258451 3203.1001058667898 34867.935377366841 5466.1190869137645 1457.0139402970672 19862.558134838939 2514.7720657140017 14620.515006281435 4848.3797672241926 736.94827418029308
leaf_count=143095 75015 61696 8398 156609 57276 8287 38042 57764 47910 5318 14504 158533 24957 6533 97105 11634 65623 21734 3266
internal_value=-2.41618e-06 0.00151394 -0.000796214 0.00220652 -0.00043201 -0.00120608 0.000242754 -0.000179618 0.00129687 0.00186985 0.00447971 -0.000685512 0.00148309 0.00228973 0.00134085 -0.000806694 -0.000281513 -0.00276646 -0.00326605
internal_weight=209524 71988 137536 54431.5 117275 54610.1 62665.2 49767.1 14828.3 12898.1 4379.82 42197.9 7329.93 12187.9 32742.9 34938.8 27575.6 7363.15 2640.42
internal_count=1063299 390425 672874 315410 529779 249053 280726 222862 66107 57864 19822 191777 33244 54443 158801 156755 123387 33368 11664
is_linear=0
shrinkage=0.0117215


Tree=224
num_leaves=20
num_cat=0
split_feature=81 79 79 84 1 84 18 1 71 119 102 147 114 143 145 147 147 119 145
split_gain=2120.53 734.105 692.33 483.27 623.713 429.85 529.488 466.024 401.492 384.613 354.718 276.879 331.013 265.252 253.621 247.719 327.443 289.672 241.333
threshold=-1.0000000180025095e-35 1.4909331798553469 -1.5695689320564268 1.0000000180025095e-35 -0.11030662059783934 1.0000000180025095e-35 -0.3446336537599563 -0.11030662059783934 -2.655378937721252 0.32255949079990393 1.029315769672394 -1.7458056807518003 -0.85490047931671131 0.07014800608158113 1.0352112650871279 -0.41457647085189814 -0.093597423285245882 -0.45362804830074305 -1.0458977818489072
decision_type=2 2 2 2 10 2 10 8 2 10 10 8 8 10 10 8 8 8 10
left_child=2 5 -1 8 14 7 -7 18 -4 15 11 12 -6 -13 -5 17 -17 -9 -2
right_child=1 -3 3 4 10 6 -8 9 -10 -11 -12 13 -14 -15 -16 16 -18 -19 -20
leaf_value=-0.0035543265614876125 -0.0017767132129547563 0.003481760517274766 -0.0041085048222643823 -0.0028358983332890495 0.0042055104436417934 0.00045520293475682141 0.0029728666130029659 0.00081121879958615092 -0.0011498716168142982 -0.0044241146427627101 -0.00090794505054859098 0.0032616939810704041 -0.0060018997261520879 0.00015241554862514738 0.001596164790814297 0.0043946514435311106 -0.00018272357903901647 -0.0032377294580100023 0.0025772949983642133
leaf_weight=14720.127336539328 2091.8421153202653 15843.816696569324 7474.7653281837702 10306.655018076301 659.02379450201988 27027.310320362449 19937.473147064447 3767.7709597200155 39750.477600201964 3639.4213277995586 8741.7915298938751 12932.740356639028 1197.9716031849384 5319.9628891348839 2125.9094960987568 2497.7819078937173 14467.913010403514 6762.426799595356 10222.509875059128
leaf_count=102559 9200 109188 52432 46534 2837 119671 118828 16204 188492 15668 37621 56859 5211 22906 9378 10955 63470 29563 46098
internal_value=-6.07566e-06 0.00115618 -0.00120242 -0.000810439 0.000115965 0.00074786 0.00152494 -9.24564e-05 -0.00161995 -0.000855873 0.00106163 0.00191788 -0.0023722 0.00235681 -0.00207647 -0.00038023 0.00049628 -0.0017904 0.00183572
internal_weight=209488 106258 103229 88509.3 41284.1 90414.4 46964.8 43449.7 47225.2 31135.3 28851.5 20109.7 1857 18252.7 12432.6 27495.9 16965.7 10530.2 12314.4
internal_count=1063674 538845 524829 422270 181346 429657 238499 191158 240924 135860 125434 87813 8048 79765 55912 120192 74425 45767 55298
is_linear=0
shrinkage=0.0117215


Tree=225
num_leaves=20
num_cat=0
split_feature=81 79 70 84 1 71 98 84 95 1 145 95 84 1 102 12 113 145 145
split_gain=2047.49 714.814 698.689 459.915 548.07 412.307 384.401 360.48 316.542 316.19 294.754 283.136 269.853 287.624 387.439 265.794 255.039 227.623 223.482
threshold=1.0000000180025095e-35 1.637990474700928 -3.4032220840454097 1.0000000180025095e-35 -0.10101978480815886 2.5958470106124882 -0.017287792637944218 1.0000000180025095e-35 1.268088221549988 -0.089602276682853685 1.5139355063438418 -1.2597648501396177 -1.0000000180025095e-35 -0.11030662059783934 1.0663557052612307 0.6616467833518983 0.56318876147270214 -1.0260554552078245 -1.1673544049262998
decision_type=2 2 2 2 10 2 8 2 10 10 8 8 2 8 10 10 10 10 10
left_child=2 3 7 4 17 8 -6 -1 18 -9 11 -4 15 -14 -15 -13 -10 -2 -5
right_child=1 -3 10 5 6 -7 -8 9 16 -11 -12 12 13 14 -16 -17 -18 -19 -20
leaf_value=-0.0035934564579383137 -0.0014673697119595367 0.0036563530427540943 0.0012154058407603061 -0.0013588020233966009 -7.2342368043982694e-05 0.0040982374620020835 -0.0029833367631117952 -0.0034713827243722088 -0.0060873795475967609 0.00048896751942252808 0.0019262001095736547 -0.0025793278860033208 -0.0019904544244670032 0.0014999203844089 -0.0022969657951358597 -0.00032543480781890941 -0.00013125334329086124 0.002531969701191406 0.001845502715402083
leaf_weight=19360.8806008026 2352.7306047081947 13865.981002606452 8826.271339468658 3290.8461955487728 18883.783538252115 7517.8508527502418 9280.678108394146 4400.0605064257979 1233.2042304798961 7396.5755642130971 6177.3379138037562 20259.374916121364 8624.5562683045864 15034.867974296212 4869.6976015269756 11146.745150133967 4623.3728909939528 11176.546892024577 31172.155043557286
leaf_count=139866 10341 97626 40420 15435 81964 52930 40598 23533 5853 36356 27164 99813 37408 64461 20690 48453 22149 50651 148362
internal_value=8.32766e-06 0.00118202 -0.00113552 0.000797965 -0.00010196 0.00158198 -0.00103324 -0.00261004 0.00111072 -0.000992142 -0.000521829 -0.00074233 -0.00103099 -0.00020545 0.000569406 -0.0017802 -0.00140455 0.00183516 0.00153882
internal_weight=209494 103397 106096 89531.2 41693.7 47837.4 28164.5 31157.5 40319.6 11796.6 74938.9 68761.5 59935.2 28529.1 19904.6 31406.1 5856.58 13529.3 34463
internal_count=1064073 525909 538164 428283 183554 244729 122562 199755 191799 59889 338409 311245 270825 122559 85151 148266 28002 60992 163797
is_linear=0
shrinkage=0.0117215


Tree=226
num_leaves=20
num_cat=0
split_feature=71 70 38 18 93 26 38 126 136 126 38 125 149 26 157 126 157 123 115
split_gain=1706.51 776.425 394.29 298.582 266.668 257.136 253.677 242.303 238.116 257.19 282.979 336.936 256.627 254.291 240.244 210.736 205.448 205.32 195.494
threshold=-1.8523762226104734 3.4398208856582646 -0.33954069018363947 -1.445186913013458 -1.5085986852645872 1.0703865289688113 0.38015238940715795 0.7676236927509309 -0.7776050567626952 -0.37195345759391779 0.22581449151039126 0.13803144544363025 -1.0000000180025095e-35 0.5938764512538911 -1.711953282356262 -0.28583897650241846 1.851770877838135 0.53550559282302868 -2.7761647701263423
decision_type=2 2 10 10 8 8 10 10 8 8 10 10 8 10 10 10 10 10 8
left_child=2 8 4 -4 -1 6 15 -5 14 12 13 -12 17 18 -2 -3 -13 -10 -11
right_child=1 5 3 7 -6 -7 -8 -9 9 10 11 16 -14 -15 -16 -17 -18 -19 -20
leaf_value=-0.00024300373574817735 0.0035194833041106181 0.0034809866667059567 -0.0038752730718323069 -0.00049355135693616449 -0.0035135627511142446 0.0036413318136050469 0.0042057171696866773 -0.0061552577895202885 0.0022099881689517913 0.0021343543332633871 0.0059711037218820647 0.0009972442071493517 -6.419915508821198e-05 0.0007457839129630375 -0.0031961437735505494 -0.00013972898922193027 -0.004524505939754642 0.0067367150523807299 -0.0010104662290338817
leaf_weight=4289.2428045421839 851.88873016089201 2812.561867184937 4284.2360700666904 41428.87394862622 17053.239976033568 13056.831616871059 3523.9186145365238 1042.2823735699058 4927.8041520938277 2899.346382252872 1830.660278223455 27653.015733979642 4690.0656249672174 22985.869194984436 4535.2634475156665 9978.1254732981324 935.10101296007633 1910.2139922231436 38663.184669263661
leaf_count=30574 3722 13985 25380 191561 117391 97187 26150 4835 21833 12660 9342 137310 20810 99721 19914 49052 4567 8437 169546
internal_value=-1.39505e-05 0.00072083 -0.00153781 -0.000934408 -0.00285725 0.00241613 0.0014318 -0.00063579 0.000275368 0.00039716 0.000196233 0.00112784 0.00204864 -0.000243042 -0.00212361 0.000661312 0.000813097 0.0034931 -0.000790016
internal_weight=209352 141254 68097.9 46755.4 21342.5 29371.4 16314.6 42471.2 111882 106495 94967.2 30418.8 11528.1 64548.4 5387.15 12790.7 28588.1 6838.02 41562.5
internal_count=1063977 694236 369741 221776 147965 186374 89187 196396 507862 484226 433146 151219 51080 281927 23636 63037 141877 30270 182206
is_linear=0
shrinkage=0.0117215


Tree=227
num_leaves=20
num_cat=0
split_feature=82 26 24 82 147 147 89 87 68 147 89 147 145 120 137 118 118 82 148
split_gain=2087.86 663.352 632.617 364.737 283.404 352.84 313.2 312.577 326.669 263.755 364.847 279.34 368.091 280.076 267.893 259.644 236.458 222.334 216.39
threshold=-1.0000000180025095e-35 0.25431445240974432 0.35861973464488989 -0.52486604452133168 0.64364719390869152 0.08659409731626512 6.6180710792541513 -1.0000000180025095e-35 10.983932971954347 -0.59109061956405629 6.8292529582977304 -0.90730410814285267 -1.4736309647560117 -1.4169353246688841 8.8092341423034686 0.73972281813621532 -0.30314925312995905 0.53476873040199291 -0.13441208004951474
decision_type=2 10 10 2 10 10 2 2 10 10 2 10 10 8 10 8 8 2 8
left_child=1 3 4 -1 5 9 -7 8 15 11 14 12 -2 -13 -11 -6 -9 -4 -17
right_child=2 -3 17 -5 7 6 -8 16 -10 10 -12 13 -14 -15 -16 18 -18 -19 -20
leaf_value=-0.0034562051444244897 -0.0022889171383087088 -0.00045122347610600119 0.001443151834376722 -0.001181360861392775 0.0034871808593936343 -0.00048913534124571162 -0.00470213627507657 -0.0043352406329182618 0.0077755226121266167 0.0021815652175787696 0.0057974481101785574 0.0046658180830743369 0.0014725748500848499 -0.0029852786703622436 -0.0012714261209835754 0.0035451547085423307 0.0010871209930585154 0.0036509270840609145 -0.0049445975962749593
leaf_weight=20952.022419929504 4554.0979541242123 61596.236741900444 10779.752247147262 18055.244672380388 5617.5040747597814 10721.985322870314 3112.0780398026109 1177.38182220608 1849.574107170105 9802.7641603723168 2679.1117480173707 720.04501333087683 16303.95015553385 5796.9644180387259 4482.8252510651946 646.69808457046747 13892.774697750807 15106.330371506512 1056.4049009904265
leaf_count=147293 20414 272803 60997 93113 25782 48573 13982 5319 8311 44134 12158 3245 73704 26103 20769 3013 62654 115341 4845
internal_value=6.69125e-06 -0.00120899 0.00113599 -0.00240458 0.000633533 0.0001896 -0.00144319 0.00169771 0.00340127 0.000699522 0.00184683 -1.24462e-05 0.000649663 -0.00212634 0.00109771 0.00227495 0.000657457 0.00273366 -0.00171656
internal_weight=208904 100604 108300 39007.3 82414.2 58173.8 13834.1 24240.3 9170.18 44339.8 16964.7 27375.1 20858 6517.01 14285.6 7320.61 15070.2 25886.1 1703.1
internal_count=1062553 513209 549344 240406 373006 263082 62555 109924 41951 200527 77061 123466 94118 29348 64903 33640 67973 176338 7858
is_linear=0
shrinkage=0.0117215


Tree=228
num_leaves=20
num_cat=0
split_feature=81 79 84 19 84 25 119 119 86 124 89 145 104 114 145 86 112 105 104
split_gain=1997.53 728.705 664.378 773.952 465.283 457.037 336.272 367.072 323.966 275.696 364.515 223.017 345.67 235.88 207.554 200.254 199.584 198.011 197.074
threshold=-1.0000000180025095e-35 1.5874905586242678 1.0000000180025095e-35 0.21320018172264102 1.0000000180025095e-35 -0.23885195702314374 -0.25743480026721949 0.044744122773408897 5.9094398021698007 2.4287937879562382 5.9067223072052011 1.5476677417755129 15.309353351593019 0.69028165936470043 1.1549636125564577 5.9902129173278817 -0.74083778262138356 1.0000000180025095e-35 -9.4562783241271955
decision_type=2 2 2 10 2 10 8 8 2 10 2 8 10 10 10 2 8 10 10
left_child=2 4 3 -1 8 15 -4 -8 9 -2 -11 12 13 -9 18 -6 -10 -16 -5
right_child=1 -3 6 14 5 -7 7 11 16 10 -12 -13 -14 -15 17 -17 -18 -19 -20
leaf_value=-0.0039296754442730529 2.0445404400372688e-05 0.0035696328444883357 0.001429889625421125 -5.8789555711701708e-05 0.0010223439983978284 0.0032547779801146005 -0.0025631956185120969 0.0014592071665990684 -0.00049497925049769344 -0.0053366796534260203 -0.00026027113608289746 0.0029959511708002361 -0.0035913059370880269 -0.0017843959863717658 0.0048683836227890916 -0.0025221187978772346 0.0046853216206683077 -0.00091015872433700986 -0.0019170231935623978
leaf_weight=19134.603917703032 31726.186056084931 14399.152018375695 13651.673652239144 11664.102501869202 30279.496915370226 14710.795959375799 10458.228720769286 9786.7937039062381 1572.4063938334584 3360.0373318716884 4572.4582011774182 3130.577719129622 3648.5617790222168 4467.973760150373 1500.2569768279791 2338.6118600666523 2873.4010378271341 1738.1928873211145 23912.922660924494
leaf_count=138044 139827 101182 61001 54489 135681 96293 47636 43937 6989 14549 20205 13604 16415 20139 7128 10214 13038 8031 114884
internal_value=-1.02997e-05 0.00112078 -0.00117142 -0.00200167 0.000734319 0.0015412 -0.000105157 -0.000771156 -0.000131904 -0.000468794 -0.00241985 0.000121709 -0.000384118 0.00044129 -0.00104945 0.0007666 0.0028601 0.00178247 -0.00130823
internal_weight=208926 105833 103094 57950.1 91433.4 47328.9 45143.8 31492.1 44104.5 39658.7 7932.5 21033.9 17903.3 14254.8 38815.5 32618.1 4445.81 3238.45 35577
internal_count=1063286 537978 525308 322576 436796 242188 202732 141731 194608 174581 34754 94095 80491 64076 184532 145895 20027 15159 169373
is_linear=0
shrinkage=0.0117215


Tree=229
num_leaves=20
num_cat=0
split_feature=81 79 79 38 126 113 127 33 133 126 88 142 119 133 126 1 133 1 154
split_gain=1923.78 690.01 639.327 298.549 258.4 284.066 253.736 424.506 247.601 244.168 312.895 286.934 267.632 242.395 239.883 232.953 239.203 220.039 217.459
threshold=-1.0000000180025095e-35 1.5874905586242678 -1.5695689320564268 0.45685906708240515 0.41830307245254522 0.46166050434112554 1.0000000180025095e-35 0.71824395656585704 0.96221023797988903 -0.15752502530813214 -0.50942105054855336 -1.401699364185333 0.23165499418973926 -1.9132237434387205 0.7676236927509309 0.54202011227607738 1.9070929884910586 0.51165947318077099 0.18333333730697635
decision_type=2 2 2 10 8 8 10 10 10 10 2 2 8 8 10 10 10 10 10
left_child=2 3 -1 4 13 6 -6 -8 -7 11 -11 -4 17 18 -10 16 -12 -13 -2
right_child=1 -3 9 -5 5 8 7 -9 14 10 15 12 -14 -15 -16 -17 -18 -19 -20
leaf_value=-0.0034546251838769391 2.4403915878144037e-05 0.0034452909611821804 -0.0025176325878982892 0.0042506054906241179 0.00057810731943412532 -0.001428039223676977 -0.010726234258141867 -0.0016913675586687296 0.003307117863150427 -0.0036401663667059076 -0.00098315467757355886 0.00072238391577563691 -0.0046128292910665144 0.00097096540868663961 -0.0037862501985198131 -0.0061127632372826243 0.0029802722470912923 0.0077352431931739171 -0.0072632912972128766
leaf_weight=14616.500576041639 1424.5231879428029 14415.764380715787 4788.607660882175 3099.0722397342324 1540.3827431872487 5702.7193794697523 1162.508986517787 1824.9626825004816 4053.4252918362617 6577.2501219213009 50207.993845500052 21581.308293491602 1245.4443278387189 71141.701893284917 760.24270317703485 1144.7508767470717 2160.876254491508 609.87189893424511 906.25181163102388
leaf_count=102696 6204 101555 26250 27439 7134 26021 4975 8752 18935 33329 236312 102500 6029 330595 3502 5344 9650 2770 4140
internal_value=-4.44116e-05 0.00106359 -0.00118575 0.000688047 0.000562233 -0.000836403 -0.00328294 -0.00526283 0.000221884 -0.000809438 -0.0012317 8.98246e-05 0.000624554 0.000848792 0.002174 -0.000934227 -0.000818362 0.000923019 -0.002853
internal_weight=208964 106032 102933 91615.8 88516.7 15044.2 4527.85 2987.47 10516.4 88316.1 60090.9 28225.2 23436.6 73472.5 4813.67 53513.6 52368.9 22191.2 2330.77
internal_count=1064132 539252 524880 437697 410258 69319 20861 13727 48458 422184 284635 137549 111299 340939 22437 251306 245962 105270 10344
is_linear=0
shrinkage=0.0117215


Tree=230
num_leaves=20
num_cat=0
split_feature=79 153 153 79 156 141 26 85 133 138 156 130 86 111 123 130 126 133 26
split_gain=1808.09 809.308 474.603 456.156 292.207 311.267 274.669 329.617 327.804 330.957 290.521 257.092 265.024 303.385 258.873 256.678 233.179 212.184 209.261
threshold=-0.25053462386131281 0.47222222387790685 0.52777779102325451 0.4822350293397904 0.78888890147209179 1.0000000180025095e-35 0.8826453983783723 -0.029264348559081551 0.56023451685905468 -15.435529708862303 0.41428571939468389 -0.27919360995292658 5.9902129173278817 -0.31184966862201685 20.153202056884769 0.63136684894561779 0.52152410149574291 0.88897097110748302 0.060177106410264976
decision_type=2 2 2 2 10 2 8 2 10 10 10 10 2 10 10 10 10 10 10
left_child=2 6 18 4 -3 -6 7 11 9 10 -9 -2 14 -14 -13 -10 -7 -18 -1
right_child=1 3 -4 -5 5 16 -8 8 15 -11 -12 12 13 -15 -16 -17 17 -19 -20
leaf_value=-0.0040404505619096994 -0.002895722568872737 0.001315571326719392 -0.00043819384265900559 0.0027682988378237702 -0.0068175602184449569 0.00104115624211553 0.0013251366130717182 -0.0016407150289736434 -0.00067190901159651633 -0.0039669772522742614 0.0053806474919516544 -0.0001121180284365958 0.010305749596568286 0.0014815003293653609 0.0051791417220504237 0.0054567291047889627 -0.0091855386999155578 -0.00094620472796848863 -0.0019469697247440308
leaf_weight=8356.6829432398081 3342.7070656567812 38896.264443792403 30097.158238604665 28273.157556243241 1105.5524720773101 5418.170217551291 12906.962065130472 4073.1518433839083 4104.0212315022945 9472.6503888070583 985.8797707632184 23950.739202484488 742.05421184748411 1814.5405495613813 1318.2207471728325 1192.6802599579096 621.64391823112965 1304.0318569615483 30843.29347846657
leaf_count=65892 15333 180423 141491 176612 4961 25126 67233 18179 18058 42062 4381 109577 3298 8033 6052 5273 2821 6101 162960
internal_value=1.57257e-06 0.000770229 -0.00154577 0.0015907 0.00088647 -0.00108706 -0.000200886 -0.000587542 -0.00176808 -0.00267684 -0.00025405 0.000164242 0.000533951 0.00411262 0.000168427 0.000725939 -0.000205568 -0.00368395 -0.00239539
internal_weight=208820 139522 69297.1 75618.8 47345.7 8449.4 63903.6 50996.6 19828.4 14531.7 5059.03 31168.3 27825.6 2556.59 25269 5296.7 7343.85 1925.68 39200
internal_count=1063866 693523 370343 396044 219432 39009 297479 230246 87953 64622 22560 142293 126960 11331 115629 23331 34048 8922 228852
is_linear=0
shrinkage=0.0117215


Tree=231
num_leaves=20
num_cat=0
split_feature=82 81 79 79 84 111 121 84 18 118 124 156 99 85 94 145 85 85 156
split_gain=2004.9 829.088 496.27 448.869 413.418 306.059 298.541 284.471 445.071 256.856 244.271 264.911 230.739 268.947 222.92 253.759 217.214 203.845 250.351
threshold=-0.29253953695297236 1.0000000180025095e-35 -0.36789733171463007 1.6913185715675356 -1.0000000180025095e-35 -0.23139829188585279 0.28825816512107855 1.0000000180025095e-35 -0.21675105392932889 -0.65285879373550404 -3.5099725723266597 0.13392857462167743 -0.49075962603092188 0.029158644378185276 0.010165461339056494 -1.0624894499778745 0.32760806381702429 -0.32313627004623408 0.10555555671453477
decision_type=2 2 2 2 2 10 8 2 10 8 8 8 8 2 10 10 2 2 10
left_child=2 4 -1 7 12 10 14 9 16 -3 -6 -12 13 -2 15 -7 -9 -4 -19
right_child=1 3 17 -5 5 6 -8 8 -10 -11 11 -13 -14 -15 -16 -17 -18 18 -20
leaf_value=-0.0029236752445797897 0.0031454102038948159 0.0047985980285508399 0.00018495731622882448 0.0034747304912049449 0.0030694565694693188 0.00090520498185975155 0.00046888507252438612 0.001919244207640722 0.0035844625802343029 1.4758213578542478e-05 -0.0057477245092197047 -0.00096050959342393024 -0.0021931591905219954 -0.0043576182865936964 -0.0024571382458368003 0.0068361647669713315 -0.00011035032231239919 0.00028574946686232524 -0.0025786483732665065
leaf_weight=28084.41403990984 2460.0125206708908 1604.7353657111526 15302.806293405592 13146.027944177389 1465.9608998969197 1588.7248795628548 24764.550815872848 15162.044797822833 12660.647059813142 29215.111082807183 2039.7892929986119 6958.180901683867 17352.660992696881 869.98458998650312 696.89112842828035 2647.4456746503711 13850.928345471621 6251.2004540711641 12678.654570579529
leaf_count=180765 11745 7185 74156 94162 6417 6705 107185 69858 84145 129453 8938 30454 82209 3755 3009 11284 66477 28511 57983
internal_value=-8.78554e-06 0.00074037 -0.00176938 0.00148351 -0.000305787 0.00038764 0.000994916 0.00112142 0.00175261 0.000267278 -0.00133425 -0.00205777 -0.0016512 0.00116855 0.00362105 0.00462893 0.000950995 -0.000821061 -0.00163355
internal_weight=208801 146484 62317.1 85639.5 60844.2 40161.5 29697.6 72493.5 41673.6 30819.8 10463.9 8997.97 20682.7 3330 4933.06 4236.17 29013 34232.7 18929.9
internal_count=1064396 722981 341415 451280 271701 173992 128183 357118 220480 136638 45809 39392 97709 15500 20998 17989 136335 160650 86494
is_linear=0
shrinkage=0.0117215


Tree=232
num_leaves=20
num_cat=0
split_feature=82 82 71 71 121 147 147 147 85 102 12 147 102 110 125 92 88 102 39
split_gain=1787.37 732.935 461.963 400.504 347.553 374.185 695.434 409.675 316.099 232.557 218.408 210.865 204.791 230.59 405.56 267.34 199.093 249.386 179.993
threshold=-0.24451419711112973 0.51095861196517955 -2.6397581100463863 2.6130135059356694 1.4509325027465823 0.64364719390869152 0.10036569088697435 -0.64743071794509877 0.023777980357408527 1.3581770658493044 0.60168471932411205 0.64364719390869152 0.14398847520351413 0.062471259385347373 0.29808332026004797 0.064757488667964949 -0.081942621618509279 1.538419842720032 -0.65563878417015065
decision_type=2 2 2 2 10 10 10 10 2 10 10 8 10 10 10 8 2 10 10
left_child=2 4 18 11 5 6 7 8 -2 -9 -4 -3 -7 14 -14 -15 -6 -18 -1
right_child=1 3 10 -5 16 12 -8 9 -10 -11 -12 -13 13 15 -16 -17 17 -19 -20
leaf_value=-0.0038137982204957148 0.0008212285710979631 0.00060721183180807606 -0.0014161556483599357 0.0038677343336552803 0.0017117402020781017 -0.0022985040244804041 -0.0021388139297386232 0.0022630693825991012 -0.0015390381347423726 -0.0022957710715422511 0.00033394362280469097 0.0026311313159175361 0.001538024239853516 -0.00069379131397656049 0.0066734492856860466 0.0032363168048775291 -0.0043031692112644026 0.00031737882721264929 -0.001152370245362857
leaf_weight=13493.539246685803 18523.274397075176 19301.305214904249 36156.789569854736 12145.469238676131 1628.4056060239673 1490.4987258985639 15569.4349706918 20055.798061467707 13426.374499663711 1646.4143119081855 13425.137785196304 11158.128100626171 5407.3000678941607 5698.2021015807986 3465.0432773157954 4050.1368115544319 4912.5238832086325 2373.7094357982278 4742.361394315958
leaf_count=102835 83517 99953 181665 90696 7267 7306 71393 92237 61698 7596 59735 58483 24312 25959 15436 18722 22124 10733 22571
internal_value=3.32259e-05 0.000785956 -0.00152987 0.00206951 0.000228985 0.000449373 4.02723e-05 0.000673283 -0.000171037 0.00191513 -0.000942353 0.00135007 0.00185579 0.00219078 0.00355585 0.000942868 -0.00197491 -0.00280167 -0.00312403
internal_weight=208670 140852 67817.8 42604.9 98247.1 89332.5 69221.3 53651.9 31949.6 21702.2 49581.9 30459.4 20111.2 18620.7 8872.34 9748.34 8914.64 7286.23 18235.9
internal_count=1064238 697432 366806 249132 448300 408176 316441 245048 145215 99833 241400 158436 91735 84429 39748 44681 40124 32857 125406
is_linear=0
shrinkage=0.0117215


Tree=233
num_leaves=20
num_cat=0
split_feature=81 17 84 19 84 119 120 130 132 98 84 130 86 130 121 99 97 133 106
split_gain=1729.54 598.302 588.016 716.822 424.407 294.661 383.764 342.966 293.378 289.719 349.583 262.356 271.855 310.297 256.652 347.045 237.671 230.048 228.911
threshold=-1.0000000180025095e-35 0.39392076432704931 1.0000000180025095e-35 0.21657874435186389 -1.0000000180025095e-35 -0.25743480026721949 -0.56308025121688832 -0.30751015245914454 1.4032301902770998 0.3392332941293717 1.0000000180025095e-35 -0.029507516883313652 5.1619205474853525 0.26427368819713598 0.85399055480957042 0.36641664803028112 1.5837725996971133 -1.9132237434387205 0.16270001977682116
decision_type=2 10 2 10 2 8 8 10 10 8 2 10 2 10 10 10 10 10 10
left_child=2 8 3 -1 -3 11 -7 -8 9 10 14 18 13 -13 15 -2 -16 -12 -4
right_child=1 4 5 -5 -6 6 7 -9 -10 -11 17 12 -14 -15 16 -17 -18 -19 -20
leaf_value=-0.0036978372008643658 0.00017263152280818237 0.00090337540049802818 0.0088684562088921712 -0.00092847358389308425 0.0041916138149325263 -0.0032595426894044292 0.0039522814053940241 -0.00050745035344726842 0.0029424792378079188 -0.0010096415691461973 -0.0047208166462343517 -0.0014693861875982217 -0.0032441621127142157 0.0034593916334366708 0.00020447213858591429 0.006130835482575139 -0.00391810612004865 0.001882216955246303 0.0023076263780521977
leaf_weight=19255.786102876067 23166.157413333654 9455.7031032517552 931.41886215656996 38528.524201996624 12577.354939885437 6341.5594569668174 2626.2883401662111 22366.51932798326 6793.306943282485 15781.123703852296 722.58527225255966 2994.3727183863521 2251.2003375068307 4181.6089014708996 3699.1229830905795 1402.644481793046 3969.6480346098542 27960.235520377755 3237.5825814455748
leaf_count=139730 100950 47878 4164 183145 99262 28936 11784 100522 34806 75801 3369 13324 10365 18542 16145 6031 17297 136376 14461
internal_value=1.19853e-05 0.00106576 -0.00107065 -0.00185244 0.00278288 -6.47629e-05 -0.000689986 -3.55725e-05 0.000611994 0.000404757 0.000771396 0.00137487 0.000289243 0.00140462 -6.62804e-05 0.000518269 -0.00193493 0.00171218 0.00381452
internal_weight=208243 105528 102715 57784.3 22033.1 44930.6 31334.4 24992.8 83494.8 76701.5 60920.4 13596.2 9427.18 7175.98 32237.6 24568.8 7668.77 28682.8 4169
internal_count=1062888 537915 524973 322875 147140 202098 141242 112306 390775 355969 280168 60856 42231 31866 140423 106981 33442 139745 18625
is_linear=0
shrinkage=0.0117215


Tree=234
num_leaves=20
num_cat=0
split_feature=82 33 32 147 104 121 126 133 142 84 19 116 86 1 145 147 97 147 115
split_gain=1798.24 660.474 492.956 322.021 397.061 313.428 306.521 303.808 303.254 269.881 324.221 263.944 248.137 247.477 242.278 269.038 240.619 229.96 220.61
threshold=0.11497968435287477 0.28594850003719335 -0.066025041043758378 0.64364719390869152 8.6659436225891131 1.4509325027465823 0.40049888193607336 1.9626591801643374 1.3175991177558901 1.0000000180025095e-35 0.10904465243220331 4.5250711441040048 5.9902129173278817 -0.095156565308570848 -1.4112490415573118 -0.45028463006019587 -8.0614743232727033 0.64364719390869152 -2.6924705505371089
decision_type=2 8 10 8 10 10 10 10 2 2 10 8 2 10 8 10 10 10 8
left_child=1 7 3 4 -2 -5 12 9 11 10 -1 -8 14 -11 15 16 -3 -14 -16
right_child=2 6 -4 5 -6 -7 8 -9 -10 13 -12 -13 17 -15 18 -17 -18 -19 -20
leaf_value=-0.0043377822956852203 0.0010019656585331005 0.00082727492019274895 0.0038600030689381346 0.0027697716526436972 -0.0014919537245725574 -0.00015618007838644004 -0.0038116281391749438 0.0063490012912536175 0.0039676931738612383 -0.0028226422897474164 -0.0018737242814056069 -0.00027111108169714811 0.0013771997512600088 0.00077325742842866501 0.0020299582377394467 0.0019662087431928299 -0.004955633419047905 0.007985454560668714 -0.00019089488437364923
leaf_weight=11139.343952968717 37254.218081772327 1308.8397326469421 9150.4153847023845 19664.983563840389 11447.888243660331 6752.8932305201888 7458.47248185426 559.68397382646799 1085.2233352288604 4226.3002137690783 21625.434167854488 4723.0325072333217 4108.1228784322739 6879.0927731022239 7026.3137461021543 1586.5754458233714 3942.0398078411818 858.92371771484613 47894.028621718287
leaf_count=87746 179932 5617 78991 95590 54094 33099 34055 3069 4982 22492 124143 21451 17844 33896 30418 6857 17039 3746 210137
internal_value=-2.73702e-05 -0.000922764 0.00129453 0.000980926 0.000415314 0.00202237 -0.000286095 -0.00206827 -0.00191168 -0.00217897 -0.00271394 -0.00244203 3.76702e-05 -0.00059825 -0.000165425 -0.00224223 -0.00351689 0.00255184 9.39728e-05
internal_weight=208692 124421 84270.4 75120 48702.1 26417.9 79991.6 44429.9 13266.7 43870.2 32764.8 12181.5 66724.8 11105.4 61757.8 6837.45 5250.88 4967.05 54920.3
internal_count=1065198 623492 441706 362715 234026 128689 352146 271346 60488 268277 211889 55506 291658 56388 270068 29513 22656 21590 240555
is_linear=0
shrinkage=0.0117215


Tree=235
num_leaves=20
num_cat=0
split_feature=82 82 26 11 39 39 101 116 147 148 156 115 102 49 98 147 110 49 37
split_gain=1728.95 557.097 518.483 481.903 382.382 281.499 253.411 240.613 225.623 238.8 295.38 224.267 257.138 221.651 220.016 209.513 270.71 197.503 192.094
threshold=-0.058646237477660172 0.52250388264656078 0.29615664482116705 -0.51013138890266407 -0.62334674596786488 -0.17785825580358502 -0.90210634469985951 -22.546833038330075 -0.64743071794509877 0.44325134158134466 0.57777780294418346 -1.3824195265769956 0.20397275686264041 0.71223959326744091 0.32685372233390814 -0.7022610306739806 -0.14095479995012281 0.10807291790843011 -0.51416069269180287
decision_type=2 2 10 10 10 10 10 8 8 10 10 8 8 10 8 8 10 10 10
left_child=2 5 4 -3 6 7 -1 13 9 10 -4 15 17 -2 -5 16 -9 -13 -10
right_child=1 3 8 14 -6 -7 -8 11 18 -11 -12 12 -14 -15 -16 -17 -18 -19 -20
leaf_value=-0.0017061740392838004 0.0077163335732903637 -2.8073971103128613e-05 -0.00010223358995133854 0.0034983067262717286 -0.00026846610299272955 0.002783698055614701 -0.003832691184811568 0.0014050118660508335 0.0012898276067406383 -0.0042209598872973552 -0.0059627747664552106 0.0003390920480854926 -0.00016002830231521764 -0.0010257556552600974 0.0013669466801796259 0.002354567918183832 -0.0028721342015884661 -0.0054840980331300696 -0.00052489107931805059
leaf_weight=14652.20764105767 1049.8686998337507 11370.224309697747 10335.764683395624 20381.835968732834 10799.155533708632 5926.3154139593244 16357.030298896134 5478.6955578550696 12361.166978091002 3598.3962788507342 1310.9767044708133 1226.3111859038472 45410.607967056334 625.96388000249863 9940.0946099460125 9293.1997951418161 3201.5716674849391 2266.0243435800076 22688.617329627275
leaf_count=101829 4717 52789 45282 125369 48652 37454 105659 24408 54173 15753 5819 5716 199548 2782 66757 41961 14355 10586 99829
internal_value=-5.33915e-06 0.000945507 -0.00120459 0.00203001 -0.00216881 0.000337969 -0.00282992 0.000125664 -0.000402425 -0.00159164 -0.000772483 1.49879e-05 -0.000396551 0.00448163 0.00280119 0.00113378 -0.000176004 -0.00345062 0.000115545
internal_weight=208274 116171 92103.3 41692.2 41808.4 74478.6 31009.2 68552.2 50294.9 15245.1 11646.7 66876.4 48902.9 1675.83 30321.9 17973.5 8680.27 3492.34 35049.8
internal_count=1063438 586442 476996 244915 256140 341527 207488 304073 220856 66854 51101 296574 215850 7499 192126 80724 38763 16302 154002
is_linear=0
shrinkage=0.0117215


Tree=236
num_leaves=20
num_cat=0
split_feature=82 70 70 147 104 120 126 102 147 122 84 129 137 84 142 144 147 87 12
split_gain=1723.72 636.212 468.038 344.559 322.564 315.796 297.297 290.329 300.76 294.701 264.897 255.198 246.98 218.317 214.921 204.48 319.282 226.385 200.384
threshold=-0.058646237477660172 3.4398208856582646 -3.7081727981567378 -0.64743071794509877 -8.6407842636108381 -1.4490586519241331 0.53939157724380504 0.19104319810867312 0.64364719390869152 0.18935724347829822 -1.0000000180025095e-35 1.3548318743705752 6.2331485748291025 1.0000000180025095e-35 0.27045740187168127 1.0000000180025095e-35 -0.87228262424468983 1.0000000180025095e-35 0.60168471932411205
decision_type=2 2 2 10 10 8 8 10 8 10 2 10 10 2 2 10 10 2 10
left_child=2 6 -1 5 -5 -4 7 -2 11 -10 -3 12 -9 18 -13 -7 17 -17 -6
right_child=1 10 3 4 13 15 -8 8 9 -11 -12 14 -14 -15 -16 16 -18 -19 -20
leaf_value=-0.0028736297921381068 -0.0013537324358426093 0.00094245727902119325 0.00032633448591382741 0.0015022494832534388 -0.0021331187319942615 -0.0034611219005397415 -0.0013985341629164985 0.0012548228686358413 0.0028092686293294798 -0.00020012387624883542 0.0034369149698873897 -0.0072342214808520308 -0.00050241902565848623 0.00047733886243394197 0.0011868161409798544 0.0038049243313037348 -0.0053650018954579329 -0.0016160748400714572 0.00020354944416969438
leaf_weight=18538.077814504504 8335.7731233909726 9035.3298997581005 6549.1675098463893 11520.006720669568 16368.715078964829 13190.535500906408 10304.2158729285 29020.855014458299 17504.081413447857 5997.8325509205461 16682.691762946546 1049.3475245460868 17661.343484118581 12960.279606364667 671.15457459539175 1920.0582482293248 1523.9329625815153 2303.8409722223878 7277.1080452650785
leaf_count=129252 38744 47696 31215 53654 82886 63521 46964 130533 80683 27690 123591 4684 83372 58452 3241 8765 7106 10548 32170
internal_value=-1.28736e-05 0.000936088 -0.00121006 -0.000790348 -0.000206475 -0.00189163 0.000473673 0.000714431 0.00095455 0.00204182 0.0025622 0.000425902 0.000590084 -0.000744826 -0.00397725 -0.0026581 -0.000808742 0.000855497 -0.00141451
internal_weight=208414 116263 92151.7 73613.6 48126.1 25487.5 90544.6 80240.4 71904.6 23501.9 25718 48402.7 46682.2 36606.1 1720.5 18938.4 5747.83 4223.9 23645.8
internal_count=1064767 587198 477569 348317 227162 121155 415911 368947 330203 108373 171287 221830 213905 173508 7925 89940 26419 19313 115056
is_linear=0
shrinkage=0.0117215


Tree=237
num_leaves=20
num_cat=0
split_feature=81 70 70 40 145 145 147 85 40 147 147 132 118 119 40 97 99 147 74
split_gain=1642.49 570.111 512.706 401.297 308.728 295.325 251.668 235.962 328.755 216.178 281.789 212.406 342.779 299.985 202.069 217.759 201.752 199.983 195.958
threshold=-1.0000000180025095e-35 3.3465713262557988 -3.4233489036560054 0.65613588690757763 -1.3791007399559019 1.4481876492500307 0.56416878104209911 0.16101171821355822 0.43678826093673712 0.71326732635498058 -0.010081271175295113 -1.5405874848365781 -0.090536721050739274 -0.43141876161098475 0.044689536094665534 -6.7922527790069571 -0.55480509996414173 -0.56718093156814564 0.25652612745761877
decision_type=2 2 2 8 10 8 8 2 10 10 10 10 8 8 10 10 8 10 10
left_child=2 4 14 -3 17 11 -7 8 16 10 -10 12 -4 18 -1 -16 -6 -2 -13
right_child=1 3 5 -5 7 6 -8 -9 9 -11 -12 13 -14 -15 15 -17 -18 -19 -20
leaf_value=-0.0044318621015704447 -0.0027911154816515006 0.00027067679242065722 -0.0067082165437833191 0.003362777380371682 0.0041786453960855263 -0.0020527989703315991 0.003372892274324761 2.1830730984890588e-05 0.0025676531565362965 0.0040073291256059089 -0.00064951579983078909 0.00072715583429573238 -0.00024043011629963426 -0.00095979386611207607 0.00090895197836388304 -0.0023489902281876879 -0.00055690076346058461 0.0015454279407376202 0.0066753481252997899
leaf_weight=5341.2103143930435 5843.2080369219184 8167.6483317092061 2060.8982824087143 19629.339158274233 1352.96022605896 1577.9234828352928 4427.5759375691414 32803.390164345503 11380.527702562511 6656.6995357349515 5554.6410561725497 10137.415455363691 2452.3036802709103 51560.150573469698 3243.9939868375659 20942.963975518942 12114.070226162672 1928.8017639443278 800.34711413085461
leaf_count=50894 25968 39015 10237 145269 5682 6920 19468 154745 51753 30354 25232 46445 12043 232900 19978 122457 51691 8497 3676
internal_value=-1.17604e-05 0.00101544 -0.00106786 0.00245521 0.000499344 -0.000540445 0.00194489 0.000746006 0.00138661 0.00222006 0.001513 -0.000763778 -0.00321313 -0.000585771 -0.00237059 -0.00191158 -7.47569e-05 -0.0017135 0.00117565
internal_weight=207976 105431 102545 27797 77634.3 73016.6 6005.5 69862.3 37058.9 23591.9 16935.2 67011.1 4513.2 62497.9 29528.2 24187 13467 7772.01 10937.8
internal_count=1063224 538206 525018 184284 353922 331689 26388 319457 164712 107339 76985 305301 22280 283021 193329 142435 57373 34465 50121
is_linear=0
shrinkage=0.0117215


Tree=238
num_leaves=20
num_cat=0
split_feature=82 33 24 119 136 101 133 35 110 1 40 150 146 85 95 131 142 113 130
split_gain=1662.25 697.199 437.6 299.277 322.862 306.007 270.253 269.565 257.999 311.755 245.418 240.551 228.643 215.508 211.184 201.185 202.066 201.698 196.88
threshold=0.19676738977432254 0.28594850003719335 0.41659444570541387 0.37186218798160559 0.80457746982574474 -0.19674056023359296 2.0205602645874028 0.20312500000000003 0.84741812944412243 -0.25315074622631067 0.050745183601975448 0.57611095905303966 -1.0000000180025095e-35 0.012258244678378107 -1.2597648501396177 0.34470836818218237 1.7938929200172427 -0.1648614555597305 0.88723331689834606
decision_type=2 8 10 10 10 10 10 8 10 10 10 10 10 2 8 10 2 10 10
left_child=1 6 8 5 12 7 10 -3 9 11 -1 -2 -5 -9 -12 16 -11 -18 -15
right_child=2 3 -4 4 -6 -7 -8 13 -10 15 14 -13 -14 18 -16 -17 17 -19 -20
leaf_value=-0.0042064123527212182 -0.0062407905664204951 0.0013616806813423143 0.0032929632289935883 0.0020180657457132857 0.0025687652552917233 0.0024882373021521149 0.0063714798062360261 0.00011177353978009058 -0.00053744689483716901 0.0019260437284367899 0.00041413286458058507 0.00233902867525767 -0.003543489884317963 -0.0015940202406547099 -0.0020455744531289091 0.0005494180941009952 0.00061498590680565484 0.0093183904888677112 0.0032356922298974944
leaf_weight=6202.3870317563415 1246.2177094891667 13325.869462810457 13797.201884172857 1145.0914333835244 1783.2891235128045 6639.4301038384438 508.77157994359732 33925.104830831289 12261.683885604143 26751.539433673024 5573.462213203311 679.16067669540644 8117.5729692950845 22437.469781689346 34038.403112195432 16759.111209511757 572.57751008868217 1007.2557413130999 1201.5127165094018
leaf_count=58212 5565 56938 107588 5194 8156 31572 2757 148666 60509 122487 31427 3405 36453 98820 188609 84495 2773 4977 5241
internal_value=-9.16515e-06 -0.000780407 0.00141437 -0.000170862 -0.00197381 8.65264e-05 -0.00194526 -0.000139157 0.000975993 0.00137077 -0.00204081 -0.00322254 -0.00285261 -0.000487005 -0.00169945 0.00156847 0.00217033 0.00621875 -0.0013456
internal_weight=207973 134898 73074.7 88575.3 11046 77529.4 46323 70890 59277.5 47015.9 45814.3 1925.38 9262.66 57564.1 39611.9 45090.5 28331.4 1579.83 23639
internal_count=1063844 672045 391799 391040 49803 341237 281005 309665 284211 223702 278248 8970 41647 252727 220036 214732 130237 7750 104061
is_linear=0
shrinkage=0.0117215


Tree=239
num_leaves=20
num_cat=0
split_feature=78 40 40 104 114 18 147 87 62 114 147 147 147 147 97 105 104 102 138
split_gain=1283.15 592.285 477.673 342.792 364.493 336 263.684 385.918 363.196 332.045 285.211 268.758 518.686 559.862 323.073 231.718 241.452 214.529 219.053
threshold=1.0000000180025095e-35 0.15717274695634845 0.5466289520263673 9.6029272079467791 0.24155031889677051 -1.3537911772727964 0.65712237358093273 1.0000000180025095e-35 0.16800912469625476 -0.96967753767967213 1.3321237564086916 0.012853736989200117 -0.64743071794509877 -0.90730410814285267 -6.2415893077850333 2.8340569734573369 -9.6210246086120588 0.94469845294952404 42.527687072753913
decision_type=2 8 10 10 8 8 10 2 10 8 10 10 10 10 8 8 8 10 10
left_child=1 -1 -2 -4 17 -3 11 8 10 -9 -8 12 13 -7 -14 16 -13 -5 -19
right_child=2 5 3 4 -6 6 7 9 -10 -11 -12 15 14 -15 -16 -17 -18 18 -20
leaf_value=-0.0028413322840334866 1.6509458995038162e-05 -0.0030621651250450663 0.0022308328081945203 0.0022320527056041233 0.0015025947764424883 -0.00035810307007421707 0.0036645696183714438 -0.0070131995279852817 0.0076238492979383383 0.00010378943290984869 -0.0012542435174715005 0.00060515802555645925 0.0062409248313484416 -0.0045666108379904206 0.00087804311749248147 0.00052018544140670952 -0.0036089568385675756 -0.0042141624253651897 0.002159038057675363
leaf_weight=17727.18668949604 43231.92846146971 6452.7754821926355 41023.683120317757 1301.783862374723 11930.246618002653 21605.979486756027 3733.0585073977709 943.0636326149106 1683.9993441775441 13247.541852995753 2831.0946803316474 2303.9139120280743 1711.8842311501503 5413.8804731667042 14083.912336349487 3786.0698742493987 9714.5719616264105 4112.4063871130347 887.46364533156157
leaf_count=130513 189571 37117 236058 6398 66241 98839 16816 4398 7708 60548 12769 10279 7592 24742 64078 17184 44915 22478 4713
internal_value=2.0038e-05 -0.000888989 0.000953459 0.00163677 0.000298917 -0.000492854 -0.000287501 0.000792516 0.00280499 -0.000379894 0.00154617 -0.000701062 -0.000218473 -0.00120455 0.00146758 -0.00200619 -0.00280151 -0.00197702 -0.00307817
internal_weight=207726 105239 102488 59255.6 18231.9 87511.7 81059 22438.8 8248.15 14190.6 6564.15 58620.2 42815.7 27019.9 15795.8 15804.6 12018.5 6301.65 4999.87
internal_count=1062957 537498 525459 335888 99830 406985 369868 102239 37293 64946 29585 267629 195251 123581 71670 72378 55194 33589 27191
is_linear=0
shrinkage=0.0117215


Tree=240
num_leaves=20
num_cat=0
split_feature=39 126 142 147 147 116 147 145 105 126 119 156 151 152 109 86 125 68 18
split_gain=1229.86 628.736 619.537 575.984 546.659 517.475 434.142 611.635 543.583 425.481 502.025 402.289 526.282 395.371 377.644 366.531 364.229 433.168 357.677
threshold=-0.2886239737272262 -0.15752502530813214 -1.2853293418884275 0.64364719390869152 -0.68928775191307057 -12.209325313568113 0.89979875087738048 1.4807413816452029 1.0000000180025095e-35 0.42413571476936346 -0.039797648787498467 0.84999999403953563 -0.070705741643905626 0.23611111193895343 1.0000000180025095e-35 5.9648630619049081 0.26843124628067022 1.864915728569031 -0.22995383292436597
decision_type=10 8 2 8 10 8 8 10 8 10 8 10 8 2 10 2 8 8 10
left_child=1 2 -1 5 14 13 8 11 16 10 -7 12 -8 -3 -4 -6 -5 -18 -2
right_child=18 3 4 6 15 9 7 -9 -10 -11 -12 -13 -14 -15 -16 -17 17 -19 -20
leaf_value=-0.0023035272125343873 0.00076732266770510114 -0.0019775017323324269 0.000282000463463022 0.0013064484941283081 0.0016646564248376015 -0.002615745371055125 -0.0031951051113246033 0.002774139302707773 -0.0007270564236098112 -0.0043881050648965757 -0.0002764559793767501 -0.0042727852034030404 0.00073557073171900804 0.0046080025002197189 -0.0040331801710941605 0.0062170689682349489 0.014681038907902838 0.0044183397127753521 0.0028606599871557601
leaf_weight=9084.9459965676069 25429.766015946865 2129.2987801656127 17395.7859525159 1731.4772495403886 24796.620631784201 28999.562431171536 7046.5143155753613 6213.6526339352131 3688.6607569903135 8802.2633134797215 22291.789680086076 5055.6127967238426 13826.872092738748 2983.0967824235559 3294.094655893743 2676.5325117781758 905.78999726474285 1522.7674337178469 20072.560143187642
leaf_count=52451 124454 11430 85578 8684 121185 143553 35189 28766 16914 41440 109072 25105 65239 13762 15753 12980 4405 7692 140842
internal_value=-1.09661e-05 -0.000488086 0.000500305 -0.00102596 0.00103005 -0.001705 8.15816e-05 -0.000522287 0.00254883 -0.00200963 -0.00159965 -0.00131403 -0.000593442 0.00186863 -0.000408792 0.00211306 0.00544141 0.0083491 0.00169175
internal_weight=207948 162445 57248 105197 48163 65206 39991.3 32142.7 7848.7 60093.6 51291.4 25929 20873.4 5112.4 20689.9 27473.2 4160.03 2428.56 45502.3
internal_count=1064494 799198 287947 511251 235496 319257 191994 154299 37695 294065 252625 125533 100428 25192 101331 134165 20781 12097 265296
is_linear=0
shrinkage=0.0117215


Tree=241
num_leaves=20
num_cat=0
split_feature=79 141 71 147 119 121 147 88 101 86 147 147 87 89 147 119 89 79 83
split_gain=1471.39 838.568 484.229 403.395 586.066 358.052 347.995 299.411 350.125 347.532 294.873 446.56 408.009 339.174 301.754 269.686 377.104 262.503 257.801
threshold=-0.52303600311279286 -1.0000000180025095e-35 2.2723004817962651 -0.68928775191307057 0.32255949079990393 0.78727135062217724 -0.9805215299129485 0.24303063750267032 -1.0892331004142759 5.9414854049682626 0.51980468630790722 -1.0000000180025095e-35 -1.0000000180025095e-35 6.588238239288331 -0.63601300120353688 0.19992830604314807 5.5778396129608163 -1.859874904155731 4.7405652999877939
decision_type=2 2 2 8 10 8 10 2 8 2 10 8 2 2 10 8 2 2 2
left_child=17 3 10 6 7 -6 -2 8 -5 -10 11 12 -3 -12 -14 16 -13 -1 -15
right_child=1 2 -4 4 5 -7 -8 -9 9 -11 13 15 14 18 -16 -17 -18 -19 -20
leaf_value=-0.003431671433895674 -0.00079562736622645978 0.0027858601900484217 0.0027844630146680975 0.0018556635951742495 0.0051932559569013402 -0.0032519780202598784 -0.0040194900366511948 0.0026091868908340284 -0.0010561682987900972 0.0035841870696574117 0.0025321579872298601 0.00040702359823022752 -0.0020332916932104639 0.00012204649072222432 0.0014019050434396364 4.7966232953220449e-05 -0.0054019348073207048 -0.0013649934948338938 -0.0077408444422120311
leaf_weight=11162.000316165388 18041.40528344363 10926.995947368443 22733.611338369548 12334.958888180554 732.34314518421888 8175.7712369710207 6159.3641653358936 9316.0918545126915 21363.99148336798 2451.1592135429382 18180.515219636261 2432.3411480486393 6677.0525027364492 3269.7847086191177 7363.5307054445148 7026.1257072985172 4126.4613089561462 34752.397388041019 671.16541136056185
leaf_count=82649 85499 50289 148818 58010 3598 39058 28937 45154 100288 11277 84099 11206 30884 15019 34276 32313 18855 181324 3134
internal_value=-1.72598e-05 0.000507784 0.0013262 -0.000361097 0.000199313 -0.00254596 -0.00161921 0.000738218 0.00025469 -0.000575529 0.000778949 0.000159655 0.00108991 0.00185693 -0.000232377 -0.00154899 -0.00325385 -0.0018689 -0.00125464
internal_weight=207897 161983 83407.6 78575.1 54374.3 8908.11 24200.8 45466.2 36150.1 23815.2 60674 38552.5 24967.6 22121.5 14040.6 13584.9 6558.8 45914.4 3940.95
internal_count=1064687 800714 428893 371821 257385 42656 114436 214729 169575 111565 280075 177823 115449 102252 65160 62374 30061 263973 18153
is_linear=0
shrinkage=0.0117215


Tree=242
num_leaves=20
num_cat=0
split_feature=79 153 153 79 126 116 41 137 133 32 126 79 156 136 133 133 151 129 151
split_gain=1563.14 735.486 450.427 404.077 337.546 271.801 274.13 279.452 279.711 256.084 223.175 207.721 211.44 201.869 300.782 272.423 248.35 192.435 273.636
threshold=0.22356289625167849 0.52777779102325451 0.47222222387790685 -0.81043913960456837 0.7926524579524995 -20.969247817993161 0.76822915673255932 5.6618041992187509 -1.0141704678535459 -0.60980904102325428 -0.2570767849683761 1.5874905586242678 0.76388889551162731 0.10860756784677507 0.43707258999347692 0.84011372923851024 -0.42774021625518793 -1.1738688945770261 0.062307456508278854
decision_type=2 2 2 2 10 8 10 10 10 10 8 2 10 10 10 10 10 8 8
left_child=1 3 13 -1 5 -3 9 8 -8 -7 -5 12 -4 14 16 -15 -2 -12 -19
right_child=2 4 11 10 -6 6 7 -9 -10 -11 17 -13 -14 15 -16 -17 -18 18 -20
leaf_value=-0.0029707263379028679 0.0014025357424434493 0.0051727923972176449 0.0021905771548244358 0.00022554020536154939 -0.0068109756901489306 -0.0014799871399994774 -0.00036696397943122627 -0.00027528353770998247 0.0044118549135563684 0.00040629412680261455 0.0018786791579305444 0.003650878696504658 -0.00039613600586837155 -0.0045453345735319058 0.0037170498237646928 0.00085644992859728588 -0.0010583438616338847 -0.0025085013623574975 -0.00055136928691092006
leaf_weight=19167.820193253458 11939.162536919117 1535.4863275513053 24160.539078585804 14965.805138975382 897.01435559988022 15139.309280097485 2359.913330771029 6115.2776787281036 5812.7556805685163 28409.959063053131 2250.7380516529083 10469.385585844517 5283.8204685822129 2471.0844077169895 4015.8649765998125 2628.0435575023293 10628.915151759982 21870.025218777359 17821.429502114654
leaf_count=131002 55485 7245 127976 71132 4086 74729 10996 28510 27265 128536 10681 78733 27376 11896 19176 12413 50443 103694 84024
internal_value=2.91164e-06 -0.000733503 0.00140509 -0.00149959 0.000233696 0.000342756 0.000212497 0.00161994 0.00303482 -0.000249886 -0.00100306 0.00223306 0.00172644 0.000361151 0.000771135 -0.00177006 0.000243636 -0.00144133 -0.00163059
internal_weight=207942 136346 71596.8 76075.8 60269.7 59372.7 57837.2 14287.9 8172.67 43549.3 56908 39913.7 29444.4 31683.1 26583.9 5099.13 22568.1 41942.2 39691.5
internal_count=1065398 681900 383498 400533 281367 277281 270036 66771 38261 203265 269531 234085 155352 149413 125104 24309 105928 198399 187718
is_linear=0
shrinkage=0.0117215


Tree=243
num_leaves=20
num_cat=0
split_feature=82 70 26 40 132 87 25 84 1 84 1 97 146 124 132 132 110 1 154
split_gain=1564.28 559.084 419.049 378.478 271.097 274.352 275.484 267.15 306.982 201.523 423.479 484.752 257.809 276.298 200.187 186.019 245.694 208.766 185.717
threshold=-0.10347947850823401 3.3465713262557988 0.26580740511417394 0.64505255222320568 -1.5405874848365781 -1.0000000180025095e-35 -0.60573065280914296 1.0000000180025095e-35 -0.091004081070423112 1.0000000180025095e-35 -0.10578802600502966 1.9632974267005923 -1.0000000180025095e-35 -1.9854444861412046 1.5804001092910769 -1.3729110956192014 -0.78122073411941517 -0.25315074622631067 0.10555555671453477
decision_type=2 2 10 8 10 2 10 2 10 2 10 10 10 10 10 10 10 10 10
left_child=2 4 7 -3 18 9 14 -1 -9 12 11 -11 13 -6 -7 -4 -17 -18 -2
right_child=1 3 15 -5 5 6 -8 8 -10 10 -12 -13 -14 -15 -16 16 17 -19 -20
leaf_value=-0.0028844408749286073 -0.0013533120945047978 0.00015690451090145664 -0.0025602499520885683 0.0031187070355014421 0.0027150134631958589 -0.0017095650916901994 0.0005525445694178335 -0.0032697467765208767 0.000719506549259448 -0.0015670860485051865 0.0030514657045377963 0.0076239530122885106 -0.001181670904884705 -0.0025912631390876319 0.0029853821034696794 0.001545102046540309 0.0037431685904457143 -0.00087316717702139147 -0.0078453889624731203
leaf_weight=24347.250386893749 2948.9154506474733 8323.8975469246507 5467.5011218190193 20591.899191878736 7022.3694372549653 14704.678203776479 33609.057596236467 4111.7935532554984 7363.64713101089 6192.3118089288473 15655.490212969482 879.73935086280107 8325.5890210494399 1647.6605145707726 1342.1879985481501 8277.4990658313036 1377.9994729310274 34411.197908520699 743.32294652611017
leaf_count=169369 13466 39332 25042 150974 31360 64095 157397 22317 36560 28323 71960 4305 37279 7368 5542 36543 6035 152210 3322
internal_value=-7.65253e-06 0.00084393 -0.00122458 0.00226691 0.000401375 0.000530214 -5.06973e-05 -0.00218995 -0.000713618 0.00125599 0.0019774 -0.000402492 0.000289888 0.00170237 -0.00131312 -0.000525734 -0.000272087 -0.000693106 -0.00270126
internal_weight=207344 121987 85356.9 28915.8 93071.3 89379.1 49655.9 35822.7 11475.4 39723.2 22727.5 7072.05 16995.6 8670.03 16046.9 49534.2 44066.7 35789.2 3692.24
internal_count=1062799 614723 448076 190306 424417 407629 227034 228246 58877 180595 104588 32628 76007 38728 69637 219830 194788 158245 16788
is_linear=0
shrinkage=0.0117215


Tree=244
num_leaves=20
num_cat=0
split_feature=81 141 18 71 118 153 118 147 147 130 107 39 147 153 147 118 136 130 137
split_gain=1558.33 475.646 457.641 434.091 322.258 277.793 320.822 328.157 459.037 338.173 277.687 269.74 253.583 424.593 390.599 327.121 289.489 277.666 462.948
threshold=-1.0000000180025095e-35 1.0000000180025095e-35 -0.18604638427495954 -2.6076006889343257 -0.65285879373550404 0.52777779102325451 0.70064684748649608 0.71326732635498058 0.10036569088697435 -0.28459899127483362 0.11879783868789674 -0.62334674596786488 -0.54681852459907521 0.61250001192092907 0.19289327412843707 -0.04423315450549125 -0.29100269079208368 0.18938337266445163 7.9026944637298593
decision_type=2 2 10 2 8 2 10 8 10 10 10 10 8 2 8 8 10 8 10
left_child=3 4 -3 11 -2 -5 7 8 10 -10 -7 -1 13 -6 17 -16 -17 -14 -19
right_child=1 2 -4 5 12 6 -8 -9 9 -11 -12 -13 14 -15 15 16 -18 18 -20
leaf_value=-0.0032022734493930235 0.004347356160194187 0.0010230590919593169 0.0032757920572249492 -0.001128955625161993 -0.00217067697888818 0.0022971386695751451 -0.004348684232867185 0.0026815330308723145 0.0045759051221461507 -0.0042966995977555935 -0.0011597676618986176 -0.00062484277481072287 0.00059556286820782508 0.0046546767864205736 -0.0035832072055075785 0.0024389958541321094 -0.00091678488762903648 0.006047418065074933 -0.0041477292311926824
leaf_weight=17081.101527027786 2302.8224985972047 41956.57274543494 17581.17297488451 48748.446977831423 12070.292214088142 8228.2020355090499 1855.1567983776331 7784.0491638183594 659.42134176194668 4497.1516176834702 5188.9664317220449 8298.8427461087704 5792.1928181424737 1374.9462917372584 3798.9539264142513 5374.2586138248444 10196.279226340353 3869.1892668381333 709.05670683085918
leaf_count=126866 10793 199473 123620 236518 55979 36913 8160 34196 2942 19905 22455 37735 27337 7229 17964 25006 48470 18281 3605
internal_value=-2.91999e-06 0.00100002 0.0016893 -0.00103216 9.74338e-05 -0.000593409 0.000332117 0.000665115 -0.000182242 -0.00314661 0.000960519 -0.00236084 -0.000131411 -0.00146586 0.00047256 -0.000510521 0.000243393 0.00230575 0.00445545
internal_weight=207367 105026 59537.7 102341 45488 76961.4 28212.9 26357.8 18573.7 5156.57 13417.2 25379.9 43185.2 13445.2 29739.9 19369.5 15570.5 10370.4 4578.25
internal_count=1063447 537757 323093 525690 214664 361089 124571 116411 82215 22847 59368 164601 203871 63208 140663 91440 73476 49223 21886
is_linear=0
shrinkage=0.0117215


Tree=245
num_leaves=20
num_cat=0
split_feature=79 141 33 32 121 33 154 85 125 145 157 120 145 145 121 120 1 102 1
split_gain=1411.38 750.003 390.933 315.526 322.355 307.599 290.441 221.188 221.106 212.651 207.306 204.77 208.094 199.916 208.427 192.426 192.692 177.867 173.207
threshold=0.4822350293397904 -1.0000000180025095e-35 0.28594850003719335 -0.41240864992141718 0.18460904806852343 0.81311807036399852 0.11805555596947671 0.08128500729799272 0.24827329069375995 -1.0458977818489072 -1.775858402252197 -0.86958846449851979 -1.0624894499778745 -1.5742012858390806 1.4352444410324099 -0.43041336536407465 0.48112995922565466 1.1266078352928164 -0.1591798588633537
decision_type=2 2 8 10 8 10 10 2 10 8 8 10 10 10 10 10 10 10 10
left_child=1 2 10 4 11 -2 -4 9 -9 -5 -1 12 -3 -8 -15 16 -6 -7 -17
right_child=5 3 6 7 15 17 13 8 -10 -11 -12 -13 -14 14 -16 18 -18 -19 -20
leaf_value=0.0026886984652604979 0.00079664910644615709 -0.00053501200448833426 0.0004790557328655568 -0.0029501325190577025 -0.0016816682331207118 0.0033335559196426244 -0.0051081082230100792 0.0019127125085224303 -0.00058310496101377147 0.0030888936088833726 -0.0025063813255945993 -0.001546002876455236 0.0045892220222719122 -0.00077955122681147213 -0.0040002340147865184 -0.0018757588498414955 0.0032393982394870319 0.0011681057595246127 0.00084129315154254274
leaf_weight=1073.8342808410525 24121.727875262499 1518.3137797862291 18617.565281070769 855.81113987416029 21655.762425966561 16856.399532273412 1837.7766287773848 8484.5071880072355 11408.870355516672 9583.8473559096456 31344.295763842762 1683.7997090891004 3786.2782390266657 24903.477207958698 3084.9826534539461 4209.5642567425966 1130.2029197067022 7589.8010229691863 13498.463298559189
leaf_count=7277 109909 7210 80776 3934 101072 112803 8165 42661 56234 44384 196859 8234 18373 110685 13790 19433 5163 54455 61893
internal_value=-1.10511e-05 -0.000546235 -0.0013366 0.000275227 -0.000321339 0.00173688 -0.00066936 0.0012086 0.00048235 0.00258837 -0.00233249 0.00199938 0.0031266 -0.00138602 -0.00113757 -0.000722764 -0.00143452 0.002663 0.000193779
internal_weight=207245 158677 80861.9 77815.4 47482.4 48567.9 48443.8 30333 19893.4 10439.7 32418.1 6988.39 5304.59 29826.2 27988.5 40494 22786 24446.2 17708
internal_count=1063310 786143 417552 368591 221378 277167 213416 147213 98895 48318 204136 33817 25583 132640 124475 187561 106235 167258 81326
is_linear=0
shrinkage=0.0117215


Tree=246
num_leaves=20
num_cat=0
split_feature=84 71 71 149 32 149 110 125 33 110 125 43 118 118 120 121 93 118 120
split_gain=1302.74 879.116 728.76 382.994 335.295 333.099 282.087 443.724 273.014 267.274 301.066 251.165 246.96 237.992 236.454 230.234 213.522 212.796 201.924
threshold=-1.0000000180025095e-35 2.3124850988388066 -2.44411289691925 1.5210568904876711 -0.59906095266342152 -1.5100518465042112 0.84741812944412243 0.3749969899654389 0.51394230127334606 -0.84430235624313343 0.31522223353385931 0.08820707350969316 0.49813647568225866 0.88575246930122387 -0.94675230979919422 1.4185009598731997 -0.80913665890693653 0.33033002912998205 -0.40112115442752833
decision_type=2 2 2 10 10 10 10 10 8 10 10 10 8 8 8 10 8 10 8
left_child=2 3 -1 4 14 12 -6 18 9 10 -7 15 -4 -5 -2 -10 -16 -13 -8
right_child=1 -3 5 13 6 8 7 -9 11 -11 -12 17 -14 -15 16 -17 -18 -19 -20
leaf_value=-0.002897996523883375 0.001518222757466354 0.0030445756696307869 0.005882281673402141 -0.0061636593231525379 0.0015487779813063286 -0.00095897698729664098 -0.0011440792455879032 -0.0037092513625010728 0.00094908127775387605 -0.0016717667447089767 0.0028095328639741461 -0.0039046540243619383 -0.0021391287787784459 0.0017270422860367141 0.0028410133248477211 -0.0030843806367622894 -0.0015697973353028646 0.0035030282333858255 0.0021028624261719394
leaf_weight=20464.217376001179 5655.9576844871044 21586.559741601348 1888.6592036485672 1893.2959179356694 40674.905289910734 8704.3028814271092 4232.1569746434689 3918.2983369231224 26171.631095714867 34179.932149201632 4348.6475303396583 3010.0898049399257 714.21378500014544 711.47717843949795 1625.3206010013819 2077.7060805559158 17884.204793602228 627.29123020172119 6883.9822082668543
leaf_count=144227 26352 149954 8773 8792 186454 41601 19949 18087 120903 160265 20364 13715 3294 3306 7426 9405 85668 2838 32444
internal_value=2.10239e-05 0.000937413 -0.000921186 0.000391835 0.00053479 -0.000425487 0.00104191 -0.000329654 -0.000561651 -0.00112718 0.000299285 0.000276264 0.0036818 -0.00401216 -0.000587766 0.00065013 -0.00119939 -0.002613 0.000866873
internal_weight=207253 105066 102187 83479.6 80874.8 81722.5 55709.3 15034.4 79119.6 47232.9 13053 31886.7 2602.87 2604.77 25165.5 28249.3 19509.5 3637.38 11116.1
internal_count=1063817 538432 525385 388478 376380 381158 256934 70480 369091 222230 61965 146861 12067 12098 119446 130308 93094 16553 52393
is_linear=0
shrinkage=0.0117215


Tree=247
num_leaves=20
num_cat=0
split_feature=82 79 79 156 156 68 147 147 147 120 114 138 147 147 1 152 84 138 47
split_gain=1395.02 694.324 403.315 393.915 1300.44 771.472 470.029 535.679 526.879 467.635 350.384 405.372 304.699 498.626 297.221 291.469 284.087 282.726 282.367
threshold=0.24025877565145495 -1.5695689320564268 0.31877818703651434 0.68333333730697643 0.64583334326744091 19.013351440429691 0.65712237358093273 1.3321237564086916 1.9569672942161562 -1.4490586519241331 -0.17221418768167493 -17.987197875976559 2.1316347122192387 0.8163820505142213 -0.27501565217971796 0.21111111342906955 1.0000000180025095e-35 -29.679844856262203 1.1536462306976321
decision_type=2 2 2 10 10 10 10 10 10 8 10 10 10 10 10 2 2 10 10
left_child=1 -1 14 4 6 -6 9 17 -9 16 18 -12 13 -13 -2 -11 -3 -8 -5
right_child=2 3 -4 10 5 -7 7 8 -10 15 11 12 -14 -15 -16 -17 -18 -19 -20
leaf_value=-0.0031213320509425823 -0.0060312475925515304 0.00031584675809502122 0.0023587893967708003 -0.0021871949117450353 0.015494773691337723 0.0019348172041230955 -0.0026694887482891206 -0.0023517555040864025 0.0036956648511099277 -0.0021313574179948973 0.0061934070766595474 -0.0027304273503169552 -0.0079359691796990536 0.0017829943921228721 0.00071220511881305243 -0.00049040045177543802 0.0043867077900402443 0.0038127509471047464 -0.0065861121708057782
leaf_weight=14230.215242795646 898.23224340379238 7923.6253256574273 31200.681383535266 7897.4631783738732 1117.0050517693162 1181.255676060915 1008.7721705660224 6985.9589088112116 2735.6342610195279 22680.563716746867 1113.1796074211597 7278.9460470676422 815.41589889675379 6212.5465891510248 35427.937220960855 43169.342709459364 3330.7306689098477 9385.5524393469095 2684.7619929164648
leaf_count=102687 4031 38710 198923 37994 5083 5557 4727 32824 12524 115104 5240 34693 3740 28971 165206 197374 14905 43797 12228
internal_value=-1.27516e-06 -0.000669693 0.00138181 -0.000391224 -5.54461e-05 0.00861453 -0.000262415 0.00133225 -0.000645263 -0.000678728 -0.00167515 -0.000546322 -0.00107993 -0.000652601 0.000541705 -0.00105615 0.00152719 0.00317909 -0.00331523
internal_weight=207278 139751 67526.9 125521 99518.4 2298.26 97220.2 20115.9 9721.59 77104.3 26002.3 15420.1 14306.9 13491.5 36326.2 65849.9 11254.4 10394.3 10582.2
internal_count=1064318 696158 368160 593471 470605 10640 459965 93872 45348 366093 122866 72644 67404 63664 169237 312478 53615 48524 50222
is_linear=0
shrinkage=0.0117215


Tree=248
num_leaves=20
num_cat=0
split_feature=81 71 11 33 145 126 88 143 116 116 80 120 116 11 126 120 151 154 68
split_gain=1455.35 483.818 419.899 357.357 293.161 281.571 289.794 221.395 218.962 193.191 191.244 181.216 180.631 171.94 170.681 256.65 159.617 155.614 154.141
threshold=1.0000000180025095e-35 -2.5754710435867305 -0.14976686984300611 0.92171752452850353 1.4481876492500307 -0.14999564737081525 -0.29302227497100825 0.18764929473400119 -20.969247817993161 -11.25645589828491 3.5694335699081425 -1.4490586519241331 -6.4231042861938468 -0.54955443739891041 0.47731012105941778 -0.42540518939495081 1.4876614809036257 0.70714285969734203 28.768426895141605
decision_type=2 2 10 10 8 10 2 10 8 8 2 8 10 10 10 8 10 10 10
left_child=1 -1 7 -4 5 11 9 8 -2 -7 -11 12 -3 -10 15 -8 -6 -9 -16
right_child=2 4 3 -5 16 6 14 17 13 10 -12 -13 -14 -15 18 -17 -18 -19 -20
leaf_value=-0.0023287664245479713 0.0042103185339878724 0.00091682121155104497 0.0011198024748631692 0.0037315556326595199 0.0025922930220461096 0.0020725375193862234 -0.0017407601035413635 0.0064982852312130178 -0.00060884572314173345 -0.0026907628069435139 -0.0068787016120049728 -0.00024499318178598941 0.0060028549936214448 0.00065498728637771396 -0.00071827560663218274 0.00045224126896838905 -0.0024418768034922852 0.0016561770014058563 -0.0049268465391160577
leaf_weight=26940.330518059433 1842.9218794554472 3788.8824454694986 18282.711027562618 11881.651907585561 5694.5977056920528 882.43477864563465 12678.941817298532 1009.8693033605814 25133.028909787536 6731.0280719846487 1930.938811250031 21856.602386824787 1266.6215399131179 35868.954920962453 2367.3857778683305 17326.028598442674 1000.6654882580042 8111.8605682253838 2411.8630416616797
leaf_count=173945 8489 17880 89057 93775 25666 4226 58842 4866 109973 32425 10109 102848 5953 175355 10694 80009 4436 43852 11007
internal_value=-5.56469e-06 -0.000975332 0.000990265 0.00215065 -0.000506931 -0.000727464 -0.0013014 0.00050336 0.000255295 -0.00310834 -0.00364028 0.000218215 0.00221276 0.00013425 -0.000803854 -0.000475067 0.00183404 0.00220742 -0.00285573
internal_weight=207007 104876 102131 30164.4 77936 71240.7 44328.6 71966.6 62844.9 9544.4 8661.97 26912.1 5055.5 61002 34784.2 30005 6695.26 9121.73 4779.25
internal_count=1063407 538040 525367 182832 364095 333993 207312 342535 293817 46760 42534 126681 23833 285328 160552 138851 30102 48718 21701
is_linear=0
shrinkage=0.0117215


Tree=249
num_leaves=20
num_cat=0
split_feature=84 26 71 149 149 68 104 85 111 130 40 121 46 110 119 119 95 152 121
split_gain=1362.39 859.745 717.827 351.442 342.483 278.769 272.303 265.508 254.382 427.108 251.839 216.572 230.248 210.392 202.444 303.124 301.117 194.013 177.277
threshold=1.0000000180025095e-35 0.30797460675239569 1.9305545687675478 1.4694631695747378 -1.5100518465042112 -18.354590415954586 9.2863955497741717 -0.040237475186586373 -0.28172008693218226 -0.32183101773262018 0.28711111843585974 0.8269554376602174 -0.59349939227104176 -1.3333068490028379 0.050371199846267707 -0.21237923949956891 1.1782845258712771 0.47222222387790685 0.27950794994831091
decision_type=2 8 2 10 8 8 10 2 10 10 10 10 8 10 10 8 10 2 10
left_child=1 5 3 6 -3 10 8 -6 9 -2 -1 12 13 -9 15 -10 -16 -4 -5
right_child=2 4 17 18 7 -7 -8 11 14 -11 -12 -13 -14 -15 16 -17 -18 -19 -20
leaf_value=-0.0019120890356505123 0.0041209813432256841 0.0044622760834908716 0.00052719139761565458 0.0013831250219265496 0.00038404188650094926 -0.0030644487614737478 -0.00058106784511983338 0.0043775183756301159 0.0017935593283076689 -0.0018531786740263595 0.0020050344971788325 -0.0026019292015622116 0.00066485991747386388 -0.0022691723572992387 0.0039212105276675048 -0.00083945234161257013 0.00013903755982311972 0.0029875518044584202 -0.0056132780712883044
leaf_weight=8319.5621260330081 2034.8092508688569 2114.9169457033277 5428.855126529932 654.5382376909256 35504.805382564664 25328.015656545758 21879.588893339038 684.43888664990664 16329.039556369185 8159.2148793041706 3069.1682249680161 9246.9475505426526 11524.488899156451 8952.6320686489344 8438.1053003370762 9478.2656341120601 4396.7279739677906 23551.89228592813 1951.413448497653
leaf_count=57408 9424 9430 28403 2968 158405 160719 99139 2985 73954 37978 14266 41730 53053 40021 38532 43584 20265 163180 8885
internal_value=4.48873e-06 -0.00093508 0.000966484 0.000348897 -0.000154694 -0.00237995 0.000505192 -0.000304359 0.000991904 -0.000654017 -0.00085452 -0.00110781 -0.000452786 -0.0017877 0.00142624 0.000826646 0.00262818 0.00252745 -0.0038593
internal_weight=207047 104745 102302 73321.7 68028.2 36716.7 70715.8 65913.3 48836.2 10194 11388.7 30408.5 21161.6 9637.07 38642.1 25807.3 12834.8 28980.7 2605.95
internal_count=1064329 538017 526312 334729 305624 232393 322876 296194 223737 47402 71674 137789 96059 43006 176335 117538 58797 191583 11853
is_linear=0
shrinkage=0.0117215


Tree=250
num_leaves=20
num_cat=0
split_feature=82 79 84 1 154 1 86 79 135 156 156 46 85 132 1 113 111 151 130
split_gain=1321.56 624.081 412.609 510.92 456.507 427.261 403.759 372.995 330.47 318.426 586.114 273.377 256.846 245.642 237.784 235.264 227.58 219.195 213.972
threshold=0.29515361785888677 -1.518943130970001 -1.0000000180025095e-35 -0.09241819009184836 0.10555555671453477 -0.11183826625347136 6.0149362087249765 0.33785600960254675 -1.563509941101074 0.68333333730697643 0.64583334326744091 -1.1662439703941343 1.0278783440589907 1.5404330492019656 -0.25787833333015436 0.86840364336967479 -0.45522910356521601 -1.7127369642257688 -0.37098917365074152
decision_type=2 2 2 10 10 10 2 2 10 10 10 10 2 10 10 10 10 10 8
left_child=1 -1 3 6 17 18 8 14 -3 10 -7 -8 -11 -6 -2 -10 -13 -5 -4
right_child=7 2 5 4 13 9 11 -9 15 12 -12 16 -14 -15 -16 -17 -18 -19 -20
leaf_value=-0.0029014131322118533 -0.0044125176511959465 -0.0014297602806335968 0.0040263943720746992 0.0066009338370458829 -0.0027201912971525658 0.0013919615904664821 -7.4658201973780422e-05 0.0024232163789628851 0.0019270442365146331 0.00034986065731216966 0.010952813487555545 0.00032687409091368245 -0.0043354741679537444 0.0029574809728956587 0.00078437028031299065 -0.0035488746530471437 0.0086481860332744982 -0.00044298018081113125 -0.0015059915983965831
leaf_weight=14771.109242081642 1234.4723307564855 13318.49837770313 1003.2052360698581 603.90845663100481 29225.628307573497 28301.963033273816 1437.6660368219018 28163.726918667555 9687.9005222320557 5804.9227592870593 886.73742823302746 617.73636728525162 2198.3174367696047 1067.4686185419559 31820.870525591075 1191.0105806738138 1674.5701112598181 18834.139524661005 15170.657626800239
leaf_count=106126 5565 67029 4700 3243 136030 128299 7069 183784 44922 25981 4048 2955 9953 4779 150120 5522 7628 96033 70103
internal_value=-1.24509e-05 -0.000619322 -0.00036158 -0.000906744 -0.00161896 0.000431799 0.000361806 0.00143252 -0.000192853 0.00112326 0.00169091 0.00393892 -0.00094594 -0.002518 0.000587321 0.00132125 0.00643157 -0.000216504 -0.00115755
internal_weight=207015 145795 131024 77658.5 49731.1 53365.8 27927.4 61219.1 24197.4 37191.9 29188.7 3729.97 8003.24 30293.1 33055.3 10878.9 2292.31 19438 16173.9
internal_count=1063889 724420 618294 375210 240085 243084 135125 339469 117473 168281 132347 17652 35934 140809 155685 50444 10583 99276 74803
is_linear=0
shrinkage=0.0117215


Tree=251
num_leaves=20
num_cat=0
split_feature=81 79 79 116 147 147 142 147 145 130 147 147 147 145 147 132 130 0 130
split_gain=1364.26 514.249 469.426 313.775 289.962 360.239 367.807 351.394 482.866 316.258 304.496 287.653 355.014 405.483 354.146 414.121 265.528 261.863 262.389
threshold=-1.0000000180025095e-35 1.5874905586242678 -1.5695689320564268 -20.969247817993161 -0.64743071794509877 -0.093597423285245882 2.621989488601685 -0.90730410814285267 -1.4736309647560117 0.55939874053001415 0.64364719390869152 0.65712237358093273 0.89979875087738048 1.4481876492500307 0.10036569088697435 -1.0807078480720518 0.55939874053001415 -0.48279461264610285 -0.31437580287456507
decision_type=2 2 2 8 8 8 2 10 10 8 10 8 8 8 10 10 10 8 10
left_child=2 3 -1 -2 7 17 10 8 -5 -9 -7 14 16 -14 15 -4 -13 -6 -19
right_child=1 -3 11 4 5 6 -8 9 -10 -11 -12 12 13 -15 -16 -17 -18 18 -20
leaf_value=-0.0029413466881485083 0.0046807348695904203 0.0030391896003651802 -0.0029998029201670699 -0.0036885708201787261 0.0074642822394118879 -0.0007696140191103503 0.0044470669204389988 -0.0017998570400343183 0.0011966388363014186 -0.0088238254071052579 0.0011073056236581876 0.0018916096462232132 -0.001070269365046431 0.0029349675212068313 -0.0026134128175370587 -4.9091553430216729e-05 0.0088966981736382615 -0.0026710555608917557 0.0025301053728931998
leaf_weight=14154.034241966903 2518.7901506200433 13910.439279951155 7894.9112805575132 3480.089407466352 1292.9117120653391 23833.00629413873 2902.5354898571968 4392.6688155680895 13438.901511691511 1084.4959426671267 23624.742133423686 4187.5208713039756 17643.070260979235 4299.4515039771795 15561.348887495697 37412.734001204371 886.49779896438122 1468.9587721899152 12740.34766331315
leaf_count=102645 12086 101082 42547 15833 6301 113143 16309 21084 64419 4992 113721 20003 84719 19710 75572 176517 4105 7080 61806
internal_value=2.40332e-06 0.000942389 -0.000961974 0.000620385 0.000503305 0.000895013 0.000413562 -0.000648362 0.000188107 -0.00322208 0.000164812 -0.0006425 0.000363852 -0.000283199 -0.00108913 -0.000564533 0.00315053 0.00245608 0.00198892
internal_weight=206727 104688 102040 90777.4 88258.7 65862.5 50360.3 22396.2 16919 5477.16 47457.7 87885.5 27016.5 21942.5 60869 45307.6 5074.02 15502.2 14209.3
internal_count=1063674 537856 525818 436774 424688 318360 243173 106328 80252 26076 226864 423173 128537 104429 294636 219064 24108 75187 68886
is_linear=0
shrinkage=0.0117215


Tree=252
num_leaves=20
num_cat=0
split_feature=71 153 153 71 32 26 154 132 104 138 104 1 88 1 88 86 123 1 154
split_gain=1145.92 650.688 468.297 371.417 320.206 307.428 248.643 311.42 247.908 252.633 226.021 222.677 209.75 207.706 204.895 202.71 201.887 207.405 202.518
threshold=-1.8777168393135069 0.52777779102325451 0.41428571939468389 2.6130135059356694 -0.80975022912025441 0.70280030369758617 0.10555555671453477 -1.264599561691284 10.257712841033937 -42.29607963562011 -9.6210246086120588 -0.21904192864894864 -0.86089393496513356 0.36804699897766119 1.6423982977867129 5.8096418380737314 -20.02816009521484 -0.29928307235240931 0.76388889551162731
decision_type=2 2 2 2 10 8 10 10 10 10 8 10 2 10 2 2 8 10 10
left_child=2 5 10 8 -4 6 -2 -8 9 -3 12 15 -1 -13 -10 -9 18 -18 -11
right_child=1 3 4 -5 -6 -7 7 11 14 16 -12 13 -14 -15 -16 -17 17 -19 -20
leaf_value=0.0011137509270537386 0.00031193239108967351 -0.0027578869603037412 -0.0022717822319474638 0.0031916549115511288 0.00033717063535220794 0.00086661772726725355 -0.0069175618780427132 -2.6349488272085048e-05 0.00044579622217974708 0.0021999633718428591 -0.0029272332456204415 -0.001693567535985097 -0.0024293057078787002 0.0025972007906600054 -0.0029342666703770664 0.0079768406982459444 -0.0047650327803003562 0.0020853099172599772 -0.0045938828727895807
leaf_weight=4369.5353918895125 19896.844780236483 1795.9729493334889 8606.8790137097239 13527.560034483671 25726.561141572893 27009.530489966273 1314.6508458852768 1266.9455087482929 10910.550176136196 1074.5686519667506 22462.758979536593 23668.939942128956 4789.9422169029713 1638.1743278428912 3157.9529092684388 638.65026891231537 597.4059239178896 32751.202149063349 1319.6529884785414
leaf_count=28796 89769 8543 53804 97902 111619 133473 5885 5605 52296 4926 141770 103918 28842 7144 15409 2797 2752 161168 6698
internal_value=8.143e-06 0.000606207 -0.00126625 0.00146421 -0.000317951 -0.000134878 -0.00069363 -0.00139466 0.00101017 0.00150727 -0.00229486 -0.00112216 -0.000740549 -0.00141369 -0.000316519 0.00271977 0.00172323 0.00195936 -0.00155286
internal_weight=206524 140569 65955.7 65134.9 34333.4 75433.7 48424.2 28527.4 51607.3 37538.8 31622.2 27212.7 9159.48 25307.1 14068.5 1905.6 35742.8 33348.6 2394.22
internal_count=1063116 698285 364831 349694 165423 348591 215118 125349 251792 184087 199408 119464 57638 111062 67705 8402 175544 163920 11624
is_linear=0
shrinkage=0.0117215


Tree=253
num_leaves=20
num_cat=0
split_feature=82 33 70 157 148 105 147 147 120 147 120 49 95 141 49 147 33 151 129
split_gain=1320.85 496.109 395.414 328.718 307.358 281.952 276.447 375.69 374.655 236.544 248.462 233.285 229.088 205.629 198.764 196.517 181.283 180.13 196.238
threshold=0.12143678590655328 0.051405161619186408 3.7558728456497197 -1.8479381203651426 -1.7742275595664976 3.4107705354690556 -0.64743071794509877 -0.093597423285245882 -1.4490586519241331 0.64364719390869152 -0.21962844580411908 0.51432290673255932 1.1111021041870119 1.0000000180025095e-35 0.86588540673255932 0.88281714916229259 0.85511142015457164 -0.034513384103775017 -0.20944987982511518
decision_type=2 8 2 8 8 10 10 10 8 8 10 10 10 2 10 8 10 10 10
left_child=1 -1 9 -3 -5 6 8 -8 -6 11 15 -2 -7 -12 -15 -11 -4 18 -17
right_child=2 3 16 4 5 12 7 -9 -10 10 13 -13 -14 14 -16 17 -18 -19 -20
leaf_value=-0.0034327193382471064 0.0012163386444108836 0.004848393647202548 0.0010036886806722759 0.0044849704777396573 0.00047437799893020093 0.0027308840593331298 0.0010860056273185304 -0.00089377286994649801 -0.0023075034468032496 0.0057241362230733743 -0.0026577161005321682 -0.0004791957225207692 -0.0030413449307012076 -0.00044960256544466864 0.0033126375723764351 0.006187962029712381 0.0039340166781796594 0.0031866115772203425 -0.00087454952079660665
leaf_weight=8704.2200811803341 20832.873794987798 1515.2074132487178 4258.5747476220131 1583.0742605030537 8716.8953243270516 5272.5690892711282 17674.968330554664 51453.935924306512 27954.221474513412 2485.9370129853487 2380.6135607808828 23934.857801795006 1129.4941698908806 4224.2640174031258 3520.6597238704562 610.89188975095749 9208.7358138412237 7528.2225942835212 3638.8066190704703
leaf_count=75830 101967 7511 23177 7818 41991 26075 83869 243912 133336 12157 11149 115360 5533 21589 17848 2877 77284 37023 17624
internal_value=2.68757e-05 -0.000738057 0.00117479 -0.000533981 -0.000606631 -0.000679385 -0.000824021 -0.000387385 -0.00164636 0.000816373 0.00174457 0.000310051 0.00170518 0.000339075 0.00126542 0.00274011 0.00301073 0.00210023 0.00016886
internal_weight=206629 124005 82624.4 115300 113785 112202 105800 69128.9 36671.1 69157.1 24389.4 44767.7 6402.06 10125.5 7744.92 14263.9 13467.3 11777.9 4249.7
internal_count=1063930 625875 438055 550045 542534 534716 503108 327781 175327 337594 120267 217327 31608 50586 39437 69681 100461 57524 20501
is_linear=0
shrinkage=0.0117215


Tree=254
num_leaves=20
num_cat=0
split_feature=82 82 18 26 121 146 121 153 89 154 39 89 44 110 39 40 154 32 130
split_gain=1247.71 589.061 387.239 385.999 308.609 458.085 341.944 279.356 300.313 283.869 311.616 223.752 220.079 217.835 193.744 187.167 276.944 182.485 158.594
threshold=-0.30050873756408686 0.48849146068096166 -0.21675105392932889 0.064691767096519484 1.4509325027465823 -1.0000000180025095e-35 1.8029505014419558 0.52777779102325451 7.5763535499572763 0.84523808956146251 -0.21380064636468885 7.5763535499572763 1.2400888800621035 -0.86895737051963795 -0.66692915558814991 0.20746167004108432 0.10555555671453477 -0.53808733820915211 -0.29962703585624689
decision_type=2 2 10 10 10 10 10 2 2 10 8 2 10 10 10 8 10 10 10
left_child=3 4 -3 14 7 6 -6 11 9 17 -11 15 -7 18 -1 -2 -17 -9 -5
right_child=1 2 -4 13 5 12 -8 8 -10 10 -12 -13 -14 -15 -16 16 -18 -19 -20
leaf_value=-0.0042564267424663156 -0.0024637214221405594 0.00079719687166432895 0.0030299942868722025 -0.0035703537667132051 -0.0021748581036562919 -0.0045288766654624111 0.0080393725702884548 0.00090105076170599084 -0.0057655610483323448 -0.00093006814546868423 0.0028150931472969102 0.0053881591479341797 -0.00018606456901902734 -0.0013767105634280895 -0.00012181950103086275 0.0011993032794964296 -0.00075871654870444418 0.002912461185813234 0.00094448340545299049
leaf_weight=8182.4728988334537 5166.2900803759694 24793.814272858202 18745.083642825484 1171.8638885393739 811.75492791831493 5139.8411416038871 966.24598278105259 11691.061804592609 849.95026724785566 12434.883230738342 4019.7546754106879 926.0606289729476 2328.3105108439922 39168.077886752784 1923.5518052354455 14793.88735833019 30036.820460408926 13235.967015177011 10126.385360069573
leaf_count=71335 29698 123113 134078 6130 3675 23181 4349 52300 3905 54035 24126 4245 10557 196436 9793 64093 134773 60090 53916
internal_value=3.09634e-05 0.000617933 0.0017596 -0.00138294 0.000132227 -0.00190752 0.00340817 0.00033511 0.00103969 0.00118263 -1.24669e-05 -0.000249425 -0.00317972 -0.000963288 -0.00347155 -0.000356305 -0.000112294 0.00197081 0.000469823
internal_weight=206512 145940 43538.9 60572.4 102401 9246.15 1778 93154.7 42231.6 41381.7 16454.6 50923.1 7468.15 50466.3 10106 49997 44830.7 24927 11298.2
internal_count=1063828 726218 257191 337610 469027 41762 8024 427265 194456 190551 78161 232809 33738 256482 81128 228564 198866 112390 60046
is_linear=0
shrinkage=0.0117215


Tree=255
num_leaves=20
num_cat=0
split_feature=84 1 1 40 142 98 98 39 142 130 130 1 104 117 137 149 117 137 123
split_gain=1181.79 681.471 628.571 629.55 603.902 521.376 484.601 375.217 351.254 262.805 289.019 240.211 417.208 547.274 239.627 255.867 249.316 238.187 234.827
threshold=1.0000000180025095e-35 -0.091004081070423112 -0.089602276682853685 0.3363719135522843 0.091832846403121962 -0.33642604947090143 0.3392332941293717 -0.30196343362331385 -0.087653752416372285 -0.15851109474897382 -0.47364659607410425 0.025001985020935539 -8.8034477233886701 -0.17479991167783734 6.2331485748291025 1.4282291531562807 0.14643409103155139 -4.8453018665313712 10.599692344665529
decision_type=2 10 10 10 2 10 10 10 2 10 10 10 10 8 10 10 10 10 10
left_child=2 4 3 8 -2 18 14 -6 -1 10 -7 12 -11 -14 15 -3 -16 -13 -4
right_child=1 6 5 -5 7 9 -8 -9 -10 11 -12 17 13 -15 16 -17 -18 -19 -20
leaf_value=-0.0023458782519345401 -0.0020538875217759262 0.0031225129396311459 -0.00060181535471448837 0.0017898245748587528 -0.00072171095621993751 0.00071236240403665105 4.940043539010832e-05 0.002484232574286419 0.001104152761907168 0.0027542421379851668 -0.0050037740329434881 -0.0010893318418396783 -0.0059037125416919771 -0.00043823261251419544 0.00017927336661599977 -0.001756538874555268 0.0034408721767653022 -0.0038337018880785123 0.0027182616243954945
leaf_weight=12434.519506029785 16310.759521692991 28965.727535180748 18417.370303370059 19663.233974806964 9437.6131053939462 1443.3102122619748 19116.916725508869 10662.053963907063 5994.02536252141 3515.6592425405979 7493.0873893275857 7144.7334802076221 3297.2807583957911 10422.288179785013 11439.346002660692 1541.7200668081641 4459.7163164243102 11163.37679618597 3455.9435342773795
leaf_count=73876 79694 144078 96696 91919 42984 7549 100984 66047 30336 17287 38339 37616 17355 53362 60757 7715 23551 55580 17878
internal_value=8.16033e-06 0.00090591 -0.000868013 0.00033202 -0.000379634 -0.0015568 0.00162015 0.000979818 -0.00122375 -0.00228511 -0.00408111 -0.00183118 -0.000836348 -0.00175955 0.00226686 0.00287479 0.00109785 -0.00276546 -7.49174e-05
internal_weight=206379 101934 104445 38091.8 36410.4 66353 65523.4 20099.7 18428.5 44479.7 8936.4 35543.3 17235.2 13719.6 46406.5 30507.4 15899.1 18308.1 21873.3
internal_count=1063603 525810 537793 196131 188725 341662 337085 109031 104212 227088 45888 181200 88004 70717 236101 151793 84308 93196 114574
is_linear=0
shrinkage=0.0117215


Tree=256
num_leaves=20
num_cat=0
split_feature=82 70 33 26 110 132 110 153 156 39 130 147 121 147 147 136 87 130 124
split_gain=1221.62 531.081 382.337 376.922 285.629 279.947 285.784 266.627 292.114 263.997 244.141 234.106 226.412 323.324 208.413 291.009 209.535 203.318 294.573
threshold=-0.12365256249904631 3.2779655456542973 0.84807619452476513 0.073369599878788008 -0.86895737051963795 -1.470003545284271 1.4645236134529116 0.47222222387790685 0.76388889551162731 -0.70150634646415699 -0.29962703585624689 -0.71534591913223255 1.4509325027465823 2.3909088373184209 -1.3248392343521116 -0.53676480054855336 1.0000000180025095e-35 -0.18981719762086866 1.9643943905830386
decision_type=2 2 8 10 10 10 10 2 10 10 10 8 10 10 10 10 2 10 10
left_child=3 5 -3 9 10 -2 12 11 -9 -1 -5 14 13 -7 15 -6 -16 18 -13
right_child=1 2 -4 4 7 6 -8 8 -10 -11 -12 17 -14 -15 16 -17 -18 -19 -20
leaf_value=-0.0040238657516757335 -0.0026861023759727643 0.00049406581618896528 0.0031504095844171244 -0.0037835179501925198 -0.0066644198732141264 0.0007709354843044088 -0.0015154680055109451 0.00049876805575156918 -0.002851058257238043 -0.00028642724755261151 0.001265556341972923 -0.00091105390234787686 -0.0013130949286716612 0.0089792448368135203 -0.0027961341078400004 0.0002127213087433641 -0.007680759222697532 -0.00068636703303701562 -0.0071281929540045735
leaf_weight=9165.9122314304113 4145.5968464687467 12653.956573881209 18095.488210134208 1449.6520815864205 1110.2997208163142 72004.424231395125 9346.8806817904115 17977.411491923034 4440.3326208814979 3624.7079311832786 12352.245393969119 2528.4597841873765 7324.2438711449504 642.3899552077055 2674.2677821293473 3320.0212913230062 2242.1991505771875 19350.607273228467 1773.6427672430873
leaf_count=78922 18892 63985 138376 7311 5445 326929 43410 83131 20590 18704 63205 12521 33177 2900 13143 16486 11527 95526 8872
internal_value=-1.01478e-05 0.000722854 0.00205848 -0.00112025 -0.000778087 0.000283031 0.000421505 -0.00115377 -0.000167008 -0.00296716 0.000729761 -0.00182352 0.00064827 0.000846371 -0.00339237 -0.00153661 -0.00504951 -0.00120084 -0.00349878
internal_weight=206223 124213 30749.4 82009.8 69219.1 93463.5 89317.9 55417.2 22417.7 12790.6 13801.9 32999.5 79971.1 72646.8 9346.79 4430.32 4916.47 23652.7 4302.1
internal_count=1063052 627669 202361 435383 337757 425308 406416 267241 103721 97626 70516 163520 363006 329829 46601 21931 24670 116919 21393
is_linear=0
shrinkage=0.0117215


Tree=257
num_leaves=20
num_cat=0
split_feature=71 141 39 157 126 153 71 26 157 150 136 1 157 107 136 116 12 122 0
split_gain=1070.67 564.13 497.034 347.828 334.887 326.374 324.363 244.778 241.028 239.144 278.032 247.389 243.624 294.348 280.917 233.792 229.442 227.613 220.1
threshold=-1.8777168393135069 -1.0000000180025095e-35 -0.62334674596786488 1.7853748798370364 -0.17017682641744611 0.61250001192092907 2.4665772914886479 0.83467972278594982 0.47294457256793981 -0.065827116370201097 0.49371550977230078 -0.19700744748115537 0.53318348526954662 -0.060490244999527924 0.076969623565673842 -20.969247817993161 0.16051467508077624 0.0095139318145811575 -0.41781282424926752
decision_type=2 2 10 10 8 2 2 10 10 10 10 10 10 8 10 8 10 10 10
left_child=2 5 4 6 -1 7 15 9 18 12 11 -11 14 -14 -2 -3 -6 -10 -7
right_child=1 3 -4 -5 16 8 -8 -9 17 10 -12 -13 13 -15 -16 -17 -18 -19 -20
leaf_value=-0.00069464634322789049 -0.00040870140905047148 0.0058961884583127074 -3.9125337529628151e-05 -0.0036338454665984909 -0.0040783321390473297 0.010686876168036822 0.0028243742274098446 0.00095806300386613234 0.0045194554019707687 0.0016595147091939084 0.0048130974875959538 -0.0031232585680782397 0.005789226063319745 -0.00094078812879100143 -0.0066758034652538685 0.00086606558216470843 -0.0017353983763373987 -0.0048585249763836245 0.0028828410755666906
leaf_weight=14489.85217423737 30318.345315203071 1279.5583082959056 28380.715770661831 1872.0355120822787 12142.554587431252 562.09882006794214 17775.271657563746 14009.885519199073 536.35991440713406 1693.9981752485037 734.17628897726536 11364.8906339854 1869.3753839209676 1679.6334277912974 992.53294790536165 51046.066554702818 10988.61379159987 956.22981510311365 3533.0685328841209
leaf_count=91986 134625 6097 123831 10689 85574 2859 120782 73297 2844 7531 3164 50302 8376 7235 4519 242529 64383 4974 17899
internal_value=2.03538e-05 0.000599779 -0.00121044 0.00132359 -0.00209349 -0.000163702 0.00145714 -0.000406072 0.00254472 -0.000799153 -0.00210422 -0.00250099 -0.000281715 0.00261875 -0.000612176 0.000991638 -0.00296817 -0.00147091 0.00400836
internal_weight=206225 140224 66001.7 71972.9 37621 68250.6 70100.9 62662.8 5587.76 48653 13793.1 13058.9 34859.9 3549.01 31310.9 52325.6 23131.2 1492.59 4095.17
internal_count=1063496 697722 365774 380097 241943 317625 369408 289049 28576 215752 60997 57833 154755 15611 139144 248626 149957 7818 20758
is_linear=0
shrinkage=0.0117215


Tree=258
num_leaves=20
num_cat=0
split_feature=71 153 153 71 26 125 25 126 157 107 157 126 157 87 156 157 133 156 156
split_gain=1038.8 535.833 392.409 387.392 295.722 279.156 234.433 221.264 283.753 279.923 211.995 211.607 358.73 229.959 205.815 177.868 257.137 223.501 188.767
threshold=-1.8777168393135069 0.52777779102325451 0.41428571939468389 2.6130135059356694 0.81186920404434215 0.43505690991878515 -1.076256990432739 -0.2570767849683761 0.40706460177898413 -0.039293712005019181 -1.775858402252197 -0.37195345759391779 -0.44599145650863642 1.0000000180025095e-35 0.29285715520381933 0.34498707950115209 -0.68838098645210255 0.76388889551162731 0.64583334326744091
decision_type=2 2 2 2 8 10 10 8 10 10 8 8 8 2 10 10 10 10 10
left_child=2 4 10 5 7 11 -4 -2 -9 -10 -1 -3 -13 -14 -11 16 -8 18 -17
right_child=1 3 6 -5 -6 -7 15 8 9 14 -12 12 13 -15 -16 17 -18 -19 -20
leaf_value=0.0028375405756573251 0.00065116097674928943 0.0041796075343796743 -0.0024495082699677899 0.0031184428274571032 0.0011310175138764798 -0.0014511737900884196 -0.001324259236707063 -0.0015964097475727349 0.002773646752575922 0.0027091785604076383 -0.002356187388236718 -0.0017776806308854088 0.0027483630737960762 0.00076237559388860337 -0.0022032399193832749 -0.00065617811742154644 0.0018482632292562129 -0.0034245923023663886 0.0044004843435870248
leaf_weight=1100.6999965980649 15352.150529369712 3026.7266846522689 6061.5622110515833 13331.529860727489 19427.904811315238 6201.1069272980094 5044.7655944377184 29608.504233948886 4678.2749498188496 1529.8354430794716 30335.327668957412 5598.0413513630629 11808.089423947036 24893.94014890492 4765.6733172237873 7171.8050614818931 11414.261095404625 3617.3968695923686 1157.4757286310196
leaf_count=7436 67224 14216 38883 97265 100984 29886 23023 132176 20807 6678 191878 26934 58093 122702 20830 31926 51257 16045 5120
internal_value=-1.22512e-05 0.000558205 -0.00122577 0.00133906 -0.000114028 0.000877485 -0.000361545 -0.000546764 -0.00100005 0.000608971 -0.00217237 0.00119665 0.000981025 0.00140266 -0.00100392 8.56514e-05 0.000875374 -0.00100194 5.6824e-05
internal_weight=206125 140222 65903.3 64859.4 75362.3 51527.9 34467.3 55934.4 40582.3 10973.8 31436 45326.8 42300.1 36702 6295.51 28405.7 16459 11946.7 8329.28
internal_count=1063363 697795 365568 349096 348699 251831 166254 247715 180491 48315 199314 221945 207729 180795 27508 127371 74280 53091 37046
is_linear=0
shrinkage=0.0117215


Tree=259
num_leaves=20
num_cat=0
split_feature=71 39 41 125 26 125 39 12 149 59 125 149 104 158 158 99 129 156 99
split_gain=1008.71 556.794 456.933 389.859 335.751 314.413 289.693 245.459 232.76 230.722 212.972 203.097 258.135 297.978 256.761 397.976 210.053 177.08 184.982
threshold=1.953717887401581 -0.53696066141128529 0.61718750000000011 0.20287094265222552 1.0703865289688113 0.44123370945453649 -0.25802448391914362 0.33026464283466345 1.8035190105438235 1.2389110922813418 0.13803144544363025 -0.013818800449371336 -8.4785265922546369 6.5000000000000009 6.5000000000000009 0.27730168402194982 -0.14555558562278745 0.84999999403953563 -0.62683209776878346
decision_type=2 10 10 10 8 10 10 10 10 10 10 8 10 2 2 10 10 10 8
left_child=1 2 7 -4 6 8 9 -1 10 -2 -3 12 13 -5 15 -13 -14 18 -7
right_child=4 5 3 11 -6 17 -8 -9 -10 -11 -12 14 16 -15 -16 -17 -18 -19 -20
leaf_value=-0.0031089385361933756 0.00079971363053673282 0.0032635516581036141 -0.002048516803480234 -0.0033626890019653557 0.0027502405240421059 -0.0057005914352893016 0.002474625423416644 -0.00098484791062510946 -0.0052157688365449834 -0.0015790964091632364 0.00054190609183021952 0.00019530784458653239 -0.0033945534416881945 0.0029422177817386447 -0.0012092877634038929 0.0090631359445018881 0.00071411498450684114 -0.0049633513730410125 0.00018976574892346661
leaf_weight=18058.0336644575 20951.890568494797 4261.7147703319788 15397.53757622093 1137.2541073486209 16851.618023566902 859.8987243026495 10071.476739831269 12794.002275779843 889.30566596239805 7620.1415893137455 50839.371596828103 3535.158937625587 2431.5098659917712 9366.0676636770368 18477.503549829125 842.63305809348822 5612.7169332355261 1933.6481182351708 4285.88851980865
leaf_count=110797 91911 18860 81272 5877 124711 3848 63129 62299 3929 36348 225835 18607 13161 47897 95174 4231 29202 8431 18832
internal_value=1.99331e-05 -0.000477521 -0.00108173 -0.000457642 0.00137063 0.000362281 0.000767717 -0.00222951 0.000656755 0.000164518 0.000753697 0.000134816 0.00104545 0.00225362 -0.000604492 0.00194108 -0.000534013 -0.00196119 -0.000815793
internal_weight=206217 150722 87652.4 56800.4 55495.1 63069.8 38643.5 30852 55990.4 28572 55101.1 41402.8 18547.5 10503.3 22855.3 4377.79 8044.23 7079.44 5145.79
internal_count=1064351 748252 468517 295421 316099 279735 191388 173096 248624 128259 244695 214149 96137 53774 118012 22838 42363 31111 22680
is_linear=0
shrinkage=0.0117215


Tree=260
num_leaves=20
num_cat=0
split_feature=81 11 33 40 95 42 39 133 143 150 26 39 37 34 125 86 125 95 143
split_gain=1098.3 376.334 356.32 355.458 280.203 252.152 245.644 230.978 223.355 185.464 180.552 205.588 260.372 203.797 174.144 167.335 202.948 162.996 156.96
threshold=-1.0000000180025095e-35 -0.26299965381622309 0.066551800817251219 0.5662098526954652 -1.2794522047042844 0.57552084326744091 -0.70150634646415699 1.9070929884910586 0.17795754224061969 0.66115602850914013 0.33492609858512884 -0.56651791930198658 -0.78449344635009755 0.24479166418313983 0.23854840546846393 4.1666352748870858 0.47880001366138464 1.268088221549988 -0.16622851043939588
decision_type=2 10 10 10 8 10 10 10 10 10 10 10 10 10 10 2 10 10 10
left_child=2 8 6 -3 15 -5 -1 10 17 -9 11 12 -6 -12 -7 -4 -17 -2 -15
right_child=1 3 4 5 7 14 -8 9 -10 -11 13 -13 -14 18 -16 16 -18 -19 -20
leaf_value=-0.0038417699013620255 0.00017869199735174053 8.3903411167109528e-05 -0.00078765419204422638 0.003824754895856603 -0.00044119339756117771 0.0029800800867813265 0.0011601317922911769 0.0053043203056880759 0.0019729258325981865 -0.0012380358195948201 -0.0022344214951484963 -0.00025599478047218563 -0.0030053235236085669 -0.0018876917730331804 0.00070486991669674955 0.0028726528721907865 -0.0035234367338861029 -0.0019051522340719103 0.00024061901620797541
leaf_weight=8087.4401978999376 46130.329500794411 13509.398057848215 4103.2177173346281 10617.779628030956 7972.9019141346216 7489.5763002932072 1606.9454181417823 1439.8558204993606 8699.4432709366083 991.2677423581481 7492.5538201034069 10743.918408334255 17171.947565421462 5664.4191726148129 12064.745493263006 6284.3853415548801 744.29687125235796 5782.6829897686839 29194.717360332608
leaf_count=76055 210513 58034 20440 72464 46687 49345 9345 6555 44198 4383 32744 46111 97158 25336 76497 30656 3549 26807 126099
internal_value=-9.32858e-06 0.000835333 -0.000877251 0.00166445 -0.000651132 0.00237152 -0.00301186 -0.000891708 0.000237407 0.00265029 -0.00100252 -0.00161398 -0.00219345 -0.00048377 0.00157881 0.00109052 0.00218595 -5.41809e-05 -0.000106249
internal_weight=205792 104294 101498 43681.5 91803.5 30172.1 9694.39 80671.6 60612.5 2431.12 78240.5 35888.8 25144.8 42351.7 19554.3 11131.9 7028.68 51913 34859.1
internal_count=1062976 537858 525118 256340 439718 198306 85400 385073 281518 10938 374135 189956 143845 184179 125842 54645 34205 237320 151435
is_linear=0
shrinkage=0.0117215


Tree=261
num_leaves=20
num_cat=0
split_feature=82 81 12 32 49 120 116 146 114 133 116 133 117 121 114 40 39 149 120
split_gain=1272.25 542.944 369.257 294.328 271.089 261.475 432.71 269.548 307.544 273.014 234.883 243.411 213.817 267.746 386.016 210.885 209.274 205.236 277.557
threshold=-0.29253953695297236 1.0000000180025095e-35 0.41889642179012304 -0.050752062350511544 0.50390625000000011 -1.5011247992515562 -7.071385145187377 1.0000000180025095e-35 -0.48480336368083948 -1.1706034541130064 -22.546833038330075 -1.9132237434387205 -0.15481068938970563 0.73095649480819713 0.14982578158378604 0.6999744474887849 -0.42628519237041468 0.13919307291507724 -1.0907412171363828
decision_type=2 2 10 10 10 8 10 10 8 10 8 10 8 10 8 10 8 10 10
left_child=2 5 -1 4 10 6 7 8 9 -2 -3 -12 17 -14 -15 -5 -7 -6 -19
right_child=1 3 -4 15 12 16 -8 -9 -10 -11 11 -13 13 14 -16 -17 -18 18 -20
leaf_value=-0.0020659735685754697 -0.0011534424782535806 0.0073446984595696074 -0.00013022367673067576 -0.0011231977734939456 5.9909250069988099e-05 -0.00098442311710612894 0.0089676890955426823 -0.0057033729680179713 -0.0033848410026141888 0.0083164096972376152 -0.0032276900704065587 0.0017877259158979842 0.0020307730814611777 -0.0024494566778085762 0.001048032311012104 0.0041207782451617219 0.00053150784467568407 0.00010001968890709692 -0.0069243949037574842
leaf_weight=40677.422477096319 642.41450057178736 979.22087017446756 20293.366427630186 1232.9014156833291 5476.2836567535996 36909.792413435876 1048.3093312233686 744.29418095946312 895.62067973613739 1148.7692034617066 1366.4152293130755 31961.040076941252 13599.065675474703 6458.6762238517404 13071.321053728461 6887.5205162465572 18904.072619393468 1424.2053382620215 1664.9172048643231
leaf_count=245087 2910 4722 95440 7256 27203 169956 4690 3339 4009 5049 6192 159211 66988 31683 65389 66083 80768 6983 8304
internal_value=-2.48611e-06 0.000596945 -0.00142198 0.00120528 0.000977994 -0.00025195 0.00246541 0.000431717 0.00216564 0.00494879 0.0017494 0.00157999 0.000342653 0.000769484 -0.000110145 0.00332367 -0.000470972 -0.00130584 -0.00370934
internal_weight=205386 144415 60970.8 84121.6 76001.1 60293.3 4479.41 3431.1 2686.8 1791.18 34306.7 33327.5 41694.5 33129.1 19530 8120.42 55813.9 8565.41 3089.12
internal_count=1061262 720735 340527 450014 376675 270721 19997 15307 11968 7959 170125 165403 206550 164060 97072 73339 250724 42490 15287
is_linear=0
shrinkage=0.0117215


Tree=262
num_leaves=20
num_cat=0
split_feature=79 153 126 147 156 147 155 112 156 95 147 147 126 156 1 147 156 137 126
split_gain=1170.21 627.634 375.378 405.761 434.435 438.832 403.622 374.662 353.746 346.292 371.337 423.64 469.322 463.306 419.607 391.912 371.304 333.034 332.355
threshold=-0.3581403493881225 0.47222222387790685 0.82211017608642589 0.59802892804145824 0.76388889551162731 2.1316347122192387 -1.8877090811729429 1.0048843622207644 0.64583334326744091 -2.3551440238952632 -0.71534591913223255 0.057404993101954467 -0.49037961661815638 0.64583334326744091 -0.17952542006969449 -0.9517722725868224 0.78888890147209179 -9.0712342262268049 -0.27608837187290186
decision_type=2 2 10 10 10 10 10 10 10 8 8 8 8 10 8 10 10 10 8
left_child=-1 9 3 7 8 6 -6 -3 -5 -2 15 13 -13 14 -12 -11 -15 -14 -17
right_child=1 2 -4 4 5 -7 -8 -9 -10 10 11 12 17 16 -16 18 -18 -19 -20
leaf_value=-0.0013860344796072018 0.0081796477083452904 0.0010745347920842019 -0.0070855825783750067 0.0029968890551832078 0.0096299813096233228 -0.0080584405437775179 0.00027701118479390476 -0.0024352820956065123 0.0083263230673328772 -0.00087092253023793146 0.0048381809631041694 0.0066044078388713774 0.00088237738806408743 0.012926118319741402 -0.00013463656253335745 -0.00074402053322274121 0.0029329728775017976 -0.001653483899965168 -0.0078271118488358014
leaf_weight=57930.94590074569 639.75868733972311 48732.168960958719 707.03991720080376 16037.801203377545 678.89399405568838 758.64401436597109 6539.5591676905751 4548.4566074162722 1905.0569788068533 14410.747314207256 2976.9226892367005 1191.85573156178 10602.274720944464 815.88594623655081 10452.011602863669 1492.2758825421333 1354.17698443681 21538.699418954551 2331.5369154065847
leaf_count=323506 3082 254332 3679 85877 3328 3974 35097 24054 10245 67758 13800 5531 49604 3839 49115 6958 6427 101625 10999
internal_value=2.5561e-05 0.000579297 0.00128297 0.00135974 0.00256206 0.000284838 0.00118478 0.000773976 0.00357279 -0.000250122 -0.000333221 0.000198976 -0.000547168 0.00179182 0.0009742 -0.00175979 0.00678743 -0.000816952 -0.0050841
internal_weight=205645 147714 79907.6 79200.6 25920 7977.1 7218.45 53280.6 17942.9 67806.1 67166.4 48931.8 33332.8 15599 13428.9 18234.6 2170.06 32141 3823.81
internal_count=1062830 739324 420586 416907 138521 42399 38425 278386 96122 318738 315656 229941 156760 73181 62915 85715 10266 151229 17957
is_linear=0
shrinkage=0.0117215


Tree=263
num_leaves=20
num_cat=0
split_feature=84 71 26 149 149 48 139 118 137 118 150 121 157 138 132 154 157 118 129
split_gain=1114.37 696.904 633.969 393.529 349.593 317.626 361.212 294.066 259.716 367.99 259.626 323.331 306.784 375.726 358.287 268.979 245.433 244.717 207.807
threshold=-1.0000000180025095e-35 2.1279700994491582 0.16972338408231738 -1.5100518465042112 1.5794385671615603 0.26953125000000006 -0.43735054135322565 0.49813647568225866 2.652217030525208 0.70064684748649608 -0.058391744270920747 0.85399055480957042 0.45330728590488439 1.0000000180025095e-35 -1.6216304898262022 0.58571431040763866 -0.048572091385722153 0.41825091838836675 2.1220812797546391
decision_type=2 2 10 10 10 10 2 8 10 10 10 10 10 10 10 10 10 10 10
left_child=2 4 -1 7 5 6 -2 -4 9 17 12 -12 13 14 -5 -14 -15 -7 -8
right_child=1 -3 3 10 -6 8 18 -9 -10 -11 11 -13 15 16 -16 -17 -18 -19 -20
leaf_value=-0.0027866521946418896 -0.0018640670898823033 0.0025548671020857714 0.0064186269347475946 -0.0026156635407870443 -0.0043345894353205025 0.0020321198466097096 0.00093023289392507895 -0.0021434803929494296 0.00023160976655715995 -0.0039131326182739821 -0.00066888481969407218 -0.003399602726299722 0.004157639025187506 -0.0040001345897477097 0.00078378129226684776 -0.00057770063034695486 -0.0006251368786954018 0.0065835436856185158 -0.0037391632391504705
leaf_weight=19178.396262854338 13785.790237694979 25151.447183549404 1908.992943495512 5042.7965762987733 2137.2453557699919 17868.709878310561 18555.821858465672 757.60787903517485 22396.460755974054 1313.0328541323543 20872.616682216525 8322.8336002603173 4059.3629362210631 5524.0100630447268 26744.303707674146 2755.2576997429132 6370.5337411090732 1769.8645498901606 1385.9703972414136
leaf_count=142397 63899 172726 8844 24025 9834 81881 86292 3492 103514 6000 97363 38662 19117 26189 123194 12369 30040 8147 6383
internal_value=5.50542e-06 0.000855972 -0.000868641 -0.000421342 0.000315952 0.000446178 -0.000406732 0.00398855 0.00110966 0.00204696 -0.000570025 -0.00144943 -6.11473e-05 -0.000422335 0.000242964 0.00224762 -0.00219729 0.00244961 0.000601725
internal_weight=205901 104364 101537 82358.3 79212.9 77075.7 33727.6 2666.6 43348.1 20951.6 79691.7 29195.5 50496.3 43681.6 31787.1 6814.62 11894.5 19638.6 19941.8
internal_count=1064368 538676 525692 383295 365950 356116 156574 12336 199542 96028 370959 136025 234934 203448 147219 31486 56229 90028 92675
is_linear=0
shrinkage=0.0117215


Tree=264
num_leaves=20
num_cat=0
split_feature=81 11 19 32 40 126 95 132 101 117 126 136 132 126 132 116 112 95 132
split_gain=1083.2 366.262 343.39 320.762 292.293 271.462 255.382 240.385 180.973 196.845 291.024 234.473 226.655 186.318 175.198 171.25 170.963 164.008 171.95
threshold=-1.0000000180025095e-35 -0.30740354955196375 0.10564004257321359 -0.92621198296546925 0.57666704058647167 0.28405427932739263 -1.2597648501396177 1.4032301902770998 -1.2501903772354124 0.13316072523593905 0.43739141523838049 0.61481097340583812 -1.0807078480720518 -0.37195345759391779 -1.4360190033912656 -10.99844455718994 -0.41077262163162226 1.268088221549988 -1.5041888952255247
decision_type=2 10 10 10 10 10 8 10 10 10 10 10 10 10 10 8 10 10 8
left_child=2 7 3 -1 15 -6 14 17 -8 12 16 -12 -10 -14 -4 -3 -11 18 -2
right_child=1 4 6 -5 5 -7 8 -9 9 10 11 -13 13 -15 -16 -17 -18 -19 -20
leaf_value=-0.0038236178374068605 -0.0028530958444653721 0.004287562489913084 -0.0031006201647673067 -0.00090984334171083999 0.0029524193624933192 0.00067574095941188629 0.00068310427452294195 0.0026396095599853361 -0.0039497430749987636 0.0065538952806768833 -0.0034775023879873687 0.0011588910741919659 0.002394363910681257 -0.0014039694138875413 0.0017630560519402659 -9.1462258417171057e-05 0.00047881797881881867 -0.0019091333027840198 0.0003606902033883784
leaf_weight=9242.8824961930513 2394.4484415352345 1316.4162783175707 1124.2559276819229 11847.455667190254 22171.520675987005 10672.707469396293 10176.716637127101 4986.7598891034722 4642.8548705726862 641.33733312040567 5047.5441589877009 2113.799587033689 1862.3794534578919 30696.545887343585 9077.6240280792117 14576.311341911554 15189.179712362587 5763.6929703131318 42427.839607380331
leaf_count=79993 10613 5672 6275 60917 145224 69421 51240 25030 24290 3172 23510 9467 8380 142429 43917 62856 72904 26621 193368
internal_value=2.02451e-06 0.000841104 -0.000858899 -0.00218962 0.00158253 0.00221362 -0.000510042 0.000190484 -0.000761354 -0.00100573 -0.000152828 -0.00210967 -0.00153243 -0.00118515 0.00122124 0.000276998 0.000734197 -5.20536e-05 0.000187615
internal_weight=205972 104310 101663 21090.3 48737 32844.2 80572.2 55572.7 70370.4 60193.6 22991.9 7161.34 37201.8 32558.9 10201.9 15892.7 15830.5 50586 44822.3
internal_count=1065299 538805 526494 140910 283173 214645 385584 255632 335392 284152 109053 32977 175099 150809 50192 68528 76076 230602 203981
is_linear=0
shrinkage=0.0117215


Tree=265
num_leaves=20
num_cat=0
split_feature=82 79 79 127 151 68 85 147 132 147 40 68 147 119 118 119 85 145 138
split_gain=1144.42 483.494 368.328 282.718 373.253 379.253 368.355 341.966 264.675 258.124 250.059 245.466 305.547 297.565 390.862 228.271 226.365 221.021 221.9
threshold=-0.090670611709356294 0.5286225974559785 -1.9289442896842954 -1.0000000180025095e-35 -0.12963166832923886 19.013351440429691 0.13601623475551608 0.72647717595100414 1.5036538243293764 -1.3458574414253233 0.51731640100479137 -20.393674850463864 -0.73132500052452076 -0.36842051148414606 -0.14376570284366605 0.31425599753856664 -0.0064177569001913062 -1.537463843822479 0.28943231701850897
decision_type=2 2 2 10 8 10 2 8 10 10 10 10 10 10 10 8 2 10 10
left_child=2 3 -1 6 10 9 17 -7 11 16 -5 12 13 14 -4 -9 -6 -2 -19
right_child=1 -3 8 4 5 7 -8 15 -10 -11 -12 -13 -14 -15 -16 -17 -18 18 -20
leaf_value=-0.0031543469637889611 -0.0010257653583272044 0.0018384793179871063 -0.0014469617062277038 -0.0032425716786376726 0.0088907981250777417 -0.002446350976324888 -0.00043884867278098265 0.0044825034673087747 0.0030818954926962751 0.00086584632465956917 -0.00041733860350996001 -0.001273511344388097 0.0016243066332971606 -0.0058614117664615179 0.0068086266952668544 -0.00021477341186350866 0.002420546389667955 0.003884659876422062 0.00073829172705464259
leaf_weight=9980.9648402929306 2325.8732151091099 37295.701710857451 5541.6619329676032 7738.9543365314603 1035.4166657552123 9006.8880977928638 11259.481969460845 1839.5811674371362 2362.3647768869996 16463.120264649391 9680.0795207694173 55600.870096050203 10307.403643555939 1625.35310190171 894.66913139820099 5990.4942446276546 2586.8777349740267 9501.0525708645582 4570.3062430918217
leaf_count=77360 10473 229363 27935 34946 4595 41015 53089 8379 10897 76589 45011 277673 50187 8008 4453 27820 12213 43123 20696
internal_value=-1.13545e-05 0.000732444 -0.00103928 0.000229 -0.000262048 0.000405272 0.00119325 -0.000891582 -0.000761845 0.00149216 -0.00167519 -0.000885532 0.000288956 -0.00141814 -0.000279012 0.000898809 0.004315 0.00231299 0.00286564
internal_weight=205607 119294 86313.3 81998.1 54341.4 36922.4 27656.7 16837 76332.3 20085.4 17419 73970 18369.1 8061.68 6436.33 7830.08 3622.29 16397.2 14071.4
internal_count=1063825 607312 456513 377949 250568 170611 127381 77214 379153 93397 79957 368256 90583 40396 32388 36199 16808 74292 63819
is_linear=0
shrinkage=0.0117215


Tree=266
num_leaves=20
num_cat=0
split_feature=81 31 40 157 132 95 126 145 95 116 116 145 157 48 145 157 116 95 116
split_gain=1044.37 354.781 320.994 298.243 297.152 352.043 273.861 274.189 279.197 266.682 262.243 260.356 339.108 277.359 239.933 232.852 222.659 216.018 207.284
threshold=-1.0000000180025095e-35 0.43806686997413641 0.050745183601975448 -1.775858402252197 -1.4033093452453611 -1.2794522047042844 0.4062934815883637 -1.537463843822479 1.268088221549988 4.5250711441040048 -4.8514304161071768 1.5476677417755129 1.6059319972991946 0.50911459326744091 1.0007988810539248 -1.711953282356262 -10.763792037963865 -0.094359450042247758 0.63835763931274425
decision_type=2 10 10 10 10 8 8 10 10 8 8 10 10 10 10 8 8 10 8
left_child=2 6 -1 -4 10 -6 7 15 16 -8 -5 13 -13 -7 -11 -2 17 -9 -18
right_child=1 -3 3 4 5 11 9 8 -10 14 -12 12 -14 -15 -16 -17 18 -19 -20
leaf_value=-0.0034979749592450957 0.0028168473073462439 0.0029212329689710299 0.0040604032220504177 -0.0064260259029644612 0.0015276737848042674 -0.0018243613506384799 -0.0022084394525327539 0.0023224530804951348 -0.0011926902836926078 -0.00087820757109616265 -0.0015374974492177813 0.0031043069885450547 -0.0027256954878798799 -0.0003507531055462932 0.0032117868842682306 -0.0024852579221605899 0.00053209065527767103 0.0077657896022027325 0.0019455037955847904
leaf_weight=5821.8137571886182 1427.8137104436755 10139.687462687492 1775.7078141272068 2182.8743186071515 9733.7825553640723 33117.478446654975 8436.8499411791563 4552.5489805564284 6470.4402178823948 4907.7776298895478 4831.7846855968237 4640.3573597893119 1920.8033525720239 37329.362446695566 3261.4303990080953 5284.0922355949879 33219.785060249269 1275.2352424561977 24982.712965652347
leaf_count=57728 6527 91778 8964 11927 47912 163112 39611 21362 31249 22917 26033 21853 8933 178950 15816 24367 158163 6117 119412
internal_value=1.54085e-05 0.000840773 -0.000831164 -0.000667833 -0.00075837 -0.000570256 0.000615254 0.000908917 0.00112449 -0.000749542 -0.00307497 -0.000835815 0.00139395 -0.00104388 0.000759146 -0.00135151 0.001359 0.00353972 0.00113932
internal_weight=205312 103958 101354 95532.2 93756.4 86741.8 93818.7 77212.6 70500.7 16606.1 7014.66 77008 6561.16 70446.8 8169.21 6711.91 64030.3 5827.78 58202.5
internal_count=1062731 537319 525412 467684 458720 420760 445541 367197 336303 78344 37960 372848 30786 342062 38733 30894 305054 27479 277575
is_linear=0
shrinkage=0.0117215


Tree=267
num_leaves=20
num_cat=0
split_feature=79 84 84 26 85 48 132 116 147 133 98 39 143 114 68 146 147 115 39
split_gain=1065.44 591.626 473.052 411.174 300.059 246.565 279.728 247.04 256.699 216.058 225.57 247.132 240.973 212.821 208.973 215.521 194.878 318.971 255.232
threshold=0.191587008535862 -1.0000000180025095e-35 1.0000000180025095e-35 0.073369599878788008 -0.22389478236436841 0.26953125000000006 1.5804001092910769 -9.2101821899414045 -0.64743071794509877 -1.0443432927131651 -0.20683965086936948 -0.67832511663436879 0.07014800608158113 0.17470221966505053 18.047914505004886 1.0000000180025095e-35 0.65712237358093273 -2.0102229118347164 -1.0912078619003294
decision_type=2 2 2 10 2 8 10 8 8 8 8 8 10 10 10 10 10 8 10
left_child=1 3 -2 -1 16 6 7 -3 13 -7 -11 -12 -13 -9 -4 -16 17 18 -5
right_child=2 5 14 4 -6 9 -8 8 -10 10 11 12 -14 -15 15 -17 -18 -19 -20
leaf_value=-0.003613978832443862 0.00020879581278732254 0.0030319400061816666 0.002692556631022045 -0.00034088554773596718 -0.0019323130283407908 -0.0010882833859802766 0.0024432942996620243 -0.0058835656399041716 -0.00085368397593301392 0.0039415900423879022 -0.0014391728771773052 0.0022958601219168926 -0.00012583852022558415 -0.00036992668596272995 0.0026345419192313774 -0.0005327625203495937 0.001690268580734676 -0.0019401208526189464 0.0036726666037396236
leaf_weight=9798.6324382424355 36632.052574135363 1783.7232517749071 25162.400112643838 7512.2674861848354 25643.876322895288 7127.5574562400579 3403.4652614519 2854.6174064129591 17795.820173472166 3550.4463263824582 5397.3976406082511 14230.873295351863 9343.7035640925169 1449.6115633249283 5108.0118838101625 6934.4227254167199 5971.295547761023 12579.447468884289 3039.9522828683257
leaf_count=82073 168933 8223 156380 39801 123526 32514 16111 13242 82250 16218 27210 63076 43589 6737 30694 41903 30749 65353 14475
internal_value=2.80548e-05 -0.000604674 0.0011546 -0.00140517 -0.00100847 0.000167439 -0.000689762 -0.00113817 -0.00147758 0.000757426 0.00116242 0.000818945 0.00133685 -0.00403862 0.00208514 0.000813196 -0.000193534 -0.000681036 0.000820903
internal_weight=205320 131483 73836.9 64545.5 54746.8 66937.2 27287.2 23883.8 22100 39650 32522.4 28972 23574.6 4304.23 37204.8 12042.4 29103 23131.7 10552.2
internal_count=1063057 665147 397910 355977 273904 309170 126563 110452 102229 182607 150093 133875 106665 19979 228977 72597 150378 119629 54276
is_linear=0
shrinkage=0.0117215


Tree=268
num_leaves=20
num_cat=0
split_feature=81 18 141 141 26 120 120 126 89 121 112 121 121 88 143 35 120 117 89
split_gain=981.52 331.689 329.443 302.563 310.595 298.979 283.37 298.695 301.807 285.706 269.475 239.383 214.822 207.042 205.313 224.673 198.559 233.817 225.831
threshold=-1.0000000180025095e-35 -0.36003012955188746 -1.0000000180025095e-35 1.0000000180025095e-35 0.18442153930664065 -1.4169353246688841 -0.42540518939495081 -0.15752502530813214 6.4746618270874032 0.73778784275054943 0.67794820666313182 1.4046275019645693 0.42437264323234564 -0.20998855680227277 0.18764929473400119 0.20312500000000003 -0.20303905755281446 0.44631105661392217 6.6496317386627206
decision_type=2 10 2 2 10 8 10 10 2 10 10 10 8 2 8 8 10 10 2
left_child=3 14 11 4 -1 -5 7 13 -9 -10 -4 12 -3 -7 15 -2 17 18 -6
right_child=1 2 10 5 16 6 -8 8 9 -11 -12 -13 -14 -15 -16 -17 -18 -19 -20
leaf_value=-0.0027107453391253472 0.0021391850254397402 -0.00058398465948830767 0.002880117072278596 0.0029303084980022089 -0.0011793108709744044 -0.0005276964047976582 0.00074850597417817043 -0.0013111686320482051 -0.0035688249673904581 -0.012348218246321679 0.00031060196325483595 -0.0031733774233861476 0.0017695408039914721 0.0039364254837147596 0.00208435274903368 -0.00048607460309813553 -0.0029947076963293333 0.0033878535633169696 0.0013562405668409658
leaf_weight=16906.858585059643 5048.5372605025768 9108.4793732762337 22789.871037706733 4079.4219230562449 28038.273489966989 4868.0186366215348 16960.538968212903 12338.879072912037 2632.1093476042151 619.89463178068399 7443.4196889102459 2290.8369782567024 12786.046886429191 1993.7867532297969 6282.0095650553703 38299.20615658164 5040.1288805454969 1969.9844269901514 5808.3014261573553
leaf_count=127551 22321 45242 146184 19491 131147 23925 79304 59289 12643 2974 49092 11809 65881 9153 29300 168350 23378 9442 26795
internal_value=1.73546e-06 0.000801163 0.00143298 -0.000819732 -0.00137554 -8.12101e-05 -0.00039446 -0.00125773 -0.00215365 -0.00531821 0.00224823 0.000412673 0.000790856 0.000778335 0.000108038 -0.000179337 -0.000821792 -0.000514271 -0.00074356
internal_weight=205305 104048 54418.7 101256 57763.5 43492.6 39413.2 22452.7 15590.9 3252 30233.3 24185.4 21894.5 6861.81 49629.8 43347.7 40856.7 35816.6 33846.6
internal_count=1063271 538179 318208 525092 318313 206779 187288 107984 74906 15617 195276 122932 111123 33078 219971 190671 190762 167384 157942
is_linear=0
shrinkage=0.0117215


Tree=269
num_leaves=20
num_cat=0
split_feature=141 26 25 126 147 157 42 147 147 102 142 156 147 114 156 147 150 142 156
split_gain=887.952 492.915 449.01 298.476 310.162 284.807 281.853 253.48 328.402 436.806 381.211 300.466 365.009 354.173 280.613 361.765 429.735 359.714 272.68
threshold=-1.0000000180025095e-35 0.3882183730602265 -0.30571775138378138 -0.27105410397052759 -0.51198107004165638 -1.8479381203651426 0.26302082836627966 0.53167477250099193 -0.053147327154874795 0.59283009171485912 2.5193175077438359 0.47222222387790685 -0.76767137646675099 0.31107969582080847 0.76388889551162731 2.1316347122192387 0.052482187747955329 2.1020971536636357 0.10555555671453477
decision_type=2 8 10 8 10 8 10 10 8 10 2 10 10 10 10 10 10 2 8
left_child=1 3 7 4 5 -1 -6 8 9 -2 18 13 -13 -11 -9 16 -16 -18 -10
right_child=2 -3 -4 -5 6 -7 -8 14 10 11 -12 12 -14 -15 15 -17 17 -19 -20
leaf_value=0.0056074719842784228 0.0020832266177413534 -3.288793932324733e-05 0.001848904759126241 -0.0022174328544443569 -0.00045217350173834629 -0.0025935096577643897 0.0050755392020631089 0.0020565248589553371 -0.003720361189737701 -0.0011017740327334432 0.0062797288522323811 -0.007136925843742507 -0.00068387154019971435 0.0037246483808511194 0.0051339041579071647 -0.0084109493763107977 -0.0027913180130241244 0.0064589542846546239 -0.0005925841504591877
leaf_weight=626.22044023871422 12546.740646608174 56886.449784763157 35454.825006231666 34106.017147883773 2705.7326519191265 5660.1122916191816 2355.0124793052673 16297.020077988505 7108.3566771522164 7189.6009145453572 773.52508834004402 1951.7526636496186 3100.5500305071473 2917.5239222943783 1749.8565908223391 726.00393168628216 4358.8821647688746 642.88912884145975 8293.8204730525613
leaf_count=4119 60049 263561 220713 197936 18540 34677 11287 75345 32966 32523 3494 8853 14078 13141 8541 3254 19601 2912 38850
internal_value=1.32483e-05 -0.000760157 0.000780863 -0.00166988 -2.29348e-05 -0.00175889 0.0021316 0.000220721 -0.000307399 0.0004674 -0.00163326 -0.000871086 -0.00319805 0.000296779 0.00119484 -0.000683695 0.000173261 -0.00157795 -0.00203954
internal_weight=205451 102340 103111 45453.1 11347.1 6286.33 5060.75 67656.5 43881.9 27706.2 16175.7 15159.4 5052.3 10107.1 23774.7 7477.63 6751.63 5001.77 15402.2
internal_count=1064440 530120 534320 266559 68623 38796 29827 313607 203954 128644 75310 68595 22931 45664 109653 34308 31054 22513 71816
is_linear=0
shrinkage=0.0117215


Tree=270
num_leaves=20
num_cat=0
split_feature=79 82 82 132 87 1 99 147 147 147 117 138 147 147 133 11 118 141 1
split_gain=1067.19 549.855 358.591 306.552 304.557 334.804 326.11 324.458 457.797 456.842 442.339 422.737 298.208 314.89 295.229 252.519 231.475 231.37 200.499
threshold=-0.25053462386131281 0.52250388264656078 -0.50189512968063343 -1.5824218988418577 -1.0000000180025095e-35 0.48112995922565466 0.0924959070980549 -0.66200813651084889 -1.4211568832397459 0.1344619765877724 -0.18334134668111798 -7.1833961009979239 0.64364719390869152 -0.010081271175295113 1.1950739026069643 -0.25608028471469874 -0.085847932845354066 -1.0000000180025095e-35 0.41610908508300787
decision_type=2 2 2 8 2 10 10 8 10 8 10 10 10 8 10 10 8 2 10
left_child=2 3 -1 16 5 12 -7 8 11 18 -10 -6 13 -5 -14 -3 -2 -11 -9
right_child=1 15 -4 4 7 6 -8 9 10 17 -12 -13 14 -15 -16 -17 -18 -19 -20
leaf_value=-0.002410346189201466 -0.0054129306517834274 0.00076061615864295769 -0.0006073666623692645 0.0013585027570295889 -0.0035731839048371438 0.00034555774977596671 -0.010566518155452252 0.001708862142454943 -0.0075521577696414021 -0.0019732571846228638 -0.0012571956691006946 0.0043139139737059726 0.0020954449388400137 -0.0010164843091599247 0.0079740180541975798 0.0027353092147518548 -0.00044245703326956624 0.00021640086045401829 0.00841983651442039
leaf_weight=22866.216265887022 2270.9647440835834 16488.478991217911 44928.435975365341 24220.454518936574 1603.8251465931535 853.21916218847036 647.8854359164834 10707.113725945354 2876.7182536572218 11390.194175675511 3279.2058728784323 2169.5331924706697 9610.9902136623859 11199.824769668281 1320.2765564098954 19364.713419191539 2943.3596178144217 15810.362569905818 627.90626318752766
leaf_count=157786 10812 87220 212745 111904 7455 3924 2935 50158 13399 52035 15314 10080 44235 51688 6096 135571 14005 73621 2861
internal_value=-1.29487e-05 0.000580872 -0.00121611 0.000140076 0.000290184 0.000953291 -0.00445359 -0.00036469 -0.00225142 0.000122522 -0.00421625 0.000960234 0.00113054 0.000607362 0.00282089 0.00182825 -0.00262165 -0.000701418 0.00209711
internal_weight=205180 137385 67794.7 101532 96317.5 47852.7 1501.1 48464.9 9929.28 38535.6 6155.92 3773.36 46351.5 35420.3 10931.3 35853.2 5214.32 27200.6 11335
internal_count=1063844 693313 370531 470522 445705 220782 6859 224923 46248 178675 28713 17535 213923 163592 50331 222791 24817 125656 53019
is_linear=0
shrinkage=0.0117215


Tree=271
num_leaves=20
num_cat=0
split_feature=84 1 79 1 62 147 156 147 114 38 58 65 156 146 0 147 114 122 86
split_gain=1000.1 686.987 622.686 562.999 519.798 525.652 656.533 669.059 631.828 484.284 465.369 451.914 539.065 699.282 510.299 397.499 393.733 347.866 343.22
threshold=-1.0000000180025095e-35 -0.089602276682853685 -0.36789733171463007 -0.098024301230907426 0.47372151911258703 -0.64743071794509877 0.35416667163372045 -1.4404878616333006 0.51146367192268383 0.26073250174522405 -0.22062908113002774 -0.6843549609184264 0.18333333730697635 -1.0000000180025095e-35 -0.35603147745132441 1.6638563275337221 1.2510349154472353 0.10352412238717081 6.0026509761810312
decision_type=2 10 2 10 8 10 10 10 10 8 10 10 10 8 10 10 8 10 2
left_child=2 9 -1 -4 5 6 8 -8 -3 18 -5 -7 13 -13 -14 -12 -6 -17 -2
right_child=1 4 3 10 16 11 7 -9 -10 -11 15 12 14 -15 -16 17 -18 -19 -20
leaf_value=-0.0022670306722431819 -0.00097839283271497208 0.00069890302594654728 0.0012180238766500426 0.00040145710235979385 -0.0025091147142135149 0.0055627310216562207 0.0011753180059042667 -0.0078002771296299149 0.0072340223063759868 0.0011109472625996241 -0.0024008402044819166 -0.0049984085828271583 0.0088954439083475494 0.0028373633654636245 0.0025702949125015551 0.0090599542207229541 0.0014509463546382424 -0.00030927370504404874 -0.0052035624571606974
leaf_weight=28963.16713065654 18773.851314589381 12992.091804660857 24325.846237152815 19801.941565297544 6735.3522688150406 7251.2085412442684 2258.2241780236363 2272.3245078846812 2387.8185373470187 15946.752865120769 25240.006512843072 2854.093901924789 1934.9747278466821 3407.9745361879468 17215.43278503418 737.75271686911583 7023.8192567452788 1908.2576915845275 3054.504279114306
leaf_count=189922 88326 65545 114273 93237 34138 36764 11396 11582 12423 93582 115232 15231 10074 17935 90846 3352 36930 8609 14006
internal_value=1.46818e-05 0.000820723 -0.000816354 -0.000232364 0.00153908 0.0020697 0.000567558 -0.00334331 0.00172292 -0.00044088 -0.000972446 0.00298429 0.00224414 -0.00073927 0.00321942 -0.00194758 -0.000488536 0.00235925 -0.00157455
internal_weight=205085 104108 100977 72013.8 66333.3 52574.1 19910.5 4530.55 15379.9 37775.1 47688 32663.7 25412.5 6262.07 19150.4 27886 13759.2 2646.01 21828.4
internal_count=1063403 538778 524625 334703 342864 271796 100946 22978 77968 195914 220430 170850 134086 33166 100920 127193 71068 11961 102332
is_linear=0
shrinkage=0.0117215


Tree=272
num_leaves=20
num_cat=0
split_feature=79 82 82 132 156 156 68 156 147 136 25 1 132 1 147 154 122 154 42
split_gain=1112.72 555.766 347.946 261.724 254.375 690.31 502.068 285.725 297.11 284.264 229.752 214.959 214.51 210.676 261.148 203.136 186.145 184.077 165.922
threshold=-0.18414364755153653 0.38006880879402166 -0.54896706342697132 -1.3729110956192014 0.68333333730697643 0.64583334326744091 19.958286285400394 0.57777780294418346 0.64364719390869152 -0.28594689071178431 -0.068842377513647066 -0.03431252017617225 1.5404330492019656 -0.062035618349909775 -0.15035066008567807 0.26785714924335485 0.052254023030400283 0.10555555671453477 0.61197915673255932
decision_type=2 2 2 8 10 10 10 10 10 10 10 8 10 10 10 10 10 10 10
left_child=2 3 -1 15 5 7 -7 8 -5 16 18 -9 -4 14 -11 -2 -6 -15 -3
right_child=1 10 12 4 9 6 -8 11 -10 13 -12 -13 -14 17 -16 -17 -18 -19 -20
leaf_value=-0.0023408661010153446 -0.0013680933394836774 0.0022077797441755619 -0.00078169617534597463 0.00021866404267708369 -0.00040463556460793737 0.013330851796871601 0.0008800660402377955 0.00022752389198356859 0.00228106165297743 0.0064681619116101884 0.0033686912823662567 -0.0046153197070046446 0.0026480099551906334 0.0027031292626493904 -0.0007964825148846816 -0.007771891159865583 0.0063316092371180077 -0.0032438094786054065 0.00057160667816925231
leaf_weight=22962.590599089861 6037.2623932808638 15141.594129309058 48969.992453120649 43689.789352729917 1136.8178306147456 977.26685168594122 807.68426758050919 2464.950443290174 12277.625348597765 752.60100607573986 9241.7309270575643 2546.8223619237542 2618.1118789613247 767.82120157033205 5471.2673958390951 746.55863849818707 1089.4378995001316 7984.0271987393498 19472.96765384078
leaf_count=157546 28657 81529 232224 201268 5205 4490 3748 11341 56137 3570 77858 11658 11793 3677 25113 3463 4955 36253 103488
internal_value=1.09519e-06 0.00065326 -0.00114129 0.000109471 0.000297209 0.000643302 0.00778076 0.000431489 0.000671854 -0.000964728 0.00172827 -0.00224341 -0.000606522 -0.00154634 0.000102798 -0.002097 0.00292321 -0.00271628 0.00128833
internal_weight=205157 130606 74550.7 86749.9 79966.1 62764.1 1784.95 60979.2 55967.4 17202 43856.3 5011.77 51588.1 14975.7 6223.87 6783.82 2226.26 8751.85 34614.6
internal_count=1063973 662410 401563 399535 367415 288642 8238 280404 257405 78773 262875 22999 244017 68613 28683 32120 10160 39930 185017
is_linear=0
shrinkage=0.0117215


Tree=273
num_leaves=20
num_cat=0
split_feature=84 71 26 149 86 11 85 147 147 95 130 95 94 149 121 104 40 86 149
split_gain=924.578 640.428 533.024 367.763 364.882 305.285 293.063 325.253 272.83 355.646 482.64 254.708 222.197 222.076 219.384 218.476 267.748 217.306 198.87
threshold=-1.0000000180025095e-35 2.6497472524642949 0.27350166440010076 -1.5100518465042112 5.9648630619049081 -0.87000378966331471 -0.075395610183477388 0.64364719390869152 -0.64743071794509877 0.80776444077491771 0.50188675522804271 -1.2597648501396177 -0.019858328625559803 1.5794385671615603 1.0760638713836672 -8.4785265922546369 0.29189890623092657 4.5271940231323251 -0.035637021064758294
decision_type=2 2 10 10 2 10 2 10 8 8 10 8 10 10 10 10 10 2 10
left_child=2 4 15 -4 5 -2 7 11 -6 10 18 12 -5 -7 -11 16 -1 -18 -10
right_child=1 -3 3 6 8 13 -8 -9 9 14 -12 -13 -14 -15 -16 -17 17 -19 -20
leaf_value=-0.0017877773213392809 -0.00070468577589023577 0.0031469504729855812 0.0044439697987199347 0.0011276474446577534 -0.0074431126635506033 0.0011401286061669181 -0.0012057634220343093 0.0024109470828158862 -0.0056320136166407696 -0.009335771392923381 0.0086060256955281574 -0.00080053347528249129 0.0083885100611070101 -0.0030267391688608837 -0.0019255582037201306 -0.0027422173304776092 -0.0021752728016395024 0.0047530219339490956 0.00095275281681415501
leaf_weight=7684.3671988025308 17831.673759765923 13771.345567472279 2235.2418915629387 5105.3292238712311 1087.679287597537 63491.892953962088 30857.964143358171 8115.8435461744666 918.33107449859381 847.11103570461273 881.7588569521904 22813.861393287778 631.63627641648054 1785.5323909372091 1530.8532776907086 20853.501254014671 915.99599779397249 1843.7075101584196 1889.3513283878565
leaf_count=55777 81254 104159 10046 22825 5185 310394 140799 36667 4303 4071 4205 103174 2900 8680 7273 139966 5112 7975 9126
internal_value=1.9072e-05 0.000794648 -0.000779359 -0.000208941 0.000435045 0.000653879 -0.000364443 0.000343911 -0.00210067 -0.00111817 0.0011603 -0.000245148 0.00195773 0.00102511 -0.00463023 -0.00204968 -0.000663865 0.00245443 -0.00122958
internal_weight=205093 104036 101057 69759.9 90264.2 83109.1 67524.6 36666.7 7155.08 6067.41 3689.44 28550.8 5736.97 65277.4 2377.96 31297.6 10444.1 2759.7 2807.68
internal_count=1063891 538650 525241 316411 434491 400328 306365 165566 34163 28978 17634 128899 25725 319074 11344 208830 68864 13087 13429
is_linear=0
shrinkage=0.0117215


Tree=274
num_leaves=20
num_cat=0
split_feature=82 82 156 156 138 138 145 147 1 11 147 147 147 145 1 147 1 70 138
split_gain=958.302 406.258 360.47 889.041 662.591 357.453 437.764 359.736 472.262 347.241 298.381 421.343 410.644 371.358 355.097 340.833 286.948 231.564 219.958
threshold=0.29515361785888677 -0.49093401432037348 0.68333333730697643 0.64583334326744091 19.588533401489261 -17.987197875976559 1.0162889957427981 0.80286896228790294 -0.051173292100429528 -0.52917292714118946 0.64364719390869152 0.012853736989200117 1.2390580177307131 -1.5072455406188963 0.37904435396194464 1.9569672942161562 0.027128973044455055 -3.7613607645034786 41.394399642944343
decision_type=2 2 10 10 10 10 10 10 10 10 10 10 10 8 10 10 10 2 10
left_child=1 17 3 10 -5 -4 -7 8 -8 -2 11 13 16 -3 -13 -14 -12 -1 -9
right_child=9 2 5 4 -6 6 7 18 -10 -11 12 14 15 -15 -16 -17 -18 -19 -20
leaf_value=-0.002999033991638853 -0.00031409423832931235 -0.0022926148298341733 0.0038390976573999896 0.013803569838722872 0.00084841437318668633 -0.0031617363246894421 0.0019674223977947354 0.0056987531501511068 -0.0067430575581399832 0.0017422089238879456 0.00218905987263997 -0.0018104953488311667 -0.0016710169131044913 0.00054982576022628805 -0.010227579213434304 0.0034464867162217676 0.0076845725448151788 -0.00099338009799605775 -0.00064355096613136046
leaf_weight=10454.025912739336 15009.686864212155 7408.7211387827992 1581.8579870685935 1114.3745390102267 1042.8758925646544 13012.906768709421 1814.9507729485631 2007.2374286800623 1580.6391403153539 45342.449571996927 6422.9612806588411 11154.008039824665 6700.906968139112 41998.244772516191 712.60629127174616 2412.7346882894635 1626.9833937957883 32455.764656610787 1185.6601988002658
leaf_count=85198 68772 33641 7316 5123 4808 60011 8373 9049 7133 270528 29680 51914 30776 193482 3244 10790 7397 171463 5295
internal_value=-9.59508e-06 -0.000527137 -0.000123737 0.000233987 0.00761659 -0.00148351 -0.00191709 0.000543676 -0.00210559 0.00123088 2.87442e-05 -0.000353964 0.00139363 0.000122714 -0.00233499 -0.000310887 0.00331872 -0.00148337 0.00335597
internal_weight=205040 144687 101778 80594.4 2157.25 21183.3 19601.4 6588.49 3395.59 60352.1 78437.2 61273.6 17163.6 49407 11866.6 9113.64 8049.94 42909.8 3192.9
internal_count=1063993 724693 468032 370855 9931 97177 89861 29850 15506 339300 360924 282281 78643 227123 55158 41566 37077 256661 14344
is_linear=0
shrinkage=0.0117215


Tree=275
num_leaves=20
num_cat=0
split_feature=81 18 19 32 141 132 132 56 132 115 98 56 132 152 46 108 74 36 113
split_gain=933.149 317.606 299.071 341.577 274.301 256.754 238.253 228.114 226.829 205.737 203.991 177.479 194.936 163.577 158.979 142.019 140.285 139.552 137.951
threshold=-1.0000000180025095e-35 -0.20631178468465802 0.15570958703756335 -0.91017544269561756 -1.0000000180025095e-35 1.4032301902770998 -1.4033093452453611 0.43593715131282812 1.5404330492019656 -2.6924705505371089 0.32685372233390814 -0.44275872409343714 -1.5824218988418577 0.10555555671453477 -0.37771193683147425 -1.0000000180025095e-35 0.20502250641584399 -0.023295522667467591 -0.040796395391225808
decision_type=2 10 10 10 2 10 10 10 10 8 8 10 10 2 10 10 10 10 10
left_child=2 5 3 17 -3 10 13 8 9 16 11 -2 -13 -4 -14 -5 -8 -1 -7
right_child=1 4 6 15 -6 18 7 -9 -10 -11 -12 12 14 -15 -16 -17 -18 -19 -20
leaf_value=-0.002780361834759932 0.0033637364630341037 0.00053918201975301197 -0.00070557066128220909 -0.0022863805095023316 0.0026551328512193621 0.00059951068811810193 0.00068953772259781193 -0.0034342587198958772 0.0037063277303725109 -0.00048026533685981951 -0.0011169416355716031 -0.0035804389592415387 4.0289323100809406e-05 -0.0044404548473541573 0.0016599362824928714 8.4690422452101787e-05 0.0043096612439206018 -0.0061689309683869977 0.0041659978703439751
leaf_weight=9528.7565505281091 2708.8041875958443 15365.882266446948 3233.3385667353868 5240.4359322115779 18630.744881719351 2642.7600223571062 7292.7556725889444 2879.7710485309362 2084.7501728013158 53504.618832491338 14582.809431143105 1699.1686743870378 33929.586920395494 3208.8919998779893 11011.755280308425 10184.794769145548 1823.1140954867005 2034.4906955957413 3419.9075398221612
leaf_count=84422 11785 82362 17917 29617 133562 13333 34519 12537 9230 249960 68494 7470 152538 15908 52209 48190 8713 14334 17471
internal_value=-8.64208e-06 0.000770691 -0.000810925 -0.00186669 0.00169978 0.000319014 -0.000425553 -0.000219831 -7.55858e-05 -0.000202823 9.9978e-05 0.000459937 0.000289695 -0.00257521 0.000437797 -0.000723068 0.00142267 -0.00338776 0.00261958
internal_weight=205007 103991 101016 26988.5 33996.6 69994.8 74027.2 67585 64705.2 62620.5 63932.1 49349.3 46640.5 6442.23 44941.3 15425.2 9115.87 11563.2 6062.67
internal_count=1064571 539224 525347 176563 215924 323300 348784 314959 302422 293192 292496 224002 212217 33825 204747 77807 43232 98756 30804
is_linear=0
shrinkage=0.0117215


Tree=276
num_leaves=20
num_cat=0
split_feature=79 79 79 87 99 45 1 97 45 146 110 125 65 130 47 121 123 130 105
split_gain=968.279 450.875 256.354 195.647 258.629 235.583 235.308 496.124 256.093 213.517 212.403 195.492 193.778 369.273 277.519 186.62 239.815 215.352 182.538
threshold=-0.3581403493881225 0.74007686972618114 -1.5695689320564268 -1.0000000180025095e-35 -0.73886939883232106 0.070508286356925978 0.48112995922565466 -2.467049121856689 -0.11829129233956336 -1.0000000180025095e-35 0.013261432293802502 0.17866198718547824 -0.32442633807659144 0.37936459481716162 0.3627591878175736 0.43441316485404974 -7.7088534832000724 -0.18082004040479657 -3.5338766574859615
decision_type=2 2 2 2 8 10 10 8 8 10 10 8 10 10 10 10 8 10 10
left_child=2 3 -1 5 -5 10 8 -8 9 -6 12 -10 14 -14 -2 16 -7 -17 -12
right_child=1 -3 -4 4 6 15 7 -9 11 -11 18 -13 13 -15 -16 17 -18 -19 -20
leaf_value=-0.0026862846997266726 0.00033849941254155531 0.0017072306000926402 -0.00085406904695580345 -0.0069716864876590602 -0.0049278763027048459 0.0032343361619737456 0.012249780564515493 -0.00013034795047240527 0.0017135253160547375 -0.00089409546630866196 -0.0056871845438407316 -0.00037129095130108812 -0.0033805846134074232 0.0030437322625997739 0.0026656948047415609 -0.00082288179092251219 -0.0026622681798037914 0.0055557544154716237 -0.00065327280224897958
leaf_weight=13793.26225656271 23043.389351576567 32903.169689469039 43780.171023130417 769.61920967698097 2785.5876197442412 2096.4498792439699 614.20998328179121 1469.3458577916026 7265.5522908642888 5072.0045585557818 1110.8584630042315 40584.622197076678 3780.1703165397048 1795.203770570457 10119.690961264074 921.24415741860867 1691.2988376617432 3334.1357322186232 7843.9673731029034
leaf_count=102812 105625 205834 221102 3618 13046 10129 2851 6939 34109 23803 5137 190381 17425 8219 46987 4488 8315 16400 36633
internal_value=-5.42521e-06 0.000498664 -0.00129393 0.000150473 -0.000322586 0.000647433 -0.000231268 0.0036142 -0.000376543 -0.00233444 0.000333924 -5.4054e-05 0.000710061 -0.00130798 0.00105001 0.00250012 0.000601216 0.00417788 -0.00129086
internal_weight=204774 147201 57573.4 114297 58560.9 55736.4 57791.3 2083.56 55707.8 7857.59 47693.3 47850.2 38738.5 5575.37 33163.1 8043.13 3787.75 4255.38 8954.83
internal_count=1063853 739939 323914 534105 274747 259358 271129 9790 261339 36849 220026 224490 178256 25644 152612 39332 18444 20888 41770
is_linear=0
shrinkage=0.0117215


Tree=277
num_leaves=20
num_cat=0
split_feature=82 39 26 87 88 39 130 1 102 124 124 130 68 122 26 85 156 130 145
split_gain=942.286 317.939 303.27 293.976 330.445 290.7 282.452 298.289 535.96 254.762 248.533 415.991 243.929 237.594 228.461 219.738 336.679 248.43 225.688
threshold=-1.0000000180025095e-35 -0.061458950862288468 0.073369599878788008 -1.0000000180025095e-35 0.36293743550777441 -0.65563878417015065 -0.18082004040479657 0.48112995922565466 1.5845192670822146 -3.3493019342422481 -3.3694499731063838 0.64126569032669078 20.634686470031742 0.062394881621003158 0.58318164944648754 -0.11776984855532645 0.10555555671453477 -0.18981719762086866 0.027697486802935604
decision_type=2 10 10 2 2 10 8 10 8 8 10 10 10 10 10 2 10 10 8
left_child=2 3 5 4 10 -1 -5 9 -9 -8 11 13 -11 -2 -13 17 18 -4 -17
right_child=1 -3 15 6 -6 -7 7 8 -10 12 -12 14 -14 -15 -16 16 -18 -19 -20
leaf_value=-0.0034741103796716117 0.0019741061967661843 0.0032668606883047261 -0.0018690864974233443 0.0018550442811373091 0.0037136161023190199 0.00026569292869400304 -0.0042677753308032118 0.0090385387761680556 -0.0034141923880019517 0.0003887104625025185 -4.8850695176084417e-05 -0.0053045547581929116 -0.0014842318611069018 0.005960046413875885 0.00090133359145776106 -0.00089843312746444516 -0.0019167302292844761 0.00041910545347014026 0.0022794829818829879
leaf_weight=10058.597197473049 14292.756862252951 6550.3265933394432 7909.1805690377951 9402.8293226510286 6598.2121622562408 3979.881290666759 2412.6172848567367 1165.5565881282091 774.31771180778742 23814.826339498162 19730.223012834787 1518.7690552473068 15923.201379984617 2388.6943855434656 1716.5903384834528 7540.1015802249312 27359.918588362634 36564.340201027691 5146.277073726058
leaf_count=86604 68451 64751 39272 45460 35228 19388 11582 5667 3726 116076 96808 6781 75717 11557 8639 35053 127624 182276 23863
internal_value=4.31069e-06 0.00076976 -0.000821165 0.00060504 0.00128921 -0.0024152 1.32673e-05 -0.000380285 0.00408638 -0.000587994 0.000883789 0.00180667 -0.000362215 0.00255238 -0.00202897 -0.00055581 -0.00118538 1.14081e-05 0.000392514
internal_weight=204847 106289 98558.3 99738.6 46245.2 14038.5 53493.3 44090.5 1939.87 42150.6 39647 19916.8 39738 16681.5 3235.36 84519.8 40046.3 44473.5 12686.4
internal_count=1064523 550443 514080 485692 227464 105992 258228 212768 9393 203375 192236 95428 191793 80008 15420 408088 186540 221548 58916
is_linear=0
shrinkage=0.0117215


Tree=278
num_leaves=20
num_cat=0
split_feature=79 84 84 71 126 111 87 118 111 120 111 118 120 116 128 132 120 104 126
split_gain=954.284 503.966 421.894 316.218 298.571 311.456 267.84 316.987 287.515 263.157 385.856 241.914 478.314 420.073 264.053 236.631 227.627 225.816 209.249
threshold=0.24869634211063388 -1.0000000180025095e-35 1.0000000180025095e-35 -2.655378937721252 0.7926524579524995 -0.22875158488750455 -1.0000000180025095e-35 0.73972281813621532 0.1146163009107113 -0.51875805854797352 0.29476110637187963 -0.21153572201728818 -0.93983849883079518 -7.19643211364746 -1.0000000180025095e-35 0.94931054115295421 -0.15615016222000119 9.2863955497741717 -0.2570767849683761
decision_type=2 2 2 2 10 8 2 8 10 8 10 10 10 8 10 10 8 10 10
left_child=1 3 -2 -1 5 11 7 -7 -9 10 -8 13 -13 -3 -15 -14 -11 -4 -5
right_child=2 4 17 18 -6 6 9 8 -10 16 -12 12 15 14 -16 -17 -18 -19 -20
leaf_value=-0.002842494562189362 0.00017981193796909868 0.00045821169421183329 0.0026762239222687082 0.00026859933039066866 -0.006206030023678007 0.0026399331661567898 -0.002217852812160867 -0.0054449629168149168 0.00093471927586055367 0.0028068128331484275 0.0058337862630325789 0.0088499590639464082 -0.0015061392591377925 -0.0029461377487166717 -0.0094335209846436504 0.0027222049982484351 1.6870224229294826e-05 0.00062147731092302935 -0.0013602291110609861
leaf_weight=14529.328577712178 33625.951958343387 2861.4023863524199 23361.844132550061 15227.367063432932 990.07076744735241 14437.328599646688 9380.4749034047127 1317.6306839883327 3496.1808763816953 5519.965311512351 873.35977156460285 744.05638834834099 9518.9583789333701 2210.4950691089034 1425.6315967217088 2224.2599478513002 14602.597723044455 10741.139130353928 37496.776554211974
leaf_count=111019 155667 13465 149121 73840 4472 66468 43472 6220 16063 25407 3951 3432 44440 10369 6671 10581 67598 66502 185034
internal_value=-2.59837e-05 -0.000589138 0.00111176 -0.00131257 0.000110083 0.000203298 0.000691706 0.00177248 -0.000829318 5.92869e-06 -0.0015204 -0.00107272 -0.000116927 -0.00290263 -0.0055335 -0.000701456 0.000784558 0.00202992 -0.000889893
internal_weight=204585 136856 67728.9 67253.5 69602.4 68612.3 49627.5 19251.1 4813.81 30376.4 10253.8 18984.8 12487.3 6497.53 3636.13 11743.2 20122.6 34103 52724.1
internal_count=1063792 692502 371290 369893 322609 318137 229179 88751 22283 140428 47423 88958 58453 30505 17040 55021 93005 215623 258874
is_linear=0
shrinkage=0.0117215


Tree=279
num_leaves=20
num_cat=0
split_feature=82 82 12 11 119 132 133 101 95 126 1 124 1 133 98 82 144 114 1
split_gain=913.749 412.221 390.559 291.346 289.622 295.359 254.509 204.447 288.598 240.033 300.383 223.728 194.519 196.364 180.929 270.971 169.415 206.516 180.547
threshold=0.29515361785888677 -0.51321798563003529 0.36380742490291601 -0.54455214738845814 -0.44140300154685969 1.5404330492019656 -1.3927063345909116 -0.17154169082641599 1.1278378963470461 -0.15752502530813214 0.43951947987079626 -2.8314719200134273 -0.26714511215686793 0.63130030035972606 0.314428061246872 0.77638307213783275 1.0000000180025095e-35 0.17470221966505053 -0.17952542006969449
decision_type=2 2 10 10 8 10 10 10 10 10 10 10 10 10 8 2 10 10 10
left_child=1 2 -1 -2 6 7 -3 9 -9 10 -6 -11 13 -5 15 -14 18 -18 -8
right_child=3 4 -4 12 5 -7 16 8 -10 11 -12 -13 14 -15 -16 -17 17 -19 -20
leaf_value=-0.0024376049099082437 -0.00023922443698383376 -0.0013539359418915345 -0.00010618847640121788 -0.0067394198237818925 4.4419207563811288e-05 0.0027329723985563387 0.0057876242696740582 0.0024634743373016421 -0.00290220715594787 -0.0025516232588785313 0.0062940590966839884 -0.00071418029883205136 0.0014791798421283757 0.002747316109447325 0.00060367771154137752 0.0037539616834414628 0.0030934211976655279 0.010442056542508651 0.00043272903667774946
leaf_weight=24586.151750259101 14509.520084992051 3284.5179168507457 16489.138411462307 720.23583566397429 20278.130613058805 4037.2427155822515 1000.0738681107759 6221.6844339594245 1745.8210862055421 11423.926664166152 1091.4842171445489 44662.496857494116 21016.477486371994 485.21358325332403 12644.540815204382 10963.311715230346 3045.3317889645696 622.80406969040632 5624.2028535082936
leaf_count=166951 66248 15144 81412 3965 92717 18770 4653 30700 8411 52919 4993 204236 106888 3057 82045 77804 13843 2826 25632
internal_value=-2.69035e-06 -0.000509738 -0.00150228 0.00120806 -0.000113819 -0.00035601 0.0014799 -0.000502704 0.00128273 -0.000686693 0.00037013 -0.00108934 0.00166615 -0.00294114 0.00179208 0.00226118 0.00238525 0.0043991 0.0012586
internal_weight=204452 144113 41075.3 60339.3 103038 89460.8 13576.9 85423.5 7967.51 77456 21369.6 56086.4 45829.8 1205.45 44624.3 31979.8 10292.4 3668.14 6624.28
internal_count=1063214 723207 248363 340007 474844 412746 62098 393976 39111 354865 97710 257155 273759 7022 266737 184692 46954 16669 30285
is_linear=0
shrinkage=0.0117215


Tree=280
num_leaves=20
num_cat=0
split_feature=81 33 126 132 71 118 82 95 85 95 85 132 101 118 116 133 126 116 118
split_gain=908.448 348.269 291.856 288.054 282.081 272.426 266.95 262.935 291.562 244.582 306.666 233.758 215.014 278.407 264.514 241.756 241.1 210.039 205.095
threshold=1.0000000180025095e-35 0.076240535825490965 0.7926524579524995 1.4032301902770998 2.2723004817962651 -0.22497434169054029 0.51095861196517955 -1.2794522047042844 0.052377436310052879 1.268088221549988 -0.06357142329216002 -1.4360190033912656 -1.23733913898468 -0.13942792266607282 -3.3586750030517574 1.9070929884910586 -0.37195345759391779 -10.763792037963865 -0.75069543719291676
decision_type=2 8 10 10 2 8 2 8 2 10 2 10 10 10 10 10 8 10 8
left_child=1 -1 3 4 9 -5 -6 8 11 17 -11 -3 13 16 -15 18 -9 -2 -14
right_child=2 7 -4 5 6 -7 -8 12 -10 10 -12 -13 15 14 -16 -17 -18 -19 -20
leaf_value=-0.0027918030221749431 0.0019404432281806894 -0.0029756663075431872 -0.0050677188768937544 -0.00041565861157204416 0.00075241856681660649 0.0041668526501657489 0.0030783323988910721 -0.0039659658723362884 -0.0022891862498571822 0.0022816622884362673 -0.0032739065032314648 0.0029567885535516582 0.0041878651779767434 0.0095511562941392458 0.0016257850759627186 0.0026035927033816321 0.00042025324274717641 0.0001202852787222244 -0.0012561133093681389
leaf_weight=10491.210803434253 10843.657783038914 1022.7401649802923 1131.155355989933 2471.5484970584512 18283.152965202928 6332.8368608728051 10772.418375819921 2360.4052807465196 2548.1032817959785 1825.6767567098141 5230.8635037019849 7335.3174091801047 942.84273962676525 632.37786091864109 5077.5644207000732 2388.845507659018 6187.5909276232123 43915.606965720654 64597.219155207276
leaf_count=93465 49252 5586 6026 15652 94298 40159 86645 11455 11501 8019 24560 36090 4509 3076 25132 10736 29879 200697 306725
internal_value=1.29691e-06 -0.000769523 0.000793349 0.00086103 0.00066446 0.00288276 0.00161653 -0.000540979 0.00116738 0.000216513 -0.00183379 0.00222461 -0.000767945 0.000539986 0.00253874 -0.00104256 -0.000798418 0.000481392 -0.00117634
internal_weight=204391 103584 100807 99675.8 90871.4 8804.39 29055.6 93093 10906.2 61815.8 7056.54 8358.06 82186.8 14257.9 5709.94 67928.9 8548 54759.3 65540.1
internal_count=1063462 538154 525308 519282 463471 55811 180943 444689 53177 282528 32579 41676 391512 69542 28208 321970 41334 249949 311234
is_linear=0
shrinkage=0.0117215


Tree=281
num_leaves=20
num_cat=0
split_feature=82 82 12 11 156 156 68 133 121 1 119 133 136 158 121 89 1 115 150
split_gain=888.329 383.95 319.377 317.697 285.845 770.051 578.383 346.026 317.704 293.612 287.592 297.534 284.586 247.765 311.068 230.388 224.133 215.833 199.182
threshold=-0.29253953695297236 0.47848455607891088 0.54300397634506237 -0.50067999958991993 0.68333333730697643 0.64583334326744091 16.208984375000004 1.052634119987488 0.95095553994178783 0.043800702318549163 -0.44140300154685969 -1.0443432927131651 0.063819359987974181 9.5000000000000018 0.41491468250751501 4.4716224670410165 -0.26714511215686793 -2.6924705505371089 -0.57290536165237416
decision_type=2 2 10 10 10 10 10 10 10 8 8 10 10 2 8 2 10 10 10
left_child=2 4 16 -3 5 10 -7 8 9 -6 11 -2 -9 14 -12 -10 18 -18 -1
right_child=1 3 -4 -5 7 6 -8 12 15 -11 13 -13 -14 -15 -16 -17 17 -19 -20
leaf_value=-0.0022754100958315318 -0.00040343404305635014 -0.00019063554244923411 0.00031991830800079125 0.0020367624470172883 0.00056676622654670719 0.013540177982934123 0.0016085080560920035 0.0081704633526896303 0.0017024377491641541 -0.0046861606908959888 -0.0038682801219072486 0.0033461042943216343 0.0002867089349192587 0.00045488092904090276 -0.00040488058405306675 -0.0049574201210359839 -0.00014516584099516313 -0.0022065357027873248 0.0072171498594096103
leaf_weight=507.62774152308702 4782.626204200089 12213.312213420868 14502.207178786397 31404.626051187515 6511.7754120826721 1025.096490368247 1209.2059396058321 684.68334576487541 808.56629256904125 1860.529566064477 4359.1090724170208 7375.7146901041269 5664.8113357052207 41488.592493772507 19094.802938334644 5470.0970347970724 8649.6793929561973 36175.368532516062 701.32323693484068
leaf_count=3492 21662 57314 66240 203813 30264 4781 5607 3107 3603 8425 20112 33700 25879 191767 87810 24818 54298 213861 3527
internal_value=-5.49897e-06 0.000495493 -0.00119658 0.00141331 9.62653e-05 0.000418187 0.00716591 -0.001119 -0.00210851 -0.000610317 0.000220541 0.00187323 0.00116357 -8.94298e-05 -0.00105178 -0.00409664 -0.00167424 -0.00180904 0.00326362
internal_weight=204490 143954 60536.2 43617.9 100336 79335.1 2234.3 21000.5 14651 8372.3 77100.8 12158.3 6349.49 64942.5 23453.9 6278.66 46034 44825 1208.95
internal_count=1064080 722662 341418 261127 461535 365439 10388 96096 67110 38689 355051 55362 28986 299689 107922 28421 275178 268159 7019
is_linear=0
shrinkage=0.0117215


end of trees

feature_importances:
dc_ov_1.0=304
ru_192=258
ru_96=237
dc_2.0=218
dd_96=211
don_pos_96=209
dd_192=196
dc_ov_0.5=187
btc_h24_mom_96=179
dd_48=173
ru_48=154
dc_1.0=139
h24_di14=139
st_24_4.0=136
vol_level=108
st_48_3.0=107
don_pos_192=100
br_dc_2.0=93
don_pos_48=91
ru_24=90
br_h24_dc_1.0=89
dd_24=84
btc_h4_mom_96=56
h24_vol_ratio=55
h24_don_pos_96=54
btc_mom_96=51
dc_ov_2.0=50
btc_dc_2.0=49
h4_mom_384=47
h4_st_24_4.0=44
h24_ru_96=43
h24_ema_dist_200=41
h4_dc_ov_1.0=39
h24_dd_96=39
btc_mom_384=39
h4_ru_96=38
h4_tstat_96=38
h24_ema_slope_200=38
dc_4.0=36
tstat_384=34
h4_ema_slope_200=30
since_lo_384=29
dc_ov_4.0=28
h24_adx14=28
dd_384=27
h4_dd_96=27
h4_ema_slope_50=26
h24_mom_384=26
dd_12=25
ru_12=25
ema_dist_50=25
dc_age_2.0=25
br_h4_mom_96=24
ru_384=23
dc_age_4.0=23
btc_dc_ov_1.0=23
btc_tstat_384=22
h24_mom_24=21
btc_ema_slope_200=21
br_dc_1.0=21
vol_ratio=20
h24_ema_dist_50=20
h24_st_24_4.0=20
rel_mom_384=19
since_lo_192=18
ema_slope_400=18
since_hi_192=16
since_hi_384=16
h4_vol_ratio=16
don_pos_384=15
h4_ema_dist_200=15
don_pos_24=14
br_ema_dist_200=14
ema_slope_200=13
ema_x_50_200=13
h24_mom_96=13
h24_ema_slope_50=13
h24_dc_1.0=13
btc_er_96=13
btc_h24_dc_1.0=13
ema_dist_100=12
h24_tstat_96=12
br_mom_384=12
er_192=11
st_10_3.0=11
tstat_96=10
h24_er_96=10
h4_mom_24=9
h4_dc_1.0=9
btc_tstat_96=9
rel_mom_96=9
mom_96=7
ema_dist_400=7
rsi_56=7
br_mom_96=7
since_hi_96=6
since_lo_96=6
mom_192=6
dc_age_1.0=6
h4_di14=6
h4_dc_2.0=6
h24_dc_ov_1.0=6
br_n=6
don_pos_12=5
dc_0.5=4
flow_192=4
ru_6=3
er_96=3
ema_slope_50=3
ema_slope_100=3
ema_x_20_100=3
rsi_14=3
h4_ema_dist_50=3
btc_st_24_4.0=3
btc_h4_dc_1.0=3
br_tstat_96=3
ema_x_10_40=2
adx56=2
h4_mom_96=2
h4_adx14=2
h24_dc_2.0=2
btc_ema_dist_200=2
mom_384=1
er_384=1
ema_slope_10=1
ema_dist_200=1
dc_age_0.5=1
flow_48=1
h4_don_pos_96=1
h4_er_96=1
btc_mom_24=1

parameters:
[boosting: gbdt]
[objective: binary]
[metric: binary_logloss]
[tree_learner: serial]
[device_type: cpu]
[data_sample_strategy: bagging]
[data: ]
[valid: ]
[num_iterations: 282]
[learning_rate: 0.0117215]
[num_leaves: 20]
[num_threads: 4]
[seed: 0]
[deterministic: 0]
[force_col_wise: 0]
[force_row_wise: 0]
[histogram_pool_size: -1]
[max_depth: 7]
[min_data_in_leaf: 2793]
[min_sum_hessian_in_leaf: 0.001]
[bagging_fraction: 0.579307]
[pos_bagging_fraction: 1]
[neg_bagging_fraction: 1]
[bagging_freq: 1]
[bagging_seed: 7719]
[bagging_by_query: 0]
[feature_fraction: 0.399396]
[feature_fraction_bynode: 1]
[feature_fraction_seed: 2437]
[extra_trees: 0]
[extra_seed: 11797]
[early_stopping_round: 0]
[early_stopping_min_delta: 0]
[first_metric_only: 0]
[max_delta_step: 0]
[lambda_l1: 0]
[lambda_l2: 23.2762]
[linear_lambda: 0]
[min_gain_to_split: 0]
[drop_rate: 0.1]
[max_drop: 50]
[skip_drop: 0.5]
[xgboost_dart_mode: 0]
[uniform_drop: 0]
[drop_seed: 21238]
[top_rate: 0.2]
[other_rate: 0.1]
[min_data_per_group: 100]
[max_cat_threshold: 32]
[cat_l2: 10]
[cat_smooth: 10]
[max_cat_to_onehot: 4]
[top_k: 20]
[monotone_constraints: ]
[monotone_constraints_method: basic]
[monotone_penalty: 0]
[feature_contri: ]
[forcedsplits_filename: ]
[refit_decay_rate: 0.9]
[cegb_tradeoff: 1]
[cegb_penalty_split: 0]
[cegb_penalty_feature_lazy: ]
[cegb_penalty_feature_coupled: ]
[path_smooth: 0]
[interaction_constraints: ]
[verbosity: -1]
[saved_feature_importance_type: 0]
[use_quantized_grad: 0]
[num_grad_quant_bins: 4]
[quant_train_renew_leaf: 0]
[stochastic_rounding: 1]
[linear_tree: 0]
[max_bin: 255]
[max_bin_by_feature: ]
[min_data_in_bin: 3]
[bin_construct_sample_cnt: 200000]
[data_random_seed: 38]
[is_enable_sparse: 1]
[enable_bundle: 1]
[use_missing: 1]
[zero_as_missing: 0]
[feature_pre_filter: 1]
[pre_partition: 0]
[two_round: 0]
[header: 0]
[label_column: ]
[weight_column: ]
[group_column: ]
[ignore_column: ]
[categorical_feature: ]
[forcedbins_filename: ]
[precise_float_parser: 0]
[parser_config_file: ]
[objective_seed: 8855]
[num_class: 1]
[is_unbalance: 0]
[scale_pos_weight: 1]
[sigmoid: 1]
[boost_from_average: 1]
[reg_sqrt: 0]
[alpha: 0.9]
[fair_c: 1]
[poisson_max_delta_step: 0.7]
[tweedie_variance_power: 1.5]
[lambdarank_truncation_level: 30]
[lambdarank_norm: 1]
[label_gain: ]
[lambdarank_position_bias_regularization: 0]
[eval_at: ]
[multi_error_top_k: 1]
[auc_mu_weights: ]
[num_machines: 1]
[local_listen_port: 12400]
[time_out: 120]
[machine_list_filename: ]
[machines: ]
[gpu_platform_id: -1]
[gpu_device_id: -1]
[gpu_device_id_list: ]
[gpu_use_dp: 0]
[num_gpu: 1]

end of parameters

pandas_categorical:[]
