tree
version=v4
num_class=1
num_tree_per_iteration=1
label_index=0
max_feature_idx=176
objective=binary sigmoid:1
feature_names=vol_ratio vol_level mom_6 don_pos_6 dd_6 ru_6 since_hi_6 since_lo_6 er_6 mom_12 don_pos_12 dd_12 ru_12 since_hi_12 since_lo_12 er_12 mom_24 don_pos_24 dd_24 ru_24 since_hi_24 since_lo_24 er_24 mom_48 don_pos_48 dd_48 ru_48 since_hi_48 since_lo_48 er_48 mom_96 don_pos_96 dd_96 ru_96 since_hi_96 since_lo_96 er_96 mom_192 don_pos_192 dd_192 ru_192 since_hi_192 since_lo_192 er_192 mom_384 don_pos_384 dd_384 ru_384 since_hi_384 since_lo_384 er_384 ema_dist_10 ema_slope_10 ema_dist_20 ema_slope_20 ema_dist_50 ema_slope_50 ema_dist_100 ema_slope_100 ema_dist_200 ema_slope_200 ema_dist_400 ema_slope_400 ema_x_10_40 ema_x_20_100 ema_x_50_200 tstat_24 tstat_96 tstat_384 st_10_3.0 st_24_4.0 st_48_3.0 adx14 di14 adx56 di56 rsi_14 rsi_56 dc_0.5 dc_ov_0.5 dc_age_0.5 dc_1.0 dc_ov_1.0 dc_age_1.0 dc_2.0 dc_ov_2.0 dc_age_2.0 dc_4.0 dc_ov_4.0 dc_age_4.0 vol_z flow_48 flow_192 h4_mom_24 h4_mom_96 h4_mom_384 h4_ema_dist_50 h4_ema_dist_200 h4_ema_slope_50 h4_ema_slope_200 h4_don_pos_96 h4_dd_96 h4_ru_96 h4_er_96 h4_tstat_96 h4_st_24_4.0 h4_adx14 h4_di14 h4_dc_1.0 h4_dc_2.0 h4_dc_ov_1.0 h4_vol_ratio h24_mom_24 h24_mom_96 h24_mom_384 h24_ema_dist_50 h24_ema_dist_200 h24_ema_slope_50 h24_ema_slope_200 h24_don_pos_96 h24_dd_96 h24_ru_96 h24_er_96 h24_tstat_96 h24_st_24_4.0 h24_adx14 h24_di14 h24_dc_1.0 h24_dc_2.0 h24_dc_ov_1.0 h24_vol_ratio bb_pctb_20 bb_bw_20 bb_bwz_20 bb_bwroc_20 bb_since_sq_20 bb_pctb_50 bb_bw_50 bb_bwz_50 bb_bwroc_50 bb_since_sq_50 bb_pctb_100 bb_bw_100 bb_bwz_100 bb_bwroc_100 bb_since_sq_100 atrp_14 atrp_z_14 atr_roc_14 atrp_56 atrp_z_56 atr_roc_56 h4_bb_pctb_20 h4_bb_pctb_50 h4_bb_bwz_20 h4_bb_bwroc_20 h4_atrp_z_14 h4_atr_roc_14 h24_bb_pctb_20 h24_bb_pctb_50 h24_bb_bwz_20 h24_bb_bwroc_20 h24_atrp_z_14 h24_atr_roc_14 mkt_mom_21 mkt_mom_63 mkt_mom_252 mkt_ema_dist_200 mkt_breadth_200 rel_mom_63 rel_mom_252 chop_14 chop_50 ema20_cross_rate_50 var_ratio_5_250 trend_r2_50 trend_r2_150
feature_infos=[-1.4087256193161011:1.0058882236480713] [-0.36584460735321045:2.150874137878418] [-7.8043408393859863:5.7319502830505371] [-0.5:0.5] [-6.6591572761535645:0] [0:5.6586008071899414] [0:0.83333331346511841] [0:0.83333331346511841] [-1:1] [-5.9702863693237305:4.7711796760559082] [-0.5:0.5] [-5.907677173614502:0] [0:4.8475112915039062] [0:0.91666668653488159] [0:0.91666668653488159] [-1:1] [-5.8218746185302734:4.1702737808227539] [-0.5:0.5] [-5.6772732734680176:0] [0:4.450167179107666] [0:0.95833331346511841] [0:0.95833331346511841] [-0.97382408380508423:0.94768631458282471] [-4.3758211135864258:4.3667459487915039] [-0.5:0.5] [-4.6199288368225098:0] [0:4.2787022590637207] [0:0.97916668653488159] [0:0.97916668653488159] [-0.87772250175476074:0.73309540748596191] [-4.1211886405944824:4.4032878875732422] [-0.5:0.5] [-4.0945229530334473:0] [0:4.3496294021606445] [0:0.98958331346511841] [0:0.98958331346511841] [-0.72821998596191406:0.55970144271850586] [-3.3934400081634521:3.9695956707000732] [-0.5:0.5] [-3.4217801094055176:0] [0:3.9267392158508301] [0:0.99479168653488159] [0:0.99479168653488159] [-0.55750000476837158:0.42068228125572205] [-3.0098459720611572:3.9614031314849854] [-0.5:0.5] [-3.0514059066772461:0] [0:3.9811980724334717] [0:0.99739581346511841] [0:0.99739581346511841] [-0.43951496481895447:0.28055006265640259] [-9.3194437026977539:7.6457901000976562] [-2.8264212608337402:5.0712099075317383] [-10.571551322937012:8.5071582794189453] [-2.5755407810211182:3.1304178237915039] [-28.100315093994141:10.280831336975098] [-1.7759801149368286:2.4855458736419678] [-76.57501220703125:14.813849449157715] [-1.6749492883682251:2.0547983646392822] [-175.478515625:21.557235717773438] [-1.2808283567428589:1.8168051242828369] [-397.126708984375:36.706348419189453] [-0.88770687580108643:1.886751651763916] [-18.700611114501953:6.4603877067565918] [-75.341270446777344:12.630456924438477] [-167.9464111328125:16.438619613647461] [-38.132900238037109:41.960273742675781] [-63.018360137939453:70.548820495605469] [-85.191375732421875:136.36488342285156] [-5.8619332313537598:6.2048234939575195] [-8.7032880783081055:11.747128486633301] [-9.0035972595214844:11.627509117126465] [0.010775181464850903:0.99369454383850098] [-0.99369454383850098:0.97894793748855591] [0.0042425771243870258:0.68808656930923462] [-0.69811588525772095:0.82903873920440674] [-0.5:0.5] [-0.5:0.5] [-1:1] [-10:10] [0:5.6276211738586426] [-1:1] [-10:10] [0:6.777646541595459] [-1:1] [-6.772097110748291:10] [0:7.5673456192016602] [-1:1] [-4.4614477157592773:7.4347248077392578] [0:7.9035964012145996] [-10.361786842346191:8.785334587097168] [-0.8956494927406311:0.89517867565155029] [-0.53007799386978149:0.56609237194061279] [-5.0609221458435059:4.8426928520202637] [-3.6226813793182373:3.7818453311920166] [-2.5159580707550049:4.2637977600097656] [-26.847658157348633:11.003108024597168] [-193.67840576171875:18.618144989013672] [-1.7475482225418091:2.1912002563476562] [-0.89593201875686646:2.1240036487579346] [-0.5:0.5] [-3.6880335807800293:0] [0:3.7530584335327148] [-0.67084449529647827:0.50758868455886841] [-48.585746765136719:75.657791137695312] [-10.680764198303223:13.319816589355469] [0.0096102086827158928:1] [-0.91977262496948242:1] [-1:1] [-1:1] [-10:10] [-0.63901048898696899:1.0058882236480713] [-6.2989540100097656:3.2758603096008301] [-3.1559286117553711:3.3584849834442139] none [-11.198405265808105:8.6436100006103516] [-69.300361633300781:10.077471733093262] [-1.0638951063156128:1.574005126953125] none [-0.5:0.5] [-3.2506129741668701:0] [0:3.4604899883270264] [-0.5729907751083374:0.51264476776123047] [-32.048759460449219:72.722412109375] [-8.1781396865844727:7.618070125579834] [0.0075526265427470207:1] [-0.92926830053329468:1] [0:0] [0:0] [0:0] [0.50757646560668945:1.0058882236480713] [-1.0551799535751343:1.0584975481033325] [-16.823110580444336:2.0594682693481445] [-14.830689430236816:4.2358555793762207] [-13.462474822998047:2.8583183288574219] [0:6.4232468605041504] [-1.701130747795105:1.4628864526748657] [-5.6002368927001953:2.1303112506866455] [-2.1862890720367432:3.8887391090393066] [-3.0148565769195557:3.0151431560516357] [0:7.1914291381835938] [-2.3217763900756836:1.636998176574707] [-5.0531072616577148:2.0850355625152588] [-2.2508955001831055:3.9586083889007568] [-2.7263855934143066:2.5273435115814209] [0:7.5191497802734375] [-7.143376350402832:0.99633342027664185] [-1.597649097442627:4.053523063659668] [-1.0375115871429443:2.641578197479248] [-6.9247398376464844:1.4537017345428467] [-1.6881542205810547:5.2705063819885254] [-0.87751507759094238:2.7176895141601562] [-1.0543152093887329:1.0613188743591309] [-1.6548398733139038:1.7155215740203857] [-2.0369331836700439:3.9115655422210693] [-2.8683204650878906:2.8049135208129883] [-1.333143949508667:5.2697854042053223] [-0.92604857683181763:3.0284018516540527] [-1.0366107225418091:1.0146178007125854] [-1.5322922468185425:1.5157355070114136] [-2.0640008449554443:3.5098729133605957] [-2.2247464656829834:2.4707815647125244] [-2.3510804176330566:5.3234992027282715] [-0.96524244546890259:2.1409060955047607] [-0.46007773280143738:0.27322125434875488] [-0.72303271293640137:0.45190355181694031] [-0.81960034370422363:0.71811187267303467] [-0.63120198249816895:0.16601379215717316] [0.010854816995561123:0.96657752990722656] [-3.9110798835754395:3.6563122272491455] [-4.7223010063171387:3.4812514781951904] [0:134.46739196777344] [4.922788143157959:82.102043151855469] [0:0.56000000238418579] [0.17281928658485413:10.802037239074707] [9.1691574038293977e-13:0.98524296283721924] [4.0544611938642117e-12:0.98420888185501099]
tree_sizes=1856 1931 1937 1927 1946 1938 1936 1938 1930 1938 1941 1941 1953 1937 1944 1943 1943 1946 1944 1941 1942 1943 1942 1949 1936 1943 1938 1941 1945 1947 1937 1938 1948 1940 1946 1948 1941 1942 1959 1945 1941 1937 1940 1947 1955 1940 1942 1941 1948 1943 1954 1952 1939 1944 1947 1939 1942 1950 1952 1939 1941 1955 1945 1959 1955 1951 1950 1953 1947 1957 1954 1954 1949 1937 1955 1945 1948 1944 1945 1945 1954 1956 1951 1953 1839 1953 1950 1958 1959 1962 1851 1955 1941 1962 1951 1957 1948 1956 1947 1836 1959 1950 1959 1950 1956 1966 1970 1962 1958 1952 1952 1948 1965 1951 1954 1841 1840 1957 1847 1957 1955 1948 1959 1958 1947 1838 1967 1950 1955 1840

Tree=0
num_leaves=16
num_cat=0
split_feature=55 32 33 32 39 70 69 32 32 32 26 26 39 166 57
split_gain=80690.2 11619 9866.46 3430.6 2429.54 2373.02 2239.62 1765.02 1083.88 741.713 664.039 521.801 405.52 230.076 105.688
threshold=-0.24888306111097333 -0.22251008450984952 0.19205505400896075 -0.5788511037826537 -0.61539399623870839 3.1743149757385258 -1.5319347977638242 -0.3552591055631637 -0.086663465946912752 -0.40044674277305597 1.0319387912750246 0.086094222962856307 -0.46730194985866541 -0.23414029926061627 2.2083618640899663
decision_type=8 10 8 10 10 2 2 10 10 10 8 10 10 8 10
left_child=2 5 4 6 11 7 -4 -2 13 -5 -7 -1 -6 -3 -10
right_child=1 8 3 9 12 10 -8 -9 14 -11 -12 -13 -14 -15 -16
leaf_value=0.57563789779746233 0.60627222565948224 0.62786072430514839 0.58924401371413349 0.60248767453467911 0.5913246394647963 0.61298666488395115 0.59946921643038686 0.61444602496056955 0.62156343431671535 0.61335000656202177 0.62135577591257307 0.58201524827853723 0.60560680230173103 0.62073415628862694 0.62684376684875753
leaf_weight=6081.6516851633787 14136.730297327042 988.53944261372089 10869.825415745378 4742.7525001317263 1112.4777749478817 3043.9071823358536 7254.1585234701633 8647.8370819091797 810.2782316505909 1747.0055169165134 5241.2447981387377 4563.1218048334122 633.8429998010397 13318.463407054543 15714.148004069924
leaf_count=26645 61936 4331 47623 20779 4874 13336 31782 37888 3550 7654 22963 19992 2777 58351 68847
internal_value=0.607948 0.6179 0.591299 0.59652 0.580928 0.61175 0.593337 0.609375 0.624098 0.605412 0.618281 0.578372 0.596508 0.621227 0.626585
internal_weight=98906 61901.1 37004.8 24613.7 12391.1 31069.7 18124 22784.6 30831.4 6489.76 8285.15 10644.8 1746.32 14307 16524.4
internal_count=433328 271202 162126 107838 54288 136123 79405 99824 135079 28433 36299 46637 7651 62682 72397
is_linear=0
shrinkage=1


Tree=1
num_leaves=16
num_cat=0
split_feature=55 32 31 32 70 70 32 32 40 168 26 26 168 39 57
split_gain=77588.5 11685.3 10105.7 3269.62 2498.47 2086.54 1670.32 1123.28 972.051 763.386 621.892 438.536 347.299 145.349 144.393
threshold=-0.27343972027301783 -0.22985117882490155 -0.38435484468936915 -0.52335181832313526 3.0799647569656377 -2.4630442857742305 -0.37253513932228083 -0.10129696503281592 0.090048816055059447 0.81936311721801769 1.0248413085937502 0.32492119073867803 0.80889067053794872 -0.73718127608299244 2.7582685947418217
decision_type=8 10 8 10 2 2 10 10 10 10 8 10 10 8 10
left_child=2 4 8 5 6 -4 -2 12 13 -5 -6 -10 -3 -1 -9
right_child=1 7 3 9 10 -7 -8 14 11 -11 -12 -13 -14 -15 -16
leaf_value=-0.032149132169659325 -0.0022621284290214958 0.011247682205378499 -0.017799446235186648 -0.0039361023192418677 0.0049722839244400073 -0.0084735859543525159 0.0057498231581139033 0.014816742853372474 -0.02476639933370121 0.009462220611867609 0.012902248169345055 -0.013323346818492196 0.01636627925370087 -0.023645573019032518 0.018641913125316975
leaf_weight=5262.6530056893826 13218.040356323123 9485.2414239645004 11480.991154506803 3933.3153082728386 3177.6483709961176 8465.8030623942614 8805.6319070607424 2295.7221294343472 5284.1854832470417 1106.6497195512056 5460.0016859173775 780.95825716853142 3759.9434317350388 443.47001425921917 15867.844461679459
leaf_count=22854 57879 41717 50051 17219 13941 36975 38644 10106 22978 4847 24012 3406 16536 1931 69904
internal_value=3.00244e-05 0.00974747 -0.016379 -0.01125 0.003489 -0.0138414 0.000941263 0.015857 -0.027266 -0.000994092 0.009985 -0.0232931 0.0127008 -0.0314885 0.0181585
internal_weight=98828.1 62070.1 36758 24986.8 30661.3 19946.8 22023.7 31408.8 11771.3 5039.97 8637.65 6065.14 13245.2 5706.12 18163.6
internal_count=433000 272739 160261 109092 134476 87026 96523 138263 51169 22066 37953 26384 58253 24785 80010
is_linear=0
shrinkage=0.0142514


Tree=2
num_leaves=16
num_cat=0
split_feature=55 32 31 32 55 70 32 32 19 101 168 70 168 40 26
split_gain=75432.3 10461.4 10276 3444.54 2236.88 2184.77 994.488 910.509 888.914 837.47 815.231 712.841 265.002 158.238 137.707
threshold=-0.19938006252050397 -0.21900580823421475 -0.38435484468936915 -0.55082902312278736 0.99199831485748302 -2.4222824573516841 -0.10129696503281592 -0.34676951169967646 0.37318877875804907 -0.47566045820713038 0.81936311721801769 3.0305852890014653 0.81936311721801769 0.59109100699424755 0.43473045527935034
decision_type=8 10 8 10 10 2 10 10 10 10 10 2 10 10 10
left_child=2 4 8 5 7 -4 12 -2 9 -1 -5 -6 -3 -8 -10
right_child=1 6 3 10 11 -7 13 -9 14 -11 -12 -13 -14 -15 -16
leaf_value=-0.02922752906975723 -0.0011215908708779414 0.011373443541467019 -0.017777431637258669 -0.0043253676180991562 0.0051956213644621376 -0.0081510752694610462 0.0096041516046505657 0.0059310646803788381 -0.017642639268986182 -0.01555564181416866 0.0080907362797057285 0.012105595644113266 0.01611850219828144 0.018134700423887127 -0.0063539532247258463
leaf_weight=9771.2089377492666 13254.402420416474 8876.8505006581545 11307.035636663437 5159.049160733819 5917.0132211595774 8306.3673429191113 453.18106263875961 5167.271629691124 828.77895052731037 1003.6607554852962 1356.3958475142717 6219.5667157024145 3272.1561311781406 17671.001491114497 298.64779321849346
leaf_count=42121 58081 39180 49046 22551 25973 36197 2004 22726 3593 4339 5952 27420 14464 78279 1298
internal_value=2.58069e-05 0.00986879 -0.0157182 -0.0107183 0.00398637 -0.0137007 0.0158066 0.000856689 -0.0266942 -0.0279541 -0.00174051 0.00873678 0.0126515 0.0179214 -0.0146528
internal_weight=98862.6 60831.4 38031.1 26128.8 30558.3 19613.4 30273.2 18421.7 11902.3 10774.9 6515.45 12136.6 12149 18124.2 1127.43
internal_count=433224 268127 165097 113746 134200 85243 133927 80807 51351 46460 28503 53393 53644 80283 4891
is_linear=0
shrinkage=0.0142514


Tree=3
num_leaves=16
num_cat=0
split_feature=55 32 31 32 70 70 32 32 40 168 26 19 168 57 46
split_gain=73076 10480.7 9785.15 3410.94 2116.86 2075.41 1369.07 1081.5 902.962 732.15 588.534 494.211 308.611 141.059 93.6588
threshold=-0.19938006252050397 -0.22608689218759534 -0.38435484468936915 -0.55082902312278736 3.1743149757385258 -2.729522585868835 -0.3552591055631637 -0.10129696503281592 0.081616744399070754 0.81936311721801769 0.99542739987373363 0.37318877875804907 0.80889067053794872 2.6845554113388066 -0.53143101930618275
decision_type=8 10 8 10 2 2 10 10 8 10 8 10 10 10 8
left_child=2 4 8 5 6 -4 -2 12 14 -5 -6 -10 -3 -9 -1
right_child=1 7 3 9 10 -7 -8 13 11 -11 -12 -13 -14 -15 -16
leaf_value=-0.031035058343264782 -0.0014072575542837984 0.01098468904764795 -0.018239236619851239 -0.004086733403335748 0.0044245213391519884 -0.0090074077797872524 0.0059631832904308638 0.014313492089271766 -0.02438570170224667 0.0076651092459018343 0.012596403032290883 -0.014043259179714109 0.015911066437173944 0.018256620065316587 -0.023134972917628619
leaf_weight=4916.3183356076479 13533.451792314649 9157.4192462563515 9674.025011241436 5158.6168632954359 2666.6440007388592 10120.002249225974 8232.2616186439991 2085.5525594651699 5625.4279432594776 1360.685612782836 5445.1406654268503 1126.6094777137041 3597.8914910852909 15904.042357653379 325.87046867609024
leaf_count=21004 59241 40554 41749 22521 11743 43951 36261 9270 24119 5985 24108 4868 15980 70869 1395
internal_value=-2.92928e-05 0.00970731 -0.0154376 -0.0105747 0.00369624 -0.0135194 0.00138041 0.0155488 -0.0261061 -0.00163388 0.00991005 -0.0226602 0.0123743 0.0177995 -0.0305442
internal_weight=98930 60622.4 38307.6 26313.3 29877.5 19794 21765.7 30744.9 11994.2 6519.3 8111.78 6752.04 12755.3 17989.6 5242.19
internal_count=433618 268026 165592 114206 131353 85700 95502 136673 51386 28506 35851 28987 56534 80139 22399
is_linear=0
shrinkage=0.0142514


Tree=4
num_leaves=16
num_cat=0
split_feature=55 55 31 39 70 31 39 17 166 163 39 33 25 163 25
split_gain=71663.7 9889.08 9225.56 2588.46 2134.71 1899.61 1769.88 1275 1131.08 743.382 708.218 547.12 513.466 512.669 223.395
threshold=-0.19938006252050397 1.2071072459220888 -0.35017226636409754 -0.41764788329601282 -2.2623180150985713 0.39769218862056738 -0.24945873022079465 -0.38439345359802241 -0.23414029926061627 -0.019859819673001763 -0.6457652449607848 0.26739783585071569 -0.29513116180896753 0.015666389837861065 -0.070541728287935243
decision_type=8 10 8 10 2 10 10 10 8 8 10 8 10 8 10
left_child=2 6 7 4 -4 12 8 10 -2 -5 -1 -9 -3 -8 -7
right_child=1 5 3 9 -6 14 13 11 -10 -11 -12 -13 -14 -15 -16
leaf_value=-0.028885739768478566 0.011862392500429336 0.0070870272431684004 -0.016507983007662933 0.0042890250554620691 -0.0067636273141188146 0.015382136205097171 0.012414722218404563 -0.021310494524278127 -0.00095702124035094754 -0.0064062932275513514 -0.014949876629209559 -0.010809973063205348 0.01250308520699157 0.0045637635528954484 0.018485194141681104
leaf_weight=7923.0638723373413 1533.9254536926746 5237.9215831458569 10453.668995648623 2697.4465773403645 8107.6650160551071 7575.0790515989065 3635.1631024181843 4543.9185273200274 15757.569471314549 2584.4646632522345 817.25309728085995 1295.2928101420403 11068.314611747861 3156.0505546927452 12479.919008985162
leaf_count=33664 6749 23131 44997 11796 35198 33833 16107 19427 69166 11259 3500 5586 49188 13964 55931
internal_value=1.07344e-05 0.00968462 -0.0152075 -0.00974677 -0.0122516 0.0143759 0.00260146 -0.0241379 0.000180223 -0.000944259 -0.0275828 -0.0189813 0.0107634 0.00876625 0.0173132
internal_weight=98866.7 60443.9 38422.8 23843.2 18561.3 36361.2 24082.7 14579.5 17291.5 5281.91 8740.32 5839.21 16306.2 6791.21 20055
internal_count=433496 268069 165427 103250 80195 162083 105986 62177 75915 23055 37164 25013 72319 30071 89764
is_linear=0
shrinkage=0.0142514


Tree=5
num_leaves=16
num_cat=0
split_feature=55 32 33 32 55 69 39 32 32 168 70 26 39 168 57
split_gain=69611.5 11171.2 7515.48 2659.95 2387.16 2005.37 1920.42 1065.66 918.241 674.9 650.925 376.119 359.956 274.758 131.063
threshold=-0.34756548702716822 -0.21900580823421475 0.18548465520143512 -0.59627619385719288 0.99199831485748302 -1.6717192530632017 -0.61539399623870839 -0.35966144502162928 -0.0952462963759899 0.81936311721801769 2.9048391580581669 0.080172393471002593 -0.46730194985866541 0.80889067053794872 2.7206985950469975
decision_type=8 10 8 10 10 2 10 10 10 10 2 10 10 10 10
left_child=2 4 6 5 7 -4 11 -2 13 -5 -6 -1 -8 -3 -10
right_child=1 8 3 9 10 -7 12 -9 14 -11 -12 -13 -14 -15 -16
leaf_value=-0.029216604133263418 -0.0016722734945439981 0.0111977608714687 -0.017979665244158154 -0.0052885421096925895 0.0048395603796915687 -0.008261212457674829 -0.015424339151372434 0.0054598743938442749 0.014110683160438392 0.0066585740759123966 0.011489057229808249 -0.023836349353694622 -0.0016763316978264985 0.015842076585137779 0.018025313741038555
leaf_weight=6136.5070338845253 14635.929285317659 9119.2983774244785 10148.626953408122 5016.3232554495335 5597.7424439638853 7499.0746628344059 1098.7147393971682 5998.9328653812408 1964.5913570225239 1187.6842883825302 6418.5788497030735 4634.5916286557913 596.96682427823544 3612.6208101958036 15083.226939335465
leaf_count=25881 64039 40689 43436 21790 24687 32386 4694 26508 8819 5221 28572 19638 2584 16195 68012
internal_value=-2.72245e-05 0.0090991 -0.0157152 -0.0110282 0.00334178 -0.01385 -0.0246824 0.000401182 0.0154115 -0.00300137 0.00839146 -0.0269017 -0.0105846 0.0125156 0.0175742
internal_weight=98749.4 62430.9 36318.5 23851.7 32651.2 17647.7 12466.8 20634.9 29779.7 6204.01 12016.3 10771.1 1695.68 12731.9 17047.8
internal_count=433151 277521 155630 102833 143806 75822 52797 90547 133715 27011 53259 45519 7278 56884 76831
is_linear=0
shrinkage=0.0142514


Tree=6
num_leaves=16
num_cat=0
split_feature=55 32 31 32 55 70 26 32 101 32 168 70 19 168 57
split_gain=67419.6 9935.57 8768.75 2742.89 2095.13 1803.02 1119.89 1068.16 819.843 719.316 709 637.201 235.396 228.999 99.5905
threshold=-0.19938006252050397 -0.19783369451761243 -0.3599999994039535 -0.52335181832313526 0.99199831485748302 -2.3818422555923457 0.26069378852844244 -0.34676951169967646 -0.43876723945140833 -0.080669771879911409 0.81936311721801769 3.0063800811767583 0.6644495725631715 0.80889067053794872 2.499055147171021
decision_type=8 10 8 10 10 2 10 10 10 10 10 2 10 10 10
left_child=2 4 6 5 7 -4 8 -2 -1 13 -5 -6 -8 -3 -11
right_child=1 9 3 10 11 -7 12 -9 -10 14 -12 -13 -14 -15 -16
leaf_value=-0.026538492240453612 -0.0011456910745596576 0.011916139659090576 -0.01592121063511568 -0.0034110667916733323 0.0053859437102419224 -0.0070773662686317981 -0.016752234094329632 0.0061755478289874655 -0.012797708712304319 0.013736507072823716 0.0089333619355615283 0.011626703516577427 -0.0051249962685476578 0.016196441088886866 0.018125156776255348
leaf_weight=10786.272865697742 13257.258537575603 8652.2446414977312 10841.392305791378 4391.1517581045628 6749.1498915553093 8241.3895143419504 1871.9630072116852 5826.1947376132011 960.61750990152359 1134.8288481831551 1204.0381404012442 6545.9295601844788 436.08766587078571 3593.8481238037348 14248.904130265117
leaf_count=45311 58061 38801 46275 19111 29868 35591 7979 25843 4077 5117 5322 29262 1873 16207 64648
internal_value=1.12738e-05 0.00947226 -0.0146465 -0.00952908 0.00411539 -0.0121018 -0.0236317 0.0010895 -0.0254149 0.0157498 -0.000754583 0.00845867 -0.0145555 0.0131723 0.0178015
internal_weight=98741.3 60008.4 38732.9 24678 32378.5 19082.8 14054.9 19083.5 11746.9 27629.8 5595.19 13295.1 2308.05 12246.1 15383.7
internal_count=433346 267807 165539 106299 143034 81866 59240 83904 49388 124773 24433 59130 9852 55008 69765
is_linear=0
shrinkage=0.0142514


Tree=7
num_leaves=16
num_cat=0
split_feature=55 32 33 32 39 69 70 32 32 168 33 33 156 168 57
split_gain=65226.6 9035.87 8373.15 3242.91 2012.34 1968.41 1744.73 1249.71 935.031 780.595 608.735 393.669 349.979 277.875 117.143
threshold=-0.098943993449211107 -0.22251008450984952 0.19205505400896075 -0.52874335646629322 -0.61539399623870839 -1.4960029721260069 3.1508575677871709 -0.37719339132308954 -0.10129696503281592 0.81936311721801769 0.72920134663581859 0.071544405072927489 0.072013135999441161 0.80889067053794872 2.6845554113388066
decision_type=8 10 8 10 10 2 2 10 10 10 8 10 8 10 10
left_child=2 6 4 5 11 -4 7 -2 13 -5 -8 -1 -6 -3 -10
right_child=1 8 3 9 12 -7 10 -9 14 -11 -12 -13 -14 -15 -16
leaf_value=-0.027964234621063084 -0.0015159575112059854 0.010747031078722324 -0.015627485775570396 -0.0029692889655897727 -0.005614077611644723 -0.0067431670901141379 0.0032025528170184312 0.0055782515887588067 0.013998647602314966 0.0094991119111779241 0.011887638953620388 -0.022580171213560773 -0.019626208732479878 0.015519992283803375 0.017649288731663305
leaf_weight=6267.1647849828005 11210.37192812562 8760.4017701745033 12766.537302717566 4903.3873188644648 1324.2588093727827 8396.4612992703915 2270.5095645487309 9167.6460137814283 2018.1506535261869 1287.5533241927624 5894.1610774844885 4930.4362178444862 498.23447635769844 3454.8554733991623 15563.258114412427
leaf_count=26118 49069 39355 54335 21349 5662 36189 10069 40633 9143 5705 26402 20683 2119 15642 71030
internal_value=-7.43658e-07 0.0096365 -0.0139263 -0.00944862 -0.0233334 -0.0121026 0.0039059 0.00167559 0.0151259 -0.000376123 0.00947245 -0.0255937 -0.00944523 0.012097 0.0172303
internal_weight=98713.4 58339.4 40374 27353.9 13020.1 21163 28542.7 20378 29796.7 6190.94 8164.67 11197.6 1822.49 12215.3 17581.4
internal_count=433503 261343 172160 117578 54582 90524 126173 89702 135170 27054 36471 46801 7781 54997 80173
is_linear=0
shrinkage=0.0142514


Tree=8
num_leaves=16
num_cat=0
split_feature=55 31 32 32 70 70 32 26 32 101 26 166 166 166 40
split_gain=63751 8806.86 8457.1 2998.4 1686.12 1636.11 1309.91 1173.02 909.237 839.537 549.755 538.658 323.457 203.654 106.319
threshold=-0.074415538460016237 -0.35017226636409754 -0.21900580823421475 -0.50216373801231373 3.1508575677871709 -2.2231147289276119 -0.38169403374195093 0.25538535416126257 -0.086663465946912752 -0.4442197978496551 1.045346260070801 -0.23414029926061627 -0.6019114851951598 -0.23414029926061627 0.57279956340789806
decision_type=8 8 10 10 2 2 10 10 10 10 8 8 8 8 10
left_child=1 7 4 5 6 -3 -2 9 13 -1 -6 -5 -9 -4 -10
right_child=2 3 8 11 10 -7 -8 12 14 -11 -12 -13 -14 -15 -16
leaf_value=-0.02549086400527056 -0.0014784116936337819 -0.01462799234663823 0.018760011855611613 0.015505344375239762 0.0048625551431505168 -0.0063977861199722369 0.0057809270870728419 -0.00035081739504439066 0.0090533413718606112 -0.012210594936357634 0.012480910263774103 -0.0008748497634924725 -0.015802105653408172 0.011815387141703718 0.01749221938351779
leaf_weight=10966.589794039726 10853.464528411627 11873.026304513216 920.62139844894409 440.96828554570675 3112.0804002285004 8360.2608536630869 9439.1369533091784 309.00538946688175 309.47204123437405 1060.4671320319176 5038.9459181725979 5403.6993918120861 2513.3295317441225 12568.271320015192 15494.61309453845
leaf_count=45595 47487 50430 4174 1924 13846 36021 41910 1312 1407 4472 22684 23632 10655 56881 71142
internal_value=-1.24119e-05 -0.0136188 0.00963263 -0.00863011 0.00409742 -0.0112274 0.00189829 -0.0223796 0.0150073 -0.02432 0.00957226 0.000361145 -0.0141105 0.0122894 0.017327
internal_weight=98664 40927.3 57736.6 26078 28443.6 20233.3 20292.6 14849.4 29293 12027.1 8151.03 5844.67 2822.33 13488.9 15804.1
internal_count=433572 174041 259531 112007 125927 86451 89397 62034 133604 50067 36530 25556 11967 61055 72549
is_linear=0
shrinkage=0.0142514


Tree=9
num_leaves=16
num_cat=0
split_feature=55 31 32 32 70 55 24 168 82 32 39 70 26 168 40
split_gain=61962.7 9731.89 7138.17 3167.07 1672.31 1495.08 1396.75 929.968 671.237 629.117 547.983 465.303 463.924 239.27 121.61
threshold=0.097059622406959548 -0.33657909929752344 -0.19420367479324338 -0.50752305984497059 -2.2623180150985713 1.1831635832786562 -0.41205312311649317 0.81936311721801769 0.44331018626689916 -0.083612013608217226 -0.61539399623870839 3.0063800811767583 0.41816093027591711 0.80889067053794872 0.61503553390502941
decision_type=8 8 10 10 2 10 10 10 2 10 10 2 10 10 10
left_child=1 6 5 4 -3 8 10 -5 -2 13 -1 -7 -8 -4 -11
right_child=2 3 9 7 -6 11 12 -9 -10 14 -12 -13 -14 -15 -16
leaf_value=-0.026085337332681518 0.00039652236315666301 -0.014206225215727317 0.01149158828554645 -0.0022673130367726183 -0.0060008326441102107 0.0060470949279039631 -0.018329371852203503 0.0099098585439540195 0.0065180399777338485 0.0098204375844679909 -0.012336615185370348 0.011852031004826491 -0.0085606433155457767 0.016028168206794161 0.017456004889857258
leaf_weight=8518.9885383546352 11311.867243126035 11052.677582040429 8037.4206730723381 5889.0304218232632 9280.8387021720409 5351.3093685656786 5600.5719425231218 1625.2642214745283 5362.8658399879932 436.2069106400013 632.67189049720764 5893.3586186766624 1198.9143403172493 3344.4500156641006 15013.050221502781
leaf_count=35210 49845 46802 36479 25695 39992 23822 23451 7216 23801 1994 2666 26640 5104 15314 69379
internal_value=1.08463e-05 -0.0126237 0.0101181 -0.00753941 -0.0104611 0.00507354 -0.0214998 0.00036654 0.00236532 0.0153673 -0.0251349 0.00908952 -0.016607 0.0128247 0.0172405
internal_weight=98549.5 43799 54750.5 27847.8 20333.5 27919.4 15951.1 7514.29 16674.7 26831.1 9151.66 11244.7 6799.49 11381.9 15449.3
internal_count=433410 186136 247274 119705 86794 124108 66431 32911 73646 123166 37876 50462 28555 51793 71373
is_linear=0
shrinkage=0.0142514


Tree=10
num_leaves=16
num_cat=0
split_feature=55 55 31 39 70 39 31 166 24 101 156 25 39 19 25
split_gain=59629.2 8872.32 7541.61 2171.46 1887.53 1670.61 1445.39 1205.06 1108.82 524.14 484.424 477.167 465.179 399.37 214.862
threshold=-0.19938006252050397 1.3272249698638918 -0.35017226636409754 -0.4224362969398498 -2.5034849643707271 -0.24945873022079465 0.395135447382927 -0.23414029926061627 -0.41205312311649317 -0.4333690851926803 -0.03316355682909488 -0.26384666562080378 -0.2834861278533935 0.56916064023971569 -0.079940389841794954
decision_type=8 10 8 10 2 10 10 8 10 10 8 10 10 10 10
left_child=2 5 8 4 -4 7 11 -2 9 -1 -7 -3 -5 -10 -8
right_child=1 6 3 12 -6 10 14 -9 13 -11 -12 -13 -14 -15 -16
leaf_value=-0.025615140205524245 0.012071154631904311 0.007039015244374165 -0.015498686132745623 -0.0030571477413065024 -0.0064574887635718446 0.011105489476961128 0.014358163357957393 -0.00075697173705159245 -0.018229568726260238 -0.012432649297081148 0.0036232265410846352 0.012457587303579662 0.0068537283348883218 -0.0075640642751772175 0.017491256871393059
leaf_weight=8440.3129380196333 1634.6020791530609 5351.907270103693 9424.0679416656494 4271.9995130002499 9336.0223260819912 4803.9220050275326 6864.6393162608147 16499.353197336197 5105.6720661073923 660.70978933572769 2771.3326208293438 8613.8945864886045 1241.3013311177492 828.9563602656126 12628.115607380867
leaf_count=34728 7262 24013 39674 18479 40038 21658 31576 72608 21274 2766 12436 39195 5462 3521 58735
internal_value=4.05523e-06 0.00904315 -0.0136015 -0.00868857 -0.0109993 0.00274744 0.0138807 0.000399396 -0.0215329 -0.0246582 0.00836823 0.0103811 -0.000825698 -0.0167399 0.0163879
internal_weight=98476.8 59167.8 39309 24273.4 18760.1 25709.2 33458.6 18134 15035.7 9101.02 7575.25 13965.8 5513.3 5934.63 19492.8
internal_count=433425 267483 165942 103653 79712 113964 153519 79870 62289 37494 34094 63208 23941 24795 90311
is_linear=0
shrinkage=0.0142514


Tree=11
num_leaves=16
num_cat=0
split_feature=24 31 31 39 24 69 39 168 19 25 101 40 166 168 57
split_gain=56208.7 8430.33 8398.57 3207.73 1666.75 1409.72 1263.04 1211.76 1067.87 813.539 800.958 563.181 349.145 170.12 155.889
threshold=-0.030120584182441231 -0.35017226636409754 0.33010068535804754 -0.40836213529109949 0.24018301069736483 -1.3801313042640684 -0.23483805358409879 0.81936311721801769 0.37318877875804907 -0.14554128050804135 -0.43876723945140833 0.51436480879783641 -0.6019114851951598 0.81660932302474987 2.499055147171021
decision_type=8 8 10 10 10 2 10 10 10 10 10 8 10 8 10
left_child=1 8 4 5 6 -3 -2 -5 10 13 -1 -6 -10 -4 -11
right_child=2 3 9 7 11 -7 -8 -9 12 14 -12 -13 -14 -15 -16
leaf_value=-0.023994241763187044 -0.00051510528433260062 -0.013903487725878126 0.010024237826563561 -0.0030985971339353509 0.0014760251200576122 -0.0058010360310050682 0.0079209254881667419 0.010527884113006879 0.0017895172515931905 0.012673609296376702 -0.010890054551719548 0.0099900767716312976 -0.014522409124370883 0.014189603294316558 0.017056606523302695
leaf_weight=11689.310978218913 15118.451567679644 11867.511240169406 6146.5841719210148 5093.9644095152617 1921.9900973588228 6895.5678340643644 4733.0413833856583 1791.5857922881842 308.83483013510704 1837.1648785322905 1031.0418208986521 8815.7459285855293 1944.0390162318945 2946.7550449818373 16092.139761120081
leaf_count=48010 66301 50057 27979 22155 8541 29633 21306 7945 1304 8476 4308 39828 8164 13509 75240
internal_value=5.00374e-06 -0.0128332 0.0090572 -0.0078727 0.0039429 -0.0109258 0.00149625 0.000447005 -0.0213304 0.0148465 -0.0229321 0.00846613 -0.0122863 0.0113741 0.0166075
internal_weight=98233.7 40621.9 57611.9 25648.6 30589.2 18763.1 19851.5 6885.55 14973.2 27022.6 12720.4 10737.7 2252.87 9093.34 17929.3
internal_count=432756 171576 261180 109790 135976 79690 87607 30100 61786 125204 52318 48369 9468 41488 83716
is_linear=0
shrinkage=0.0142514


Tree=12
num_leaves=16
num_cat=0
split_feature=55 33 32 32 26 39 55 168 32 32 40 17 156 168 168
split_gain=57354.6 7595.84 7407.69 3062.04 1908.91 1767.66 1576.72 814.987 763.245 566.508 407.445 310.568 274.236 231.761 108.412
threshold=-1.0000000180025095e-35 0.19205505400896075 -0.19420367479324338 -0.55082902312278736 0.53024804592132579 -0.55267003178596485 1.1831635832786562 0.82134035229682933 -0.33020702004432673 -0.086663465946912752 0.063824191689491286 0.19565217941999438 0.061666704714298255 0.80889067053794872 0.81660932302474987
decision_type=8 8 10 10 10 10 10 10 10 10 10 10 8 10 10
left_child=1 5 6 4 -3 10 8 -5 -2 13 -1 -8 -7 -4 -11
right_child=2 3 9 7 -6 12 11 -9 -10 14 -12 -13 -14 -15 -16
leaf_value=-0.026305683390522763 6.3644465050881812e-05 -0.013880795039831972 0.011202272918484248 -0.0029589834398553354 -0.0045375908539989716 -0.0017021996102507065 0.0052797016860871545 0.0087524995840685335 0.0063532045142339752 0.015925060026108634 -0.020934628282528803 0.010422860067512908 -0.016997526595346125 0.015749348379650575 0.018449687090758716
leaf_weight=4731.3995992690325 12508.600342735648 15168.182301342487 7728.1585714071989 6312.481388181448 6280.2569074779749 969.05512535572052 3450.357749581337 1492.0216198116541 5706.3277874737978 10216.867504000664 7292.7172904014587 7721.4874036461115 315.57316978275776 3228.2216469943523 5225.2822362929583
leaf_count=19286 54959 63781 35479 27382 26817 4109 15488 6644 25619 48089 29971 35102 1324 15000 24621
internal_value=3.51946e-05 -0.0124246 0.00954149 -0.00836372 -0.0111451 -0.0213506 0.00461934 -0.000719998 0.00203404 0.0150208 -0.0230482 0.00883446 -0.00546015 0.0125421 0.0167794
internal_weight=98347 42561.7 55785.3 29252.9 21448.4 13308.7 29386.8 7804.5 18214.9 26398.5 12024.1 11171.8 1284.63 10956.4 15442.1
internal_count=433671 179314 254357 124624 90598 54690 131168 34026 80578 123189 49257 50590 5433 50479 72710
is_linear=0
shrinkage=0.0142514


Tree=13
num_leaves=16
num_cat=0
split_feature=55 32 31 32 70 19 32 40 32 33 19 168 168 101 57
split_gain=55040.1 8378.69 6781.06 2270.1 1817.08 1380.66 1287.83 978.059 875.669 609.741 587.154 558.445 285.166 115.653 96.2388
threshold=-0.17315694689750669 -0.22251008450984952 -0.35017226636409754 -0.4972077459096908 3.0305852890014653 0.95361098647117626 -0.35966144502162928 0.090048816055059447 -0.086663465946912752 0.72920134663581859 0.50905653834342968 0.82973304390907299 0.81936311721801769 -0.58475732803344715 2.2083618640899663
decision_type=8 10 8 10 2 10 10 8 10 8 10 10 10 10 10
left_child=2 4 7 5 6 -4 -2 13 12 -6 -9 -5 -3 -1 -10
right_child=1 8 3 11 9 -7 -8 10 14 -11 -12 -13 -14 -15 -16
leaf_value=-0.025384155753650373 -0.0017340112267142274 0.010367020994199401 -0.011580594161586922 -0.0020288906016704428 0.003026249399947199 0.0018121891274830095 0.0055262409803579675 -0.0188480027597028 0.011755889470444984 0.011340405882162822 -0.0080328605052294687 0.0099059923348853995 0.015005844047769036 -0.016621772208795075 0.016867539577250169
leaf_weight=5592.0366721898317 12382.630230605602 9831.6545149534941 18113.171675875783 3899.9633838534355 2520.8428668677807 1711.0358932167292 8280.4037644863129 8105.1389080584049 789.0669126957655 6192.8610915988684 1166.3840673565865 1000.4987265765667 3706.7665370553732 324.1101556122303 14612.155162408948
leaf_count=22729 54187 45232 76332 16905 11260 7311 37113 33320 3684 28242 4906 4484 17282 1327 69311
internal_value=1.33149e-05 0.00883877 -0.0128817 -0.00827764 0.00347714 -0.0104247 0.00117543 -0.0203767 0.0142814 0.00893519 -0.0174875 0.000407874 0.0116372 -0.0249043 0.0166057
internal_weight=98228.7 58316.4 39912.3 24724.7 29376.7 19824.2 20663 15187.7 28939.6 8713.7 9271.52 4900.46 13538.4 5916.15 15401.2
internal_count=433625 266311 167314 105032 130802 83643 91300 62282 135509 39502 38226 21389 62514 24056 72995
is_linear=0
shrinkage=0.0142514


Tree=14
num_leaves=16
num_cat=0
split_feature=55 32 33 32 70 19 39 32 32 166 26 26 39 168 40
split_gain=53683.9 9079.72 5626.27 2104.17 1868.43 1704.93 1584.52 1429.45 861.687 624.488 621.236 403.095 279.854 266.209 139.422
threshold=-0.29851856827735895 -0.21900580823421475 0.19205505400896075 -0.60219088196754444 3.0553524494171147 0.74910888075828563 -0.60368308424949635 -0.3552591055631637 -0.10129696503281592 -0.23414029926061627 0.98200303316116344 0.091889824718236937 -0.39895075559616083 0.81936311721801769 0.56099700927734386
decision_type=8 10 8 10 2 10 10 10 10 8 8 10 10 10 10
left_child=2 4 6 5 7 -4 11 -2 13 -5 -6 -1 -8 -3 -10
right_child=1 8 3 9 10 -7 12 -9 14 -11 -12 -13 -14 -15 -16
leaf_value=-0.024859647016110958 -0.0018034687250964544 0.0099099974381680715 -0.013896184428018894 0.012985896249299802 0.0033801832537750176 -0.0024351956255165143 -0.010861318962014971 0.0055574917412622863 0.0069286478523992575 -0.0037382539473310925 0.011440483720026901 -0.019452092112874523 0.0034944455084367056 0.014796199440208383 0.016443547726751887
leaf_weight=6848.808708935976 14272.264474958181 8493.140046030283 14661.947947084904 488.21827946603298 2929.7479936778545 3214.1371652185917 1369.8310105800629 8578.8827032744884 318.9351519793272 6362.6181330829859 5761.3410397619009 4738.5720236301422 345.29653173685074 3088.539229542017 16521.062773942947
leaf_count=27784 62327 39164 61253 2104 13129 13673 5702 38527 1488 27440 26386 19356 1488 14471 78740
internal_value=-3.70341e-05 0.00836331 -0.0132825 -0.00926186 0.00309915 -0.0118355 -0.020756 0.000960024 0.0142054 -0.00254632 0.00872341 -0.0226484 -0.00797114 0.0112131 0.0162634
internal_weight=97993.3 59963.9 38029.4 24726.9 31542.2 17876.1 13302.5 22851.1 28421.7 6850.84 8691.09 11587.4 1715.13 11581.7 16840
internal_count=433032 274232 158800 104470 140369 74926 54330 100854 133863 29544 39515 47140 7190 53635 80228
is_linear=0
shrinkage=0.0142514


Tree=15
num_leaves=16
num_cat=0
split_feature=55 31 31 39 70 25 17 40 168 39 70 25 26 168 57
split_gain=51830.2 8276.43 5843.64 2242.67 2144.5 1221.01 1021 842.567 664.431 612.689 541.845 511.807 398.601 130.334 84.8871
threshold=0.071923222392797484 -0.34590405225753779 0.35675513744354254 -0.34680281579494471 -2.3018486499786373 -0.39098142087459559 -0.32845203578472132 0.51436480879783641 0.81936311721801769 -0.65212413668632496 2.9048391580581669 -0.10800122842192648 0.43473045527935034 0.82973304390907299 2.7206985950469975
decision_type=10 8 10 10 2 10 10 10 10 10 2 10 8 10 10
left_child=1 6 5 4 -3 10 9 -7 -5 -1 -2 13 -8 -4 -13
right_child=2 3 11 8 -6 7 12 -9 -10 -11 -12 14 -14 -15 -16
leaf_value=-0.023043928554028401 -1.0325351486167246e-05 -0.012583033848352073 0.011301776886256118 -0.00077551847613027778 -0.0042924231717775532 0.00091625557430461031 -0.016034935044597159 0.0090190240068392536 0.011616589191700952 -0.012016111700407011 0.0081127714224628854 0.013465109523915454 -0.0056173863692933097 0.015389617412254751 0.01694235761390581
leaf_weight=9905.0036543905735 8713.9359324723482 12481.462468668818 6941.2891936600208 3148.9311320483685 12871.886597186327 3157.8072926551104 3660.7277406603098 14929.442875549197 1218.8831440657377 1141.3538836091757 2062.5344653874636 1603.8674136996269 936.99721848964691 2053.3596236854792 12954.607552066445
leaf_count=40162 38508 52180 32305 13730 55256 14078 15036 68222 5484 4707 9343 7595 3933 9717 62291
internal_value=-1.23103e-05 -0.0111654 0.00964034 -0.00674903 -0.00837391 0.00534186 -0.0195556 0.00760439 0.00268273 -0.0219046 0.00154441 0.014908 -0.013912 0.0122351 0.0165593
internal_weight=97782.1 45365.2 52416.8 29721.2 25353.3 28863.7 15644.1 18087.3 4367.81 11046.4 10776.5 23553.1 4597.72 8994.65 14558.5
internal_count=432547 190488 242059 126650 107436 130151 63838 82300 19214 44869 47851 111908 18969 42022 69886
is_linear=0
shrinkage=0.0142514


Tree=16
num_leaves=16
num_cat=0
split_feature=55 31 32 32 69 24 55 168 19 168 101 32 24 168 77
split_gain=50558.9 8380.95 5553.43 2373.14 1534.68 1499.89 1092.64 662.164 627.581 619.392 573.554 415.609 312.276 198.317 73.6624
threshold=0.14501365274190905 -0.30807690322399134 -0.17411742359399793 -0.43819987773895258 -1.2580649256706236 -0.41205312311649317 1.5238136053085329 0.81936311721801769 0.68112811446189891 0.81936311721801769 -0.47566045820713038 -0.06869706884026526 0.38088510930538183 0.80889067053794872 0.033909233286976821
decision_type=10 8 10 10 2 10 10 10 10 10 10 10 10 10 10
left_child=1 5 6 4 -3 10 7 -2 -7 -5 -1 13 -8 -4 -13
right_child=2 3 11 9 -6 8 12 -9 -10 -11 -12 14 -14 -15 -16
leaf_value=-0.023298041516043134 0.0023146511631922792 -0.010847658800802924 0.011456034665832416 0.00011590494704862146 -0.0033561461402915331 -0.015380767818688934 0.0072111951599733186 0.0098082181546021475 -0.0038778316225431355 0.011646138042990759 -0.011985894484288093 0.010929544567325526 0.012655257488862544 0.015662648338996096 0.016715081334199983
leaf_weight=8539.4008803069592 15724.752055972815 13592.307876259089 7477.3587771058083 3973.4952868074179 9391.2535816580057 7773.6501220911741 4930.0113197863102 2825.2784439474344 1099.6310732811689 1241.9719526469707 1019.1811380535364 463.68059420585632 3781.8431123048067 3273.4076903611422 12733.532359346747
leaf_count=34514 70280 57098 35072 17364 40324 31993 22533 12758 4643 5603 4189 2203 17557 15607 61656
internal_value=3.40146e-05 -0.0107019 0.00980993 -0.00581716 -0.00778659 -0.0181749 0.00541127 0.00345599 -0.0139553 0.00286173 -0.022092 0.0148173 0.00957455 0.0127369 0.0165119
internal_weight=97840.8 46630.9 51209.9 28199 22983.6 18431.9 27261.9 18550 8873.28 5215.47 9558.58 23948 8711.85 10750.8 13197.2
internal_count=433394 195728 237666 120389 97422 75339 123128 83038 36636 22967 38703 114538 40090 50679 63859
is_linear=0
shrinkage=0.0142514


Tree=17
num_leaves=16
num_cat=0
split_feature=55 32 31 32 24 19 168 32 168 40 33 19 168 57 39
split_gain=49438.1 8622.89 5483.05 2102.28 1672.46 1492.43 940.148 933.281 672.041 640.712 554.771 335.862 289.018 143.348 75.4089
threshold=-0.27343972027301783 -0.23317490518093106 -0.37980781495571131 -0.5788511037826537 0.29442502558231359 0.99851354956626903 0.81936311721801769 -0.10430229082703589 0.81936311721801769 0.090048816055059447 0.74004092812538158 0.45065274834632879 0.79648926854133617 2.7582685947418217 -0.78759348392486561
decision_type=8 10 8 10 10 10 10 10 10 8 8 10 10 10 10
left_child=2 4 9 5 6 -4 -2 12 -5 14 -6 -11 -3 -9 -1
right_child=1 7 3 8 10 -7 -8 13 -10 11 -12 -13 -14 -15 -16
leaf_value=-0.023898377474616799 -0.00019889990308103388 0.0093368608366768569 -0.012345719776150248 -0.0041966013555821378 0.0025869080609901706 0.002866198703172433 0.0083131474736314274 0.012531348006493826 0.0069450486732661318 -0.018300445896811197 0.011421335322622206 -0.0086988976199551538 0.014103865574650536 0.016419905086264255 -0.016750945456107287
leaf_weight=5599.244774132967 19726.903343841434 8724.0109885931015 17210.018563136458 5549.8117759525776 2026.0301827788353 1417.8077126592398 3041.6950870156288 2220.179348140955 1371.1587006747723 6311.5800024420023 5023.0894898921251 838.38513197004795 3670.2913798987865 14557.567607671022 317.41427697241306
leaf_count=22540 87148 40549 71567 23743 9104 6037 13597 10614 6094 25618 23229 3480 17380 70867 1286
internal_value=-5.29867e-07 0.00820572 -0.0125366 -0.00869606 0.00281628 -0.0111879 0.000938257 0.0137144 -0.00198922 -0.0200458 0.00888222 -0.0171747 0.0107486 0.0159054 -0.0235151
internal_weight=97605.2 58989.8 38615.4 25548.8 29817.7 18627.8 22768.6 29172 6920.97 13066.6 7049.12 7149.97 12394.3 16777.7 5916.66
internal_count=432853 272488 160365 107441 133078 77604 100745 139410 29837 52924 32333 29098 57929 81481 23826
is_linear=0
shrinkage=0.0142514


Tree=18
num_leaves=16
num_cat=0
split_feature=24 32 32 70 70 26 32 32 84 32 33 84 168 168 57
split_gain=46492.2 8162.5 6657.75 3571.9 1812.74 1173.32 1151.99 1120.49 859.623 799.222 553.528 509.866 443.632 256.035 122.067
threshold=-0.045454183593392365 -0.21900580823421475 -0.620479255914688 -3.2139052152633663 3.1983137130737309 0.53024804592132579 -0.40965826809406275 -0.40044674277305597 1.0000000180025095e-35 -0.086663465946912752 0.72920134663581859 1.0000000180025095e-35 0.81936311721801769 0.84910878539085399 2.2083618640899663
decision_type=8 10 10 2 2 8 10 10 2 10 8 2 10 10 10
left_child=2 4 3 8 7 -5 11 -2 -1 13 -6 -4 -8 -3 -11
right_child=1 9 6 5 10 -7 12 -9 -10 14 -12 -13 -14 -15 -16
leaf_value=-0.021505683244407017 -0.0019559521684165988 0.010099024271698551 -0.011025503429178532 -0.012786248468280323 0.0029335417031553061 -0.0037237982464761936 0.0015973540222867682 0.0045231990449278925 -0.013940832723509999 0.010439802640655185 0.011300205985170633 -0.0028390739462556378 0.013263615363478698 0.014889952657957168 0.016353504042737034
leaf_weight=12507.439802646637 12101.734720528126 9881.1182930469513 2181.8246542215347 8332.0499360710382 2246.2567663639784 4452.1513891071081 2296.6032206714153 9820.0523195266724 4035.7762512117624 746.89419324696064 5635.1455313712358 5295.5226636826992 930.11355419456959 2940.0307241231203 14091.324710890651
leaf_count=50664 52612 46401 9269 34477 10100 18871 10051 44173 16519 3575 26136 22617 4225 14100 69146
internal_value=1.41584e-05 0.00822841 -0.0117769 -0.0152881 0.00305391 -0.00963024 -0.00215663 0.000946443 -0.0196603 0.013804 0.00891569 -0.00522787 0.00496038 0.0111977 0.0160559
internal_weight=97494 57462.6 40031.5 29327.4 29803.2 12784.2 10704.1 21921.8 16543.2 27659.4 7881.4 7477.35 3226.72 12821.1 14838.2
internal_count=432936 266243 166693 120531 133021 53348 46162 96785 67183 133222 36236 31886 14276 60501 72721
is_linear=0
shrinkage=0.0142514


Tree=19
num_leaves=16
num_cat=0
split_feature=24 32 32 17 24 26 168 166 101 32 32 40 39 168 40
split_gain=45299.5 7131.2 6972.92 3823.92 1520.32 1380.26 1370.39 1022.96 981.895 855.703 582.402 530.383 389.748 224.403 100.845
threshold=-0.01083236839622259 -0.620479255914688 -0.19420367479324338 -0.25449427962303156 0.24018301069736483 0.68573841452598583 0.81936311721801769 -0.23414029926061627 -0.4442197978496551 -0.32608391344547266 -0.077607072889804826 0.49660813808441168 -0.32231196761131281 0.82973304390907299 0.58516404032707225
decision_type=8 10 10 10 10 8 10 8 10 10 10 8 10 10 10
left_child=1 3 4 8 9 -5 7 -3 -1 -2 13 -6 -8 -4 -12
right_child=2 6 10 5 11 -7 12 -9 -10 -11 14 -13 -14 -15 -16
leaf_value=-0.019974887417668497 -0.00077269542435779196 0.012043764239048535 0.010497220513750299 -0.010935536072755584 4.5849051147636217e-05 0.00079395601254511779 0.0019644900528247677 -0.0054953878584783188 -0.0106689913490237 0.0058417440820195963 0.0076919641294533013 0.0091766364484394611 0.013439907217599221 0.015052408517894689 0.016199447614299242
leaf_weight=16248.475492954254 12515.54578538239 729.80192871391773 8495.6453088521957 8868.5918608307838 1488.1637476831675 2645.3825545012951 1178.1327210664749 9051.8781596422195 2683.3823105990887 5819.4532840698957 289.19570791721344 9806.245648548007 1227.3657381683588 2963.0632039904594 13522.579599604011
leaf_count=65907 54786 3158 40232 36843 6617 11265 5110 38824 11018 26491 1387 45256 5592 14357 66817
internal_value=-7.87309e-06 -0.0110294 0.00855101 -0.0147171 0.00386043 -0.00824065 -0.00181687 -0.00418674 -0.0186559 0.00132671 0.0140507 0.00797356 0.00781982 0.0116752 0.0160213
internal_weight=97532.9 42633 54899.9 30445.8 29629.4 11514 12187.2 9781.68 18931.9 18335 25270.5 11294.4 2405.5 11458.7 13811.8
internal_count=433660 177717 255943 125033 133150 48108 52684 41982 76925 81277 122793 51873 10702 54589 68204
is_linear=0
shrinkage=0.0142514


Tree=20
num_leaves=16
num_cat=0
split_feature=55 31 32 32 69 24 55 168 101 26 101 32 70 168 40
split_gain=45561.2 7547.65 5134.35 2285.28 1529.12 1142.97 1005.95 620.375 619.536 507.531 451.798 405.617 364.202 185.713 89.8062
threshold=0.14501365274190905 -0.32720847427844996 -0.17411742359399793 -0.45716564357280726 -1.2990806102752683 -0.42994961142539972 1.1336512565612795 0.81936311721801769 -0.19649259001016614 0.43473045527935034 -0.47566045820713038 -0.06869706884026526 2.0905795097351079 0.80889067053794872 0.59109100699424755
decision_type=10 8 10 10 2 10 10 10 10 10 10 10 2 10 10
left_child=1 5 6 4 -3 10 8 -5 -2 -7 -1 13 -8 -4 -13
right_child=2 3 11 7 -6 9 12 -9 -10 -11 -12 14 -14 -15 -16
leaf_value=-0.022408944031399786 0.00087855355833024176 -0.010760875846361213 0.011017485626820292 -0.00030617012465958032 -0.0034246346936336112 -0.015417784541063795 0.0042341282399591491 0.010722428460572243 0.0076149688896546891 -0.0058092086647385764 -0.011683049117463203 0.007830145698265038 0.0096241076721809288 0.015140755267631117 0.016209352078553996
leaf_weight=7690.5351637601852 10659.724565625191 13882.850472912192 7369.9365497231483 4541.0860432386398 9875.1767640709877 7262.7768377363682 3521.885660097003 1342.0352425128222 3747.6700064688921 1319.4395553320646 890.14118839800358 265.45888476073742 9191.6100178360939 3175.0820667594671 12515.215647563338
leaf_count=30864 47410 57765 35183 19790 42187 29513 15989 6124 17053 5501 3627 1280 42922 15514 62308
internal_value=2.98483e-05 -0.0100972 0.00942569 -0.00574238 -0.00771154 -0.0176182 0.00520918 0.00220971 0.00263086 -0.0139406 -0.0212963 0.0143282 0.008131 0.0122591 0.0160353
internal_weight=97250.6 46804 50446.6 29641.1 23758 17162.9 27120.9 5883.12 14407.4 8582.22 8580.68 23325.7 12713.5 10545 12780.7
internal_count=433030 195371 237659 125866 99952 69505 123374 25914 64463 35014 34491 114285 58911 50697 63588
is_linear=0
shrinkage=0.0142514


Tree=21
num_leaves=16
num_cat=0
split_feature=24 32 32 70 168 24 19 166 101 101 33 32 39 168 77
split_gain=43270.7 6893.89 6816.23 3684.35 1340.65 1335.28 1198.7 1110.2 934.129 805.263 543.604 501.806 429.045 241.114 82.9545
threshold=-0.01083236839622259 -0.18768049776554105 -0.6268673539161681 -3.0425539016723628 0.80889067053794872 0.22500000894069674 0.83983561396598827 -0.23414029926061627 -0.4442197978496551 -0.22618203610181806 0.71762046217918407 -0.06869706884026526 -0.31037060916423792 0.80889067053794872 0.035170577466487891
decision_type=8 10 10 2 10 10 8 8 10 10 8 10 10 10 10
left_child=2 5 3 8 7 9 -5 -4 -1 -2 -7 13 -6 -3 -13
right_child=1 11 4 6 12 10 -8 -9 -10 -11 -12 14 -14 -15 -16
leaf_value=-0.019763568463817979 -0.00060162763832216984 0.010580677288891269 0.012656261967484922 -0.011134039043521549 0.0019105490553842752 0.0023305350345680376 -0.0011999146313157879 -0.0056309964402520528 -0.010452360480641831 0.0061965279317808828 0.0091187964936202976 0.010243952981244525 0.013498041002730266 0.015046851369427593 0.016227006274691015
leaf_weight=15598.981395170093 12620.798908725381 8254.5276875495911 728.38373495638371 8681.8956660628319 1417.4412407279015 3217.3550796955824 3446.2846670299768 9064.2095944881439 2545.6639464646578 4917.8973971754313 9385.6093003749847 489.93269945681095 1197.0859517604113 3495.1896006017923 12207.368963837624
leaf_count=62964 55523 39512 3155 35915 6142 14472 14632 38751 10403 22293 43672 2390 5493 17168 61238
internal_value=3.60125e-06 0.00840845 -0.0107464 -0.0143925 -0.00185007 0.00384734 -0.00831123 -0.0042707 -0.0184573 0.00130461 0.00738587 0.014032 0.00721617 0.0119093 0.0159962
internal_weight=97268.6 54588.7 42679.9 30272.8 12407.1 30141.7 12128.2 9792.59 18144.6 17538.7 12603 24447 2614.53 11749.7 12697.3
internal_count=433723 256268 177455 123914 53541 135960 50547 41906 73367 77816 58144 120308 11635 56680 63628
is_linear=0
shrinkage=0.0142514


Tree=22
num_leaves=16
num_cat=0
split_feature=55 55 32 32 40 76 24 32 168 168 32 33 168 26 40
split_gain=43229.6 7036.27 5098.09 1680.49 1645.83 1074.68 966.555 830.875 745.583 519.644 519.046 448.564 227.375 172.414 71.4538
threshold=0.14501365274190905 -1.4354397058486936 -0.18768049776554105 -0.44765961170196528 0.13231101632118228 0.011211544275283815 0.34662075340747839 -0.67189213633537281 0.81936311721801769 0.82973304390907299 -0.06869706884026526 0.75115725398063671 0.80889067053794872 0.11013896390795709 0.66278108954429638
decision_type=10 8 10 10 8 8 10 10 10 10 10 8 10 10 10
left_child=1 4 6 5 13 -3 8 -6 -2 -5 12 -8 -4 -1 -12
right_child=2 3 10 9 7 -7 11 -9 -10 -11 14 -13 -14 -15 -16
leaf_value=-0.022462441120871177 0.0021754322623579242 -0.0082342619282699467 0.010493737975720042 0.00025211298808180011 -0.014127882742776583 -8.1835828846666314e-05 0.0035924687047030599 -0.0040887788666541802 0.0097247585573952081 0.011230171008975068 0.010628321928088848 0.01242977401884755 0.014843410544365589 -0.017864743089835641 0.016178099258649947
leaf_weight=5145.8275220245123 16794.982006013393 15405.421287000179 8178.975083976984 4252.6053783595562 12590.849289953709 4173.9533580094576 1615.6305121779442 1931.3107755631208 3156.3437403589487 1102.7840612232685 490.68194459378719 4197.3076794445515 3479.9911816269159 2445.6091302931309 12136.886907309294
leaf_count=20607 75619 64542 39323 18569 51338 17959 7372 8059 14470 5076 2417 19904 17204 9827 61320
internal_value=5.6272e-05 -0.0097516 0.00927579 -0.00456138 -0.0156039 -0.00649632 0.00485976 -0.0127928 0.00336978 0.00251282 0.0139605 0.00997362 0.0117921 -0.0209814 0.0159625
internal_weight=97099.2 47048.4 50050.8 24934.8 22113.6 19579.4 25764.3 14522.2 19951.3 5355.39 24286.5 5812.94 11659 7591.44 12627.6
internal_count=433606 195977 237629 106146 89831 82501 117365 59397 90089 23645 120264 27276 56527 30434 63737
is_linear=0
shrinkage=0.0142514


Tree=23
num_leaves=16
num_cat=0
split_feature=24 32 32 70 168 76 101 26 31 33 32 32 39 168 168
split_gain=40673 6796.38 5974.88 3593.31 1322.85 1301.22 1105.74 1043.07 959.353 758.894 567.59 557.831 361.485 206.616 110.382
threshold=0.015446522738784553 -0.59627619385719288 -0.19420367479324338 -2.943260550498962 0.81936311721801769 0.060583800077438361 -0.4442197978496551 0.53539782762527477 -0.13659998029470441 0.64174845814704906 -0.41447637975215906 -0.083612013608217226 -0.30243791639804835 0.82973304390907299 0.81660932302474987
decision_type=8 10 10 2 10 10 10 8 10 8 10 10 10 10 10
left_child=1 3 5 6 10 8 -1 -5 -2 -7 -3 13 -6 -4 -13
right_child=2 4 11 7 12 9 -8 -9 -10 -11 -12 14 -14 -15 -16
leaf_value=-0.018687062366625071 -0.0061294193378345569 -0.0059149253416817364 0.010024101716252712 -0.011011187105636316 0.0029992419802459657 0.00039893654136686309 -0.0093090781321745718 -0.0027099077495127974 0.0029869030424501432 0.0094462248142734937 0.0012121207164362186 0.014607302633693418 0.013780247481698661 0.0145964557116891 0.017275855588468961
leaf_weight=16586.351015970111 2855.1821944862604 6355.7449514120817 7919.574676066637 7236.0046108365059 1315.1716142594814 2360.2821093946695 3018.4909701943398 5345.2543912678957 13107.696759030223 9313.1558997780085 3529.9697303026915 9287.4580177664757 1215.446780860424 2689.2877653092146 4767.0766590535641
leaf_count=66838 12314 26986 38078 29817 5764 10595 12314 22626 58868 43333 15510 47086 5639 13346 24268
internal_value=2.47285e-05 -0.00997332 0.0085513 -0.0134286 -0.00101645 0.00400078 -0.0172432 -0.00748435 0.00135631 0.00761694 -0.00337002 0.0136503 0.00817752 0.0111832 0.0155125
internal_weight=96902.1 44602.4 52299.7 32186.1 12416.3 27636.3 19604.8 12581.3 15962.9 11673.4 9885.71 24663.4 2530.62 10608.9 14054.5
internal_count=433382 185494 247888 131595 53899 125110 79152 52443 71182 53928 42496 122778 11403 51424 71354
is_linear=0
shrinkage=0.0142514


Tree=24
num_leaves=16
num_cat=0
split_feature=24 32 32 17 19 70 168 32 166 101 32 26 39 168 40
split_gain=39641.6 6547.14 6094.77 3289.44 1348.56 1344.32 1261.56 1118.69 1024.3 817.105 515.155 476.787 347.369 189.188 138.536
threshold=-0.01083236839622259 -0.18768049776554105 -0.620479255914688 -0.3022597730159759 0.9185086488723756 3.1743149757385258 0.81936311721801769 -0.32608391344547266 -0.23414029926061627 -0.47566045820713038 -0.0952462963759899 1.045346260070801 -0.3144830167293548 0.82973304390907299 0.56099700927734386
decision_type=8 10 10 10 8 2 10 10 8 10 10 8 10 10 10
left_child=2 5 3 9 -5 7 8 -2 -4 -1 13 -7 -8 -3 -12
right_child=1 10 6 4 -6 11 12 -9 -10 -11 14 -13 -14 -15 -16
leaf_value=-0.019265537782880735 -0.0007819359605374034 0.0097023259089495644 0.012481669208400818 -0.010751527021767021 0.00031586503394283419 0.0043102285500542428 0.0023452778929255193 0.0058662759921960413 -0.0053138120792204577 -0.01104633420815325 0.0052825504131698538 0.011295782104334446 0.013255117070609734 0.014491220913099057 0.01542466150798143
leaf_weight=14133.72612439096 13318.302066609263 6632.9104075133801 708.39339901506901 10533.071017280221 2838.7940633445978 3285.8120251744986 1239.5206657350063 8372.1298794746399 9035.2075747549534 2973.7649833858013 278.75566264986992 5010.902304187417 1135.9870093166828 2242.2374830245972 14844.252733588219
leaf_count=56893 58340 31957 3078 43273 12030 15056 5386 38642 38542 12101 1361 23763 5291 11193 75796
internal_value=-2.01236e-05 0.00809025 -0.0102985 -0.0136976 -0.00840197 0.00365039 -0.00174958 0.00178417 -0.00401995 -0.0178369 0.0136381 0.00852929 0.00756265 0.0109123 0.0152377
internal_weight=96583.8 53985.3 42598.5 30479.4 13371.9 29987.1 12119.1 21690.4 9743.6 17107.5 23998.2 8296.71 2375.51 8875.15 15123
internal_count=432702 256108 176594 124297 55303 135801 52297 96982 41620 68994 120307 38819 10677 43150 77157
is_linear=0
shrinkage=0.0142514


Tree=25
num_leaves=16
num_cat=0
split_feature=55 55 32 32 40 17 55 166 39 32 163 24 168 40 40
split_gain=40007.5 6362.7 4821.49 1680.45 1327.93 1120.43 936.97 655.555 646.386 565.094 526.786 285.87 215.027 124.988 92.3636
threshold=0.14501365274190905 -1.60376501083374 -0.19420367479324338 -0.43819987773895258 0.13231101632118228 0.12269627302885057 1.6479033827781679 -0.23414029926061627 -0.53586363792419422 -0.077607072889804826 -0.02790722623467445 0.36978267133235937 0.80889067053794872 0.043939383700490005 0.58516404032707225
decision_type=10 8 10 10 8 8 10 8 10 10 8 10 10 10 10
left_child=1 4 6 5 13 -3 7 -2 -6 12 -5 -8 -4 -1 -11
right_child=2 3 9 10 8 -7 11 -9 -10 14 -12 -13 -14 -15 -16
leaf_value=-0.021910832467937076 0.012525581814155447 -0.0082964623541903603 0.0098740798200672997 0.0071487969314268322 -0.013834485499446313 -0.00059393220841049332 0.0062024972886213919 0.0021861729646234043 -0.0039812247495974434 0.0073435850580990548 -0.0020192713203842105 0.012121843012455547 0.014235514324048586 -0.01818945675219959 0.015676484023974192
leaf_weight=4068.0471272319555 1343.6256310641766 17043.895656198263 7893.7028630375862 2522.4613855928183 11142.49098341167 4949.4557066112757 3282.0230928212404 17041.294422388077 1539.0608420670033 276.08217443525791 2569.4958356171846 3347.3197151124477 3238.2156199514866 3342.1115461140871 12927.422614485025
leaf_count=16277 6117 71023 38300 11296 45219 21182 15247 76942 6352 1360 11277 16080 16276 13391 66692
internal_value=2.11341e-05 -0.00936274 0.00899187 -0.00485501 -0.0154395 -0.00656307 0.00459814 0.00294185 -0.0126387 0.0135082 0.00252245 0.0091914 0.0111429 -0.0202326 0.0155023
internal_weight=96526.7 47177 49349.7 27085.3 20091.7 21993.4 25014.3 18384.9 12681.6 24335.4 5091.96 6629.34 11131.9 7410.16 13203.5
internal_count=433031 196017 237014 114778 81239 92205 114386 83059 51571 122628 22573 31327 54576 29668 68052
is_linear=0
shrinkage=0.0142514


Tree=26
num_leaves=16
num_cat=0
split_feature=24 32 32 26 32 19 40 24 168 26 166 32 57 47 77
split_gain=37945.8 7160.18 4317.12 3783.19 1748.96 972.069 942.879 729.219 725.241 723.925 577.28 361.284 157.401 138.294 79.2195
threshold=0.060858061537146575 -0.67189213633537281 -0.16414629667997357 0.38168755173683172 -0.40965826809406275 1.0456953644752505 0.42650045454502111 0.27777795493602758 0.81936311721801769 0.11593886837363244 -0.23414029926061627 -0.062908962368965135 1.715482294559479 0.24861641228199008 0.033909233286976821
decision_type=10 8 10 10 10 10 8 10 10 10 8 10 10 8 10
left_child=1 3 6 9 10 -5 13 -8 -6 -1 -3 12 -4 -2 -13
right_child=2 4 11 5 8 -7 7 -9 -10 -11 -12 14 -14 -15 -16
leaf_value=-0.019598615665504013 -0.010071218689538437 0.0079291314176162097 0.0064496003264530545 -0.0079585779505043606 0.0010706344030090484 0.0041625484111268525 0.0039625501192082375 0.0090886233464577797 0.01226052218962252 -0.014078034436300214 -0.0056318587914961403 0.0092338838695762305 0.012453926314925857 -0.0016156928584552816 0.015773244599426108
leaf_weight=10046.313979312778 500.12429723143578 666.88552570343018 985.69858847558498 7186.6152052283287 4439.5628655999899 1652.7924789339304 13665.639794334769 9593.3674970567226 1600.4184385836124 9283.391135841608 14475.091237649322 389.46121998131275 8850.4456377476454 1831.1200904101133 11338.661543101072
leaf_count=40329 2168 2844 4797 29812 19643 7081 62139 45485 7485 37512 61223 1954 44131 8054 59009
internal_value=2.70581e-05 -0.00870823 0.00916926 -0.0134155 -0.0024482 -0.00569216 0.0052108 0.00607686 0.00403572 -0.0169473 -0.00503458 0.0138667 0.0118523 -0.00342987 0.0155561
internal_weight=96505.6 49351.1 47154.5 28169.1 21182 8839.41 25590.3 23259 6039.98 19329.7 15142 21564.3 9836.14 2331.24 11728.1
internal_count=433666 205929 227737 114734 91195 36893 117846 107624 27128 77841 64067 109891 48928 10222 60963
is_linear=0
shrinkage=0.0142514


Tree=27
num_leaves=16
num_cat=0
split_feature=24 31 32 32 69 24 70 168 101 32 19 26 39 168 77
split_gain=36691 6892.66 4306.37 2742.54 1415.81 1127.45 909.327 870.357 609.625 527.642 509.091 432.125 402.124 207.228 92.7167
threshold=0.060858061537146575 -0.31295280158519739 -0.19102558493614194 -0.45716564357280726 1.961914658546448 -0.42592591047286982 3.1743149757385258 0.81936311721801769 -0.21936884522438047 -0.06869706884026526 0.56406357884407055 1.045346260070801 -0.60368308424949635 0.81660932302474987 0.033909233286976821
decision_type=10 8 10 10 2 10 2 10 10 10 10 8 10 10 10
left_child=1 5 6 4 -3 12 8 -5 -2 13 -7 -8 -1 -4 -11
right_child=2 3 9 7 -6 10 11 -9 -10 14 -12 -13 -14 -15 -16
leaf_value=-0.02001586139887146 0.00082549303994009719 -0.0084256712525433257 0.009929369654166284 5.3477234681231496e-05 0.0017926497475100249 -0.013655889730843971 0.004610621737218901 0.011070190471979683 0.0067281360288354384 0.0088814753746253063 -0.004941228510275144 0.011669704824367334 -0.0078170204113695088 0.014187196305808919 0.015622685018438403
leaf_weight=8270.1636736094952 10681.028641358018 19732.756051406264 8250.9465584158897 6048.2762507498264 3200.6842391490936 7568.8844951987267 2934.6829503625631 1918.4400494545698 5325.6615739911795 429.78273260593414 1660.2060044854879 4405.4016491472721 587.95167753100395 3231.3392197191715 11761.124413266778
leaf_count=33113 47682 82051 40560 26566 13839 30521 13545 8957 24590 2163 6846 21257 2387 16482 61660
internal_value=4.4393e-05 -0.00858709 0.00903703 -0.00449715 -0.00699956 -0.0155743 0.00469403 0.00270644 0.00278941 0.0133201 -0.0120883 0.00884743 -0.0192062 0.0111277 0.0153851
internal_weight=96007.3 48987.4 47020 30900.2 22933.4 18087.2 23346.8 7966.72 16006.7 23673.2 9229.09 7340.08 8858.12 11482.3 12190.9
internal_count=432219 204280 227939 131413 95890 72867 107074 35523 72272 120865 37367 34802 35500 57042 63823
is_linear=0
shrinkage=0.0142514


Tree=28
num_leaves=16
num_cat=0
split_feature=55 24 32 32 84 82 55 166 33 84 32 102 24 168 57
split_gain=37284.4 5795.15 4620.64 2254.18 1735.14 1038.98 998.206 730.752 528.486 353.169 335.174 286.974 228.668 171.522 63.7597
threshold=0.14501365274190905 -0.35968573391437525 -0.16414629667997357 -0.68512877821922291 -1.0000000180025095e-35 0.29783438146114355 1.6225340962409975 -0.23414029926061627 0.3098271936178208 1.0000000180025095e-35 -0.053792845457792275 0.38832084834575659 0.37272764742374426 0.84910878539085399 2.8757292032241826
decision_type=10 8 10 10 2 2 10 8 10 2 10 10 10 10 10
left_child=1 3 6 9 8 -6 7 -2 -3 -1 13 -5 -8 -4 -12
right_child=2 4 10 11 5 -7 12 -9 -10 -11 14 -13 -14 -15 -16
leaf_value=-0.018946663895913929 0.012862710041726327 -0.013354092400537971 0.010866482614874868 -0.011281008724624092 -0.0042637771339335169 0.0040557766729038781 0.0068945805450930861 0.002343231647784186 -0.0071501344557407332 -0.013353013845446866 0.012114723138578113 -0.00096092012699182828 0.011724452654389374 0.015029196457164764 0.015853419539127361
leaf_weight=11728.871820092201 1448.0815090090036 4457.6783167868853 8014.2989529371262 753.7235689163208 14003.884203776717 3897.1874519139528 4392.5864879637957 18166.13101759553 7449.6280945390463 2850.3073447644711 1027.303676456213 1997.4848041981459 3641.9120720922947 2684.3860768079758 9537.2574039697647
leaf_count=47051 6675 18132 40080 3099 59142 16992 20779 82685 31192 11481 5309 8372 17738 13885 50465
internal_value=-2.23658e-05 -0.00906698 0.00869435 -0.0156204 -0.00525685 -0.00245255 0.00485302 0.0031199 -0.00947273 -0.0178531 0.0136892 -0.0037884 0.00908396 0.011911 0.0154899
internal_weight=96050.7 47138.8 48912 17330.4 29808.4 17901.1 27648.7 19614.2 11907.3 14579.2 21263.2 2751.21 8034.5 10698.7 10564.6
internal_count=433077 195461 237616 70003 125458 76134 127877 89360 49324 58532 109739 11471 38517 53965 55774
is_linear=0
shrinkage=0.0142514


Tree=29
num_leaves=16
num_cat=0
split_feature=55 55 55 40 39 19 39 166 25 71 163 163 40 26 24
split_gain=36091.8 6665.06 3531.36 1779.29 1216.64 886.341 823.439 777.15 746.697 623.215 427.93 276.418 227.066 172.664 136.893
threshold=0.31249935925006872 -1.1830307245254514 1.6739769577980044 0.14016044139862063 -0.31037060916423792 0.7376174032688142 -0.18649371713399884 -0.23414029926061627 -0.19609340280294416 -0.32176235318183893 -1.0000000180025095e-35 0.015666389837861065 0.60291981697082531 0.12209970504045488 0.42441858351230627
decision_type=10 8 10 8 10 10 10 8 10 2 8 8 10 10 10
left_child=1 3 6 13 9 -5 7 -2 14 -3 -6 -8 -10 -1 -4
right_child=2 4 8 5 10 -7 11 -9 12 -11 -12 -13 -14 -15 -16
leaf_value=-0.020435596439272039 0.013363763026551515 -0.0067621932744310054 0.0074551051107790379 -0.011911018336504013 0.0081977722641726029 -0.00063678519855678468 0.012307539114601179 0.0019629914725436972 0.0071906475276762409 -0.0017476306412440533 -0.0011045893611167014 0.0059820091317162464 0.014369993444215211 -0.015983192284088767 0.013674886729995764
leaf_weight=5466.4641651362181 1332.7713798582554 11030.998695313931 5267.0180140584707 15927.650676354766 2260.9068108648062 1554.4931297749281 3015.3806130737066 13664.758396416903 940.56014236807823 9258.7624321877956 1807.1959239989519 2624.5129442065954 18440.846893757582 2617.6319487541914 832.34609960019588
leaf_count=21919 6234 46161 25293 64660 10284 6473 14816 62273 4600 39720 8001 12660 96079 10487 4110
internal_value=1.42124e-05 -0.00838256 0.00910393 -0.0134652 -0.00304774 -0.0109085 0.00472191 0.00297618 0.012653 -0.00447393 0.00406538 0.00936406 0.0140216 -0.018994 0.00830401
internal_weight=96042.3 49924.1 46118.2 25566.2 24357.9 17482.1 20637.4 14997.5 25480.8 20289.8 4068.1 5639.89 19381.4 8084.1 6099.36
internal_count=433770 207705 226065 103539 104166 71133 95983 68507 130082 85881 18285 27476 100679 32406 29403
is_linear=0
shrinkage=0.0142514


Tree=30
num_leaves=16
num_cat=0
split_feature=55 55 32 32 19 39 17 70 168 32 24 32 61 168 57
split_gain=34843.4 6190.98 4171.71 1801.63 1267.22 1224.53 1005.74 812.313 572.007 508.205 465.63 396.832 243.056 204.054 76.0984
threshold=0.26566141843795782 -1.60376501083374 -0.17411742359399793 -0.43326403200626368 0.57951074838638317 -0.53035864233970631 0.12269627302885057 1.3253833651542666 0.82973304390907299 -0.39098276197910303 0.38088510930538183 -0.053792845457792275 -7.6039671897888175 0.82973304390907299 2.8757292032241826
decision_type=10 8 10 10 10 10 8 2 10 10 10 10 10 10 10
left_child=1 4 7 6 5 -1 -3 9 -5 -2 -9 13 -6 -4 -13
right_child=2 3 11 8 12 -7 -8 10 -10 -11 -12 14 -14 -15 -16
leaf_value=-0.016651964277788627 -0.0027322303307468123 -0.007597187302734021 0.010358456241442396 0.00065893278218960105 0.0028722540185814852 -0.003188044219676629 -0.00061525051972289798 0.0051942228017975512 0.011715530505039587 0.0047644627893284061 0.01069060649062582 0.011690191266724853 -0.0076960544210618494 0.01466669306511445 0.015761911680649214
leaf_weight=16892.040552720428 3849.7598118185997 17655.835913807154 8317.2208655923605 4605.0552782714367 795.92014269530773 1493.2808937579393 5494.3723720610142 13228.584984317422 1197.3901554942131 3512.0532359629869 4100.939610183239 1035.3065422922373 993.82343351840973 3053.0220734626055 9446.1627214550972
leaf_count=67870 16971 73280 41900 20247 3282 6131 23504 61517 5643 16197 20068 5414 4090 15975 50742
internal_value=-1.21903e-05 -0.0083835 0.008824 -0.00416031 -0.014444 -0.0155584 -0.00594013 0.00481015 0.00294066 0.000844179 0.00649494 0.0133594 -0.00299626 0.0115153 0.0153598
internal_weight=95670.8 49127.7 46543 28952.7 20175.1 18385.3 23150.2 24691.3 5802.45 7361.81 17329.5 21851.7 1789.74 11370.2 10481.5
internal_count=432831 204047 228784 122674 81373 74001 96784 114753 25890 33168 81585 114031 7372 57875 56156
is_linear=0
shrinkage=0.0142514


Tree=31
num_leaves=16
num_cat=0
split_feature=24 31 32 32 69 24 168 40 70 39 26 32 33 168 168
split_gain=33096.3 6735.59 3906.46 2446.86 1280.12 1224.57 795.611 772.058 614.808 423.492 420.769 359.509 170.961 161.436 57.0934
threshold=0.074074078351259245 -0.29881654679775232 -0.16414629667997357 -0.42374032735824579 1.9125789403915407 -0.42994961142539972 0.80889067053794872 0.47340951859951025 3.1743149757385258 -0.58554223179817189 0.53539782762527477 -0.053792845457792275 0.53408351540565502 0.82973304390907299 0.81936311721801769
decision_type=10 8 10 10 2 10 10 8 2 10 10 10 10 10 10
left_child=1 5 7 4 -3 9 -5 12 -9 -1 -7 13 -2 -4 -13
right_child=2 3 11 6 -6 10 -8 8 -10 -11 -12 14 -14 -15 -16
leaf_value=-0.019248130425830963 -0.0048390275054748539 -0.0073269527852537443 0.010430624495536799 0.0006841849014697309 0.0020549105564151072 -0.01222673844488599 0.011523347218566973 0.004274819004632887 0.0094133372138145103 -0.0061664045672733944 -0.002906231202932711 0.014491282201554281 0.0017139467113127958 0.014429334218816148 0.016723475858736521
leaf_weight=8283.6935113966465 1585.456080019474 20535.61886882782 7648.2027399688959 5092.933941885829 3450.0958823114634 9415.1091291159391 1884.1987532973289 14311.842268928885 7063.091387629509 535.15012457966805 1098.5711619853973 6917.347682222724 1650.1517345011234 2802.6190862953663 3513.2841512560844
leaf_count=33240 6944 85351 38801 22563 14929 37938 8899 66103 34225 2168 4552 37286 7348 14792 19035
internal_value=2.9289e-05 -0.00793777 0.00883756 -0.00381672 -0.00597747 -0.014538 0.00361141 0.00499072 0.0059728 -0.0184543 -0.0112529 0.0133714 -0.00149706 0.011503 0.0152432
internal_weight=95787.4 50295.4 45492 30962.8 23985.7 19332.5 6977.13 24610.5 21374.9 8818.84 10513.7 20881.5 3235.61 10450.8 10430.6
internal_count=434174 209640 224534 131742 100280 77898 31462 114620 100328 35408 42490 109914 14292 53593 56321
is_linear=0
shrinkage=0.0142514


Tree=32
num_leaves=16
num_cat=0
split_feature=55 24 32 32 84 82 70 32 70 32 26 19 84 168 40
split_gain=33015.4 5533.6 4195.24 2151.84 1540.59 870.131 869.604 753.345 549.679 549.075 505.18 375.957 336.827 186.913 104.054
threshold=0.19200987368822101 -0.35074578225612635 -0.19783369451761243 -0.68512877821922291 -1.0000000180025095e-35 0.28155454993247991 2.9309637546539311 -0.33020702004432673 -2.1374192237853999 -0.086663465946912752 1.0319387912750246 0.37318877875804907 1.0000000180025095e-35 0.82973304390907299 0.56099700927734386
decision_type=10 8 10 10 2 2 2 10 2 10 8 10 2 10 10
left_child=1 3 6 11 8 -6 7 -2 -3 13 -8 -1 -5 -4 -11
right_child=2 4 9 12 5 -7 10 -9 -10 14 -12 -13 -14 -15 -16
leaf_value=-0.017334686904266785 -0.00075079552200266653 -0.011526172910598972 0.0090916030522913555 -0.012429254642885397 -0.0036937638780945121 0.0036676698886125929 0.0037129284803019439 0.0055850983556748404 -0.0053498928383311911 0.0053027698719912229 0.010845697197698016 -0.008318201020946955 -0.00089229819471643799 0.013519818360811224 0.014752634158271962
leaf_weight=14113.540794879198 8229.2490976601839 6150.0943357348442 7699.7501208633184 661.24757440388203 13817.263496652246 4268.6578231304884 3430.9848907887936 7099.8584292680025 5584.1873508244753 241.07909905910492 4892.8143329918385 1006.3856373429298 2307.0449735820293 2586.7228741496801 13163.578304901719
leaf_count=56678 36539 25016 38363 2704 58273 18663 15933 33132 23487 1221 23952 4053 9625 13524 71364
internal_value=2.99368e-06 -0.00833776 0.00844317 -0.0145567 -0.0045655 -0.0019563 0.0041974 0.00218376 -0.00858701 0.0126821 0.00790569 -0.0167346 -0.00346258 0.0102052 0.0145827
internal_weight=95252.5 47908.4 47344 18088.2 29820.2 18085.9 23652.9 15329.1 11734.3 23691.1 8323.8 15119.9 2968.29 10286.5 13404.7
internal_count=432527 198499 234028 73060 125439 76936 109556 69671 48503 124472 39885 60731 12329 51887 72585
is_linear=0
shrinkage=0.0142514


Tree=33
num_leaves=16
num_cat=0
split_feature=24 24 32 32 32 69 40 70 17 163 84 32 45 102 40
split_gain=31003 6175.93 3904.04 2308.29 2082.34 1089 735.979 629.517 506.913 448.77 379.836 349.492 154.088 146.36 87.9333
threshold=0.074074078351259245 -0.32812489569187159 -0.16414629667997357 -0.68512877821922291 -0.40965826809406275 2.1873281002044682 0.45586302876472479 3.3324160575866704 -0.37176874279975886 0.020451154559850696 1.0000000180025095e-35 -0.053792845457792275 0.1891191825270653 0.43482759594917303 0.61503553390502941
decision_type=10 8 10 10 10 2 8 2 10 8 2 10 10 8 10
left_child=1 3 6 8 5 -3 12 -8 -1 -6 -5 13 -2 -4 -13
right_child=2 4 11 10 9 -7 7 -9 -10 -11 -12 14 -14 -15 -16
leaf_value=-0.017701016827536355 -0.0033385320636249269 -0.0067051514284894725 0.0017917541328688238 -0.011936663330442757 0.0072909380282206258 0.0022077136493526624 0.0040411542378550082 0.009381946668873568 -0.012187936914875141 -0.00053034076615601636 -0.00073198864059064708 0.00652575730163502 0.0072690376751781945 0.011600611269070478 0.015222451491648727
leaf_weight=11704.350439161062 2489.5741332769394 21133.410875871778 318.85316644608974 798.22368755936623 3357.4870752841234 3206.7180302888155 15274.102812081575 6344.3074262589216 4767.9036816507578 2678.7626732885838 2669.0315745919943 241.98185694217682 313.05828711390495 9981.512573197484 9982.0613554269075
leaf_count=47041 10949 87767 1600 3261 15397 13882 70826 30994 19153 11965 11152 1254 1398 51794 54806
internal_value=-3.3917e-05 -0.007718 0.00856832 -0.0138806 -0.00367273 -0.00553091 0.00471773 0.00560853 -0.0161053 0.00382004 -0.00331166 0.0131499 -0.00215352 0.011297 0.0150167
internal_weight=95261.3 50315.9 44945.5 19939.5 30376.4 24340.1 24421 21618.4 16472.3 6036.25 3467.26 20524.4 2802.63 10300.4 10224
internal_count=433239 209618 223621 80607 129011 101649 114167 101820 66194 27362 14413 109454 12347 53394 56060
is_linear=0
shrinkage=0.0142514


Tree=34
num_leaves=16
num_cat=0
split_feature=55 31 32 32 17 17 70 168 101 32 26 166 32 168 77
split_gain=31544.6 6246.57 3609.01 1792.36 1225.52 1003.54 746.343 623.168 472.285 462.436 458.937 391.806 373.8 162.983 89.4184
threshold=0.31249935925006872 -0.30807690322399134 -0.17411742359399793 -0.47657553851604456 -0.1254668906331062 -0.38888888061046595 1.3799586296081545 0.81936311721801769 -0.4859780073165893 -0.33020702004432673 0.47161573171615606 -0.23414029926061627 -0.06869706884026526 0.82973304390907299 0.033277312293648727
decision_type=10 8 10 10 8 10 2 10 10 10 8 8 10 10 10
left_child=1 5 6 4 -3 8 9 -5 -1 -2 -7 -8 13 -4 -14
right_child=2 3 12 7 -6 10 11 -9 -10 -11 -12 -13 14 -15 -16
leaf_value=-0.018640221260000572 -0.0015843704097200544 -0.0088811602028418223 0.0097831590565710148 -0.0001354932284249027 -0.0023034031963037232 -0.012362653970729519 0.014702675504988289 0.0095506300670070866 -0.0090424316085470652 0.0061262224861192514 -0.0039956081537206745 0.0059309323360705471 0.0079374163133802238 0.013968876550355353 0.014910709319152681
leaf_weight=8493.2402859479189 4721.1453206539154 12600.860135108232 7169.7551135420799 6371.1578853130341 10585.68564812839 7389.9510331600904 1107.5727175176144 1711.3482247143984 1187.0083677023649 2374.147833943367 1624.1481742709875 15613.466275185347 386.6233756095171 2566.0997800827026 11166.638174727559
leaf_count=34187 20927 51612 36540 27802 44734 29715 5333 8035 4778 11156 6674 74258 2020 13734 61716
internal_value=3.99926e-05 -0.00775993 0.00867998 -0.00386363 -0.00587814 -0.014277 0.00486861 0.00191545 -0.0174634 0.000995691 -0.0108551 0.00651201 0.0129438 0.0108865 0.0146774
internal_weight=95068.8 49963.4 45105.4 31269.1 23186.5 18694.3 23816.3 8082.51 9680.25 7095.29 9014.1 16721 21289.1 9735.85 11553.3
internal_count=433221 207537 225684 132183 96346 75354 111674 35837 38965 32083 36389 79591 114010 50274 63736
is_linear=0
shrinkage=0.0142514


Tree=35
num_leaves=16
num_cat=0
split_feature=24 31 32 32 24 69 40 168 70 101 19 32 47 168 168
split_gain=29405.2 5851.75 3951.02 2140.22 1037.35 1028.5 774.182 695.641 630.247 392.419 373.7 317.776 163.747 133.863 93.3224
threshold=0.060858061537146575 -0.30807690322399134 -0.16414629667997357 -0.42374032735824579 -0.41205312311649317 1.9380511045455935 0.45586302876472479 0.81936311721801769 3.4587764739990239 -0.45423653721809382 0.75479337573051464 -0.071617893874645219 0.24861641228199008 0.84910878539085399 0.82973304390907299
decision_type=10 8 10 10 10 2 8 10 2 10 10 10 8 10 10
left_child=1 4 6 5 9 -3 12 -5 -8 -1 -6 13 -2 -4 -13
right_child=2 3 11 7 10 -7 8 -9 -10 -11 -12 14 -14 -15 -16
leaf_value=-0.018144908156240733 -0.0097872566036138336 -0.0069538752188178484 0.0098334014478452612 0.00069062548621645539 -0.011371234294771444 0.0015377864444083502 0.0039759156875489882 0.011363905209268435 0.0094618825524347364 -0.0081993277153134276 -0.0010272188352722347 0.013593112588240629 -0.00084386359754612243 0.013991570158466443 0.016335590518281512
leaf_weight=8708.8657297939062 499.57054102420807 20925.486901506782 6500.4193740487099 4853.605459317565 8101.2579644322395 3362.398737102747 16450.037506461143 1665.8861776143312 5736.4944016039371 888.06945969164371 777.4374858289957 8093.5826695561409 2478.3769498318434 2074.8023948967457 3662.925805747509
leaf_count=35099 2152 86540 33358 21487 32584 14529 76557 7980 28239 3573 3221 44852 10947 11204 20462
internal_value=-8.18761e-06 -0.00763517 0.00825361 -0.00383217 -0.0139765 -0.00577829 0.00447858 0.00341798 0.00539437 -0.0172246 -0.0104655 0.0129259 -0.00234434 0.0108396 0.0144477
internal_weight=94779.2 49283 45496.2 30807.4 18475.6 24287.9 25164.5 6519.49 22186.5 9596.94 8878.7 20331.7 2977.95 8575.22 11756.5
internal_count=432784 205013 227771 130536 74477 101069 117895 29467 104796 38672 35805 109876 13099 44562 65314
is_linear=0
shrinkage=0.0142514


Tree=36
num_leaves=16
num_cat=0
split_feature=55 32 31 82 70 70 32 17 81 32 26 39 26 166 40
split_gain=29640.8 4684.49 4484.74 1680.64 879.279 808.847 783.874 638.076 514.641 453.964 390.287 361.661 248.35 184.731 104.353
threshold=0.097059622406959548 -0.19102558493614194 -0.35541352629661555 0.12418876215815546 3.3965977430343632 -2.5034849643707271 -0.32608391344547266 -0.37176874279975886 1.0000000180025095e-35 -0.077607072889804826 1.045346260070801 -0.6457652449607848 0.4023378193378449 -0.23414029926061627 0.57279956340789806
decision_type=8 10 8 2 2 2 10 10 2 10 8 10 8 8 10
left_child=2 4 7 5 6 -4 -2 11 -5 13 -6 -1 -9 -3 -11
right_child=1 9 3 8 10 -7 -8 12 -10 14 -12 -13 -14 -15 -16
leaf_value=-0.017793133635021247 -0.00017214187237555851 0.017174748726576049 -0.0099695239347829447 -0.0034550592538652456 0.0036698376960670959 -0.0045021778388229577 0.0054964818092487801 -0.012236002833316243 0.0037858314152537007 0.0047574953503591302 0.010785679801197059 -0.0083883667252012684 -0.0043820467372677622 0.0096954876237607974 0.014446247010156999
leaf_weight=8704.1635001003742 12063.743724808097 720.67775344848633 10830.257293462753 3717.9131973236799 2507.6121567040682 11158.093708500266 8407.5605834722519 4423.0688558965921 4298.3978967219591 230.186722189188 4167.0918445438147 918.2309093028307 1003.2896628081799 9687.190943852067 11990.661560416222
leaf_count=35128 53713 3735 44040 15688 11835 46786 39673 17732 18630 1192 20686 3692 4079 50049 67146
internal_value=3.18807e-05 0.00761231 -0.00834293 -0.00515858 0.00362056 -0.00719511 0.00215597 -0.014692 0.000427552 0.0124009 0.00811239 -0.0168957 -0.0107839 0.0102135 0.0142638
internal_weight=94828.1 49774.7 45053.4 30004.7 27146 21988.4 20471.3 15048.8 8016.31 22628.7 6674.7 9622.39 5426.36 10407.9 12220.8
internal_count=433804 248029 185775 125144 125907 90826 93386 60631 34318 122122 32521 38820 21811 53784 68338
is_linear=0
shrinkage=0.0142514


Tree=37
num_leaves=16
num_cat=0
split_feature=55 31 32 32 69 24 70 32 55 19 32 166 84 168 40
split_gain=28954.1 4791.05 4157.53 1358.63 1046.26 971.434 844.958 545.492 516.019 454.75 452.658 424.781 323.232 201.12 77.658
threshold=0.097059622406959548 -0.30807690322399134 -0.18421452492475507 -0.45716564357280726 -1.2990806102752683 -0.42592591047286982 1.3799586296081545 -0.41447637975215906 1.7487511038780215 0.6755201816558839 -0.06869706884026526 -0.23414029926061627 1.0000000180025095e-35 0.82973304390907299 0.58516404032707225
decision_type=10 8 10 10 2 10 2 10 10 10 10 8 2 10 10
left_child=1 5 6 4 -3 12 7 -2 -8 -7 13 -5 -1 -4 -12
right_child=2 3 10 11 -6 9 8 -9 -10 -11 14 -13 -14 -15 -16
leaf_value=-0.018197185779921379 -0.0031708929271513473 -0.008381821736061678 0.0090775069839395661 0.01581076550652773 -0.0021319074307805655 -0.011593420728042083 0.004100039953329737 0.0039207775341641611 0.0093881705052068411 -0.0020372754135074582 0.0061104735515569138 0.00097952146263277141 -0.010916505732926634 0.01358255191330541 0.014510092411034278
leaf_weight=7410.4160804152489 4440.8645128905773 13161.35043951869 7830.2682864964008 425.42661125957966 9273.133865237236 8693.2178402990103 11906.270185351372 4371.455193310976 5469.5642609745264 1144.5994327962399 228.27526101469994 5016.6407875716686 1487.3918171525002 2709.4733105897903 11085.31050978601
leaf_count=29983 19455 53708 40331 1891 39052 34939 55586 20179 27101 4718 1192 22212 5987 14732 62680
internal_value=7.41731e-06 -0.00799467 0.00777143 -0.0042489 -0.00579848 -0.0135679 0.00394163 0.000347017 0.00576466 -0.0104816 0.0123609 0.00213909 -0.0169802 0.0102357 0.0143406
internal_weight=94653.7 46612.2 48041.5 27876.6 22434.5 18735.6 26188.2 8812.32 17375.8 9837.82 21853.3 5442.07 8897.81 10539.7 11313.6
internal_count=433746 192490 241256 116863 92760 75627 122321 39634 82687 39657 118935 24103 35970 55063 63872
is_linear=0
shrinkage=0.0142514


Tree=38
num_leaves=16
num_cat=0
split_feature=70 32 39 81 17 76 32 163 32 32 166 168 39 156 57
split_gain=27439.3 7408.16 4021.48 1655.69 1427.44 1077.37 977.79 755.912 580.799 568.507 509.101 402.141 311.702 263.307 127.83
threshold=-1.8156611323356626 -0.26644673943519587 -0.47775930166244501 -1.0000000180025095e-35 -0.32386325299739832 0.070869937539100661 -0.0952462963759899 0.020451154559850696 -0.79263851046562184 -0.50216373801231373 -0.6019114851951598 0.81936311721801769 -0.26812791824340815 0.037410292774438865 2.6845554113388066
decision_type=2 10 10 2 10 10 10 8 10 10 8 10 10 8 10
left_child=2 3 4 9 8 -5 11 12 -1 -2 -6 -3 -4 -9 -8
right_child=1 6 7 5 10 -7 14 13 -10 -11 -12 -13 -14 -15 -16
leaf_value=-0.016796411597455617 -0.0079034075749291072 0.0072767806585200536 0.0013208690120695759 0.00092671463571511123 0.0029365580124513873 0.0075631028087063852 0.010116524266798375 -0.0010289924778267045 -0.0096388315764475672 -0.00023018079406883732 -0.0096170930804914956 0.012697946414353196 0.011064430823502943 -0.0084900600882721177 0.014420777245638335
leaf_weight=12361.890411034226 4431.4367015212774 11080.537103235722 3068.8080255836248 15587.349522069097 696.46390272676945 7293.0386218875647 1585.6384689956903 1643.0236220359802 2829.9594204723835 3517.8706898540258 11319.173986539245 3709.7449299842119 851.91699981689453 2313.2308571338654 12101.505956143141
leaf_count=49916 18643 54973 12961 68486 2854 34962 8570 7013 11419 15712 46138 19330 4009 9781 68670
internal_value=2.63353e-05 0.00593627 -0.00996387 0.00109537 -0.01256 0.00304205 0.011177 -0.00099663 -0.0154631 -0.00450774 -0.00888943 0.00863658 0.00343814 -0.00539156 0.0139222
internal_weight=94391.6 59307.1 35084.5 30829.7 27207.5 22880.4 28477.4 7876.98 15191.8 7949.31 12015.6 14790.3 3920.73 3956.25 13687.1
internal_count=433437 289346 144091 137803 110327 103448 151543 33764 61335 34355 48992 74303 16970 16794 77240
is_linear=0
shrinkage=0.0142514


Tree=39
num_leaves=16
num_cat=0
split_feature=55 24 32 32 32 19 166 55 166 168 19 32 168 168 47
split_gain=27804.6 5004.9 3418.8 1901.17 1536.43 1124.53 638.574 689.091 484.953 353.921 317.119 266.808 255.518 145.881 66.3055
threshold=0.31249935925006872 -0.36404518783092493 -0.14762087911367414 -0.68512877821922291 -0.45240956544876093 0.96074301004409801 -0.23414029926061627 1.8243174552917483 -0.22678092867135999 0.078167255967855467 0.24961807578802112 -0.053792845457792275 0.77044191956520092 0.81660932302474987 0.51459190249443065
decision_type=10 8 10 10 10 8 8 10 8 10 10 10 10 10 10
left_child=1 3 6 10 5 -3 9 -8 -6 -2 -1 13 -5 -4 -13
right_child=2 4 11 12 8 -7 7 -9 -10 -11 -12 14 -14 -15 -16
leaf_value=-0.016529091875940392 0.00075875835932331134 -0.007104749733465374 0.0098543576497476613 -0.0052921199116141822 0.015022768476440613 0.00022297050944761819 0.0027862992142766631 0.008191801063636343 0.00089086654353961309 0.01677053918882344 -0.010341194574631897 0.010536380858400621 0.004596268007065793 0.013914078081453438 0.014844929458886616
leaf_weight=12306.649666130543 356.16643083095551 21113.216442883015 6058.109894528985 1956.3266052752733 536.29850593209267 5326.651407495141 17555.157881066203 6587.1258759200573 6128.3728591799736 1317.6765233725309 1948.8671994507313 789.7001941204071 728.28576998412609 2557.1042479723692 9009.1929194778204
leaf_count=49747 1693 86676 32093 8016 2420 22679 82158 32955 27395 6411 7823 4467 3084 14255 51826
internal_value=-3.49098e-05 -0.00731103 0.00819771 -0.0136113 -0.00408704 -0.00562849 0.00485139 0.00426119 0.00202817 0.0133636 -0.0156832 0.0128891 -0.00260954 0.0110594 0.0144978
internal_weight=94274.9 50044.7 44230.2 16940.1 33104.5 26439.9 25816.1 24142.3 6664.67 1673.84 14255.5 18414.1 2684.61 8615.21 9798.89
internal_count=433698 207840 225858 68670 139170 109355 123217 115113 29815 8104 57570 102641 11100 46348 56293
is_linear=0
shrinkage=0.0142514


Tree=40
num_leaves=16
num_cat=0
split_feature=70 32 32 33 17 17 84 32 40 168 166 84 168 115 168
split_gain=25909 6913.27 3701.28 1482.42 1358.7 1197.22 1076.91 680.076 455.57 452.877 403.995 323.178 265.927 161.922 107.415
threshold=-1.8156611323356626 -0.22608689218759534 -0.67189213633537281 0.60388740897178661 -0.3022597730159759 0.20810834318399432 1.0000000180025095e-35 -0.083612013608217226 0.29777911305427557 0.77204519510269176 -0.6019114851951598 1.0000000180025095e-35 0.79648926854133617 -5.7048318386077872 0.81660932302474987
decision_type=2 10 10 8 10 10 2 10 10 10 8 2 10 10 10
left_child=2 3 4 8 11 -5 13 12 -2 -8 -6 -1 -3 -4 -9
right_child=1 7 6 5 10 -7 9 14 -10 -11 -12 -13 -14 -15 -16
leaf_value=-0.016474216899699107 -0.0086028850294954107 0.0077897307754079201 -0.0062436371212336505 0.001005618719322917 0.002749267568912354 0.0076740809720887131 -0.0021214523282162825 0.012905974883841377 -0.0012389463216666403 0.0053788442350569737 -0.009266807090983372 -0.011427551895700114 0.012335042808729471 -0.012999046112743091 0.015714067221189284
leaf_weight=11785.04569670558 2089.6683360636234 8787.7756473273039 1329.5328003764153 13474.907774373889 606.73999284207821 9202.5054611712694 5004.5311101675034 8201.8611022830009 9299.3668603301048 2428.474041596055 8961.560938179493 3299.3839156478643 3721.7626662701368 1574.0061843842268 4178.1661325991154
leaf_count=47713 8644 44702 5586 60217 2479 44152 21129 47001 40364 10715 36331 13256 19958 6536 24251
internal_value=1.062e-05 0.00577629 -0.00970437 0.00160488 -0.0127058 0.0037117 -0.00254601 0.0114857 -0.00259012 0.00032903 -0.00850484 -0.0153704 0.00914208 -0.00990593 0.0138538
internal_weight=93945.3 58956 34989.3 34066.4 24652.7 22677.4 10336.5 24889.6 11389 7433.01 9568.3 15084.4 12509.5 2903.54 12380
internal_count=433034 289289 143745 153377 99779 104369 43966 135912 49008 31844 38810 60969 64660 12122 71252
is_linear=0
shrinkage=0.0142514


Tree=41
num_leaves=16
num_cat=0
split_feature=55 31 32 82 70 71 70 168 39 32 19 166 57 166 25
split_gain=26244.6 5197.76 3051.24 1568.48 1042.92 1032.57 620.374 541.367 511.816 500.801 427.746 350.469 242.149 160.536 142.161
threshold=0.4061399400234223 -0.29357595741748804 -0.14762087911367414 0.12418876215815546 -2.3018486499786373 -2.4988999366760249 1.894005358219147 0.82973304390907299 -0.62714165449142445 -0.34262375533580774 0.94682613015174877 -0.23414029926061627 2.499055147171021 -0.23414029926061627 -0.070541728287935243
decision_type=10 8 10 2 2 2 2 10 10 10 10 8 10 8 10
left_child=1 5 6 4 -3 8 9 -5 -1 -2 -7 -8 13 -4 -14
right_child=2 3 12 7 -6 10 11 -9 -10 -11 -12 -13 14 -15 -16
leaf_value=-0.016608676309063933 -0.0014448485949699066 -0.0088959983772893356 0.017506181686046573 0.00012621345341185387 -0.0026327830354153175 -0.0097059873285357291 0.014468849058288996 0.0096325022658057292 -0.0064692181499718367 0.005615526717099445 0.0046127727957712304 0.00608391031252255 0.01177874160181379 0.0072817324137311977 0.014555191923744016
leaf_weight=9617.2967499345541 4393.0466054528952 9548.0686226189137 362.73683616518974 8303.0063729286194 12428.639427781105 8533.3158514350653 1085.4848378449678 1425.5598776489496 1130.024692595005 3810.1004406809807 445.84040057659149 15041.171524852514 6321.7797110378742 2225.2151292413473 9199.310233220458
leaf_count=39080 19518 38935 1955 35739 52966 34409 5429 6642 4550 18216 1865 73805 34797 11881 53698
internal_value=2.65192e-05 -0.00681859 0.00832212 -0.00324494 -0.00535394 -0.0125623 0.0050253 0.00151925 -0.0155426 0.00183449 -0.008995 0.00664835 0.0127514 0.00871519 0.0134244
internal_weight=93870.6 51431.8 42438.8 31705.3 21976.7 19726.5 24329.8 9728.57 10747.3 8203.15 8979.16 16126.7 18109 2587.95 15521.1
internal_count=433485 214186 219299 134282 91901 79904 116968 42381 43630 37734 36274 79234 102331 13836 88495
is_linear=0
shrinkage=0.0142514


Tree=42
num_leaves=16
num_cat=0
split_feature=55 24 32 32 32 17 70 19 32 166 166 166 32 168 77
split_gain=25267 4934.4 3097.82 2231.13 1050.48 732.74 722.802 703.134 550.215 364.176 363.899 357.077 250.454 132.193 67.6039
threshold=0.38226711750030523 -0.27282610535621638 -0.14762087911367414 -0.67189213633537281 -0.40494133532047266 -0.38888888061046595 1.853780269622803 0.99851354956626903 -0.33020702004432673 -0.22678092867135999 -0.23414029926061627 -0.23414029926061627 -0.05700531788170337 0.7982672154903413 0.034577272832393653
decision_type=10 8 10 10 10 10 2 8 10 8 8 8 10 10 10
left_child=1 3 6 5 7 -1 8 -3 -2 -6 -8 -5 13 -4 -14
right_child=2 4 12 11 9 -7 10 -9 -10 -11 -12 -13 14 -15 -16
leaf_value=-0.015889990247829226 -0.0017478368229617172 -0.0052824206672613212 0.0095026531310663659 0.011798790011584036 0.016004634480557424 -0.010295436788659075 0.014467278100104437 0.00086351062932557305 0.0057087559178541237 0.0021382232073968305 0.0059822356482133335 -0.0036140016302644387 0.007846032686259382 0.013384202447024023 0.014354374561694576
leaf_weight=11332.09257632494 4789.4030948877335 17029.792570248246 5532.0434567481279 328.71433094143867 419.41425186395645 8193.1559805572033 1100.1180710196495 4859.6311204582453 3463.1264850199223 4638.4515078365803 15352.554957389832 4274.983683899045 335.85826413333416 2629.7667569965124 9485.1501653343439
leaf_count=46022 21305 70675 29673 1376 1930 32958 5529 20812 16643 21075 75441 17750 1845 14895 55899
internal_value=6.33776e-06 -0.00675699 0.00809866 -0.0114382 -0.0025654 -0.0135424 0.00482322 -0.00391797 0.0013813 0.00328824 0.00654964 -0.00251336 0.0125985 0.0107534 0.0141319
internal_weight=93764.3 51076.2 42688 24128.9 26947.3 19525.2 24705.2 21889.4 8252.53 5057.87 16452.7 4603.7 17982.8 8161.81 9821.01
internal_count=433828 212598 221230 98106 114492 78980 118918 91487 37948 23005 80970 19126 102312 44568 57744
is_linear=0
shrinkage=0.0142514


Tree=43
num_leaves=16
num_cat=0
split_feature=24 32 32 19 166 166 19 32 70 150 33 32 165 166 40
split_gain=23902.5 4820.14 3435.86 2547.08 1102.06 1342.28 766.593 729.515 635.958 529.611 376.874 372.309 203.889 148.122 84.5623
threshold=0.069767497479915633 -0.61431694030761708 -0.17411742359399793 0.48965533077716833 -0.23414029926061627 0.075707260519266142 1.199099659919739 -0.81667003035545338 3.1743149757385258 0.069738674908876433 0.73468038439750682 -0.080669771879911409 -0.064169354736804948 -0.20439378172159192 0.58516404032707225
decision_type=10 8 10 10 8 10 10 10 2 8 8 10 10 8 10
left_child=1 3 8 7 12 -6 -5 -1 9 -2 -10 13 -3 -4 -13
right_child=2 4 11 6 5 -7 -8 -9 10 -11 -12 14 -14 -15 -16
leaf_value=-0.014382757122313362 0.0050089833933380816 0.0031066903675464777 0.016334213304633041 -0.0052777585010462275 -0.0066159529611715777 0.0012768828476362325 0.007605798455931575 -0.0085835103553161766 0.0025139413636030687 -0.00015410250803064098 0.0096057560355821761 0.0057948493985767822 0.017117584699595664 0.0091628427500727704 0.013855138128012751
leaf_weight=16065.206557124853 8084.8253964483738 294.32294775545597 634.05826862156391 7648.9140110313892 7387.6913357675076 10735.304287299514 1069.0753445923328 6070.7959458976984 2163.7183012366295 8055.6290318965912 5131.552606806159 270.67300695180893 744.89954018592834 7565.1448290944099 11541.609736710787
leaf_count=65157 37922 1280 3437 31431 31446 46712 4609 24457 10251 36821 26120 1453 3331 40559 68173
internal_value=-1.89117e-05 -0.00673606 0.00771384 -0.0102226 -0.00112214 -0.00194058 -0.00369782 -0.0127923 0.00401046 0.00243212 0.00750242 0.0120509 0.0131499 0.00971753 0.0136705
internal_weight=93463.4 50016.2 43447.2 30854 19162.2 18123 8717.99 22136 23435.7 16140.5 7295.27 20011.5 1039.22 8199.2 11812.3
internal_count=433159 208423 224736 125654 82769 78158 36040 89614 111114 74743 36371 113622 4611 43996 69626
is_linear=0
shrinkage=0.0142514


Tree=44
num_leaves=16
num_cat=0
split_feature=70 32 39 70 76 81 25 84 33 84 166 168 168 40 45
split_gain=23214.8 6198.06 3553.79 1550.68 1486.43 957.733 830.852 750.217 726.133 582.875 566.01 510.149 328.033 224.239 175.422
threshold=-1.6117344498634336 -0.24764074385166165 -0.47249993681907648 -3.2139052152633663 0.040750829502940185 1.0000000180025095e-35 -0.14554128050804135 1.0000000180025095e-35 0.70120805501937877 1.0000000180025095e-35 -0.6019114851951598 0.77204519510269176 0.81936311721801769 0.51436480879783641 0.29174521565437322
decision_type=2 10 10 2 8 2 10 2 8 2 8 10 10 10 10
left_child=2 4 3 9 5 -2 12 14 -6 -1 -5 -9 -3 -8 -4
right_child=1 6 7 10 8 -7 13 11 -10 -11 -12 -13 -14 -15 -16
leaf_value=-0.01542279582083436 -0.0044826184196947866 0.0063505051696485749 -0.011311147167133216 0.0064144491122881866 0.00047501055581637745 0.0020574531744994816 0.0013070875979883034 -0.0013696045895969927 0.0076483401559190962 -0.0093278326690035985 -0.0078471319010317234 0.0069086039921692427 0.012047712112716791 0.013271121161815256 -0.00016026890183244992
leaf_weight=12853.481853276491 8989.5165748149157 7888.7773401886225 1369.7327620387077 597.04500712454319 4370.0941698998213 9203.9158101677895 325.11129042506218 4276.5092956870794 8327.9178869724274 4237.8066715300083 10585.187387019396 2338.8104940056801 2774.7013161033392 14955.366818115115 362.33529153466225
leaf_count=52309 38478 39923 5748 2463 19748 40662 1682 18184 40465 17090 43201 10456 14917 87198 1554
internal_value=4.90778e-05 0.00575062 -0.00879966 -0.0112119 0.00143764 -0.00117405 0.0108861 -0.00062904 0.00517961 -0.0139116 -0.00708564 0.00155715 0.00783301 0.0130166 -0.00897855
internal_weight=93456.3 56835.4 36620.9 28273.5 30891.4 18193.4 25944 8347.39 12698 17091.3 11182.2 6615.32 10663.5 15280.5 1732.07
internal_count=434078 283073 151005 115063 139353 79140 143720 35942 60213 69399 45664 28640 54840 88880 7302
is_linear=0
shrinkage=0.0142514


Tree=45
num_leaves=16
num_cat=0
split_feature=55 55 32 40 101 81 166 166 55 166 168 32 26 168 40
split_gain=23381.6 4564.35 2854.33 1320.83 1104.91 748.628 687.35 568.825 598.455 430.688 315.486 255.912 148.998 134.272 81.7413
threshold=0.4061399400234223 -1.2126554846763609 -0.14762087911367414 0.14016044139862063 -0.23332761973142621 1.0000000180025095e-35 -0.23414029926061627 -0.23414029926061627 1.6739769577980044 0.073279991745948805 0.078167255967855467 -0.053792845457792275 0.073981098830699935 0.84910878539085399 0.61503553390502941
decision_type=10 8 10 8 10 2 8 8 10 10 10 10 10 10 10
left_child=1 3 7 12 6 -5 -3 10 -9 -6 -2 13 -1 -4 -13
right_child=2 4 11 5 9 -7 -8 8 -10 -11 -12 14 -14 -15 -16
leaf_value=-0.017404870605778857 0.00056794335786862851 0.0043274006651148464 0.0094224959967573862 -0.010048396954466554 -0.003808602428010044 -0.0025347363464621577 -0.0043818447708652199 0.0025251148493119976 0.0074374454805827533 0.0068213277640997941 0.016478290338857258 0.0055532214634403856 -0.013453273796699632 0.013614134977699281 0.014128476235291919
leaf_weight=4342.3995607942343 320.0040574669838 2026.0645841211081 6200.1012123376131 13773.990422710776 1012.9920853227377 3347.9539407789707 20089.943629309535 14975.456541150808 7589.9238348454237 3282.690968900919 1211.208641782403 231.6179041415453 3502.9513732790947 2071.06886485219 9097.5961602479219
leaf_count=17948 1548 8715 33982 55625 4477 13716 84637 70627 38542 14819 6065 1278 14220 12065 54901
internal_value=5.55638e-06 -0.00642926 0.00793453 -0.0107981 -0.00229932 -0.00857922 -0.00358397 0.00474781 0.0041774 0.0043146 0.0131534 0.0122974 -0.0156406 0.0104722 0.0139156
internal_weight=93076 51379 41697 24967.3 26411.7 17121.9 22116 24096.6 22565.4 4295.68 1531.21 17600.4 7845.35 8271.17 9329.21
internal_count=433165 214157 219008 101509 112648 69341 93352 116782 109169 19296 7613 102226 32168 46047 56179
is_linear=0
shrinkage=0.0142514


Tree=46
num_leaves=16
num_cat=0
split_feature=55 31 32 32 24 76 55 168 168 19 57 84 166 25 24
split_gain=22841.1 4110.74 3124.2 1285.68 899.252 804.461 600.661 571.902 490.575 343.838 340.959 326.188 201.233 186.686 167.75
threshold=0.26566141843795782 -0.29881654679775232 -0.16414629667997357 -0.42374032735824579 -0.41205312311649317 0.0086844828911125677 1.7741689682006838 0.82973304390907299 0.83910891413688671 0.95361098647117626 2.499055147171021 1.0000000180025095e-35 -0.23414029926061627 -0.076559029519557939 0.39473688602447515
decision_type=10 8 10 10 10 8 10 10 10 10 10 2 8 10 10
left_child=1 4 6 5 11 -3 7 -2 -5 -6 12 -1 -4 -12 -8
right_child=2 3 10 8 9 -7 14 -9 -10 -11 13 -13 -14 -15 -16
leaf_value=-0.016114409247109072 0.001859196564057279 -0.0060398415814276098 0.016886362297151031 0.00079179172953148353 -0.0093022604674285834 0.00042267796442819994 0.0059386859894391677 0.009192429246190929 0.011555981362707161 0.0042708962427730479 0.010878199846621167 -0.009148382285960089 0.0061369669948220709 0.014021171729608962 0.010596612505571224
leaf_weight=7895.1352629363537 15887.788924694061 19607.017540350556 406.96730530261993 4341.263276681304 9315.7026081234217 4887.3341375738382 3697.2032650411129 2499.7777568697929 1072.2786793708801 395.10817310214043 6594.3177265673876 1651.0338202267885 2701.986075848341 9189.6994453072548 2730.2040636539459
leaf_count=32527 74252 80482 2257 19194 37514 20899 18410 12131 5218 1650 37054 6684 14685 55761 14308
internal_value=-4.10634e-06 -0.00666796 0.00749172 -0.00336126 -0.0118035 -0.00475038 0.0041671 0.00285617 0.00292399 -0.00874998 0.0118584 -0.0149097 0.00754437 0.0127081 0.00791734
internal_weight=92872.8 49164.9 43707.9 29907.9 19257 24494.4 24815 18387.6 5413.54 9710.81 18893 9546.17 3108.95 15784 6427.41
internal_count=433026 204168 228858 125793 78375 101381 119101 86383 24412 39164 109757 39211 16942 92815 32718
is_linear=0
shrinkage=0.0142514


Tree=47
num_leaves=16
num_cat=0
split_feature=55 31 32 82 17 25 70 101 166 166 168 168 57 166 25
split_gain=22460.6 4090.1 3122.11 1265.67 852.234 820.135 644.517 515.198 397.252 374.032 367.473 339.962 328.699 203.846 196.005
threshold=0.26566141843795782 -0.29881654679775232 -0.16414629667997357 0.28155454993247991 -0.35523119568824763 -0.9197096824645995 1.3253833651542666 -0.47566045820713038 -0.23414029926061627 -0.6019114851951598 0.80889067053794872 0.85992211103439342 2.499055147171021 -0.23414029926061627 -0.10486797615885733
decision_type=10 8 10 2 10 8 2 10 8 8 10 10 10 8 10
left_child=1 4 6 5 7 -3 10 -1 -8 -6 -2 -5 13 -4 -14
right_child=2 3 12 11 9 -7 8 -9 -10 -11 -12 -13 14 -15 -16
leaf_value=-0.015499411426593446 -0.00095962033238949408 -0.009309645221476065 0.016962904184095975 0.001237844032397586 0.0030016611722813564 -0.0032359147856479207 0.013705996985930823 -0.0058993734921354837 0.0050609016872381288 -0.0091083623693982221 0.0070771465276570269 0.011404437430745701 0.010399544341726767 0.0061762623155003429 0.01379314631930678
leaf_weight=9560.0976589769125 5931.0748852193356 6046.0972386598587 410.03941032290459 5289.7069154679775 554.78739696741104 17834.594979673624 1156.3832958191633 1288.5155125707388 16242.573379263282 7808.3313676267862 1435.0672657191753 764.53614182770252 5142.9838284403086 2690.753193706274 10549.960545122623
leaf_count=39353 26814 24467 2295 22807 2257 74964 5852 5190 79612 31486 6793 3642 28624 14672 64334
internal_value=1.21924e-05 -0.00659181 0.00746338 -0.00329819 -0.0117238 -0.00477368 0.00413959 -0.0143592 0.00563552 -0.008305 0.000606141 0.00252179 0.0118432 0.00760295 0.012681
internal_weight=92705.5 49146.7 43558.8 29934.9 19211.7 23880.7 24765.1 10848.6 17399 8363.12 7366.14 6054.24 18793.7 3100.79 15692.9
internal_count=433162 204166 228996 125880 78286 99431 119071 44543 85464 33743 33607 26449 109925 16967 92958
is_linear=0
shrinkage=0.0142514


Tree=48
num_leaves=16
num_cat=0
split_feature=55 70 32 39 81 55 123 166 24 32 86 57 24 166 25
split_gain=21714.7 4484.95 2777.09 2542.77 1174.12 588.417 540.904 517.477 501.281 476.006 384.104 241.891 190.39 169.846 116.885
threshold=0.4061399400234223 -2.8737150430679317 -0.14139559864997861 -0.47249993681907648 -1.0000000180025095e-35 1.8243174552917483 13.637600421905519 -0.23414029926061627 -0.45750553905963892 -0.53959423303604115 3.7256208658218388 2.8757292032241826 0.39212560653686529 -0.20439378172159192 -0.076559029519557939
decision_type=10 2 10 10 2 10 8 8 10 10 2 10 10 8 10
left_child=1 3 5 8 9 7 -6 -2 -1 -3 -5 13 -7 -4 -13
right_child=2 4 11 10 6 12 -8 -9 -10 -11 -12 14 -14 -15 -16
leaf_value=-0.015421244373924392 0.012100328592173727 -0.0078559553308244975 0.016660881851916633 -0.0091354603247956537 0.0040036228292390551 0.0061321647364650112 -0.0015902364221185657 0.0025379857995785253 -0.010856833890127477 -0.0014843912820958797 0.0019102076371210514 0.011227580899417411 0.010910271393012731 0.0075129714801038206 0.014012189933713554
leaf_weight=8385.7299475967884 1236.6629965752363 7573.6672150790691 478.40362098813057 799.7085870206356 5116.2796598523855 4105.0992732793093 11188.440742865205 16284.433780133724 11714.736899659038 3473.7093341350555 3189.0554273277521 4785.5759018808603 2883.85357812047 2980.2053545564413 8508.2373491823673
leaf_count=34521 6145 30922 2731 3286 22375 20850 47628 77593 47350 15084 13400 27489 15266 16721 52629
internal_value=-3.70804e-05 -0.00621451 0.00766423 -0.0106985 -0.00226541 0.00460758 0.000165076 0.00321295 -0.0127611 -0.00585252 -0.000304443 0.0121363 0.00810383 0.00877859 0.0130098
internal_weight=92703.8 51441.3 41262.5 24089.2 27352.1 24510 16304.7 17521.1 20100.5 11047.4 3988.76 16752.4 6988.95 3458.61 13293.8
internal_count=433990 214566 219424 98557 116009 119854 70003 83738 81871 46006 16686 99570 36116 19452 80118
is_linear=0
shrinkage=0.0142514


Tree=49
num_leaves=16
num_cat=0
split_feature=55 31 32 32 24 69 168 70 168 19 39 166 32 168 77
split_gain=21510.6 4247.33 2675.28 1424.31 950.188 871.852 578.762 553.651 426.872 372.259 349.343 336.506 243.172 141.835 72.2368
threshold=0.4061399400234223 -0.29881654679775232 -0.14762087911367414 -0.44765961170196528 -0.42994961142539972 2.0086245536804204 0.82973304390907299 1.894005358219147 0.80889067053794872 0.6755201816558839 -0.59173512458801258 -0.23414029926061627 -0.048035157844424241 0.82973304390907299 0.035170577466487891
decision_type=10 8 10 10 10 2 10 2 10 10 10 8 10 10 10
left_child=1 4 7 5 10 -3 -5 8 -2 -6 -1 -9 13 -4 -14
right_child=2 3 12 6 9 -7 -8 11 -10 -11 -12 -13 14 -15 -16
leaf_value=-0.015774222056047237 -9.9273723259596429e-05 -0.0057270125461880237 0.0091967710119770351 0.00049807926489112218 -0.0096285040593810135 0.001992144829269397 0.01044758902153266 0.014107228997016028 0.0078764129721628946 -0.0016246430319180453 -0.0040646944704741412 0.0056375214844832256 0.0065238481555380751 0.013312270100721836 0.01394504244742565
leaf_weight=7911.349805817008 6383.7409472614527 21024.213272318244 6272.5964161008596 6138.2900265306234 9353.7297776639462 3460.9979476332664 1472.195159509778 1018.5425107777119 1732.8742389082909 1350.6716899573803 553.74483911693096 14741.90708874166 275.40732102096081 2334.1844068616629 8279.1887860298157
leaf_count=32848 29276 86366 35241 27145 37702 14949 7160 5302 8370 5531 2228 73739 1577 13975 51652
internal_value=2.30747e-05 -0.00613237 0.00771244 -0.00296215 -0.0114403 -0.0046359 0.00242281 0.00462758 0.00160356 -0.0086186 -0.0150083 0.00618494 0.0120045 0.010313 0.0137062
internal_weight=92303.6 51265.2 41038.4 32095.7 19169.5 24485.2 7610.49 23877.1 8116.62 10704.4 8465.09 15760.4 17161.4 8606.78 8554.6
internal_count=433061 213929 219132 135620 78309 101315 34305 116687 37646 43233 35076 79041 102445 49216 53229
is_linear=0
shrinkage=0.0142514


Tree=50
num_leaves=16
num_cat=0
split_feature=24 70 39 31 32 82 163 57 24 168 163 166 32 168 77
split_gain=20255.5 4515.04 2577 2508.16 1337.29 645.811 590.03 526.644 501.215 484.702 438.073 300.897 266.109 100.264 80.9295
threshold=0.10882408544421197 -2.837848305702209 -0.51938778162002552 0.37368406355381018 -0.35966144502162928 -1.0000000180025095e-35 -0.0024142875336110588 0.9125916361808778 -0.43913054466247553 0.80889067053794872 0.015666389837861065 -0.23414029926061627 -0.050873389467597001 0.89906808733940136 0.033909233286976821
decision_type=10 2 10 10 10 2 8 8 10 10 8 8 10 10 10
left_child=1 2 8 7 5 -3 -4 11 -1 -6 -9 -2 13 -5 -14
right_child=3 4 6 12 9 -7 -8 10 -10 -11 -12 -13 14 -15 -16
leaf_value=-0.015089355750888976 0.008203074872002324 -0.0062554069078948511 0.0034049776560053898 0.0094585773584362574 0.0021105330086681087 -0.0013763272805991224 -0.0060693770955088924 0.0091463541712944463 -0.010469590885598219 0.012114589477796138 0.0041660982259571211 0.00010264354604075534 0.0057076800510209302 0.014296442162704577 0.013783075542312307
leaf_weight=9183.3409753739834 1102.7489366531372 9033.7974339127541 2580.4693100601435 7605.8622736632824 3431.8666208535433 14125.318179816008 2765.9882330745459 5796.5509485304356 9926.4643851667643 1378.819287404418 9412.2104311436415 5990.9465029090643 259.88049979507923 982.71853019297123 8493.8762094527483
leaf_count=37995 5285 37196 10869 42695 15724 59904 11365 29733 40115 6867 46781 27499 1487 5942 53417
internal_value=4.27454e-05 -0.00577009 -0.0102427 0.00772961 -0.00185928 -0.00327955 -0.00149659 0.00456862 -0.0126897 0.00497797 0.00606426 0.00136195 0.0117947 0.0100122 0.0135434
internal_weight=92070.9 52426.1 24456.3 39644.8 27969.8 23159.1 5346.46 22302.5 19109.8 4810.69 15208.8 7093.7 17342.3 8588.58 8753.76
internal_count=432874 220035 100344 212839 119691 97100 22234 109298 78110 22591 76514 32784 103541 48637 54904
is_linear=0
shrinkage=0.0142514


Tree=51
num_leaves=16
num_cat=0
split_feature=55 70 31 101 81 166 101 24 84 85 166 168 25 57 168
split_gain=20147.4 4026.95 2640.18 2361.4 997.996 707.414 758.502 629.796 525.703 387.086 375.622 356.653 246.989 99.9997 64.0939
threshold=0.31249935925006872 -2.837848305702209 0.38205124437808996 -0.38426084816455836 -1.0000000180025095e-35 -0.23414029926061627 -0.20662153512239453 -0.45312495529651636 1.0000000180025095e-35 0.38835282623767858 0.053719414398074157 0.078167255967855467 -0.10486797615885733 2.7582685947418217 0.80889067053794872
decision_type=10 2 10 10 2 8 10 10 2 2 10 10 10 10 8
left_child=1 3 5 7 9 11 -7 -1 -6 -3 -5 -2 14 -14 -4
right_child=2 4 12 10 8 6 -8 -9 -10 -11 -12 -13 13 -15 -16
leaf_value=-0.015438937668936803 0.00039813244976373872 -0.0071968212141238445 0.0082335237514555796 -0.0095023044002329072 -0.0017988391675543788 0.0019044313219798257 0.0071793406415707117 -0.010259864818480832 0.0037275614408492966 -0.000931453726963929 0.0011538348363755709 0.016261144913444277 0.009156721644687409 0.01350988923500122 0.011443750653042152
leaf_weight=8005.2989111691713 360.04592932760715 7634.319478943944 3677.6399245411158 826.07828888297081 9738.5958237200975 15338.80821634829 8663.8830002695322 11797.488322585821 5453.7957132905722 2715.0473848134279 3597.2683252394199 1435.9455529898405 1207.017710313201 9603.8081365823746 1925.0991110950708
leaf_count=33256 1765 31423 20254 3391 40838 73858 43793 47825 24122 11534 14928 7462 7118 60672 11056
internal_value=5.46122e-05 -0.00608817 0.0072969 -0.0102507 -0.00214006 0.004454 0.00380845 -0.0123536 0.000185046 -0.00555318 -0.000836343 0.0130812 0.0117653 0.0130239 0.00933666
internal_weight=91980.1 49767.9 42212.2 24226.1 25541.8 25798.7 24002.7 19802.8 15192.4 10349.4 4423.35 1795.99 16413.6 10810.8 5602.74
internal_count=433295 207317 225978 99400 107917 126878 117651 81081 64960 42957 18319 9227 99100 67790 31310
is_linear=0
shrinkage=0.0142514


Tree=52
num_leaves=16
num_cat=0
split_feature=55 24 55 39 101 19 168 166 25 70 168 166 39 40 69
split_gain=19998.7 4267.58 2150.75 1733.18 1088.5 703.042 662.802 592.292 581.478 440.245 377.13 320.243 288.683 189.973 116.767
threshold=0.47597683966159826 -0.30952380597591395 1.8243174552917483 -0.53586363792419422 -0.23332761973142621 1.199099659919739 0.81936311721801769 -0.23414029926061627 -0.16856448352336881 -3.6318767070770259 0.77044191956520092 0.073279991745948805 -0.24578531831502912 0.60878115892410289 0.61887708306312572
decision_type=10 8 10 10 10 10 10 8 10 2 10 10 10 10 2
left_child=1 3 6 9 5 -3 7 -2 14 -1 -5 -6 -8 -10 -4
right_child=2 4 8 10 11 -7 12 -9 13 -11 -12 -13 -14 -15 -16
leaf_value=-0.014439270247357111 0.012517590076061458 -0.0040318644889609243 0.0011320785737018715 -0.0046921706685570186 -0.002673044575831807 0.0064566585390864453 0.0036983801853922348 0.0021801881181091106 0.0050944932384333055 -0.0098297207926012868 0.0054443641081942567 0.0063699321326489916 0.012729139381418493 0.012729313391948615 0.007718439193850804
leaf_weight=10430.629585072398 1220.6414734721184 25604.683867082 612.3420645147562 2520.1759571582079 1048.4209808558226 1367.2465375363827 1038.9876470863819 14468.743930801749 694.8152052462101 7055.2750451266766 1058.5387744307518 3295.0681986361742 2334.2917854189873 14029.837608411908 5101.2875635772943
leaf_count=43192 6278 107120 3051 10258 4663 5940 5027 70320 3740 28628 4497 15033 12720 86140 26967
internal_value=3.65347e-06 -0.00577023 0.00766008 -0.0107301 -0.00243393 -0.00350017 0.00421671 0.00298449 0.0108717 -0.0125794 -0.00169387 0.00418715 0.00994773 0.0123691 0.00701258
internal_weight=91881 52380 39500.9 21064.6 31315.4 26971.9 19062.7 15689.4 20438.3 17485.9 3578.71 4343.49 3373.28 14724.7 5713.63
internal_count=433574 219331 214243 86575 132756 113060 94345 76598 119898 71820 14755 19696 17747 89880 30018
is_linear=0
shrinkage=0.0142514


Tree=53
num_leaves=16
num_cat=0
split_feature=55 24 32 39 84 82 25 70 168 70 40 57 25 70 40
split_gain=19258 3933.79 2464.1 1761.02 1099.81 647.55 529.77 491.274 423.404 374.846 358.821 217.855 131.267 126.673 91.7839
threshold=0.4284618496894837 -0.30499126017093653 -0.13823728263378141 -0.54703575372695912 -1.0000000180025095e-35 0.33239473402500158 -0.4182139635086059 -3.4958943128585811 0.77044191956520092 -1.9125370383262632 0.4501283466815949 2.7206985950469975 -0.067539259791374193 -1.3864893317222593 0.5317772924900056
decision_type=10 8 10 10 2 2 8 2 10 2 8 10 10 2 10
left_child=1 3 6 7 9 -6 13 -1 -5 -3 -8 14 -13 -2 -4
right_child=2 4 11 8 5 -7 10 -9 -10 -11 -12 12 -14 -15 -16
leaf_value=-0.014108642012476327 -0.0040287803481308324 -0.0086454048432824688 0.00044249189654319866 -0.0048182709814125367 -0.0018867496497592883 0.0041853345626548452 -0.0016815831402828547 -0.0090520771806116458 0.0054834147052521126 -0.003386205561897223 0.006082054465427247 0.01078217381913894 0.013704128615364184 0.0015194416854233778 0.0090243764715057084
leaf_weight=11495.029428809881 1100.8809185177088 5549.0209930092096 281.77042119204998 2826.0271551758051 14418.733674734831 4739.5947985351086 1294.4304701834917 5908.8235184550285 1136.0024142861366 5461.9419822841883 18338.319817125797 5159.9332022964954 7915.8006176352501 3470.1367562562227 2489.4049147963524
leaf_count=47649 4932 22486 1530 11490 60915 21228 5948 23942 4820 23002 92959 30749 50978 16085 14338
internal_value=1.06791e-07 -0.00576096 0.00741315 -0.0104398 -0.00244742 -0.000384564 0.00455281 -0.0123919 -0.00186451 -0.00603663 0.00557018 0.0117818 0.0125511 0.000183177 0.00815181
internal_weight=91585.9 51535.2 40050.7 21365.9 30169.3 19158.3 24203.8 17403.9 3962.03 11011 19632.8 15846.9 13075.7 4571.02 2771.18
internal_count=433051 215532 217519 87901 127631 82143 119924 71591 16310 45488 98907 97595 81727 21017 15868
is_linear=0
shrinkage=0.0142514


Tree=54
num_leaves=16
num_cat=0
split_feature=32 70 101 25 26 69 24 168 166 166 57 166 166 68 32
split_gain=18522.9 5462.17 1920.69 1877.37 1662.97 1163.47 957.904 920.009 753.765 499.415 412.906 350.854 263.461 217.397 175.371
threshold=-0.38169403374195093 -2.1374192237853999 -0.40819634497165674 -0.19609340280294416 0.85911116003990184 1.7268401980400088 -0.42994961142539972 0.81936311721801769 -0.23414029926061627 0.055031524971127517 1.8209557533264162 -0.23414029926061627 -0.20439378172159192 19.632361412048343 -0.053792845457792275
decision_type=10 2 10 10 8 2 10 10 8 10 10 8 8 8 10
left_child=1 2 6 7 11 -6 -1 8 -2 -4 12 -3 -5 -9 -12
right_child=3 4 9 10 5 -7 -8 13 -10 -11 14 -13 -14 -15 -16
leaf_value=-0.014576168907030713 0.015696639375006628 0.0039763929719855507 -0.010164985899165492 0.016289129997111969 -0.0020371657286364065 0.0075664004426918173 -0.0087616520705712519 0.013082891133717125 0.0018704385878433626 -0.00011862531591723993 0.010404714466308401 -0.0040594190026455122 0.0031570006190561688 0.0056792846873699549 0.013351441834517645
leaf_weight=9344.4929333925247 857.40055276453495 1202.3912672698498 1258.0475837737322 373.24668510258198 4107.7115014344454 6809.4785358458757 14980.143569722772 2595.7999228537083 12129.606115177274 4995.2474534511566 7911.2429046332836 13415.722567841411 1838.3566261380911 1168.1816011220217 8523.2425200045109
leaf_count=39089 4266 5150 5157 2051 17881 33147 60732 13464 58483 20633 45964 56754 9532 6041 55277
internal_value=-2.86598e-05 -0.00512113 -0.00918439 0.00804418 -0.000255465 0.00395296 -0.0109954 0.00458139 0.00278331 -0.00213984 0.011155 -0.00339843 0.00537365 0.0107852 0.011933
internal_weight=91510.3 56113.2 30577.9 35397.1 25535.3 10917.2 24324.6 16751 12987 6253.3 18646.1 14618.1 2211.6 3763.98 16434.5
internal_count=433621 238543 125611 195078 112932 51028 99821 82254 62749 25790 112824 61904 11583 19505 101241
is_linear=0
shrinkage=0.0142514


Tree=55
num_leaves=16
num_cat=0
split_feature=55 31 32 82 24 70 168 25 40 19 101 57 166 25 82
split_gain=17941.8 4019.8 2202.03 1279.38 824.642 806.18 518.861 511.663 332.613 315.741 298.808 205.755 153.574 133.523 129.302
threshold=0.54552629590034496 -0.30334739387035364 -0.14762087911367414 0.1623150780797005 -0.43913054466247553 -2.3018486499786373 0.84910878539085399 -0.4182139635086059 0.51436480879783641 0.57951074838638317 -0.4859780073165893 2.5331754684448247 -0.23414029926061627 -0.10486797615885733 0.51320350170135509
decision_type=10 8 10 2 10 2 10 8 8 8 10 10 8 10 2
left_child=1 4 7 5 10 -3 -5 14 -9 -6 -1 12 -4 -13 -2
right_child=2 3 11 6 9 -7 -8 8 -10 -11 -12 13 -14 -15 -16
leaf_value=-0.015190326009322092 -0.0020659172525494835 -0.0072267143470220183 0.01670607777669381 0.00055016037451687948 -0.0093079781610762077 -0.001991946330314175 0.010075325585228057 -8.1879794589075804e-05 0.006224711499944015 -0.0032012069035811824 -0.0065836130934687513 0.0099585946035196313 0.0062599407052629725 0.013017491745344367 0.0033814340172103959
leaf_weight=6903.682317212224 2534.2981926500797 10366.985078692436 329.81271784007549 8860.1174036711454 8674.6596515923738 14104.903591960669 1336.6945802420378 1904.0173298716545 15736.137643575668 2144.8449951261282 929.7493981719017 4113.6327447593212 2143.1847006678581 9820.2908622175455 1359.8437700718641
leaf_count=29273 11588 42153 1953 38546 35161 60066 6444 8926 80306 8704 3775 24044 12175 63858 6404
internal_value=1.7698e-05 -0.00531257 0.00750872 -0.00244235 -0.0106472 -0.00420955 0.00179886 0.00451186 0.005544 -0.0080974 -0.0141689 0.0114421 0.00765346 0.0121145 -0.000163667
internal_weight=91262.9 53321.6 37941.2 34668.7 18652.9 24471.9 10196.8 21534.3 17640.2 10819.5 7833.43 16406.9 2473 13933.9 3894.14
internal_count=433376 224122 209254 147209 76913 102219 44990 107224 89232 43865 33048 102030 14128 87902 17992
is_linear=0
shrinkage=0.0142514


Tree=56
num_leaves=16
num_cat=0
split_feature=55 31 32 32 69 71 168 166 101 70 166 168 32 168 47
split_gain=17783.6 3948.15 2161.36 1277.5 865.353 834.88 519.818 448.194 421.886 420.455 376.138 246.283 227.383 134.732 72.0773
threshold=0.56896477937698375 -0.29357595741748804 -0.14762087911367414 -0.40044674277305597 1.9850336909294131 -2.4988999366760249 0.83369794487953197 -0.23414029926061627 -0.4442197978496551 1.853780269622803 -0.62398517131805409 0.078167255967855467 -0.053792845457792275 0.84910878539085399 0.49405682086944586
decision_type=10 8 10 10 2 2 10 8 10 2 8 10 10 10 10
left_child=1 5 7 4 -3 8 -5 11 -1 -9 -7 -2 13 -4 -14
right_child=2 3 12 6 -6 10 -8 9 -10 -11 -12 -13 14 -15 -16
leaf_value=-0.014102740519523729 0.0001175241599702433 -0.0047863779770126787 0.0085956537398654918 0.0012083728335300738 0.0022995852300300599 0.0059566755845426034 0.011052459353379332 0.00092349201622292062 -0.0045974529248450843 0.005402525500055628 -0.0078639876084128334 0.015873496768135008 0.0085392981247799041 0.012954066687389911 0.013428643503851409
leaf_weight=9368.7080342918634 251.39395777881145 23279.120232522488 5825.8090403228998 5410.5467020571232 4119.8034692257643 419.35549813508987 1364.1145689636469 6194.6985847651958 1055.2740214914083 13605.934395357966 8626.0531039386988 1015.0716521590948 664.5216987580061 1914.2290718406439 7862.9214876890182
leaf_count=39414 1266 96078 33788 24527 17912 1708 6865 29083 4263 69508 34967 5389 4250 11979 51842
internal_value=-1.25089e-05 -0.00526905 0.00754018 -0.00235074 -0.0037209 -0.0103914 0.00319061 0.00452699 -0.0131405 0.00400125 -0.00722321 0.0127461 0.0114424 0.00967365 0.0130477
internal_weight=90977.6 53643 37334.6 34173.6 27398.9 19469.4 6774.66 21067.1 10424 19800.6 9045.41 1266.47 16267.5 7740.04 8527.44
internal_count=432839 225734 207105 145382 113990 80352 31392 105246 43677 98591 36675 6655 101859 45767 56092
is_linear=0
shrinkage=0.0142514


Tree=57
num_leaves=16
num_cat=0
split_feature=55 40 32 82 70 70 150 26 32 168 26 101 45 168 57
split_gain=17032.5 3090.82 2867.62 1369.79 1075.07 584.349 592.127 566.285 431.296 401.168 380.751 299.623 162.265 162.171 114.768
threshold=0.17016561329364779 0.26512351632118231 -0.18768049776554105 0.027386501431465152 -2.909055113792419 3.127945184707642 -0.019732755608856675 0.20725169032812121 -0.083612013608217226 0.83910891413688671 1.0835576057434084 -0.45423653721809382 0.09836305677890779 0.84910878539085399 2.8353044986724858
decision_type=10 8 10 2 2 2 8 10 10 10 8 10 10 10 10
left_child=1 7 5 4 -3 6 -2 11 13 -5 -7 -1 -9 -4 -10
right_child=2 3 8 9 -6 10 -8 12 14 -11 -12 -13 -14 -15 -16
leaf_value=-0.014446026103727855 0.0048477608530179926 -0.0088700416613193018 0.0071044704322262703 -0.00022645728361098412 -0.0026428640014863904 0.0030395040944626375 -0.00057615477924573906 -0.0086747570998733127 0.0086114900786649351 0.0083257923460402106 0.0096321613790957758 -0.001777497075977315 0.0014897542234615891 0.011781628829655975 0.012982551761896008
leaf_weight=7847.7507600486279 7065.1154052913189 10201.764001235366 6714.7742022573948 9047.9962834715843 12567.29646846652 3318.506065428257 9701.0219468474388 5795.6850827932358 1401.3132043331861 1270.3476030230522 3836.0658801496029 398.44482816755772 337.54635769128799 1941.0871383696795 9454.9807568341494
leaf_count=33204 33604 41537 37278 38159 52365 16362 45010 23413 8572 5937 20521 1630 1372 11767 62566
internal_value=2.27014e-05 -0.00587837 0.00647185 -0.00348096 -0.00543299 0.00316453 0.00170945 -0.0113948 0.0105264 0.000826498 0.00657434 -0.0138339 -0.00811534 0.0081534 0.0124184
internal_weight=90899.7 47466.8 43432.9 33087.4 22769.1 23920.7 16766.1 14379.4 19512.2 10318.3 7154.57 8246.2 6133.23 8655.86 10856.3
internal_count=433297 197617 235680 137998 93902 115497 78614 59619 120183 44096 36883 34834 24785 49045 71138
is_linear=0
shrinkage=0.0142514


Tree=58
num_leaves=16
num_cat=0
split_feature=55 31 32 32 17 40 168 71 168 64 26 32 168 101 77
split_gain=16950.4 3273.9 2566.2 1050.81 781.219 769.093 508.967 508.215 484.801 392.726 333.656 322.369 167.46 97.1485 73.657
threshold=0.31249935925006872 -0.29881654679775232 -0.16414629667997357 -0.50216373801231373 -0.10799932852387427 0.090048816055059447 0.80889067053794872 0.54109483957290661 0.82134035229682933 -3.7407563924789424 0.99542739987373363 -0.053792845457792275 0.82973304390907299 -0.58475732803344715 0.035170577466487891
decision_type=10 8 10 10 8 8 10 2 10 10 8 10 10 10 10
left_child=1 5 7 4 -3 13 -5 8 -2 -7 -9 12 -4 -1 -13
right_child=2 3 11 6 -6 9 -8 10 -10 -11 -12 14 -14 -15 -16
leaf_value=-0.015160433875017561 -0.0017400806746114808 -0.0069101900908732604 0.0078660765944052816 -0.00044310146889398456 -0.0014421271499570323 -0.0035118934907174587 0.0077884442674788475 0.0029505912463830227 0.0084969560581953218 -0.0096323677004809295 0.0068967963887577441 0.0059844435133476325 0.012268960010138481 -0.0069487146427326899 0.013159274395956664
leaf_weight=5295.3250287473202 5024.6357695758343 11898.053972661495 6663.2799902111292 7254.9452624469995 9579.1097588539124 2655.5022809505463 1931.7929850518703 8669.6761249005795 1155.6204347759485 10747.439092978835 8737.5658337175846 301.55745378136635 2381.9848122894764 309.87319824099541 8107.1410142928362
leaf_count=22733 23264 48190 38550 31391 40102 10808 9244 41990 5686 43890 44993 1802 14980 1292 54407
internal_value=-2.68624e-05 -0.0056266 0.00675044 -0.00274593 -0.00447137 -0.0102737 0.00128787 0.00368494 0.000174163 -0.00841975 0.00493141 0.0108932 0.00902561 -0.0147065 0.012902
internal_weight=90713.5 49672 41041.5 30663.9 21477.2 19008.1 9186.74 23587.5 6180.26 13402.9 17407.2 17454 9045.26 5605.2 8408.7
internal_count=433322 207650 225672 128927 88292 78723 40635 115933 28950 54698 86983 109739 53530 24025 56209
is_linear=0
shrinkage=0.0142514


Tree=59
num_leaves=16
num_cat=0
split_feature=55 31 32 82 24 70 25 168 39 19 40 168 168 55 49
split_gain=16600.5 3509.45 2209.31 1305.35 713.7 703.098 511.822 507.704 327.984 317.716 307.727 210.023 196.225 164.914 82.3502
threshold=0.4284618496894837 -0.31295280158519739 -0.13823728263378141 0.12418876215815546 -0.43434914946556086 -2.2623180150985713 -0.3732235580682754 0.85992211103439342 -0.63949772715568531 0.72571101784706127 0.49660813808441168 0.80889067053794872 0.80889067053794872 2.0734221935272221 0.71223959326744091
decision_type=10 8 10 2 10 2 8 10 10 10 8 10 10 10 8
left_child=1 4 6 5 8 -3 12 -5 -1 -6 -8 13 -2 -4 -13
right_child=2 3 11 7 9 -7 10 -9 -10 -11 -12 14 -14 -15 -16
leaf_value=-0.014480751389275761 -0.00033794041656796855 -0.0071424951900032271 0.0069357277506005392 0.00055346126539694118 -0.0086148273694014246 -0.0021815567816315488 3.0684474700975996e-05 0.010542235727036992 -0.0045961474358996229 0.00033634380219205547 0.0062075866346171836 0.015251527155315171 0.0064508973070991609 0.01114285972087172 0.011569888269350782
leaf_weight=7214.9540933072567 5128.0381141155958 10528.766405671835 2508.4047417938709 9060.8587835580111 8984.69329226017 12925.746576458216 1825.913820207119 1166.4821427315474 753.01573841273785 884.66708074510098 15926.150169670582 2867.5243604332209 1040.0626056343317 7710.2647971957922 2168.4461975693703
leaf_count=30973 23781 42721 14704 39075 36482 54671 8535 5656 3055 3613 82602 19013 4982 49873 14343
internal_value=5.40423e-05 -0.00526274 0.00704619 -0.0025559 -0.010374 -0.00440854 0.00434344 0.00169279 -0.0135466 -0.00781247 0.00557225 0.0112842 0.000806841 0.0101102 0.0136664
internal_weight=90694 51519.2 39174.8 33681.9 17837.3 23454.5 23920.2 10227.3 7967.97 9869.36 17752.1 15254.6 6168.1 10218.7 5035.97
internal_count=434079 216246 217833 142123 74123 97392 119900 44731 34028 40095 91137 97933 28763 64577 33356
is_linear=0
shrinkage=0.0142514


Tree=60
num_leaves=16
num_cat=0
split_feature=55 32 32 71 166 166 19 76 166 32 101 167 26 166 57
split_gain=16004.8 3088.67 2717.74 2148.07 855.246 1073.83 757.911 595.527 597.715 400.172 366.082 345.334 275.211 189.258 63.7602
threshold=0.14501365274190905 -0.19102558493614194 -0.66579961776733387 -2.042011976242065 -0.23414029926061627 0.073279991745948805 1.0456953644752505 0.130708783864975 -0.23414029926061627 -0.053792845457792275 -0.44942554831504816 -0.11393352225422858 1.0679662823677065 -0.23414029926061627 2.8757292032241826
decision_type=8 10 10 2 8 10 8 10 8 10 10 2 8 8 10
left_child=2 7 3 10 11 -6 -5 8 -2 13 -1 -4 -9 -3 -11
right_child=1 9 4 6 5 -7 -8 12 -10 14 -12 -13 -14 -15 -16
leaf_value=-0.012535865447132253 0.011081729988796625 0.015527261264358289 -0.00078929426925370468 -0.0057110049155945815 -0.0072783129814418465 0.0010259209021662666 0.003039175155585514 0.001239402912729001 0.0013258886685401533 0.0090252678199044464 -0.0063253888735568253 0.017545064890084644 0.010546217768156027 0.008097120233824022 0.013155460487246976
leaf_weight=14825.842059269547 1359.7957325726748 746.08618792891502 301.08744223415852 11021.892405956984 4839.9201004952192 9126.1199148148298 2458.9951917529106 854.47290351986885 20563.814900994301 846.56491740047932 2216.0564198940992 679.55419492721558 2636.6747627258301 10434.145486503839 7399.6360328495502
leaf_count=62005 6799 4505 1271 44757 20200 38920 10312 4294 97229 5368 8921 2962 13857 61135 50627
internal_value=3.03109e-05 0.00607168 -0.00592758 -0.00836574 -0.000948567 -0.00185192 -0.00411491 0.00280158 0.00193102 0.0103498 -0.0117283 0.0119161 0.0082684 0.00859303 0.0127315
internal_weight=90310.7 44841.2 45469.5 30522.8 14946.7 13966 13480.9 25414.8 21923.6 19426.4 17041.9 980.642 3491.15 11180.2 8246.2
internal_count=433162 243814 189348 125995 63353 59120 55069 122179 104028 121635 70926 4233 18151 65640 55995
is_linear=0
shrinkage=0.0142514


Tree=61
num_leaves=16
num_cat=0
split_feature=55 31 31 101 70 17 166 168 166 101 166 168 39 166 168
split_gain=15503.9 3251.09 2363.42 1059.09 971.046 708.967 659.031 713.658 499.111 326.674 324.931 323.238 216.898 135.124 54.0107
threshold=0.3590643852949143 -0.30334739387035364 0.39009234309196478 -0.28243984282016749 -1.8156611323356626 -0.41814544796943659 -0.23414029926061627 0.82973304390907299 0.071678221225738539 -0.48047745227813715 -0.6019114851951598 0.078167255967855467 -0.035489171743392937 -0.22678092867135999 0.81660932302474987
decision_type=10 8 10 10 2 10 8 10 10 10 8 10 10 8 10
left_child=1 5 6 4 -3 9 11 -8 -5 -1 -7 -2 13 -4 -14
right_child=2 3 12 8 -6 10 7 -9 -10 -11 -12 -13 14 -15 -16
leaf_value=-0.014257078112996152 -1.0782405242226131e-05 -0.0065846717989849878 0.01630292669573976 -0.0043307648264142833 -0.0010044357636040894 0.0021031744909038425 0.0023109576036546156 0.0091303076337257479 0.0048417793417878593 -0.0057499617828137397 -0.0081989673462702015 0.01560887641172568 0.012180507329963224 0.0092223734010131331 0.014925199021012397
leaf_weight=7098.3225564211607 334.6710678935051 12797.461358875036 588.55581110715866 1592.4562890976667 12539.643756985664 664.54944758117199 19879.831698074937 3696.4052568227053 4949.5818191766739 1052.8764506578445 9662.3450677245855 1373.145712479949 3795.1556365936995 7843.3602709025145 2366.2146887928247
leaf_count=30583 1686 52066 3834 6891 53269 2715 98572 19907 21986 4284 39385 7501 26053 48491 16434
internal_value=-3.07183e-06 -0.00525991 0.00663528 -0.00250303 -0.00382295 -0.0100162 0.00399943 0.00338015 0.00260899 -0.0131583 -0.007536 0.0125481 0.0112021 0.00971671 0.0132347
internal_weight=90234.6 50357.2 39877.3 31879.1 25337.1 18478.1 25284.1 23576.2 6542.04 8151.2 10326.9 1707.82 14593.3 8431.92 6161.37
internal_count=433657 211179 222478 134212 105335 76967 127666 118479 28877 34867 42100 9187 94812 52325 42487
is_linear=0
shrinkage=0.0142514


Tree=62
num_leaves=16
num_cat=0
split_feature=32 70 84 70 25 26 168 166 39 81 26 40 68 168 123
split_gain=15305.6 4655.64 1841.17 1449.19 1440.91 783.421 747.062 692.749 658.763 443.051 427.885 326.192 233.254 152.597 90.8118
threshold=-0.3552591055631637 -2.2623180150985713 1.0000000180025095e-35 2.9048391580581669 -0.16186314076185224 0.15725088119506839 0.81936311721801769 -0.23414029926061627 -0.51404684782028187 -1.0000000180025095e-35 0.87163808941841137 0.58516404032707225 19.976826667785648 0.81660932302474987 5.7497944831848153
decision_type=10 2 2 2 10 8 10 8 10 2 8 10 8 10 8
left_child=1 2 5 9 6 -1 7 -2 -4 -3 -5 14 -8 -13 -6
right_child=4 3 8 10 11 -7 12 -9 -10 -11 -12 13 -14 -15 -16
leaf_value=-0.014111958105975124 0.015561053414995208 -0.0047483079283837069 -0.0071564933790083402 -0.00098364774466109281 0.0083510771607040526 -0.0083387384745086633 0.012727917557101696 0.0024583154113372806 3.2194812420729408e-05 -0.0004787427713503782 0.0073849472635941979 0.010548046802489035 0.005228139448057471 0.013702648566389178 -0.0010197881336909424
leaf_weight=8622.2998899519444 878.98554676771164 7885.6675187498331 5048.0540593415499 1618.3653516769409 343.19298331439495 10696.960324898362 2737.4544195234776 12107.296966522932 5315.1291276365519 13198.171266213059 5320.1998108923435 9986.05178822577 1216.7527309805155 4527.5214141309261 541.1857832223177
leaf_count=36909 4603 33091 20559 7387 1874 43451 15000 60492 22121 56707 27092 64190 6624 30619 2911
internal_value=1.59612e-05 -0.00438261 -0.0083158 -0.000216417 0.00786479 -0.0109154 0.00499671 0.00334525 -0.00346954 -0.00207563 0.00543305 0.0110201 0.0104203 0.0115322 0.00261699
internal_weight=90043.3 57704.8 29682.4 28022.4 32338.4 19319.3 16940.5 12986.3 10363.2 21083.8 6938.57 15398 3954.21 14513.6 884.379
internal_count=433630 247317 123040 124277 186313 80360 86719 65095 42680 89798 34479 99594 21624 94809 4785
is_linear=0
shrinkage=0.0142514


Tree=63
num_leaves=16
num_cat=0
split_feature=32 70 84 25 69 71 33 168 39 150 81 40 48 168 95
split_gain=14643.7 4549.79 1774.14 1445.87 1285.77 848.882 828.648 764.441 672.16 432.592 355.735 345.806 196.089 188.875 71.6629
threshold=-0.35966144502162928 -2.1374192237853999 1.0000000180025095e-35 -0.16856448352336881 2.1448143720626835 -2.4988999366760249 0.70120805501937877 0.81936311721801769 -0.51404684782028187 -0.0231708250939846 -1.0000000180025095e-35 0.52005711197853099 0.77994790673255932 0.81660932302474987 0.17382744699716571
decision_type=10 2 2 10 2 2 8 10 10 8 2 10 10 10 8
left_child=1 2 5 7 10 -1 -6 9 -4 -2 -3 14 -9 -13 -5
right_child=3 4 8 11 6 -7 -8 12 -10 -11 -12 13 -14 -15 -16
leaf_value=-0.013576954455930455 0.0057084866272858062 -0.0050489811235996064 -0.0070468593773693909 0.0054212954420247888 -0.00056821564137045182 -0.0076997242595866948 0.0079256322638338178 0.0078575006555271325 0.00013193710084976996 0.00048176516730981248 -0.00079925085814702397 0.010089859601478289 0.014553059189732289 0.013541352120107139 -0.0046375859415627952
leaf_weight=9844.2209867537022 6321.683452963829 6325.7473812550306 5190.8144422620535 263.47527012228966 4174.1566931009293 10125.863739699125 5288.1497417539358 2437.7742418348789 5409.7687432318926 6546.8602364808321 10883.591245859861 10573.628080949187 1398.0098804533482 4631.5070764571428 316.69121290743351
leaf_count=41964 31690 26461 21151 1400 18540 41197 26765 13264 22515 32581 46880 67850 7699 31481 1645
internal_value=-5.31946e-06 -0.00434267 -0.00809558 0.0076365 -4.11335e-05 -0.0105969 0.00417872 0.00471392 -0.00338334 0.00304941 -0.00236136 0.0107292 0.010298 0.0111412 -6.93862e-05
internal_weight=89731.9 57242.3 30570.7 32489.6 26671.6 19970.1 9462.31 16704.3 10600.6 12868.5 17209.3 15785.3 3835.78 15205.1 580.166
internal_count=433083 245473 126827 187610 118646 83161 45305 85234 43666 64271 73341 102376 20963 99331 3045
is_linear=0
shrinkage=0.0142514


Tree=64
num_leaves=16
num_cat=0
split_feature=55 24 32 39 84 81 166 166 81 26 95 165 57 166 18
split_gain=14726.8 3312.34 1856.3 1390.3 1029.19 684.933 453.153 445.084 420.922 376.334 281.663 258.372 208.316 135.784 110.749
threshold=0.54552629590034496 -0.33719237148761744 -0.13823728263378141 -0.56864917278289784 -1.0000000180025095e-35 1.0000000180025095e-35 -0.23414029926061627 0.079563446342945113 1.0000000180025095e-35 0.26069378852844244 1.2513844370841982 -0.10896632075309752 2.8757292032241826 -0.23414029926061627 -0.11091238632798193
decision_type=10 8 10 10 2 2 8 8 2 10 8 10 10 8 10
left_child=1 3 6 9 8 -6 11 -8 -3 -1 -5 -2 13 -4 -14
right_child=2 4 12 10 5 -7 7 -9 -10 -11 -12 -13 14 -15 -16
leaf_value=-0.012346075284948146 -0.0010129019610180387 -0.0079992805788005519 0.015650966573110138 0.0012703325030448849 -0.0021516999504035471 0.003172402763023796 0.00071221965807353506 0.0052207418525226507 -0.0028159993116356257 -0.004716669880762297 -0.0070224508250170967 0.015318610474032095 0.0097724053494938814 0.0064134685697313683 0.01270990462438841
leaf_weight=13442.672195136547 240.09504869580269 6404.1809735894203 367.69382543861866 2296.7993166595697 14279.884936287999 7477.3802019059658 6527.1550549268723 13956.364738732576 6324.7124495655298 1455.4018758386374 1304.1423381119967 1089.5213382542133 3929.5661638230085 2669.6804541349411 7751.7474394738674
leaf_count=57066 1241 26072 2335 9471 60047 33625 32868 71068 26500 5883 5300 5995 24810 16228 54388
internal_value=-1.50979e-05 -0.00481484 0.00694637 -0.00967999 -0.00220507 -0.000321947 0.00430745 0.00378409 -0.00542384 -0.0116008 -0.00173311 0.0123696 0.0108572 0.00753201 0.0117218
internal_weight=89517 52985.2 36531.8 18499 34486.2 21757.3 21813.1 20483.5 12728.9 14898.1 3600.94 1329.62 14718.7 3037.37 11681.3
internal_count=432897 223964 208933 77720 146244 93672 111172 103936 52572 62949 14771 7236 97761 18563 79198
is_linear=0
shrinkage=0.0142514


Tree=65
num_leaves=16
num_cat=0
split_feature=55 24 55 84 84 26 168 168 166 82 25 130 49 25 40
split_gain=13974 3370.97 1701.66 1473.45 733.911 618.775 579.904 544.773 522.248 476.563 351.927 261.613 217.128 102.546 102.013
threshold=0.61649492383003246 -0.25485228002071375 2.0734221935272221 1.0000000180025095e-35 -1.0000000180025095e-35 0.12853111326694491 0.81936311721801769 0.84910878539085399 -0.23414029926061627 1.0000000180025095e-35 -0.11745638400316237 0.87473157048225414 0.73307290673255932 -0.38202822208404535 0.60878115892410289
decision_type=10 8 10 2 2 8 10 10 8 2 10 10 8 8 10
left_child=1 3 6 5 11 -1 8 -6 -2 -5 13 -3 -8 -4 -12
right_child=2 4 10 9 7 -7 12 -9 -10 -11 14 -13 -14 -15 -16
leaf_value=-0.013664597061303602 0.012174236408808702 -0.0023877847943539212 0.00056898180009684889 -0.0057728145341267188 -0.00044103818187353472 -0.0081779685079150649 0.012292328548282138 0.0075468393713899271 0.0021883802465732295 0.0016331278522134268 0.0049524515724030807 -0.0070873813008423625 0.005013018131890085 0.0080697823909372923 0.012210284699485879
leaf_weight=8030.8961909711361 1148.1195139288902 5520.9602995663881 397.23016737401485 5552.818873539567 17501.249951884151 8695.6352432817221 2072.5112669616938 1924.7392436265945 14460.218657046556 2586.8001279085875 409.44412019848824 4263.7858967483044 1390.8889083713293 5439.6586048305035 10063.006968811154
leaf_count=34774 6361 23118 1948 22697 75412 35487 11963 9269 73593 10842 2332 17667 7702 31172 69090
internal_value=2.03181e-05 -0.00453574 0.00698385 -0.00839227 -0.00125279 -0.0108123 0.0040936 0.000350426 0.00292296 -0.00341918 0.0103636 -0.0044357 0.00936912 0.00755933 0.0119266
internal_weight=89458 54076.9 35381.1 24866.2 29210.7 16726.5 19071.7 19426 15608.3 8139.62 16309.3 9784.75 3463.4 5836.89 10472.5
internal_count=433427 229266 204161 103800 125466 70261 99619 84681 79954 33539 104542 40785 19665 33120 71422
is_linear=0
shrinkage=0.0142514


Tree=66
num_leaves=16
num_cat=0
split_feature=32 70 84 70 32 26 39 166 166 81 26 168 40 49 121
split_gain=13978.1 4490.6 1792.81 1268.05 1092.13 738.242 666.956 571.676 751.106 433.952 431.968 143.663 103.708 59.8487 49.9191
threshold=-0.32608391344547266 -2.2623180150985713 1.0000000180025095e-35 2.878970861434937 -0.10430229082703589 0.16269404441118243 -0.51404684782028187 -0.23414029926061627 0.081788700073957457 -1.0000000180025095e-35 0.92183774709701549 0.81660932302474987 0.58516404032707225 0.71744790673255932 0.72447767853736889
decision_type=10 2 2 2 10 8 10 8 8 2 8 10 10 8 10
left_child=1 2 5 9 7 -1 -4 14 -9 -3 -5 12 -6 -13 -2
right_child=4 3 6 10 11 -7 -8 8 -10 -11 -12 13 -14 -15 -16
leaf_value=-0.013581884189065122 0.017064217528126081 -0.0043863507631004195 -0.0069197008489661604 -0.00033688365996560165 0.0015579728573627649 -0.0079772117860524086 0.00024907401481499196 0.00061588912631144253 0.0071272668763817616 -0.00027907383082721173 0.0072532767579385777 0.015082484448433162 0.010542349406619644 0.011475051741779069 0.010165054048976633
leaf_weight=8710.5438846647739 882.10298101603985 8250.4679940640926 5085.4608504027128 2153.3069607168436 270.17280094325542 10560.891310423613 5472.1281090676785 5268.3127902895212 11349.399591222405 14245.323986366391 5201.5534365773201 2260.3046217560768 7661.0535165667534 1594.2378196567297 281.25723162293434
leaf_count=37758 4936 34763 20759 9945 1571 42975 22884 27251 60512 61570 26909 16058 52389 11289 1577
internal_value=-4.39294e-05 -0.0040138 -0.0079245 -0.000105924 0.00796911 -0.0105105 -0.00320406 0.00573914 0.00506297 -0.00178545 0.0050311 0.0113334 0.0102363 0.0135906 0.0153969
internal_weight=89246.5 59679.7 29829 29850.7 29566.8 19271.4 10557.6 17781.1 16617.7 22495.8 7354.86 11785.8 7931.23 3854.54 1163.36
internal_count=433146 257563 124376 133187 175583 80733 43643 94276 87763 96333 36854 81307 53960 27347 6513
is_linear=0
shrinkage=0.0142514


Tree=67
num_leaves=16
num_cat=0
split_feature=55 70 31 101 81 123 168 24 85 40 49 168 25 168 98
split_gain=13658.8 3246.91 1745.61 1628.47 1047.51 602.808 463.628 476.677 421.114 386.449 238.813 187.724 182.356 78.5785 73.3695
threshold=0.54552629590034496 -3.1467453241348262 0.39009234309196478 -0.36528585851192469 -1.0000000180025095e-35 13.637600421905519 0.82973304390907299 0.26801902055740362 0.44166201353073126 0.090048816055059447 0.67057290673255932 0.77204519510269176 -0.079940389841794954 0.81660932302474987 0.85788235068321239
decision_type=10 2 10 10 2 8 10 10 2 10 8 10 8 10 8
left_child=1 3 6 9 8 -6 7 -2 -3 -1 -8 -5 14 -14 -4
right_child=2 4 12 11 5 -7 10 -9 -10 -11 -12 -13 13 -15 -16
leaf_value=-0.013826788301339658 0.0010343172452617119 -0.0062615812955911544 0.0094260878190040621 -0.0023366912657382618 0.0040885131897124933 -0.0013885190658334031 0.012667005439133293 0.0056033853496190106 -0.00050515924818904053 -0.0093133577069061894 0.0051835047698817558 0.0048912533814618204 0.011014766740699389 0.013898761064312632 0.005254971395612454
leaf_weight=5929.7435609102249 9104.7529888451099 10353.663401022553 3901.3894909322262 2269.1004836559296 5961.4766886085272 12940.95241394639 1786.3453723937273 9451.8668904304504 3438.3088486343622 11003.812919288874 1681.4302033931017 1075.7518203109503 6215.120561376214 2777.8058644980192 1097.7661559134722
leaf_count=26068 44081 42623 24743 9244 26437 55219 10184 50426 14689 45500 9194 4623 42978 20153 6686
internal_value=-1.50524e-05 -0.00461889 0.00675624 -0.00909898 -0.00184015 0.000338843 0.00425547 0.0033616 -0.00482653 -0.0108939 0.00903861 -1.20372e-05 0.0106926 0.0119057 0.00851022
internal_weight=88989.3 52972.8 36016.5 20278.4 32694.4 18902.4 22024.4 18556.6 13792 16933.6 3467.78 3344.85 13992.1 8992.93 4999.16
internal_count=432848 224403 208445 85435 138968 81656 113885 94507 57312 71568 19378 13867 94560 63131 31429
is_linear=0
shrinkage=0.0142514


Tree=68
num_leaves=16
num_cat=0
split_feature=32 70 84 32 26 69 26 166 166 32 166 57 166 25 121
split_gain=13109.9 3897.83 1535.3 1466.74 1273.73 988.777 757.85 684.589 924.943 562.053 386.008 229.112 172.779 123.478 58.0393
threshold=-0.37719339132308954 -2.2231147289276119 1.0000000180025095e-35 -0.14762087911367414 0.85317987203598034 1.7268401980400088 0.11013896390795709 -0.23414029926061627 0.079563446342945113 -0.72539678215980519 -0.23414029926061627 2.7206985950469975 -0.23414029926061627 -0.067539259791374193 0.72447767853736889
decision_type=10 2 2 10 8 2 8 8 8 10 8 10 8 10 10
left_child=1 2 6 7 10 -6 -1 14 -9 -4 -3 12 -5 -13 -2
right_child=3 4 9 11 5 -7 -8 8 -10 -11 -12 13 -14 -15 -16
leaf_value=-0.013862284652897648 0.016762894099164326 0.0046227597764668168 -0.0074733026997932809 0.015842335848434048 -0.0018918883270883074 0.0068541837949249564 -0.0079956847748033546 -0.0012178034367717782 0.0059339677563092236 -0.0005831846061427246 -0.0035692953396417155 0.0095597606869008336 0.0054817250171278935 0.012463500437073598 0.0091909058649381637
leaf_weight=7017.9846958220005 881.40451344847679 1274.0471896976233 3941.9400805532932 374.72327072918415 4292.080101147294 6760.6337670683861 12330.164531990886 5418.6988200843334 11399.639382749796 6165.5442663431168 14059.29188708961 5144.74862806499 2561.2076494395733 7055.2082852572203 268.47294399142265
leaf_count=30865 4735 5462 16130 2420 18686 33782 50430 26785 58022 25475 59292 33313 15512 51218 1447
internal_value=4.28311e-06 -0.00420838 -0.00777202 0.00711042 -0.000230171 0.00345785 -0.0101237 0.00435714 0.00362974 -0.00327037 -0.0028886 0.0103789 0.00680438 0.011239 0.0149955
internal_weight=88945.8 55841.7 29455.6 33104.1 26386.1 11052.7 19348.1 17968.2 16818.3 10107.5 15333.3 15135.9 2935.93 12200 1149.88
internal_count=433574 240122 122900 193452 117222 52468 81295 90989 84807 41605 64754 102463 17932 84531 6182
is_linear=0
shrinkage=0.0142514


Tree=69
num_leaves=16
num_cat=0
split_feature=55 24 31 39 84 82 166 168 26 26 168 163 39 166 168
split_gain=12749.3 2991.42 1726.29 1238.64 977.929 609.679 530.922 462.011 271.582 270.798 262.077 234.403 183.729 142.586 53.5532
threshold=0.56896477937698375 -0.34615388512611384 0.39009234309196478 -0.54703575372695912 -1.0000000180025095e-35 0.3495840728282929 -0.23414029926061627 0.82973304390907299 0.27140039205551153 0.59801980853080761 0.078167255967855467 -0.10151940584182738 -0.035489171743392937 -0.19063995033502576 0.84910878539085399
decision_type=10 8 10 10 2 2 8 10 10 10 10 8 10 8 10
left_child=1 3 6 8 9 -6 10 -8 -1 -3 -2 -5 13 -4 -14
right_child=2 4 12 11 5 -7 7 -9 -10 -11 -12 -13 14 -15 -16
leaf_value=-0.01151926912516594 -0.00059487593131305914 -0.0064715702445035418 0.015711200519409389 0.003987931618305067 -0.0015707251612372003 0.003913583854905772 0.0025829543209748384 0.0084752590366490663 -0.0040898148517529214 -0.0020025112435394909 0.015372512571474168 -0.0041237584454854904 0.011538443142854335 0.0086052598286672395 0.014477411435087881
leaf_weight=13460.870726928115 254.20718078315258 9218.359051451087 621.73389047384262 1183.1820925176144 16968.480366632342 5435.7287809699774 17140.220685601234 3208.6285307705402 1079.5476022809744 3926.9313291460276 1168.0008948594332 1862.2331360280514 3871.0752778202295 7404.1988205909729 1868.6333873271942
leaf_count=57850 1329 37650 4299 4929 71753 24836 87101 18010 4375 16604 6757 7583 28255 47835 13939
internal_value=-9.70194e-06 -0.00442901 0.00659816 -0.00923675 -0.00205069 -0.000240111 0.00410047 0.00351208 -0.0109677 -0.00513653 0.0125186 -0.000972249 0.0105483 0.00915584 0.0124954
internal_weight=88672 53135.3 35536.7 17585.8 35549.5 22404.2 21771.1 20348.8 14540.4 13145.3 1422.21 3045.42 13765.6 8025.93 5739.71
internal_count=433105 225580 207525 74737 150843 96589 113197 105111 62225 54254 8086 12512 94328 52134 42194
is_linear=0
shrinkage=0.0142514


Tree=70
num_leaves=16
num_cat=0
split_feature=55 70 101 31 81 24 123 166 166 168 82 25 167 168 57
split_gain=12411.2 3216.16 1807.37 1440.05 896.28 595.021 511.759 426.367 393.656 347.459 270.392 215.321 179.436 96.817 82.2694
threshold=0.73306429386138927 -2.6919925212860103 -0.40819634497165674 0.37920556962490087 -1.0000000180025095e-35 -0.45312495529651636 13.637600421905519 -0.23414029926061627 0.055031524971127517 0.81936311721801769 1.0000000180025095e-35 -0.076559029519557939 -0.19525875896215436 0.81660932302474987 2.8757292032241826
decision_type=10 2 10 10 2 10 8 8 10 10 2 10 2 10 10
left_child=1 2 5 7 10 -1 -6 12 -4 -9 -3 13 -2 -5 -13
right_child=3 4 8 11 6 -7 -8 9 -10 -11 -12 14 -14 -15 -16
leaf_value=-0.012949882250454219 0.0024134064893837877 -0.0063479721066289317 -0.0082245989711828976 0.0074277550438823729 0.0042951516626242407 -0.0078650638715025162 -0.00066391498756198102 0.0028114466989148869 0.0013673548157403757 0.0081850627952986654 -0.0018816841125700301 0.0079859933428009407 0.015672335103686263 0.011371410487264253 0.012426619553143186
leaf_weight=7471.8273185193539 269.05704781413078 5574.0989347398281 1083.0098986774683 4987.2995380759239 6279.7370755672455 12484.367474481463 12926.469648525119 14058.286216616631 4396.6096789687872 2958.161525323987 5439.9328052997589 963.62200619280338 903.53392653167248 1694.1694667041302 7048.8610178977251
leaf_count=32923 1451 22832 4446 30374 28449 51414 56018 71794 18326 16557 23469 6413 5320 11451 52112
internal_value=5.72852e-05 -0.00404407 -0.00777826 0.00699902 -0.000901063 -0.00976891 0.000957529 0.00431843 -0.000528498 0.00374563 -0.00414205 0.0103172 0.0126303 0.00842781 0.0118926
internal_weight=88539 55656.1 25435.8 32883 30220.2 19956.2 19206.2 18189 5479.62 17016.4 11014 14694 1172.59 6681.47 8012.48
internal_count=433349 237877 107109 195472 130768 84337 84467 95122 22772 88351 46301 100350 6771 41825 58525
is_linear=0
shrinkage=0.0142514


Tree=71
num_leaves=16
num_cat=0
split_feature=32 70 101 25 70 168 24 166 26 81 166 40 49 168 170
split_gain=12266.2 3759.8 1492.5 1287.45 1214.9 675.186 628.604 613.221 400.297 392.328 315.216 270.849 236.284 137.971 102.765
threshold=-0.3552591055631637 -2.3018486499786373 -0.36528585851192469 -0.16856448352336881 2.878970861434937 0.81936311721801769 -0.42994961142539972 -0.23414029926061627 0.89697131514549266 -1.0000000180025095e-35 0.053719414398074157 0.60291981697082531 0.71744790673255932 0.81660932302474987 -0.17761597037315366
decision_type=10 2 10 10 2 10 10 8 8 2 10 10 8 10 8
left_child=1 2 6 5 9 7 -1 -2 -6 -3 -4 14 -7 -13 -5
right_child=3 4 10 11 8 12 -8 -9 -10 -11 -12 13 -14 -15 -16
leaf_value=-0.011969685016727544 0.014694324403952071 -0.0044217794730230034 -0.0080911200771510931 -0.0030130289745577822 -0.00079005456587151175 0.012755087279516937 -0.0072159638656885995 0.0019681783465184698 0.0069814888225985276 -0.00043025664767529833 0.0011966789408745311 0.009776544945105152 0.0054364878763545751 0.012856307934229297 0.0064490504788897833
leaf_weight=9142.0569442510605 823.34978879988194 8008.0078276246786 905.71630814671516 359.60971526801586 1827.1100180000067 2176.1549874991179 14790.794121608138 11644.358186483383 5113.3050620257854 13320.795257568359 4108.7267617285252 9631.6881892979145 1523.2654642611742 4263.0260321050882 662.59456424415112
leaf_count=40155 4474 33459 3719 1988 8382 12335 60418 58728 26638 57235 17122 65219 8503 30903 3716
internal_value=-2.53309e-05 -0.0039404 -0.00755062 0.00718115 -0.000243585 0.00439514 -0.00903185 0.00280866 0.00493559 -0.0019289 -0.000480972 0.0102006 0.00974173 0.0107215 0.00312033
internal_weight=88300.6 57216.5 28947.3 31084 28269.2 16167.1 23932.9 12467.7 6940.42 21328.8 5014.44 14916.9 3699.42 13894.7 1022.2
internal_count=432994 247128 121414 185866 125714 84040 100573 63202 35020 90694 20841 101826 20838 96122 5704
is_linear=0
shrinkage=0.0142514


Tree=72
num_leaves=16
num_cat=0
split_feature=32 17 32 26 32 17 166 166 47 166 17 168 24 49 169
split_gain=11958.4 3543.02 1752.65 1539.54 1441.94 822.722 653.289 904.621 471.539 439.936 285.42 205.599 168.024 92.6886 86.9743
threshold=-0.38169403374195093 -0.029411727562546727 -0.67189213633537281 0.85317987203598034 -0.13823728263378141 -0.33783797919750208 -0.23414029926061627 0.079563446342945113 0.21043805032968524 -0.22678092867135999 0.20000004023313525 0.80889067053794872 0.44779831171035772 0.72265625000000011 0.18846292048692706
decision_type=10 8 10 8 10 10 8 8 10 8 10 10 10 8 10
left_child=1 2 5 9 6 -1 14 -8 -4 -3 -5 12 -6 -13 -2
right_child=4 3 8 10 11 -7 7 -9 -10 -11 -12 13 -14 -15 -16
leaf_value=-0.011086086528291442 0.016321233093149205 0.005785115700681796 -0.010721405441015536 0.0015119909125617475 0.0071025154756417623 -0.005779336282411964 -0.0010938515117076598 0.0057830130954861806 -0.0010937435730062261 -0.0037542402279550245 0.0069858547477245642 0.014466848355415935 0.010912603108457469 0.010348552308205999 0.0066333410857370868
leaf_weight=14180.555292204022 964.17643341422081 1092.1451712548733 1150.352107167244 2854.5257174968719 4545.5453237444162 10202.950954467058 5744.431732699275 12002.967835351825 10143.071480855346 9723.2943955361843 6004.2068118453026 2674.0218345820904 4870.0990647524595 1899.2210024595261 234.00332391262054
leaf_count=61021 5351 4680 4733 12643 28798 41668 28592 61920 42276 41110 30566 19663 35583 13837 1284
internal_value=7.53684e-06 -0.00403833 -0.00671587 0.000817097 0.0068072 -0.00886557 0.00424478 0.00355713 -0.00207447 -0.00279093 0.00522205 0.0102775 0.00907328 0.0127567 0.0144296
internal_weight=88285.6 55351.1 35676.9 19674.2 32934.5 24383.5 18945.6 17747.4 11293.4 10815.4 8858.73 13988.9 9415.64 4573.24 1198.18
internal_count=433725 238697 149698 88999 195028 102689 97147 90512 47009 45790 43209 97881 64381 33500 6635
is_linear=0
shrinkage=0.0142514


Tree=73
num_leaves=16
num_cat=0
split_feature=32 69 40 32 19 32 166 166 166 10 57 40 166 165 167
split_gain=11916.2 3321.87 1540.04 1496.66 842.975 802.086 728.346 963.678 456.013 203.754 191.879 130.42 114.117 86.9723 78.157
threshold=-0.38623431324958796 1.5539166927337649 0.14016044139862063 -0.11947346106171607 1.1694106459617617 -0.66579961776733387 -0.23414029926061627 0.081788700073957457 -0.23414029926061627 0.20983319729566577 2.499055147171021 0.043939383700490005 -0.18405760824680326 -0.074104819446802125 -0.12885323166847226
decision_type=10 2 8 10 8 10 8 8 8 10 10 10 8 10 2
left_child=1 2 11 6 8 -4 14 -8 -3 -6 12 -1 -5 -12 -2
right_child=3 4 5 10 9 -7 7 -9 -10 -11 13 -13 -14 -15 -16
leaf_value=-0.013812097918979152 0.007254650038856102 0.010032151185408332 -0.0063833180359423765 0.014773818019536795 0.0020148088661031951 -0.0019522583381522548 -0.00086614133742507352 0.0059019030975410005 -0.0022577458290331379 0.008203721722726761 0.0030177230449072111 -0.010042153383891033 0.0042027763006718512 0.011484318981613654 0.016285566200197197
leaf_weight=3540.706326931715 237.79466107487679 684.94651217758656 21936.738684341311 247.23509295284748 1466.2238916009665 13344.233044326305 6352.765034288168 13051.074663072824 5849.284283593297 4106.5825228393078 252.28288377821445 3937.6039433181286 1286.7266879230738 10698.409206092358 1075.8116525858641
leaf_count=16296 1297 3177 90564 1655 6919 55853 31962 68355 26033 21037 1795 16896 8011 77887 6092
internal_value=-8.6395e-06 -0.00408664 -0.0059526 0.00673024 0.00250347 -0.00470738 0.00438136 0.00368607 -0.000969387 0.00657544 0.010628 -0.0118272 0.00590705 0.0112893 0.0146511
internal_weight=88068.4 54866.3 42759.3 33202.1 12107 35281 20717.4 19403.8 6534.23 5572.81 12484.7 7478.31 1533.96 10950.7 1313.61
internal_count=433829 236775 179609 197054 57166 146417 107706 100317 29210 27956 89348 33192 9666 79682 7389
is_linear=0
shrinkage=0.0142514


Tree=74
num_leaves=16
num_cat=0
split_feature=55 24 55 39 84 81 163 18 81 166 38 168 19 84 24
split_gain=11388.5 2613.4 1625.18 987.394 954.98 645.071 521.087 428.94 371.923 361.457 261.964 246.149 241.064 155.003 95.9564
threshold=0.52294263243675243 -0.36845174431800837 1.8243174552917483 -0.5798983871936797 -1.0000000180025095e-35 1.0000000180025095e-35 0.020451154559850696 -0.23619345575571057 1.0000000180025095e-35 -0.23414029926061627 0.25087960064411169 0.77204519510269176 0.244914785027504 -1.0000000180025095e-35 0.44779831171035772
decision_type=10 8 10 10 2 2 8 10 2 8 10 10 10 2 10
left_child=1 3 6 12 8 -6 10 14 -3 -8 -2 -5 -1 -9 -4
right_child=2 4 7 11 5 -7 9 13 -10 -11 -12 -13 -14 -15 -16
leaf_value=-0.011675787907783746 0.0031638808597468978 -0.007270470313442046 0.0048898293852299235 -0.00428482753711817 -0.0020510499170257549 0.0030413795432426903 0.0099557344405551834 0.0056253677927348344 -0.0026107543801441959 0.0002840882399779043 0.0086281954824291157 0.00486396245051148 -0.0059992476106391045 0.011039618088006176 0.011124881046170322
leaf_weight=10816.271999999881 3339.2440326213837 7435.4990566670895 4327.1435675024986 2239.9814108759165 15187.468151092529 7570.3790117055178 855.29589112102985 1179.9075581878424 6538.2032952457666 9518.0778319984674 3821.0069171339273 814.41511914134026 1767.9990513473749 11979.416379317641 567.00673951208591
leaf_count=47595 16769 30302 24130 9101 63653 34155 4915 7237 27299 47811 21595 3433 7370 85099 3347
internal_value=-7.73443e-06 -0.00423501 0.00621314 -0.00911409 -0.00215769 -0.000357054 0.00312277 0.00921451 -0.00509024 0.00108158 0.00607991 -0.00184538 -0.0108783 0.0105542 0.00561231
internal_weight=87957.3 52370.2 35587.1 15638.7 36731.5 22757.8 17533.6 18053.5 13973.7 10373.4 7160.25 3054.4 12584.3 13159.3 4894.15
internal_count=433811 222908 210903 67499 155409 97808 91090 119813 57601 52726 38364 12534 54965 92336 27477
is_linear=0
shrinkage=0.0142514


Tree=75
num_leaves=16
num_cat=0
split_feature=32 70 32 25 26 69 168 17 84 86 40 68 163 168 170
split_gain=11094.1 3339.42 1387.33 1162.33 1140.3 863.76 684.231 606.86 477.366 396.515 359.521 221.144 217.519 157.935 83.2948
threshold=-0.3511462658643722 -2.2623180150985713 -0.68512877821922291 -0.16856448352336881 0.80472564697265636 1.5539166927337649 0.81936311721801769 -0.38000012934207911 1.0000000180025095e-35 5.7021131515502939 0.60878115892410289 26.481741905212406 0.21762371808290484 0.84910878539085399 -0.1854344308376312
decision_type=10 2 10 10 8 2 10 10 2 2 10 8 10 10 8
left_child=1 2 7 6 12 -6 9 -1 -4 -2 14 -8 -3 -12 -5
right_child=3 4 8 10 5 -7 11 -9 -10 -11 13 -13 -14 -15 -16
leaf_value=-0.011322262747612815 0.0015668937258236271 -0.0017669324205816306 -0.0075633446907908573 -0.0038360932400734 -0.0018307646276925704 0.0058914462712392349 0.011757363831026447 -0.0064954642060358501 0.00015769524102679207 0.0085899713444368801 0.0095771067361259815 0.0035164308975178114 -0.0056000881559046048 0.013097896095285173 0.0046891076824828615
leaf_weight=10910.336670130491 10296.09592269361 11557.067035138607 2266.5844788700342 354.69447837769985 4700.0044816732407 7864.4987759292126 2719.926632091403 10271.187321320176 5757.4324513524771 1940.4340582787991 10020.646839231253 873.92130514979362 4064.1254014372826 3489.4767989516258 676.9040645211935
leaf_count=47904 52561 48942 9234 1984 20431 39396 15610 42018 23956 9971 69826 4948 17006 26173 3862
internal_value=-6.72906e-06 -0.00369279 -0.00706996 0.00695846 -0.000193415 0.0030028 0.00428636 -0.00898171 -0.00202335 0.00268063 0.00986732 0.00975349 -0.00276421 0.0104865 0.00175784
internal_weight=87763.3 57391.2 29205.5 30372.1 28185.7 12564.5 15830.4 21181.5 8024.02 12236.5 14541.7 3593.85 15621.2 13510.1 1031.6
internal_count=433822 248887 123112 184935 125775 59827 83090 89922 33190 62532 101845 20558 65948 95999 5846
is_linear=0
shrinkage=0.0142514


Tree=76
num_leaves=16
num_cat=0
split_feature=55 24 39 101 101 19 70 24 156 163 55 168 168 24 68
split_gain=10988.3 2741.96 1288.85 1216.99 736.546 628.33 482.513 467.032 297.74 292.152 273.767 220.77 180.905 138.269 94.4004
threshold=0.73306429386138927 -0.27777777612209315 -0.11097704246640204 -0.37456469237804407 -0.23332761973142621 1.1796373724937441 2.2332041263580327 -0.46677474677562708 0.061666704714298255 0.020451154559850696 2.0460489988327031 0.77044191956520092 0.81660932302474987 0.44779831171035772 24.783755302429203
decision_type=10 8 10 10 10 10 2 10 10 8 10 10 10 10 8
left_child=1 3 6 7 5 -3 9 -1 -6 -2 -8 -5 13 -4 -14
right_child=2 4 12 11 8 -7 10 -9 -10 -11 -12 -13 14 -15 -16
leaf_value=-0.011977860314642302 0.0052463429558275449 -0.0026966514502015887 0.007220215040418974 -0.0021863481552901729 0.00521561562795308 0.0061846451420702131 0.0043688029068868406 -0.0073536828157229348 -0.0033516115394005182 -0.00095288968338560435 0.0084215392667082844 0.005691468805222537 0.014243142986042161 0.011101995462857669 0.0094215593671070023
leaf_weight=6943.7589483559132 2455.8898643553257 25526.608809381723 3748.9224214702845 2370.5649385154247 4412.6851847469807 1727.3320245593786 8317.2305886149406 12284.617108687758 1012.9991906136274 4158.1643969118595 5709.3672680407763 1039.1966713815928 2927.638410821557 3707.3848471492529 1148.9184369146824
leaf_count=31088 12518 107847 24028 9665 20932 7701 44900 51219 4595 20086 35442 4466 22168 28184 8594
internal_value=3.18107e-05 -0.00381995 0.00665436 -0.00763214 -0.00117912 -0.00213375 0.00452219 -0.0090236 0.00361606 0.001349 0.00601845 0.000214639 0.0104703 0.00915036 0.0128844
internal_weight=87491.3 55317.8 32173.5 22638.1 32679.6 27253.9 20640.7 19228.4 5425.68 6614.05 14026.6 3409.76 11532.9 7456.31 4076.56
internal_count=433433 237513 195920 96438 141075 115548 112946 82307 25527 32604 80342 14131 82974 52212 30762
is_linear=0
shrinkage=0.0142514


Tree=77
num_leaves=16
num_cat=0
split_feature=32 70 84 32 26 69 26 39 166 166 166 168 32 39 169
split_gain=10461.5 3299.42 1447.23 1034.1 988.093 862.514 679.252 583.375 557.462 686.654 495.775 167.274 114.011 55.2496 49.2462
threshold=-0.33020702004432673 -2.1374192237853999 1.0000000180025095e-35 -0.1073201186954975 0.83472615480422985 1.886232376098633 0.15725088119506839 -0.47249993681907648 -0.23414029926061627 0.075707260519266142 -0.23414029926061627 0.82973304390907299 -0.042089400812983506 -0.27988982200622553 0.17169941961765292
decision_type=10 2 2 10 8 2 8 10 8 8 8 10 10 10 10
left_child=1 2 6 8 10 -6 -1 -4 14 -10 -3 12 -5 -13 -2
right_child=3 4 7 11 5 -7 -8 -9 9 -11 -12 13 -14 -15 -16
leaf_value=-0.01216437027244667 0.016339012939731428 0.0062190404874006185 -0.005529128655748887 0.0073190178528913241 -0.0012346716481341981 0.0063845393120858691 -0.0067876466354857314 0.001123630509801551 -0.00016120924532612445 0.006162046956888061 -0.003036651603680756 0.005074897660351383 0.010780506692316375 0.013531268391431234 0.0091001848631033187
leaf_weight=8240.7694895267487 847.54420140385628 1276.5110457837582 5995.3105960935354 3399.4991454780102 5348.0689649879932 6924.8980666548014 11338.380924090743 4836.8310754150152 5057.4454301297665 11239.597180649638 14831.373935639858 165.27781394869089 4480.8028498589993 3137.7840732559562 246.69919654726982
leaf_count=37092 5034 5561 24604 23163 23566 35419 46439 20384 26408 61488 63038 1204 34331 24449 1450
internal_value=-3.87508e-05 -0.00347681 -0.00673828 0.00703503 1.79917e-05 0.0030644 -0.00905071 -0.00255851 0.00486095 0.00419976 -0.00230314 0.0104159 0.00928731 0.0131082 0.0147076
internal_weight=87366.8 58792.1 30411.3 28574.6 28380.9 12273 19579.2 10832.1 17391.3 16297 16107.9 11183.4 7880.3 3303.06 1094.24
internal_count=433630 256103 128519 177527 127584 58985 83531 44988 94380 87896 68599 83147 57494 25653 6484
is_linear=0
shrinkage=0.0142514


Tree=78
num_leaves=16
num_cat=0
split_feature=32 17 32 32 19 17 166 166 150 76 166 57 166 165 169
split_gain=10470.8 3072.26 1548.24 1315.92 1017.63 990.8 677.115 785.136 556.294 306.123 258.946 205.052 139.599 107.74 63.1152
threshold=-0.37719339132308954 0.093495912849903121 -0.67189213633537281 -0.13823728263378141 1.0456953644752505 -0.32386325299739832 -0.23414029926061627 0.079563446342945113 0.03188032470643521 -0.071637813001871095 -0.18405760824680326 2.499055147171021 -0.23414029926061627 -0.076394647359848009 0.16803523153066638
decision_type=10 8 10 10 8 10 8 8 8 8 8 10 8 10 10
left_child=1 2 5 6 10 -1 14 -8 -4 -6 -3 12 -5 -13 -2
right_child=3 4 8 11 9 -7 7 -9 -10 -11 -12 13 -14 -15 -16
leaf_value=-0.010250353072878146 0.016332474892577737 0.0052663514724150835 0.0012241406012009116 0.015388577135453807 -0.0096494618734356656 -0.0047754287580640776 -0.0010535704494555474 0.0054399227345954312 -0.004617659115447004 0.0059712225769701453 -0.0029265309839159913 0.0015475825724386673 0.0041947719082197858 0.010830170549370743 0.0082061324675480433
leaf_weight=14646.42564882338 908.77633492648602 888.02073299884796 6404.9283858984709 260.39069654047489 263.93379479646683 12395.218214571476 5604.151411280036 11630.315274804831 6853.2065974473953 7329.9151082783937 6655.5033036917448 259.82738688588142 1725.5064101964235 11277.269737049937 247.0838345438242
leaf_count=63831 5185 4004 26945 1792 1115 50834 28059 60943 28447 36202 29042 1865 10777 83949 1396
internal_value=1.50005e-05 -0.00372871 -0.00578488 0.00651825 0.00174539 -0.0077408 0.00403665 0.00332843 -0.00179553 0.00542824 -0.00196203 0.00989302 0.00566291 0.0106211 0.0145958
internal_weight=87350.5 55437.2 40299.8 31913.3 15137.4 27041.6 18390.3 17234.5 13258.1 7593.85 7543.52 13523 1985.9 11537.1 1155.86
internal_count=434386 240420 170057 193966 70363 114665 95583 89002 55392 37317 33046 98383 12569 85814 6581
is_linear=0
shrinkage=0.0142514


Tree=79
num_leaves=16
num_cat=0
split_feature=55 24 32 32 101 166 19 166 166 166 168 168 147 31 49
split_gain=10110.9 2600.04 1249 1237.95 713.781 559.176 557.119 387.33 363.79 295.305 284.171 186.381 175.898 143.943 92.3106
threshold=0.80550169944763195 -0.25485228002071375 -0.69142743945121754 -0.1288255378603935 -0.23332761973142621 -0.17089480906724927 0.244914785027504 -0.23414029926061627 0.075707260519266142 -0.22678092867135999 0.46400654315948492 0.82973304390907299 0.1529997140169144 0.47709925472736364 0.71744790673255932
decision_type=10 8 10 10 10 10 8 8 10 8 8 10 8 10 8
left_child=1 2 6 9 5 -3 -1 -4 -6 12 -11 13 -2 -5 -13
right_child=3 4 7 11 8 -7 -8 -9 -10 10 -12 14 -14 -15 -16
leaf_value=-0.010839564945917939 0.014729641927091502 0.0021521953110804001 0.012496795222196367 0.0073814319988516949 -0.0025043770329798423 -0.0029743271259322084 -0.0057924446715928992 -0.002213339416286559 0.005810217525181887 -0.00099317086594995587 0.0044664885262975353 0.014589630428553657 0.00025507041274646958 0.011053842819083143 0.0099067132717566477
leaf_weight=11432.481855168939 802.58824111521244 5452.2196540981531 391.10252931714058 5170.4177159145474 1435.6109385788441 20833.824626863003 7264.9940843433142 5150.624819278717 4182.2524289488792 2224.6735511273146 14934.866855815053 2195.7150931283832 216.51536236703396 3733.5962467193604 1401.1736766770482
leaf_count=50711 4912 23725 1639 35245 6616 88397 29807 21305 20122 11581 79983 17254 1218 29150 10878
internal_value=-3.65012e-06 -0.00359876 -0.0071173 0.00657534 -0.000925519 -0.00191099 -0.00887851 -0.00117506 0.00368547 0.00420135 0.00375866 0.0100275 0.0116546 0.0089214 0.0127656
internal_weight=86822.7 56143.1 24239.2 30679.5 31903.9 26286 18697.5 5541.73 5617.86 18178.6 17159.5 12500.9 1019.1 8904.01 3596.89
internal_count=432543 242322 103462 190221 138860 112122 80518 22944 26738 97694 91564 92527 6130 64395 28132
is_linear=0
shrinkage=0.0142514


Tree=80
num_leaves=16
num_cat=0
split_feature=32 24 71 84 26 25 19 166 168 166 32 40 49 168 170
split_gain=9917.5 2997.85 1115.79 1052.48 902.781 838.364 532.094 525.736 498.496 437.215 408.459 250.322 172.95 140.485 64.1485
threshold=-0.31370581686496729 -0.26393285393714899 1.4614753127098086 1.0000000180025095e-35 0.99542739987373363 -0.16186314076185224 0.28297440707683569 0.075707260519266142 0.81936311721801769 -0.23414029926061627 -0.75438526272773732 0.60878115892410289 0.69140625000000011 0.81660932302474987 -0.17761597037315366
decision_type=10 8 2 2 8 10 8 8 10 8 10 10 8 10 8
left_child=1 3 7 6 -4 8 -1 -3 9 -2 -5 14 -10 -13 -7
right_child=5 2 4 10 -6 11 -8 -9 12 -11 -12 13 -14 -15 -16
leaf_value=-0.01119590492829377 0.014356327838334258 -0.0051670586440246353 -0.00041688863662483068 -0.0069451918933453229 0.0071403255948448837 -0.0026748282098583306 -0.0057113480981391311 -0.00078522402991945326 0.0126677204219918 0.0024350129079775957 -0.00019123003802344138 0.0092347271695727255 0.0059476994127604672 0.012504528183213223 0.0053059647600867252
leaf_weight=10311.245526000857 667.55189907550812 9320.6799215078354 7983.8472501635551 2992.4792636781931 5369.8598828613758 322.18511937558651 5514.2349456250668 13787.894676506519 1743.7639175206423 9752.7062124609947 4636.2000352144241 8627.7472387477756 1404.5536029040813 3865.0367887839675 560.07968035340309
leaf_count=46135 3902 39068 35493 12495 28348 1844 22615 59066 10469 50986 19106 62193 8242 30233 3298
internal_value=1.51061e-05 -0.00321417 -0.000657469 -0.00718885 0.00262207 0.00719626 -0.00928489 -0.00255261 0.00470033 0.0031988 -0.00284062 0.00972828 0.00966989 0.0102464 0.00239156
internal_weight=86860.1 59916.4 36462.3 23454.2 13353.7 26943.6 15825.5 23108.6 13568.6 10420.3 7628.68 13375 3148.32 12492.8 882.265
internal_count=433493 262326 161975 100351 63841 171167 68750 98134 73599 54888 31601 97568 18711 92426 5142
is_linear=0
shrinkage=0.0142514


Tree=81
num_leaves=16
num_cat=0
split_feature=32 70 101 25 69 33 24 168 166 166 57 166 166 68 25
split_gain=9732.54 2923.77 1284.06 1151.04 1002.65 691.847 659.18 604.561 535.716 357.429 320.583 267.563 264.934 186.308 121.999
threshold=-0.35966144502162928 -2.1374192237853999 -0.38426084816455836 -0.20949761569499967 2.0086245536804204 0.67404726147651683 -0.45312495529651636 0.82973304390907299 -0.23414029926061627 0.053719414398074157 2.7582685947418217 -0.18405760824680326 0.073279991745948805 19.976826667785648 -0.067539259791374193
decision_type=10 2 10 10 2 8 10 10 8 10 10 8 8 8 10
left_child=1 2 6 7 12 -6 -1 8 -2 -4 11 -5 -3 -9 -12
right_child=3 4 9 10 5 -7 -8 13 -10 -11 14 -13 -14 -15 -16
leaf_value=-0.011562946557308473 0.014384226201964308 -0.0042730316935268237 -0.0079361192708328598 0.014286913883603168 -0.00088918676691824476 0.0067250358396046175 -0.0064383325641693724 0.011821932889170061 0.0012073914357324926 0.0011789464930308583 0.0086616876698599275 0.004677587035435157 -0.00063137257906466888 0.0036880803120272316 0.011629399190048482
leaf_weight=7314.8244433701038 666.86190086603165 7110.9543989002705 1072.8460075110197 684.11874109506607 4177.2235629111528 5773.5254608243704 16822.896074026823 1961.4085441082716 10380.342606306076 4707.0966941565275 4876.6058271303773 4210.2134856507182 9449.0735892355442 807.47152453660965 6653.5203262716532
leaf_count=33413 3704 29875 4399 4545 18463 30067 69566 11159 51881 19601 33867 25270 40360 4507 52853
internal_value=3.25315e-06 -0.00349286 -0.00654657 0.00652695 -4.67104e-05 0.00352868 -0.00799135 0.0034954 0.00200288 -0.000513013 0.00907704 0.00602091 -0.00219513 0.00945004 0.0103743
internal_weight=86669 56428.4 29917.7 30240.5 26510.8 9950.75 24137.7 13816.1 11047.2 5779.94 16424.5 4894.33 16560 2768.88 11530.1
internal_count=433530 245744 126979 187786 118765 48530 102979 71251 55585 24000 116535 29815 70235 15666 86720
is_linear=0
shrinkage=0.0142514


Tree=82
num_leaves=16
num_cat=0
split_feature=32 70 101 25 19 10 168 24 166 166 40 49 166 168 123
split_gain=9365.02 2884.68 1232.48 1168.03 937.261 755.376 748.819 665.497 652.541 354.935 297.249 276.973 259.287 137.134 93.9028
threshold=-0.37719339132308954 -2.1819665431976314 -0.39374659955501551 -0.14554128050804135 1.0791202187538149 -0.071428552269935594 0.81936311721801769 -0.43913054466247553 -0.23414029926061627 0.055031524971127517 0.58516404032707225 0.71744790673255932 0.073279991745948805 0.81660932302474987 5.7497944831848153
decision_type=10 2 10 10 8 8 10 10 8 10 10 8 8 10 8
left_child=1 2 7 6 12 -6 8 -1 -2 -4 14 -8 -3 -12 -5
right_child=3 4 9 10 5 -7 11 -9 -10 -11 13 -13 -14 -15 -16
leaf_value=-0.011306611585401366 0.01414915236837915 -0.0038571138653380041 -0.0078896339368844121 0.0075273197286355809 -0.0047007730708062698 0.0057612333463592522 0.012449779878240065 -0.0062515890736353757 0.0016935947296345503 0.0010449521125470299 0.0091621049968586051 0.0049863744899297686 -0.00032475893772378363 0.012484301814023078 -0.0024830294816573428
leaf_weight=8065.9426044076681 911.57189726829529 7911.1328204423189 1117.1903182566166 303.97724217176437 1739.8433824628592 7210.8808360397816 2423.7285444289446 15367.987234145403 13579.438644140959 4710.5143499970436 8342.1129284650087 1731.4700725078583 9047.1255457550287 3619.0984752476215 508.83760425448418
leaf_count=36907 5219 33771 4568 1765 7623 35603 14486 63350 69633 19535 61035 10072 38749 28848 2853
internal_value=7.03583e-05 -0.00346658 -0.00653299 0.00628085 -3.37717e-06 0.00372761 0.00400652 -0.00799155 0.00247718 -0.0006679 0.00960065 0.00933989 -0.00197263 0.0101674 0.00126092
internal_weight=86590.9 55170.6 29261.6 31420.2 25909 8950.72 18646.2 23433.9 14491 5827.7 12774 4155.2 16958.3 11961.2 812.815
internal_count=434017 240106 124360 193911 115746 43226 99410 100257 74852 24103 94501 24558 72520 89883 4618
is_linear=0
shrinkage=0.0142514


Tree=83
num_leaves=16
num_cat=0
split_feature=32 70 84 32 69 33 70 39 166 166 150 40 163 85 121
split_gain=9033 2967.59 1339.84 904.837 819.904 665.871 616.382 481.977 464.102 619.449 320.771 138.648 111.991 83.2082 56.1696
threshold=-0.32608391344547266 -2.0045534372329707 1.0000000180025095e-35 -0.11043277755379675 1.7268401980400088 0.69035711884498607 -3.5495525598525997 -0.47775930166244501 -0.23414029926061627 0.081788700073957457 0.089225210249423995 0.65675941109657299 0.015666389837861065 0.11027656868100168 0.72447767853736889
decision_type=10 2 2 10 2 8 2 10 8 8 8 10 8 2 10
left_child=1 2 6 8 10 -6 -1 -4 14 -10 -3 13 -13 -5 -2
right_child=3 4 7 11 5 -7 -8 -9 9 -11 -12 12 -14 -15 -16
leaf_value=-0.01099035043280917 0.015822381983661937 0.00070491163140196556 -0.0049349411881093597 -0.0035482568131998027 -0.0006241780655150904 0.0062105478010864778 -0.0059787123019249683 0.00098385348157770981 -2.3303289724953901e-05 0.0060378917472638082 -0.0034563211709668874 0.011901259244944399 0.0089290856356487487 0.0075511052728908555 0.0080928622762947693
leaf_weight=9420.1391095370054 780.10274515300989 6185.3563134074211 6022.0267584323883 227.79790794849396 5242.0228037089109 6466.3795946836472 10585.670995175838 5213.3981123119593 5074.6333494484425 10531.962823942304 9604.7612770795822 4903.5898611545563 5424.8070139437914 344.67736116796732 253.10267516970634
leaf_count=42496 4834 26789 24839 1462 23276 33684 43614 21995 26677 58541 40660 38613 41880 2296 1561
internal_value=3.59337e-05 -0.00312154 -0.00612682 0.0067703 0.000292777 0.00315055 -0.00833857 -0.00218854 0.00467947 0.00406704 -0.00182627 0.00996184 0.0103402 0.00313456 0.0139295
internal_weight=86280.4 58739.8 31241.2 27540.7 27498.5 11708.4 20005.8 11235.4 16639.8 15606.6 15790.1 10900.9 10328.4 572.475 1033.21
internal_count=433217 257353 132944 175864 124409 56960 86110 46834 91613 85218 67449 84251 80493 3758 6395
is_linear=0
shrinkage=0.0142514


Tree=84
num_leaves=15
num_cat=0
split_feature=32 70 84 26 25 69 168 26 166 166 39 47 49 168
split_gain=8615.34 2826.77 1358.84 938.022 932.133 776.18 588.726 539.662 508.428 488.892 441.034 243.028 230.271 142.762
threshold=-0.32608391344547266 -2.3018486499786373 1.0000000180025095e-35 0.83472615480422985 -0.14885824173688886 1.7549489140510561 0.81936311721801769 0.11013896390795709 -0.23414029926061627 -0.23414029926061627 -0.54703575372695912 0.35742382705211645 0.71744790673255932 0.82973304390907299
decision_type=10 2 2 8 10 2 10 8 8 10 10 8 8 10
left_child=1 2 7 9 6 -5 8 -1 -2 -3 -4 -6 -8 -13
right_child=4 3 10 5 11 -7 12 -9 -10 -11 -12 13 -14 -15
leaf_value=-0.011850938263014848 0.014266567844364106 0.0054509595980636429 -0.0055865704985161562 -0.0011725700098693371 -0.0074264670879689064 0.0060619217941024917 0.01243946608298045 -0.0067585364876338941 0.0018951230335599257 -0.0028487575120585188 0.00037164013407376431 0.0087866420168817919 0.0050031012558251851 0.012237715760859198
leaf_weight=6581.7351160645485 719.55437648296356 1582.8221514821053 4346.5512885600328 5210.6265619546175 169.98489326238632 7138.503181219101 2037.5944259315729 11813.036729827523 10809.247420579195 16134.740662932396 6014.9392220377922 8910.9177302718163 1446.0501824766397 3350.5563228651881
leaf_count=30699 4333 6860 18067 22879 935 36864 12565 49020 56856 68435 25093 65580 8639 27081
internal_value=1.52205e-05 -0.00306103 -0.00625556 -5.73399e-06 0.00660882 0.00300939 0.00421873 -0.00858065 0.00266734 -0.00210728 -0.00212779 0.00949511 0.00935279 0.00972973
internal_weight=86266.9 58823 28756.3 30066.7 27443.9 12349.1 15012.4 18394.8 11528.8 17717.6 10361.5 12431.5 3483.64 12261.5
internal_count=433906 257917 122879 135038 175989 59743 82393 79719 61189 75295 43160 93596 21204 92661
is_linear=0
shrinkage=0.0142514


Tree=85
num_leaves=16
num_cat=0
split_feature=32 70 32 70 32 84 168 166 24 166 26 49 168 40 49
split_gain=8672.66 2776.05 1325.65 907.862 792.131 475.707 445.877 473.574 444.569 432.189 379.374 209.948 102.909 83.0124 54.3276
threshold=-0.30176387727260584 -2.5427484512329097 -0.72539678215980519 3.0063800811767583 -0.080669771879911409 1.0000000180025095e-35 0.81936311721801769 -0.23414029926061627 -0.45750553905963892 -0.23414029926061627 0.98200303316116344 0.70703125000000011 0.82973304390907299 0.58516404032707225 0.72265625000000011
decision_type=10 2 10 2 10 2 10 8 10 8 8 8 10 10 8
left_child=1 2 8 9 6 -4 7 -2 -1 -3 -5 -8 13 -6 -14
right_child=4 3 5 10 12 -7 11 -9 -10 -11 -12 -13 14 -15 -16
leaf_value=-0.011445772359681331 0.014165109629663577 0.0045632918222511098 -0.0070730076263262704 -0.00012720382331012152 0.00021502391515189996 0.00041106753035360905 0.012181283319951117 0.0031506671040725182 -0.0068358667126045391 -0.0019710641870300753 0.0068410160735697433 0.0055313895666252062 0.014437714743608773 0.0097416207588369615 0.010188250964259831
leaf_weight=6871.7553863227367 848.59333857893944 2240.9118407666683 2422.1420912593603 2467.5759687721729 191.82381321489811 5992.5355696678162 2265.0731746256351 12055.140570819378 11132.85755071044 24883.099454537034 4446.0528487116098 1679.3394619002938 1615.4517522081733 5892.9649030938745 984.06775284558535
leaf_count=31894 5390 9797 9908 11758 1199 24983 14694 66538 46755 106809 24526 10524 13686 46903 8225
internal_value=-5.3363e-06 -0.00294661 -0.00641292 -0.00025613 0.00695914 -0.00174324 0.00515692 0.00387508 -0.00859534 -0.0014312 0.00435398 0.00935021 0.0104555 0.0094413 0.0128293
internal_weight=85989.4 60456.9 26419.3 34037.6 25532.5 8414.68 16848.1 12903.7 18004.6 27124 6913.63 3944.41 8684.31 6084.79 2599.52
internal_count=433589 266430 113540 152890 167159 34891 97146 71928 78649 116606 36284 25218 70013 48102 21911
is_linear=0
shrinkage=0.0142514


Tree=86
num_leaves=16
num_cat=0
split_feature=32 70 84 32 19 131 168 70 150 32 150 68 64 168 55
split_gain=8427.63 2876.19 1223.16 904.249 827.027 725.551 510.659 506.962 432.358 387.317 317.833 203.451 124.352 89.1978 44.944
threshold=-0.32608391344547266 -2.2623180150985713 1.0000000180025095e-35 -0.086663465946912752 1.0456953644752505 -0.080107290297746644 0.82973304390907299 -3.5495525598525997 -0.040442787110805505 -0.79263851046562184 0.25568786263465887 20.642625808715824 0.65893116593360912 0.81660932302474987 2.0460489988327031
decision_type=10 2 2 10 8 8 10 2 8 10 8 8 10 10 10
left_child=1 2 7 6 10 -6 8 -1 -2 -4 -3 -8 14 -14 -5
right_child=3 4 9 12 5 -7 11 -9 -10 -11 -12 -13 13 -15 -16
leaf_value=-0.010778165213137181 0.0060427057572447042 -0.00018417501621412818 -0.0066901354811877397 -0.0022877328538424245 -0.0075242156976880747 0.0048322215531181011 0.011448342685822337 -0.0060617623348661409 0.0011065867534802969 -0.00059955153835868807 -0.003915553624628117 0.0040710008141940819 0.0096168346984678247 0.01270812376579146 0.0065638098327915877
leaf_weight=9327.6797505170107 7010.0727976560593 12218.271555900574 2964.1727667152882 181.93543161451817 1085.1787620335817 8723.220480248332 2723.5130735263228 9189.3146284073591 7417.6002960801125 7451.5322360247374 7471.4777455180883 1052.8139010444283 5653.2406813949347 2853.8165156915784 323.78895518928766
leaf_count=42513 38769 53198 12451 1174 4609 43066 17406 38008 40506 30980 31864 6536 45000 24203 2404
internal_value=3.75903e-06 -0.0030473 -0.00623993 0.00655398 8.41321e-05 0.0034651 0.00472615 -0.00843761 0.00350495 -0.00233288 -0.00160009 0.00939169 0.0102458 0.0106539 0.00337955
internal_weight=85647.6 58430.8 28932.7 27216.8 29498.1 9808.4 18204 18517 14427.7 10415.7 19689.7 3776.33 9012.78 8507.06 505.724
internal_count=432687 256689 123952 175998 132737 47675 103217 80521 79275 43431 85062 23942 72781 69203 3578
is_linear=0
shrinkage=0.0142514


Tree=87
num_leaves=16
num_cat=0
split_feature=25 84 55 69 26 163 47 168 166 39 166 166 115 26 168
split_gain=8194.57 2272.31 1408.64 1190.7 1035.23 721.441 611.231 426.77 295.77 281.69 265.306 203.889 156.402 136.891 45.7374
threshold=-0.39989079535007471 -1.0000000180025095e-35 1.7992397546768191 2.2098497152328496 0.26069378852844244 0.020451154559850696 0.33799421787261968 0.82973304390907299 -0.6019114851951598 -0.035489171743392937 -0.18405760824680326 -0.19063995033502576 -0.15103709697723386 0.048126816749572761 0.81660932302474987
decision_type=10 2 10 2 10 8 10 10 10 10 8 8 10 10 10
left_child=1 4 6 5 13 -3 10 -8 -6 11 -2 -4 -5 -1 -11
right_child=2 3 9 12 8 -7 7 -9 -10 14 -12 -13 -14 -15 -16
leaf_value=-0.01235799769265844 0.0062950589053183551 0.0010548800713651245 0.014266730924312993 0.007867200067342343 0.0062701330783464758 -0.0037711260804604318 0.0027668234807935771 0.0089621258878149236 -0.0046740686382757898 0.010449016536336137 -0.0055187294991899827 0.0067994877219656963 -0.00024276684814046408 -0.0089879108192285652 0.013292934431831938
leaf_weight=4319.7424835413694 467.29934024810791 9696.4357619732618 804.73005232214928 3070.3691357821226 525.49207219481468 17915.154234945774 12151.706656947732 2773.7979206740856 10980.905135437846 3059.2400186508894 2220.3960193321109 9629.8297135531902 573.11623048782349 5652.4262632727623 1841.3758262172341
leaf_count=20585 2160 41935 5990 15658 2156 76650 62939 16747 45457 25424 10238 64079 2685 24731 16069
internal_value=-3.45447e-05 -0.00351832 0.00554121 -0.00106592 -0.00708698 -0.00207637 0.00279161 0.00391821 -0.00417422 0.00869923 -0.00346462 0.00737545 0.00659153 -0.0104478 0.0115177
internal_weight=85682 52733.6 32948.4 31255.1 21478.6 27611.6 17613.2 14925.5 11506.4 15335.2 2687.7 10434.6 3643.49 9972.17 4900.62
internal_count=433503 229857 203646 136928 92929 118585 92084 79686 47613 111562 12398 70069 18343 45316 41493
is_linear=0
shrinkage=0.0142514


Tree=88
num_leaves=16
num_cat=0
split_feature=32 70 101 25 70 168 24 150 82 26 112 102 68 168 57
split_gain=8157.73 2541.04 1053.21 878.789 858.287 601.875 597.564 470.218 328.875 278.232 262.995 254.37 207.945 117.096 49.1095
threshold=-0.34262375533580774 -2.1819665431976314 -0.39374659955501551 -0.12349713966250418 3.3548955917358403 0.82973304390907299 -0.43913054466247553 -0.040442787110805505 -1.0000000180025095e-35 0.97576415538787853 -0.26776029169559473 0.44057114422321325 19.976826667785648 0.81660932302474987 1.5457431674003603
decision_type=10 2 10 10 2 10 10 8 2 8 10 8 8 10 10
left_child=1 2 6 5 8 7 -1 -2 -3 -6 -4 14 -7 -13 -5
right_child=3 4 10 11 9 12 -8 -9 -10 -11 -12 13 -14 -15 -16
leaf_value=-0.010631956361907882 0.0056117176749369531 -0.0036998139421033634 -0.0016777033597074023 -0.006130367698858526 0.00021089236115887669 0.011616731254113853 -0.0057944973400537109 0.00033400146595792231 -3.0784487752927798e-05 0.0075244315001086028 0.008823375663534477 0.0088993092659735967 0.0041166853397940498 0.012198061390743383 0.003343458596858675
leaf_weight=7821.0620534420013 6678.4969898611307 7284.6958290934563 5549.6413867622614 209.15921449661255 1514.3306752890348 2571.1298917904496 15397.008281186223 7045.9468390643597 15560.837635233998 3494.4755170792341 530.65701329708099 7271.1062143743038 1060.6298748329282 3125.8022672683001 236.98268136382103
leaf_count=36582 36423 30400 23073 1149 7294 16435 63797 37678 67979 19633 2230 55646 6557 26387 1603
internal_value=-1.64382e-05 -0.00311127 -0.00604128 0.00625599 -2.93496e-05 0.00426744 -0.00742403 0.00290222 -0.00120072 0.00531333 -0.000761147 0.00943897 0.0094265 0.00989113 -0.00109826
internal_weight=85352 57152.7 29298.4 28199.3 27854.3 17356.2 23218.1 13724.4 22845.5 5008.81 6080.3 10843.1 3631.76 10396.9 446.142
internal_count=432866 250988 125682 181878 125306 97093 100379 74101 98379 26927 25303 84785 22992 82033 2752
is_linear=0
shrinkage=0.0142514


Tree=89
num_leaves=16
num_cat=0
split_feature=25 40 55 69 168 84 115 168 33 26 25 84 106 39 98
split_gain=7816.67 2172.42 1387.52 1067.87 867.298 628.388 460.937 456.905 362.377 272.935 185.832 124.499 100.896 99.7933 78.9174
threshold=-0.39989079535007471 0.21525002270936969 2.0460489988327031 1.961914658546448 0.81936311721801769 1.0000000180025095e-35 -0.94153437018394459 0.81936311721801769 0.52357584238052379 0.1848477050662041 -0.076559029519557939 -1.0000000180025095e-35 0.30146056413650518 -0.73057261109352101 0.85788235068321239
decision_type=10 8 10 2 10 2 10 10 10 10 10 2 10 10 8
left_child=1 9 5 4 -3 8 -5 -7 -2 13 14 -12 -11 -1 -4
right_child=2 3 10 6 -6 7 -8 -9 -10 12 11 -13 -14 -15 -16
leaf_value=-0.011585094815032051 -0.0054871284969543127 -0.0036788700812260904 0.0080120592272410786 0.0061208557119074233 0.0035367633582155428 0.0033784920884833876 -0.0020525338837061131 0.0096666540872765664 0.0017724313364173591 -0.0080695070695681898 0.0045105245568675227 0.011070579588467321 -0.0035127448501346688 -0.0048901594042607809 0.0039734856532645099
leaf_weight=5832.4117887020111 2095.9552682265639 32057.479163229465 4202.9655754044652 4251.6897930502892 3782.416745826602 10231.235643327236 2090.3234124332666 3045.4971646666527 4184.8804746940732 2684.1006075888872 642.22937078028917 6919.0382213294506 1561.0102202296257 490.33027608692646 1282.8736772835255
leaf_count=27897 9173 135225 28414 20982 17078 55019 9404 19235 21713 11096 4379 56989 6519 2119 8195
internal_value=-2.04343e-05 -0.00341111 0.00546519 -0.00196349 -0.00291735 0.00306392 0.00342692 0.00482094 -0.000650159 -0.00918926 0.00906466 0.0105134 -0.00639397 -0.011066 0.00706768
internal_weight=85354.4 52749.8 32604.7 42181.9 35839.9 19557.6 6342.01 13276.7 6280.84 10567.9 13047.1 7561.27 4245.11 6322.74 5485.84
internal_count=433437 230320 203117 182689 152303 105140 30386 74254 30886 47631 97977 61368 17615 30016 36609
is_linear=0
shrinkage=0.0142514


Tree=90
num_leaves=15
num_cat=0
split_feature=32 70 101 32 70 168 24 150 81 33 48 112 40 168
split_gain=7750.95 2419.31 1058.17 996.688 772.937 551.65 538.378 417.841 299.522 296.044 215.102 214.656 117.48 100.622
threshold=-0.34676951169967646 -2.2623180150985713 -0.37456469237804407 -0.089627858251333223 2.9048391580581669 0.81936311721801769 -0.45312495529651636 -0.0231708250939846 -1.0000000180025095e-35 0.72920134663581859 0.76953125000000011 -0.27755121886730189 0.55526247620582592 0.81660932302474987
decision_type=10 2 10 10 2 10 10 8 2 8 10 10 10 10
left_child=1 2 6 5 8 7 -1 -2 -3 -6 -7 -4 -5 -14
right_child=3 4 11 12 9 10 -8 -9 -10 -11 -12 -13 13 -15
leaf_value=-0.010526209468516984 0.0053539654502340554 -0.003609652577999921 -0.0011572725469358254 -0.0010807696515141177 -9.2484655006872997e-06 0.0062608029626922976 -0.0058423051329941954 0.00060022930706197652 -0.00013440425837835197 0.0062705913844204745 0.012855285428848241 0.0088604216243410513 0.0091727593670402445 0.012433508294604151
leaf_weight=7203.3180104643106 7439.0324819982052 8006.4070654809475 4887.0847187787294 190.54664446413517 2328.1730908155441 2651.6941073015332 16179.139509513974 7584.0234021395445 13581.273407176137 4417.7207645773888 1617.5599648877978 476.76272368431091 5930.1024893447757 2845.0692338868976
leaf_count=33952 40838 33415 20319 1195 10916 16571 67448 41003 58428 24438 10475 2010 48121 24926
internal_value=-4.07983e-05 -0.0030628 -0.00597568 0.00606349 -0.000107483 0.00423887 -0.00728528 0.00295417 -0.00142331 0.00410328 0.0087595 -0.000266768 0.00998964 0.01023
internal_weight=85337.9 57079.9 28746.3 28258 28333.6 19292.3 23382.5 15023.1 21587.7 6745.89 4269.25 5363.85 8965.72 8775.17
internal_count=434055 250926 123729 183129 127197 108887 101400 81841 91843 35354 27046 22329 74242 73047
is_linear=0
shrinkage=0.0142514


Tree=91
num_leaves=16
num_cat=0
split_feature=32 17 32 26 32 26 168 150 150 10 160 68 57 168 102
split_gain=7478.93 2470.74 1394.34 1062.62 965.158 549.137 475.485 397.944 397.789 301.731 237.145 222.319 191.726 149.593 59.2566
threshold=-0.3511462658643722 -0.052798094227910035 -0.67875638604164112 0.85317987203598034 -0.11947346106171607 0.24529025703668597 0.82973304390907299 -0.0231708250939846 0.047253670170903213 0.22371807694435122 0.47491161525249487 19.976826667785648 1.715482294559479 0.81660932302474987 0.51879906654357921
decision_type=10 8 10 8 10 10 10 8 8 10 10 8 10 10 10
left_child=1 2 5 10 6 -1 7 -2 -4 -5 -3 -8 14 -14 -6
right_child=4 3 8 9 12 -7 11 -9 -10 -11 -12 -13 13 -15 -16
leaf_value=-0.0090602593080570826 0.0051055152720066868 -0.0026219599777611937 0.00098619454311974874 0.0014103015775480511 -0.0057483992689071704 -0.0044153281448115625 0.010985773732720883 0.00030340645164800983 -0.0041478482381984609 0.0066307774613347864 0.0040694828635876607 0.002920949455717576 0.0084278456225113131 0.01205197160219003 0.0048631230780063735
leaf_weight=14906.218292534351 6913.9085073322058 11109.168922007084 6347.8721208274364 3892.5399912893772 201.98315375298262 7914.1637346744537 2384.2568872272968 7108.3310191780329 5927.0308334827423 5324.4849914163351 1190.9751820713282 979.47673017531633 7252.4093155935407 3397.4468222931027 226.86571840941906
leaf_count=67064 37122 47019 26790 18150 1225 32251 14903 37589 24530 28023 5071 5869 57150 29425 1510
internal_value=-3.86258e-05 -0.00303481 -0.00536604 0.000767503 0.00592039 -0.0074494 0.00382553 0.00267118 -0.00149283 0.00442609 -0.00197404 0.00863749 0.00920784 0.00958405 -0.000134891
internal_weight=85077.1 56612.5 35095.3 21517.2 28464.7 22820.4 17386 14022.2 12274.9 9217.02 12300.1 3363.73 11078.7 10649.9 428.849
internal_count=433691 248898 150635 98263 184793 99315 95483 74711 51320 46173 52090 20772 89310 86575 2735
is_linear=0
shrinkage=0.0142514


Tree=92
num_leaves=16
num_cat=0
split_feature=32 33 69 39 163 25 33 168 166 19 156 102 68 168 88
split_gain=7487.9 2267.24 990.951 866.32 730.334 706.814 618.06 459.804 392.051 305.869 303.602 217.749 166.003 124.012 66.5412
threshold=-0.30176387727260584 0.31573460996150976 1.886232376098633 -0.56864917278289784 0.020451154559850696 -0.1424116566777229 0.67404726147651683 0.81660932302474987 -0.23414029926061627 0.244914785027504 0.1353443190455437 0.44057114422321325 26.128608703613285 0.81660932302474987 0.10867861658334733
decision_type=10 8 2 10 8 10 8 10 8 10 8 8 8 10 2
left_child=1 3 4 9 -3 7 -4 8 -2 -1 -5 14 -9 -13 -7
right_child=5 2 6 10 -6 11 -8 12 -10 -11 -12 13 -14 -15 -16
leaf_value=-0.0097677798750116611 0.013737612805480926 0.0011018379425327741 -0.0011220497752078126 0.0019696466977793159 -0.0037017751071232326 -0.0064689006915126237 0.0055954363119708412 0.011047221460334418 0.0022162037190241639 -0.0056821540659524501 -0.0085293314514824914 0.0086409168272629511 0.0036020327681621938 0.011966320108394319 0.0045316165676884358
leaf_weight=9557.6721980571747 639.64306491613388 9396.6026485264301 4817.2219127565622 2676.671474635601 20350.562993273139 205.1805619224906 6583.875145316124 2364.9913768470287 9632.0782709419727 6095.5138954073191 707.1479856967926 7644.4035832732916 818.94317332655191 3245.2802021726966 244.94075252115726
leaf_count=44676 4020 40455 21457 11096 85902 1244 35069 15433 52165 25271 2889 59380 5081 28177 1569
internal_value=1.86618e-05 -0.00269665 -0.000815223 -0.00676331 -0.0021844 0.00660944 0.00275715 0.00440051 0.00293374 -0.00817682 -0.000224531 0.00923049 0.00913234 0.00963199 -0.000482981
internal_weight=84980.7 60185.3 41148.3 19037 29747.2 24795.5 11401.1 13455.7 10271.7 15653.2 3383.82 11339.8 3183.93 10889.7 450.121
internal_count=433884 266815 182883 83932 126357 167069 56526 76699 56185 69947 13985 90370 20514 87557 2813
is_linear=0
shrinkage=0.0142514


Tree=93
num_leaves=16
num_cat=0
split_feature=32 70 25 84 26 26 10 163 166 39 40 166 166 32 123
split_gain=7214.29 2123.47 1234.26 959.236 729.617 594.672 586.979 586.469 637.744 358.48 348.11 248.491 225.179 185.211 105.781
threshold=-0.40044674277305597 -2.1374192237853999 -0.1924045458436012 1.0000000180025095e-35 0.78703910112380993 0.15725088119506839 -0.071428552269935594 0.010084264911711218 -0.23414029926061627 -0.54703575372695912 0.57279956340789806 -0.23414029926061627 0.073279991745948805 -0.042089400812983506 5.2745203971862802
decision_type=10 2 10 2 8 8 8 8 8 10 10 8 10 10 8
left_child=1 3 7 5 11 -1 -6 12 -9 -5 14 -3 -2 -12 -4
right_child=2 4 10 9 6 -7 -8 8 -10 -11 13 -13 -14 -15 -16
leaf_value=-0.010827537824665192 0.0018901902352441613 0.0042648128535446956 0.0067356430663821458 -0.0053668796550991977 -0.0026824493857542679 -0.0056659572098840634 0.0044456390321125413 0.013780730620176287 -0.0006309342224408833 7.9386954662902782e-05 0.0075551003410335681 -0.0031131733404003692 0.0073157400434300185 0.010916396074025742 -0.0029035975518364888
leaf_weight=7691.1869261562824 2208.2568612843752 1007.6169565171003 349.28394296765327 4376.804818585515 3270.4669569283724 11042.621709421277 8303.5144560188055 670.48565482348204 8916.0795470327139 5589.0656066089869 8123.1665185540915 11604.125636935234 5241.6052207201719 5642.9378632903099 683.82506096363068
leaf_count=36661 11256 4303 2018 18312 14209 45695 41698 3896 45179 23015 57300 48303 28377 49484 3807
internal_value=-3.66078e-05 -0.00326323 0.00532346 -0.00588476 -0.000152429 -0.00778508 0.00243145 0.00270806 0.000377097 -0.00231252 0.00833421 -0.00252369 0.00570755 0.00893299 0.000355531
internal_weight=84721 52885.4 31835.6 28699.7 24185.7 18733.8 11574 17036.4 9586.57 9965.87 14799.2 12611.7 7449.86 13766.1 1033.11
internal_count=433513 232196 201317 123683 108513 82356 55907 88708 49075 41327 112609 52606 39633 106784 5825
is_linear=0
shrinkage=0.0142514


Tree=94
num_leaves=16
num_cat=0
split_feature=32 82 69 25 166 166 40 26 84 40 123 166 166 123 169
split_gain=6902.51 2106.43 1065.74 1039.51 533.543 851.664 511.88 471.657 469.179 331.122 282.479 138.808 126.352 77.533 75.3504
threshold=-0.37719339132308954 -0.16830047219991681 1.8610159158706667 -0.16856448352336881 -0.23414029926061627 0.075707260519266142 0.13231101632118228 0.98200303316116344 1.0000000180025095e-35 0.58516404032707225 23.439532279968265 -0.20439378172159192 -0.67126095294952381 5.7497944831848153 0.17981033772230151
decision_type=10 2 2 10 8 8 10 8 2 10 10 8 10 8 8
left_child=1 6 8 4 14 -6 12 -4 -3 13 -8 -11 -1 -5 -2
right_child=3 2 7 9 5 -7 10 -9 -10 11 -12 -13 -14 -15 -16
leaf_value=-0.0011876879604591978 0.01565643611721447 -0.0041716751437420024 -3.6623746321970063e-05 0.0057084689575238054 -0.00231815409745774 0.0047667879156612671 -0.0047180279920528631 0.0063488254072271762 -0.00019138910649061831 0.014541149019813059 -0.011827993457557823 0.0086900899806746472 -0.010955029233900956 -0.0029091208705370464 0.0059918265980172117
leaf_weight=284.40493342280388 741.36098842322826 13439.447570264339 4553.0634048879147 333.46629435569048 5028.5342432931066 10949.312520213425 14322.119076967239 4854.2056025415659 10887.722438380122 888.08219449967146 1232.5824621021748 11341.150099046528 4970.0926185548306 582.13188319653273 210.45497377216816
leaf_count=1405 4514 56913 20453 1983 25482 59602 60032 26353 45728 7262 5183 90283 23918 3300 1276
internal_value=7.69981e-06 -0.00301474 -0.000815098 0.00548925 0.00315455 0.00253702 -0.00658063 0.00325832 -0.00239029 0.00849615 -0.00528148 0.00911506 -0.0104264 0.000229621 0.01352
internal_weight=84618.1 54543.6 33734.4 30074.5 16929.7 15977.8 20809.2 9407.27 24327.2 13144.8 15554.7 12229.2 5254.5 915.598 951.816
internal_count=433687 239985 149447 193702 90874 85084 90538 46806 102641 102828 65215 97545 25323 5283 5790
is_linear=0
shrinkage=0.0142514


Tree=95
num_leaves=16
num_cat=0
split_feature=32 70 84 19 25 51 168 32 123 26 150 57 68 168 47
split_gain=6785.3 2262.08 1150.04 866.06 860.653 579.496 459.165 411.689 333.546 303.205 290.319 266.46 195.781 116.977 113.664
threshold=-0.32608391344547266 -2.8737150430679317 1.0000000180025095e-35 1.0456953644752505 -0.18232119083404538 -0.00912662874907255 0.81936311721801769 -0.72539678215980519 -0.81301006674766529 0.11593886837363244 -0.047661615535616868 2.2083618640899663 19.976826667785648 0.80889067053794872 0.3644507378339768
decision_type=10 2 2 8 10 8 10 10 8 10 8 10 8 10 10
left_child=1 2 9 8 6 -5 10 -4 -3 -1 -2 14 -8 -13 -6
right_child=4 3 7 5 11 -7 12 -9 -10 -11 -12 13 -14 -15 -16
leaf_value=-0.010703575045158941 0.0045486360742025746 0.0022277224972669716 -0.0060207275854795884 -0.0032526734496881038 -0.0040187995974081681 0.0049035347571569111 0.010955339606049297 0.0005336603543908817 -0.0025315183415691544 -0.0065502963389888653 -0.00031666428219547286 0.0084047554790187742 0.0029442974435576847 0.011512415383290826 0.0053339258327071946
leaf_weight=7415.3129390031099 4619.9409690201283 3459.2416498214006 3179.6113097667694 2290.1992151737213 304.16126523911953 7777.5886214226484 1945.4021996259689 5017.9748290628195 22087.889164283872 6885.3682990223169 5405.530253097415 7487.7564729973674 909.2249226719141 3664.9363942742348 1992.6504666954279
leaf_count=35450 24647 14956 13481 10008 1708 39174 12314 20802 94190 29253 28320 59138 5443 32254 12563
internal_value=-7.50649e-06 -0.00272674 -0.0062644 -0.000491961 0.00599422 0.00304817 0.00336124 -0.00200863 -0.00188708 -0.00870393 0.00192538 0.00851571 0.00840386 0.00942603 0.0040953
internal_weight=84442.8 58113.2 22498.3 35614.9 26329.6 10067.8 12880.1 8197.59 25547.1 14300.7 10025.5 13449.5 2854.63 11152.7 2296.81
internal_count=433701 257314 98986 158328 176387 49182 70724 34283 109146 64703 52967 105663 17757 91392 14271
is_linear=0
shrinkage=0.0142514


Tree=96
num_leaves=16
num_cat=0
split_feature=32 40 71 163 32 33 166 166 40 166 101 47 150 166 116
split_gain=6705.56 2361.76 1065.21 801.046 585.873 504.162 374.645 428.927 364.954 157.059 117.034 85.097 64.512 58.3478 37.631
threshold=-0.28568330407142634 0.28476035594940191 1.4326146841049197 0.020451154559850696 -0.06869706884026526 0.72349566221237194 -0.23414029926061627 0.081788700073957457 0.13231101632118228 -0.64582899212837208 -0.50235912203788746 0.48018142580986029 0.38081361353397375 -0.19063995033502576 0.76624634861946117
decision_type=10 8 2 8 10 8 8 8 10 10 10 10 8 10 10
left_child=1 8 3 -3 6 -4 14 -8 10 -10 -1 12 -6 -13 -2
right_child=4 2 5 -5 11 -7 7 -9 9 -11 -12 13 -14 -15 -16
leaf_value=-0.010321205150270121 0.014954206693274638 0.00077435137215077444 -0.00016475836073590679 -0.0038825419656370193 -0.0014499093575265352 0.0053124193545712652 0.00096723532595151057 0.0061293220922989285 0.0040848360036259057 -0.0058175177602743282 -0.00072749979420681397 0.015202567749037955 0.0084149067548857787 0.010000557386914249 0.0077874186478133177
leaf_weight=6368.2317591160536 789.26284378767014 11496.040660262108 7112.1699079871178 21593.622667983174 218.57274270057678 6562.9898422509432 4809.0174650847912 10210.811159364879 340.1047817915678 7461.7149998545647 269.18446631729603 471.3946995139122 350.5128817409277 6203.9345935732126 183.63514901697636
leaf_count=30799 5498 49790 31789 92081 1660 35054 27638 63131 1408 31040 1164 4230 2974 54842 1282
internal_value=3.70533e-05 -0.00243752 -0.000881912 -0.00226464 0.0065548 0.00246386 0.00503173 0.00447655 -0.0074757 -0.00538582 -0.00993214 0.00991704 0.0046263 0.010368 0.013602
internal_weight=84441.2 61204.1 46764.8 33089.7 23237.1 13675.2 15992.7 15019.8 14439.2 7801.82 6637.42 7244.41 569.086 6675.33 972.898
internal_count=434380 273125 208714 141871 161255 66843 97549 90769 64411 32448 31963 63706 4634 59072 6780
is_linear=0
shrinkage=0.0142514


Tree=97
num_leaves=16
num_cat=0
split_feature=55 70 32 32 81 123 84 17 85 25 166 168 166 32 68
split_gain=6564.05 1983.17 1166.36 817.686 697.329 458.293 372.498 327.632 273.844 271.249 183.307 140.243 129.177 95.2218 56.6868
threshold=0.99199831485748302 -2.729522585868835 -0.73948058485984791 -0.10430229082703589 -1.0000000180025095e-35 9.4041337966918963 1.0000000180025095e-35 -0.4482759535312652 0.45997272431850439 -0.31914117932319636 -0.20439378172159192 0.84910878539085399 0.075707260519266142 -0.03315776772797107 29.970778465271
decision_type=10 2 10 10 2 8 2 10 2 8 8 10 8 10 8
left_child=1 2 7 9 8 -6 -4 -1 -3 12 -11 13 -2 -5 -13
right_child=3 4 6 11 5 -7 -8 -9 -10 10 -12 14 -14 -15 -16
leaf_value=-0.010348051947708412 -0.0031731369615141465 -0.0045687621782027586 -0.0063189391354497304 0.0064542531703599519 0.0044771405751947288 -0.00019755593380965311 0.00057157878314580384 -0.006247023258370378 0.00023133205501275772 0.011440760337237215 0.0045543630620310475 0.013100179248623067 0.0024566680708869673 0.0097932417343714242 0.0073800485825448034
leaf_weight=6999.1723433732986 1206.5889018476009 8682.4188574254513 2209.7694677114487 3295.809107773006 5786.6129707470536 16139.153400026262 5712.7168703377247 9102.6306343227625 3343.4530112668872 840.34497417509556 11932.46073640883 2093.1465557813644 2636.3429327756166 3663.7334580048919 423.29970692843199
leaf_count=33438 6071 36238 9107 25594 27467 71925 23880 39323 14803 5692 70698 19299 13406 32322 3863
internal_value=-2.21326e-05 -0.00269365 -0.00582707 0.00591398 -0.000476423 0.00103619 -0.00135038 -0.0080297 -0.00323424 0.0040087 0.00500748 0.00925476 0.000689022 0.00821207 0.0121382
internal_weight=84067.7 57975.9 24024.3 26091.7 33951.6 21925.8 7922.49 16101.8 12025.9 16615.7 12772.8 9475.99 3842.93 6959.54 2516.45
internal_count=433126 256181 105748 176945 150433 99392 32987 72761 51041 95867 76390 81078 19477 57916 23162
is_linear=0
shrinkage=0.0142514


Tree=98
num_leaves=16
num_cat=0
split_feature=55 82 168 81 31 49 26 166 39 32 147 39 168 166 49
split_gain=6347.89 2113.78 1007.88 810.094 700.608 461.229 421.873 325.748 309.035 216.714 168.033 132.078 74.1771 51.495 42.8444
threshold=1.0863043665885928 -0.41557794809341425 0.84910878539085399 1.0000000180025095e-35 0.44062146544456487 0.74348959326744091 0.20162425190210345 -0.19063995033502576 -0.16034115105867383 -0.63959157466888417 0.087140243500471129 -0.39441785216331476 0.81660932302474987 -0.23414029926061627 0.71744790673255932
decision_type=10 2 10 2 10 8 10 8 10 10 8 10 8 8 8
left_child=1 6 3 -3 7 -4 9 10 -9 -1 -2 -8 13 -6 -14
right_child=4 2 5 -5 12 -7 11 8 -10 -11 -12 -13 14 -15 -16
leaf_value=-0.010042834125179968 0.014644635022214705 -0.0031661056137259691 0.0099117647978130396 0.00096156476783464909 0.015128498141812738 -0.00048100079083720555 -0.0051519273601780069 0.0024133206669055885 0.0064441650361780371 -0.001194024087200364 0.00087323232052998975 0.0019135001609460575 0.013664754717451488 0.0084302306371434217 0.0099401546114155012
leaf_weight=7338.409244030714 911.1135420948267 24962.511154063046 2394.577397711575 15750.051041387022 245.32892294228077 1359.8021162077785 6336.6930655241013 9652.2931016311049 6440.9330673217773 608.77753584086895 224.24693861603737 587.13004106283188 1234.4384150803089 4698.7004363834858 1277.5867190137506
leaf_count=34985 6569 106868 12325 71459 2159 6565 26203 53528 43028 2521 1399 2614 11785 40458 11021
internal_value=5.32767e-05 -0.00247324 -0.000917723 -0.00156928 0.00612662 0.00614765 -0.0071245 0.00454712 0.00402659 -0.009365 0.0119248 -0.00455278 0.00977628 0.00876278 0.0117707
internal_weight=84022.6 59338 44466.9 40712.6 24684.6 3754.38 14871 17228.6 16093.2 7947.19 1135.36 6923.82 7456.05 4944.03 2512.03
internal_count=433487 263540 197217 178327 169947 18890 66323 104524 96556 37506 7968 28817 65423 42617 22806
is_linear=0
shrinkage=0.0142514


Tree=99
num_leaves=15
num_cat=0
split_feature=55 40 31 82 70 168 82 101 26 69 18 168 168 163
split_gain=6079.25 1770.49 998.162 981.921 541.835 463.33 289.931 289.14 258.558 229.031 162.753 149.239 90.6741 79.8537
threshold=0.73306429386138927 0.21525002270936969 0.39769218862056738 1.0000000180025095e-35 -2.837848305702209 0.82973304390907299 0.62044751644134533 -0.42814397811889643 0.17913062125444415 -0.57249394059181202 -0.11091238632798193 0.79648926854133617 0.81660932302474987 0.018023647367954258
decision_type=10 8 10 2 2 10 2 10 10 2 8 10 10 8
left_child=1 7 6 4 -3 -5 9 8 -1 -2 13 -8 -12 -4
right_child=2 3 10 5 -6 -7 11 -9 -10 -11 12 -13 -14 -15
leaf_value=-0.010495664244418699 -0.0032845429791128716 -0.0056957408528489021 0.0087208161842575998 0.00022147710669419683 -0.0016062385736870665 0.0072863562000535093 0.0041814053950218763 0.0042697061079497618 -0.0059245419053784573 0.0025424833981971019 0.0087753390370561915 0.0088443245250927737 0.012255769992558237 0.0043706170349820054
leaf_weight=5861.5625468045473 1594.6518315002322 11021.582850933075 1420.7138482704759 14135.057444050908 16329.661724820733 2175.5039661154151 5617.8556815683842 371.04905886948109 4400.1211090832949 9722.3684679716825 5134.2543886676431 1854.248607352376 2160.757352411747 2160.576295658946
leaf_count=29013 7867 46844 11054 61799 69052 11080 32007 1557 18466 53501 43540 12196 20477 15668
internal_value=-3.91372e-05 -0.00287376 0.00514886 -0.00160376 -0.00325417 0.00116381 0.00315991 -0.00808876 -0.00853565 0.0017214 0.0085848 0.0053386 0.00980632 0.00609647
internal_weight=83960 54294.5 29665.4 43661.8 27351.2 16310.6 18789.1 10632.7 10261.7 11317 10876.3 7472.1 7295.01 3581.29
internal_count=434121 237811 196310 188775 115896 72879 105571 49036 47479 61368 90739 44203 64017 26722
is_linear=0
shrinkage=0.0142514


Tree=100
num_leaves=16
num_cat=0
split_feature=32 17 32 26 166 166 101 166 24 10 166 147 168 166 39
split_gain=6007.28 2097.87 1219.19 994.341 844.687 910.222 821.136 423.044 407.814 315.878 299.112 152.6 144.955 101.064 88.8295
threshold=-0.44765961170196528 -0.14481300115585324 -0.10430229082703589 0.83472615480422985 -0.23414029926061627 0.075707260519266142 -0.45423653721809382 0.055031524971127517 -0.47657172381877894 0.20588236302137378 -0.23414029926061627 0.11353276297450067 0.81660932302474987 -0.23414029926061627 -0.31037060916423792
decision_type=10 8 10 8 8 8 10 10 10 10 10 10 10 8 10
left_child=1 6 4 10 11 -6 8 -8 -1 -5 -3 -2 13 -4 -14
right_child=2 3 12 9 5 -7 7 -9 -10 -11 -12 -13 14 -15 -16
leaf_value=-0.010584159765291265 0.015253368285546423 0.0037562259952585203 0.014833252669223767 0.00061730311235523052 -0.0017864552182317755 0.0041941549341084359 -0.007943114383198998 0.00035246103601104233 -0.0060516796905611533 0.0060429739671114613 -0.0031903674382765495 0.002232679106844953 0.00041824469375122055 0.0072894448187438444 0.012106757447290128
leaf_weight=5543.0432297289371 1263.3617692887783 1412.2530534118414 383.48921876400709 3784.9242034852505 7637.9511945694685 15986.878297194839 1634.1655058562756 5290.6933001577854 14790.738691806793 5137.5976848304272 11593.943266376853 213.76514910161495 138.59139020740986 6069.1775140762329 2801.9025408104062
leaf_count=27124 7828 5936 3288 17321 38812 86705 6685 21779 63265 27006 48083 1196 1157 50959 26370
internal_value=-6.31472e-06 -0.00320397 0.0045533 7.74799e-05 0.00291433 0.00226061 -0.0058438 -0.00160522 -0.00728727 0.00374143 -0.00243607 0.0133692 0.00893318 0.00773791 0.0115559
internal_weight=83682.5 49187.4 34495.1 21928.7 25102 23624.8 27258.6 6924.86 20333.8 8922.52 13006.2 1477.13 9393.16 6452.67 2940.49
internal_count=433514 217199 216315 98346 134541 125517 118853 28464 90389 44327 54019 9024 81774 54247 27527
is_linear=0
shrinkage=0.0142514


Tree=101
num_leaves=16
num_cat=0
split_feature=32 82 69 32 163 26 26 166 166 32 39 40 163 85 121
split_gain=5956.4 2017.95 938.097 669.892 626.684 527.352 501.208 443.908 526.414 394.419 176.291 113.343 86.1935 61.4438 48.7813
threshold=-0.31370581686496729 -0.16830047219991681 1.8610159158706667 -0.077607072889804826 0.020451154559850696 0.9622076451778413 0.22370160371065143 -0.23414029926061627 0.081788700073957457 -0.82431831955909718 -0.35946297645568842 0.6984539031982423 0.22085934132337573 0.17939106374979022 0.72447767853736889
decision_type=10 2 2 10 8 8 10 8 8 10 10 10 8 2 10
left_child=1 6 4 7 -3 -4 9 14 -9 -1 -8 13 -13 -5 -2
right_child=3 2 5 11 -6 -7 10 8 -10 -11 -12 12 -14 -15 -16
leaf_value=-0.0099252469336321217 0.015289904482175831 0.0012632351233588367 -0.00016369059999882263 -0.0033312423892963073 -0.0033517621616294189 0.0063020086168961102 -0.0043597085319831896 4.2844221472963414e-05 0.0055293720765518225 -0.0038443519746264323 0.0021424853252326797 0.010851853120234199 0.0073674799752398148 0.0070765844989430079 0.0081318575965032055
leaf_weight=7530.277743190527 755.68116917461157 8832.8764227330685 4932.7883464396 200.77566510438919 18477.988650172949 5330.7801359593868 9674.499898865819 5263.0505336374044 10923.791351258755 3041.5357985049486 928.10186836123466 5067.5025099366903 2016.2396301552653 270.1690885424614 260.16868683695793
leaf_count=36472 5281 38128 22436 1466 78840 29379 39925 29508 66419 12717 4094 46676 18062 2083 1803
internal_value=9.31737e-06 -0.00246152 -0.00047874 0.00587256 -0.00185918 0.00319454 -0.00597999 0.00431901 0.00374547 -0.00817579 -0.00379053 0.00941008 0.00986017 0.0026396 0.0134572
internal_weight=83506.2 58748.8 37574.4 24757.4 27310.9 10263.6 21174.4 17202.7 16186.8 10571.8 10602.6 7554.69 7083.74 470.945 1015.85
internal_count=433289 261991 168783 171298 116968 51815 93208 103011 95927 49189 44019 68287 64738 3549 7084
is_linear=0
shrinkage=0.0142514


Tree=102
num_leaves=16
num_cat=0
split_feature=25 82 55 69 47 101 32 166 19 159 25 166 84 150 165
split_gain=5923.89 1664.16 1071.81 666.008 539.267 511.323 424.073 381.21 321.147 305.836 177.57 167.718 112.784 108.24 69.2001
threshold=-0.39989079535007471 -0.22402217984199521 2.0734221935272221 2.4150208234786992 0.32470655441284185 -0.34781309962272638 -0.56780958175659169 -0.23414029926061627 0.26862162351608282 -0.13130445778369901 -0.098713502287864671 -0.12544289231300351 -1.0000000180025095e-35 0.0031410909723490481 0.15567921847105029
decision_type=10 2 10 2 10 10 10 10 10 10 10 10 2 10 10
left_child=1 6 4 5 11 -3 8 -6 -1 -5 14 -2 -12 -8 -4
right_child=2 3 10 9 7 -7 13 -9 -10 -11 12 -13 -14 -15 -16
leaf_value=-0.0087979490258614929 0.0032158507309838174 -0.0030881963133353989 0.0054091842073227276 0.0064463591127058139 0.011057653720436789 0.0010295992758182295 0.0034343009801182933 0.0031193831992597462 -0.0047015741906708272 -0.0019474517571327922 0.0038571286312852268 -0.0052733092367795486 0.01009020649798241 -0.003031404963877285 0.01215280774847039
leaf_weight=9900.5353444814682 621.96462523192167 20366.111858800054 3961.0108419433236 3163.5649332404137 1334.5606884807348 8758.6175746768713 851.46624776721001 15476.690520942211 6400.0364965945482 1222.2167061120272 644.37896420061588 1968.8589880988002 6948.1694980040193 1374.9566372334957 335.20503924041986
leaf_count=46254 2918 86996 26706 16242 8455 38787 3664 86451 26432 5657 4635 9285 62166 5786 2521
internal_value=-1.86489e-05 -0.00296521 0.00488157 -0.00107021 0.00281687 -0.00184986 -0.00639277 0.0037496 -0.00718963 0.0041072 0.00825105 -0.00323534 0.00956124 -0.000558655 0.0059355
internal_weight=83328.3 52037.5 31290.8 33510.5 19402.1 29124.7 18527 16811.3 16300.6 4385.78 11888.8 2590.82 7592.55 2226.42 4296.22
internal_count=432955 229818 203137 147682 107109 125783 82136 94906 72686 21899 96028 12203 66801 9450 29227
is_linear=0
shrinkage=0.0142514


Tree=103
num_leaves=16
num_cat=0
split_feature=32 82 71 101 32 26 39 168 166 26 168 49 168 77 49
split_gain=5800.75 2066.16 876.49 613.35 540.912 497.501 478.401 389.427 381.959 328.687 212.794 204.86 71.1674 44.6185 31.7639
threshold=-0.2817320823669433 -0.25335405766963953 1.4022890925407412 -0.37456469237804407 -0.053792845457792275 0.97576415538787853 -0.54703575372695912 0.84910878539085399 -0.23414029926061627 0.11593886837363244 0.80179569125175487 0.71223959326744091 0.81660932302474987 0.034577272832393653 0.71744790673255932
decision_type=10 2 2 10 10 8 10 10 8 10 10 8 10 10 8
left_child=1 6 3 -3 7 -4 9 8 -2 -1 -8 -9 13 -6 -14
right_child=4 2 5 -5 12 -7 10 11 -10 -11 -12 -13 14 -15 -16
leaf_value=-0.0098430845989958687 0.013346434022213204 -0.0033317447173317927 0.00014615612430681198 0.00105104688204856 0.0022839536054927857 0.0057751336718109914 -0.0029850828398503464 0.012146842765730945 0.0031731179811602516 -0.005573306093805486 0.0065932710428220874 0.0047900326986073435 0.013714764831469384 0.0091697462774134233 0.010007261934542034
leaf_weight=6111.6847679764032 798.25985331833363 19539.380424678326 7407.0507451891899 9706.9641379565001 201.14451250433922 5599.9006176516414 2995.1517956852913 1993.7312482595444 12275.882696554065 9135.5852123051882 558.94158178567886 1251.4054827690125 1116.5225786268711 3855.6831027418375 811.49154491722584
leaf_count=30130 5688 83539 33487 42769 1490 30913 12444 15001 74093 38568 2443 8923 11196 35327 7942
internal_value=1.51997e-05 -0.00225706 -0.000508238 -0.00187708 0.00623521 0.00256962 -0.00618727 0.00489116 0.00379432 -0.00728483 -0.00147864 0.00931001 0.00990004 0.00882837 0.0121546
internal_weight=83358.8 61054.7 42253.3 29246.3 22304.1 13007 18801.4 16319.3 13074.1 15247.3 3554.09 3245.14 5984.84 4056.83 1928.01
internal_count=433953 274293 190708 126308 159660 64400 83585 103705 79781 68698 14887 23924 55955 36817 19138
is_linear=0
shrinkage=0.0142514


Tree=104
num_leaves=16
num_cat=0
split_feature=32 70 32 25 81 70 70 163 166 166 40 168 123 147 95
split_gain=5537.98 1875.81 902.386 701.613 603.89 457.025 445.3 424.933 453.141 398.34 249.858 197.774 150.638 120.69 69.1487
threshold=-0.32608391344547266 -2.3018486499786373 -0.73226428031921376 -0.14554128050804135 -1.0000000180025095e-35 3.7304146289825444 -3.6053352355957027 0.010084264911711218 -0.23414029926061627 -0.23414029926061627 0.59695836901664745 0.41226419806480413 21.571555137634281 0.078215166926383986 0.31060507893562322
decision_type=10 2 10 10 2 2 2 8 8 8 10 10 10 10 10
left_child=1 2 6 7 11 -6 -1 12 -9 -4 14 -3 -2 -12 -5
right_child=3 4 9 10 5 -7 -8 8 -10 -11 13 -13 -14 -15 -16
leaf_value=-0.0090832829197293723 0.0066260433848077576 -0.0064987721768054382 0.011369060250034386 0.0033022033566641909 0.00049356773741603534 0.0064359885515748571 -0.0046544980443869758 0.013612157388353939 0.00038459775455513043 -0.0021957750722635416 0.0095015065627141564 -0.0017558052706086959 -0.0052967367934531858 0.0051284239277274392 -0.0060189228792451224
leaf_weight=9550.4482915103436 6218.1921127513051 2423.6034651100636 462.19866622984409 488.40644115954638 17494.499598160386 3093.385452747345 8916.0401828736067 565.44515780359507 7531.2699837237597 9004.675833567977 8617.4741173386574 6782.9350605159998 222.9016881659627 1506.0228634774685 241.53790808469057
leaf_count=45696 36731 10073 1924 3006 78114 17670 37763 3835 41623 37393 75346 28871 1253 12545 1458
internal_value=-1.81097e-05 -0.00245779 -0.00511097 0.00552858 2.96591e-05 0.00138645 -0.00694499 0.00348164 0.00130845 -0.00153344 0.00827035 -0.00300442 0.0062134 0.00885098 0.000217616
internal_weight=83119 57727.8 27933.4 25391.3 29794.4 20587.9 18466.5 14537.8 8096.72 9466.87 10853.4 9206.54 6441.09 10123.5 729.944
internal_count=433301 257504 122776 175797 134728 95784 83459 83442 45458 39317 92355 38944 37984 87891 4464
is_linear=0
shrinkage=0.0142514


Tree=105
num_leaves=16
num_cat=0
split_feature=25 84 57 69 70 163 166 147 47 25 159 165 166 156 168
split_gain=5385.48 1597.05 1079.72 915.294 675.128 583.456 552.972 464.649 388.451 328.241 266.344 209.046 149.513 132.494 76.3249
threshold=-0.39518882334232325 -1.0000000180025095e-35 2.2083618640899663 2.1448143720626835 -3.1805775165557857 0.020451154559850696 -0.23414029926061627 0.16088622808456424 0.3644507378339768 -0.10800122842192648 -0.43597091734409327 -0.074104819446802125 -0.67126095294952381 0.25499424338340765 0.84910878539085399
decision_type=10 2 10 2 2 8 8 10 8 10 10 10 10 8 10
left_child=1 4 6 5 12 -3 7 -2 -8 11 -6 -4 -1 -5 -11
right_child=2 3 9 13 10 -7 8 -9 -10 14 -12 -13 -14 -15 -16
leaf_value=0.00012214754239619387 0.015088911959001316 0.0011753990388081079 -0.0075093914228337886 0.0012384507792769504 0.00051419740784688982 -0.0031672002101482792 -0.0052117177230016215 -0.0015879377046912108 0.0019370853754589006 0.0084956496340126003 -0.0046797713412711616 0.0056784760036809453 -0.0090634758470841143 0.0074047621947498131 0.01166214725209019
leaf_weight=375.09164562821388 1086.274583876133 9710.2674629688263 251.74172735959291 944.86692182719707 2565.8505065441132 17807.916867911816 1791.2914283275604 493.44439620524645 11170.586935684085 5867.3506809696555 9177.0582128167152 8017.3503341600299 8884.0981185436249 2820.0408651381731 2100.0689241141081
leaf_count=1857 6884 42412 1520 4449 10689 76518 8087 2582 58923 51521 38251 52132 42481 15022 20635
internal_value=1.01996e-05 -0.00277398 0.00473991 -0.000733158 -0.00581383 -0.00163484 0.00191934 0.00987983 0.000949124 0.00726602 -0.00354488 0.00527694 -0.00869137 0.00585727 0.00933036
internal_weight=83063.3 52285.2 30778.1 31283.1 21002.1 27518.2 14541.6 1579.72 12961.9 16236.5 11742.9 8269.09 9259.19 3764.91 7967.42
internal_count=433963 231679 202284 138401 93278 118930 76476 9466 67010 125808 48940 53652 44338 19471 72156
is_linear=0
shrinkage=0.0142514


Tree=106
num_leaves=16
num_cat=0
split_feature=25 84 77 26 17 168 166 147 25 47 166 165 76 166 165
split_gain=5328.53 1605.64 934.571 811.451 796.358 677.658 544.512 518.499 387.782 379.142 334.49 291.876 210.866 104.693 91.0779
threshold=-0.3732235580682754 -1.0000000180025095e-35 0.035170577466487891 0.20162425190210345 0.14285715669393542 0.81936311721801769 -0.19063995033502576 0.16472370922565463 -0.10486797615885733 0.26978997886180883 -0.64582899212837208 -0.074104819446802125 -0.076526235789060579 -0.67126095294952381 -0.076394647359848009
decision_type=10 2 10 10 8 10 8 10 10 8 10 10 8 10 10
left_child=1 3 6 13 5 -3 7 -2 11 -8 -5 -4 -6 -1 -10
right_child=2 4 8 10 12 -7 9 -9 14 -11 -12 -13 -14 -15 -16
leaf_value=-0.0013349182918535067 0.014137781246013101 -0.0026222561592577028 -0.0076888851354214747 0.010021599406806522 -0.0085990779648758651 0.0044139677997911018 -0.0094293754490639928 -0.0032959858423553729 0.00049672904679465659 0.001422928504343399 -0.0039482948898332173 0.0055757288369188618 0.0044048184067341963 -0.0096911027060277953 0.0096483233684800957
leaf_weight=317.41080820560455 1254.3427546620369 22862.373411759734 350.48970364779234 357.62603078782558 264.21583361923695 3164.8097367435694 700.14792455732822 478.68416259437799 227.42418541759253 9875.5336077660322 13007.068726718426 8671.7401350960135 6082.7317192107439 7511.1973596215248 7671.6255173757672
leaf_count=1616 7989 97942 2080 1480 1116 14787 3008 2499 1883 51479 54355 56422 29992 36800 69947
internal_value=1.14306e-05 -0.00265922 0.00490572 -0.00570875 -0.000662888 -0.00176667 0.00191784 0.0093224 0.00707912 0.000704419 -0.00357443 0.00506039 0.00386341 -0.00935231 0.00938484
internal_weight=82797.4 53567.4 29230 21193.3 32374.1 26027.2 12308.7 1733.03 16921.3 10575.7 13364.7 9022.23 6346.95 7828.61 7899.05
internal_count=433395 238088 195307 94251 143837 112729 64975 10488 130332 54487 55835 58502 31108 38416 71830
is_linear=0
shrinkage=0.0142514


Tree=107
num_leaves=16
num_cat=0
split_feature=32 40 71 101 32 26 168 166 26 48 165 39 102 170 168
split_gain=5225.77 1729.73 1018.89 656.837 654.889 540.136 464.042 479.053 260.509 198.476 109.044 76.9342 70.8025 57.5702 53.6904
threshold=-0.31370581686496729 0.20080091059207919 1.4614753127098086 -0.32265026867389673 -0.053792845457792275 0.85911116003990184 0.81936311721801769 -0.23414029926061627 0.091889824718236937 0.73307290673255932 -0.021462527103722092 -0.75805804133415211 0.51328229904174816 -0.1854344308376312 0.7501949965953828
decision_type=10 8 2 10 10 8 10 8 10 10 10 10 10 8 10
left_child=1 8 3 -3 6 -4 7 -2 11 -8 -10 -1 13 -6 -14
right_child=4 2 5 -5 12 -7 9 -9 10 -11 -12 -13 14 -15 -16
leaf_value=-0.011197496039348264 0.013163960482074143 -0.0035694548480341344 -0.00083686183986584608 0.00099142268055555185 -0.0022764988346729701 0.0049111777014709656 0.0057974239396202968 0.0023007332711856231 -0.0039848952671393085 0.012074377753101433 -0.0079644395784290358 -0.0038702838493821379 0.0087599173342822068 0.0075782918874494065 0.01173600289782961
leaf_weight=3704.3119289726019 879.03712148219347 27342.297952830791 6449.9911604374647 8378.4188547432423 143.37340061366558 6842.8371366858482 2516.2903442084789 13273.537834741175 2954.8973021060228 1724.3694951236248 2655.3770589828491 315.94716289639473 2296.9788252189755 750.51016429811716 2656.5750622823834
leaf_count=19594 6283 115651 28183 36447 1145 36794 17869 78330 13033 12860 11572 1449 21506 6932 26622
internal_value=-3.04764e-05 -0.00233116 -0.00124622 -0.00249969 0.00553542 0.0021221 0.00421464 0.00297552 -0.00785278 0.00834994 -0.0058685 -0.0106217 0.00968989 0.0059976 0.0103561
internal_weight=82884.8 58644.1 49013.5 35720.7 24240.7 13292.8 18393.2 14152.6 9630.53 4240.66 5610.27 4020.26 5847.44 893.884 4953.55
internal_count=434270 262723 217075 152098 171547 64977 115342 84613 45648 30729 24605 21043 56205 8077 48128
is_linear=0
shrinkage=0.0142514


Tree=108
num_leaves=16
num_cat=0
split_feature=32 81 32 69 163 168 26 24 168 19 150 49 117 84 38
split_gain=5103.42 1808.52 1090.2 710.684 640.152 516.058 509.798 464.362 419.765 406.418 316.105 247.364 119.505 83.3584 70.3012
threshold=-0.28568330407142634 -1.0000000180025095e-35 -0.81667003035545338 1.8092964887619021 0.020451154559850696 0.84910878539085399 0.99542739987373363 0.41917608678340917 0.82973304390907299 0.2782298624515534 -0.044098192825913422 0.71744790673255932 0.10914538800716402 -1.0000000180025095e-35 0.12545438855886462
decision_type=10 2 10 2 8 10 8 10 10 10 8 8 8 2 10
left_child=1 2 9 4 -3 7 -5 10 -4 -1 -2 14 -13 -9 -7
right_child=5 3 8 6 -6 11 -8 13 -10 -11 -12 12 -14 -15 -16
leaf_value=-0.009342815864086659 0.0054030583020524322 0.0027575078938919307 -0.0028933998504163862 0.00013673515926526894 -0.0027896105529690417 0.0039883589147819611 0.0065421578671651399 0.0025709741976825988 0.0040173057159267238 -0.00447493639345003 0.00067659326758672553 -0.0053349136674873329 0.0070742946934896928 0.0085087779059465542 0.013143223677163616
leaf_weight=8784.5869041085243 5826.4493297487497 5907.6901677697897 13031.526160620153 4953.4855665042996 14837.692093282938 181.59418822079897 5144.4606691524386 527.08525194972754 2068.4785108268261 5772.7964878231287 5671.3366179615259 174.66185923665762 1611.8761612921953 5404.6309845969081 2770.0966878831387
leaf_count=42799 35587 26237 54918 22805 63738 1304 28964 3906 9201 24030 33273 1466 13243 48435 24135
internal_value=2.65613e-05 -0.00211682 -0.0046296 0.000299341 -0.00120995 0.00587633 0.00340004 0.00474256 -0.00194672 -0.00741246 0.00307172 0.0100468 0.00586097 0.00798118 0.0125801
internal_weight=82668.4 60500.7 29657.4 30843.3 20745.4 22167.7 10097.9 17429.5 15100 14557.4 11497.8 4738.23 1786.54 5931.72 2951.69
internal_count=434041 272692 130948 141744 89975 161349 51769 121201 64119 66829 68860 40148 14709 52341 25439
is_linear=0
shrinkage=0.0142514


Tree=109
num_leaves=16
num_cat=0
split_feature=32 17 55 101 26 168 166 166 26 10 166 49 32 166 168
split_gain=5064.51 1681.02 934.337 896.602 831.221 747.562 799.851 476.893 356.708 337.215 320.68 291.534 184.288 79.5796 69.6771
threshold=-0.41447637975215906 -0.14984382688999173 2.1286207437515263 -0.4333690851926803 0.8842756748199464 0.82973304390907299 -0.23414029926061627 0.055031524971127517 0.21834325045347217 0.22371807694435122 -0.23414029926061627 0.71744790673255932 -0.065846659243106828 -0.18405760824680326 0.82973304390907299
decision_type=10 8 10 10 8 10 8 10 10 10 10 8 10 8 10
left_child=1 3 5 8 10 6 -2 -5 -1 -6 -3 -7 13 -4 -14
right_child=2 4 12 7 9 11 -8 -9 -10 -11 -12 -13 14 -15 -16
leaf_value=-0.0080497699121969413 0.013080927038547088 0.0040056340253598003 0.013503674083922187 -0.0073783442224582751 0.0005013776510267926 0.011498405637654171 0.00054715452436715473 0.0012974150382254277 -0.004187690469251935 0.0062259269647452903 -0.0026993319463722559 0.0034192378820835901 0.0086131939658445535 0.0055317584185474817 0.012055202346552253
leaf_weight=13094.8445879668 1108.4750505164266 1626.4374496936798 268.01692754775286 1686.2808153480291 3820.3035258054733 2349.6241854131222 15401.151911526918 5431.8272107243538 7721.5726731866598 4614.3297965228558 13258.055152729154 1477.6958486363292 3996.8771290183067 4971.6277772262692 1704.5014201849699
leaf_count=61841 7037 6895 2213 6914 17677 15936 81298 22504 31920 25114 55356 9245 37992 34252 17811
internal_value=-8.17991e-06 -0.00276605 0.004511 -0.00512418 5.88094e-05 0.00270433 0.00138873 -0.000757917 -0.0066172 0.00363312 -0.00196666 0.00837921 0.00786918 0.00593968 0.00964234
internal_weight=82531.6 51253.7 31278 27934.5 23319.1 20336.9 16509.6 7118.11 20816.4 8434.63 14884.5 3827.32 10941 5239.64 5701.38
internal_count=434005 228221 205784 123179 105042 113516 88335 29418 93761 42791 62251 25181 92268 36465 55803
is_linear=0
shrinkage=0.0142514


Tree=110
num_leaves=16
num_cat=0
split_feature=55 70 32 81 32 123 168 166 166 168 26 168 165 166 68
split_gain=4797.81 1622.29 944.466 706.581 555.215 480.908 310.087 284.805 226.829 214.315 165.724 136.251 94.0302 78.3432 32.9
threshold=1.0863043665885928 -3.2139052152633663 -0.73948058485984791 -1.0000000180025095e-35 -0.086663465946912752 9.4041337966918963 0.82973304390907299 -0.22678092867135999 -0.23414029926061627 0.46400654315948492 0.080172393471002593 0.81660932302474987 -0.057094687595963471 -0.23414029926061627 28.751619338989261
decision_type=10 2 10 2 10 8 10 8 8 8 10 10 10 8 8
left_child=1 2 10 6 8 -5 -3 -4 12 -10 -1 13 -2 -6 -13
right_child=4 3 7 5 11 -7 -8 -9 9 -11 -12 14 -14 -15 -16
leaf_value=-0.0093979315185643963 0.0024665409497675599 -0.0035974090576051591 0.012122600943197656 0.0042493147720463684 0.014434880962115249 -0.00028459052841145601 0.0031380190111952489 -0.0016644571307961168 -0.0011264693497130907 0.0041332886012071949 -0.0060974809496089398 0.012285978363864001 0.014119540645090838 0.006862945365305231 0.0082226467419998905
leaf_weight=6912.6710309535265 183.80274596810341 14441.775922216475 323.01688642799854 6427.3772059679031 294.09133945405483 18223.177643567324 1535.859044700861 5240.2076139673591 1780.9070255979896 13502.103106088936 5588.694821536541 1864.000094845891 599.23293309658766 4927.8938351795077 517.64448774605989
leaf_count=34525 1217 60823 1364 30926 2771 81657 7099 21839 10161 82028 25100 19283 4613 45047 5241
internal_value=-1.10908e-05 -0.00219543 -0.00574871 -0.000615518 0.00540531 0.000897586 -0.00294995 -0.000863822 0.00390371 0.00352037 -0.00792251 0.00857807 0.0113846 0.00728954 0.011403
internal_weight=82362.5 58692.8 18064.6 40628.2 23669.7 24650.6 15977.6 5563.22 16066 15283 12501.4 7603.63 783.036 5221.99 2381.64
internal_count=433694 263333 82828 180505 170361 112583 67922 23203 98019 92189 59625 72342 5830 47818 24524
is_linear=0
shrinkage=0.0142514


Tree=111
num_leaves=16
num_cat=0
split_feature=32 69 32 32 26 168 150 24 10 160 47 49 47 168 170
split_gain=4714.39 1474.32 826.924 816.685 784.711 514.813 385.021 358.02 338.88 290.713 289.837 252.652 134.854 112.749 77.0225
threshold=-0.37719339132308954 -1.2990806102752683 -0.66579961776733387 -0.0952462963759899 0.84726011753082286 0.81936311721801769 -0.03016291186213493 -0.47657172381877894 0.12500001490116122 0.47491161525249487 0.18703404068946841 0.71744790673255932 0.48018142580986029 0.7982672154903413 -0.20210827887058255
decision_type=10 2 10 10 8 10 8 10 10 10 10 8 10 10 8
left_child=1 2 7 5 9 6 -2 -1 -6 -3 -4 -7 14 -14 -5
right_child=3 4 10 12 8 11 -8 -9 -10 -11 -12 -13 13 -15 -16
leaf_value=-0.0090885356348892419 0.0043388777761204462 -0.0026223061372315296 -0.0088429442295706942 -0.0061681985921592242 5.6400824268963247e-05 0.010609914461591 -7.2714476540998985e-05 -0.0049414708257262017 0.0055429596045703262 0.0047095234182948 -0.00029100409325431392 0.0035471022623607099 0.0077507094274467982 0.011393870700241003 0.0051105739373633269
leaf_weight=5869.807353451848 7632.9246563613415 12201.724167108536 885.64490088820457 161.5496336594224 3775.1175166368484 2424.0881861001253 8483.9868356063962 15118.181922450662 5798.2057614028454 1206.9945540130138 8822.6573209613562 1787.1647050157189 4796.9155013337731 2695.2717779204249 514.38441437482834
leaf_count=29380 42572 51278 3645 1154 17063 16646 46068 65402 31250 5116 36603 11379 43796 27570 4569
internal_value=2.03151e-05 -0.00246681 -0.00451045 0.00470529 0.000262826 0.00317594 0.00201661 -0.00610132 0.00337942 -0.00196231 -0.00107121 0.0076127 0.00851138 0.00906139 0.00241462
internal_weight=82174.6 53678.3 30696.3 28496.3 22982 20328.2 16116.9 20988 9573.32 13408.7 9708.3 4211.25 8168.12 7492.19 675.934
internal_count=433491 239737 135030 193754 104707 116665 88640 94782 48313 56394 40248 28025 77089 71366 5723
is_linear=0
shrinkage=0.0142514


Tree=112
num_leaves=16
num_cat=0
split_feature=25 84 55 17 26 163 47 123 166 39 166 76 26 166 163
split_gain=4519.69 1333.65 906.486 771.515 667.412 590.461 428.331 319.315 266.19 242.843 226.046 200.274 156.057 132.235 53.5803
threshold=-0.39989079535007471 -1.0000000180025095e-35 1.6739769577980044 0.14285715669393542 0.27140039205551153 -0.0024142875336110588 0.31828097999095922 -2.4522225856781001 -0.6019114851951598 -0.038209278136491769 -0.18405760824680326 -0.076526235789060579 0.061115432530641563 -0.18405760824680326 0.067032594233751311
decision_type=10 2 10 8 10 8 10 8 10 10 8 8 10 8 8
left_child=1 4 6 5 12 -3 13 -8 -6 10 -4 -5 -1 -2 -11
right_child=2 3 9 11 8 -7 7 -9 -10 14 -12 -13 -14 -15 -16
leaf_value=-0.01017768866623827 0.0041551220302759179 0.0013004123752553721 0.013005831798387128 -0.0083071993482980739 0.0069858748410323926 -0.0033479371079108968 0.0083574986043989438 0.0020690340510694113 -0.0034870873284812269 0.011256100863276632 0.0051247641843773341 0.0044654317028982298 -0.0065098451899383144 -0.0051960856454271965 0.0080454696674721032
leaf_weight=4216.8793540745974 365.31187111139297 8337.5346347987652 801.17092043161392 260.65953235328197 516.59710513055325 16601.913556858897 1908.7801786884665 11645.766483768821 10728.390905171633 2297.5768876001239 9548.3001913577318 5713.3310035169125 5340.2787125259638 1927.2962734103203 1954.9017439186573
leaf_count=22186 1679 36461 6881 1100 2130 71145 10810 63612 44612 23753 68637 28300 24398 8840 19446
internal_value=-4.64214e-06 -0.0025694 0.00435141 -0.000692032 -0.0053593 -0.00179394 0.00199102 0.00295462 -0.00300592 0.00691307 0.00573492 0.00390806 -0.00812825 -0.00370596 0.00978028
internal_weight=82164.7 51715.6 30449.1 30913.4 20802.1 24939.4 15847.2 13554.5 11245 14601.9 10349.5 5973.99 9557.16 2292.61 4252.48
internal_count=433990 230332 203658 137006 93326 107606 84941 74422 46742 118717 75518 29400 46584 10519 43199
is_linear=0
shrinkage=0.0142514


Tree=113
num_leaves=16
num_cat=0
split_feature=32 82 55 69 166 166 47 40 26 123 25 98 167 164 40
split_gain=4560.78 1553.02 758.391 732.138 581.764 793.265 459.875 387.245 361.007 281.149 215.948 100.503 86.3416 83.9806 69.2601
threshold=-0.38169403374195093 -0.099658228456974016 2.0460489988327031 1.5539166927337649 -0.23414029926061627 0.079563446342945113 0.17888270318508151 0.090048816055059447 0.90944814682006847 0.61415779590606701 -0.048861842602491372 0.81003278493881237 -0.12885323166847226 -0.18739993870258329 0.61503553390502941
decision_type=10 2 10 2 8 8 10 10 8 8 10 8 2 10 10
left_child=1 7 4 6 12 -6 -3 13 -5 -9 11 -4 -2 -1 -12
right_child=2 3 10 8 5 -7 -8 9 -10 -11 14 -13 -14 -15 -16
leaf_value=-0.002983892681155001 0.0044095919835864025 -0.0048944396087988251 0.0068051030986094061 -0.00035591251895171423 -0.0022732232375914084 0.0043667538240098926 -0.00039826318032892816 -0.00052011093465871106 0.0051799565257121521 -0.0052163873907945663 0.0018234438737956108 0.0026252651691786402 0.014888617222968522 -0.010134359761486 0.010007393220536027
leaf_weight=369.88350287079811 195.50301675498486 6785.3125979751348 4405.7143666669726 4107.1482435464859 5523.256092980504 10799.077284112573 14480.212661325932 3112.8295291811228 5731.0501598715782 15388.496918216348 219.28182508796453 1590.1599770635366 873.39389088004827 3406.5208627432585 4991.8627702072263
leaf_count=2036 1257 29291 34266 18167 29289 62539 60741 13256 31365 65741 1530 11149 6015 18173 48969
internal_value=5.74447e-05 -0.00240292 0.00464995 -0.000345696 0.00278693 0.00211988 -0.00183289 -0.00527517 0.00286891 -0.00442625 0.007541 0.00569661 0.0129723 -0.00943406 0.00966304
internal_weight=81979.7 53381.5 28598.2 31103.7 17391.2 16322.3 21265.5 22277.7 9838.2 18501.3 11207 5995.87 1068.9 3776.4 5211.14
internal_count=433784 238770 195014 139564 99100 91828 90032 99206 49532 78997 95914 45415 7272 20209 50499
is_linear=0
shrinkage=0.0142514


Tree=114
num_leaves=16
num_cat=0
split_feature=55 84 123 26 81 31 166 166 168 113 26 165 168 166 49
split_gain=4404.08 1612.02 848.372 794.355 590.215 543.679 269.388 239.956 207.714 200.228 136.38 81.3171 79.7201 55.9869 43.3942
threshold=1.1831635832786562 -1.0000000180025095e-35 -3.0075011253356929 0.26069378852844244 1.0000000180025095e-35 0.43826059997081762 -0.6019114851951598 -0.23414029926061627 0.46400654315948492 -1.6229901909828184 0.091889824718236937 -0.057094687595963471 0.81660932302474987 -0.23414029926061627 0.71744790673255932
decision_type=10 2 8 10 2 10 10 8 8 10 10 10 8 8 8
left_child=1 3 9 10 -4 7 -5 11 -9 -3 -1 -2 13 -7 -14
right_child=5 2 4 6 -6 12 -8 8 -10 -11 -12 -13 14 -15 -16
leaf_value=-0.0097949971106606054 0.0028734694886172053 0.0043133087900649753 -0.0021984096863225441 0.0067530600728873055 0.0018936792668199343 0.014624625260023319 -0.0032051288238160638 -0.0012255585747329319 0.0041171183849011625 0.011751091588482209 -0.0063470107067972164 0.013931349648517243 0.012960050394363376 0.0073091303373647677 0.0090280347178030001
leaf_weight=4874.2915666699409 172.47018495202065 2468.3541797846556 21619.774529509246 574.71155422925949 10702.548195898533 223.30619756132364 13772.899782955647 1672.07429048419 12730.034310944378 1046.9212118685246 4464.4674755483866 623.38107700645924 1099.0645719692111 4387.0815921425819 1186.1737170815468
leaf_count=25628 1199 11402 93550 2401 52266 2217 58520 9858 80358 5157 20220 5101 12021 41404 11321
internal_value=-1.01094e-05 -0.002027 -0.000120314 -0.00491181 -0.000843439 0.00542373 -0.00280622 0.00391782 0.00349684 0.00652859 -0.00814671 0.0115354 0.00874269 0.00766364 0.0109194
internal_weight=81617.6 59524 35837.6 23686.4 32322.3 22093.6 14347.6 15198 14402.1 3515.28 9338.76 795.851 6895.63 4610.39 2285.24
internal_count=432623 269144 162375 106769 145816 163479 60921 96516 90216 16559 45848 6300 66963 43621 23342
is_linear=0
shrinkage=0.0142514


Tree=115
num_leaves=15
num_cat=0
split_feature=32 82 71 84 25 32 26 26 168 86 166 49 40 166
split_gain=4341.53 1638.59 696.669 587.597 432.223 421.434 411.892 303.911 261.504 275.856 196.771 195.801 174.671 103.515
threshold=-0.26644673943519587 -0.20495790988206861 1.4326146841049197 1.0000000180025095e-35 -0.120505653321743 -0.56780958175659169 1.0319387912750246 0.19587530195713046 0.81936311721801769 5.6784632205963144 -0.21425999701023099 0.70703125000000011 0.51436480879783641 -0.18405760824680326
decision_type=10 2 2 2 10 10 8 10 10 2 10 8 10 8
left_child=1 5 3 -3 8 7 -4 -1 9 -2 -7 -10 -6 -14
right_child=4 2 6 -5 12 10 -8 -9 11 -11 -12 -13 13 -15
leaf_value=-0.0080545437256814168 0.0015924584163362135 -0.0035961067390826787 0.00045736900371363634 0.00048682340158748738 -0.0034092170452742028 0.010612913689884618 0.0057206823715980001 -0.0042354685129799745 0.011200352415943424 0.0083501934452227776 -0.0015510135805499238 0.0034762075036391363 0.014099545375113811 0.0080406858930951002
leaf_weight=8418.0077325552702 7332.4604274109006 14098.915060982108 7856.2258005291224 14543.955614969134 258.33053661882877 300.23831145465374 4905.3560194447637 8511.0765425115824 1509.9216508790851 1473.3497262895107 2686.3778173625469 1193.4429709836841 618.45921213924885 7755.2416815906763
leaf_count=41580 43675 60867 36263 64083 1571 1332 28111 35353 11542 8918 11586 8427 6119 73266
internal_value=-1.9132e-05 -0.00190471 -0.00028899 -0.00152293 0.00572154 -0.00526377 0.00248052 -0.00613453 0.00391348 0.00272318 -0.000328015 0.00779056 0.0081322 0.00848827
internal_weight=81461.4 61320.2 41404.5 28642.9 20141.2 19915.7 12761.6 16929.1 11509.2 8805.81 2986.62 2703.36 8632.03 8373.7
internal_count=432693 279175 189324 124950 153518 89851 64374 76933 72562 52593 12918 19969 80956 79385
is_linear=0
shrinkage=0.0142514


Tree=116
num_leaves=15
num_cat=0
split_feature=55 40 168 166 49 31 101 166 166 39 168 147 156 49
split_gain=3916.3 1608.5 946.498 866.176 594.451 464.318 274.287 230.487 213.728 205.339 78.2823 64.8823 57.9829 46.131
threshold=1.3272249698638918 0.22259055078029635 0.82973304390907299 -0.23414029926061627 0.71744790673255932 0.44547219574451452 -0.42814397811889643 -0.67126095294952381 -0.23414029926061627 -0.16034115105867383 0.84910878539085399 0.032790202647447593 -0.011794980149716137 0.71223959326744091
decision_type=10 8 10 8 8 10 10 8 8 10 10 10 10 8
left_child=1 6 3 -3 -4 8 7 -1 11 -10 12 -2 -7 -12
right_child=5 2 4 -5 -6 10 -8 -9 9 -11 13 -13 -14 -15
leaf_value=0.0033252654598116506 0.014133197868493369 0.0050469714810306128 0.0091414511639148974 -0.0019845065847164736 -0.00071312044871571587 0.0088302167236844944 0.0048405794596269392 -0.0077156583996178764 0.0020206838521436791 0.0056154645531925973 0.013553705368160069 0.0037048847644201061 0.0054603046492750513 0.0085181838325570462
leaf_weight=399.62420128285885 529.21126738190651 3889.9459034502506 3011.0628931447864 41715.965842939913 2117.541179291904 3274.4886383265257 393.53766225278378 9815.559379786253 7402.8856983855367 5721.8783833086491 893.81393889337778 157.22278121858835 1518.2140100598335 630.70875571668148
leaf_count=1999 4490 18162 16109 184404 10478 31286 1667 47081 43462 41294 10050 1133 14738 6705
internal_value=2.57822e-06 -0.00178727 -0.000731987 -0.00138475 0.00507265 0.00545728 -0.00683393 -0.00728371 0.00399336 0.00358788 0.00865775 0.0117452 0.00776279 0.0114709
internal_weight=81471.7 61343.2 50734.5 45605.9 5128.6 20128.4 10608.7 10215.2 13811.2 13124.8 6317.23 686.434 4792.7 1524.52
internal_count=433058 279900 229153 202566 26587 153158 50747 49080 90379 84756 62779 5623 46024 16755
is_linear=0
shrinkage=0.0142514


Tree=117
num_leaves=16
num_cat=0
split_feature=32 17 32 101 26 166 166 24 166 166 76 57 166 169 163
split_gain=4117.24 1397.4 786.834 745.757 688.467 608.11 723.103 504.549 480.444 273.095 210.489 193.928 154.542 107.846 104.168
threshold=-0.40965826809406275 -0.024590055458247658 -0.13823728263378141 -0.4442197978496551 0.84071928262710582 -0.23414029926061627 0.079563446342945113 -0.47657172381877894 0.055031524971127517 -0.22678092867135999 -0.088798832148313508 2.8757292032241826 -0.23414029926061627 0.18846292048692706 0.30788715183734899
decision_type=10 8 10 10 8 8 8 10 10 8 8 10 8 10 8
left_child=1 3 5 7 9 13 -7 -1 -5 -3 -6 12 -4 -2 -13
right_child=2 4 11 8 10 6 -8 -9 -10 -11 -12 14 -14 -15 -16
leaf_value=-0.0092664172073437696 0.015022418173161587 0.0053074145616804893 0.014156610969453672 -0.0065122461994192556 -0.0090281376296333926 -0.0020377683908666235 0.0039506141222631708 -0.004309556146264863 0.0013278714616499975 -0.0025079707519972084 0.0042688917933799454 0.0092812143593190739 0.0026387100008131363 0.0038448689051011346 0.0054422686898408148
leaf_weight=5358.5618772804737 889.24803691357374 1010.7823625802994 264.90556665509939 2086.543053239584 249.32061931490898 6156.21519318223 12234.005490086973 18814.811381161213 6636.9125931710005 8933.9694992601871 7949.7150071114302 6397.2210658118129 2210.8007913008332 218.42764187604189 1851.3548528775573
leaf_count=27614 5859 4352 2405 8579 1047 31292 67414 81003 27570 37414 41278 62162 16428 1378 16892
internal_value=0.000100309 -0.00236812 0.0042691 -0.00411937 0.000807104 0.00256368 0.00194597 -0.00540837 -0.000547419 -0.00171359 0.00386449 0.0073697 0.00387145 0.0128186 0.00841963
internal_weight=81262.8 51040.6 30222.2 32896.8 18143.8 19497.9 18390.2 24173.4 8723.46 9944.75 8199.04 10724.3 2475.71 1107.68 8248.58
internal_count=432687 228857 203830 144766 84091 105943 98706 108617 36149 41766 42325 97887 18833 7237 79054
is_linear=0
shrinkage=0.0142514


Tree=118
num_leaves=15
num_cat=0
split_feature=32 84 69 26 163 32 163 166 160 26 123 26 64 163
split_gain=3924.07 1569.2 893.699 842.693 600.145 419.426 337.479 337.059 301.578 240.068 141.292 111.721 61.7421 47.177
threshold=-0.26644673943519587 -1.0000000180025095e-35 1.886232376098633 0.22370160371065143 0.020451154559850696 -0.048035157844424241 0.015666389837861065 -0.23414029926061627 -0.25357857346534723 0.85317987203598034 22.226032257080082 0.061115432530641563 0.68392902612686168 0.32844534516334539
decision_type=10 2 2 10 8 10 8 8 10 8 10 10 10 8
left_child=1 3 4 11 -3 6 10 -8 -5 -4 -2 -1 -7 -14
right_child=5 2 9 8 -6 12 7 -9 -10 -11 -12 -13 13 -15
leaf_value=-0.0099732104963852208 0.0069844192492248642 0.0016406270440736872 0.00061358292878212217 -0.0045508123211404862 -0.0025909442549994026 0.0024847254191613156 0.012823220870263214 0.0014809414292504043 -0.00064716987367448601 0.0061312823285146782 -0.0050519505625127963 -0.0066495142052336491 0.010076783327412407 0.0065612319241145165
leaf_weight=4111.7281758934259 6548.8892895951867 10669.142448715866 2309.1623462960124 8502.3677585944533 18805.836558759212 279.258814483881 573.1583039239049 7425.3855066299438 7623.6861291974783 5226.1811670735478 204.21923331171274 4105.8066710233688 3892.0548828020692 968.7195253521204
leaf_count=22109 45773 47313 10740 36612 81390 2399 4771 47971 32930 29487 1340 19319 41141 9825
internal_value=-4.56403e-06 -0.00178794 6.05128e-05 -0.00459818 -0.00105923 0.00549605 0.00427447 0.00229379 -0.00270535 0.00444043 0.00662039 -0.00831262 0.00900186 0.00937624
internal_weight=81245.6 61353.9 37010.3 24343.6 29475 19891.7 14751.7 7998.54 16126.1 7535.34 6753.11 8217.53 5140.03 4860.77
internal_count=433120 279900 168930 110970 128703 153220 99855 52742 69542 40227 47113 41428 53365 50966
is_linear=0
shrinkage=0.0142514


Tree=119
num_leaves=16
num_cat=0
split_feature=24 84 168 26 166 55 147 166 165 166 24 26 98 132 84
split_gain=3894 1410.73 839.718 709.165 640.466 535.278 436.507 276.61 241.183 290.505 189.781 146.581 139.14 83.9106 77.502
threshold=0.22500000894069674 -1.0000000180025095e-35 0.81936311721801769 0.29308120906353002 -0.23414029926061627 2.0460489988327031 -0.22374960780143735 -0.6019114851951598 -0.074104819446802125 -0.18405760824680326 0.46363641321659094 0.061115432530641563 0.76486104726791393 -1.5863963365554807 -1.0000000180025095e-35
decision_type=10 2 10 10 8 10 8 10 8 8 10 10 8 10 2
left_child=1 3 4 11 -3 8 -4 -5 13 -10 12 -1 -7 -2 -12
right_child=5 2 6 7 -6 10 -8 -9 9 -11 14 -13 -14 -15 -16
leaf_value=-0.0096187339405625766 -0.0058631227696238058 0.0063029531653477086 0.0099960578432850417 0.0075659795821591087 -0.0016320008034479323 0.0068155289164819116 0.0013731508314926764 -0.0029062800737187475 0.012326149094920106 0.0027274642254372259 0.0033602498489707765 -0.0061285917687512303 0.0024609401426473124 0.0023312307151970788 0.0094314376485231093
leaf_weight=4082.5647257566452 834.83380562067032 2229.2302787974477 2220.3075574934483 535.27416372299194 28201.105882935226 4476.7658584788442 2575.3203749135137 11895.8567609936 688.13120009750128 9222.4332981482148 466.10422983765602 6091.1315108537674 2234.1238250285387 364.62862169742584 5108.3512857109308
leaf_count=22062 4614 10416 12590 2222 124102 36109 12395 50085 4944 55089 3567 27914 15295 2086 50132
internal_value=2.4419e-05 -0.00196028 -0.000177197 -0.00473891 -0.0010507 0.00493037 0.00536551 -0.00245532 0.00266351 0.00339401 0.00698033 -0.00752919 0.00536588 -0.0033721 0.00892384
internal_weight=81226.2 57830.8 35226 22604.8 30430.3 23395.4 4795.63 12431.1 11110 9910.56 12285.3 10173.7 6710.89 1199.46 5574.46
internal_count=433622 261786 159503 102283 134518 171836 24985 52307 66733 60033 105103 49976 51404 6700 53699
is_linear=0
shrinkage=0.0142514


Tree=120
num_leaves=16
num_cat=0
split_feature=32 82 69 39 166 163 26 150 81 123 167 31 161 106 121
split_gain=3821.6 1350.08 668.976 539.513 564.766 472.578 428.036 400.284 356.894 252.62 221.646 192.717 155.377 67.8138 60.999
threshold=-0.32608391344547266 -0.20495790988206861 1.5539166927337649 -0.11700148507952689 -0.23414029926061627 -0.0024142875336110588 1.045346260070801 -0.0231708250939846 1.0000000180025095e-35 11.594863414764406 -0.020831318572163578 -0.48696404695510859 0.010362801142036917 0.20682272315025332 0.71892303228378307
decision_type=10 2 2 10 8 8 8 8 2 8 2 10 8 10 10
left_child=1 8 5 4 14 -3 -4 -6 11 -10 13 -1 -12 -5 -2
right_child=3 2 6 10 7 -7 -8 -9 9 -11 12 -13 -14 -15 -16
leaf_value=-0.0094824667132787175 0.015035022827617549 0.001264628090980421 0.00010408582664765188 0.0042736299564854622 0.0045568530724728546 -0.0028986119335070691 0.0057114339913307017 -0.00035343361524636314 0.0026394442459445576 -0.0041862929476726291 0.009872053254014565 -0.0053265507236707442 0.0061175210879514715 -0.0065199957671626058 0.007002586548770927
leaf_weight=2798.125300064683 804.73309072852135 7927.0384733974934 6462.7360602989793 205.28930023312569 7347.3760385513306 18371.833529368043 4832.2390493303537 6231.7326201573014 1774.0261076688766 2903.6664640754461 4399.5030118450522 11924.252557232976 4559.0240431204438 278.59444404393435 252.40187036246061
leaf_count=15562 6508 34144 29611 1668 44981 78340 27501 35910 7490 12200 40924 52700 41484 2290 2014
internal_value=3.76433e-05 -0.00197352 -0.000397834 0.00479803 0.00308456 -0.00164372 0.00250305 0.00230343 -0.00502689 -0.00159762 0.00745396 -0.00611646 0.00796141 -0.0019408 0.0131177
internal_weight=81072.6 56993.9 37593.8 24078.7 14636.2 26298.9 11295 13579.1 19400.1 4677.69 9442.41 14722.4 8958.53 483.884 1057.13
internal_count=433327 257548 169596 175779 89413 112484 57112 80891 87952 19690 86366 68262 82408 3958 8522
is_linear=0
shrinkage=0.0142514


Tree=121
num_leaves=16
num_cat=0
split_feature=70 32 55 69 166 166 166 32 166 168 166 32 151 166 168
split_gain=3674.86 1360.93 741.724 740.242 637.75 762.44 495.849 432.163 264.285 489.235 272.392 186.261 122.21 111.315 60.5074
threshold=2.2332041263580327 -0.52335181832313526 1.8243174552917483 -1.9329032301902769 -0.23414029926061627 0.075707260519266142 -0.6019114851951598 -0.79263851046562184 -0.23414029926061627 0.078167255967855467 0.081788700073957457 -0.050873389467597001 -0.073235001415014253 -0.18405760824680326 0.81660932302474987
decision_type=2 10 10 2 8 10 8 10 8 10 8 10 10 8 10
left_child=1 3 8 7 12 -6 -5 -1 9 -2 -10 13 -3 -4 -13
right_child=2 4 11 6 5 -7 -8 -9 10 -11 -12 14 -14 -15 -16
leaf_value=-0.0068919624687777811 -0.0066785686070244656 0.015649188219256111 0.01241832114162106 0.010594840011602415 -0.0039889176801258678 0.0026004268618081217 -0.0018937886656715543 -0.0025310476229086715 -0.00097320486216135064 0.015032583116587088 0.0032348915020650993 0.0078731285369610018 0.0039988705641720735 0.0050364377883995925 0.011273291009517296
leaf_weight=13949.264009803534 293.2881621196866 691.90368862450123 438.56718668341637 674.36768265068531 5230.7616060674191 11208.853274337947 15165.352039292455 6897.7633226960897 5397.1877977252007 749.17965666949749 7418.2945016920567 3351.1889133602381 248.62937713414431 7678.8331652358174 1557.5883425325155
leaf_count=66874 1537 3714 3880 2835 23759 55420 63161 28503 27849 5144 41569 34339 1319 55665 17924
internal_value=1.29565e-05 -0.00212821 0.00431907 -0.00368447 0.00115682 0.000503821 -0.00136205 -0.00544906 0.00202401 0.00892433 0.00146267 0.00676065 0.0125699 0.00543535 0.00895214
internal_weight=80951 54066.9 26884.1 36686.7 17380.1 16439.6 15839.7 20847 13858 1042.47 12815.5 13026.2 940.533 8117.4 4908.78
internal_count=433492 245585 187907 161373 84212 79179 65996 95377 76099 6681 69418 111808 5033 59545 52263
is_linear=0
shrinkage=0.0142514


Tree=122
num_leaves=16
num_cat=0
split_feature=32 84 17 26 123 168 76 166 26 160 48 102 26 86 102
split_gain=3726.43 1385.64 821.397 697.058 578.126 520.662 427.133 373.796 289.075 286.351 205.878 169.514 127.046 97.2979 44.7654
threshold=-0.29354628920555109 -1.0000000180025095e-35 0.15520402789115909 0.26069378852844244 -2.3046351671218868 0.81660932302474987 0.10355177894234659 -0.23414029926061627 0.76342207193374645 -0.55489858984947193 0.75390625000000011 0.54574194550514232 0.086094222962856307 5.6577370166778573 0.78975883126258861
decision_type=10 2 8 10 8 10 10 8 8 10 10 10 10 2 8
left_child=1 3 4 12 -3 6 7 -2 -4 -5 11 -7 -1 -8 -12
right_child=5 2 8 9 -6 10 13 -9 -10 -11 14 -13 -14 -15 -16
leaf_value=-0.0092403907050306773 0.012659043734392071 0.0048388437864407378 -0.00048928217673123865 -0.0050816969057502822 -0.0020439528861553157 -0.0033443289427398087 0.005734126715482046 0.001073339212154342 0.0052852116880510508 -0.0010186321435286341 0.0076416689306735243 0.0076996012091797633 -0.005889833844785061 0.010290905342425478 0.013323221748366979
leaf_weight=4657.9660547673702 604.07439286261797 2768.3101495206356 2428.9801657870412 5752.8761828318238 23681.978735856712 310.54458448290825 5527.779936760664 8867.4349531754851 6400.1806874498725 9088.7297266498208 336.86176680773497 3097.8521560132504 4538.6681375950575 1149.7577602639794 1727.6287164464593
leaf_count=25277 4693 12151 10922 24541 102277 2359 48099 52144 34619 39255 2771 27527 20886 10310 16237
internal_value=-1.89745e-05 -0.00186518 -6.72099e-05 -0.00450394 -0.00132358 0.0050459 0.00375845 0.00181233 0.0036966 -0.00259356 0.00884476 0.00669333 -0.00758689 0.00651881 0.0123964
internal_weight=80939.6 59317.7 35279.4 24038.2 26450.3 21621.9 16149 9471.51 8829.16 14841.6 5472.89 3408.4 9196.63 6677.54 2064.49
internal_count=434068 269928 159969 109959 114428 164140 115246 56837 45541 63796 48894 29886 46163 58409 19008
is_linear=0
shrinkage=0.0142514


Tree=123
num_leaves=16
num_cat=0
split_feature=32 81 39 69 168 123 24 26 168 166 166 68 39 166 163
split_gain=3598.27 1331.61 690.647 546.211 508.196 481.796 458.307 426.595 366.885 362.927 309.08 184.189 214.788 95.6121 66.8316
threshold=-0.30558148026466364 -1.0000000180025095e-35 -0.60368308424949635 2.1448143720626835 0.81660932302474987 13.093149662017824 0.39212560653686529 1.045346260070801 0.82973304390907299 -0.23414029926061627 -0.73181936144828785 30.369603157043461 -0.34680281579494471 -0.23414029926061627 -0.18767122924327848
decision_type=10 2 10 2 10 8 10 8 10 8 10 8 10 8 10
left_child=1 2 10 5 6 -3 9 -5 -4 -2 -1 12 -6 -8 -13
right_child=4 3 8 7 11 -7 13 -9 -10 -11 -12 14 -14 -15 -16
leaf_value=0.0089495718948465648 0.012324583823511594 0.0025959290493572295 -0.0024197751529271981 0.00027124099438030315 -0.00051971278914311541 -0.0022155734841655607 0.014048550559540119 0.0068342385071973877 0.0046005750497864657 0.0011641408920136172 -0.0060753769902329247 -0.0029973113895433992 0.010869744298646152 0.0062706886935977773 0.0053309198206869289
leaf_weight=282.63260032236576 628.99399317800999 5787.6128760054708 9606.9972296655178 4174.3513151407242 366.80419132858515 15673.811756506562 339.51148451864719 3882.3321779593825 1794.2490458637476 9993.1735976338387 17062.578675024211 247.4509846419096 4042.5877932831645 5885.4760458394885 935.14026749879122
leaf_count=1423 4790 25458 40312 19628 2691 67846 3401 23086 7998 57200 78994 2072 37117 53593 7891
internal_value=1.11247e-05 -0.00185637 -0.00403959 0.000269774 0.00486018 -0.000918027 0.00362453 0.00343383 -0.00131494 0.00182507 -0.00583052 0.00858282 0.00992229 0.00669502 0.00358822
internal_weight=80703.7 58264.6 28746.5 29518.1 22439.1 21461.4 16847.2 8056.68 11401.2 10622.2 17345.2 5591.98 4409.39 6224.99 1182.59
internal_count=433500 264745 128727 136018 168755 93304 118984 42714 48310 61990 80417 49771 39808 56994 9963
is_linear=0
shrinkage=0.0142514


Tree=124
num_leaves=16
num_cat=0
split_feature=32 70 84 81 168 86 166 53 1 49 26 112 85 156 147
split_gain=3378.6 1344.34 749.678 475.98 431.098 357.596 424.157 349.08 301.406 245.438 238.539 226.6 208.304 144.108 74.2969
threshold=-0.27026104927062983 -2.909055113792419 1.0000000180025095e-35 -1.0000000180025095e-35 0.82973304390907299 5.6886675357818612 -0.23414029926061627 1.207184433937073 0.76526501774787914 0.72265625000000011 0.086094222962856307 0.47687214612960821 0.45997272431850439 0.089792493730783476 -0.17148622125387189
decision_type=10 2 2 2 10 2 8 10 10 8 10 8 2 10 10
left_child=1 2 10 12 5 6 -2 -5 -4 14 -1 -11 -3 -7 -6
right_child=4 3 8 7 9 13 -8 -9 -10 11 -12 -13 -14 -15 -16
leaf_value=-0.0087585798806228236 0.012997928064420267 -0.0033631754730453498 -0.0017226975162043486 0.00032484015149117075 0.012710171298748858 0.0098934243161287183 0.002311261502913802 0.0048636944853213517 0.011491514617441825 -0.010967139688280081 -0.0048987548901207531 0.0064906058239196703 0.00047812551060970223 -0.0018034196461232999 0.0065565471531555345
leaf_weight=5943.7308587133884 805.69600642472506 9751.6042952463031 7660.8615460693836 21712.346625842154 2285.2613934502006 2337.1684507206082 11819.845121175051 4089.7106559053063 367.33490169048309 166.27698742598295 7181.2851650416851 1639.3115670755506 4061.2976411134005 235.46309434622526 482.9090533554554
leaf_count=31415 7172 40881 32574 97825 22230 17843 85526 23905 1603 1477 32136 14625 18000 1663 4356
internal_value=1.73273e-05 -0.00164765 -0.00454844 -9.87067e-05 0.00513454 0.0039801 0.00299329 0.00104427 -0.00111799 0.00897056 -0.00664673 0.00488262 -0.00223375 0.00882284 0.0116368
internal_weight=80540.1 60768.2 21153.2 39615 19771.9 15198.2 12625.5 25802.1 8028.2 4573.76 13125 1805.59 13812.9 2572.63 2768.17
internal_count=433231 278339 97728 180611 154892 112204 92698 121730 34177 42688 63551 16102 58881 19506 26586
is_linear=0
shrinkage=0.0142514


Tree=125
num_leaves=15
num_cat=0
split_feature=32 40 69 168 166 150 163 26 48 166 101 98 147 38
split_gain=3373.88 1153.99 693.302 632.603 584.596 698.898 441.403 438.16 229.75 172.998 166.435 152.594 119.77 65.6817
threshold=-0.35966144502162928 0.19333346933126452 2.4711929559707646 0.82973304390907299 -0.23414029926061627 -0.0231708250939846 0.020451154559850696 1.0679662823677065 0.72786459326744091 -0.67126095294952381 -0.42814397811889643 0.068439640104770674 0.078215166926383986 0.13779536634683612
decision_type=10 8 2 10 8 8 8 8 10 8 10 10 10 10
left_child=1 9 6 4 12 -6 -3 -4 11 -1 -11 -5 -2 -10
right_child=3 2 7 8 5 -7 -8 -9 13 10 -12 -13 -14 -15
leaf_value=0.0028748893502660105 0.014672481119366771 0.00021843535933686563 -0.00012514449452566507 -0.0027089884635040349 0.0048705642147652004 -0.00056335486603750285 -0.0030161879516955076 0.0070503135120748035 0.0038247223486323214 -0.0075664052643602681 0.0040238251583560323 0.0070734681744129106 0.001444529369088011 0.012579604230153162
leaf_weight=359.98064622282982 996.72333563864231 12902.537390969694 4064.7708165571094 365.02883073687553 10595.818896301091 8799.7784227877855 25508.560420624912 3007.0511615425348 189.72711203247309 8223.5585883259773 259.54760025441647 2869.6551381573081 161.56777703016996 2114.081819228828
leaf_count=1863 8214 55118 18943 2703 74410 55326 109299 18099 1330 41155 1096 24978 1152 19446
internal_value=-6.75421e-05 -0.00209055 -0.00117468 0.00414449 0.00299257 0.0024052 -0.00192966 0.00292601 0.0084193 -0.00680115 -0.00721177 0.0059695 0.0128275 0.0118587
internal_weight=80418.4 54326 45482.9 26092.4 20553.9 19395.6 38411.1 7071.82 5538.49 8843.09 8483.11 3234.68 1158.29 2303.81
internal_count=433132 245573 201459 187559 139102 129736 164417 37042 48457 44114 42251 27681 9366 20776
is_linear=0
shrinkage=0.0142514


Tree=126
num_leaves=16
num_cat=0
split_feature=24 84 168 26 166 49 31 40 166 165 85 167 151 167 166
split_gain=3225.3 1296.72 751.088 634.622 554.529 519.253 483.417 300.506 297.422 273.114 102.239 102.219 76.0151 69.7749 60.9969
threshold=0.24018301069736483 -1.0000000180025095e-35 0.82134035229682933 0.20162425190210345 -0.23414029926061627 0.72786459326744091 0.44062146544456487 0.5317772924900056 -0.64582899212837208 -0.074104819446802125 0.16569944471120837 0.065988376736640944 0.12491806596517564 -0.01109946286305785 -0.18405760824680326
decision_type=10 2 10 10 8 8 10 8 10 8 2 2 10 2 8
left_child=1 3 4 10 -3 -4 7 11 -5 -9 -1 -2 14 -14 -8
right_child=6 2 5 8 -6 -7 12 9 -10 -11 -12 -13 13 -15 -16
leaf_value=-0.0081475575490650501 0.00015093436594279503 0.0059515009235648186 0.0092561468786913782 0.0098071726728535223 -0.0013998606361297142 -0.00028238023881033158 0.014671152200101742 -0.0030814073544652315 -0.0030642962486559853 0.0046596263906369378 0.00068649882808679251 -0.0070435008233686609 -0.004910654612790083 0.0060930039471425021 0.0084057355679195631
leaf_weight=7197.3560742214322 1508.8776988908648 2245.4518380910158 2734.8215615078807 373.77285079658031 28982.466077916324 2011.8015749007463 339.29056096076965 999.5296578258276 14793.732105411589 12523.604434624314 276.28666912019253 546.27289959788322 128.61638395488262 1296.1542436629534 4531.6593492180109
leaf_count=37800 7585 10687 15235 1567 128368 10087 3876 6012 62838 84051 1193 2814 1264 13043 47406
internal_value=-7.29078e-06 -0.00175002 -6.84093e-05 -0.00442194 -0.000871249 0.0052134 0.0046627 0.00331583 -0.00274707 0.00408746 -0.00782098 -0.00176154 0.00799536 0.00509952 0.00884233
internal_weight=80489.7 58615.7 35974.5 22641.1 31227.9 4746.62 21874 15578.3 15167.5 13523.1 7473.64 2055.15 6295.72 1424.77 4870.95
internal_count=433826 267775 164377 103398 139055 25322 166051 100462 64405 90063 38993 10399 65589 14307 51282
is_linear=0
shrinkage=0.0142514


Tree=127
num_leaves=16
num_cat=0
split_feature=32 17 168 166 166 26 32 49 24 166 112 166 151 102 10
split_gain=3284.3 1228.35 793.106 804.352 891.012 671.739 588.72 317.433 296.856 290.298 247.005 241.212 209.613 208.479 172.956
threshold=-0.43819987773895258 -0.14481300115585324 0.81936311721801769 -0.23414029926061627 0.075707260519266142 0.76918843388557445 -0.68512877821922291 0.72265625000000011 -0.47657172381877894 -0.23414029926061627 0.47687214612960821 -0.23414029926061627 0.01723118964582682 0.56306618452072155 0.11678848788142206
decision_type=10 8 10 8 8 8 10 8 10 8 8 8 10 8 8
left_child=1 6 3 12 -5 11 8 13 -1 -8 -9 -3 -2 -4 -7
right_child=2 5 7 4 -6 14 9 10 -10 -11 -12 -13 -14 -15 -16
leaf_value=-0.0085067118653269214 0.014725512429620658 0.0041178801743055205 -0.0012082542587331438 -0.001901517344963356 0.0038745425687805499 0.000176734267858599 0.010418152283184915 -0.0097605897831089163 -0.0045932761425483675 -0.0017700936401329314 0.0054892642811408716 -0.0027364897577070585 -0.0020528459588427489 0.011366128040386189 0.0042174933401422756
leaf_weight=5589.0061232447624 1264.2745094448328 1152.066453769803 288.74011938273907 8631.6691002175212 14597.136444091797 3168.5249220952392 418.9251559227705 234.60805810987949 13318.573197200894 7529.7492162436247 2672.5687696710229 10984.933320209384 171.76108986884356 3690.3365657776594 6702.2981846630573
leaf_count=29404 9659 4851 1827 51436 94184 14396 1726 1824 59065 30892 20957 45393 1202 32242 35203
internal_value=-2.22205e-05 -0.00233654 0.00356203 0.00236811 0.0017282 0.00015954 -0.00438199 0.00783828 -0.0057501 -0.00112766 0.00425844 -0.00208584 0.0127187 0.0104537 0.00292042
internal_weight=80415.2 48864.1 31551.1 24664.8 23228.8 22007.8 26856.3 6886.25 18907.6 7948.67 2907.18 12137 1436.04 3979.08 9870.82
internal_count=434261 220930 213331 156481 145620 99843 121087 56850 88469 32618 22781 50244 10861 34069 49599
is_linear=0
shrinkage=0.0142514


Tree=128
num_leaves=16
num_cat=0
split_feature=32 81 39 70 166 32 166 166 166 166 156 168 121 40 49
split_gain=3165.5 1345.56 762.01 443.107 392.895 386.548 322.518 303.876 297.845 284.133 346.55 62.7517 45.1616 44.6642 43.7274
threshold=-0.26644673943519587 -1.0000000180025095e-35 -0.58554223179817189 -1.4443451166152952 0.073279991745948805 -0.053792845457792275 -0.23414029926061627 -0.6019114851951598 -0.18405760824680326 -0.23414029926061627 0.014930669683963062 0.81660932302474987 0.79943436384201061 0.63297688961029064 0.71744790673255932
decision_type=10 2 10 2 10 10 8 8 10 8 10 10 10 10 8
left_child=1 2 8 7 -4 9 -5 -3 -1 12 -11 13 -2 -7 -13
right_child=5 3 4 6 -6 11 -8 -9 -10 10 -12 14 -14 -15 -16
leaf_value=-0.0018457947762149575 0.01427160035264753 0.0088749794594632711 -0.0044562951699790949 0.0088637593213468039 0.0010800421720446151 -7.775444152744056e-05 0.0012939907770608632 -0.0022581215864756286 -0.0065004505945734509 0.0048707180317597767 -0.00014307882723121535 0.012820216938342847 0.0059426087374170045 0.0077044177214440276 0.0080453840522116005
leaf_weight=3462.5661868602037 580.45420178771019 521.51403845846653 4032.2012541517615 1216.7201411873102 7347.1377837210894 156.70672023296356 18894.303494542837 10993.047102183104 14421.04802313447 9350.8672648966312 3996.6632618382573 906.73384992033243 171.37731693685055 3391.6967479139566 683.76396458595991
leaf_count=16432 5211 2176 17032 6674 31711 1228 91653 47333 67023 65204 25161 11227 1524 35842 7947
internal_value=2.9885e-05 -0.00156235 -0.00376477 0.000475549 -0.000881739 0.00506924 0.00175199 -0.00175384 -0.00559924 0.00384963 0.00336944 0.00841536 0.0123736 0.00736074 0.0107679
internal_weight=80126.8 60888.5 29263 31625.6 11379.3 19238.3 20111 11514.6 17883.6 14099.4 13347.5 5138.9 751.832 3548.4 1590.5
internal_count=433378 280034 132198 147836 48743 153344 98327 49509 83455 97100 90365 56244 6735 37070 19174
is_linear=0
shrinkage=0.0142514


Tree=129
num_leaves=15
num_cat=0
split_feature=25 40 55 168 166 68 123 102 32 166 167 1 60 84
split_gain=3112.55 1103.72 667.155 576.358 504.795 427.915 346.105 313.687 161.878 156.079 175.244 97.8414 86.7709 51.9643
threshold=-0.36431393027305597 0.19333346933126452 2.0734221935272221 0.80889067053794872 -0.23414029926061627 12.020651340484621 -1.9815090298652647 0.44057114422321325 -0.048035157844424241 -0.67126095294952381 -0.3015280812978744 0.023114176467061046 0.66081756353378307 1.0000000180025095e-35
decision_type=10 8 10 8 10 8 8 8 10 8 2 10 10 2
left_child=1 9 6 4 -3 -5 11 -8 12 -1 -11 -2 -4 -10
right_child=2 3 8 5 -6 -7 7 -9 13 10 -12 -13 -14 -15
leaf_value=0.002461685389319217 0.0028651773814610888 0.003170856030830498 0.0060936855117638775 0.0073722359233593278 -0.0024255919775692373 0.00019914689794022389 -0.0033178518078737355 0.0023011923054280679 0.004996602381355136 -0.014803642848404937 -0.0065265978288812703 0.0092937146639161042 0.001746243048825816 0.0094694776803892593
leaf_weight=363.01905086636543 692.22764424234629 3634.4183321744204 4769.5945149362087 2406.4134836569428 32955.737211689353 5666.5160782635212 2437.1939456313848 11726.266224861145 612.78792944550514 557.19069361686707 7684.2983489483595 1575.2347733601928 1159.1042451262474 3801.2732745036483
leaf_count=1889 4092 16001 37240 11547 143056 27374 11733 70773 6344 2877 38701 9782 8936 43046
internal_value=-1.72653e-05 -0.00200969 0.00394676 -0.00110927 -0.00186971 0.00233737 0.00216189 0.00133428 0.00678226 -0.00668346 -0.00708629 0.00733129 0.00524375 0.0088486
internal_weight=80041.3 53267.6 26773.7 44663.1 36590.2 8072.93 16430.9 14163.5 10342.8 8604.51 8241.49 2267.46 5928.7 4414.06
internal_count=433391 241445 191946 197978 159057 38921 96380 82506 95566 43467 41578 13874 46176 49390
is_linear=0
shrinkage=0.0142514


end of trees

feature_importances:
dd_96=271
mkt_mom_252=206
mkt_breadth_200=198
ru_48=102
st_24_4.0=100
ema_dist_50=96
don_pos_48=77
ru_192=74
dd_192=72
dd_48=56
dc_2.0=53
h4_dd_96=50
don_pos_96=47
ru_24=44
st_10_3.0=39
ema_dist_100=37
don_pos_24=33
h24_atr_roc_14=33
ru_96=27
since_lo_384=27
dc_1.0=27
dc_ov_1.0=26
h24_tstat_96=20
atrp_z_56=18
ru_384=16
tstat_384=14
mkt_mom_63=13
st_48_3.0=11
rsi_14=11
rsi_56=11
h4_ru_96=10
atrp_z_14=10
h4_atrp_z_14=10
don_pos_12=8
mkt_ema_dist_200=8
dc_ov_2.0=7
h24_ru_96=6
since_hi_384=5
dc_age_2.0=5
h4_ema_slope_50=5
rel_mom_63=5
rel_mom_252=5
h24_mom_24=4
h24_bb_bwz_20=4
dd_24=3
don_pos_192=3
don_pos_384=3
ema_x_20_100=3
h4_mom_384=3
h24_ema_dist_50=3
atr_roc_56=3
vol_level=2
h4_adx14=2
h24_bb_pctb_50=2
dd_384=1
ema_dist_10=1
ema_dist_20=1
ema_slope_200=1
ema_dist_400=1
dc_ov_4.0=1
h24_mom_96=1
h24_ema_dist_200=1
h24_ema_slope_50=1
h24_vol_ratio=1
bb_pctb_20=1
bb_bw_20=1
h24_bb_bwroc_20=1
mkt_mom_21=1

parameters:
[boosting: gbdt]
[objective: binary]
[metric: binary_logloss]
[tree_learner: serial]
[device_type: cpu]
[data_sample_strategy: bagging]
[data: ]
[valid: ]
[num_iterations: 130]
[learning_rate: 0.0142514]
[num_leaves: 23]
[num_threads: 4]
[seed: 0]
[deterministic: 0]
[force_col_wise: 0]
[force_row_wise: 0]
[histogram_pool_size: -1]
[max_depth: 4]
[min_data_in_leaf: 1281]
[min_sum_hessian_in_leaf: 0.001]
[bagging_fraction: 0.53567]
[pos_bagging_fraction: 1]
[neg_bagging_fraction: 1]
[bagging_freq: 1]
[bagging_seed: 7719]
[bagging_by_query: 0]
[feature_fraction: 0.797531]
[feature_fraction_bynode: 1]
[feature_fraction_seed: 2437]
[extra_trees: 0]
[extra_seed: 11797]
[early_stopping_round: 0]
[early_stopping_min_delta: 0]
[first_metric_only: 0]
[max_delta_step: 0]
[lambda_l1: 0]
[lambda_l2: 0.0584579]
[linear_lambda: 0]
[min_gain_to_split: 0]
[drop_rate: 0.1]
[max_drop: 50]
[skip_drop: 0.5]
[xgboost_dart_mode: 0]
[uniform_drop: 0]
[drop_seed: 21238]
[top_rate: 0.2]
[other_rate: 0.1]
[min_data_per_group: 100]
[max_cat_threshold: 32]
[cat_l2: 10]
[cat_smooth: 10]
[max_cat_to_onehot: 4]
[top_k: 20]
[monotone_constraints: ]
[monotone_constraints_method: basic]
[monotone_penalty: 0]
[feature_contri: ]
[forcedsplits_filename: ]
[refit_decay_rate: 0.9]
[cegb_tradeoff: 1]
[cegb_penalty_split: 0]
[cegb_penalty_feature_lazy: ]
[cegb_penalty_feature_coupled: ]
[path_smooth: 0]
[interaction_constraints: ]
[verbosity: -1]
[saved_feature_importance_type: 0]
[use_quantized_grad: 0]
[num_grad_quant_bins: 4]
[quant_train_renew_leaf: 0]
[stochastic_rounding: 1]
[linear_tree: 0]
[max_bin: 255]
[max_bin_by_feature: ]
[min_data_in_bin: 3]
[bin_construct_sample_cnt: 200000]
[data_random_seed: 38]
[is_enable_sparse: 1]
[enable_bundle: 1]
[use_missing: 1]
[zero_as_missing: 0]
[feature_pre_filter: 1]
[pre_partition: 0]
[two_round: 0]
[header: 0]
[label_column: ]
[weight_column: ]
[group_column: ]
[ignore_column: ]
[categorical_feature: ]
[forcedbins_filename: ]
[precise_float_parser: 0]
[parser_config_file: ]
[objective_seed: 8855]
[num_class: 1]
[is_unbalance: 0]
[scale_pos_weight: 1]
[sigmoid: 1]
[boost_from_average: 1]
[reg_sqrt: 0]
[alpha: 0.9]
[fair_c: 1]
[poisson_max_delta_step: 0.7]
[tweedie_variance_power: 1.5]
[lambdarank_truncation_level: 30]
[lambdarank_norm: 1]
[label_gain: ]
[lambdarank_position_bias_regularization: 0]
[eval_at: ]
[multi_error_top_k: 1]
[auc_mu_weights: ]
[num_machines: 1]
[local_listen_port: 12400]
[time_out: 120]
[machine_list_filename: ]
[machines: ]
[gpu_platform_id: -1]
[gpu_device_id: -1]
[gpu_device_id_list: ]
[gpu_use_dp: 0]
[num_gpu: 1]

end of parameters

pandas_categorical:[]
